OrderID,OrderDate,ProductID,ProductName,Category,Region,Channel,CustomerSegment,Quantity,DiscountPct,Revenue,Cost,GrossProfit,RevenueTarget
ORD-00001,2025-08-01,P02,Office Laptop 15,Computing,Marmara,Marketplace,Corporate,1,0.05,854.05,590,264.05,845.06
ORD-00002,2025-08-01,P04,27-inch Monitor,Displays,Aegean,Retail,Small Business,1,0.05,274.55,185,89.55,271.66
ORD-00003,2025-08-01,P12,Portable SSD 1TB,Storage,Marmara,Online,Small Business,4,0,596,336,260,560.24
ORD-00004,2025-08-01,P10,Ergonomic Chair,Office,Aegean,Retail,Consumer,2,0,998,630,368,938.12
ORD-00005,2025-08-01,P03,4K Monitor,Displays,Central Anatolia,Retail,Consumer,1,0,429,270,159,403.26
ORD-00006,2025-08-01,P10,Ergonomic Chair,Office,Aegean,Online,Corporate,4,0.1,1796.4,1260,536.4,1876.24
ORD-00007,2025-08-01,P07,USB-C Dock,Accessories,Marmara,Retail,Small Business,1,0.2,135.2,92,43.2,158.86
ORD-00008,2025-08-02,P04,27-inch Monitor,Displays,Marmara,Online,Consumer,3,0.1,780.3,555,225.3,814.98
ORD-00009,2025-08-02,P07,USB-C Dock,Accessories,Mediterranean,Marketplace,Corporate,2,0,338,184,154,317.72
ORD-00010,2025-08-02,P07,USB-C Dock,Accessories,Marmara,Online,Consumer,3,0,507,276,231,476.58
ORD-00011,2025-08-02,P07,USB-C Dock,Accessories,Mediterranean,Retail,Small Business,2,0.05,321.1,184,137.1,317.72
ORD-00012,2025-08-02,P11,Standing Desk,Office,Central Anatolia,Online,Small Business,2,0,1398,880,518,1314.12
ORD-00013,2025-08-02,P07,USB-C Dock,Accessories,Marmara,Marketplace,Corporate,1,0.1,152.1,92,60.1,158.86
ORD-00014,2025-08-02,P04,27-inch Monitor,Displays,Aegean,Retail,Consumer,2,0,578,370,208,543.32
ORD-00015,2025-08-02,P01,Laptop Pro 14,Computing,Mediterranean,Retail,Small Business,1,0.1,1169.1,820,349.1,1221.06
ORD-00016,2025-08-03,P04,27-inch Monitor,Displays,Mediterranean,Retail,Corporate,1,0,289,185,104,271.66
ORD-00017,2025-08-03,P11,Standing Desk,Office,Aegean,Online,Consumer,1,0.1,629.1,440,189.1,657.06
ORD-00018,2025-08-03,P03,4K Monitor,Displays,Aegean,Retail,Consumer,1,0,429,270,159,403.26
ORD-00019,2025-08-03,P05,Mechanical Keyboard,Accessories,Central Anatolia,Marketplace,Consumer,1,0.05,113.05,61,52.05,111.86
ORD-00020,2025-08-03,P11,Standing Desk,Office,Mediterranean,Retail,Small Business,1,0,699,440,259,657.06
ORD-00021,2025-08-03,P09,Portable Speaker,Audio,Aegean,Online,Small Business,1,0.05,113.05,63,50.05,111.86
ORD-00022,2025-08-03,P07,USB-C Dock,Accessories,Central Anatolia,Online,Small Business,2,0.05,321.1,184,137.1,317.72
ORD-00023,2025-08-03,P05,Mechanical Keyboard,Accessories,Central Anatolia,Retail,Corporate,2,0.15,202.3,122,80.3,223.72
ORD-00024,2025-08-03,P12,Portable SSD 1TB,Storage,Marmara,Retail,Corporate,1,0.15,126.65,84,42.65,140.06
ORD-00025,2025-08-04,P04,27-inch Monitor,Displays,Aegean,Online,Corporate,1,0.15,245.65,185,60.65,271.66
ORD-00026,2025-08-04,P12,Portable SSD 1TB,Storage,Aegean,Online,Corporate,1,0.05,141.55,84,57.55,140.06
ORD-00027,2025-08-04,P03,4K Monitor,Displays,Central Anatolia,Retail,Consumer,2,0.2,686.4,540,146.4,806.52
ORD-00028,2025-08-04,P03,4K Monitor,Displays,Central Anatolia,Retail,Small Business,2,0,858,540,318,806.52
ORD-00029,2025-08-04,P04,27-inch Monitor,Displays,Aegean,Marketplace,Consumer,4,0.05,1098.2,740,358.2,1086.64
ORD-00030,2025-08-04,P12,Portable SSD 1TB,Storage,Aegean,Retail,Consumer,2,0.05,283.1,168,115.1,280.12
ORD-00031,2025-08-04,P11,Standing Desk,Office,Mediterranean,Retail,Small Business,1,0.1,629.1,440,189.1,657.06
ORD-00032,2025-08-04,P05,Mechanical Keyboard,Accessories,Marmara,Online,Corporate,1,0,119,61,58,111.86
ORD-00033,2025-08-05,P08,Noise-Cancel Headphones,Audio,Aegean,Online,Corporate,1,0,249,133,116,234.06
ORD-00034,2025-08-05,P12,Portable SSD 1TB,Storage,Central Anatolia,Marketplace,Corporate,2,0,298,168,130,280.12
ORD-00035,2025-08-05,P11,Standing Desk,Office,Marmara,Retail,Corporate,1,0.05,664.05,440,224.05,657.06
ORD-00036,2025-08-05,P07,USB-C Dock,Accessories,Mediterranean,Online,Consumer,3,0,507,276,231,476.58
ORD-00037,2025-08-05,P12,Portable SSD 1TB,Storage,Aegean,Retail,Small Business,1,0.05,141.55,84,57.55,140.06
ORD-00038,2025-08-05,P06,Wireless Mouse,Accessories,Aegean,Online,Corporate,3,0.1,159.3,75,84.3,166.38
ORD-00039,2025-08-05,P05,Mechanical Keyboard,Accessories,Aegean,Marketplace,Corporate,1,0,119,61,58,111.86
ORD-00040,2025-08-05,P04,27-inch Monitor,Displays,Aegean,Marketplace,Small Business,2,0.05,549.1,370,179.1,543.32
ORD-00041,2025-08-06,P08,Noise-Cancel Headphones,Audio,Aegean,Marketplace,Corporate,4,0,996,532,464,936.24
ORD-00042,2025-08-06,P12,Portable SSD 1TB,Storage,Mediterranean,Marketplace,Consumer,2,0,298,168,130,280.12
ORD-00043,2025-08-06,P10,Ergonomic Chair,Office,Marmara,Online,Consumer,1,0,499,315,184,469.06
ORD-00044,2025-08-06,P05,Mechanical Keyboard,Accessories,Aegean,Retail,Small Business,1,0.1,107.1,61,46.1,111.86
ORD-00045,2025-08-06,P01,Laptop Pro 14,Computing,Aegean,Marketplace,Small Business,3,0.05,3702.15,2460,1242.15,3663.18
ORD-00046,2025-08-06,P09,Portable Speaker,Audio,Marmara,Online,Small Business,1,0,119,63,56,111.86
ORD-00047,2025-08-06,P08,Noise-Cancel Headphones,Audio,Mediterranean,Marketplace,Corporate,1,0,249,133,116,234.06
ORD-00048,2025-08-06,P12,Portable SSD 1TB,Storage,Mediterranean,Retail,Corporate,1,0.15,126.65,84,42.65,140.06
ORD-00049,2025-08-07,P09,Portable Speaker,Audio,Mediterranean,Online,Consumer,2,0.1,214.2,126,88.2,223.72
ORD-00050,2025-08-07,P06,Wireless Mouse,Accessories,Aegean,Retail,Corporate,1,0,59,25,34,55.46
ORD-00051,2025-08-07,P04,27-inch Monitor,Displays,Mediterranean,Retail,Consumer,2,0.05,549.1,370,179.1,543.32
ORD-00052,2025-08-07,P07,USB-C Dock,Accessories,Central Anatolia,Retail,Consumer,1,0.1,152.1,92,60.1,158.86
ORD-00053,2025-08-07,P05,Mechanical Keyboard,Accessories,Aegean,Marketplace,Corporate,2,0.05,226.1,122,104.1,223.72
ORD-00054,2025-08-07,P03,4K Monitor,Displays,Marmara,Online,Corporate,1,0,429,270,159,403.26
ORD-00055,2025-08-08,P01,Laptop Pro 14,Computing,Central Anatolia,Online,Consumer,1,0.1,1169.1,820,349.1,1221.06
ORD-00056,2025-08-08,P09,Portable Speaker,Audio,Marmara,Retail,Consumer,2,0.15,202.3,126,76.3,223.72
ORD-00057,2025-08-08,P04,27-inch Monitor,Displays,Aegean,Online,Consumer,1,0.1,260.1,185,75.1,271.66
ORD-00058,2025-08-08,P08,Noise-Cancel Headphones,Audio,Mediterranean,Marketplace,Small Business,2,0.1,448.2,266,182.2,468.12
ORD-00059,2025-08-08,P12,Portable SSD 1TB,Storage,Central Anatolia,Online,Consumer,3,0,447,252,195,420.18
ORD-00060,2025-08-08,P02,Office Laptop 15,Computing,Aegean,Online,Corporate,1,0,899,590,309,845.06
ORD-00061,2025-08-09,P12,Portable SSD 1TB,Storage,Mediterranean,Marketplace,Corporate,1,0.05,141.55,84,57.55,140.06
ORD-00062,2025-08-09,P08,Noise-Cancel Headphones,Audio,Marmara,Retail,Corporate,1,0.15,211.65,133,78.65,234.06
ORD-00063,2025-08-09,P11,Standing Desk,Office,Central Anatolia,Online,Small Business,2,0.15,1188.3,880,308.3,1314.12
ORD-00064,2025-08-09,P11,Standing Desk,Office,Aegean,Marketplace,Corporate,3,0,2097,1320,777,1971.18
ORD-00065,2025-08-09,P04,27-inch Monitor,Displays,Central Anatolia,Retail,Corporate,1,0,289,185,104,271.66
ORD-00066,2025-08-10,P04,27-inch Monitor,Displays,Aegean,Retail,Consumer,2,0,578,370,208,543.32
ORD-00067,2025-08-10,P01,Laptop Pro 14,Computing,Central Anatolia,Online,Consumer,1,0,1299,820,479,1221.06
ORD-00068,2025-08-10,P09,Portable Speaker,Audio,Mediterranean,Marketplace,Corporate,1,0.05,113.05,63,50.05,111.86
ORD-00069,2025-08-10,P06,Wireless Mouse,Accessories,Mediterranean,Retail,Corporate,1,0.1,53.1,25,28.1,55.46
ORD-00070,2025-08-10,P05,Mechanical Keyboard,Accessories,Mediterranean,Online,Corporate,1,0,119,61,58,111.86
ORD-00071,2025-08-10,P04,27-inch Monitor,Displays,Marmara,Marketplace,Consumer,1,0.05,274.55,185,89.55,271.66
ORD-00072,2025-08-10,P03,4K Monitor,Displays,Marmara,Retail,Corporate,2,0,858,540,318,806.52
ORD-00073,2025-08-10,P07,USB-C Dock,Accessories,Central Anatolia,Online,Corporate,1,0,169,92,77,158.86
ORD-00074,2025-08-11,P11,Standing Desk,Office,Central Anatolia,Retail,Corporate,1,0,699,440,259,657.06
ORD-00075,2025-08-11,P02,Office Laptop 15,Computing,Marmara,Online,Consumer,1,0,899,590,309,845.06
ORD-00076,2025-08-11,P01,Laptop Pro 14,Computing,Mediterranean,Retail,Small Business,1,0,1299,820,479,1221.06
ORD-00077,2025-08-11,P08,Noise-Cancel Headphones,Audio,Aegean,Online,Corporate,2,0,498,266,232,468.12
ORD-00078,2025-08-11,P09,Portable Speaker,Audio,Aegean,Retail,Consumer,1,0,119,63,56,111.86
ORD-00079,2025-08-11,P12,Portable SSD 1TB,Storage,Central Anatolia,Online,Small Business,2,0,298,168,130,280.12
ORD-00080,2025-08-11,P02,Office Laptop 15,Computing,Mediterranean,Marketplace,Consumer,1,0,899,590,309,845.06
ORD-00081,2025-08-12,P12,Portable SSD 1TB,Storage,Central Anatolia,Marketplace,Corporate,2,0.15,253.3,168,85.3,280.12
ORD-00082,2025-08-12,P06,Wireless Mouse,Accessories,Aegean,Marketplace,Consumer,2,0.05,112.1,50,62.1,110.92
ORD-00083,2025-08-12,P03,4K Monitor,Displays,Marmara,Marketplace,Corporate,1,0.1,386.1,270,116.1,403.26
ORD-00084,2025-08-12,P12,Portable SSD 1TB,Storage,Central Anatolia,Retail,Corporate,1,0.15,126.65,84,42.65,140.06
ORD-00085,2025-08-12,P05,Mechanical Keyboard,Accessories,Aegean,Retail,Corporate,1,0.05,113.05,61,52.05,111.86
ORD-00086,2025-08-12,P06,Wireless Mouse,Accessories,Central Anatolia,Marketplace,Consumer,2,0,118,50,68,110.92
ORD-00087,2025-08-12,P01,Laptop Pro 14,Computing,Aegean,Marketplace,Small Business,1,0,1299,820,479,1221.06
ORD-00088,2025-08-13,P11,Standing Desk,Office,Marmara,Online,Corporate,2,0.1,1258.2,880,378.2,1314.12
ORD-00089,2025-08-13,P12,Portable SSD 1TB,Storage,Central Anatolia,Online,Small Business,1,0.15,126.65,84,42.65,140.06
ORD-00090,2025-08-13,P09,Portable Speaker,Audio,Aegean,Retail,Consumer,1,0,119,63,56,111.86
ORD-00091,2025-08-13,P11,Standing Desk,Office,Mediterranean,Online,Small Business,1,0.1,629.1,440,189.1,657.06
ORD-00092,2025-08-13,P02,Office Laptop 15,Computing,Marmara,Online,Corporate,1,0,899,590,309,845.06
ORD-00093,2025-08-13,P08,Noise-Cancel Headphones,Audio,Mediterranean,Marketplace,Corporate,3,0.15,634.95,399,235.95,702.18
ORD-00094,2025-08-13,P10,Ergonomic Chair,Office,Marmara,Retail,Consumer,1,0.1,449.1,315,134.1,469.06
ORD-00095,2025-08-14,P01,Laptop Pro 14,Computing,Central Anatolia,Online,Corporate,1,0,1299,820,479,1221.06
ORD-00096,2025-08-14,P01,Laptop Pro 14,Computing,Marmara,Marketplace,Small Business,1,0.1,1169.1,820,349.1,1221.06
ORD-00097,2025-08-14,P03,4K Monitor,Displays,Marmara,Online,Small Business,1,0,429,270,159,403.26
ORD-00098,2025-08-14,P09,Portable Speaker,Audio,Marmara,Retail,Consumer,3,0,357,189,168,335.58
ORD-00099,2025-08-14,P06,Wireless Mouse,Accessories,Mediterranean,Marketplace,Consumer,1,0,59,25,34,55.46
ORD-00100,2025-08-14,P10,Ergonomic Chair,Office,Marmara,Retail,Small Business,1,0.05,474.05,315,159.05,469.06
ORD-00101,2025-08-14,P07,USB-C Dock,Accessories,Central Anatolia,Online,Consumer,2,0,338,184,154,317.72
ORD-00102,2025-08-14,P12,Portable SSD 1TB,Storage,Aegean,Retail,Consumer,1,0,149,84,65,140.06
ORD-00103,2025-08-15,P11,Standing Desk,Office,Central Anatolia,Marketplace,Corporate,2,0.15,1188.3,880,308.3,1314.12
ORD-00104,2025-08-15,P09,Portable Speaker,Audio,Mediterranean,Marketplace,Small Business,1,0,119,63,56,111.86
ORD-00105,2025-08-15,P09,Portable Speaker,Audio,Aegean,Retail,Small Business,2,0,238,126,112,223.72
ORD-00106,2025-08-15,P09,Portable Speaker,Audio,Marmara,Marketplace,Corporate,2,0.1,214.2,126,88.2,223.72
ORD-00107,2025-08-15,P06,Wireless Mouse,Accessories,Mediterranean,Retail,Corporate,3,0.1,159.3,75,84.3,166.38
ORD-00108,2025-08-15,P03,4K Monitor,Displays,Aegean,Marketplace,Small Business,2,0.05,815.1,540,275.1,806.52
ORD-00109,2025-08-16,P10,Ergonomic Chair,Office,Marmara,Retail,Small Business,2,0.05,948.1,630,318.1,938.12
ORD-00110,2025-08-16,P03,4K Monitor,Displays,Central Anatolia,Retail,Small Business,3,0,1287,810,477,1209.78
ORD-00111,2025-08-16,P10,Ergonomic Chair,Office,Central Anatolia,Retail,Consumer,3,0.15,1272.45,945,327.45,1407.18
ORD-00112,2025-08-16,P06,Wireless Mouse,Accessories,Mediterranean,Online,Small Business,2,0,118,50,68,110.92
ORD-00113,2025-08-16,P05,Mechanical Keyboard,Accessories,Mediterranean,Marketplace,Corporate,1,0.05,113.05,61,52.05,111.86
ORD-00114,2025-08-16,P09,Portable Speaker,Audio,Marmara,Marketplace,Small Business,2,0.05,226.1,126,100.1,223.72
ORD-00115,2025-08-17,P02,Office Laptop 15,Computing,Aegean,Retail,Corporate,1,0,899,590,309,845.06
ORD-00116,2025-08-17,P08,Noise-Cancel Headphones,Audio,Aegean,Retail,Consumer,1,0.05,236.55,133,103.55,234.06
ORD-00117,2025-08-17,P07,USB-C Dock,Accessories,Marmara,Marketplace,Small Business,1,0.15,143.65,92,51.65,158.86
ORD-00118,2025-08-17,P06,Wireless Mouse,Accessories,Aegean,Marketplace,Corporate,1,0.05,56.05,25,31.05,55.46
ORD-00119,2025-08-17,P06,Wireless Mouse,Accessories,Marmara,Online,Corporate,1,0.15,50.15,25,25.15,55.46
ORD-00120,2025-08-17,P01,Laptop Pro 14,Computing,Aegean,Retail,Small Business,1,0.05,1234.05,820,414.05,1221.06
ORD-00121,2025-08-17,P06,Wireless Mouse,Accessories,Central Anatolia,Marketplace,Consumer,1,0,59,25,34,55.46
ORD-00122,2025-08-17,P06,Wireless Mouse,Accessories,Marmara,Marketplace,Small Business,1,0,59,25,34,55.46
ORD-00123,2025-08-17,P08,Noise-Cancel Headphones,Audio,Central Anatolia,Marketplace,Small Business,1,0,249,133,116,234.06
ORD-00124,2025-08-18,P09,Portable Speaker,Audio,Central Anatolia,Retail,Small Business,3,0.05,339.15,189,150.15,335.58
ORD-00125,2025-08-18,P07,USB-C Dock,Accessories,Marmara,Retail,Consumer,2,0.1,304.2,184,120.2,317.72
ORD-00126,2025-08-18,P11,Standing Desk,Office,Marmara,Online,Small Business,3,0,2097,1320,777,1971.18
ORD-00127,2025-08-18,P12,Portable SSD 1TB,Storage,Marmara,Marketplace,Consumer,2,0.1,268.2,168,100.2,280.12
ORD-00128,2025-08-18,P08,Noise-Cancel Headphones,Audio,Aegean,Retail,Corporate,1,0,249,133,116,234.06
ORD-00129,2025-08-18,P01,Laptop Pro 14,Computing,Aegean,Online,Corporate,1,0.15,1104.15,820,284.15,1221.06
ORD-00130,2025-08-19,P06,Wireless Mouse,Accessories,Central Anatolia,Marketplace,Consumer,1,0.1,53.1,25,28.1,55.46
ORD-00131,2025-08-19,P10,Ergonomic Chair,Office,Marmara,Retail,Corporate,1,0.1,449.1,315,134.1,469.06
ORD-00132,2025-08-19,P08,Noise-Cancel Headphones,Audio,Mediterranean,Online,Corporate,2,0.05,473.1,266,207.1,468.12
ORD-00133,2025-08-19,P10,Ergonomic Chair,Office,Central Anatolia,Marketplace,Consumer,1,0.1,449.1,315,134.1,469.06
ORD-00134,2025-08-19,P01,Laptop Pro 14,Computing,Aegean,Retail,Corporate,1,0,1299,820,479,1221.06
ORD-00135,2025-08-19,P07,USB-C Dock,Accessories,Aegean,Marketplace,Corporate,1,0.1,152.1,92,60.1,158.86
ORD-00136,2025-08-19,P06,Wireless Mouse,Accessories,Marmara,Retail,Small Business,2,0.05,112.1,50,62.1,110.92
ORD-00137,2025-08-19,P12,Portable SSD 1TB,Storage,Mediterranean,Retail,Small Business,2,0.05,283.1,168,115.1,280.12
ORD-00138,2025-08-19,P04,27-inch Monitor,Displays,Marmara,Retail,Consumer,1,0,289,185,104,271.66
ORD-00139,2025-08-19,P01,Laptop Pro 14,Computing,Marmara,Online,Corporate,1,0,1299,820,479,1221.06
ORD-00140,2025-08-20,P07,USB-C Dock,Accessories,Mediterranean,Marketplace,Corporate,1,0,169,92,77,158.86
ORD-00141,2025-08-20,P10,Ergonomic Chair,Office,Marmara,Online,Corporate,1,0.15,424.15,315,109.15,469.06
ORD-00142,2025-08-20,P05,Mechanical Keyboard,Accessories,Mediterranean,Marketplace,Consumer,1,0.1,107.1,61,46.1,111.86
ORD-00143,2025-08-20,P11,Standing Desk,Office,Aegean,Online,Small Business,1,0,699,440,259,657.06
ORD-00144,2025-08-20,P06,Wireless Mouse,Accessories,Aegean,Retail,Corporate,2,0.15,100.3,50,50.3,110.92
ORD-00145,2025-08-21,P01,Laptop Pro 14,Computing,Central Anatolia,Retail,Small Business,3,0.1,3507.3,2460,1047.3,3663.18
ORD-00146,2025-08-21,P07,USB-C Dock,Accessories,Aegean,Online,Corporate,1,0.05,160.55,92,68.55,158.86
ORD-00147,2025-08-21,P01,Laptop Pro 14,Computing,Aegean,Retail,Corporate,3,0,3897,2460,1437,3663.18
ORD-00148,2025-08-21,P08,Noise-Cancel Headphones,Audio,Mediterranean,Online,Small Business,1,0,249,133,116,234.06
ORD-00149,2025-08-21,P05,Mechanical Keyboard,Accessories,Central Anatolia,Retail,Small Business,2,0,238,122,116,223.72
ORD-00150,2025-08-21,P12,Portable SSD 1TB,Storage,Aegean,Marketplace,Consumer,1,0.05,141.55,84,57.55,140.06
ORD-00151,2025-08-22,P11,Standing Desk,Office,Aegean,Marketplace,Consumer,3,0.15,1782.45,1320,462.45,1971.18
ORD-00152,2025-08-22,P03,4K Monitor,Displays,Central Anatolia,Online,Consumer,1,0,429,270,159,403.26
ORD-00153,2025-08-22,P05,Mechanical Keyboard,Accessories,Marmara,Marketplace,Consumer,1,0,119,61,58,111.86
ORD-00154,2025-08-22,P01,Laptop Pro 14,Computing,Mediterranean,Online,Corporate,1,0.1,1169.1,820,349.1,1221.06
ORD-00155,2025-08-22,P01,Laptop Pro 14,Computing,Aegean,Online,Small Business,1,0.05,1234.05,820,414.05,1221.06
ORD-00156,2025-08-22,P11,Standing Desk,Office,Aegean,Marketplace,Small Business,1,0.1,629.1,440,189.1,657.06
ORD-00157,2025-08-22,P11,Standing Desk,Office,Central Anatolia,Retail,Corporate,1,0.05,664.05,440,224.05,657.06
ORD-00158,2025-08-22,P06,Wireless Mouse,Accessories,Aegean,Online,Corporate,3,0,177,75,102,166.38
ORD-00159,2025-08-23,P04,27-inch Monitor,Displays,Mediterranean,Marketplace,Small Business,1,0.2,231.2,185,46.2,271.66
ORD-00160,2025-08-23,P06,Wireless Mouse,Accessories,Marmara,Marketplace,Small Business,1,0,59,25,34,55.46
ORD-00161,2025-08-23,P03,4K Monitor,Displays,Central Anatolia,Retail,Consumer,2,0,858,540,318,806.52
ORD-00162,2025-08-23,P09,Portable Speaker,Audio,Central Anatolia,Retail,Corporate,1,0.15,101.15,63,38.15,111.86
ORD-00163,2025-08-23,P02,Office Laptop 15,Computing,Central Anatolia,Retail,Corporate,1,0,899,590,309,845.06
ORD-00164,2025-08-23,P12,Portable SSD 1TB,Storage,Aegean,Retail,Consumer,1,0.05,141.55,84,57.55,140.06
ORD-00165,2025-08-24,P04,27-inch Monitor,Displays,Aegean,Retail,Small Business,1,0,289,185,104,271.66
ORD-00166,2025-08-24,P09,Portable Speaker,Audio,Marmara,Retail,Corporate,1,0.1,107.1,63,44.1,111.86
ORD-00167,2025-08-24,P08,Noise-Cancel Headphones,Audio,Marmara,Retail,Corporate,2,0,498,266,232,468.12
ORD-00168,2025-08-24,P12,Portable SSD 1TB,Storage,Marmara,Marketplace,Small Business,1,0.15,126.65,84,42.65,140.06
ORD-00169,2025-08-24,P06,Wireless Mouse,Accessories,Central Anatolia,Retail,Corporate,1,0.1,53.1,25,28.1,55.46
ORD-00170,2025-08-24,P12,Portable SSD 1TB,Storage,Marmara,Marketplace,Consumer,1,0,149,84,65,140.06
ORD-00171,2025-08-24,P02,Office Laptop 15,Computing,Aegean,Online,Corporate,1,0.15,764.15,590,174.15,845.06
ORD-00172,2025-08-24,P09,Portable Speaker,Audio,Central Anatolia,Retail,Consumer,2,0.05,226.1,126,100.1,223.72
ORD-00173,2025-08-24,P02,Office Laptop 15,Computing,Aegean,Marketplace,Corporate,1,0.05,854.05,590,264.05,845.06
ORD-00174,2025-08-25,P09,Portable Speaker,Audio,Marmara,Online,Corporate,1,0.15,101.15,63,38.15,111.86
ORD-00175,2025-08-25,P07,USB-C Dock,Accessories,Aegean,Marketplace,Corporate,1,0.1,152.1,92,60.1,158.86
ORD-00176,2025-08-25,P06,Wireless Mouse,Accessories,Mediterranean,Marketplace,Consumer,3,0.1,159.3,75,84.3,166.38
ORD-00177,2025-08-25,P08,Noise-Cancel Headphones,Audio,Central Anatolia,Retail,Corporate,3,0.1,672.3,399,273.3,702.18
ORD-00178,2025-08-25,P05,Mechanical Keyboard,Accessories,Central Anatolia,Online,Consumer,1,0.1,107.1,61,46.1,111.86
ORD-00179,2025-08-25,P06,Wireless Mouse,Accessories,Aegean,Online,Small Business,1,0.05,56.05,25,31.05,55.46
ORD-00180,2025-08-26,P09,Portable Speaker,Audio,Aegean,Marketplace,Corporate,2,0.1,214.2,126,88.2,223.72
ORD-00181,2025-08-26,P01,Laptop Pro 14,Computing,Aegean,Marketplace,Consumer,3,0,3897,2460,1437,3663.18
ORD-00182,2025-08-26,P07,USB-C Dock,Accessories,Aegean,Retail,Consumer,3,0,507,276,231,476.58
ORD-00183,2025-08-26,P01,Laptop Pro 14,Computing,Mediterranean,Online,Consumer,1,0.1,1169.1,820,349.1,1221.06
ORD-00184,2025-08-26,P04,27-inch Monitor,Displays,Aegean,Online,Corporate,1,0.05,274.55,185,89.55,271.66
ORD-00185,2025-08-26,P02,Office Laptop 15,Computing,Mediterranean,Marketplace,Consumer,1,0.2,719.2,590,129.2,845.06
ORD-00186,2025-08-26,P11,Standing Desk,Office,Central Anatolia,Marketplace,Corporate,1,0,699,440,259,657.06
ORD-00187,2025-08-27,P01,Laptop Pro 14,Computing,Marmara,Marketplace,Corporate,1,0.1,1169.1,820,349.1,1221.06
ORD-00188,2025-08-27,P05,Mechanical Keyboard,Accessories,Aegean,Retail,Small Business,4,0,476,244,232,447.44
ORD-00189,2025-08-27,P02,Office Laptop 15,Computing,Marmara,Online,Corporate,1,0,899,590,309,845.06
ORD-00190,2025-08-27,P09,Portable Speaker,Audio,Marmara,Online,Consumer,1,0,119,63,56,111.86
ORD-00191,2025-08-27,P09,Portable Speaker,Audio,Marmara,Online,Small Business,1,0.05,113.05,63,50.05,111.86
ORD-00192,2025-08-27,P02,Office Laptop 15,Computing,Marmara,Marketplace,Corporate,2,0.2,1438.4,1180,258.4,1690.12
ORD-00193,2025-08-28,P08,Noise-Cancel Headphones,Audio,Central Anatolia,Marketplace,Consumer,1,0.05,236.55,133,103.55,234.06
ORD-00194,2025-08-28,P12,Portable SSD 1TB,Storage,Aegean,Online,Small Business,4,0,596,336,260,560.24
ORD-00195,2025-08-28,P12,Portable SSD 1TB,Storage,Mediterranean,Online,Corporate,2,0,298,168,130,280.12
ORD-00196,2025-08-28,P12,Portable SSD 1TB,Storage,Mediterranean,Retail,Corporate,4,0,596,336,260,560.24
ORD-00197,2025-08-28,P10,Ergonomic Chair,Office,Marmara,Online,Consumer,1,0.1,449.1,315,134.1,469.06
ORD-00198,2025-08-28,P06,Wireless Mouse,Accessories,Central Anatolia,Retail,Corporate,2,0.05,112.1,50,62.1,110.92
ORD-00199,2025-08-28,P11,Standing Desk,Office,Marmara,Online,Small Business,1,0.15,594.15,440,154.15,657.06
ORD-00200,2025-08-28,P02,Office Laptop 15,Computing,Marmara,Retail,Small Business,2,0,1798,1180,618,1690.12
ORD-00201,2025-08-29,P01,Laptop Pro 14,Computing,Marmara,Online,Small Business,2,0,2598,1640,958,2442.12
ORD-00202,2025-08-29,P10,Ergonomic Chair,Office,Mediterranean,Marketplace,Small Business,3,0.05,1422.15,945,477.15,1407.18
ORD-00203,2025-08-29,P06,Wireless Mouse,Accessories,Mediterranean,Online,Small Business,1,0,59,25,34,55.46
ORD-00204,2025-08-29,P04,27-inch Monitor,Displays,Mediterranean,Online,Small Business,1,0.15,245.65,185,60.65,271.66
ORD-00205,2025-08-29,P09,Portable Speaker,Audio,Aegean,Marketplace,Small Business,1,0.05,113.05,63,50.05,111.86
ORD-00206,2025-08-29,P06,Wireless Mouse,Accessories,Aegean,Marketplace,Small Business,1,0,59,25,34,55.46
ORD-00207,2025-08-29,P04,27-inch Monitor,Displays,Aegean,Marketplace,Consumer,3,0.1,780.3,555,225.3,814.98
ORD-00208,2025-08-30,P07,USB-C Dock,Accessories,Central Anatolia,Online,Corporate,2,0.1,304.2,184,120.2,317.72
ORD-00209,2025-08-30,P08,Noise-Cancel Headphones,Audio,Aegean,Marketplace,Small Business,3,0.1,672.3,399,273.3,702.18
ORD-00210,2025-08-30,P03,4K Monitor,Displays,Central Anatolia,Retail,Consumer,1,0.05,407.55,270,137.55,403.26
ORD-00211,2025-08-30,P06,Wireless Mouse,Accessories,Central Anatolia,Retail,Small Business,1,0,59,25,34,55.46
ORD-00212,2025-08-30,P07,USB-C Dock,Accessories,Central Anatolia,Retail,Small Business,1,0.1,152.1,92,60.1,158.86
ORD-00213,2025-08-31,P04,27-inch Monitor,Displays,Marmara,Marketplace,Corporate,3,0.1,780.3,555,225.3,814.98
ORD-00214,2025-08-31,P01,Laptop Pro 14,Computing,Aegean,Marketplace,Consumer,2,0.1,2338.2,1640,698.2,2442.12
ORD-00215,2025-08-31,P10,Ergonomic Chair,Office,Aegean,Retail,Small Business,3,0.15,1272.45,945,327.45,1407.18
ORD-00216,2025-08-31,P03,4K Monitor,Displays,Marmara,Online,Corporate,1,0,429,270,159,403.26
ORD-00217,2025-08-31,P01,Laptop Pro 14,Computing,Marmara,Online,Corporate,1,0,1299,820,479,1221.06
ORD-00218,2025-09-01,P07,USB-C Dock,Accessories,Marmara,Marketplace,Corporate,1,0,169,92,77,158.86
ORD-00219,2025-09-01,P10,Ergonomic Chair,Office,Aegean,Retail,Small Business,2,0.15,848.3,630,218.3,938.12
ORD-00220,2025-09-01,P11,Standing Desk,Office,Mediterranean,Online,Corporate,2,0,1398,880,518,1314.12
ORD-00221,2025-09-01,P03,4K Monitor,Displays,Central Anatolia,Marketplace,Small Business,1,0.05,407.55,270,137.55,403.26
ORD-00222,2025-09-01,P05,Mechanical Keyboard,Accessories,Mediterranean,Marketplace,Consumer,1,0,119,61,58,111.86
ORD-00223,2025-09-01,P10,Ergonomic Chair,Office,Aegean,Retail,Corporate,1,0,499,315,184,469.06
ORD-00224,2025-09-02,P09,Portable Speaker,Audio,Marmara,Retail,Consumer,3,0,357,189,168,335.58
ORD-00225,2025-09-02,P10,Ergonomic Chair,Office,Aegean,Online,Consumer,1,0,499,315,184,469.06
ORD-00226,2025-09-02,P12,Portable SSD 1TB,Storage,Aegean,Marketplace,Corporate,2,0.1,268.2,168,100.2,280.12
ORD-00227,2025-09-02,P06,Wireless Mouse,Accessories,Central Anatolia,Marketplace,Consumer,1,0,59,25,34,55.46
ORD-00228,2025-09-02,P03,4K Monitor,Displays,Marmara,Marketplace,Small Business,1,0.05,407.55,270,137.55,403.26
ORD-00229,2025-09-02,P10,Ergonomic Chair,Office,Aegean,Online,Small Business,1,0.05,474.05,315,159.05,469.06
ORD-00230,2025-09-02,P09,Portable Speaker,Audio,Aegean,Retail,Consumer,1,0.15,101.15,63,38.15,111.86
ORD-00231,2025-09-02,P06,Wireless Mouse,Accessories,Marmara,Online,Corporate,1,0.1,53.1,25,28.1,55.46
ORD-00232,2025-09-02,P11,Standing Desk,Office,Marmara,Marketplace,Corporate,1,0.1,629.1,440,189.1,657.06
ORD-00233,2025-09-03,P11,Standing Desk,Office,Aegean,Retail,Consumer,1,0.15,594.15,440,154.15,657.06
ORD-00234,2025-09-03,P04,27-inch Monitor,Displays,Aegean,Marketplace,Corporate,1,0,289,185,104,271.66
ORD-00235,2025-09-03,P12,Portable SSD 1TB,Storage,Marmara,Marketplace,Consumer,1,0,149,84,65,140.06
ORD-00236,2025-09-03,P09,Portable Speaker,Audio,Marmara,Marketplace,Corporate,2,0,238,126,112,223.72
ORD-00237,2025-09-03,P11,Standing Desk,Office,Mediterranean,Online,Consumer,1,0.1,629.1,440,189.1,657.06
ORD-00238,2025-09-03,P07,USB-C Dock,Accessories,Aegean,Online,Corporate,1,0,169,92,77,158.86
ORD-00239,2025-09-03,P05,Mechanical Keyboard,Accessories,Central Anatolia,Retail,Consumer,1,0.2,95.2,61,34.2,111.86
ORD-00240,2025-09-04,P07,USB-C Dock,Accessories,Mediterranean,Marketplace,Consumer,1,0.15,143.65,92,51.65,158.86
ORD-00241,2025-09-04,P08,Noise-Cancel Headphones,Audio,Aegean,Marketplace,Small Business,3,0.15,634.95,399,235.95,702.18
ORD-00242,2025-09-04,P03,4K Monitor,Displays,Central Anatolia,Retail,Small Business,1,0.05,407.55,270,137.55,403.26
ORD-00243,2025-09-04,P03,4K Monitor,Displays,Marmara,Marketplace,Small Business,1,0.1,386.1,270,116.1,403.26
ORD-00244,2025-09-04,P02,Office Laptop 15,Computing,Aegean,Retail,Small Business,1,0.1,809.1,590,219.1,845.06
ORD-00245,2025-09-04,P09,Portable Speaker,Audio,Central Anatolia,Marketplace,Corporate,1,0.1,107.1,63,44.1,111.86
ORD-00246,2025-09-04,P02,Office Laptop 15,Computing,Marmara,Retail,Corporate,2,0,1798,1180,618,1690.12
ORD-00247,2025-09-04,P07,USB-C Dock,Accessories,Aegean,Online,Corporate,1,0,169,92,77,158.86
ORD-00248,2025-09-05,P02,Office Laptop 15,Computing,Central Anatolia,Marketplace,Consumer,1,0.1,809.1,590,219.1,845.06
ORD-00249,2025-09-05,P08,Noise-Cancel Headphones,Audio,Mediterranean,Marketplace,Consumer,2,0.05,473.1,266,207.1,468.12
ORD-00250,2025-09-05,P03,4K Monitor,Displays,Mediterranean,Online,Corporate,1,0.15,364.65,270,94.65,403.26
ORD-00251,2025-09-05,P07,USB-C Dock,Accessories,Aegean,Retail,Consumer,2,0.15,287.3,184,103.3,317.72
ORD-00252,2025-09-05,P11,Standing Desk,Office,Aegean,Online,Corporate,3,0.05,1992.15,1320,672.15,1971.18
ORD-00253,2025-09-05,P12,Portable SSD 1TB,Storage,Mediterranean,Online,Corporate,2,0.15,253.3,168,85.3,280.12
ORD-00254,2025-09-05,P08,Noise-Cancel Headphones,Audio,Mediterranean,Marketplace,Corporate,2,0.1,448.2,266,182.2,468.12
ORD-00255,2025-09-05,P02,Office Laptop 15,Computing,Marmara,Online,Corporate,3,0.1,2427.3,1770,657.3,2535.18
ORD-00256,2025-09-06,P06,Wireless Mouse,Accessories,Aegean,Online,Consumer,2,0.1,106.2,50,56.2,110.92
ORD-00257,2025-09-06,P05,Mechanical Keyboard,Accessories,Aegean,Retail,Corporate,2,0.2,190.4,122,68.4,223.72
ORD-00258,2025-09-06,P09,Portable Speaker,Audio,Marmara,Marketplace,Small Business,2,0,238,126,112,223.72
ORD-00259,2025-09-06,P02,Office Laptop 15,Computing,Mediterranean,Marketplace,Corporate,4,0.05,3416.2,2360,1056.2,3380.24
ORD-00260,2025-09-06,P10,Ergonomic Chair,Office,Central Anatolia,Marketplace,Corporate,3,0.1,1347.3,945,402.3,1407.18
ORD-00261,2025-09-07,P09,Portable Speaker,Audio,Mediterranean,Online,Consumer,2,0,238,126,112,223.72
ORD-00262,2025-09-07,P12,Portable SSD 1TB,Storage,Mediterranean,Retail,Small Business,2,0,298,168,130,280.12
ORD-00263,2025-09-07,P05,Mechanical Keyboard,Accessories,Marmara,Retail,Corporate,2,0.2,190.4,122,68.4,223.72
ORD-00264,2025-09-07,P12,Portable SSD 1TB,Storage,Mediterranean,Online,Small Business,2,0.15,253.3,168,85.3,280.12
ORD-00265,2025-09-07,P06,Wireless Mouse,Accessories,Aegean,Retail,Small Business,1,0.05,56.05,25,31.05,55.46
ORD-00266,2025-09-08,P02,Office Laptop 15,Computing,Mediterranean,Online,Corporate,2,0,1798,1180,618,1690.12
ORD-00267,2025-09-08,P06,Wireless Mouse,Accessories,Mediterranean,Marketplace,Corporate,1,0.05,56.05,25,31.05,55.46
ORD-00268,2025-09-08,P04,27-inch Monitor,Displays,Aegean,Retail,Corporate,1,0.1,260.1,185,75.1,271.66
ORD-00269,2025-09-08,P10,Ergonomic Chair,Office,Aegean,Retail,Corporate,2,0.1,898.2,630,268.2,938.12
ORD-00270,2025-09-08,P11,Standing Desk,Office,Central Anatolia,Retail,Corporate,2,0.15,1188.3,880,308.3,1314.12
ORD-00271,2025-09-08,P05,Mechanical Keyboard,Accessories,Central Anatolia,Retail,Small Business,2,0.05,226.1,122,104.1,223.72
ORD-00272,2025-09-08,P06,Wireless Mouse,Accessories,Central Anatolia,Marketplace,Consumer,3,0.2,141.6,75,66.6,166.38
ORD-00273,2025-09-08,P05,Mechanical Keyboard,Accessories,Mediterranean,Marketplace,Corporate,1,0.1,107.1,61,46.1,111.86
ORD-00274,2025-09-09,P02,Office Laptop 15,Computing,Central Anatolia,Online,Corporate,1,0,899,590,309,845.06
ORD-00275,2025-09-09,P05,Mechanical Keyboard,Accessories,Aegean,Marketplace,Consumer,1,0,119,61,58,111.86
ORD-00276,2025-09-09,P08,Noise-Cancel Headphones,Audio,Marmara,Online,Consumer,1,0.15,211.65,133,78.65,234.06
ORD-00277,2025-09-09,P12,Portable SSD 1TB,Storage,Mediterranean,Retail,Small Business,1,0,149,84,65,140.06
ORD-00278,2025-09-09,P03,4K Monitor,Displays,Marmara,Retail,Corporate,2,0.05,815.1,540,275.1,806.52
ORD-00279,2025-09-09,P08,Noise-Cancel Headphones,Audio,Mediterranean,Marketplace,Small Business,1,0,249,133,116,234.06
ORD-00280,2025-09-09,P05,Mechanical Keyboard,Accessories,Mediterranean,Online,Small Business,2,0,238,122,116,223.72
ORD-00281,2025-09-10,P03,4K Monitor,Displays,Mediterranean,Marketplace,Consumer,1,0.1,386.1,270,116.1,403.26
ORD-00282,2025-09-10,P03,4K Monitor,Displays,Aegean,Online,Small Business,1,0.1,386.1,270,116.1,403.26
ORD-00283,2025-09-10,P12,Portable SSD 1TB,Storage,Mediterranean,Retail,Small Business,2,0.1,268.2,168,100.2,280.12
ORD-00284,2025-09-10,P12,Portable SSD 1TB,Storage,Aegean,Online,Corporate,1,0,149,84,65,140.06
ORD-00285,2025-09-10,P12,Portable SSD 1TB,Storage,Aegean,Online,Consumer,4,0.05,566.2,336,230.2,560.24
ORD-00286,2025-09-10,P11,Standing Desk,Office,Mediterranean,Online,Corporate,2,0.15,1188.3,880,308.3,1314.12
ORD-00287,2025-09-10,P03,4K Monitor,Displays,Mediterranean,Marketplace,Small Business,2,0,858,540,318,806.52
ORD-00288,2025-09-11,P11,Standing Desk,Office,Aegean,Online,Consumer,1,0.05,664.05,440,224.05,657.06
ORD-00289,2025-09-11,P12,Portable SSD 1TB,Storage,Central Anatolia,Retail,Corporate,1,0.05,141.55,84,57.55,140.06
ORD-00290,2025-09-11,P01,Laptop Pro 14,Computing,Marmara,Online,Corporate,1,0.1,1169.1,820,349.1,1221.06
ORD-00291,2025-09-11,P08,Noise-Cancel Headphones,Audio,Aegean,Retail,Small Business,1,0,249,133,116,234.06
ORD-00292,2025-09-11,P10,Ergonomic Chair,Office,Mediterranean,Retail,Corporate,3,0,1497,945,552,1407.18
ORD-00293,2025-09-11,P12,Portable SSD 1TB,Storage,Mediterranean,Retail,Consumer,1,0.05,141.55,84,57.55,140.06
ORD-00294,2025-09-11,P12,Portable SSD 1TB,Storage,Central Anatolia,Online,Corporate,2,0.05,283.1,168,115.1,280.12
ORD-00295,2025-09-11,P09,Portable Speaker,Audio,Central Anatolia,Retail,Consumer,1,0.2,95.2,63,32.2,111.86
ORD-00296,2025-09-11,P07,USB-C Dock,Accessories,Central Anatolia,Retail,Small Business,2,0,338,184,154,317.72
ORD-00297,2025-09-12,P03,4K Monitor,Displays,Marmara,Online,Corporate,1,0.05,407.55,270,137.55,403.26
ORD-00298,2025-09-12,P04,27-inch Monitor,Displays,Marmara,Marketplace,Corporate,1,0.05,274.55,185,89.55,271.66
ORD-00299,2025-09-12,P01,Laptop Pro 14,Computing,Marmara,Retail,Small Business,2,0,2598,1640,958,2442.12
ORD-00300,2025-09-12,P04,27-inch Monitor,Displays,Central Anatolia,Retail,Corporate,2,0.05,549.1,370,179.1,543.32
ORD-00301,2025-09-12,P05,Mechanical Keyboard,Accessories,Mediterranean,Marketplace,Small Business,1,0,119,61,58,111.86
ORD-00302,2025-09-13,P04,27-inch Monitor,Displays,Aegean,Marketplace,Consumer,2,0.05,549.1,370,179.1,543.32
ORD-00303,2025-09-13,P04,27-inch Monitor,Displays,Aegean,Online,Consumer,2,0,578,370,208,543.32
ORD-00304,2025-09-13,P10,Ergonomic Chair,Office,Aegean,Online,Corporate,1,0.1,449.1,315,134.1,469.06
ORD-00305,2025-09-13,P10,Ergonomic Chair,Office,Aegean,Online,Small Business,2,0.15,848.3,630,218.3,938.12
ORD-00306,2025-09-13,P10,Ergonomic Chair,Office,Aegean,Retail,Small Business,1,0.05,474.05,315,159.05,469.06
ORD-00307,2025-09-13,P06,Wireless Mouse,Accessories,Aegean,Retail,Consumer,2,0,118,50,68,110.92
ORD-00308,2025-09-13,P02,Office Laptop 15,Computing,Aegean,Retail,Corporate,2,0,1798,1180,618,1690.12
ORD-00309,2025-09-13,P04,27-inch Monitor,Displays,Marmara,Marketplace,Corporate,1,0.05,274.55,185,89.55,271.66
ORD-00310,2025-09-13,P03,4K Monitor,Displays,Marmara,Online,Corporate,1,0.15,364.65,270,94.65,403.26
ORD-00311,2025-09-13,P08,Noise-Cancel Headphones,Audio,Central Anatolia,Marketplace,Corporate,1,0,249,133,116,234.06
ORD-00312,2025-09-14,P09,Portable Speaker,Audio,Marmara,Online,Small Business,1,0,119,63,56,111.86
ORD-00313,2025-09-14,P04,27-inch Monitor,Displays,Marmara,Retail,Consumer,1,0.1,260.1,185,75.1,271.66
ORD-00314,2025-09-14,P08,Noise-Cancel Headphones,Audio,Central Anatolia,Online,Small Business,4,0.05,946.2,532,414.2,936.24
ORD-00315,2025-09-14,P04,27-inch Monitor,Displays,Central Anatolia,Online,Consumer,1,0.05,274.55,185,89.55,271.66
ORD-00316,2025-09-14,P01,Laptop Pro 14,Computing,Central Anatolia,Marketplace,Small Business,2,0,2598,1640,958,2442.12
ORD-00317,2025-09-15,P07,USB-C Dock,Accessories,Mediterranean,Retail,Small Business,1,0,169,92,77,158.86
ORD-00318,2025-09-15,P05,Mechanical Keyboard,Accessories,Central Anatolia,Marketplace,Consumer,2,0.05,226.1,122,104.1,223.72
ORD-00319,2025-09-15,P11,Standing Desk,Office,Mediterranean,Marketplace,Small Business,2,0,1398,880,518,1314.12
ORD-00320,2025-09-15,P11,Standing Desk,Office,Mediterranean,Marketplace,Small Business,2,0.05,1328.1,880,448.1,1314.12
ORD-00321,2025-09-15,P03,4K Monitor,Displays,Central Anatolia,Online,Corporate,1,0,429,270,159,403.26
ORD-00322,2025-09-15,P01,Laptop Pro 14,Computing,Marmara,Online,Corporate,1,0,1299,820,479,1221.06
ORD-00323,2025-09-15,P04,27-inch Monitor,Displays,Mediterranean,Retail,Small Business,1,0.15,245.65,185,60.65,271.66
ORD-00324,2025-09-15,P12,Portable SSD 1TB,Storage,Mediterranean,Marketplace,Small Business,1,0,149,84,65,140.06
ORD-00325,2025-09-16,P01,Laptop Pro 14,Computing,Aegean,Retail,Corporate,2,0,2598,1640,958,2442.12
ORD-00326,2025-09-16,P07,USB-C Dock,Accessories,Mediterranean,Retail,Consumer,1,0.2,135.2,92,43.2,158.86
ORD-00327,2025-09-16,P04,27-inch Monitor,Displays,Central Anatolia,Online,Corporate,1,0,289,185,104,271.66
ORD-00328,2025-09-16,P02,Office Laptop 15,Computing,Aegean,Marketplace,Small Business,2,0.05,1708.1,1180,528.1,1690.12
ORD-00329,2025-09-16,P09,Portable Speaker,Audio,Central Anatolia,Retail,Small Business,2,0,238,126,112,223.72
ORD-00330,2025-09-17,P09,Portable Speaker,Audio,Marmara,Marketplace,Corporate,1,0,119,63,56,111.86
ORD-00331,2025-09-17,P01,Laptop Pro 14,Computing,Aegean,Retail,Corporate,1,0,1299,820,479,1221.06
ORD-00332,2025-09-17,P10,Ergonomic Chair,Office,Aegean,Marketplace,Consumer,1,0.05,474.05,315,159.05,469.06
ORD-00333,2025-09-17,P01,Laptop Pro 14,Computing,Marmara,Retail,Small Business,1,0.05,1234.05,820,414.05,1221.06
ORD-00334,2025-09-17,P09,Portable Speaker,Audio,Mediterranean,Marketplace,Consumer,1,0.05,113.05,63,50.05,111.86
ORD-00335,2025-09-17,P07,USB-C Dock,Accessories,Marmara,Online,Corporate,2,0,338,184,154,317.72
ORD-00336,2025-09-17,P12,Portable SSD 1TB,Storage,Central Anatolia,Marketplace,Small Business,1,0.15,126.65,84,42.65,140.06
ORD-00337,2025-09-17,P08,Noise-Cancel Headphones,Audio,Central Anatolia,Online,Corporate,2,0.1,448.2,266,182.2,468.12
ORD-00338,2025-09-17,P08,Noise-Cancel Headphones,Audio,Central Anatolia,Retail,Corporate,1,0.1,224.1,133,91.1,234.06
ORD-00339,2025-09-18,P02,Office Laptop 15,Computing,Mediterranean,Marketplace,Small Business,2,0.05,1708.1,1180,528.1,1690.12
ORD-00340,2025-09-18,P03,4K Monitor,Displays,Mediterranean,Marketplace,Consumer,1,0.05,407.55,270,137.55,403.26
ORD-00341,2025-09-18,P04,27-inch Monitor,Displays,Aegean,Marketplace,Consumer,1,0.1,260.1,185,75.1,271.66
ORD-00342,2025-09-18,P05,Mechanical Keyboard,Accessories,Aegean,Retail,Small Business,1,0.1,107.1,61,46.1,111.86
ORD-00343,2025-09-18,P04,27-inch Monitor,Displays,Aegean,Online,Corporate,2,0,578,370,208,543.32
ORD-00344,2025-09-18,P01,Laptop Pro 14,Computing,Aegean,Marketplace,Corporate,1,0.15,1104.15,820,284.15,1221.06
ORD-00345,2025-09-18,P12,Portable SSD 1TB,Storage,Aegean,Retail,Small Business,1,0,149,84,65,140.06
ORD-00346,2025-09-18,P03,4K Monitor,Displays,Central Anatolia,Retail,Small Business,1,0,429,270,159,403.26
ORD-00347,2025-09-18,P12,Portable SSD 1TB,Storage,Mediterranean,Online,Corporate,1,0,149,84,65,140.06
ORD-00348,2025-09-19,P02,Office Laptop 15,Computing,Marmara,Online,Consumer,4,0,3596,2360,1236,3380.24
ORD-00349,2025-09-19,P11,Standing Desk,Office,Central Anatolia,Marketplace,Consumer,4,0,2796,1760,1036,2628.24
ORD-00350,2025-09-19,P04,27-inch Monitor,Displays,Aegean,Marketplace,Consumer,1,0.15,245.65,185,60.65,271.66
ORD-00351,2025-09-19,P08,Noise-Cancel Headphones,Audio,Mediterranean,Retail,Consumer,1,0.15,211.65,133,78.65,234.06
ORD-00352,2025-09-19,P10,Ergonomic Chair,Office,Central Anatolia,Marketplace,Corporate,2,0,998,630,368,938.12
ORD-00353,2025-09-19,P11,Standing Desk,Office,Mediterranean,Retail,Consumer,1,0.2,559.2,440,119.2,657.06
ORD-00354,2025-09-19,P01,Laptop Pro 14,Computing,Marmara,Online,Corporate,1,0,1299,820,479,1221.06
ORD-00355,2025-09-19,P03,4K Monitor,Displays,Marmara,Retail,Small Business,1,0,429,270,159,403.26
ORD-00356,2025-09-19,P10,Ergonomic Chair,Office,Aegean,Online,Small Business,1,0,499,315,184,469.06
ORD-00357,2025-09-20,P01,Laptop Pro 14,Computing,Central Anatolia,Retail,Small Business,1,0.1,1169.1,820,349.1,1221.06
ORD-00358,2025-09-20,P04,27-inch Monitor,Displays,Central Anatolia,Marketplace,Consumer,1,0.1,260.1,185,75.1,271.66
ORD-00359,2025-09-20,P01,Laptop Pro 14,Computing,Central Anatolia,Retail,Consumer,4,0.15,4416.6,3280,1136.6,4884.24
ORD-00360,2025-09-20,P02,Office Laptop 15,Computing,Mediterranean,Online,Small Business,2,0,1798,1180,618,1690.12
ORD-00361,2025-09-20,P01,Laptop Pro 14,Computing,Aegean,Marketplace,Small Business,4,0,5196,3280,1916,4884.24
ORD-00362,2025-09-20,P11,Standing Desk,Office,Marmara,Online,Consumer,1,0,699,440,259,657.06
ORD-00363,2025-09-20,P11,Standing Desk,Office,Marmara,Online,Corporate,2,0.2,1118.4,880,238.4,1314.12
ORD-00364,2025-09-20,P09,Portable Speaker,Audio,Marmara,Retail,Corporate,1,0.05,113.05,63,50.05,111.86
ORD-00365,2025-09-21,P10,Ergonomic Chair,Office,Marmara,Retail,Consumer,3,0,1497,945,552,1407.18
ORD-00366,2025-09-21,P04,27-inch Monitor,Displays,Aegean,Marketplace,Small Business,2,0.2,462.4,370,92.4,543.32
ORD-00367,2025-09-21,P02,Office Laptop 15,Computing,Marmara,Retail,Corporate,1,0.1,809.1,590,219.1,845.06
ORD-00368,2025-09-21,P02,Office Laptop 15,Computing,Aegean,Marketplace,Corporate,1,0.2,719.2,590,129.2,845.06
ORD-00369,2025-09-21,P11,Standing Desk,Office,Aegean,Retail,Small Business,1,0,699,440,259,657.06
ORD-00370,2025-09-21,P02,Office Laptop 15,Computing,Marmara,Marketplace,Consumer,1,0.05,854.05,590,264.05,845.06
ORD-00371,2025-09-21,P03,4K Monitor,Displays,Mediterranean,Retail,Small Business,2,0.05,815.1,540,275.1,806.52
ORD-00372,2025-09-21,P02,Office Laptop 15,Computing,Marmara,Online,Corporate,2,0,1798,1180,618,1690.12
ORD-00373,2025-09-21,P11,Standing Desk,Office,Central Anatolia,Online,Consumer,1,0,699,440,259,657.06
ORD-00374,2025-09-22,P05,Mechanical Keyboard,Accessories,Mediterranean,Marketplace,Small Business,1,0.1,107.1,61,46.1,111.86
ORD-00375,2025-09-22,P02,Office Laptop 15,Computing,Marmara,Online,Consumer,1,0.05,854.05,590,264.05,845.06
ORD-00376,2025-09-22,P10,Ergonomic Chair,Office,Mediterranean,Marketplace,Corporate,2,0.1,898.2,630,268.2,938.12
ORD-00377,2025-09-22,P05,Mechanical Keyboard,Accessories,Mediterranean,Online,Corporate,1,0,119,61,58,111.86
ORD-00378,2025-09-22,P11,Standing Desk,Office,Central Anatolia,Retail,Consumer,2,0,1398,880,518,1314.12
ORD-00379,2025-09-22,P05,Mechanical Keyboard,Accessories,Central Anatolia,Marketplace,Consumer,1,0.05,113.05,61,52.05,111.86
ORD-00380,2025-09-22,P09,Portable Speaker,Audio,Mediterranean,Marketplace,Small Business,1,0,119,63,56,111.86
ORD-00381,2025-09-22,P02,Office Laptop 15,Computing,Marmara,Online,Corporate,2,0.05,1708.1,1180,528.1,1690.12
ORD-00382,2025-09-23,P10,Ergonomic Chair,Office,Aegean,Online,Consumer,1,0,499,315,184,469.06
ORD-00383,2025-09-23,P09,Portable Speaker,Audio,Marmara,Marketplace,Small Business,1,0.15,101.15,63,38.15,111.86
ORD-00384,2025-09-23,P09,Portable Speaker,Audio,Aegean,Marketplace,Consumer,1,0.05,113.05,63,50.05,111.86
ORD-00385,2025-09-23,P01,Laptop Pro 14,Computing,Mediterranean,Retail,Small Business,3,0.15,3312.45,2460,852.45,3663.18
ORD-00386,2025-09-23,P01,Laptop Pro 14,Computing,Aegean,Marketplace,Small Business,2,0,2598,1640,958,2442.12
ORD-00387,2025-09-23,P11,Standing Desk,Office,Central Anatolia,Online,Small Business,1,0.15,594.15,440,154.15,657.06
ORD-00388,2025-09-24,P11,Standing Desk,Office,Central Anatolia,Marketplace,Corporate,1,0,699,440,259,657.06
ORD-00389,2025-09-24,P04,27-inch Monitor,Displays,Aegean,Marketplace,Consumer,2,0.05,549.1,370,179.1,543.32
ORD-00390,2025-09-24,P03,4K Monitor,Displays,Mediterranean,Marketplace,Consumer,3,0,1287,810,477,1209.78
ORD-00391,2025-09-24,P02,Office Laptop 15,Computing,Marmara,Online,Consumer,1,0.05,854.05,590,264.05,845.06
ORD-00392,2025-09-24,P09,Portable Speaker,Audio,Mediterranean,Online,Corporate,1,0,119,63,56,111.86
ORD-00393,2025-09-24,P09,Portable Speaker,Audio,Central Anatolia,Retail,Small Business,1,0,119,63,56,111.86
ORD-00394,2025-09-24,P07,USB-C Dock,Accessories,Aegean,Online,Corporate,1,0.05,160.55,92,68.55,158.86
ORD-00395,2025-09-24,P08,Noise-Cancel Headphones,Audio,Aegean,Retail,Small Business,2,0.05,473.1,266,207.1,468.12
ORD-00396,2025-09-24,P05,Mechanical Keyboard,Accessories,Aegean,Retail,Corporate,2,0,238,122,116,223.72
ORD-00397,2025-09-24,P02,Office Laptop 15,Computing,Marmara,Marketplace,Small Business,1,0.1,809.1,590,219.1,845.06
ORD-00398,2025-09-25,P11,Standing Desk,Office,Central Anatolia,Online,Corporate,3,0.15,1782.45,1320,462.45,1971.18
ORD-00399,2025-09-25,P11,Standing Desk,Office,Marmara,Online,Small Business,1,0.1,629.1,440,189.1,657.06
ORD-00400,2025-09-25,P02,Office Laptop 15,Computing,Central Anatolia,Marketplace,Corporate,2,0.15,1528.3,1180,348.3,1690.12
ORD-00401,2025-09-25,P06,Wireless Mouse,Accessories,Mediterranean,Online,Corporate,1,0.1,53.1,25,28.1,55.46
ORD-00402,2025-09-25,P04,27-inch Monitor,Displays,Aegean,Marketplace,Small Business,1,0.05,274.55,185,89.55,271.66
ORD-00403,2025-09-25,P08,Noise-Cancel Headphones,Audio,Central Anatolia,Online,Small Business,1,0,249,133,116,234.06
ORD-00404,2025-09-26,P01,Laptop Pro 14,Computing,Central Anatolia,Online,Consumer,1,0,1299,820,479,1221.06
ORD-00405,2025-09-26,P02,Office Laptop 15,Computing,Mediterranean,Marketplace,Consumer,1,0,899,590,309,845.06
ORD-00406,2025-09-26,P01,Laptop Pro 14,Computing,Central Anatolia,Retail,Small Business,1,0,1299,820,479,1221.06
ORD-00407,2025-09-26,P12,Portable SSD 1TB,Storage,Central Anatolia,Retail,Corporate,2,0.05,283.1,168,115.1,280.12
ORD-00408,2025-09-26,P11,Standing Desk,Office,Mediterranean,Retail,Small Business,2,0,1398,880,518,1314.12
ORD-00409,2025-09-27,P07,USB-C Dock,Accessories,Mediterranean,Retail,Small Business,1,0.05,160.55,92,68.55,158.86
ORD-00410,2025-09-27,P03,4K Monitor,Displays,Aegean,Marketplace,Consumer,2,0.2,686.4,540,146.4,806.52
ORD-00411,2025-09-27,P06,Wireless Mouse,Accessories,Marmara,Retail,Consumer,2,0.1,106.2,50,56.2,110.92
ORD-00412,2025-09-27,P05,Mechanical Keyboard,Accessories,Marmara,Retail,Small Business,1,0.05,113.05,61,52.05,111.86
ORD-00413,2025-09-27,P09,Portable Speaker,Audio,Marmara,Online,Small Business,2,0,238,126,112,223.72
ORD-00414,2025-09-27,P03,4K Monitor,Displays,Central Anatolia,Retail,Small Business,1,0,429,270,159,403.26
ORD-00415,2025-09-27,P06,Wireless Mouse,Accessories,Central Anatolia,Marketplace,Consumer,2,0,118,50,68,110.92
ORD-00416,2025-09-27,P03,4K Monitor,Displays,Central Anatolia,Retail,Consumer,1,0.05,407.55,270,137.55,403.26
ORD-00417,2025-09-28,P06,Wireless Mouse,Accessories,Mediterranean,Retail,Small Business,1,0,59,25,34,55.46
ORD-00418,2025-09-28,P12,Portable SSD 1TB,Storage,Marmara,Retail,Corporate,2,0.05,283.1,168,115.1,280.12
ORD-00419,2025-09-28,P09,Portable Speaker,Audio,Aegean,Online,Corporate,2,0,238,126,112,223.72
ORD-00420,2025-09-28,P10,Ergonomic Chair,Office,Marmara,Retail,Small Business,4,0.05,1896.2,1260,636.2,1876.24
ORD-00421,2025-09-28,P10,Ergonomic Chair,Office,Mediterranean,Online,Small Business,1,0.15,424.15,315,109.15,469.06
ORD-00422,2025-09-28,P08,Noise-Cancel Headphones,Audio,Mediterranean,Online,Corporate,2,0.05,473.1,266,207.1,468.12
ORD-00423,2025-09-28,P10,Ergonomic Chair,Office,Marmara,Retail,Consumer,2,0,998,630,368,938.12
ORD-00424,2025-09-28,P02,Office Laptop 15,Computing,Central Anatolia,Marketplace,Consumer,3,0,2697,1770,927,2535.18
ORD-00425,2025-09-29,P12,Portable SSD 1TB,Storage,Central Anatolia,Marketplace,Consumer,1,0.05,141.55,84,57.55,140.06
ORD-00426,2025-09-29,P03,4K Monitor,Displays,Central Anatolia,Online,Small Business,1,0,429,270,159,403.26
ORD-00427,2025-09-29,P08,Noise-Cancel Headphones,Audio,Aegean,Marketplace,Small Business,2,0.2,398.4,266,132.4,468.12
ORD-00428,2025-09-29,P05,Mechanical Keyboard,Accessories,Central Anatolia,Online,Consumer,1,0.05,113.05,61,52.05,111.86
ORD-00429,2025-09-29,P01,Laptop Pro 14,Computing,Marmara,Retail,Corporate,2,0,2598,1640,958,2442.12
ORD-00430,2025-09-30,P04,27-inch Monitor,Displays,Aegean,Online,Corporate,1,0,289,185,104,271.66
ORD-00431,2025-09-30,P07,USB-C Dock,Accessories,Central Anatolia,Marketplace,Consumer,1,0.1,152.1,92,60.1,158.86
ORD-00432,2025-09-30,P05,Mechanical Keyboard,Accessories,Central Anatolia,Retail,Consumer,1,0.1,107.1,61,46.1,111.86
ORD-00433,2025-09-30,P08,Noise-Cancel Headphones,Audio,Central Anatolia,Online,Small Business,2,0.05,473.1,266,207.1,468.12
ORD-00434,2025-09-30,P07,USB-C Dock,Accessories,Mediterranean,Marketplace,Consumer,2,0.1,304.2,184,120.2,317.72
ORD-00435,2025-09-30,P01,Laptop Pro 14,Computing,Central Anatolia,Online,Consumer,1,0,1299,820,479,1221.06
ORD-00436,2025-09-30,P08,Noise-Cancel Headphones,Audio,Aegean,Retail,Small Business,4,0.05,946.2,532,414.2,936.24
ORD-00437,2025-10-01,P03,4K Monitor,Displays,Marmara,Online,Small Business,1,0.15,364.65,270,94.65,403.26
ORD-00438,2025-10-01,P12,Portable SSD 1TB,Storage,Central Anatolia,Marketplace,Corporate,2,0,298,168,130,280.12
ORD-00439,2025-10-01,P08,Noise-Cancel Headphones,Audio,Aegean,Marketplace,Small Business,1,0.1,224.1,133,91.1,234.06
ORD-00440,2025-10-01,P10,Ergonomic Chair,Office,Central Anatolia,Retail,Corporate,1,0.1,449.1,315,134.1,469.06
ORD-00441,2025-10-01,P07,USB-C Dock,Accessories,Aegean,Retail,Consumer,1,0.05,160.55,92,68.55,158.86
ORD-00442,2025-10-01,P08,Noise-Cancel Headphones,Audio,Central Anatolia,Online,Corporate,1,0.05,236.55,133,103.55,234.06
ORD-00443,2025-10-01,P01,Laptop Pro 14,Computing,Mediterranean,Marketplace,Corporate,2,0.15,2208.3,1640,568.3,2442.12
ORD-00444,2025-10-01,P04,27-inch Monitor,Displays,Aegean,Retail,Corporate,1,0.05,274.55,185,89.55,271.66
ORD-00445,2025-10-02,P03,4K Monitor,Displays,Aegean,Retail,Consumer,1,0.15,364.65,270,94.65,403.26
ORD-00446,2025-10-02,P05,Mechanical Keyboard,Accessories,Marmara,Retail,Small Business,3,0.1,321.3,183,138.3,335.58
ORD-00447,2025-10-02,P10,Ergonomic Chair,Office,Mediterranean,Marketplace,Corporate,1,0,499,315,184,469.06
ORD-00448,2025-10-02,P01,Laptop Pro 14,Computing,Marmara,Marketplace,Consumer,1,0.15,1104.15,820,284.15,1221.06
ORD-00449,2025-10-02,P05,Mechanical Keyboard,Accessories,Mediterranean,Online,Corporate,1,0,119,61,58,111.86
ORD-00450,2025-10-02,P04,27-inch Monitor,Displays,Mediterranean,Retail,Corporate,1,0,289,185,104,271.66
ORD-00451,2025-10-02,P05,Mechanical Keyboard,Accessories,Aegean,Online,Small Business,3,0.05,339.15,183,156.15,335.58
ORD-00452,2025-10-03,P11,Standing Desk,Office,Marmara,Retail,Consumer,1,0,699,440,259,657.06
ORD-00453,2025-10-03,P04,27-inch Monitor,Displays,Aegean,Online,Consumer,2,0.1,520.2,370,150.2,543.32
ORD-00454,2025-10-03,P01,Laptop Pro 14,Computing,Marmara,Online,Corporate,3,0.1,3507.3,2460,1047.3,3663.18
ORD-00455,2025-10-03,P07,USB-C Dock,Accessories,Central Anatolia,Marketplace,Corporate,1,0.05,160.55,92,68.55,158.86
ORD-00456,2025-10-03,P10,Ergonomic Chair,Office,Mediterranean,Marketplace,Consumer,2,0.1,898.2,630,268.2,938.12
ORD-00457,2025-10-04,P06,Wireless Mouse,Accessories,Mediterranean,Marketplace,Consumer,1,0,59,25,34,55.46
ORD-00458,2025-10-04,P07,USB-C Dock,Accessories,Central Anatolia,Online,Consumer,1,0,169,92,77,158.86
ORD-00459,2025-10-04,P11,Standing Desk,Office,Aegean,Retail,Small Business,3,0.05,1992.15,1320,672.15,1971.18
ORD-00460,2025-10-04,P12,Portable SSD 1TB,Storage,Aegean,Online,Small Business,1,0,149,84,65,140.06
ORD-00461,2025-10-04,P01,Laptop Pro 14,Computing,Central Anatolia,Retail,Consumer,1,0,1299,820,479,1221.06
ORD-00462,2025-10-04,P04,27-inch Monitor,Displays,Central Anatolia,Retail,Small Business,1,0.15,245.65,185,60.65,271.66
ORD-00463,2025-10-04,P12,Portable SSD 1TB,Storage,Aegean,Marketplace,Consumer,1,0.1,134.1,84,50.1,140.06
ORD-00464,2025-10-05,P10,Ergonomic Chair,Office,Mediterranean,Retail,Small Business,1,0,499,315,184,469.06
ORD-00465,2025-10-05,P11,Standing Desk,Office,Aegean,Online,Small Business,1,0,699,440,259,657.06
ORD-00466,2025-10-05,P02,Office Laptop 15,Computing,Marmara,Marketplace,Corporate,1,0,899,590,309,845.06
ORD-00467,2025-10-05,P06,Wireless Mouse,Accessories,Central Anatolia,Online,Consumer,1,0.1,53.1,25,28.1,55.46
ORD-00468,2025-10-05,P06,Wireless Mouse,Accessories,Marmara,Marketplace,Corporate,1,0.15,50.15,25,25.15,55.46
ORD-00469,2025-10-05,P04,27-inch Monitor,Displays,Aegean,Marketplace,Consumer,1,0,289,185,104,271.66
ORD-00470,2025-10-06,P08,Noise-Cancel Headphones,Audio,Mediterranean,Retail,Small Business,1,0,249,133,116,234.06
ORD-00471,2025-10-06,P08,Noise-Cancel Headphones,Audio,Mediterranean,Retail,Small Business,1,0.05,236.55,133,103.55,234.06
ORD-00472,2025-10-06,P03,4K Monitor,Displays,Aegean,Online,Corporate,1,0.2,343.2,270,73.2,403.26
ORD-00473,2025-10-06,P03,4K Monitor,Displays,Central Anatolia,Online,Corporate,1,0,429,270,159,403.26
ORD-00474,2025-10-06,P11,Standing Desk,Office,Aegean,Online,Consumer,1,0.05,664.05,440,224.05,657.06
ORD-00475,2025-10-06,P02,Office Laptop 15,Computing,Mediterranean,Online,Corporate,1,0.05,854.05,590,264.05,845.06
ORD-00476,2025-10-06,P11,Standing Desk,Office,Marmara,Marketplace,Corporate,2,0.1,1258.2,880,378.2,1314.12
ORD-00477,2025-10-06,P06,Wireless Mouse,Accessories,Central Anatolia,Retail,Small Business,3,0.1,159.3,75,84.3,166.38
ORD-00478,2025-10-06,P02,Office Laptop 15,Computing,Marmara,Online,Corporate,1,0,899,590,309,845.06
ORD-00479,2025-10-06,P07,USB-C Dock,Accessories,Aegean,Marketplace,Corporate,1,0.05,160.55,92,68.55,158.86
ORD-00480,2025-10-07,P10,Ergonomic Chair,Office,Central Anatolia,Online,Corporate,2,0.05,948.1,630,318.1,938.12
ORD-00481,2025-10-07,P08,Noise-Cancel Headphones,Audio,Central Anatolia,Online,Consumer,1,0.1,224.1,133,91.1,234.06
ORD-00482,2025-10-07,P07,USB-C Dock,Accessories,Central Anatolia,Retail,Consumer,1,0.1,152.1,92,60.1,158.86
ORD-00483,2025-10-07,P02,Office Laptop 15,Computing,Central Anatolia,Marketplace,Corporate,1,0.1,809.1,590,219.1,845.06
ORD-00484,2025-10-07,P10,Ergonomic Chair,Office,Marmara,Online,Corporate,2,0.1,898.2,630,268.2,938.12
ORD-00485,2025-10-07,P03,4K Monitor,Displays,Marmara,Marketplace,Consumer,1,0,429,270,159,403.26
ORD-00486,2025-10-07,P03,4K Monitor,Displays,Mediterranean,Retail,Corporate,1,0.05,407.55,270,137.55,403.26
ORD-00487,2025-10-07,P07,USB-C Dock,Accessories,Mediterranean,Online,Small Business,1,0,169,92,77,158.86
ORD-00488,2025-10-08,P10,Ergonomic Chair,Office,Aegean,Marketplace,Corporate,3,0.1,1347.3,945,402.3,1407.18
ORD-00489,2025-10-08,P02,Office Laptop 15,Computing,Marmara,Online,Consumer,1,0.05,854.05,590,264.05,845.06
ORD-00490,2025-10-08,P09,Portable Speaker,Audio,Aegean,Marketplace,Small Business,1,0.05,113.05,63,50.05,111.86
ORD-00491,2025-10-08,P11,Standing Desk,Office,Mediterranean,Online,Consumer,1,0.1,629.1,440,189.1,657.06
ORD-00492,2025-10-08,P03,4K Monitor,Displays,Marmara,Retail,Small Business,1,0.05,407.55,270,137.55,403.26
ORD-00493,2025-10-08,P01,Laptop Pro 14,Computing,Mediterranean,Marketplace,Corporate,1,0.1,1169.1,820,349.1,1221.06
ORD-00494,2025-10-08,P01,Laptop Pro 14,Computing,Central Anatolia,Retail,Consumer,1,0,1299,820,479,1221.06
ORD-00495,2025-10-08,P07,USB-C Dock,Accessories,Mediterranean,Marketplace,Corporate,4,0.2,540.8,368,172.8,635.44
ORD-00496,2025-10-09,P07,USB-C Dock,Accessories,Aegean,Marketplace,Corporate,2,0.15,287.3,184,103.3,317.72
ORD-00497,2025-10-09,P06,Wireless Mouse,Accessories,Central Anatolia,Marketplace,Consumer,1,0,59,25,34,55.46
ORD-00498,2025-10-09,P05,Mechanical Keyboard,Accessories,Central Anatolia,Retail,Corporate,1,0.05,113.05,61,52.05,111.86
ORD-00499,2025-10-09,P03,4K Monitor,Displays,Marmara,Marketplace,Corporate,1,0.15,364.65,270,94.65,403.26
ORD-00500,2025-10-09,P04,27-inch Monitor,Displays,Central Anatolia,Online,Small Business,4,0.05,1098.2,740,358.2,1086.64
ORD-00501,2025-10-09,P11,Standing Desk,Office,Mediterranean,Marketplace,Corporate,3,0.1,1887.3,1320,567.3,1971.18
ORD-00502,2025-10-10,P04,27-inch Monitor,Displays,Marmara,Marketplace,Corporate,3,0,867,555,312,814.98
ORD-00503,2025-10-10,P05,Mechanical Keyboard,Accessories,Aegean,Retail,Corporate,2,0.1,214.2,122,92.2,223.72
ORD-00504,2025-10-10,P02,Office Laptop 15,Computing,Aegean,Retail,Corporate,1,0.1,809.1,590,219.1,845.06
ORD-00505,2025-10-10,P07,USB-C Dock,Accessories,Mediterranean,Retail,Small Business,2,0.1,304.2,184,120.2,317.72
ORD-00506,2025-10-10,P03,4K Monitor,Displays,Mediterranean,Retail,Consumer,1,0.05,407.55,270,137.55,403.26
ORD-00507,2025-10-10,P09,Portable Speaker,Audio,Marmara,Marketplace,Corporate,1,0,119,63,56,111.86
ORD-00508,2025-10-11,P03,4K Monitor,Displays,Marmara,Online,Consumer,2,0,858,540,318,806.52
ORD-00509,2025-10-11,P06,Wireless Mouse,Accessories,Mediterranean,Retail,Corporate,1,0.1,53.1,25,28.1,55.46
ORD-00510,2025-10-11,P04,27-inch Monitor,Displays,Central Anatolia,Marketplace,Consumer,1,0,289,185,104,271.66
ORD-00511,2025-10-11,P06,Wireless Mouse,Accessories,Aegean,Marketplace,Small Business,1,0,59,25,34,55.46
ORD-00512,2025-10-11,P12,Portable SSD 1TB,Storage,Marmara,Retail,Corporate,1,0.05,141.55,84,57.55,140.06
ORD-00513,2025-10-11,P11,Standing Desk,Office,Aegean,Online,Small Business,1,0.1,629.1,440,189.1,657.06
ORD-00514,2025-10-12,P09,Portable Speaker,Audio,Mediterranean,Online,Small Business,4,0.2,380.8,252,128.8,447.44
ORD-00515,2025-10-12,P04,27-inch Monitor,Displays,Marmara,Marketplace,Small Business,1,0,289,185,104,271.66
ORD-00516,2025-10-12,P08,Noise-Cancel Headphones,Audio,Marmara,Retail,Consumer,1,0.05,236.55,133,103.55,234.06
ORD-00517,2025-10-12,P05,Mechanical Keyboard,Accessories,Marmara,Retail,Small Business,2,0,238,122,116,223.72
ORD-00518,2025-10-12,P07,USB-C Dock,Accessories,Marmara,Retail,Corporate,1,0.2,135.2,92,43.2,158.86
ORD-00519,2025-10-12,P09,Portable Speaker,Audio,Marmara,Online,Corporate,1,0.1,107.1,63,44.1,111.86
ORD-00520,2025-10-12,P07,USB-C Dock,Accessories,Mediterranean,Online,Corporate,1,0.15,143.65,92,51.65,158.86
ORD-00521,2025-10-12,P03,4K Monitor,Displays,Marmara,Retail,Consumer,2,0.15,729.3,540,189.3,806.52
ORD-00522,2025-10-13,P01,Laptop Pro 14,Computing,Aegean,Marketplace,Consumer,4,0,5196,3280,1916,4884.24
ORD-00523,2025-10-13,P09,Portable Speaker,Audio,Central Anatolia,Online,Consumer,3,0,357,189,168,335.58
ORD-00524,2025-10-13,P08,Noise-Cancel Headphones,Audio,Central Anatolia,Marketplace,Corporate,1,0.05,236.55,133,103.55,234.06
ORD-00525,2025-10-13,P11,Standing Desk,Office,Aegean,Online,Consumer,1,0.15,594.15,440,154.15,657.06
ORD-00526,2025-10-13,P08,Noise-Cancel Headphones,Audio,Aegean,Retail,Consumer,2,0,498,266,232,468.12
ORD-00527,2025-10-13,P12,Portable SSD 1TB,Storage,Mediterranean,Marketplace,Small Business,1,0.1,134.1,84,50.1,140.06
ORD-00528,2025-10-13,P09,Portable Speaker,Audio,Marmara,Online,Corporate,2,0,238,126,112,223.72
ORD-00529,2025-10-13,P11,Standing Desk,Office,Central Anatolia,Retail,Corporate,1,0.1,629.1,440,189.1,657.06
ORD-00530,2025-10-14,P10,Ergonomic Chair,Office,Marmara,Retail,Consumer,1,0,499,315,184,469.06
ORD-00531,2025-10-14,P10,Ergonomic Chair,Office,Aegean,Retail,Corporate,1,0,499,315,184,469.06
ORD-00532,2025-10-14,P02,Office Laptop 15,Computing,Central Anatolia,Marketplace,Corporate,1,0,899,590,309,845.06
ORD-00533,2025-10-14,P06,Wireless Mouse,Accessories,Marmara,Online,Consumer,2,0.15,100.3,50,50.3,110.92
ORD-00534,2025-10-14,P08,Noise-Cancel Headphones,Audio,Marmara,Marketplace,Small Business,1,0.1,224.1,133,91.1,234.06
ORD-00535,2025-10-14,P04,27-inch Monitor,Displays,Central Anatolia,Retail,Corporate,2,0.1,520.2,370,150.2,543.32
ORD-00536,2025-10-14,P08,Noise-Cancel Headphones,Audio,Central Anatolia,Retail,Small Business,2,0.1,448.2,266,182.2,468.12
ORD-00537,2025-10-14,P06,Wireless Mouse,Accessories,Mediterranean,Marketplace,Small Business,2,0.1,106.2,50,56.2,110.92
ORD-00538,2025-10-14,P10,Ergonomic Chair,Office,Aegean,Retail,Small Business,3,0,1497,945,552,1407.18
ORD-00539,2025-10-14,P03,4K Monitor,Displays,Marmara,Retail,Consumer,1,0,429,270,159,403.26
ORD-00540,2025-10-15,P04,27-inch Monitor,Displays,Aegean,Marketplace,Consumer,1,0,289,185,104,271.66
ORD-00541,2025-10-15,P05,Mechanical Keyboard,Accessories,Central Anatolia,Online,Consumer,1,0.05,113.05,61,52.05,111.86
ORD-00542,2025-10-15,P03,4K Monitor,Displays,Marmara,Marketplace,Corporate,1,0.2,343.2,270,73.2,403.26
ORD-00543,2025-10-15,P05,Mechanical Keyboard,Accessories,Aegean,Marketplace,Consumer,3,0,357,183,174,335.58
ORD-00544,2025-10-15,P10,Ergonomic Chair,Office,Central Anatolia,Marketplace,Corporate,1,0,499,315,184,469.06
ORD-00545,2025-10-15,P09,Portable Speaker,Audio,Central Anatolia,Marketplace,Corporate,1,0.1,107.1,63,44.1,111.86
ORD-00546,2025-10-16,P12,Portable SSD 1TB,Storage,Marmara,Marketplace,Corporate,1,0,149,84,65,140.06
ORD-00547,2025-10-16,P10,Ergonomic Chair,Office,Marmara,Online,Consumer,1,0.1,449.1,315,134.1,469.06
ORD-00548,2025-10-16,P06,Wireless Mouse,Accessories,Aegean,Retail,Corporate,4,0.05,224.2,100,124.2,221.84
ORD-00549,2025-10-16,P12,Portable SSD 1TB,Storage,Aegean,Online,Consumer,1,0.05,141.55,84,57.55,140.06
ORD-00550,2025-10-16,P11,Standing Desk,Office,Central Anatolia,Marketplace,Small Business,1,0.1,629.1,440,189.1,657.06
ORD-00551,2025-10-16,P03,4K Monitor,Displays,Marmara,Retail,Consumer,3,0,1287,810,477,1209.78
ORD-00552,2025-10-16,P11,Standing Desk,Office,Central Anatolia,Retail,Consumer,1,0.05,664.05,440,224.05,657.06
ORD-00553,2025-10-16,P11,Standing Desk,Office,Aegean,Marketplace,Corporate,1,0,699,440,259,657.06
ORD-00554,2025-10-16,P02,Office Laptop 15,Computing,Central Anatolia,Marketplace,Consumer,3,0.15,2292.45,1770,522.45,2535.18
ORD-00555,2025-10-17,P06,Wireless Mouse,Accessories,Aegean,Marketplace,Corporate,4,0.1,212.4,100,112.4,221.84
ORD-00556,2025-10-17,P08,Noise-Cancel Headphones,Audio,Mediterranean,Online,Consumer,3,0.15,634.95,399,235.95,702.18
ORD-00557,2025-10-17,P11,Standing Desk,Office,Central Anatolia,Marketplace,Consumer,4,0.1,2516.4,1760,756.4,2628.24
ORD-00558,2025-10-17,P12,Portable SSD 1TB,Storage,Aegean,Online,Small Business,4,0.1,536.4,336,200.4,560.24
ORD-00559,2025-10-17,P03,4K Monitor,Displays,Mediterranean,Online,Small Business,1,0.05,407.55,270,137.55,403.26
ORD-00560,2025-10-17,P01,Laptop Pro 14,Computing,Central Anatolia,Marketplace,Small Business,3,0,3897,2460,1437,3663.18
ORD-00561,2025-10-17,P07,USB-C Dock,Accessories,Marmara,Online,Corporate,1,0.15,143.65,92,51.65,158.86
ORD-00562,2025-10-17,P10,Ergonomic Chair,Office,Central Anatolia,Online,Small Business,2,0,998,630,368,938.12
ORD-00563,2025-10-18,P12,Portable SSD 1TB,Storage,Marmara,Online,Consumer,4,0.15,506.6,336,170.6,560.24
ORD-00564,2025-10-18,P12,Portable SSD 1TB,Storage,Aegean,Retail,Consumer,1,0.15,126.65,84,42.65,140.06
ORD-00565,2025-10-18,P07,USB-C Dock,Accessories,Mediterranean,Online,Consumer,1,0.05,160.55,92,68.55,158.86
ORD-00566,2025-10-18,P04,27-inch Monitor,Displays,Mediterranean,Retail,Corporate,1,0.2,231.2,185,46.2,271.66
ORD-00567,2025-10-18,P12,Portable SSD 1TB,Storage,Mediterranean,Online,Corporate,1,0,149,84,65,140.06
ORD-00568,2025-10-18,P08,Noise-Cancel Headphones,Audio,Central Anatolia,Online,Consumer,2,0.05,473.1,266,207.1,468.12
ORD-00569,2025-10-18,P07,USB-C Dock,Accessories,Marmara,Retail,Small Business,1,0.1,152.1,92,60.1,158.86
ORD-00570,2025-10-18,P08,Noise-Cancel Headphones,Audio,Mediterranean,Online,Corporate,1,0.1,224.1,133,91.1,234.06
ORD-00571,2025-10-18,P11,Standing Desk,Office,Central Anatolia,Online,Corporate,2,0.05,1328.1,880,448.1,1314.12
ORD-00572,2025-10-18,P12,Portable SSD 1TB,Storage,Marmara,Retail,Small Business,2,0,298,168,130,280.12
ORD-00573,2025-10-19,P11,Standing Desk,Office,Central Anatolia,Retail,Small Business,1,0,699,440,259,657.06
ORD-00574,2025-10-19,P06,Wireless Mouse,Accessories,Marmara,Marketplace,Consumer,1,0,59,25,34,55.46
ORD-00575,2025-10-19,P02,Office Laptop 15,Computing,Aegean,Retail,Small Business,3,0.2,2157.6,1770,387.6,2535.18
ORD-00576,2025-10-19,P06,Wireless Mouse,Accessories,Central Anatolia,Marketplace,Corporate,3,0.1,159.3,75,84.3,166.38
ORD-00577,2025-10-19,P11,Standing Desk,Office,Aegean,Online,Small Business,2,0.05,1328.1,880,448.1,1314.12
ORD-00578,2025-10-19,P01,Laptop Pro 14,Computing,Marmara,Retail,Corporate,1,0,1299,820,479,1221.06
ORD-00579,2025-10-19,P07,USB-C Dock,Accessories,Marmara,Online,Corporate,1,0.15,143.65,92,51.65,158.86
ORD-00580,2025-10-20,P11,Standing Desk,Office,Central Anatolia,Retail,Consumer,2,0.05,1328.1,880,448.1,1314.12
ORD-00581,2025-10-20,P12,Portable SSD 1TB,Storage,Aegean,Retail,Small Business,1,0.05,141.55,84,57.55,140.06
ORD-00582,2025-10-20,P12,Portable SSD 1TB,Storage,Marmara,Online,Small Business,1,0,149,84,65,140.06
ORD-00583,2025-10-20,P08,Noise-Cancel Headphones,Audio,Aegean,Marketplace,Small Business,1,0.1,224.1,133,91.1,234.06
ORD-00584,2025-10-20,P01,Laptop Pro 14,Computing,Marmara,Marketplace,Corporate,1,0,1299,820,479,1221.06
ORD-00585,2025-10-20,P10,Ergonomic Chair,Office,Mediterranean,Online,Consumer,1,0.1,449.1,315,134.1,469.06
ORD-00586,2025-10-21,P02,Office Laptop 15,Computing,Aegean,Online,Corporate,2,0.15,1528.3,1180,348.3,1690.12
ORD-00587,2025-10-21,P02,Office Laptop 15,Computing,Mediterranean,Retail,Consumer,1,0,899,590,309,845.06
ORD-00588,2025-10-21,P03,4K Monitor,Displays,Central Anatolia,Marketplace,Corporate,1,0.1,386.1,270,116.1,403.26
ORD-00589,2025-10-21,P03,4K Monitor,Displays,Marmara,Marketplace,Consumer,2,0.2,686.4,540,146.4,806.52
ORD-00590,2025-10-21,P05,Mechanical Keyboard,Accessories,Marmara,Retail,Small Business,1,0.05,113.05,61,52.05,111.86
ORD-00591,2025-10-21,P09,Portable Speaker,Audio,Aegean,Marketplace,Consumer,2,0,238,126,112,223.72
ORD-00592,2025-10-21,P01,Laptop Pro 14,Computing,Central Anatolia,Retail,Consumer,1,0.1,1169.1,820,349.1,1221.06
ORD-00593,2025-10-22,P12,Portable SSD 1TB,Storage,Central Anatolia,Retail,Small Business,2,0.05,283.1,168,115.1,280.12
ORD-00594,2025-10-22,P10,Ergonomic Chair,Office,Central Anatolia,Retail,Consumer,1,0.05,474.05,315,159.05,469.06
ORD-00595,2025-10-22,P01,Laptop Pro 14,Computing,Central Anatolia,Marketplace,Small Business,2,0,2598,1640,958,2442.12
ORD-00596,2025-10-22,P03,4K Monitor,Displays,Mediterranean,Marketplace,Small Business,1,0,429,270,159,403.26
ORD-00597,2025-10-22,P04,27-inch Monitor,Displays,Central Anatolia,Retail,Corporate,1,0,289,185,104,271.66
ORD-00598,2025-10-22,P05,Mechanical Keyboard,Accessories,Marmara,Marketplace,Consumer,1,0.1,107.1,61,46.1,111.86
ORD-00599,2025-10-22,P06,Wireless Mouse,Accessories,Mediterranean,Marketplace,Small Business,2,0,118,50,68,110.92
ORD-00600,2025-10-22,P12,Portable SSD 1TB,Storage,Aegean,Marketplace,Small Business,3,0,447,252,195,420.18
ORD-00601,2025-10-22,P04,27-inch Monitor,Displays,Mediterranean,Retail,Corporate,1,0,289,185,104,271.66
ORD-00602,2025-10-22,P05,Mechanical Keyboard,Accessories,Aegean,Marketplace,Small Business,1,0,119,61,58,111.86
ORD-00603,2025-10-23,P10,Ergonomic Chair,Office,Mediterranean,Marketplace,Corporate,1,0.1,449.1,315,134.1,469.06
ORD-00604,2025-10-23,P03,4K Monitor,Displays,Central Anatolia,Online,Corporate,1,0.1,386.1,270,116.1,403.26
ORD-00605,2025-10-23,P03,4K Monitor,Displays,Mediterranean,Marketplace,Corporate,1,0.15,364.65,270,94.65,403.26
ORD-00606,2025-10-23,P08,Noise-Cancel Headphones,Audio,Central Anatolia,Online,Corporate,2,0,498,266,232,468.12
ORD-00607,2025-10-23,P11,Standing Desk,Office,Mediterranean,Retail,Consumer,3,0,2097,1320,777,1971.18
ORD-00608,2025-10-23,P07,USB-C Dock,Accessories,Aegean,Online,Small Business,1,0.1,152.1,92,60.1,158.86
ORD-00609,2025-10-24,P01,Laptop Pro 14,Computing,Central Anatolia,Marketplace,Corporate,1,0.1,1169.1,820,349.1,1221.06
ORD-00610,2025-10-24,P07,USB-C Dock,Accessories,Aegean,Retail,Small Business,1,0.05,160.55,92,68.55,158.86
ORD-00611,2025-10-24,P03,4K Monitor,Displays,Mediterranean,Retail,Small Business,1,0,429,270,159,403.26
ORD-00612,2025-10-24,P12,Portable SSD 1TB,Storage,Central Anatolia,Online,Corporate,2,0,298,168,130,280.12
ORD-00613,2025-10-24,P10,Ergonomic Chair,Office,Aegean,Marketplace,Small Business,1,0,499,315,184,469.06
ORD-00614,2025-10-25,P01,Laptop Pro 14,Computing,Central Anatolia,Online,Small Business,3,0,3897,2460,1437,3663.18
ORD-00615,2025-10-25,P12,Portable SSD 1TB,Storage,Marmara,Online,Consumer,1,0,149,84,65,140.06
ORD-00616,2025-10-25,P10,Ergonomic Chair,Office,Central Anatolia,Online,Corporate,2,0.05,948.1,630,318.1,938.12
ORD-00617,2025-10-25,P09,Portable Speaker,Audio,Mediterranean,Retail,Corporate,1,0.1,107.1,63,44.1,111.86
ORD-00618,2025-10-25,P08,Noise-Cancel Headphones,Audio,Central Anatolia,Online,Corporate,1,0,249,133,116,234.06
ORD-00619,2025-10-25,P07,USB-C Dock,Accessories,Marmara,Retail,Corporate,1,0.05,160.55,92,68.55,158.86
ORD-00620,2025-10-25,P02,Office Laptop 15,Computing,Marmara,Retail,Small Business,3,0.1,2427.3,1770,657.3,2535.18
ORD-00621,2025-10-25,P05,Mechanical Keyboard,Accessories,Marmara,Retail,Corporate,2,0,238,122,116,223.72
ORD-00622,2025-10-26,P12,Portable SSD 1TB,Storage,Marmara,Marketplace,Corporate,1,0.05,141.55,84,57.55,140.06
ORD-00623,2025-10-26,P07,USB-C Dock,Accessories,Aegean,Online,Consumer,1,0.15,143.65,92,51.65,158.86
ORD-00624,2025-10-26,P09,Portable Speaker,Audio,Central Anatolia,Online,Small Business,2,0,238,126,112,223.72
ORD-00625,2025-10-26,P06,Wireless Mouse,Accessories,Central Anatolia,Retail,Consumer,2,0,118,50,68,110.92
ORD-00626,2025-10-26,P07,USB-C Dock,Accessories,Mediterranean,Retail,Small Business,1,0.1,152.1,92,60.1,158.86
ORD-00627,2025-10-27,P09,Portable Speaker,Audio,Marmara,Online,Consumer,2,0.15,202.3,126,76.3,223.72
ORD-00628,2025-10-27,P04,27-inch Monitor,Displays,Marmara,Retail,Corporate,1,0,289,185,104,271.66
ORD-00629,2025-10-27,P10,Ergonomic Chair,Office,Central Anatolia,Marketplace,Corporate,1,0.1,449.1,315,134.1,469.06
ORD-00630,2025-10-27,P01,Laptop Pro 14,Computing,Aegean,Online,Consumer,1,0,1299,820,479,1221.06
ORD-00631,2025-10-27,P02,Office Laptop 15,Computing,Mediterranean,Online,Consumer,1,0,899,590,309,845.06
ORD-00632,2025-10-27,P07,USB-C Dock,Accessories,Mediterranean,Marketplace,Corporate,3,0,507,276,231,476.58
ORD-00633,2025-10-27,P06,Wireless Mouse,Accessories,Central Anatolia,Marketplace,Consumer,2,0.15,100.3,50,50.3,110.92
ORD-00634,2025-10-27,P02,Office Laptop 15,Computing,Marmara,Marketplace,Corporate,1,0,899,590,309,845.06
ORD-00635,2025-10-28,P04,27-inch Monitor,Displays,Mediterranean,Online,Consumer,3,0.15,736.95,555,181.95,814.98
ORD-00636,2025-10-28,P04,27-inch Monitor,Displays,Aegean,Retail,Consumer,1,0.05,274.55,185,89.55,271.66
ORD-00637,2025-10-28,P03,4K Monitor,Displays,Mediterranean,Retail,Small Business,1,0.05,407.55,270,137.55,403.26
ORD-00638,2025-10-28,P07,USB-C Dock,Accessories,Central Anatolia,Retail,Consumer,1,0.15,143.65,92,51.65,158.86
ORD-00639,2025-10-28,P04,27-inch Monitor,Displays,Marmara,Online,Corporate,1,0,289,185,104,271.66
ORD-00640,2025-10-28,P12,Portable SSD 1TB,Storage,Central Anatolia,Retail,Consumer,2,0.05,283.1,168,115.1,280.12
ORD-00641,2025-10-28,P12,Portable SSD 1TB,Storage,Central Anatolia,Online,Small Business,2,0,298,168,130,280.12
ORD-00642,2025-10-29,P11,Standing Desk,Office,Aegean,Online,Corporate,3,0.05,1992.15,1320,672.15,1971.18
ORD-00643,2025-10-29,P01,Laptop Pro 14,Computing,Marmara,Online,Small Business,1,0,1299,820,479,1221.06
ORD-00644,2025-10-29,P10,Ergonomic Chair,Office,Marmara,Marketplace,Small Business,2,0,998,630,368,938.12
ORD-00645,2025-10-29,P10,Ergonomic Chair,Office,Mediterranean,Marketplace,Consumer,2,0,998,630,368,938.12
ORD-00646,2025-10-29,P12,Portable SSD 1TB,Storage,Marmara,Retail,Consumer,1,0,149,84,65,140.06
ORD-00647,2025-10-29,P08,Noise-Cancel Headphones,Audio,Aegean,Retail,Consumer,3,0.1,672.3,399,273.3,702.18
ORD-00648,2025-10-29,P08,Noise-Cancel Headphones,Audio,Aegean,Online,Corporate,1,0,249,133,116,234.06
ORD-00649,2025-10-29,P05,Mechanical Keyboard,Accessories,Aegean,Marketplace,Corporate,2,0.15,202.3,122,80.3,223.72
ORD-00650,2025-10-30,P08,Noise-Cancel Headphones,Audio,Marmara,Marketplace,Small Business,1,0,249,133,116,234.06
ORD-00651,2025-10-30,P12,Portable SSD 1TB,Storage,Mediterranean,Retail,Small Business,3,0.2,357.6,252,105.6,420.18
ORD-00652,2025-10-30,P04,27-inch Monitor,Displays,Aegean,Online,Small Business,1,0,289,185,104,271.66
ORD-00653,2025-10-30,P03,4K Monitor,Displays,Central Anatolia,Marketplace,Corporate,1,0.1,386.1,270,116.1,403.26
ORD-00654,2025-10-30,P07,USB-C Dock,Accessories,Marmara,Online,Small Business,3,0,507,276,231,476.58
ORD-00655,2025-10-30,P06,Wireless Mouse,Accessories,Aegean,Retail,Corporate,1,0.1,53.1,25,28.1,55.46
ORD-00656,2025-10-31,P05,Mechanical Keyboard,Accessories,Central Anatolia,Marketplace,Small Business,1,0.1,107.1,61,46.1,111.86
ORD-00657,2025-10-31,P12,Portable SSD 1TB,Storage,Marmara,Online,Corporate,3,0.15,379.95,252,127.95,420.18
ORD-00658,2025-10-31,P02,Office Laptop 15,Computing,Mediterranean,Marketplace,Corporate,2,0.05,1708.1,1180,528.1,1690.12
ORD-00659,2025-10-31,P11,Standing Desk,Office,Central Anatolia,Online,Small Business,1,0,699,440,259,657.06
ORD-00660,2025-10-31,P02,Office Laptop 15,Computing,Aegean,Retail,Corporate,1,0,899,590,309,845.06
ORD-00661,2025-10-31,P04,27-inch Monitor,Displays,Marmara,Online,Small Business,2,0,578,370,208,543.32
ORD-00662,2025-10-31,P07,USB-C Dock,Accessories,Aegean,Marketplace,Consumer,1,0.05,160.55,92,68.55,158.86
ORD-00663,2025-10-31,P05,Mechanical Keyboard,Accessories,Central Anatolia,Retail,Consumer,1,0.1,107.1,61,46.1,111.86
ORD-00664,2025-10-31,P07,USB-C Dock,Accessories,Mediterranean,Retail,Consumer,1,0.05,160.55,92,68.55,158.86
ORD-00665,2025-11-01,P02,Office Laptop 15,Computing,Aegean,Retail,Small Business,1,0.1,809.1,590,219.1,845.06
ORD-00666,2025-11-01,P06,Wireless Mouse,Accessories,Central Anatolia,Online,Corporate,1,0.15,50.15,25,25.15,55.46
ORD-00667,2025-11-01,P05,Mechanical Keyboard,Accessories,Mediterranean,Marketplace,Corporate,2,0,238,122,116,223.72
ORD-00668,2025-11-01,P09,Portable Speaker,Audio,Marmara,Marketplace,Small Business,4,0.1,428.4,252,176.4,447.44
ORD-00669,2025-11-01,P06,Wireless Mouse,Accessories,Aegean,Marketplace,Corporate,1,0.15,50.15,25,25.15,55.46
ORD-00670,2025-11-01,P07,USB-C Dock,Accessories,Marmara,Retail,Corporate,4,0,676,368,308,635.44
ORD-00671,2025-11-01,P09,Portable Speaker,Audio,Central Anatolia,Retail,Consumer,4,0.1,428.4,252,176.4,447.44
ORD-00672,2025-11-01,P06,Wireless Mouse,Accessories,Marmara,Retail,Small Business,1,0.1,53.1,25,28.1,55.46
ORD-00673,2025-11-02,P12,Portable SSD 1TB,Storage,Aegean,Retail,Consumer,1,0.15,126.65,84,42.65,140.06
ORD-00674,2025-11-02,P11,Standing Desk,Office,Mediterranean,Online,Consumer,1,0,699,440,259,657.06
ORD-00675,2025-11-02,P09,Portable Speaker,Audio,Central Anatolia,Retail,Corporate,1,0.05,113.05,63,50.05,111.86
ORD-00676,2025-11-02,P05,Mechanical Keyboard,Accessories,Central Anatolia,Retail,Corporate,2,0.1,214.2,122,92.2,223.72
ORD-00677,2025-11-02,P02,Office Laptop 15,Computing,Central Anatolia,Retail,Corporate,1,0,899,590,309,845.06
ORD-00678,2025-11-02,P04,27-inch Monitor,Displays,Marmara,Online,Corporate,2,0.1,520.2,370,150.2,543.32
ORD-00679,2025-11-02,P07,USB-C Dock,Accessories,Aegean,Marketplace,Corporate,1,0.1,152.1,92,60.1,158.86
ORD-00680,2025-11-02,P08,Noise-Cancel Headphones,Audio,Marmara,Retail,Consumer,4,0,996,532,464,936.24
ORD-00681,2025-11-02,P09,Portable Speaker,Audio,Mediterranean,Marketplace,Consumer,1,0,119,63,56,111.86
ORD-00682,2025-11-02,P07,USB-C Dock,Accessories,Marmara,Marketplace,Corporate,1,0,169,92,77,158.86
ORD-00683,2025-11-02,P10,Ergonomic Chair,Office,Central Anatolia,Retail,Consumer,1,0,499,315,184,469.06
ORD-00684,2025-11-03,P11,Standing Desk,Office,Mediterranean,Retail,Small Business,1,0,699,440,259,657.06
ORD-00685,2025-11-03,P01,Laptop Pro 14,Computing,Marmara,Online,Corporate,3,0.05,3702.15,2460,1242.15,3663.18
ORD-00686,2025-11-03,P02,Office Laptop 15,Computing,Aegean,Online,Corporate,3,0,2697,1770,927,2535.18
ORD-00687,2025-11-03,P06,Wireless Mouse,Accessories,Marmara,Retail,Corporate,1,0,59,25,34,55.46
ORD-00688,2025-11-03,P08,Noise-Cancel Headphones,Audio,Mediterranean,Online,Corporate,2,0,498,266,232,468.12
ORD-00689,2025-11-03,P11,Standing Desk,Office,Central Anatolia,Retail,Small Business,2,0,1398,880,518,1314.12
ORD-00690,2025-11-04,P01,Laptop Pro 14,Computing,Aegean,Online,Consumer,2,0,2598,1640,958,2442.12
ORD-00691,2025-11-04,P04,27-inch Monitor,Displays,Mediterranean,Marketplace,Small Business,1,0.15,245.65,185,60.65,271.66
ORD-00692,2025-11-04,P12,Portable SSD 1TB,Storage,Aegean,Marketplace,Consumer,1,0,149,84,65,140.06
ORD-00693,2025-11-04,P10,Ergonomic Chair,Office,Marmara,Marketplace,Corporate,1,0.15,424.15,315,109.15,469.06
ORD-00694,2025-11-04,P09,Portable Speaker,Audio,Aegean,Retail,Corporate,2,0,238,126,112,223.72
ORD-00695,2025-11-04,P06,Wireless Mouse,Accessories,Aegean,Online,Corporate,1,0.1,53.1,25,28.1,55.46
ORD-00696,2025-11-04,P09,Portable Speaker,Audio,Mediterranean,Online,Consumer,1,0.1,107.1,63,44.1,111.86
ORD-00697,2025-11-04,P01,Laptop Pro 14,Computing,Mediterranean,Marketplace,Small Business,1,0.05,1234.05,820,414.05,1221.06
ORD-00698,2025-11-04,P10,Ergonomic Chair,Office,Aegean,Marketplace,Corporate,2,0,998,630,368,938.12
ORD-00699,2025-11-04,P08,Noise-Cancel Headphones,Audio,Mediterranean,Marketplace,Consumer,3,0,747,399,348,702.18
ORD-00700,2025-11-04,P10,Ergonomic Chair,Office,Mediterranean,Marketplace,Corporate,1,0,499,315,184,469.06
ORD-00701,2025-11-04,P09,Portable Speaker,Audio,Mediterranean,Retail,Corporate,1,0,119,63,56,111.86
ORD-00702,2025-11-05,P11,Standing Desk,Office,Mediterranean,Retail,Corporate,1,0.05,664.05,440,224.05,657.06
ORD-00703,2025-11-05,P10,Ergonomic Chair,Office,Marmara,Marketplace,Small Business,2,0.15,848.3,630,218.3,938.12
ORD-00704,2025-11-05,P01,Laptop Pro 14,Computing,Mediterranean,Online,Corporate,1,0,1299,820,479,1221.06
ORD-00705,2025-11-05,P11,Standing Desk,Office,Marmara,Marketplace,Small Business,2,0.05,1328.1,880,448.1,1314.12
ORD-00706,2025-11-05,P12,Portable SSD 1TB,Storage,Mediterranean,Marketplace,Small Business,1,0.2,119.2,84,35.2,140.06
ORD-00707,2025-11-05,P01,Laptop Pro 14,Computing,Marmara,Marketplace,Corporate,2,0.05,2468.1,1640,828.1,2442.12
ORD-00708,2025-11-05,P10,Ergonomic Chair,Office,Aegean,Marketplace,Corporate,4,0.05,1896.2,1260,636.2,1876.24
ORD-00709,2025-11-05,P04,27-inch Monitor,Displays,Mediterranean,Marketplace,Corporate,2,0.1,520.2,370,150.2,543.32
ORD-00710,2025-11-05,P10,Ergonomic Chair,Office,Mediterranean,Online,Corporate,1,0.1,449.1,315,134.1,469.06
ORD-00711,2025-11-05,P01,Laptop Pro 14,Computing,Central Anatolia,Marketplace,Consumer,1,0,1299,820,479,1221.06
ORD-00712,2025-11-05,P10,Ergonomic Chair,Office,Marmara,Marketplace,Corporate,4,0.2,1596.8,1260,336.8,1876.24
ORD-00713,2025-11-06,P10,Ergonomic Chair,Office,Marmara,Online,Consumer,1,0.1,449.1,315,134.1,469.06
ORD-00714,2025-11-06,P01,Laptop Pro 14,Computing,Marmara,Marketplace,Corporate,1,0,1299,820,479,1221.06
ORD-00715,2025-11-06,P06,Wireless Mouse,Accessories,Marmara,Retail,Consumer,1,0,59,25,34,55.46
ORD-00716,2025-11-06,P05,Mechanical Keyboard,Accessories,Marmara,Retail,Corporate,1,0.05,113.05,61,52.05,111.86
ORD-00717,2025-11-06,P05,Mechanical Keyboard,Accessories,Central Anatolia,Marketplace,Consumer,1,0,119,61,58,111.86
ORD-00718,2025-11-06,P10,Ergonomic Chair,Office,Marmara,Marketplace,Corporate,1,0.05,474.05,315,159.05,469.06
ORD-00719,2025-11-06,P02,Office Laptop 15,Computing,Aegean,Retail,Corporate,2,0,1798,1180,618,1690.12
ORD-00720,2025-11-06,P01,Laptop Pro 14,Computing,Marmara,Retail,Corporate,1,0.15,1104.15,820,284.15,1221.06
ORD-00721,2025-11-07,P01,Laptop Pro 14,Computing,Marmara,Online,Corporate,1,0.05,1234.05,820,414.05,1221.06
ORD-00722,2025-11-07,P07,USB-C Dock,Accessories,Marmara,Retail,Consumer,1,0.05,160.55,92,68.55,158.86
ORD-00723,2025-11-07,P09,Portable Speaker,Audio,Central Anatolia,Retail,Corporate,3,0.05,339.15,189,150.15,335.58
ORD-00724,2025-11-07,P05,Mechanical Keyboard,Accessories,Central Anatolia,Online,Small Business,1,0.05,113.05,61,52.05,111.86
ORD-00725,2025-11-07,P08,Noise-Cancel Headphones,Audio,Central Anatolia,Marketplace,Consumer,1,0,249,133,116,234.06
ORD-00726,2025-11-07,P03,4K Monitor,Displays,Aegean,Retail,Consumer,1,0.15,364.65,270,94.65,403.26
ORD-00727,2025-11-07,P05,Mechanical Keyboard,Accessories,Central Anatolia,Marketplace,Small Business,2,0.05,226.1,122,104.1,223.72
ORD-00728,2025-11-07,P10,Ergonomic Chair,Office,Marmara,Marketplace,Consumer,2,0.15,848.3,630,218.3,938.12
ORD-00729,2025-11-07,P02,Office Laptop 15,Computing,Aegean,Retail,Consumer,3,0.15,2292.45,1770,522.45,2535.18
ORD-00730,2025-11-07,P05,Mechanical Keyboard,Accessories,Central Anatolia,Online,Consumer,3,0.05,339.15,183,156.15,335.58
ORD-00731,2025-11-07,P03,4K Monitor,Displays,Central Anatolia,Online,Corporate,1,0,429,270,159,403.26
ORD-00732,2025-11-07,P04,27-inch Monitor,Displays,Mediterranean,Online,Small Business,3,0.1,780.3,555,225.3,814.98
ORD-00733,2025-11-08,P02,Office Laptop 15,Computing,Central Anatolia,Retail,Small Business,2,0,1798,1180,618,1690.12
ORD-00734,2025-11-08,P02,Office Laptop 15,Computing,Mediterranean,Retail,Corporate,2,0.1,1618.2,1180,438.2,1690.12
ORD-00735,2025-11-08,P06,Wireless Mouse,Accessories,Aegean,Online,Corporate,2,0,118,50,68,110.92
ORD-00736,2025-11-08,P02,Office Laptop 15,Computing,Marmara,Retail,Consumer,1,0,899,590,309,845.06
ORD-00737,2025-11-08,P11,Standing Desk,Office,Marmara,Retail,Consumer,1,0,699,440,259,657.06
ORD-00738,2025-11-08,P06,Wireless Mouse,Accessories,Central Anatolia,Retail,Consumer,2,0,118,50,68,110.92
ORD-00739,2025-11-08,P06,Wireless Mouse,Accessories,Central Anatolia,Marketplace,Small Business,1,0,59,25,34,55.46
ORD-00740,2025-11-08,P06,Wireless Mouse,Accessories,Mediterranean,Marketplace,Small Business,1,0.05,56.05,25,31.05,55.46
ORD-00741,2025-11-08,P06,Wireless Mouse,Accessories,Mediterranean,Retail,Corporate,1,0,59,25,34,55.46
ORD-00742,2025-11-08,P08,Noise-Cancel Headphones,Audio,Marmara,Retail,Small Business,1,0.1,224.1,133,91.1,234.06
ORD-00743,2025-11-08,P12,Portable SSD 1TB,Storage,Aegean,Marketplace,Small Business,1,0.05,141.55,84,57.55,140.06
ORD-00744,2025-11-09,P09,Portable Speaker,Audio,Aegean,Online,Corporate,3,0.15,303.45,189,114.45,335.58
ORD-00745,2025-11-09,P08,Noise-Cancel Headphones,Audio,Central Anatolia,Online,Consumer,3,0.05,709.65,399,310.65,702.18
ORD-00746,2025-11-09,P12,Portable SSD 1TB,Storage,Aegean,Online,Corporate,1,0.1,134.1,84,50.1,140.06
ORD-00747,2025-11-09,P06,Wireless Mouse,Accessories,Marmara,Marketplace,Small Business,1,0,59,25,34,55.46
ORD-00748,2025-11-09,P10,Ergonomic Chair,Office,Aegean,Marketplace,Consumer,1,0.1,449.1,315,134.1,469.06
ORD-00749,2025-11-09,P01,Laptop Pro 14,Computing,Aegean,Retail,Consumer,2,0.1,2338.2,1640,698.2,2442.12
ORD-00750,2025-11-09,P09,Portable Speaker,Audio,Central Anatolia,Marketplace,Consumer,1,0.2,95.2,63,32.2,111.86
ORD-00751,2025-11-10,P01,Laptop Pro 14,Computing,Marmara,Marketplace,Small Business,1,0.2,1039.2,820,219.2,1221.06
ORD-00752,2025-11-10,P07,USB-C Dock,Accessories,Mediterranean,Retail,Consumer,1,0.15,143.65,92,51.65,158.86
ORD-00753,2025-11-10,P02,Office Laptop 15,Computing,Aegean,Online,Consumer,2,0.05,1708.1,1180,528.1,1690.12
ORD-00754,2025-11-10,P09,Portable Speaker,Audio,Mediterranean,Retail,Consumer,1,0,119,63,56,111.86
ORD-00755,2025-11-10,P06,Wireless Mouse,Accessories,Marmara,Online,Small Business,4,0.05,224.2,100,124.2,221.84
ORD-00756,2025-11-10,P11,Standing Desk,Office,Aegean,Retail,Small Business,1,0,699,440,259,657.06
ORD-00757,2025-11-10,P05,Mechanical Keyboard,Accessories,Central Anatolia,Online,Corporate,1,0.15,101.15,61,40.15,111.86
ORD-00758,2025-11-10,P09,Portable Speaker,Audio,Central Anatolia,Online,Small Business,1,0.15,101.15,63,38.15,111.86
ORD-00759,2025-11-10,P05,Mechanical Keyboard,Accessories,Aegean,Online,Consumer,1,0.1,107.1,61,46.1,111.86
ORD-00760,2025-11-10,P01,Laptop Pro 14,Computing,Aegean,Retail,Consumer,3,0.1,3507.3,2460,1047.3,3663.18
ORD-00761,2025-11-11,P03,4K Monitor,Displays,Marmara,Retail,Consumer,1,0.05,407.55,270,137.55,403.26
ORD-00762,2025-11-11,P05,Mechanical Keyboard,Accessories,Aegean,Online,Corporate,3,0,357,183,174,335.58
ORD-00763,2025-11-11,P03,4K Monitor,Displays,Central Anatolia,Retail,Small Business,1,0,429,270,159,403.26
ORD-00764,2025-11-11,P07,USB-C Dock,Accessories,Central Anatolia,Online,Small Business,4,0.05,642.2,368,274.2,635.44
ORD-00765,2025-11-11,P09,Portable Speaker,Audio,Marmara,Retail,Corporate,2,0.15,202.3,126,76.3,223.72
ORD-00766,2025-11-11,P08,Noise-Cancel Headphones,Audio,Aegean,Retail,Consumer,2,0.05,473.1,266,207.1,468.12
ORD-00767,2025-11-12,P06,Wireless Mouse,Accessories,Central Anatolia,Online,Corporate,1,0.1,53.1,25,28.1,55.46
ORD-00768,2025-11-12,P09,Portable Speaker,Audio,Aegean,Marketplace,Small Business,2,0.1,214.2,126,88.2,223.72
ORD-00769,2025-11-12,P09,Portable Speaker,Audio,Mediterranean,Marketplace,Consumer,2,0.1,214.2,126,88.2,223.72
ORD-00770,2025-11-12,P05,Mechanical Keyboard,Accessories,Aegean,Marketplace,Small Business,1,0.1,107.1,61,46.1,111.86
ORD-00771,2025-11-12,P08,Noise-Cancel Headphones,Audio,Aegean,Online,Small Business,2,0.05,473.1,266,207.1,468.12
ORD-00772,2025-11-12,P01,Laptop Pro 14,Computing,Marmara,Retail,Small Business,1,0.1,1169.1,820,349.1,1221.06
ORD-00773,2025-11-12,P10,Ergonomic Chair,Office,Marmara,Retail,Small Business,2,0,998,630,368,938.12
ORD-00774,2025-11-12,P06,Wireless Mouse,Accessories,Mediterranean,Retail,Small Business,2,0.1,106.2,50,56.2,110.92
ORD-00775,2025-11-12,P09,Portable Speaker,Audio,Central Anatolia,Online,Small Business,1,0.05,113.05,63,50.05,111.86
ORD-00776,2025-11-12,P05,Mechanical Keyboard,Accessories,Aegean,Retail,Small Business,1,0.1,107.1,61,46.1,111.86
ORD-00777,2025-11-13,P07,USB-C Dock,Accessories,Mediterranean,Online,Small Business,1,0.2,135.2,92,43.2,158.86
ORD-00778,2025-11-13,P10,Ergonomic Chair,Office,Central Anatolia,Online,Corporate,1,0.05,474.05,315,159.05,469.06
ORD-00779,2025-11-13,P01,Laptop Pro 14,Computing,Marmara,Marketplace,Small Business,1,0,1299,820,479,1221.06
ORD-00780,2025-11-13,P09,Portable Speaker,Audio,Marmara,Online,Small Business,2,0.05,226.1,126,100.1,223.72
ORD-00781,2025-11-13,P12,Portable SSD 1TB,Storage,Aegean,Retail,Corporate,1,0,149,84,65,140.06
ORD-00782,2025-11-13,P01,Laptop Pro 14,Computing,Aegean,Marketplace,Consumer,2,0.05,2468.1,1640,828.1,2442.12
ORD-00783,2025-11-13,P02,Office Laptop 15,Computing,Mediterranean,Marketplace,Small Business,1,0,899,590,309,845.06
ORD-00784,2025-11-13,P06,Wireless Mouse,Accessories,Marmara,Marketplace,Small Business,2,0,118,50,68,110.92
ORD-00785,2025-11-13,P09,Portable Speaker,Audio,Marmara,Retail,Small Business,2,0,238,126,112,223.72
ORD-00786,2025-11-13,P12,Portable SSD 1TB,Storage,Marmara,Retail,Consumer,2,0,298,168,130,280.12
ORD-00787,2025-11-14,P10,Ergonomic Chair,Office,Aegean,Retail,Consumer,1,0.15,424.15,315,109.15,469.06
ORD-00788,2025-11-14,P02,Office Laptop 15,Computing,Marmara,Marketplace,Small Business,1,0.1,809.1,590,219.1,845.06
ORD-00789,2025-11-14,P07,USB-C Dock,Accessories,Aegean,Retail,Consumer,1,0,169,92,77,158.86
ORD-00790,2025-11-14,P02,Office Laptop 15,Computing,Central Anatolia,Retail,Corporate,1,0.1,809.1,590,219.1,845.06
ORD-00791,2025-11-14,P03,4K Monitor,Displays,Central Anatolia,Marketplace,Consumer,2,0,858,540,318,806.52
ORD-00792,2025-11-14,P09,Portable Speaker,Audio,Central Anatolia,Marketplace,Small Business,2,0,238,126,112,223.72
ORD-00793,2025-11-15,P07,USB-C Dock,Accessories,Marmara,Marketplace,Small Business,2,0.1,304.2,184,120.2,317.72
ORD-00794,2025-11-15,P05,Mechanical Keyboard,Accessories,Central Anatolia,Retail,Corporate,1,0,119,61,58,111.86
ORD-00795,2025-11-15,P07,USB-C Dock,Accessories,Mediterranean,Retail,Consumer,3,0,507,276,231,476.58
ORD-00796,2025-11-15,P11,Standing Desk,Office,Central Anatolia,Marketplace,Consumer,4,0.1,2516.4,1760,756.4,2628.24
ORD-00797,2025-11-15,P11,Standing Desk,Office,Aegean,Retail,Corporate,1,0,699,440,259,657.06
ORD-00798,2025-11-15,P09,Portable Speaker,Audio,Mediterranean,Online,Consumer,3,0,357,189,168,335.58
ORD-00799,2025-11-15,P04,27-inch Monitor,Displays,Aegean,Marketplace,Consumer,1,0.2,231.2,185,46.2,271.66
ORD-00800,2025-11-16,P11,Standing Desk,Office,Central Anatolia,Online,Consumer,2,0.05,1328.1,880,448.1,1314.12
ORD-00801,2025-11-16,P01,Laptop Pro 14,Computing,Central Anatolia,Marketplace,Small Business,1,0,1299,820,479,1221.06
ORD-00802,2025-11-16,P01,Laptop Pro 14,Computing,Mediterranean,Online,Small Business,1,0.1,1169.1,820,349.1,1221.06
ORD-00803,2025-11-16,P03,4K Monitor,Displays,Central Anatolia,Retail,Corporate,1,0.1,386.1,270,116.1,403.26
ORD-00804,2025-11-16,P05,Mechanical Keyboard,Accessories,Marmara,Retail,Corporate,3,0.05,339.15,183,156.15,335.58
ORD-00805,2025-11-16,P07,USB-C Dock,Accessories,Central Anatolia,Marketplace,Corporate,2,0.1,304.2,184,120.2,317.72
ORD-00806,2025-11-16,P01,Laptop Pro 14,Computing,Aegean,Online,Consumer,2,0.1,2338.2,1640,698.2,2442.12
ORD-00807,2025-11-16,P11,Standing Desk,Office,Mediterranean,Retail,Corporate,1,0.1,629.1,440,189.1,657.06
ORD-00808,2025-11-17,P08,Noise-Cancel Headphones,Audio,Mediterranean,Marketplace,Corporate,1,0,249,133,116,234.06
ORD-00809,2025-11-17,P01,Laptop Pro 14,Computing,Central Anatolia,Retail,Corporate,1,0,1299,820,479,1221.06
ORD-00810,2025-11-17,P07,USB-C Dock,Accessories,Aegean,Online,Small Business,1,0,169,92,77,158.86
ORD-00811,2025-11-17,P12,Portable SSD 1TB,Storage,Central Anatolia,Online,Corporate,1,0.2,119.2,84,35.2,140.06
ORD-00812,2025-11-17,P03,4K Monitor,Displays,Marmara,Marketplace,Consumer,1,0,429,270,159,403.26
ORD-00813,2025-11-17,P10,Ergonomic Chair,Office,Central Anatolia,Retail,Consumer,3,0.1,1347.3,945,402.3,1407.18
ORD-00814,2025-11-17,P05,Mechanical Keyboard,Accessories,Mediterranean,Online,Small Business,3,0,357,183,174,335.58
ORD-00815,2025-11-17,P07,USB-C Dock,Accessories,Marmara,Retail,Small Business,1,0,169,92,77,158.86
ORD-00816,2025-11-18,P01,Laptop Pro 14,Computing,Aegean,Retail,Consumer,1,0.1,1169.1,820,349.1,1221.06
ORD-00817,2025-11-18,P01,Laptop Pro 14,Computing,Aegean,Marketplace,Consumer,2,0,2598,1640,958,2442.12
ORD-00818,2025-11-18,P07,USB-C Dock,Accessories,Mediterranean,Online,Consumer,1,0,169,92,77,158.86
ORD-00819,2025-11-18,P03,4K Monitor,Displays,Marmara,Retail,Small Business,1,0,429,270,159,403.26
ORD-00820,2025-11-18,P09,Portable Speaker,Audio,Central Anatolia,Online,Corporate,1,0.05,113.05,63,50.05,111.86
ORD-00821,2025-11-18,P03,4K Monitor,Displays,Central Anatolia,Marketplace,Small Business,1,0,429,270,159,403.26
ORD-00822,2025-11-18,P11,Standing Desk,Office,Aegean,Marketplace,Small Business,1,0.15,594.15,440,154.15,657.06
ORD-00823,2025-11-18,P05,Mechanical Keyboard,Accessories,Central Anatolia,Marketplace,Small Business,1,0.05,113.05,61,52.05,111.86
ORD-00824,2025-11-19,P08,Noise-Cancel Headphones,Audio,Central Anatolia,Marketplace,Corporate,1,0,249,133,116,234.06
ORD-00825,2025-11-19,P11,Standing Desk,Office,Central Anatolia,Marketplace,Small Business,2,0.05,1328.1,880,448.1,1314.12
ORD-00826,2025-11-19,P07,USB-C Dock,Accessories,Mediterranean,Marketplace,Small Business,1,0.15,143.65,92,51.65,158.86
ORD-00827,2025-11-19,P02,Office Laptop 15,Computing,Aegean,Marketplace,Corporate,3,0,2697,1770,927,2535.18
ORD-00828,2025-11-19,P11,Standing Desk,Office,Central Anatolia,Retail,Consumer,1,0.05,664.05,440,224.05,657.06
ORD-00829,2025-11-19,P08,Noise-Cancel Headphones,Audio,Aegean,Online,Consumer,1,0.05,236.55,133,103.55,234.06
ORD-00830,2025-11-19,P10,Ergonomic Chair,Office,Central Anatolia,Online,Small Business,1,0.2,399.2,315,84.2,469.06
ORD-00831,2025-11-19,P06,Wireless Mouse,Accessories,Mediterranean,Online,Consumer,3,0,177,75,102,166.38
ORD-00832,2025-11-20,P09,Portable Speaker,Audio,Aegean,Marketplace,Small Business,2,0,238,126,112,223.72
ORD-00833,2025-11-20,P04,27-inch Monitor,Displays,Aegean,Online,Consumer,1,0,289,185,104,271.66
ORD-00834,2025-11-20,P12,Portable SSD 1TB,Storage,Marmara,Marketplace,Consumer,2,0.15,253.3,168,85.3,280.12
ORD-00835,2025-11-20,P03,4K Monitor,Displays,Mediterranean,Online,Small Business,1,0.15,364.65,270,94.65,403.26
ORD-00836,2025-11-20,P04,27-inch Monitor,Displays,Central Anatolia,Online,Consumer,2,0.05,549.1,370,179.1,543.32
ORD-00837,2025-11-20,P06,Wireless Mouse,Accessories,Central Anatolia,Marketplace,Corporate,1,0,59,25,34,55.46
ORD-00838,2025-11-20,P11,Standing Desk,Office,Mediterranean,Online,Corporate,2,0,1398,880,518,1314.12
ORD-00839,2025-11-20,P01,Laptop Pro 14,Computing,Aegean,Retail,Small Business,3,0.1,3507.3,2460,1047.3,3663.18
ORD-00840,2025-11-20,P08,Noise-Cancel Headphones,Audio,Mediterranean,Retail,Corporate,1,0.2,199.2,133,66.2,234.06
ORD-00841,2025-11-20,P12,Portable SSD 1TB,Storage,Central Anatolia,Online,Corporate,1,0,149,84,65,140.06
ORD-00842,2025-11-21,P04,27-inch Monitor,Displays,Mediterranean,Retail,Corporate,1,0,289,185,104,271.66
ORD-00843,2025-11-21,P08,Noise-Cancel Headphones,Audio,Mediterranean,Online,Consumer,2,0.1,448.2,266,182.2,468.12
ORD-00844,2025-11-21,P06,Wireless Mouse,Accessories,Mediterranean,Online,Corporate,1,0.1,53.1,25,28.1,55.46
ORD-00845,2025-11-21,P06,Wireless Mouse,Accessories,Aegean,Marketplace,Consumer,3,0.15,150.45,75,75.45,166.38
ORD-00846,2025-11-21,P12,Portable SSD 1TB,Storage,Marmara,Marketplace,Corporate,1,0,149,84,65,140.06
ORD-00847,2025-11-21,P04,27-inch Monitor,Displays,Aegean,Online,Corporate,1,0,289,185,104,271.66
ORD-00848,2025-11-21,P10,Ergonomic Chair,Office,Mediterranean,Marketplace,Small Business,4,0,1996,1260,736,1876.24
ORD-00849,2025-11-22,P08,Noise-Cancel Headphones,Audio,Aegean,Marketplace,Small Business,1,0.1,224.1,133,91.1,234.06
ORD-00850,2025-11-22,P07,USB-C Dock,Accessories,Marmara,Online,Consumer,1,0.1,152.1,92,60.1,158.86
ORD-00851,2025-11-22,P12,Portable SSD 1TB,Storage,Aegean,Retail,Consumer,2,0,298,168,130,280.12
ORD-00852,2025-11-22,P07,USB-C Dock,Accessories,Mediterranean,Marketplace,Corporate,1,0.2,135.2,92,43.2,158.86
ORD-00853,2025-11-22,P02,Office Laptop 15,Computing,Central Anatolia,Retail,Consumer,1,0.15,764.15,590,174.15,845.06
ORD-00854,2025-11-22,P05,Mechanical Keyboard,Accessories,Marmara,Marketplace,Corporate,1,0,119,61,58,111.86
ORD-00855,2025-11-22,P11,Standing Desk,Office,Aegean,Retail,Corporate,1,0.05,664.05,440,224.05,657.06
ORD-00856,2025-11-22,P10,Ergonomic Chair,Office,Marmara,Retail,Consumer,1,0,499,315,184,469.06
ORD-00857,2025-11-22,P03,4K Monitor,Displays,Marmara,Marketplace,Small Business,1,0,429,270,159,403.26
ORD-00858,2025-11-22,P06,Wireless Mouse,Accessories,Aegean,Retail,Small Business,1,0.05,56.05,25,31.05,55.46
ORD-00859,2025-11-23,P08,Noise-Cancel Headphones,Audio,Mediterranean,Marketplace,Small Business,1,0,249,133,116,234.06
ORD-00860,2025-11-23,P06,Wireless Mouse,Accessories,Mediterranean,Marketplace,Consumer,2,0,118,50,68,110.92
ORD-00861,2025-11-23,P06,Wireless Mouse,Accessories,Marmara,Marketplace,Small Business,4,0,236,100,136,221.84
ORD-00862,2025-11-23,P07,USB-C Dock,Accessories,Central Anatolia,Marketplace,Corporate,2,0,338,184,154,317.72
ORD-00863,2025-11-23,P05,Mechanical Keyboard,Accessories,Marmara,Marketplace,Consumer,2,0.05,226.1,122,104.1,223.72
ORD-00864,2025-11-23,P02,Office Laptop 15,Computing,Central Anatolia,Online,Corporate,1,0.2,719.2,590,129.2,845.06
ORD-00865,2025-11-24,P02,Office Laptop 15,Computing,Central Anatolia,Online,Small Business,1,0,899,590,309,845.06
ORD-00866,2025-11-24,P10,Ergonomic Chair,Office,Mediterranean,Online,Small Business,1,0.15,424.15,315,109.15,469.06
ORD-00867,2025-11-24,P11,Standing Desk,Office,Central Anatolia,Retail,Corporate,2,0,1398,880,518,1314.12
ORD-00868,2025-11-24,P09,Portable Speaker,Audio,Central Anatolia,Marketplace,Corporate,2,0.05,226.1,126,100.1,223.72
ORD-00869,2025-11-24,P02,Office Laptop 15,Computing,Marmara,Online,Consumer,1,0,899,590,309,845.06
ORD-00870,2025-11-24,P07,USB-C Dock,Accessories,Mediterranean,Marketplace,Corporate,2,0.05,321.1,184,137.1,317.72
ORD-00871,2025-11-24,P08,Noise-Cancel Headphones,Audio,Central Anatolia,Online,Small Business,1,0.05,236.55,133,103.55,234.06
ORD-00872,2025-11-24,P01,Laptop Pro 14,Computing,Mediterranean,Marketplace,Small Business,1,0.1,1169.1,820,349.1,1221.06
ORD-00873,2025-11-25,P06,Wireless Mouse,Accessories,Marmara,Marketplace,Corporate,2,0,118,50,68,110.92
ORD-00874,2025-11-25,P07,USB-C Dock,Accessories,Marmara,Marketplace,Corporate,2,0.05,321.1,184,137.1,317.72
ORD-00875,2025-11-25,P08,Noise-Cancel Headphones,Audio,Marmara,Marketplace,Consumer,1,0.05,236.55,133,103.55,234.06
ORD-00876,2025-11-25,P02,Office Laptop 15,Computing,Central Anatolia,Marketplace,Consumer,2,0.1,1618.2,1180,438.2,1690.12
ORD-00877,2025-11-25,P08,Noise-Cancel Headphones,Audio,Aegean,Marketplace,Corporate,1,0.05,236.55,133,103.55,234.06
ORD-00878,2025-11-25,P07,USB-C Dock,Accessories,Central Anatolia,Retail,Small Business,2,0,338,184,154,317.72
ORD-00879,2025-11-25,P04,27-inch Monitor,Displays,Mediterranean,Online,Small Business,1,0,289,185,104,271.66
ORD-00880,2025-11-25,P09,Portable Speaker,Audio,Aegean,Online,Consumer,3,0,357,189,168,335.58
ORD-00881,2025-11-26,P02,Office Laptop 15,Computing,Mediterranean,Online,Corporate,1,0,899,590,309,845.06
ORD-00882,2025-11-26,P06,Wireless Mouse,Accessories,Mediterranean,Marketplace,Corporate,3,0.1,159.3,75,84.3,166.38
ORD-00883,2025-11-26,P11,Standing Desk,Office,Aegean,Marketplace,Corporate,1,0.05,664.05,440,224.05,657.06
ORD-00884,2025-11-26,P01,Laptop Pro 14,Computing,Marmara,Online,Consumer,1,0,1299,820,479,1221.06
ORD-00885,2025-11-26,P11,Standing Desk,Office,Central Anatolia,Marketplace,Small Business,3,0,2097,1320,777,1971.18
ORD-00886,2025-11-26,P09,Portable Speaker,Audio,Mediterranean,Retail,Consumer,1,0.15,101.15,63,38.15,111.86
ORD-00887,2025-11-26,P11,Standing Desk,Office,Central Anatolia,Online,Consumer,1,0,699,440,259,657.06
ORD-00888,2025-11-27,P01,Laptop Pro 14,Computing,Marmara,Retail,Small Business,2,0,2598,1640,958,2442.12
ORD-00889,2025-11-27,P04,27-inch Monitor,Displays,Central Anatolia,Online,Consumer,1,0.1,260.1,185,75.1,271.66
ORD-00890,2025-11-27,P08,Noise-Cancel Headphones,Audio,Aegean,Marketplace,Consumer,2,0,498,266,232,468.12
ORD-00891,2025-11-27,P04,27-inch Monitor,Displays,Aegean,Retail,Corporate,1,0.05,274.55,185,89.55,271.66
ORD-00892,2025-11-27,P04,27-inch Monitor,Displays,Aegean,Online,Corporate,1,0.05,274.55,185,89.55,271.66
ORD-00893,2025-11-27,P05,Mechanical Keyboard,Accessories,Mediterranean,Online,Corporate,1,0.1,107.1,61,46.1,111.86
ORD-00894,2025-11-27,P04,27-inch Monitor,Displays,Central Anatolia,Marketplace,Corporate,3,0,867,555,312,814.98
ORD-00895,2025-11-27,P06,Wireless Mouse,Accessories,Central Anatolia,Online,Consumer,4,0,236,100,136,221.84
ORD-00896,2025-11-27,P11,Standing Desk,Office,Central Anatolia,Online,Consumer,1,0,699,440,259,657.06
ORD-00897,2025-11-27,P08,Noise-Cancel Headphones,Audio,Aegean,Retail,Corporate,2,0,498,266,232,468.12
ORD-00898,2025-11-27,P03,4K Monitor,Displays,Central Anatolia,Online,Small Business,2,0.2,686.4,540,146.4,806.52
ORD-00899,2025-11-27,P08,Noise-Cancel Headphones,Audio,Central Anatolia,Online,Corporate,3,0.05,709.65,399,310.65,702.18
ORD-00900,2025-11-28,P05,Mechanical Keyboard,Accessories,Aegean,Retail,Consumer,3,0,357,183,174,335.58
ORD-00901,2025-11-28,P08,Noise-Cancel Headphones,Audio,Central Anatolia,Online,Small Business,1,0.2,199.2,133,66.2,234.06
ORD-00902,2025-11-28,P09,Portable Speaker,Audio,Mediterranean,Retail,Consumer,2,0.1,214.2,126,88.2,223.72
ORD-00903,2025-11-28,P12,Portable SSD 1TB,Storage,Aegean,Marketplace,Small Business,3,0.1,402.3,252,150.3,420.18
ORD-00904,2025-11-28,P11,Standing Desk,Office,Marmara,Retail,Corporate,1,0,699,440,259,657.06
ORD-00905,2025-11-28,P07,USB-C Dock,Accessories,Aegean,Marketplace,Small Business,1,0.15,143.65,92,51.65,158.86
ORD-00906,2025-11-29,P12,Portable SSD 1TB,Storage,Marmara,Retail,Consumer,1,0.05,141.55,84,57.55,140.06
ORD-00907,2025-11-29,P07,USB-C Dock,Accessories,Aegean,Marketplace,Small Business,1,0.05,160.55,92,68.55,158.86
ORD-00908,2025-11-29,P01,Laptop Pro 14,Computing,Aegean,Marketplace,Corporate,1,0,1299,820,479,1221.06
ORD-00909,2025-11-29,P07,USB-C Dock,Accessories,Mediterranean,Retail,Consumer,2,0,338,184,154,317.72
ORD-00910,2025-11-29,P11,Standing Desk,Office,Mediterranean,Online,Corporate,2,0.2,1118.4,880,238.4,1314.12
ORD-00911,2025-11-29,P01,Laptop Pro 14,Computing,Mediterranean,Marketplace,Consumer,2,0.1,2338.2,1640,698.2,2442.12
ORD-00912,2025-11-29,P03,4K Monitor,Displays,Mediterranean,Retail,Consumer,1,0.1,386.1,270,116.1,403.26
ORD-00913,2025-11-29,P04,27-inch Monitor,Displays,Mediterranean,Retail,Small Business,4,0,1156,740,416,1086.64
ORD-00914,2025-11-30,P02,Office Laptop 15,Computing,Central Anatolia,Online,Corporate,1,0,899,590,309,845.06
ORD-00915,2025-11-30,P11,Standing Desk,Office,Mediterranean,Marketplace,Small Business,1,0,699,440,259,657.06
ORD-00916,2025-11-30,P01,Laptop Pro 14,Computing,Aegean,Marketplace,Small Business,4,0,5196,3280,1916,4884.24
ORD-00917,2025-11-30,P04,27-inch Monitor,Displays,Mediterranean,Retail,Small Business,2,0.1,520.2,370,150.2,543.32
ORD-00918,2025-11-30,P06,Wireless Mouse,Accessories,Aegean,Marketplace,Corporate,1,0.15,50.15,25,25.15,55.46
ORD-00919,2025-11-30,P05,Mechanical Keyboard,Accessories,Marmara,Marketplace,Corporate,1,0.1,107.1,61,46.1,111.86
ORD-00920,2025-11-30,P07,USB-C Dock,Accessories,Mediterranean,Marketplace,Consumer,2,0.05,321.1,184,137.1,317.72
ORD-00921,2025-11-30,P12,Portable SSD 1TB,Storage,Marmara,Retail,Corporate,1,0.1,134.1,84,50.1,140.06
ORD-00922,2025-12-01,P10,Ergonomic Chair,Office,Marmara,Online,Corporate,2,0,998,630,368,938.12
ORD-00923,2025-12-01,P10,Ergonomic Chair,Office,Aegean,Marketplace,Small Business,1,0,499,315,184,469.06
ORD-00924,2025-12-01,P04,27-inch Monitor,Displays,Marmara,Online,Corporate,3,0.2,693.6,555,138.6,814.98
ORD-00925,2025-12-01,P11,Standing Desk,Office,Aegean,Online,Small Business,1,0,699,440,259,657.06
ORD-00926,2025-12-01,P11,Standing Desk,Office,Mediterranean,Online,Consumer,2,0,1398,880,518,1314.12
ORD-00927,2025-12-01,P05,Mechanical Keyboard,Accessories,Central Anatolia,Marketplace,Consumer,3,0.05,339.15,183,156.15,335.58
ORD-00928,2025-12-01,P03,4K Monitor,Displays,Mediterranean,Online,Corporate,1,0.1,386.1,270,116.1,403.26
ORD-00929,2025-12-01,P05,Mechanical Keyboard,Accessories,Aegean,Retail,Consumer,2,0.05,226.1,122,104.1,223.72
ORD-00930,2025-12-01,P10,Ergonomic Chair,Office,Central Anatolia,Online,Small Business,3,0,1497,945,552,1407.18
ORD-00931,2025-12-01,P11,Standing Desk,Office,Central Anatolia,Marketplace,Small Business,2,0,1398,880,518,1314.12
ORD-00932,2025-12-01,P05,Mechanical Keyboard,Accessories,Central Anatolia,Marketplace,Corporate,3,0,357,183,174,335.58
ORD-00933,2025-12-02,P10,Ergonomic Chair,Office,Central Anatolia,Marketplace,Corporate,2,0.1,898.2,630,268.2,938.12
ORD-00934,2025-12-02,P04,27-inch Monitor,Displays,Central Anatolia,Online,Small Business,1,0,289,185,104,271.66
ORD-00935,2025-12-02,P06,Wireless Mouse,Accessories,Aegean,Online,Small Business,1,0,59,25,34,55.46
ORD-00936,2025-12-02,P10,Ergonomic Chair,Office,Central Anatolia,Retail,Consumer,1,0,499,315,184,469.06
ORD-00937,2025-12-02,P10,Ergonomic Chair,Office,Marmara,Online,Small Business,2,0,998,630,368,938.12
ORD-00938,2025-12-02,P04,27-inch Monitor,Displays,Mediterranean,Marketplace,Consumer,1,0.1,260.1,185,75.1,271.66
ORD-00939,2025-12-03,P01,Laptop Pro 14,Computing,Central Anatolia,Marketplace,Consumer,1,0,1299,820,479,1221.06
ORD-00940,2025-12-03,P02,Office Laptop 15,Computing,Aegean,Online,Small Business,2,0,1798,1180,618,1690.12
ORD-00941,2025-12-03,P03,4K Monitor,Displays,Marmara,Retail,Corporate,1,0.05,407.55,270,137.55,403.26
ORD-00942,2025-12-03,P01,Laptop Pro 14,Computing,Mediterranean,Retail,Corporate,1,0.15,1104.15,820,284.15,1221.06
ORD-00943,2025-12-03,P11,Standing Desk,Office,Central Anatolia,Retail,Consumer,2,0.05,1328.1,880,448.1,1314.12
ORD-00944,2025-12-03,P03,4K Monitor,Displays,Marmara,Marketplace,Consumer,2,0.05,815.1,540,275.1,806.52
ORD-00945,2025-12-03,P11,Standing Desk,Office,Central Anatolia,Retail,Corporate,1,0.1,629.1,440,189.1,657.06
ORD-00946,2025-12-03,P10,Ergonomic Chair,Office,Aegean,Marketplace,Small Business,1,0.05,474.05,315,159.05,469.06
ORD-00947,2025-12-03,P07,USB-C Dock,Accessories,Central Anatolia,Marketplace,Consumer,3,0.1,456.3,276,180.3,476.58
ORD-00948,2025-12-03,P08,Noise-Cancel Headphones,Audio,Central Anatolia,Retail,Small Business,2,0,498,266,232,468.12
ORD-00949,2025-12-04,P03,4K Monitor,Displays,Marmara,Online,Small Business,3,0,1287,810,477,1209.78
ORD-00950,2025-12-04,P06,Wireless Mouse,Accessories,Aegean,Retail,Small Business,1,0.15,50.15,25,25.15,55.46
ORD-00951,2025-12-04,P02,Office Laptop 15,Computing,Aegean,Online,Small Business,2,0,1798,1180,618,1690.12
ORD-00952,2025-12-04,P06,Wireless Mouse,Accessories,Aegean,Online,Small Business,1,0.05,56.05,25,31.05,55.46
ORD-00953,2025-12-04,P11,Standing Desk,Office,Mediterranean,Marketplace,Consumer,1,0.05,664.05,440,224.05,657.06
ORD-00954,2025-12-04,P09,Portable Speaker,Audio,Marmara,Retail,Small Business,1,0.05,113.05,63,50.05,111.86
ORD-00955,2025-12-04,P10,Ergonomic Chair,Office,Central Anatolia,Marketplace,Small Business,1,0.1,449.1,315,134.1,469.06
ORD-00956,2025-12-04,P10,Ergonomic Chair,Office,Aegean,Online,Small Business,2,0.05,948.1,630,318.1,938.12
ORD-00957,2025-12-04,P08,Noise-Cancel Headphones,Audio,Marmara,Online,Small Business,2,0.15,423.3,266,157.3,468.12
ORD-00958,2025-12-04,P10,Ergonomic Chair,Office,Mediterranean,Marketplace,Small Business,1,0,499,315,184,469.06
ORD-00959,2025-12-04,P05,Mechanical Keyboard,Accessories,Aegean,Retail,Consumer,1,0,119,61,58,111.86
ORD-00960,2025-12-04,P05,Mechanical Keyboard,Accessories,Central Anatolia,Retail,Corporate,4,0.2,380.8,244,136.8,447.44
ORD-00961,2025-12-05,P11,Standing Desk,Office,Mediterranean,Retail,Small Business,2,0.05,1328.1,880,448.1,1314.12
ORD-00962,2025-12-05,P05,Mechanical Keyboard,Accessories,Mediterranean,Retail,Corporate,1,0,119,61,58,111.86
ORD-00963,2025-12-05,P05,Mechanical Keyboard,Accessories,Marmara,Retail,Small Business,2,0.05,226.1,122,104.1,223.72
ORD-00964,2025-12-05,P04,27-inch Monitor,Displays,Marmara,Retail,Consumer,1,0,289,185,104,271.66
ORD-00965,2025-12-05,P04,27-inch Monitor,Displays,Marmara,Online,Small Business,1,0.05,274.55,185,89.55,271.66
ORD-00966,2025-12-05,P12,Portable SSD 1TB,Storage,Aegean,Marketplace,Consumer,2,0,298,168,130,280.12
ORD-00967,2025-12-05,P07,USB-C Dock,Accessories,Mediterranean,Retail,Corporate,2,0,338,184,154,317.72
ORD-00968,2025-12-05,P07,USB-C Dock,Accessories,Aegean,Retail,Small Business,1,0,169,92,77,158.86
ORD-00969,2025-12-05,P11,Standing Desk,Office,Aegean,Online,Small Business,1,0,699,440,259,657.06
ORD-00970,2025-12-05,P03,4K Monitor,Displays,Marmara,Online,Consumer,1,0,429,270,159,403.26
ORD-00971,2025-12-05,P08,Noise-Cancel Headphones,Audio,Aegean,Retail,Consumer,1,0,249,133,116,234.06
ORD-00972,2025-12-06,P07,USB-C Dock,Accessories,Marmara,Marketplace,Consumer,1,0.05,160.55,92,68.55,158.86
ORD-00973,2025-12-06,P07,USB-C Dock,Accessories,Aegean,Retail,Corporate,2,0,338,184,154,317.72
ORD-00974,2025-12-06,P09,Portable Speaker,Audio,Marmara,Retail,Consumer,1,0.1,107.1,63,44.1,111.86
ORD-00975,2025-12-06,P09,Portable Speaker,Audio,Central Anatolia,Online,Consumer,2,0,238,126,112,223.72
ORD-00976,2025-12-06,P03,4K Monitor,Displays,Aegean,Retail,Small Business,1,0,429,270,159,403.26
ORD-00977,2025-12-06,P05,Mechanical Keyboard,Accessories,Aegean,Marketplace,Small Business,1,0.1,107.1,61,46.1,111.86
ORD-00978,2025-12-06,P11,Standing Desk,Office,Aegean,Marketplace,Consumer,1,0,699,440,259,657.06
ORD-00979,2025-12-07,P09,Portable Speaker,Audio,Aegean,Marketplace,Small Business,1,0.05,113.05,63,50.05,111.86
ORD-00980,2025-12-07,P01,Laptop Pro 14,Computing,Mediterranean,Online,Small Business,3,0,3897,2460,1437,3663.18
ORD-00981,2025-12-07,P10,Ergonomic Chair,Office,Central Anatolia,Online,Small Business,1,0,499,315,184,469.06
ORD-00982,2025-12-07,P01,Laptop Pro 14,Computing,Aegean,Marketplace,Consumer,1,0,1299,820,479,1221.06
ORD-00983,2025-12-07,P10,Ergonomic Chair,Office,Mediterranean,Retail,Small Business,2,0,998,630,368,938.12
ORD-00984,2025-12-07,P10,Ergonomic Chair,Office,Marmara,Marketplace,Corporate,2,0,998,630,368,938.12
ORD-00985,2025-12-08,P12,Portable SSD 1TB,Storage,Aegean,Marketplace,Corporate,1,0,149,84,65,140.06
ORD-00986,2025-12-08,P10,Ergonomic Chair,Office,Central Anatolia,Retail,Consumer,2,0.1,898.2,630,268.2,938.12
ORD-00987,2025-12-08,P03,4K Monitor,Displays,Marmara,Marketplace,Corporate,1,0.05,407.55,270,137.55,403.26
ORD-00988,2025-12-08,P05,Mechanical Keyboard,Accessories,Central Anatolia,Retail,Corporate,2,0,238,122,116,223.72
ORD-00989,2025-12-08,P08,Noise-Cancel Headphones,Audio,Marmara,Online,Corporate,2,0.05,473.1,266,207.1,468.12
ORD-00990,2025-12-08,P10,Ergonomic Chair,Office,Mediterranean,Retail,Corporate,1,0.1,449.1,315,134.1,469.06
ORD-00991,2025-12-08,P02,Office Laptop 15,Computing,Aegean,Marketplace,Small Business,3,0.05,2562.15,1770,792.15,2535.18
ORD-00992,2025-12-08,P03,4K Monitor,Displays,Marmara,Retail,Corporate,2,0.05,815.1,540,275.1,806.52
ORD-00993,2025-12-08,P03,4K Monitor,Displays,Aegean,Retail,Corporate,1,0,429,270,159,403.26
ORD-00994,2025-12-08,P09,Portable Speaker,Audio,Central Anatolia,Marketplace,Consumer,1,0,119,63,56,111.86
ORD-00995,2025-12-08,P12,Portable SSD 1TB,Storage,Mediterranean,Marketplace,Corporate,3,0,447,252,195,420.18
ORD-00996,2025-12-08,P01,Laptop Pro 14,Computing,Central Anatolia,Retail,Small Business,1,0.1,1169.1,820,349.1,1221.06
ORD-00997,2025-12-09,P03,4K Monitor,Displays,Aegean,Retail,Consumer,1,0.1,386.1,270,116.1,403.26
ORD-00998,2025-12-09,P07,USB-C Dock,Accessories,Mediterranean,Online,Corporate,1,0,169,92,77,158.86
ORD-00999,2025-12-09,P01,Laptop Pro 14,Computing,Marmara,Retail,Corporate,3,0,3897,2460,1437,3663.18
ORD-01000,2025-12-09,P05,Mechanical Keyboard,Accessories,Mediterranean,Retail,Consumer,1,0,119,61,58,111.86
ORD-01001,2025-12-09,P02,Office Laptop 15,Computing,Marmara,Retail,Small Business,1,0,899,590,309,845.06
ORD-01002,2025-12-09,P06,Wireless Mouse,Accessories,Marmara,Retail,Consumer,1,0.1,53.1,25,28.1,55.46
ORD-01003,2025-12-09,P08,Noise-Cancel Headphones,Audio,Central Anatolia,Marketplace,Corporate,1,0.05,236.55,133,103.55,234.06
ORD-01004,2025-12-09,P03,4K Monitor,Displays,Central Anatolia,Marketplace,Consumer,1,0,429,270,159,403.26
ORD-01005,2025-12-09,P12,Portable SSD 1TB,Storage,Aegean,Online,Consumer,3,0,447,252,195,420.18
ORD-01006,2025-12-09,P06,Wireless Mouse,Accessories,Aegean,Online,Corporate,1,0,59,25,34,55.46
ORD-01007,2025-12-10,P08,Noise-Cancel Headphones,Audio,Aegean,Online,Small Business,1,0.1,224.1,133,91.1,234.06
ORD-01008,2025-12-10,P03,4K Monitor,Displays,Mediterranean,Retail,Consumer,3,0,1287,810,477,1209.78
ORD-01009,2025-12-10,P06,Wireless Mouse,Accessories,Mediterranean,Marketplace,Corporate,1,0.15,50.15,25,25.15,55.46
ORD-01010,2025-12-10,P07,USB-C Dock,Accessories,Mediterranean,Marketplace,Corporate,4,0.05,642.2,368,274.2,635.44
ORD-01011,2025-12-10,P09,Portable Speaker,Audio,Aegean,Retail,Corporate,2,0,238,126,112,223.72
ORD-01012,2025-12-10,P12,Portable SSD 1TB,Storage,Central Anatolia,Online,Consumer,1,0,149,84,65,140.06
ORD-01013,2025-12-10,P01,Laptop Pro 14,Computing,Central Anatolia,Marketplace,Consumer,1,0,1299,820,479,1221.06
ORD-01014,2025-12-10,P11,Standing Desk,Office,Marmara,Marketplace,Corporate,1,0,699,440,259,657.06
ORD-01015,2025-12-10,P04,27-inch Monitor,Displays,Central Anatolia,Retail,Consumer,1,0.05,274.55,185,89.55,271.66
ORD-01016,2025-12-10,P01,Laptop Pro 14,Computing,Marmara,Online,Consumer,2,0.05,2468.1,1640,828.1,2442.12
ORD-01017,2025-12-11,P12,Portable SSD 1TB,Storage,Central Anatolia,Online,Consumer,1,0,149,84,65,140.06
ORD-01018,2025-12-11,P08,Noise-Cancel Headphones,Audio,Mediterranean,Marketplace,Consumer,1,0.05,236.55,133,103.55,234.06
ORD-01019,2025-12-11,P05,Mechanical Keyboard,Accessories,Aegean,Retail,Consumer,1,0.05,113.05,61,52.05,111.86
ORD-01020,2025-12-11,P07,USB-C Dock,Accessories,Marmara,Retail,Corporate,1,0.15,143.65,92,51.65,158.86
ORD-01021,2025-12-11,P01,Laptop Pro 14,Computing,Mediterranean,Online,Corporate,1,0,1299,820,479,1221.06
ORD-01022,2025-12-11,P02,Office Laptop 15,Computing,Central Anatolia,Marketplace,Small Business,1,0.2,719.2,590,129.2,845.06
ORD-01023,2025-12-11,P06,Wireless Mouse,Accessories,Marmara,Marketplace,Corporate,1,0,59,25,34,55.46
ORD-01024,2025-12-11,P01,Laptop Pro 14,Computing,Central Anatolia,Retail,Consumer,1,0.15,1104.15,820,284.15,1221.06
ORD-01025,2025-12-11,P09,Portable Speaker,Audio,Mediterranean,Retail,Corporate,1,0.1,107.1,63,44.1,111.86
ORD-01026,2025-12-11,P10,Ergonomic Chair,Office,Marmara,Retail,Small Business,3,0,1497,945,552,1407.18
ORD-01027,2025-12-11,P11,Standing Desk,Office,Mediterranean,Online,Small Business,3,0,2097,1320,777,1971.18
ORD-01028,2025-12-12,P04,27-inch Monitor,Displays,Mediterranean,Online,Small Business,1,0.15,245.65,185,60.65,271.66
ORD-01029,2025-12-12,P01,Laptop Pro 14,Computing,Marmara,Retail,Consumer,1,0.05,1234.05,820,414.05,1221.06
ORD-01030,2025-12-12,P10,Ergonomic Chair,Office,Mediterranean,Retail,Small Business,1,0.05,474.05,315,159.05,469.06
ORD-01031,2025-12-12,P03,4K Monitor,Displays,Mediterranean,Online,Consumer,1,0.05,407.55,270,137.55,403.26
ORD-01032,2025-12-12,P02,Office Laptop 15,Computing,Aegean,Online,Corporate,2,0,1798,1180,618,1690.12
ORD-01033,2025-12-12,P02,Office Laptop 15,Computing,Mediterranean,Marketplace,Corporate,1,0,899,590,309,845.06
ORD-01034,2025-12-13,P02,Office Laptop 15,Computing,Aegean,Marketplace,Consumer,1,0,899,590,309,845.06
ORD-01035,2025-12-13,P04,27-inch Monitor,Displays,Aegean,Marketplace,Consumer,4,0.1,1040.4,740,300.4,1086.64
ORD-01036,2025-12-13,P12,Portable SSD 1TB,Storage,Central Anatolia,Online,Consumer,3,0,447,252,195,420.18
ORD-01037,2025-12-13,P02,Office Laptop 15,Computing,Aegean,Online,Consumer,1,0.05,854.05,590,264.05,845.06
ORD-01038,2025-12-13,P01,Laptop Pro 14,Computing,Central Anatolia,Retail,Consumer,1,0,1299,820,479,1221.06
ORD-01039,2025-12-13,P02,Office Laptop 15,Computing,Aegean,Retail,Consumer,1,0,899,590,309,845.06
ORD-01040,2025-12-13,P06,Wireless Mouse,Accessories,Marmara,Marketplace,Corporate,2,0,118,50,68,110.92
ORD-01041,2025-12-13,P06,Wireless Mouse,Accessories,Aegean,Retail,Small Business,1,0.05,56.05,25,31.05,55.46
ORD-01042,2025-12-13,P12,Portable SSD 1TB,Storage,Marmara,Marketplace,Corporate,3,0,447,252,195,420.18
ORD-01043,2025-12-13,P04,27-inch Monitor,Displays,Central Anatolia,Retail,Small Business,1,0.1,260.1,185,75.1,271.66
ORD-01044,2025-12-13,P06,Wireless Mouse,Accessories,Central Anatolia,Online,Corporate,2,0,118,50,68,110.92
ORD-01045,2025-12-13,P06,Wireless Mouse,Accessories,Central Anatolia,Online,Corporate,3,0.1,159.3,75,84.3,166.38
ORD-01046,2025-12-14,P08,Noise-Cancel Headphones,Audio,Mediterranean,Marketplace,Consumer,1,0.15,211.65,133,78.65,234.06
ORD-01047,2025-12-14,P04,27-inch Monitor,Displays,Marmara,Marketplace,Small Business,1,0,289,185,104,271.66
ORD-01048,2025-12-14,P05,Mechanical Keyboard,Accessories,Marmara,Retail,Consumer,2,0.1,214.2,122,92.2,223.72
ORD-01049,2025-12-14,P06,Wireless Mouse,Accessories,Aegean,Retail,Corporate,1,0,59,25,34,55.46
ORD-01050,2025-12-14,P08,Noise-Cancel Headphones,Audio,Aegean,Online,Corporate,1,0.1,224.1,133,91.1,234.06
ORD-01051,2025-12-14,P07,USB-C Dock,Accessories,Marmara,Online,Small Business,2,0,338,184,154,317.72
ORD-01052,2025-12-14,P07,USB-C Dock,Accessories,Marmara,Online,Small Business,1,0.05,160.55,92,68.55,158.86
ORD-01053,2025-12-15,P06,Wireless Mouse,Accessories,Marmara,Marketplace,Consumer,4,0.1,212.4,100,112.4,221.84
ORD-01054,2025-12-15,P04,27-inch Monitor,Displays,Marmara,Retail,Corporate,2,0,578,370,208,543.32
ORD-01055,2025-12-15,P05,Mechanical Keyboard,Accessories,Mediterranean,Retail,Consumer,1,0.1,107.1,61,46.1,111.86
ORD-01056,2025-12-15,P10,Ergonomic Chair,Office,Aegean,Retail,Small Business,1,0,499,315,184,469.06
ORD-01057,2025-12-15,P05,Mechanical Keyboard,Accessories,Marmara,Retail,Small Business,1,0.1,107.1,61,46.1,111.86
ORD-01058,2025-12-15,P06,Wireless Mouse,Accessories,Aegean,Marketplace,Corporate,1,0.2,47.2,25,22.2,55.46
ORD-01059,2025-12-15,P03,4K Monitor,Displays,Marmara,Marketplace,Small Business,2,0,858,540,318,806.52
ORD-01060,2025-12-16,P07,USB-C Dock,Accessories,Aegean,Online,Small Business,2,0.05,321.1,184,137.1,317.72
ORD-01061,2025-12-16,P05,Mechanical Keyboard,Accessories,Aegean,Retail,Corporate,1,0,119,61,58,111.86
ORD-01062,2025-12-16,P01,Laptop Pro 14,Computing,Central Anatolia,Retail,Small Business,2,0,2598,1640,958,2442.12
ORD-01063,2025-12-16,P05,Mechanical Keyboard,Accessories,Marmara,Online,Consumer,1,0.1,107.1,61,46.1,111.86
ORD-01064,2025-12-16,P08,Noise-Cancel Headphones,Audio,Central Anatolia,Marketplace,Small Business,1,0.05,236.55,133,103.55,234.06
ORD-01065,2025-12-16,P03,4K Monitor,Displays,Marmara,Online,Consumer,3,0,1287,810,477,1209.78
ORD-01066,2025-12-16,P08,Noise-Cancel Headphones,Audio,Central Anatolia,Online,Corporate,1,0.15,211.65,133,78.65,234.06
ORD-01067,2025-12-17,P11,Standing Desk,Office,Mediterranean,Online,Small Business,1,0,699,440,259,657.06
ORD-01068,2025-12-17,P10,Ergonomic Chair,Office,Mediterranean,Online,Small Business,2,0.15,848.3,630,218.3,938.12
ORD-01069,2025-12-17,P02,Office Laptop 15,Computing,Marmara,Online,Corporate,2,0.05,1708.1,1180,528.1,1690.12
ORD-01070,2025-12-17,P11,Standing Desk,Office,Aegean,Retail,Small Business,1,0.15,594.15,440,154.15,657.06
ORD-01071,2025-12-17,P06,Wireless Mouse,Accessories,Aegean,Marketplace,Corporate,2,0.05,112.1,50,62.1,110.92
ORD-01072,2025-12-17,P04,27-inch Monitor,Displays,Aegean,Online,Corporate,1,0.15,245.65,185,60.65,271.66
ORD-01073,2025-12-17,P01,Laptop Pro 14,Computing,Marmara,Online,Corporate,1,0.05,1234.05,820,414.05,1221.06
ORD-01074,2025-12-17,P07,USB-C Dock,Accessories,Marmara,Retail,Corporate,1,0.1,152.1,92,60.1,158.86
ORD-01075,2025-12-17,P02,Office Laptop 15,Computing,Mediterranean,Online,Corporate,1,0,899,590,309,845.06
ORD-01076,2025-12-17,P12,Portable SSD 1TB,Storage,Mediterranean,Online,Consumer,1,0.05,141.55,84,57.55,140.06
ORD-01077,2025-12-18,P12,Portable SSD 1TB,Storage,Marmara,Retail,Small Business,2,0,298,168,130,280.12
ORD-01078,2025-12-18,P12,Portable SSD 1TB,Storage,Mediterranean,Retail,Consumer,1,0.05,141.55,84,57.55,140.06
ORD-01079,2025-12-18,P05,Mechanical Keyboard,Accessories,Aegean,Marketplace,Corporate,1,0.05,113.05,61,52.05,111.86
ORD-01080,2025-12-18,P04,27-inch Monitor,Displays,Mediterranean,Online,Small Business,4,0.15,982.6,740,242.6,1086.64
ORD-01081,2025-12-18,P10,Ergonomic Chair,Office,Central Anatolia,Online,Corporate,3,0.05,1422.15,945,477.15,1407.18
ORD-01082,2025-12-18,P07,USB-C Dock,Accessories,Marmara,Retail,Consumer,1,0,169,92,77,158.86
ORD-01083,2025-12-18,P04,27-inch Monitor,Displays,Marmara,Online,Consumer,1,0,289,185,104,271.66
ORD-01084,2025-12-19,P12,Portable SSD 1TB,Storage,Mediterranean,Marketplace,Corporate,2,0.1,268.2,168,100.2,280.12
ORD-01085,2025-12-19,P01,Laptop Pro 14,Computing,Central Anatolia,Online,Corporate,1,0.05,1234.05,820,414.05,1221.06
ORD-01086,2025-12-19,P07,USB-C Dock,Accessories,Mediterranean,Retail,Small Business,2,0.1,304.2,184,120.2,317.72
ORD-01087,2025-12-19,P12,Portable SSD 1TB,Storage,Central Anatolia,Retail,Corporate,1,0.15,126.65,84,42.65,140.06
ORD-01088,2025-12-19,P08,Noise-Cancel Headphones,Audio,Marmara,Online,Corporate,1,0.1,224.1,133,91.1,234.06
ORD-01089,2025-12-19,P02,Office Laptop 15,Computing,Aegean,Marketplace,Corporate,1,0.2,719.2,590,129.2,845.06
ORD-01090,2025-12-19,P06,Wireless Mouse,Accessories,Central Anatolia,Retail,Corporate,3,0.1,159.3,75,84.3,166.38
ORD-01091,2025-12-19,P11,Standing Desk,Office,Aegean,Online,Consumer,1,0,699,440,259,657.06
ORD-01092,2025-12-19,P10,Ergonomic Chair,Office,Mediterranean,Marketplace,Corporate,2,0,998,630,368,938.12
ORD-01093,2025-12-19,P09,Portable Speaker,Audio,Mediterranean,Marketplace,Corporate,1,0.2,95.2,63,32.2,111.86
ORD-01094,2025-12-20,P07,USB-C Dock,Accessories,Aegean,Retail,Small Business,2,0.05,321.1,184,137.1,317.72
ORD-01095,2025-12-20,P11,Standing Desk,Office,Marmara,Online,Corporate,2,0,1398,880,518,1314.12
ORD-01096,2025-12-20,P04,27-inch Monitor,Displays,Aegean,Marketplace,Consumer,3,0.2,693.6,555,138.6,814.98
ORD-01097,2025-12-20,P04,27-inch Monitor,Displays,Marmara,Retail,Corporate,1,0.05,274.55,185,89.55,271.66
ORD-01098,2025-12-20,P08,Noise-Cancel Headphones,Audio,Mediterranean,Marketplace,Corporate,2,0.05,473.1,266,207.1,468.12
ORD-01099,2025-12-20,P12,Portable SSD 1TB,Storage,Aegean,Marketplace,Consumer,3,0.15,379.95,252,127.95,420.18
ORD-01100,2025-12-20,P03,4K Monitor,Displays,Aegean,Marketplace,Corporate,1,0.05,407.55,270,137.55,403.26
ORD-01101,2025-12-20,P01,Laptop Pro 14,Computing,Mediterranean,Retail,Corporate,3,0.05,3702.15,2460,1242.15,3663.18
ORD-01102,2025-12-20,P07,USB-C Dock,Accessories,Central Anatolia,Online,Corporate,1,0,169,92,77,158.86
ORD-01103,2025-12-20,P02,Office Laptop 15,Computing,Aegean,Retail,Consumer,2,0,1798,1180,618,1690.12
ORD-01104,2025-12-21,P11,Standing Desk,Office,Mediterranean,Online,Small Business,1,0,699,440,259,657.06
ORD-01105,2025-12-21,P11,Standing Desk,Office,Aegean,Retail,Consumer,2,0.05,1328.1,880,448.1,1314.12
ORD-01106,2025-12-21,P11,Standing Desk,Office,Aegean,Online,Small Business,2,0,1398,880,518,1314.12
ORD-01107,2025-12-21,P02,Office Laptop 15,Computing,Marmara,Online,Corporate,1,0.05,854.05,590,264.05,845.06
ORD-01108,2025-12-21,P10,Ergonomic Chair,Office,Marmara,Marketplace,Consumer,1,0.05,474.05,315,159.05,469.06
ORD-01109,2025-12-21,P07,USB-C Dock,Accessories,Mediterranean,Retail,Small Business,1,0.2,135.2,92,43.2,158.86
ORD-01110,2025-12-22,P08,Noise-Cancel Headphones,Audio,Marmara,Retail,Small Business,3,0.05,709.65,399,310.65,702.18
ORD-01111,2025-12-22,P07,USB-C Dock,Accessories,Aegean,Retail,Consumer,2,0,338,184,154,317.72
ORD-01112,2025-12-22,P02,Office Laptop 15,Computing,Marmara,Online,Small Business,4,0,3596,2360,1236,3380.24
ORD-01113,2025-12-22,P04,27-inch Monitor,Displays,Central Anatolia,Marketplace,Consumer,1,0,289,185,104,271.66
ORD-01114,2025-12-22,P01,Laptop Pro 14,Computing,Aegean,Retail,Consumer,2,0.05,2468.1,1640,828.1,2442.12
ORD-01115,2025-12-22,P09,Portable Speaker,Audio,Mediterranean,Marketplace,Consumer,1,0,119,63,56,111.86
ORD-01116,2025-12-22,P07,USB-C Dock,Accessories,Central Anatolia,Retail,Consumer,2,0.05,321.1,184,137.1,317.72
ORD-01117,2025-12-22,P10,Ergonomic Chair,Office,Marmara,Marketplace,Consumer,1,0.1,449.1,315,134.1,469.06
ORD-01118,2025-12-22,P10,Ergonomic Chair,Office,Marmara,Retail,Corporate,1,0,499,315,184,469.06
ORD-01119,2025-12-22,P07,USB-C Dock,Accessories,Mediterranean,Online,Consumer,1,0,169,92,77,158.86
ORD-01120,2025-12-22,P02,Office Laptop 15,Computing,Aegean,Marketplace,Corporate,3,0.2,2157.6,1770,387.6,2535.18
ORD-01121,2025-12-22,P04,27-inch Monitor,Displays,Mediterranean,Retail,Corporate,1,0,289,185,104,271.66
ORD-01122,2025-12-23,P03,4K Monitor,Displays,Aegean,Marketplace,Consumer,1,0.1,386.1,270,116.1,403.26
ORD-01123,2025-12-23,P12,Portable SSD 1TB,Storage,Central Anatolia,Marketplace,Corporate,3,0.05,424.65,252,172.65,420.18
ORD-01124,2025-12-23,P06,Wireless Mouse,Accessories,Central Anatolia,Online,Small Business,1,0,59,25,34,55.46
ORD-01125,2025-12-23,P10,Ergonomic Chair,Office,Central Anatolia,Online,Small Business,2,0,998,630,368,938.12
ORD-01126,2025-12-23,P08,Noise-Cancel Headphones,Audio,Aegean,Marketplace,Small Business,2,0.1,448.2,266,182.2,468.12
ORD-01127,2025-12-23,P10,Ergonomic Chair,Office,Aegean,Marketplace,Consumer,1,0,499,315,184,469.06
ORD-01128,2025-12-23,P06,Wireless Mouse,Accessories,Aegean,Retail,Consumer,2,0.05,112.1,50,62.1,110.92
ORD-01129,2025-12-23,P09,Portable Speaker,Audio,Mediterranean,Retail,Small Business,1,0.15,101.15,63,38.15,111.86
ORD-01130,2025-12-23,P07,USB-C Dock,Accessories,Marmara,Marketplace,Corporate,1,0.05,160.55,92,68.55,158.86
ORD-01131,2025-12-23,P12,Portable SSD 1TB,Storage,Mediterranean,Online,Corporate,1,0.2,119.2,84,35.2,140.06
ORD-01132,2025-12-24,P08,Noise-Cancel Headphones,Audio,Mediterranean,Marketplace,Small Business,1,0.2,199.2,133,66.2,234.06
ORD-01133,2025-12-24,P06,Wireless Mouse,Accessories,Mediterranean,Online,Small Business,2,0.2,94.4,50,44.4,110.92
ORD-01134,2025-12-24,P02,Office Laptop 15,Computing,Marmara,Online,Small Business,1,0.2,719.2,590,129.2,845.06
ORD-01135,2025-12-24,P04,27-inch Monitor,Displays,Central Anatolia,Marketplace,Consumer,2,0.05,549.1,370,179.1,543.32
ORD-01136,2025-12-24,P08,Noise-Cancel Headphones,Audio,Aegean,Online,Consumer,1,0.05,236.55,133,103.55,234.06
ORD-01137,2025-12-24,P03,4K Monitor,Displays,Central Anatolia,Online,Corporate,1,0.05,407.55,270,137.55,403.26
ORD-01138,2025-12-24,P01,Laptop Pro 14,Computing,Central Anatolia,Marketplace,Corporate,1,0.2,1039.2,820,219.2,1221.06
ORD-01139,2025-12-24,P10,Ergonomic Chair,Office,Marmara,Retail,Consumer,1,0,499,315,184,469.06
ORD-01140,2025-12-24,P03,4K Monitor,Displays,Mediterranean,Online,Corporate,1,0.05,407.55,270,137.55,403.26
ORD-01141,2025-12-24,P08,Noise-Cancel Headphones,Audio,Mediterranean,Marketplace,Small Business,1,0,249,133,116,234.06
ORD-01142,2025-12-24,P01,Laptop Pro 14,Computing,Marmara,Retail,Small Business,1,0.05,1234.05,820,414.05,1221.06
ORD-01143,2025-12-25,P01,Laptop Pro 14,Computing,Marmara,Retail,Small Business,1,0.1,1169.1,820,349.1,1221.06
ORD-01144,2025-12-25,P06,Wireless Mouse,Accessories,Marmara,Retail,Consumer,1,0,59,25,34,55.46
ORD-01145,2025-12-25,P03,4K Monitor,Displays,Aegean,Online,Corporate,1,0,429,270,159,403.26
ORD-01146,2025-12-25,P12,Portable SSD 1TB,Storage,Aegean,Online,Small Business,1,0.05,141.55,84,57.55,140.06
ORD-01147,2025-12-25,P04,27-inch Monitor,Displays,Central Anatolia,Retail,Corporate,3,0.05,823.65,555,268.65,814.98
ORD-01148,2025-12-25,P04,27-inch Monitor,Displays,Central Anatolia,Online,Corporate,2,0.05,549.1,370,179.1,543.32
ORD-01149,2025-12-25,P07,USB-C Dock,Accessories,Aegean,Online,Corporate,1,0,169,92,77,158.86
ORD-01150,2025-12-26,P10,Ergonomic Chair,Office,Marmara,Online,Small Business,2,0,998,630,368,938.12
ORD-01151,2025-12-26,P05,Mechanical Keyboard,Accessories,Marmara,Retail,Small Business,2,0,238,122,116,223.72
ORD-01152,2025-12-26,P09,Portable Speaker,Audio,Aegean,Retail,Consumer,1,0,119,63,56,111.86
ORD-01153,2025-12-26,P01,Laptop Pro 14,Computing,Aegean,Online,Small Business,1,0.05,1234.05,820,414.05,1221.06
ORD-01154,2025-12-26,P07,USB-C Dock,Accessories,Aegean,Marketplace,Consumer,2,0.05,321.1,184,137.1,317.72
ORD-01155,2025-12-26,P01,Laptop Pro 14,Computing,Marmara,Marketplace,Corporate,1,0.05,1234.05,820,414.05,1221.06
ORD-01156,2025-12-26,P03,4K Monitor,Displays,Central Anatolia,Online,Consumer,1,0.05,407.55,270,137.55,403.26
ORD-01157,2025-12-27,P09,Portable Speaker,Audio,Aegean,Retail,Consumer,2,0.1,214.2,126,88.2,223.72
ORD-01158,2025-12-27,P09,Portable Speaker,Audio,Aegean,Online,Small Business,1,0,119,63,56,111.86
ORD-01159,2025-12-27,P10,Ergonomic Chair,Office,Central Anatolia,Online,Corporate,1,0.1,449.1,315,134.1,469.06
ORD-01160,2025-12-27,P04,27-inch Monitor,Displays,Mediterranean,Online,Small Business,2,0.1,520.2,370,150.2,543.32
ORD-01161,2025-12-27,P03,4K Monitor,Displays,Aegean,Marketplace,Corporate,2,0,858,540,318,806.52
ORD-01162,2025-12-27,P11,Standing Desk,Office,Aegean,Marketplace,Corporate,3,0.1,1887.3,1320,567.3,1971.18
ORD-01163,2025-12-27,P05,Mechanical Keyboard,Accessories,Central Anatolia,Retail,Small Business,1,0.05,113.05,61,52.05,111.86
ORD-01164,2025-12-27,P02,Office Laptop 15,Computing,Marmara,Marketplace,Corporate,1,0.15,764.15,590,174.15,845.06
ORD-01165,2025-12-27,P12,Portable SSD 1TB,Storage,Marmara,Online,Consumer,4,0.05,566.2,336,230.2,560.24
ORD-01166,2025-12-27,P08,Noise-Cancel Headphones,Audio,Central Anatolia,Retail,Small Business,1,0.05,236.55,133,103.55,234.06
ORD-01167,2025-12-28,P12,Portable SSD 1TB,Storage,Central Anatolia,Online,Small Business,1,0.2,119.2,84,35.2,140.06
ORD-01168,2025-12-28,P10,Ergonomic Chair,Office,Central Anatolia,Online,Corporate,1,0,499,315,184,469.06
ORD-01169,2025-12-28,P07,USB-C Dock,Accessories,Aegean,Online,Small Business,3,0.15,430.95,276,154.95,476.58
ORD-01170,2025-12-28,P03,4K Monitor,Displays,Mediterranean,Online,Small Business,2,0,858,540,318,806.52
ORD-01171,2025-12-28,P01,Laptop Pro 14,Computing,Mediterranean,Marketplace,Corporate,1,0.1,1169.1,820,349.1,1221.06
ORD-01172,2025-12-28,P04,27-inch Monitor,Displays,Mediterranean,Marketplace,Small Business,1,0,289,185,104,271.66
ORD-01173,2025-12-28,P05,Mechanical Keyboard,Accessories,Mediterranean,Retail,Consumer,3,0.05,339.15,183,156.15,335.58
ORD-01174,2025-12-29,P06,Wireless Mouse,Accessories,Aegean,Marketplace,Consumer,1,0.1,53.1,25,28.1,55.46
ORD-01175,2025-12-29,P07,USB-C Dock,Accessories,Aegean,Retail,Small Business,2,0.1,304.2,184,120.2,317.72
ORD-01176,2025-12-29,P04,27-inch Monitor,Displays,Mediterranean,Retail,Small Business,4,0,1156,740,416,1086.64
ORD-01177,2025-12-29,P08,Noise-Cancel Headphones,Audio,Central Anatolia,Online,Consumer,2,0,498,266,232,468.12
ORD-01178,2025-12-29,P08,Noise-Cancel Headphones,Audio,Mediterranean,Marketplace,Small Business,3,0.05,709.65,399,310.65,702.18
ORD-01179,2025-12-29,P12,Portable SSD 1TB,Storage,Mediterranean,Online,Consumer,3,0,447,252,195,420.18
ORD-01180,2025-12-29,P04,27-inch Monitor,Displays,Mediterranean,Retail,Small Business,1,0.05,274.55,185,89.55,271.66
ORD-01181,2025-12-29,P06,Wireless Mouse,Accessories,Mediterranean,Retail,Small Business,2,0.05,112.1,50,62.1,110.92
ORD-01182,2025-12-29,P05,Mechanical Keyboard,Accessories,Central Anatolia,Online,Consumer,1,0.1,107.1,61,46.1,111.86
ORD-01183,2025-12-29,P11,Standing Desk,Office,Aegean,Marketplace,Corporate,1,0,699,440,259,657.06
ORD-01184,2025-12-29,P02,Office Laptop 15,Computing,Marmara,Marketplace,Corporate,3,0.2,2157.6,1770,387.6,2535.18
ORD-01185,2025-12-29,P05,Mechanical Keyboard,Accessories,Mediterranean,Retail,Consumer,1,0,119,61,58,111.86
ORD-01186,2025-12-30,P03,4K Monitor,Displays,Central Anatolia,Retail,Small Business,3,0.15,1093.95,810,283.95,1209.78
ORD-01187,2025-12-30,P02,Office Laptop 15,Computing,Aegean,Marketplace,Small Business,1,0.05,854.05,590,264.05,845.06
ORD-01188,2025-12-30,P03,4K Monitor,Displays,Mediterranean,Marketplace,Consumer,1,0,429,270,159,403.26
ORD-01189,2025-12-30,P07,USB-C Dock,Accessories,Central Anatolia,Retail,Consumer,1,0.15,143.65,92,51.65,158.86
ORD-01190,2025-12-30,P07,USB-C Dock,Accessories,Aegean,Retail,Corporate,2,0,338,184,154,317.72
ORD-01191,2025-12-30,P02,Office Laptop 15,Computing,Mediterranean,Marketplace,Corporate,1,0.1,809.1,590,219.1,845.06
ORD-01192,2025-12-30,P08,Noise-Cancel Headphones,Audio,Mediterranean,Marketplace,Small Business,1,0.1,224.1,133,91.1,234.06
ORD-01193,2025-12-30,P12,Portable SSD 1TB,Storage,Central Anatolia,Retail,Corporate,1,0.05,141.55,84,57.55,140.06
ORD-01194,2025-12-30,P04,27-inch Monitor,Displays,Aegean,Marketplace,Consumer,1,0,289,185,104,271.66
ORD-01195,2025-12-30,P09,Portable Speaker,Audio,Marmara,Retail,Small Business,2,0.05,226.1,126,100.1,223.72
ORD-01196,2025-12-31,P08,Noise-Cancel Headphones,Audio,Mediterranean,Online,Consumer,2,0,498,266,232,468.12
ORD-01197,2025-12-31,P07,USB-C Dock,Accessories,Marmara,Retail,Corporate,1,0.05,160.55,92,68.55,158.86
ORD-01198,2025-12-31,P03,4K Monitor,Displays,Aegean,Retail,Small Business,1,0.1,386.1,270,116.1,403.26
ORD-01199,2025-12-31,P11,Standing Desk,Office,Marmara,Marketplace,Small Business,1,0.05,664.05,440,224.05,657.06
ORD-01200,2025-12-31,P06,Wireless Mouse,Accessories,Mediterranean,Online,Corporate,1,0,59,25,34,55.46
ORD-01201,2025-12-31,P07,USB-C Dock,Accessories,Aegean,Marketplace,Corporate,4,0,676,368,308,635.44
ORD-01202,2025-12-31,P04,27-inch Monitor,Displays,Aegean,Marketplace,Consumer,2,0.05,549.1,370,179.1,543.32
ORD-01203,2026-01-01,P08,Noise-Cancel Headphones,Audio,Aegean,Marketplace,Small Business,1,0.1,224.1,133,91.1,234.06
ORD-01204,2026-01-01,P06,Wireless Mouse,Accessories,Central Anatolia,Online,Corporate,1,0.05,56.05,25,31.05,55.46
ORD-01205,2026-01-01,P11,Standing Desk,Office,Central Anatolia,Online,Small Business,1,0.1,629.1,440,189.1,657.06
ORD-01206,2026-01-01,P02,Office Laptop 15,Computing,Central Anatolia,Retail,Corporate,2,0.05,1708.1,1180,528.1,1690.12
ORD-01207,2026-01-01,P06,Wireless Mouse,Accessories,Central Anatolia,Marketplace,Small Business,1,0.1,53.1,25,28.1,55.46
ORD-01208,2026-01-01,P09,Portable Speaker,Audio,Mediterranean,Marketplace,Corporate,1,0.1,107.1,63,44.1,111.86
ORD-01209,2026-01-01,P01,Laptop Pro 14,Computing,Mediterranean,Retail,Corporate,1,0,1299,820,479,1221.06
ORD-01210,2026-01-01,P01,Laptop Pro 14,Computing,Marmara,Retail,Corporate,1,0.15,1104.15,820,284.15,1221.06
ORD-01211,2026-01-02,P02,Office Laptop 15,Computing,Aegean,Retail,Corporate,2,0,1798,1180,618,1690.12
ORD-01212,2026-01-02,P05,Mechanical Keyboard,Accessories,Mediterranean,Retail,Small Business,1,0.1,107.1,61,46.1,111.86
ORD-01213,2026-01-02,P12,Portable SSD 1TB,Storage,Mediterranean,Online,Corporate,2,0,298,168,130,280.12
ORD-01214,2026-01-02,P07,USB-C Dock,Accessories,Mediterranean,Online,Small Business,1,0,169,92,77,158.86
ORD-01215,2026-01-02,P04,27-inch Monitor,Displays,Central Anatolia,Marketplace,Small Business,2,0.05,549.1,370,179.1,543.32
ORD-01216,2026-01-02,P10,Ergonomic Chair,Office,Central Anatolia,Marketplace,Small Business,1,0,499,315,184,469.06
ORD-01217,2026-01-03,P01,Laptop Pro 14,Computing,Marmara,Online,Corporate,1,0.05,1234.05,820,414.05,1221.06
ORD-01218,2026-01-03,P05,Mechanical Keyboard,Accessories,Marmara,Retail,Corporate,2,0.05,226.1,122,104.1,223.72
ORD-01219,2026-01-03,P03,4K Monitor,Displays,Mediterranean,Online,Corporate,3,0.05,1222.65,810,412.65,1209.78
ORD-01220,2026-01-03,P11,Standing Desk,Office,Central Anatolia,Online,Consumer,1,0.05,664.05,440,224.05,657.06
ORD-01221,2026-01-03,P05,Mechanical Keyboard,Accessories,Central Anatolia,Marketplace,Small Business,1,0,119,61,58,111.86
ORD-01222,2026-01-03,P12,Portable SSD 1TB,Storage,Central Anatolia,Retail,Corporate,3,0.05,424.65,252,172.65,420.18
ORD-01223,2026-01-04,P02,Office Laptop 15,Computing,Marmara,Retail,Consumer,1,0.05,854.05,590,264.05,845.06
ORD-01224,2026-01-04,P03,4K Monitor,Displays,Marmara,Marketplace,Consumer,1,0.1,386.1,270,116.1,403.26
ORD-01225,2026-01-04,P04,27-inch Monitor,Displays,Central Anatolia,Retail,Small Business,1,0.05,274.55,185,89.55,271.66
ORD-01226,2026-01-04,P01,Laptop Pro 14,Computing,Central Anatolia,Marketplace,Small Business,1,0,1299,820,479,1221.06
ORD-01227,2026-01-04,P06,Wireless Mouse,Accessories,Aegean,Marketplace,Corporate,3,0.1,159.3,75,84.3,166.38
ORD-01228,2026-01-04,P07,USB-C Dock,Accessories,Aegean,Retail,Consumer,2,0.2,270.4,184,86.4,317.72
ORD-01229,2026-01-05,P01,Laptop Pro 14,Computing,Central Anatolia,Marketplace,Corporate,1,0,1299,820,479,1221.06
ORD-01230,2026-01-05,P04,27-inch Monitor,Displays,Central Anatolia,Marketplace,Consumer,2,0,578,370,208,543.32
ORD-01231,2026-01-05,P08,Noise-Cancel Headphones,Audio,Mediterranean,Marketplace,Consumer,1,0,249,133,116,234.06
ORD-01232,2026-01-05,P07,USB-C Dock,Accessories,Aegean,Online,Small Business,1,0,169,92,77,158.86
ORD-01233,2026-01-05,P09,Portable Speaker,Audio,Central Anatolia,Online,Consumer,1,0.15,101.15,63,38.15,111.86
ORD-01234,2026-01-05,P01,Laptop Pro 14,Computing,Mediterranean,Marketplace,Consumer,3,0,3897,2460,1437,3663.18
ORD-01235,2026-01-05,P02,Office Laptop 15,Computing,Marmara,Online,Consumer,2,0,1798,1180,618,1690.12
ORD-01236,2026-01-06,P06,Wireless Mouse,Accessories,Central Anatolia,Online,Small Business,2,0,118,50,68,110.92
ORD-01237,2026-01-06,P01,Laptop Pro 14,Computing,Aegean,Online,Corporate,1,0,1299,820,479,1221.06
ORD-01238,2026-01-06,P08,Noise-Cancel Headphones,Audio,Central Anatolia,Online,Corporate,3,0.15,634.95,399,235.95,702.18
ORD-01239,2026-01-06,P02,Office Laptop 15,Computing,Central Anatolia,Online,Corporate,1,0.05,854.05,590,264.05,845.06
ORD-01240,2026-01-06,P03,4K Monitor,Displays,Mediterranean,Retail,Consumer,2,0,858,540,318,806.52
ORD-01241,2026-01-06,P01,Laptop Pro 14,Computing,Marmara,Marketplace,Corporate,1,0.05,1234.05,820,414.05,1221.06
ORD-01242,2026-01-07,P05,Mechanical Keyboard,Accessories,Mediterranean,Marketplace,Corporate,2,0.05,226.1,122,104.1,223.72
ORD-01243,2026-01-07,P08,Noise-Cancel Headphones,Audio,Central Anatolia,Retail,Corporate,1,0,249,133,116,234.06
ORD-01244,2026-01-07,P03,4K Monitor,Displays,Aegean,Retail,Small Business,1,0,429,270,159,403.26
ORD-01245,2026-01-07,P11,Standing Desk,Office,Aegean,Retail,Small Business,1,0.1,629.1,440,189.1,657.06
ORD-01246,2026-01-07,P07,USB-C Dock,Accessories,Central Anatolia,Retail,Corporate,1,0.1,152.1,92,60.1,158.86
ORD-01247,2026-01-07,P09,Portable Speaker,Audio,Central Anatolia,Marketplace,Consumer,2,0,238,126,112,223.72
ORD-01248,2026-01-07,P09,Portable Speaker,Audio,Central Anatolia,Retail,Small Business,1,0.05,113.05,63,50.05,111.86
ORD-01249,2026-01-07,P02,Office Laptop 15,Computing,Mediterranean,Online,Small Business,2,0,1798,1180,618,1690.12
ORD-01250,2026-01-08,P10,Ergonomic Chair,Office,Aegean,Online,Corporate,4,0,1996,1260,736,1876.24
ORD-01251,2026-01-08,P06,Wireless Mouse,Accessories,Central Anatolia,Online,Corporate,1,0,59,25,34,55.46
ORD-01252,2026-01-08,P09,Portable Speaker,Audio,Central Anatolia,Retail,Consumer,1,0.2,95.2,63,32.2,111.86
ORD-01253,2026-01-08,P02,Office Laptop 15,Computing,Mediterranean,Online,Small Business,1,0,899,590,309,845.06
ORD-01254,2026-01-09,P12,Portable SSD 1TB,Storage,Mediterranean,Marketplace,Small Business,2,0,298,168,130,280.12
ORD-01255,2026-01-09,P05,Mechanical Keyboard,Accessories,Mediterranean,Retail,Corporate,3,0.05,339.15,183,156.15,335.58
ORD-01256,2026-01-09,P06,Wireless Mouse,Accessories,Marmara,Online,Small Business,4,0,236,100,136,221.84
ORD-01257,2026-01-09,P05,Mechanical Keyboard,Accessories,Central Anatolia,Retail,Consumer,2,0.05,226.1,122,104.1,223.72
ORD-01258,2026-01-10,P07,USB-C Dock,Accessories,Marmara,Online,Small Business,1,0,169,92,77,158.86
ORD-01259,2026-01-10,P12,Portable SSD 1TB,Storage,Mediterranean,Online,Corporate,2,0.05,283.1,168,115.1,280.12
ORD-01260,2026-01-10,P08,Noise-Cancel Headphones,Audio,Mediterranean,Marketplace,Small Business,1,0.15,211.65,133,78.65,234.06
ORD-01261,2026-01-10,P12,Portable SSD 1TB,Storage,Central Anatolia,Online,Small Business,3,0.05,424.65,252,172.65,420.18
ORD-01262,2026-01-10,P11,Standing Desk,Office,Aegean,Retail,Small Business,1,0.05,664.05,440,224.05,657.06
ORD-01263,2026-01-10,P12,Portable SSD 1TB,Storage,Aegean,Marketplace,Corporate,1,0,149,84,65,140.06
ORD-01264,2026-01-10,P03,4K Monitor,Displays,Mediterranean,Retail,Corporate,1,0.05,407.55,270,137.55,403.26
ORD-01265,2026-01-11,P03,4K Monitor,Displays,Mediterranean,Marketplace,Consumer,1,0.05,407.55,270,137.55,403.26
ORD-01266,2026-01-11,P06,Wireless Mouse,Accessories,Central Anatolia,Online,Consumer,2,0,118,50,68,110.92
ORD-01267,2026-01-11,P06,Wireless Mouse,Accessories,Central Anatolia,Online,Small Business,1,0,59,25,34,55.46
ORD-01268,2026-01-11,P09,Portable Speaker,Audio,Aegean,Marketplace,Corporate,1,0.05,113.05,63,50.05,111.86
ORD-01269,2026-01-11,P02,Office Laptop 15,Computing,Marmara,Online,Small Business,1,0,899,590,309,845.06
ORD-01270,2026-01-11,P09,Portable Speaker,Audio,Central Anatolia,Online,Consumer,1,0,119,63,56,111.86
ORD-01271,2026-01-11,P04,27-inch Monitor,Displays,Central Anatolia,Online,Small Business,1,0,289,185,104,271.66
ORD-01272,2026-01-12,P11,Standing Desk,Office,Mediterranean,Marketplace,Consumer,1,0.15,594.15,440,154.15,657.06
ORD-01273,2026-01-12,P01,Laptop Pro 14,Computing,Aegean,Online,Consumer,1,0.15,1104.15,820,284.15,1221.06
ORD-01274,2026-01-12,P09,Portable Speaker,Audio,Aegean,Online,Consumer,3,0.15,303.45,189,114.45,335.58
ORD-01275,2026-01-12,P09,Portable Speaker,Audio,Mediterranean,Marketplace,Small Business,1,0,119,63,56,111.86
ORD-01276,2026-01-12,P04,27-inch Monitor,Displays,Mediterranean,Marketplace,Consumer,2,0.15,491.3,370,121.3,543.32
ORD-01277,2026-01-12,P09,Portable Speaker,Audio,Central Anatolia,Marketplace,Small Business,1,0.1,107.1,63,44.1,111.86
ORD-01278,2026-01-12,P06,Wireless Mouse,Accessories,Mediterranean,Retail,Small Business,3,0,177,75,102,166.38
ORD-01279,2026-01-12,P05,Mechanical Keyboard,Accessories,Central Anatolia,Online,Consumer,2,0,238,122,116,223.72
ORD-01280,2026-01-13,P08,Noise-Cancel Headphones,Audio,Mediterranean,Marketplace,Consumer,3,0,747,399,348,702.18
ORD-01281,2026-01-13,P01,Laptop Pro 14,Computing,Mediterranean,Online,Small Business,1,0.05,1234.05,820,414.05,1221.06
ORD-01282,2026-01-13,P02,Office Laptop 15,Computing,Marmara,Marketplace,Consumer,1,0.15,764.15,590,174.15,845.06
ORD-01283,2026-01-13,P12,Portable SSD 1TB,Storage,Aegean,Retail,Small Business,3,0.15,379.95,252,127.95,420.18
ORD-01284,2026-01-13,P02,Office Laptop 15,Computing,Central Anatolia,Marketplace,Small Business,2,0,1798,1180,618,1690.12
ORD-01285,2026-01-13,P01,Laptop Pro 14,Computing,Marmara,Retail,Corporate,1,0,1299,820,479,1221.06
ORD-01286,2026-01-13,P04,27-inch Monitor,Displays,Central Anatolia,Retail,Consumer,3,0.1,780.3,555,225.3,814.98
ORD-01287,2026-01-14,P02,Office Laptop 15,Computing,Marmara,Marketplace,Corporate,1,0,899,590,309,845.06
ORD-01288,2026-01-14,P11,Standing Desk,Office,Central Anatolia,Marketplace,Small Business,3,0.05,1992.15,1320,672.15,1971.18
ORD-01289,2026-01-14,P08,Noise-Cancel Headphones,Audio,Central Anatolia,Marketplace,Small Business,4,0.1,896.4,532,364.4,936.24
ORD-01290,2026-01-14,P07,USB-C Dock,Accessories,Aegean,Marketplace,Consumer,1,0.1,152.1,92,60.1,158.86
ORD-01291,2026-01-14,P02,Office Laptop 15,Computing,Mediterranean,Online,Small Business,2,0.05,1708.1,1180,528.1,1690.12
ORD-01292,2026-01-14,P12,Portable SSD 1TB,Storage,Aegean,Online,Consumer,1,0.05,141.55,84,57.55,140.06
ORD-01293,2026-01-14,P08,Noise-Cancel Headphones,Audio,Marmara,Online,Consumer,1,0,249,133,116,234.06
ORD-01294,2026-01-15,P11,Standing Desk,Office,Mediterranean,Retail,Small Business,2,0,1398,880,518,1314.12
ORD-01295,2026-01-15,P11,Standing Desk,Office,Central Anatolia,Marketplace,Consumer,3,0.05,1992.15,1320,672.15,1971.18
ORD-01296,2026-01-15,P12,Portable SSD 1TB,Storage,Central Anatolia,Retail,Consumer,3,0,447,252,195,420.18
ORD-01297,2026-01-15,P08,Noise-Cancel Headphones,Audio,Mediterranean,Retail,Consumer,1,0,249,133,116,234.06
ORD-01298,2026-01-15,P02,Office Laptop 15,Computing,Central Anatolia,Retail,Consumer,3,0,2697,1770,927,2535.18
ORD-01299,2026-01-15,P07,USB-C Dock,Accessories,Central Anatolia,Marketplace,Small Business,2,0.1,304.2,184,120.2,317.72
ORD-01300,2026-01-16,P01,Laptop Pro 14,Computing,Central Anatolia,Retail,Corporate,3,0.05,3702.15,2460,1242.15,3663.18
ORD-01301,2026-01-16,P09,Portable Speaker,Audio,Mediterranean,Retail,Consumer,1,0.1,107.1,63,44.1,111.86
ORD-01302,2026-01-16,P10,Ergonomic Chair,Office,Aegean,Retail,Small Business,1,0,499,315,184,469.06
ORD-01303,2026-01-16,P04,27-inch Monitor,Displays,Aegean,Retail,Small Business,2,0.15,491.3,370,121.3,543.32
ORD-01304,2026-01-17,P05,Mechanical Keyboard,Accessories,Marmara,Marketplace,Consumer,1,0,119,61,58,111.86
ORD-01305,2026-01-17,P02,Office Laptop 15,Computing,Mediterranean,Online,Corporate,3,0.1,2427.3,1770,657.3,2535.18
ORD-01306,2026-01-17,P03,4K Monitor,Displays,Marmara,Marketplace,Corporate,2,0.05,815.1,540,275.1,806.52
ORD-01307,2026-01-17,P12,Portable SSD 1TB,Storage,Aegean,Retail,Corporate,1,0.15,126.65,84,42.65,140.06
ORD-01308,2026-01-17,P10,Ergonomic Chair,Office,Marmara,Retail,Small Business,1,0,499,315,184,469.06
ORD-01309,2026-01-18,P03,4K Monitor,Displays,Central Anatolia,Marketplace,Small Business,1,0.05,407.55,270,137.55,403.26
ORD-01310,2026-01-18,P08,Noise-Cancel Headphones,Audio,Marmara,Marketplace,Corporate,1,0.05,236.55,133,103.55,234.06
ORD-01311,2026-01-18,P08,Noise-Cancel Headphones,Audio,Central Anatolia,Retail,Consumer,1,0.05,236.55,133,103.55,234.06
ORD-01312,2026-01-18,P02,Office Laptop 15,Computing,Central Anatolia,Online,Consumer,3,0.05,2562.15,1770,792.15,2535.18
ORD-01313,2026-01-18,P03,4K Monitor,Displays,Central Anatolia,Retail,Small Business,3,0.05,1222.65,810,412.65,1209.78
ORD-01314,2026-01-19,P03,4K Monitor,Displays,Marmara,Retail,Small Business,1,0,429,270,159,403.26
ORD-01315,2026-01-19,P09,Portable Speaker,Audio,Marmara,Retail,Corporate,3,0.1,321.3,189,132.3,335.58
ORD-01316,2026-01-19,P04,27-inch Monitor,Displays,Central Anatolia,Retail,Corporate,2,0.1,520.2,370,150.2,543.32
ORD-01317,2026-01-19,P04,27-inch Monitor,Displays,Central Anatolia,Marketplace,Consumer,1,0.1,260.1,185,75.1,271.66
ORD-01318,2026-01-19,P06,Wireless Mouse,Accessories,Central Anatolia,Marketplace,Corporate,3,0,177,75,102,166.38
ORD-01319,2026-01-19,P04,27-inch Monitor,Displays,Central Anatolia,Marketplace,Small Business,1,0.05,274.55,185,89.55,271.66
ORD-01320,2026-01-20,P06,Wireless Mouse,Accessories,Mediterranean,Marketplace,Small Business,2,0,118,50,68,110.92
ORD-01321,2026-01-20,P02,Office Laptop 15,Computing,Central Anatolia,Marketplace,Consumer,1,0,899,590,309,845.06
ORD-01322,2026-01-20,P01,Laptop Pro 14,Computing,Aegean,Retail,Consumer,2,0.05,2468.1,1640,828.1,2442.12
ORD-01323,2026-01-20,P07,USB-C Dock,Accessories,Mediterranean,Online,Small Business,1,0.1,152.1,92,60.1,158.86
ORD-01324,2026-01-20,P02,Office Laptop 15,Computing,Central Anatolia,Marketplace,Consumer,2,0,1798,1180,618,1690.12
ORD-01325,2026-01-20,P08,Noise-Cancel Headphones,Audio,Central Anatolia,Retail,Consumer,1,0,249,133,116,234.06
ORD-01326,2026-01-20,P11,Standing Desk,Office,Mediterranean,Retail,Corporate,1,0.2,559.2,440,119.2,657.06
ORD-01327,2026-01-21,P08,Noise-Cancel Headphones,Audio,Marmara,Marketplace,Corporate,1,0.1,224.1,133,91.1,234.06
ORD-01328,2026-01-21,P01,Laptop Pro 14,Computing,Aegean,Marketplace,Corporate,2,0,2598,1640,958,2442.12
ORD-01329,2026-01-21,P09,Portable Speaker,Audio,Mediterranean,Marketplace,Consumer,1,0.05,113.05,63,50.05,111.86
ORD-01330,2026-01-21,P10,Ergonomic Chair,Office,Central Anatolia,Marketplace,Consumer,1,0,499,315,184,469.06
ORD-01331,2026-01-21,P10,Ergonomic Chair,Office,Aegean,Marketplace,Small Business,2,0,998,630,368,938.12
ORD-01332,2026-01-21,P04,27-inch Monitor,Displays,Marmara,Marketplace,Small Business,1,0,289,185,104,271.66
ORD-01333,2026-01-21,P09,Portable Speaker,Audio,Central Anatolia,Marketplace,Consumer,2,0.05,226.1,126,100.1,223.72
ORD-01334,2026-01-21,P04,27-inch Monitor,Displays,Aegean,Marketplace,Corporate,2,0.1,520.2,370,150.2,543.32
ORD-01335,2026-01-22,P12,Portable SSD 1TB,Storage,Aegean,Marketplace,Small Business,1,0.1,134.1,84,50.1,140.06
ORD-01336,2026-01-22,P06,Wireless Mouse,Accessories,Central Anatolia,Marketplace,Consumer,4,0,236,100,136,221.84
ORD-01337,2026-01-22,P02,Office Laptop 15,Computing,Central Anatolia,Online,Corporate,3,0.1,2427.3,1770,657.3,2535.18
ORD-01338,2026-01-22,P06,Wireless Mouse,Accessories,Marmara,Online,Consumer,2,0.05,112.1,50,62.1,110.92
ORD-01339,2026-01-23,P09,Portable Speaker,Audio,Marmara,Retail,Corporate,2,0.1,214.2,126,88.2,223.72
ORD-01340,2026-01-23,P06,Wireless Mouse,Accessories,Central Anatolia,Online,Consumer,1,0.05,56.05,25,31.05,55.46
ORD-01341,2026-01-23,P08,Noise-Cancel Headphones,Audio,Marmara,Marketplace,Consumer,1,0.1,224.1,133,91.1,234.06
ORD-01342,2026-01-23,P09,Portable Speaker,Audio,Central Anatolia,Retail,Corporate,3,0.05,339.15,189,150.15,335.58
ORD-01343,2026-01-23,P10,Ergonomic Chair,Office,Mediterranean,Online,Small Business,1,0.05,474.05,315,159.05,469.06
ORD-01344,2026-01-23,P06,Wireless Mouse,Accessories,Aegean,Online,Consumer,1,0.1,53.1,25,28.1,55.46
ORD-01345,2026-01-23,P05,Mechanical Keyboard,Accessories,Aegean,Online,Small Business,1,0.05,113.05,61,52.05,111.86
ORD-01346,2026-01-24,P03,4K Monitor,Displays,Mediterranean,Online,Corporate,2,0.1,772.2,540,232.2,806.52
ORD-01347,2026-01-24,P01,Laptop Pro 14,Computing,Aegean,Retail,Small Business,1,0.05,1234.05,820,414.05,1221.06
ORD-01348,2026-01-24,P12,Portable SSD 1TB,Storage,Mediterranean,Marketplace,Consumer,1,0.1,134.1,84,50.1,140.06
ORD-01349,2026-01-24,P11,Standing Desk,Office,Aegean,Online,Small Business,1,0,699,440,259,657.06
ORD-01350,2026-01-24,P02,Office Laptop 15,Computing,Mediterranean,Online,Consumer,2,0.05,1708.1,1180,528.1,1690.12
ORD-01351,2026-01-24,P03,4K Monitor,Displays,Marmara,Marketplace,Corporate,2,0.05,815.1,540,275.1,806.52
ORD-01352,2026-01-24,P01,Laptop Pro 14,Computing,Mediterranean,Online,Consumer,4,0.1,4676.4,3280,1396.4,4884.24
ORD-01353,2026-01-25,P02,Office Laptop 15,Computing,Marmara,Online,Small Business,2,0.1,1618.2,1180,438.2,1690.12
ORD-01354,2026-01-25,P11,Standing Desk,Office,Central Anatolia,Retail,Small Business,1,0.15,594.15,440,154.15,657.06
ORD-01355,2026-01-25,P10,Ergonomic Chair,Office,Marmara,Marketplace,Small Business,1,0.05,474.05,315,159.05,469.06
ORD-01356,2026-01-25,P07,USB-C Dock,Accessories,Marmara,Marketplace,Corporate,2,0.1,304.2,184,120.2,317.72
ORD-01357,2026-01-25,P07,USB-C Dock,Accessories,Marmara,Marketplace,Corporate,1,0.2,135.2,92,43.2,158.86
ORD-01358,2026-01-26,P08,Noise-Cancel Headphones,Audio,Marmara,Online,Consumer,4,0,996,532,464,936.24
ORD-01359,2026-01-26,P07,USB-C Dock,Accessories,Aegean,Online,Small Business,3,0.2,405.6,276,129.6,476.58
ORD-01360,2026-01-26,P12,Portable SSD 1TB,Storage,Aegean,Online,Small Business,2,0.1,268.2,168,100.2,280.12
ORD-01361,2026-01-26,P05,Mechanical Keyboard,Accessories,Mediterranean,Online,Consumer,2,0.05,226.1,122,104.1,223.72
ORD-01362,2026-01-26,P10,Ergonomic Chair,Office,Marmara,Marketplace,Consumer,1,0.15,424.15,315,109.15,469.06
ORD-01363,2026-01-26,P05,Mechanical Keyboard,Accessories,Central Anatolia,Online,Small Business,4,0,476,244,232,447.44
ORD-01364,2026-01-26,P08,Noise-Cancel Headphones,Audio,Mediterranean,Marketplace,Consumer,3,0,747,399,348,702.18
ORD-01365,2026-01-27,P05,Mechanical Keyboard,Accessories,Aegean,Marketplace,Consumer,1,0,119,61,58,111.86
ORD-01366,2026-01-27,P07,USB-C Dock,Accessories,Mediterranean,Marketplace,Corporate,2,0.1,304.2,184,120.2,317.72
ORD-01367,2026-01-27,P02,Office Laptop 15,Computing,Aegean,Retail,Consumer,1,0.1,809.1,590,219.1,845.06
ORD-01368,2026-01-27,P08,Noise-Cancel Headphones,Audio,Aegean,Marketplace,Corporate,1,0.05,236.55,133,103.55,234.06
ORD-01369,2026-01-27,P07,USB-C Dock,Accessories,Aegean,Retail,Consumer,2,0,338,184,154,317.72
ORD-01370,2026-01-27,P10,Ergonomic Chair,Office,Central Anatolia,Online,Consumer,3,0.1,1347.3,945,402.3,1407.18
ORD-01371,2026-01-27,P01,Laptop Pro 14,Computing,Mediterranean,Online,Corporate,1,0,1299,820,479,1221.06
ORD-01372,2026-01-27,P06,Wireless Mouse,Accessories,Marmara,Online,Corporate,2,0.05,112.1,50,62.1,110.92
ORD-01373,2026-01-28,P07,USB-C Dock,Accessories,Central Anatolia,Online,Consumer,1,0.1,152.1,92,60.1,158.86
ORD-01374,2026-01-28,P10,Ergonomic Chair,Office,Aegean,Online,Small Business,1,0,499,315,184,469.06
ORD-01375,2026-01-28,P01,Laptop Pro 14,Computing,Aegean,Retail,Corporate,1,0.05,1234.05,820,414.05,1221.06
ORD-01376,2026-01-28,P01,Laptop Pro 14,Computing,Aegean,Retail,Corporate,2,0.1,2338.2,1640,698.2,2442.12
ORD-01377,2026-01-28,P04,27-inch Monitor,Displays,Central Anatolia,Online,Consumer,1,0,289,185,104,271.66
ORD-01378,2026-01-29,P04,27-inch Monitor,Displays,Mediterranean,Retail,Consumer,1,0,289,185,104,271.66
ORD-01379,2026-01-29,P01,Laptop Pro 14,Computing,Mediterranean,Marketplace,Corporate,2,0.05,2468.1,1640,828.1,2442.12
ORD-01380,2026-01-29,P03,4K Monitor,Displays,Central Anatolia,Retail,Small Business,1,0,429,270,159,403.26
ORD-01381,2026-01-29,P11,Standing Desk,Office,Marmara,Retail,Corporate,1,0,699,440,259,657.06
ORD-01382,2026-01-29,P12,Portable SSD 1TB,Storage,Marmara,Retail,Small Business,2,0.05,283.1,168,115.1,280.12
ORD-01383,2026-01-29,P01,Laptop Pro 14,Computing,Marmara,Retail,Corporate,3,0,3897,2460,1437,3663.18
ORD-01384,2026-01-29,P04,27-inch Monitor,Displays,Aegean,Marketplace,Consumer,3,0,867,555,312,814.98
ORD-01385,2026-01-30,P10,Ergonomic Chair,Office,Central Anatolia,Marketplace,Small Business,2,0.1,898.2,630,268.2,938.12
ORD-01386,2026-01-30,P10,Ergonomic Chair,Office,Marmara,Online,Corporate,1,0.05,474.05,315,159.05,469.06
ORD-01387,2026-01-30,P03,4K Monitor,Displays,Central Anatolia,Retail,Corporate,1,0,429,270,159,403.26
ORD-01388,2026-01-30,P02,Office Laptop 15,Computing,Mediterranean,Marketplace,Corporate,1,0.05,854.05,590,264.05,845.06
ORD-01389,2026-01-30,P06,Wireless Mouse,Accessories,Mediterranean,Marketplace,Small Business,1,0.1,53.1,25,28.1,55.46
ORD-01390,2026-01-30,P05,Mechanical Keyboard,Accessories,Central Anatolia,Online,Small Business,1,0,119,61,58,111.86
ORD-01391,2026-01-31,P07,USB-C Dock,Accessories,Aegean,Marketplace,Consumer,2,0.05,321.1,184,137.1,317.72
ORD-01392,2026-01-31,P06,Wireless Mouse,Accessories,Mediterranean,Marketplace,Corporate,1,0,59,25,34,55.46
ORD-01393,2026-01-31,P04,27-inch Monitor,Displays,Mediterranean,Marketplace,Corporate,2,0,578,370,208,543.32
ORD-01394,2026-01-31,P02,Office Laptop 15,Computing,Mediterranean,Retail,Consumer,1,0,899,590,309,845.06
ORD-01395,2026-01-31,P07,USB-C Dock,Accessories,Marmara,Retail,Corporate,1,0,169,92,77,158.86
ORD-01396,2026-01-31,P07,USB-C Dock,Accessories,Mediterranean,Online,Corporate,4,0,676,368,308,635.44
ORD-01397,2026-01-31,P08,Noise-Cancel Headphones,Audio,Mediterranean,Retail,Consumer,1,0,249,133,116,234.06
ORD-01398,2026-01-31,P07,USB-C Dock,Accessories,Marmara,Online,Consumer,3,0.1,456.3,276,180.3,476.58
ORD-01399,2026-02-01,P12,Portable SSD 1TB,Storage,Marmara,Retail,Consumer,2,0,298,168,130,280.12
ORD-01400,2026-02-01,P08,Noise-Cancel Headphones,Audio,Aegean,Online,Corporate,2,0.05,473.1,266,207.1,468.12
ORD-01401,2026-02-01,P11,Standing Desk,Office,Aegean,Marketplace,Consumer,1,0,699,440,259,657.06
ORD-01402,2026-02-01,P12,Portable SSD 1TB,Storage,Marmara,Online,Consumer,1,0,149,84,65,140.06
ORD-01403,2026-02-01,P08,Noise-Cancel Headphones,Audio,Marmara,Online,Consumer,1,0,249,133,116,234.06
ORD-01404,2026-02-01,P12,Portable SSD 1TB,Storage,Central Anatolia,Marketplace,Small Business,1,0.15,126.65,84,42.65,140.06
ORD-01405,2026-02-01,P02,Office Laptop 15,Computing,Aegean,Retail,Small Business,4,0,3596,2360,1236,3380.24
ORD-01406,2026-02-02,P05,Mechanical Keyboard,Accessories,Marmara,Retail,Consumer,1,0.1,107.1,61,46.1,111.86
ORD-01407,2026-02-02,P07,USB-C Dock,Accessories,Mediterranean,Online,Consumer,2,0.2,270.4,184,86.4,317.72
ORD-01408,2026-02-02,P03,4K Monitor,Displays,Marmara,Retail,Corporate,3,0.15,1093.95,810,283.95,1209.78
ORD-01409,2026-02-02,P02,Office Laptop 15,Computing,Central Anatolia,Online,Small Business,1,0.15,764.15,590,174.15,845.06
ORD-01410,2026-02-02,P07,USB-C Dock,Accessories,Mediterranean,Online,Consumer,1,0.1,152.1,92,60.1,158.86
ORD-01411,2026-02-03,P01,Laptop Pro 14,Computing,Central Anatolia,Online,Small Business,3,0.15,3312.45,2460,852.45,3663.18
ORD-01412,2026-02-03,P01,Laptop Pro 14,Computing,Central Anatolia,Online,Small Business,1,0,1299,820,479,1221.06
ORD-01413,2026-02-03,P02,Office Laptop 15,Computing,Aegean,Marketplace,Small Business,1,0.1,809.1,590,219.1,845.06
ORD-01414,2026-02-03,P09,Portable Speaker,Audio,Central Anatolia,Retail,Consumer,2,0,238,126,112,223.72
ORD-01415,2026-02-03,P11,Standing Desk,Office,Mediterranean,Retail,Small Business,1,0,699,440,259,657.06
ORD-01416,2026-02-03,P07,USB-C Dock,Accessories,Central Anatolia,Retail,Corporate,3,0.1,456.3,276,180.3,476.58
ORD-01417,2026-02-03,P03,4K Monitor,Displays,Aegean,Online,Small Business,1,0.1,386.1,270,116.1,403.26
ORD-01418,2026-02-04,P05,Mechanical Keyboard,Accessories,Central Anatolia,Marketplace,Consumer,1,0,119,61,58,111.86
ORD-01419,2026-02-04,P06,Wireless Mouse,Accessories,Mediterranean,Marketplace,Corporate,1,0,59,25,34,55.46
ORD-01420,2026-02-04,P02,Office Laptop 15,Computing,Marmara,Online,Consumer,2,0.05,1708.1,1180,528.1,1690.12
ORD-01421,2026-02-04,P11,Standing Desk,Office,Central Anatolia,Marketplace,Consumer,1,0,699,440,259,657.06
ORD-01422,2026-02-05,P11,Standing Desk,Office,Central Anatolia,Marketplace,Small Business,1,0,699,440,259,657.06
ORD-01423,2026-02-05,P03,4K Monitor,Displays,Aegean,Retail,Consumer,1,0.15,364.65,270,94.65,403.26
ORD-01424,2026-02-05,P07,USB-C Dock,Accessories,Marmara,Marketplace,Corporate,1,0.1,152.1,92,60.1,158.86
ORD-01425,2026-02-05,P07,USB-C Dock,Accessories,Central Anatolia,Marketplace,Small Business,1,0.05,160.55,92,68.55,158.86
ORD-01426,2026-02-05,P08,Noise-Cancel Headphones,Audio,Aegean,Marketplace,Small Business,1,0.1,224.1,133,91.1,234.06
ORD-01427,2026-02-05,P06,Wireless Mouse,Accessories,Aegean,Marketplace,Small Business,1,0,59,25,34,55.46
ORD-01428,2026-02-05,P04,27-inch Monitor,Displays,Mediterranean,Marketplace,Consumer,1,0,289,185,104,271.66
ORD-01429,2026-02-06,P10,Ergonomic Chair,Office,Central Anatolia,Retail,Small Business,2,0.1,898.2,630,268.2,938.12
ORD-01430,2026-02-06,P05,Mechanical Keyboard,Accessories,Marmara,Online,Corporate,1,0,119,61,58,111.86
ORD-01431,2026-02-06,P05,Mechanical Keyboard,Accessories,Marmara,Marketplace,Consumer,1,0.15,101.15,61,40.15,111.86
ORD-01432,2026-02-06,P06,Wireless Mouse,Accessories,Marmara,Retail,Corporate,1,0.1,53.1,25,28.1,55.46
ORD-01433,2026-02-06,P04,27-inch Monitor,Displays,Central Anatolia,Online,Corporate,1,0,289,185,104,271.66
ORD-01434,2026-02-06,P02,Office Laptop 15,Computing,Aegean,Online,Small Business,3,0,2697,1770,927,2535.18
ORD-01435,2026-02-06,P11,Standing Desk,Office,Marmara,Retail,Corporate,1,0.1,629.1,440,189.1,657.06
ORD-01436,2026-02-07,P03,4K Monitor,Displays,Marmara,Marketplace,Corporate,1,0,429,270,159,403.26
ORD-01437,2026-02-07,P02,Office Laptop 15,Computing,Central Anatolia,Marketplace,Small Business,1,0,899,590,309,845.06
ORD-01438,2026-02-07,P08,Noise-Cancel Headphones,Audio,Marmara,Retail,Small Business,2,0,498,266,232,468.12
ORD-01439,2026-02-07,P06,Wireless Mouse,Accessories,Mediterranean,Retail,Small Business,1,0,59,25,34,55.46
ORD-01440,2026-02-07,P05,Mechanical Keyboard,Accessories,Mediterranean,Retail,Small Business,2,0.1,214.2,122,92.2,223.72
ORD-01441,2026-02-08,P06,Wireless Mouse,Accessories,Marmara,Retail,Small Business,1,0.05,56.05,25,31.05,55.46
ORD-01442,2026-02-08,P05,Mechanical Keyboard,Accessories,Mediterranean,Online,Consumer,1,0.1,107.1,61,46.1,111.86
ORD-01443,2026-02-08,P03,4K Monitor,Displays,Aegean,Online,Small Business,2,0.15,729.3,540,189.3,806.52
ORD-01444,2026-02-08,P12,Portable SSD 1TB,Storage,Mediterranean,Online,Corporate,3,0.1,402.3,252,150.3,420.18
ORD-01445,2026-02-08,P09,Portable Speaker,Audio,Marmara,Marketplace,Consumer,2,0.05,226.1,126,100.1,223.72
ORD-01446,2026-02-08,P07,USB-C Dock,Accessories,Mediterranean,Retail,Corporate,1,0,169,92,77,158.86
ORD-01447,2026-02-08,P02,Office Laptop 15,Computing,Marmara,Retail,Consumer,2,0.05,1708.1,1180,528.1,1690.12
ORD-01448,2026-02-09,P12,Portable SSD 1TB,Storage,Mediterranean,Marketplace,Small Business,3,0,447,252,195,420.18
ORD-01449,2026-02-09,P01,Laptop Pro 14,Computing,Central Anatolia,Retail,Consumer,2,0,2598,1640,958,2442.12
ORD-01450,2026-02-09,P06,Wireless Mouse,Accessories,Aegean,Online,Consumer,1,0.2,47.2,25,22.2,55.46
ORD-01451,2026-02-09,P04,27-inch Monitor,Displays,Mediterranean,Retail,Corporate,2,0,578,370,208,543.32
ORD-01452,2026-02-09,P05,Mechanical Keyboard,Accessories,Marmara,Online,Corporate,1,0.05,113.05,61,52.05,111.86
ORD-01453,2026-02-09,P12,Portable SSD 1TB,Storage,Central Anatolia,Online,Corporate,1,0,149,84,65,140.06
ORD-01454,2026-02-09,P06,Wireless Mouse,Accessories,Marmara,Online,Corporate,1,0,59,25,34,55.46
ORD-01455,2026-02-10,P01,Laptop Pro 14,Computing,Central Anatolia,Retail,Consumer,3,0.15,3312.45,2460,852.45,3663.18
ORD-01456,2026-02-10,P11,Standing Desk,Office,Central Anatolia,Retail,Corporate,1,0.1,629.1,440,189.1,657.06
ORD-01457,2026-02-10,P09,Portable Speaker,Audio,Marmara,Marketplace,Small Business,3,0,357,189,168,335.58
ORD-01458,2026-02-10,P10,Ergonomic Chair,Office,Mediterranean,Retail,Corporate,4,0.1,1796.4,1260,536.4,1876.24
ORD-01459,2026-02-10,P10,Ergonomic Chair,Office,Mediterranean,Online,Corporate,2,0,998,630,368,938.12
ORD-01460,2026-02-11,P11,Standing Desk,Office,Marmara,Marketplace,Small Business,1,0.05,664.05,440,224.05,657.06
ORD-01461,2026-02-11,P05,Mechanical Keyboard,Accessories,Central Anatolia,Online,Consumer,1,0,119,61,58,111.86
ORD-01462,2026-02-11,P02,Office Laptop 15,Computing,Mediterranean,Online,Corporate,1,0.05,854.05,590,264.05,845.06
ORD-01463,2026-02-11,P12,Portable SSD 1TB,Storage,Marmara,Online,Corporate,1,0,149,84,65,140.06
ORD-01464,2026-02-11,P12,Portable SSD 1TB,Storage,Mediterranean,Online,Consumer,2,0,298,168,130,280.12
ORD-01465,2026-02-11,P01,Laptop Pro 14,Computing,Central Anatolia,Retail,Consumer,1,0.1,1169.1,820,349.1,1221.06
ORD-01466,2026-02-11,P10,Ergonomic Chair,Office,Central Anatolia,Marketplace,Corporate,1,0.05,474.05,315,159.05,469.06
ORD-01467,2026-02-12,P09,Portable Speaker,Audio,Mediterranean,Retail,Corporate,1,0.05,113.05,63,50.05,111.86
ORD-01468,2026-02-12,P07,USB-C Dock,Accessories,Mediterranean,Retail,Corporate,1,0,169,92,77,158.86
ORD-01469,2026-02-12,P08,Noise-Cancel Headphones,Audio,Aegean,Marketplace,Consumer,3,0.05,709.65,399,310.65,702.18
ORD-01470,2026-02-12,P08,Noise-Cancel Headphones,Audio,Central Anatolia,Online,Consumer,1,0.05,236.55,133,103.55,234.06
ORD-01471,2026-02-12,P04,27-inch Monitor,Displays,Mediterranean,Marketplace,Small Business,1,0.1,260.1,185,75.1,271.66
ORD-01472,2026-02-12,P02,Office Laptop 15,Computing,Mediterranean,Online,Corporate,1,0.1,809.1,590,219.1,845.06
ORD-01473,2026-02-13,P06,Wireless Mouse,Accessories,Central Anatolia,Online,Consumer,1,0.15,50.15,25,25.15,55.46
ORD-01474,2026-02-13,P04,27-inch Monitor,Displays,Mediterranean,Online,Corporate,1,0,289,185,104,271.66
ORD-01475,2026-02-13,P11,Standing Desk,Office,Central Anatolia,Marketplace,Small Business,1,0,699,440,259,657.06
ORD-01476,2026-02-13,P12,Portable SSD 1TB,Storage,Aegean,Online,Consumer,1,0.05,141.55,84,57.55,140.06
ORD-01477,2026-02-13,P02,Office Laptop 15,Computing,Aegean,Retail,Consumer,1,0.05,854.05,590,264.05,845.06
ORD-01478,2026-02-13,P09,Portable Speaker,Audio,Central Anatolia,Online,Consumer,1,0.15,101.15,63,38.15,111.86
ORD-01479,2026-02-13,P12,Portable SSD 1TB,Storage,Central Anatolia,Retail,Small Business,1,0,149,84,65,140.06
ORD-01480,2026-02-14,P05,Mechanical Keyboard,Accessories,Aegean,Online,Corporate,1,0,119,61,58,111.86
ORD-01481,2026-02-14,P03,4K Monitor,Displays,Aegean,Retail,Corporate,1,0.05,407.55,270,137.55,403.26
ORD-01482,2026-02-14,P02,Office Laptop 15,Computing,Aegean,Marketplace,Consumer,1,0.05,854.05,590,264.05,845.06
ORD-01483,2026-02-14,P11,Standing Desk,Office,Marmara,Online,Small Business,1,0,699,440,259,657.06
ORD-01484,2026-02-14,P04,27-inch Monitor,Displays,Marmara,Online,Corporate,1,0.1,260.1,185,75.1,271.66
ORD-01485,2026-02-14,P10,Ergonomic Chair,Office,Mediterranean,Online,Small Business,1,0,499,315,184,469.06
ORD-01486,2026-02-14,P06,Wireless Mouse,Accessories,Mediterranean,Online,Consumer,1,0,59,25,34,55.46
ORD-01487,2026-02-15,P12,Portable SSD 1TB,Storage,Aegean,Retail,Consumer,1,0.1,134.1,84,50.1,140.06
ORD-01488,2026-02-15,P04,27-inch Monitor,Displays,Aegean,Online,Consumer,1,0.1,260.1,185,75.1,271.66
ORD-01489,2026-02-15,P01,Laptop Pro 14,Computing,Central Anatolia,Marketplace,Consumer,1,0.2,1039.2,820,219.2,1221.06
ORD-01490,2026-02-15,P10,Ergonomic Chair,Office,Aegean,Online,Small Business,1,0.2,399.2,315,84.2,469.06
ORD-01491,2026-02-15,P12,Portable SSD 1TB,Storage,Aegean,Online,Consumer,1,0.2,119.2,84,35.2,140.06
ORD-01492,2026-02-16,P12,Portable SSD 1TB,Storage,Mediterranean,Retail,Small Business,1,0,149,84,65,140.06
ORD-01493,2026-02-16,P07,USB-C Dock,Accessories,Marmara,Online,Corporate,1,0,169,92,77,158.86
ORD-01494,2026-02-16,P02,Office Laptop 15,Computing,Aegean,Marketplace,Small Business,1,0,899,590,309,845.06
ORD-01495,2026-02-16,P04,27-inch Monitor,Displays,Central Anatolia,Marketplace,Consumer,1,0.05,274.55,185,89.55,271.66
ORD-01496,2026-02-16,P01,Laptop Pro 14,Computing,Central Anatolia,Retail,Small Business,2,0.05,2468.1,1640,828.1,2442.12
ORD-01497,2026-02-16,P06,Wireless Mouse,Accessories,Marmara,Retail,Consumer,1,0,59,25,34,55.46
ORD-01498,2026-02-16,P09,Portable Speaker,Audio,Aegean,Marketplace,Small Business,1,0.1,107.1,63,44.1,111.86
ORD-01499,2026-02-17,P11,Standing Desk,Office,Marmara,Marketplace,Consumer,3,0,2097,1320,777,1971.18
ORD-01500,2026-02-17,P08,Noise-Cancel Headphones,Audio,Mediterranean,Retail,Small Business,1,0,249,133,116,234.06
ORD-01501,2026-02-17,P08,Noise-Cancel Headphones,Audio,Mediterranean,Online,Consumer,1,0,249,133,116,234.06
ORD-01502,2026-02-17,P04,27-inch Monitor,Displays,Mediterranean,Online,Consumer,1,0.05,274.55,185,89.55,271.66
ORD-01503,2026-02-18,P04,27-inch Monitor,Displays,Aegean,Online,Small Business,1,0,289,185,104,271.66
ORD-01504,2026-02-18,P11,Standing Desk,Office,Mediterranean,Online,Corporate,1,0,699,440,259,657.06
ORD-01505,2026-02-18,P09,Portable Speaker,Audio,Central Anatolia,Online,Small Business,1,0.2,95.2,63,32.2,111.86
ORD-01506,2026-02-18,P12,Portable SSD 1TB,Storage,Aegean,Online,Small Business,1,0,149,84,65,140.06
ORD-01507,2026-02-18,P03,4K Monitor,Displays,Aegean,Retail,Corporate,1,0,429,270,159,403.26
ORD-01508,2026-02-18,P04,27-inch Monitor,Displays,Aegean,Retail,Small Business,2,0,578,370,208,543.32
ORD-01509,2026-02-18,P01,Laptop Pro 14,Computing,Aegean,Marketplace,Consumer,1,0,1299,820,479,1221.06
ORD-01510,2026-02-19,P02,Office Laptop 15,Computing,Mediterranean,Retail,Small Business,4,0,3596,2360,1236,3380.24
ORD-01511,2026-02-19,P05,Mechanical Keyboard,Accessories,Marmara,Marketplace,Corporate,1,0,119,61,58,111.86
ORD-01512,2026-02-19,P01,Laptop Pro 14,Computing,Marmara,Online,Small Business,1,0,1299,820,479,1221.06
ORD-01513,2026-02-19,P03,4K Monitor,Displays,Aegean,Online,Corporate,2,0.05,815.1,540,275.1,806.52
ORD-01514,2026-02-20,P11,Standing Desk,Office,Aegean,Retail,Small Business,3,0.05,1992.15,1320,672.15,1971.18
ORD-01515,2026-02-20,P03,4K Monitor,Displays,Central Anatolia,Online,Corporate,3,0,1287,810,477,1209.78
ORD-01516,2026-02-20,P04,27-inch Monitor,Displays,Aegean,Online,Small Business,1,0,289,185,104,271.66
ORD-01517,2026-02-20,P04,27-inch Monitor,Displays,Marmara,Online,Corporate,2,0,578,370,208,543.32
ORD-01518,2026-02-20,P12,Portable SSD 1TB,Storage,Marmara,Online,Small Business,1,0.1,134.1,84,50.1,140.06
ORD-01519,2026-02-20,P02,Office Laptop 15,Computing,Central Anatolia,Marketplace,Consumer,1,0,899,590,309,845.06
ORD-01520,2026-02-20,P08,Noise-Cancel Headphones,Audio,Aegean,Marketplace,Consumer,2,0.15,423.3,266,157.3,468.12
ORD-01521,2026-02-21,P03,4K Monitor,Displays,Marmara,Retail,Consumer,1,0.05,407.55,270,137.55,403.26
ORD-01522,2026-02-21,P07,USB-C Dock,Accessories,Central Anatolia,Online,Small Business,1,0,169,92,77,158.86
ORD-01523,2026-02-21,P05,Mechanical Keyboard,Accessories,Mediterranean,Online,Small Business,1,0.1,107.1,61,46.1,111.86
ORD-01524,2026-02-21,P12,Portable SSD 1TB,Storage,Aegean,Online,Consumer,1,0.05,141.55,84,57.55,140.06
ORD-01525,2026-02-21,P02,Office Laptop 15,Computing,Marmara,Online,Small Business,1,0,899,590,309,845.06
ORD-01526,2026-02-21,P02,Office Laptop 15,Computing,Aegean,Retail,Corporate,1,0.1,809.1,590,219.1,845.06
ORD-01527,2026-02-21,P04,27-inch Monitor,Displays,Mediterranean,Retail,Corporate,1,0.05,274.55,185,89.55,271.66
ORD-01528,2026-02-21,P10,Ergonomic Chair,Office,Mediterranean,Marketplace,Consumer,2,0,998,630,368,938.12
ORD-01529,2026-02-22,P08,Noise-Cancel Headphones,Audio,Marmara,Online,Corporate,3,0,747,399,348,702.18
ORD-01530,2026-02-22,P10,Ergonomic Chair,Office,Central Anatolia,Retail,Small Business,1,0,499,315,184,469.06
ORD-01531,2026-02-22,P08,Noise-Cancel Headphones,Audio,Central Anatolia,Online,Corporate,1,0.1,224.1,133,91.1,234.06
ORD-01532,2026-02-22,P11,Standing Desk,Office,Marmara,Marketplace,Small Business,1,0.2,559.2,440,119.2,657.06
ORD-01533,2026-02-22,P05,Mechanical Keyboard,Accessories,Aegean,Retail,Small Business,2,0.15,202.3,122,80.3,223.72
ORD-01534,2026-02-22,P07,USB-C Dock,Accessories,Marmara,Marketplace,Consumer,1,0.1,152.1,92,60.1,158.86
ORD-01535,2026-02-22,P08,Noise-Cancel Headphones,Audio,Central Anatolia,Marketplace,Consumer,1,0.15,211.65,133,78.65,234.06
ORD-01536,2026-02-22,P06,Wireless Mouse,Accessories,Central Anatolia,Retail,Corporate,2,0,118,50,68,110.92
ORD-01537,2026-02-23,P10,Ergonomic Chair,Office,Aegean,Retail,Consumer,1,0.05,474.05,315,159.05,469.06
ORD-01538,2026-02-23,P03,4K Monitor,Displays,Marmara,Marketplace,Small Business,3,0.05,1222.65,810,412.65,1209.78
ORD-01539,2026-02-23,P08,Noise-Cancel Headphones,Audio,Aegean,Marketplace,Consumer,1,0.1,224.1,133,91.1,234.06
ORD-01540,2026-02-23,P10,Ergonomic Chair,Office,Aegean,Marketplace,Corporate,4,0,1996,1260,736,1876.24
ORD-01541,2026-02-23,P03,4K Monitor,Displays,Marmara,Marketplace,Corporate,2,0.05,815.1,540,275.1,806.52
ORD-01542,2026-02-23,P12,Portable SSD 1TB,Storage,Mediterranean,Marketplace,Consumer,1,0,149,84,65,140.06
ORD-01543,2026-02-23,P04,27-inch Monitor,Displays,Aegean,Online,Corporate,1,0.1,260.1,185,75.1,271.66
ORD-01544,2026-02-24,P12,Portable SSD 1TB,Storage,Mediterranean,Marketplace,Consumer,1,0,149,84,65,140.06
ORD-01545,2026-02-24,P12,Portable SSD 1TB,Storage,Mediterranean,Retail,Consumer,1,0.05,141.55,84,57.55,140.06
ORD-01546,2026-02-24,P01,Laptop Pro 14,Computing,Marmara,Retail,Small Business,2,0.15,2208.3,1640,568.3,2442.12
ORD-01547,2026-02-24,P03,4K Monitor,Displays,Marmara,Marketplace,Corporate,2,0,858,540,318,806.52
ORD-01548,2026-02-24,P10,Ergonomic Chair,Office,Mediterranean,Retail,Consumer,3,0.05,1422.15,945,477.15,1407.18
ORD-01549,2026-02-24,P04,27-inch Monitor,Displays,Marmara,Online,Small Business,1,0.15,245.65,185,60.65,271.66
ORD-01550,2026-02-24,P10,Ergonomic Chair,Office,Aegean,Retail,Corporate,1,0,499,315,184,469.06
ORD-01551,2026-02-25,P11,Standing Desk,Office,Central Anatolia,Marketplace,Consumer,1,0.05,664.05,440,224.05,657.06
ORD-01552,2026-02-25,P02,Office Laptop 15,Computing,Central Anatolia,Retail,Corporate,1,0,899,590,309,845.06
ORD-01553,2026-02-25,P12,Portable SSD 1TB,Storage,Aegean,Online,Consumer,3,0.05,424.65,252,172.65,420.18
ORD-01554,2026-02-25,P04,27-inch Monitor,Displays,Aegean,Online,Corporate,1,0.05,274.55,185,89.55,271.66
ORD-01555,2026-02-26,P03,4K Monitor,Displays,Mediterranean,Online,Consumer,2,0.05,815.1,540,275.1,806.52
ORD-01556,2026-02-26,P04,27-inch Monitor,Displays,Aegean,Retail,Small Business,1,0.05,274.55,185,89.55,271.66
ORD-01557,2026-02-26,P02,Office Laptop 15,Computing,Mediterranean,Marketplace,Consumer,3,0,2697,1770,927,2535.18
ORD-01558,2026-02-26,P06,Wireless Mouse,Accessories,Aegean,Retail,Consumer,1,0.05,56.05,25,31.05,55.46
ORD-01559,2026-02-26,P06,Wireless Mouse,Accessories,Mediterranean,Marketplace,Corporate,3,0.05,168.15,75,93.15,166.38
ORD-01560,2026-02-26,P05,Mechanical Keyboard,Accessories,Aegean,Marketplace,Consumer,2,0,238,122,116,223.72
ORD-01561,2026-02-26,P10,Ergonomic Chair,Office,Central Anatolia,Online,Consumer,1,0,499,315,184,469.06
ORD-01562,2026-02-27,P11,Standing Desk,Office,Mediterranean,Marketplace,Small Business,2,0.05,1328.1,880,448.1,1314.12
ORD-01563,2026-02-27,P06,Wireless Mouse,Accessories,Marmara,Marketplace,Consumer,1,0.15,50.15,25,25.15,55.46
ORD-01564,2026-02-27,P03,4K Monitor,Displays,Aegean,Online,Corporate,2,0.15,729.3,540,189.3,806.52
ORD-01565,2026-02-27,P03,4K Monitor,Displays,Central Anatolia,Retail,Corporate,1,0,429,270,159,403.26
ORD-01566,2026-02-27,P06,Wireless Mouse,Accessories,Aegean,Marketplace,Small Business,4,0.05,224.2,100,124.2,221.84
ORD-01567,2026-02-27,P02,Office Laptop 15,Computing,Mediterranean,Marketplace,Small Business,1,0.05,854.05,590,264.05,845.06
ORD-01568,2026-02-27,P02,Office Laptop 15,Computing,Aegean,Retail,Small Business,1,0.15,764.15,590,174.15,845.06
ORD-01569,2026-02-28,P10,Ergonomic Chair,Office,Aegean,Online,Consumer,2,0.05,948.1,630,318.1,938.12
ORD-01570,2026-02-28,P10,Ergonomic Chair,Office,Mediterranean,Marketplace,Small Business,1,0.1,449.1,315,134.1,469.06
ORD-01571,2026-02-28,P12,Portable SSD 1TB,Storage,Aegean,Retail,Corporate,1,0,149,84,65,140.06
ORD-01572,2026-02-28,P02,Office Laptop 15,Computing,Marmara,Marketplace,Corporate,2,0,1798,1180,618,1690.12
ORD-01573,2026-02-28,P03,4K Monitor,Displays,Marmara,Retail,Consumer,2,0,858,540,318,806.52
ORD-01574,2026-02-28,P12,Portable SSD 1TB,Storage,Marmara,Marketplace,Corporate,3,0,447,252,195,420.18
ORD-01575,2026-02-28,P03,4K Monitor,Displays,Mediterranean,Online,Small Business,2,0,858,540,318,806.52
ORD-01576,2026-03-01,P04,27-inch Monitor,Displays,Central Anatolia,Marketplace,Consumer,1,0,289,185,104,271.66
ORD-01577,2026-03-01,P10,Ergonomic Chair,Office,Aegean,Retail,Small Business,1,0,499,315,184,469.06
ORD-01578,2026-03-01,P12,Portable SSD 1TB,Storage,Mediterranean,Marketplace,Consumer,3,0,447,252,195,420.18
ORD-01579,2026-03-01,P05,Mechanical Keyboard,Accessories,Marmara,Retail,Consumer,1,0,119,61,58,111.86
ORD-01580,2026-03-01,P06,Wireless Mouse,Accessories,Aegean,Retail,Corporate,4,0,236,100,136,221.84
ORD-01581,2026-03-01,P08,Noise-Cancel Headphones,Audio,Central Anatolia,Marketplace,Consumer,3,0,747,399,348,702.18
ORD-01582,2026-03-01,P06,Wireless Mouse,Accessories,Aegean,Retail,Corporate,1,0.15,50.15,25,25.15,55.46
ORD-01583,2026-03-01,P12,Portable SSD 1TB,Storage,Central Anatolia,Marketplace,Consumer,2,0.2,238.4,168,70.4,280.12
ORD-01584,2026-03-01,P07,USB-C Dock,Accessories,Marmara,Retail,Corporate,4,0.05,642.2,368,274.2,635.44
ORD-01585,2026-03-02,P12,Portable SSD 1TB,Storage,Central Anatolia,Retail,Corporate,1,0.15,126.65,84,42.65,140.06
ORD-01586,2026-03-02,P05,Mechanical Keyboard,Accessories,Marmara,Marketplace,Small Business,1,0.15,101.15,61,40.15,111.86
ORD-01587,2026-03-02,P11,Standing Desk,Office,Mediterranean,Retail,Small Business,1,0,699,440,259,657.06
ORD-01588,2026-03-02,P08,Noise-Cancel Headphones,Audio,Marmara,Online,Small Business,1,0,249,133,116,234.06
ORD-01589,2026-03-02,P06,Wireless Mouse,Accessories,Central Anatolia,Marketplace,Corporate,2,0,118,50,68,110.92
ORD-01590,2026-03-02,P12,Portable SSD 1TB,Storage,Mediterranean,Marketplace,Corporate,2,0,298,168,130,280.12
ORD-01591,2026-03-02,P03,4K Monitor,Displays,Marmara,Retail,Consumer,4,0.15,1458.6,1080,378.6,1613.04
ORD-01592,2026-03-03,P03,4K Monitor,Displays,Aegean,Marketplace,Small Business,1,0,429,270,159,403.26
ORD-01593,2026-03-03,P05,Mechanical Keyboard,Accessories,Aegean,Online,Consumer,1,0,119,61,58,111.86
ORD-01594,2026-03-03,P03,4K Monitor,Displays,Aegean,Online,Small Business,2,0.1,772.2,540,232.2,806.52
ORD-01595,2026-03-03,P02,Office Laptop 15,Computing,Marmara,Online,Consumer,2,0,1798,1180,618,1690.12
ORD-01596,2026-03-03,P04,27-inch Monitor,Displays,Central Anatolia,Retail,Corporate,2,0.1,520.2,370,150.2,543.32
ORD-01597,2026-03-03,P01,Laptop Pro 14,Computing,Mediterranean,Marketplace,Corporate,1,0.2,1039.2,820,219.2,1221.06
ORD-01598,2026-03-04,P05,Mechanical Keyboard,Accessories,Central Anatolia,Online,Consumer,2,0.1,214.2,122,92.2,223.72
ORD-01599,2026-03-04,P01,Laptop Pro 14,Computing,Marmara,Retail,Corporate,2,0.05,2468.1,1640,828.1,2442.12
ORD-01600,2026-03-04,P02,Office Laptop 15,Computing,Marmara,Retail,Corporate,1,0,899,590,309,845.06
ORD-01601,2026-03-04,P03,4K Monitor,Displays,Central Anatolia,Online,Small Business,2,0,858,540,318,806.52
ORD-01602,2026-03-04,P12,Portable SSD 1TB,Storage,Mediterranean,Online,Corporate,1,0,149,84,65,140.06
ORD-01603,2026-03-04,P12,Portable SSD 1TB,Storage,Mediterranean,Marketplace,Consumer,1,0,149,84,65,140.06
ORD-01604,2026-03-04,P08,Noise-Cancel Headphones,Audio,Mediterranean,Marketplace,Small Business,1,0.05,236.55,133,103.55,234.06
ORD-01605,2026-03-05,P09,Portable Speaker,Audio,Mediterranean,Online,Consumer,3,0,357,189,168,335.58
ORD-01606,2026-03-05,P10,Ergonomic Chair,Office,Central Anatolia,Retail,Corporate,1,0.1,449.1,315,134.1,469.06
ORD-01607,2026-03-05,P03,4K Monitor,Displays,Marmara,Retail,Corporate,3,0,1287,810,477,1209.78
ORD-01608,2026-03-05,P03,4K Monitor,Displays,Central Anatolia,Marketplace,Corporate,2,0,858,540,318,806.52
ORD-01609,2026-03-05,P10,Ergonomic Chair,Office,Mediterranean,Marketplace,Corporate,1,0,499,315,184,469.06
ORD-01610,2026-03-05,P01,Laptop Pro 14,Computing,Mediterranean,Marketplace,Consumer,2,0,2598,1640,958,2442.12
ORD-01611,2026-03-06,P07,USB-C Dock,Accessories,Aegean,Retail,Corporate,2,0,338,184,154,317.72
ORD-01612,2026-03-06,P05,Mechanical Keyboard,Accessories,Aegean,Online,Corporate,2,0,238,122,116,223.72
ORD-01613,2026-03-06,P06,Wireless Mouse,Accessories,Aegean,Retail,Corporate,1,0,59,25,34,55.46
ORD-01614,2026-03-06,P04,27-inch Monitor,Displays,Mediterranean,Online,Small Business,1,0.05,274.55,185,89.55,271.66
ORD-01615,2026-03-06,P07,USB-C Dock,Accessories,Marmara,Retail,Corporate,2,0.1,304.2,184,120.2,317.72
ORD-01616,2026-03-06,P02,Office Laptop 15,Computing,Mediterranean,Retail,Consumer,3,0.15,2292.45,1770,522.45,2535.18
ORD-01617,2026-03-06,P03,4K Monitor,Displays,Aegean,Online,Small Business,1,0.05,407.55,270,137.55,403.26
ORD-01618,2026-03-06,P08,Noise-Cancel Headphones,Audio,Marmara,Marketplace,Consumer,1,0,249,133,116,234.06
ORD-01619,2026-03-06,P12,Portable SSD 1TB,Storage,Mediterranean,Online,Consumer,1,0,149,84,65,140.06
ORD-01620,2026-03-06,P01,Laptop Pro 14,Computing,Central Anatolia,Marketplace,Small Business,3,0.15,3312.45,2460,852.45,3663.18
ORD-01621,2026-03-07,P02,Office Laptop 15,Computing,Central Anatolia,Online,Small Business,4,0.15,3056.6,2360,696.6,3380.24
ORD-01622,2026-03-07,P08,Noise-Cancel Headphones,Audio,Mediterranean,Marketplace,Consumer,1,0.1,224.1,133,91.1,234.06
ORD-01623,2026-03-07,P03,4K Monitor,Displays,Mediterranean,Retail,Consumer,1,0,429,270,159,403.26
ORD-01624,2026-03-07,P10,Ergonomic Chair,Office,Aegean,Marketplace,Corporate,1,0.05,474.05,315,159.05,469.06
ORD-01625,2026-03-07,P06,Wireless Mouse,Accessories,Central Anatolia,Retail,Consumer,3,0.1,159.3,75,84.3,166.38
ORD-01626,2026-03-07,P04,27-inch Monitor,Displays,Central Anatolia,Online,Corporate,1,0,289,185,104,271.66
ORD-01627,2026-03-07,P03,4K Monitor,Displays,Central Anatolia,Retail,Corporate,1,0.05,407.55,270,137.55,403.26
ORD-01628,2026-03-07,P04,27-inch Monitor,Displays,Marmara,Marketplace,Corporate,1,0.05,274.55,185,89.55,271.66
ORD-01629,2026-03-07,P09,Portable Speaker,Audio,Marmara,Marketplace,Small Business,4,0.05,452.2,252,200.2,447.44
ORD-01630,2026-03-07,P12,Portable SSD 1TB,Storage,Marmara,Online,Corporate,3,0.05,424.65,252,172.65,420.18
ORD-01631,2026-03-08,P03,4K Monitor,Displays,Marmara,Online,Consumer,1,0.05,407.55,270,137.55,403.26
ORD-01632,2026-03-08,P04,27-inch Monitor,Displays,Central Anatolia,Online,Small Business,1,0.1,260.1,185,75.1,271.66
ORD-01633,2026-03-08,P01,Laptop Pro 14,Computing,Marmara,Marketplace,Small Business,1,0.15,1104.15,820,284.15,1221.06
ORD-01634,2026-03-08,P09,Portable Speaker,Audio,Mediterranean,Online,Small Business,1,0.05,113.05,63,50.05,111.86
ORD-01635,2026-03-08,P01,Laptop Pro 14,Computing,Aegean,Online,Small Business,1,0.1,1169.1,820,349.1,1221.06
ORD-01636,2026-03-08,P08,Noise-Cancel Headphones,Audio,Mediterranean,Retail,Corporate,1,0,249,133,116,234.06
ORD-01637,2026-03-08,P02,Office Laptop 15,Computing,Marmara,Online,Consumer,1,0.1,809.1,590,219.1,845.06
ORD-01638,2026-03-08,P09,Portable Speaker,Audio,Central Anatolia,Retail,Corporate,1,0.1,107.1,63,44.1,111.86
ORD-01639,2026-03-08,P11,Standing Desk,Office,Mediterranean,Retail,Small Business,2,0.1,1258.2,880,378.2,1314.12
ORD-01640,2026-03-08,P02,Office Laptop 15,Computing,Central Anatolia,Online,Consumer,1,0.05,854.05,590,264.05,845.06
ORD-01641,2026-03-09,P09,Portable Speaker,Audio,Aegean,Retail,Consumer,1,0,119,63,56,111.86
ORD-01642,2026-03-09,P01,Laptop Pro 14,Computing,Aegean,Marketplace,Small Business,4,0.1,4676.4,3280,1396.4,4884.24
ORD-01643,2026-03-09,P05,Mechanical Keyboard,Accessories,Central Anatolia,Online,Consumer,1,0,119,61,58,111.86
ORD-01644,2026-03-09,P05,Mechanical Keyboard,Accessories,Aegean,Retail,Corporate,3,0,357,183,174,335.58
ORD-01645,2026-03-09,P07,USB-C Dock,Accessories,Marmara,Online,Small Business,3,0,507,276,231,476.58
ORD-01646,2026-03-09,P08,Noise-Cancel Headphones,Audio,Central Anatolia,Marketplace,Small Business,1,0,249,133,116,234.06
ORD-01647,2026-03-09,P01,Laptop Pro 14,Computing,Central Anatolia,Retail,Consumer,1,0.15,1104.15,820,284.15,1221.06
ORD-01648,2026-03-10,P03,4K Monitor,Displays,Aegean,Retail,Small Business,1,0,429,270,159,403.26
ORD-01649,2026-03-10,P04,27-inch Monitor,Displays,Mediterranean,Online,Small Business,1,0.05,274.55,185,89.55,271.66
ORD-01650,2026-03-10,P10,Ergonomic Chair,Office,Central Anatolia,Marketplace,Small Business,1,0.05,474.05,315,159.05,469.06
ORD-01651,2026-03-10,P01,Laptop Pro 14,Computing,Central Anatolia,Marketplace,Corporate,1,0.1,1169.1,820,349.1,1221.06
ORD-01652,2026-03-10,P04,27-inch Monitor,Displays,Aegean,Online,Corporate,1,0,289,185,104,271.66
ORD-01653,2026-03-11,P08,Noise-Cancel Headphones,Audio,Mediterranean,Retail,Consumer,3,0,747,399,348,702.18
ORD-01654,2026-03-11,P09,Portable Speaker,Audio,Aegean,Online,Corporate,2,0,238,126,112,223.72
ORD-01655,2026-03-11,P12,Portable SSD 1TB,Storage,Aegean,Marketplace,Small Business,1,0.05,141.55,84,57.55,140.06
ORD-01656,2026-03-11,P01,Laptop Pro 14,Computing,Aegean,Online,Corporate,1,0,1299,820,479,1221.06
ORD-01657,2026-03-11,P08,Noise-Cancel Headphones,Audio,Marmara,Marketplace,Small Business,1,0.05,236.55,133,103.55,234.06
ORD-01658,2026-03-11,P01,Laptop Pro 14,Computing,Aegean,Marketplace,Consumer,2,0,2598,1640,958,2442.12
ORD-01659,2026-03-11,P05,Mechanical Keyboard,Accessories,Marmara,Marketplace,Small Business,4,0.05,452.2,244,208.2,447.44
ORD-01660,2026-03-11,P01,Laptop Pro 14,Computing,Marmara,Online,Corporate,1,0,1299,820,479,1221.06
ORD-01661,2026-03-11,P08,Noise-Cancel Headphones,Audio,Marmara,Marketplace,Small Business,2,0.05,473.1,266,207.1,468.12
ORD-01662,2026-03-11,P11,Standing Desk,Office,Central Anatolia,Retail,Corporate,1,0,699,440,259,657.06
ORD-01663,2026-03-12,P12,Portable SSD 1TB,Storage,Marmara,Marketplace,Small Business,1,0,149,84,65,140.06
ORD-01664,2026-03-12,P10,Ergonomic Chair,Office,Mediterranean,Marketplace,Corporate,3,0,1497,945,552,1407.18
ORD-01665,2026-03-12,P06,Wireless Mouse,Accessories,Mediterranean,Online,Corporate,1,0.15,50.15,25,25.15,55.46
ORD-01666,2026-03-12,P02,Office Laptop 15,Computing,Marmara,Online,Corporate,1,0.05,854.05,590,264.05,845.06
ORD-01667,2026-03-12,P11,Standing Desk,Office,Mediterranean,Online,Consumer,1,0.1,629.1,440,189.1,657.06
ORD-01668,2026-03-12,P01,Laptop Pro 14,Computing,Mediterranean,Retail,Consumer,1,0.1,1169.1,820,349.1,1221.06
ORD-01669,2026-03-12,P11,Standing Desk,Office,Marmara,Retail,Consumer,2,0.05,1328.1,880,448.1,1314.12
ORD-01670,2026-03-13,P04,27-inch Monitor,Displays,Aegean,Marketplace,Small Business,3,0.05,823.65,555,268.65,814.98
ORD-01671,2026-03-13,P04,27-inch Monitor,Displays,Aegean,Retail,Small Business,1,0,289,185,104,271.66
ORD-01672,2026-03-13,P03,4K Monitor,Displays,Aegean,Retail,Corporate,1,0.05,407.55,270,137.55,403.26
ORD-01673,2026-03-13,P07,USB-C Dock,Accessories,Aegean,Marketplace,Corporate,2,0.05,321.1,184,137.1,317.72
ORD-01674,2026-03-13,P03,4K Monitor,Displays,Aegean,Marketplace,Small Business,1,0,429,270,159,403.26
ORD-01675,2026-03-13,P08,Noise-Cancel Headphones,Audio,Aegean,Marketplace,Small Business,1,0,249,133,116,234.06
ORD-01676,2026-03-13,P07,USB-C Dock,Accessories,Marmara,Retail,Consumer,1,0,169,92,77,158.86
ORD-01677,2026-03-13,P03,4K Monitor,Displays,Marmara,Marketplace,Small Business,1,0,429,270,159,403.26
ORD-01678,2026-03-14,P02,Office Laptop 15,Computing,Central Anatolia,Retail,Small Business,1,0,899,590,309,845.06
ORD-01679,2026-03-14,P08,Noise-Cancel Headphones,Audio,Mediterranean,Retail,Small Business,1,0.05,236.55,133,103.55,234.06
ORD-01680,2026-03-14,P04,27-inch Monitor,Displays,Marmara,Online,Corporate,2,0,578,370,208,543.32
ORD-01681,2026-03-14,P11,Standing Desk,Office,Marmara,Marketplace,Small Business,2,0.1,1258.2,880,378.2,1314.12
ORD-01682,2026-03-14,P01,Laptop Pro 14,Computing,Mediterranean,Retail,Consumer,1,0,1299,820,479,1221.06
ORD-01683,2026-03-14,P08,Noise-Cancel Headphones,Audio,Central Anatolia,Marketplace,Corporate,1,0.05,236.55,133,103.55,234.06
ORD-01684,2026-03-14,P12,Portable SSD 1TB,Storage,Mediterranean,Online,Small Business,3,0.05,424.65,252,172.65,420.18
ORD-01685,2026-03-14,P04,27-inch Monitor,Displays,Aegean,Online,Small Business,3,0,867,555,312,814.98
ORD-01686,2026-03-14,P01,Laptop Pro 14,Computing,Mediterranean,Retail,Consumer,2,0,2598,1640,958,2442.12
ORD-01687,2026-03-14,P10,Ergonomic Chair,Office,Mediterranean,Online,Consumer,1,0,499,315,184,469.06
ORD-01688,2026-03-15,P11,Standing Desk,Office,Marmara,Online,Consumer,3,0,2097,1320,777,1971.18
ORD-01689,2026-03-15,P04,27-inch Monitor,Displays,Mediterranean,Marketplace,Small Business,2,0.05,549.1,370,179.1,543.32
ORD-01690,2026-03-15,P12,Portable SSD 1TB,Storage,Marmara,Marketplace,Small Business,1,0.05,141.55,84,57.55,140.06
ORD-01691,2026-03-15,P09,Portable Speaker,Audio,Aegean,Online,Consumer,2,0,238,126,112,223.72
ORD-01692,2026-03-15,P03,4K Monitor,Displays,Mediterranean,Marketplace,Corporate,3,0.1,1158.3,810,348.3,1209.78
ORD-01693,2026-03-15,P02,Office Laptop 15,Computing,Aegean,Marketplace,Consumer,1,0,899,590,309,845.06
ORD-01694,2026-03-15,P04,27-inch Monitor,Displays,Mediterranean,Marketplace,Small Business,3,0,867,555,312,814.98
ORD-01695,2026-03-15,P04,27-inch Monitor,Displays,Central Anatolia,Retail,Corporate,2,0,578,370,208,543.32
ORD-01696,2026-03-16,P02,Office Laptop 15,Computing,Central Anatolia,Marketplace,Consumer,1,0,899,590,309,845.06
ORD-01697,2026-03-16,P04,27-inch Monitor,Displays,Mediterranean,Online,Small Business,1,0.1,260.1,185,75.1,271.66
ORD-01698,2026-03-16,P02,Office Laptop 15,Computing,Marmara,Marketplace,Small Business,1,0.1,809.1,590,219.1,845.06
ORD-01699,2026-03-16,P05,Mechanical Keyboard,Accessories,Mediterranean,Online,Small Business,2,0.1,214.2,122,92.2,223.72
ORD-01700,2026-03-16,P12,Portable SSD 1TB,Storage,Mediterranean,Retail,Corporate,1,0,149,84,65,140.06
ORD-01701,2026-03-16,P11,Standing Desk,Office,Mediterranean,Online,Corporate,1,0,699,440,259,657.06
ORD-01702,2026-03-16,P03,4K Monitor,Displays,Central Anatolia,Marketplace,Corporate,2,0.05,815.1,540,275.1,806.52
ORD-01703,2026-03-16,P06,Wireless Mouse,Accessories,Aegean,Marketplace,Small Business,1,0,59,25,34,55.46
ORD-01704,2026-03-16,P04,27-inch Monitor,Displays,Mediterranean,Retail,Consumer,1,0,289,185,104,271.66
ORD-01705,2026-03-17,P07,USB-C Dock,Accessories,Marmara,Online,Small Business,1,0,169,92,77,158.86
ORD-01706,2026-03-17,P08,Noise-Cancel Headphones,Audio,Mediterranean,Marketplace,Corporate,2,0,498,266,232,468.12
ORD-01707,2026-03-17,P12,Portable SSD 1TB,Storage,Mediterranean,Online,Consumer,1,0.05,141.55,84,57.55,140.06
ORD-01708,2026-03-17,P07,USB-C Dock,Accessories,Marmara,Online,Corporate,2,0.05,321.1,184,137.1,317.72
ORD-01709,2026-03-17,P12,Portable SSD 1TB,Storage,Mediterranean,Retail,Corporate,2,0.15,253.3,168,85.3,280.12
ORD-01710,2026-03-17,P07,USB-C Dock,Accessories,Central Anatolia,Online,Consumer,1,0,169,92,77,158.86
ORD-01711,2026-03-17,P01,Laptop Pro 14,Computing,Central Anatolia,Marketplace,Consumer,1,0.15,1104.15,820,284.15,1221.06
ORD-01712,2026-03-17,P09,Portable Speaker,Audio,Marmara,Marketplace,Small Business,3,0.05,339.15,189,150.15,335.58
ORD-01713,2026-03-17,P12,Portable SSD 1TB,Storage,Marmara,Retail,Corporate,1,0.05,141.55,84,57.55,140.06
ORD-01714,2026-03-18,P03,4K Monitor,Displays,Mediterranean,Retail,Small Business,1,0.05,407.55,270,137.55,403.26
ORD-01715,2026-03-18,P08,Noise-Cancel Headphones,Audio,Marmara,Retail,Corporate,1,0,249,133,116,234.06
ORD-01716,2026-03-18,P09,Portable Speaker,Audio,Mediterranean,Marketplace,Corporate,1,0,119,63,56,111.86
ORD-01717,2026-03-18,P03,4K Monitor,Displays,Aegean,Marketplace,Corporate,1,0.05,407.55,270,137.55,403.26
ORD-01718,2026-03-18,P07,USB-C Dock,Accessories,Aegean,Marketplace,Consumer,1,0.1,152.1,92,60.1,158.86
ORD-01719,2026-03-18,P02,Office Laptop 15,Computing,Aegean,Marketplace,Consumer,1,0.05,854.05,590,264.05,845.06
ORD-01720,2026-03-18,P03,4K Monitor,Displays,Aegean,Online,Corporate,2,0,858,540,318,806.52
ORD-01721,2026-03-18,P05,Mechanical Keyboard,Accessories,Central Anatolia,Online,Consumer,1,0,119,61,58,111.86
ORD-01722,2026-03-19,P08,Noise-Cancel Headphones,Audio,Mediterranean,Marketplace,Corporate,1,0.05,236.55,133,103.55,234.06
ORD-01723,2026-03-19,P06,Wireless Mouse,Accessories,Aegean,Marketplace,Corporate,1,0.05,56.05,25,31.05,55.46
ORD-01724,2026-03-19,P05,Mechanical Keyboard,Accessories,Aegean,Retail,Corporate,1,0.05,113.05,61,52.05,111.86
ORD-01725,2026-03-19,P07,USB-C Dock,Accessories,Aegean,Retail,Corporate,1,0,169,92,77,158.86
ORD-01726,2026-03-19,P04,27-inch Monitor,Displays,Marmara,Marketplace,Corporate,3,0,867,555,312,814.98
ORD-01727,2026-03-19,P11,Standing Desk,Office,Central Anatolia,Retail,Consumer,1,0,699,440,259,657.06
ORD-01728,2026-03-19,P03,4K Monitor,Displays,Aegean,Marketplace,Corporate,2,0.1,772.2,540,232.2,806.52
ORD-01729,2026-03-19,P03,4K Monitor,Displays,Aegean,Online,Small Business,3,0.15,1093.95,810,283.95,1209.78
ORD-01730,2026-03-20,P11,Standing Desk,Office,Aegean,Online,Consumer,1,0,699,440,259,657.06
ORD-01731,2026-03-20,P03,4K Monitor,Displays,Marmara,Online,Consumer,2,0.1,772.2,540,232.2,806.52
ORD-01732,2026-03-20,P09,Portable Speaker,Audio,Aegean,Retail,Small Business,1,0,119,63,56,111.86
ORD-01733,2026-03-20,P02,Office Laptop 15,Computing,Marmara,Retail,Small Business,1,0,899,590,309,845.06
ORD-01734,2026-03-20,P07,USB-C Dock,Accessories,Mediterranean,Online,Consumer,1,0,169,92,77,158.86
ORD-01735,2026-03-21,P03,4K Monitor,Displays,Central Anatolia,Marketplace,Consumer,1,0,429,270,159,403.26
ORD-01736,2026-03-21,P10,Ergonomic Chair,Office,Marmara,Marketplace,Small Business,1,0.05,474.05,315,159.05,469.06
ORD-01737,2026-03-21,P03,4K Monitor,Displays,Mediterranean,Marketplace,Consumer,2,0.2,686.4,540,146.4,806.52
ORD-01738,2026-03-21,P02,Office Laptop 15,Computing,Mediterranean,Marketplace,Small Business,2,0,1798,1180,618,1690.12
ORD-01739,2026-03-21,P08,Noise-Cancel Headphones,Audio,Central Anatolia,Retail,Consumer,1,0.2,199.2,133,66.2,234.06
ORD-01740,2026-03-22,P08,Noise-Cancel Headphones,Audio,Mediterranean,Marketplace,Corporate,1,0,249,133,116,234.06
ORD-01741,2026-03-22,P03,4K Monitor,Displays,Aegean,Marketplace,Small Business,3,0.05,1222.65,810,412.65,1209.78
ORD-01742,2026-03-22,P04,27-inch Monitor,Displays,Marmara,Online,Small Business,2,0.05,549.1,370,179.1,543.32
ORD-01743,2026-03-22,P10,Ergonomic Chair,Office,Central Anatolia,Retail,Consumer,1,0,499,315,184,469.06
ORD-01744,2026-03-22,P05,Mechanical Keyboard,Accessories,Mediterranean,Retail,Corporate,1,0.15,101.15,61,40.15,111.86
ORD-01745,2026-03-22,P07,USB-C Dock,Accessories,Mediterranean,Online,Small Business,2,0,338,184,154,317.72
ORD-01746,2026-03-23,P03,4K Monitor,Displays,Central Anatolia,Marketplace,Small Business,1,0.05,407.55,270,137.55,403.26
ORD-01747,2026-03-23,P11,Standing Desk,Office,Marmara,Online,Small Business,1,0,699,440,259,657.06
ORD-01748,2026-03-23,P02,Office Laptop 15,Computing,Central Anatolia,Retail,Corporate,3,0.1,2427.3,1770,657.3,2535.18
ORD-01749,2026-03-23,P03,4K Monitor,Displays,Mediterranean,Online,Small Business,2,0.05,815.1,540,275.1,806.52
ORD-01750,2026-03-23,P10,Ergonomic Chair,Office,Mediterranean,Retail,Small Business,2,0.15,848.3,630,218.3,938.12
ORD-01751,2026-03-23,P09,Portable Speaker,Audio,Central Anatolia,Marketplace,Small Business,1,0.2,95.2,63,32.2,111.86
ORD-01752,2026-03-23,P05,Mechanical Keyboard,Accessories,Mediterranean,Marketplace,Small Business,1,0,119,61,58,111.86
ORD-01753,2026-03-23,P01,Laptop Pro 14,Computing,Marmara,Online,Consumer,1,0.05,1234.05,820,414.05,1221.06
ORD-01754,2026-03-23,P11,Standing Desk,Office,Aegean,Retail,Consumer,4,0,2796,1760,1036,2628.24
ORD-01755,2026-03-23,P11,Standing Desk,Office,Marmara,Retail,Small Business,2,0,1398,880,518,1314.12
ORD-01756,2026-03-24,P11,Standing Desk,Office,Mediterranean,Marketplace,Small Business,1,0,699,440,259,657.06
ORD-01757,2026-03-24,P02,Office Laptop 15,Computing,Aegean,Marketplace,Small Business,1,0,899,590,309,845.06
ORD-01758,2026-03-24,P03,4K Monitor,Displays,Mediterranean,Retail,Consumer,1,0,429,270,159,403.26
ORD-01759,2026-03-24,P11,Standing Desk,Office,Aegean,Marketplace,Consumer,1,0.05,664.05,440,224.05,657.06
ORD-01760,2026-03-24,P10,Ergonomic Chair,Office,Marmara,Online,Corporate,1,0,499,315,184,469.06
ORD-01761,2026-03-24,P07,USB-C Dock,Accessories,Central Anatolia,Online,Consumer,1,0.1,152.1,92,60.1,158.86
ORD-01762,2026-03-24,P03,4K Monitor,Displays,Mediterranean,Marketplace,Corporate,1,0.15,364.65,270,94.65,403.26
ORD-01763,2026-03-24,P09,Portable Speaker,Audio,Marmara,Marketplace,Small Business,1,0.1,107.1,63,44.1,111.86
ORD-01764,2026-03-24,P07,USB-C Dock,Accessories,Aegean,Retail,Corporate,1,0,169,92,77,158.86
ORD-01765,2026-03-25,P03,4K Monitor,Displays,Mediterranean,Online,Consumer,2,0,858,540,318,806.52
ORD-01766,2026-03-25,P06,Wireless Mouse,Accessories,Central Anatolia,Retail,Corporate,3,0.1,159.3,75,84.3,166.38
ORD-01767,2026-03-25,P09,Portable Speaker,Audio,Mediterranean,Marketplace,Small Business,1,0.05,113.05,63,50.05,111.86
ORD-01768,2026-03-25,P02,Office Laptop 15,Computing,Central Anatolia,Online,Consumer,1,0.05,854.05,590,264.05,845.06
ORD-01769,2026-03-25,P03,4K Monitor,Displays,Mediterranean,Retail,Consumer,3,0.05,1222.65,810,412.65,1209.78
ORD-01770,2026-03-25,P03,4K Monitor,Displays,Central Anatolia,Online,Small Business,1,0.15,364.65,270,94.65,403.26
ORD-01771,2026-03-25,P04,27-inch Monitor,Displays,Central Anatolia,Online,Consumer,1,0.15,245.65,185,60.65,271.66
ORD-01772,2026-03-25,P07,USB-C Dock,Accessories,Aegean,Retail,Corporate,1,0.1,152.1,92,60.1,158.86
ORD-01773,2026-03-25,P03,4K Monitor,Displays,Central Anatolia,Retail,Small Business,2,0,858,540,318,806.52
ORD-01774,2026-03-25,P02,Office Laptop 15,Computing,Aegean,Marketplace,Consumer,3,0.1,2427.3,1770,657.3,2535.18
ORD-01775,2026-03-26,P06,Wireless Mouse,Accessories,Central Anatolia,Online,Corporate,2,0,118,50,68,110.92
ORD-01776,2026-03-26,P04,27-inch Monitor,Displays,Aegean,Marketplace,Consumer,1,0.05,274.55,185,89.55,271.66
ORD-01777,2026-03-26,P06,Wireless Mouse,Accessories,Marmara,Online,Small Business,1,0.05,56.05,25,31.05,55.46
ORD-01778,2026-03-26,P08,Noise-Cancel Headphones,Audio,Mediterranean,Marketplace,Corporate,3,0.05,709.65,399,310.65,702.18
ORD-01779,2026-03-26,P05,Mechanical Keyboard,Accessories,Marmara,Marketplace,Consumer,2,0.1,214.2,122,92.2,223.72
ORD-01780,2026-03-27,P06,Wireless Mouse,Accessories,Mediterranean,Online,Corporate,1,0.05,56.05,25,31.05,55.46
ORD-01781,2026-03-27,P06,Wireless Mouse,Accessories,Central Anatolia,Retail,Consumer,1,0,59,25,34,55.46
ORD-01782,2026-03-27,P10,Ergonomic Chair,Office,Aegean,Online,Consumer,1,0.15,424.15,315,109.15,469.06
ORD-01783,2026-03-27,P05,Mechanical Keyboard,Accessories,Marmara,Online,Consumer,2,0,238,122,116,223.72
ORD-01784,2026-03-27,P09,Portable Speaker,Audio,Central Anatolia,Online,Corporate,2,0,238,126,112,223.72
ORD-01785,2026-03-27,P09,Portable Speaker,Audio,Central Anatolia,Marketplace,Consumer,1,0,119,63,56,111.86
ORD-01786,2026-03-27,P12,Portable SSD 1TB,Storage,Central Anatolia,Marketplace,Corporate,1,0.05,141.55,84,57.55,140.06
ORD-01787,2026-03-27,P06,Wireless Mouse,Accessories,Aegean,Online,Consumer,4,0.1,212.4,100,112.4,221.84
ORD-01788,2026-03-28,P09,Portable Speaker,Audio,Mediterranean,Online,Consumer,1,0,119,63,56,111.86
ORD-01789,2026-03-28,P05,Mechanical Keyboard,Accessories,Central Anatolia,Marketplace,Consumer,1,0.1,107.1,61,46.1,111.86
ORD-01790,2026-03-28,P01,Laptop Pro 14,Computing,Mediterranean,Marketplace,Small Business,1,0,1299,820,479,1221.06
ORD-01791,2026-03-28,P02,Office Laptop 15,Computing,Central Anatolia,Marketplace,Corporate,3,0,2697,1770,927,2535.18
ORD-01792,2026-03-28,P09,Portable Speaker,Audio,Central Anatolia,Online,Small Business,3,0,357,189,168,335.58
ORD-01793,2026-03-29,P06,Wireless Mouse,Accessories,Marmara,Marketplace,Consumer,1,0,59,25,34,55.46
ORD-01794,2026-03-29,P06,Wireless Mouse,Accessories,Central Anatolia,Retail,Small Business,1,0.1,53.1,25,28.1,55.46
ORD-01795,2026-03-29,P12,Portable SSD 1TB,Storage,Marmara,Online,Small Business,1,0,149,84,65,140.06
ORD-01796,2026-03-29,P11,Standing Desk,Office,Marmara,Online,Small Business,1,0,699,440,259,657.06
ORD-01797,2026-03-29,P09,Portable Speaker,Audio,Central Anatolia,Retail,Consumer,2,0,238,126,112,223.72
ORD-01798,2026-03-29,P02,Office Laptop 15,Computing,Central Anatolia,Marketplace,Corporate,1,0,899,590,309,845.06
ORD-01799,2026-03-29,P05,Mechanical Keyboard,Accessories,Aegean,Retail,Small Business,1,0.1,107.1,61,46.1,111.86
ORD-01800,2026-03-30,P02,Office Laptop 15,Computing,Aegean,Marketplace,Corporate,1,0,899,590,309,845.06
ORD-01801,2026-03-30,P02,Office Laptop 15,Computing,Central Anatolia,Retail,Consumer,2,0.1,1618.2,1180,438.2,1690.12
ORD-01802,2026-03-30,P10,Ergonomic Chair,Office,Marmara,Marketplace,Consumer,1,0.1,449.1,315,134.1,469.06
ORD-01803,2026-03-30,P11,Standing Desk,Office,Central Anatolia,Online,Small Business,1,0.05,664.05,440,224.05,657.06
ORD-01804,2026-03-30,P06,Wireless Mouse,Accessories,Central Anatolia,Online,Small Business,3,0.1,159.3,75,84.3,166.38
ORD-01805,2026-03-30,P05,Mechanical Keyboard,Accessories,Aegean,Retail,Corporate,1,0.15,101.15,61,40.15,111.86
ORD-01806,2026-03-30,P04,27-inch Monitor,Displays,Central Anatolia,Retail,Consumer,2,0.05,549.1,370,179.1,543.32
ORD-01807,2026-03-31,P04,27-inch Monitor,Displays,Aegean,Marketplace,Small Business,2,0,578,370,208,543.32
ORD-01808,2026-03-31,P10,Ergonomic Chair,Office,Aegean,Retail,Consumer,1,0,499,315,184,469.06
ORD-01809,2026-03-31,P07,USB-C Dock,Accessories,Mediterranean,Marketplace,Corporate,1,0,169,92,77,158.86
ORD-01810,2026-03-31,P06,Wireless Mouse,Accessories,Marmara,Marketplace,Corporate,4,0.15,200.6,100,100.6,221.84
ORD-01811,2026-03-31,P01,Laptop Pro 14,Computing,Marmara,Marketplace,Small Business,4,0.1,4676.4,3280,1396.4,4884.24
ORD-01812,2026-03-31,P10,Ergonomic Chair,Office,Central Anatolia,Marketplace,Consumer,1,0.1,449.1,315,134.1,469.06
ORD-01813,2026-03-31,P03,4K Monitor,Displays,Mediterranean,Retail,Corporate,2,0.05,815.1,540,275.1,806.52
ORD-01814,2026-04-01,P07,USB-C Dock,Accessories,Aegean,Marketplace,Corporate,2,0.1,304.2,184,120.2,317.72
ORD-01815,2026-04-01,P02,Office Laptop 15,Computing,Central Anatolia,Online,Consumer,3,0.1,2427.3,1770,657.3,2535.18
ORD-01816,2026-04-01,P07,USB-C Dock,Accessories,Central Anatolia,Online,Corporate,1,0.2,135.2,92,43.2,158.86
ORD-01817,2026-04-01,P02,Office Laptop 15,Computing,Mediterranean,Online,Small Business,2,0,1798,1180,618,1690.12
ORD-01818,2026-04-01,P08,Noise-Cancel Headphones,Audio,Marmara,Online,Consumer,2,0,498,266,232,468.12
ORD-01819,2026-04-01,P08,Noise-Cancel Headphones,Audio,Marmara,Marketplace,Consumer,1,0.05,236.55,133,103.55,234.06
ORD-01820,2026-04-01,P01,Laptop Pro 14,Computing,Mediterranean,Retail,Small Business,1,0,1299,820,479,1221.06
ORD-01821,2026-04-01,P09,Portable Speaker,Audio,Mediterranean,Retail,Consumer,2,0.2,190.4,126,64.4,223.72
ORD-01822,2026-04-02,P06,Wireless Mouse,Accessories,Central Anatolia,Retail,Small Business,2,0,118,50,68,110.92
ORD-01823,2026-04-02,P06,Wireless Mouse,Accessories,Aegean,Retail,Consumer,1,0.15,50.15,25,25.15,55.46
ORD-01824,2026-04-02,P10,Ergonomic Chair,Office,Marmara,Online,Consumer,1,0.05,474.05,315,159.05,469.06
ORD-01825,2026-04-02,P06,Wireless Mouse,Accessories,Mediterranean,Retail,Consumer,1,0.15,50.15,25,25.15,55.46
ORD-01826,2026-04-02,P09,Portable Speaker,Audio,Mediterranean,Marketplace,Consumer,1,0.2,95.2,63,32.2,111.86
ORD-01827,2026-04-02,P08,Noise-Cancel Headphones,Audio,Aegean,Online,Small Business,2,0,498,266,232,468.12
ORD-01828,2026-04-03,P02,Office Laptop 15,Computing,Mediterranean,Marketplace,Small Business,1,0.05,854.05,590,264.05,845.06
ORD-01829,2026-04-03,P03,4K Monitor,Displays,Central Anatolia,Retail,Corporate,2,0.1,772.2,540,232.2,806.52
ORD-01830,2026-04-03,P12,Portable SSD 1TB,Storage,Mediterranean,Retail,Consumer,1,0,149,84,65,140.06
ORD-01831,2026-04-03,P03,4K Monitor,Displays,Aegean,Retail,Small Business,2,0.05,815.1,540,275.1,806.52
ORD-01832,2026-04-03,P01,Laptop Pro 14,Computing,Mediterranean,Online,Corporate,1,0.15,1104.15,820,284.15,1221.06
ORD-01833,2026-04-03,P08,Noise-Cancel Headphones,Audio,Mediterranean,Retail,Consumer,1,0.15,211.65,133,78.65,234.06
ORD-01834,2026-04-03,P01,Laptop Pro 14,Computing,Marmara,Retail,Consumer,1,0,1299,820,479,1221.06
ORD-01835,2026-04-04,P10,Ergonomic Chair,Office,Aegean,Online,Consumer,2,0,998,630,368,938.12
ORD-01836,2026-04-04,P03,4K Monitor,Displays,Mediterranean,Retail,Consumer,2,0,858,540,318,806.52
ORD-01837,2026-04-04,P09,Portable Speaker,Audio,Central Anatolia,Online,Corporate,2,0,238,126,112,223.72
ORD-01838,2026-04-04,P12,Portable SSD 1TB,Storage,Mediterranean,Retail,Small Business,2,0,298,168,130,280.12
ORD-01839,2026-04-04,P01,Laptop Pro 14,Computing,Mediterranean,Online,Small Business,2,0,2598,1640,958,2442.12
ORD-01840,2026-04-04,P07,USB-C Dock,Accessories,Central Anatolia,Retail,Consumer,2,0,338,184,154,317.72
ORD-01841,2026-04-05,P08,Noise-Cancel Headphones,Audio,Central Anatolia,Online,Small Business,3,0.05,709.65,399,310.65,702.18
ORD-01842,2026-04-05,P10,Ergonomic Chair,Office,Central Anatolia,Online,Consumer,1,0.15,424.15,315,109.15,469.06
ORD-01843,2026-04-05,P09,Portable Speaker,Audio,Central Anatolia,Retail,Small Business,1,0,119,63,56,111.86
ORD-01844,2026-04-05,P11,Standing Desk,Office,Aegean,Online,Small Business,1,0.05,664.05,440,224.05,657.06
ORD-01845,2026-04-05,P09,Portable Speaker,Audio,Central Anatolia,Retail,Small Business,1,0.05,113.05,63,50.05,111.86
ORD-01846,2026-04-05,P04,27-inch Monitor,Displays,Mediterranean,Retail,Consumer,2,0.05,549.1,370,179.1,543.32
ORD-01847,2026-04-05,P09,Portable Speaker,Audio,Aegean,Retail,Small Business,1,0.05,113.05,63,50.05,111.86
ORD-01848,2026-04-05,P06,Wireless Mouse,Accessories,Central Anatolia,Marketplace,Corporate,1,0,59,25,34,55.46
ORD-01849,2026-04-05,P09,Portable Speaker,Audio,Central Anatolia,Retail,Small Business,1,0,119,63,56,111.86
ORD-01850,2026-04-05,P08,Noise-Cancel Headphones,Audio,Mediterranean,Marketplace,Small Business,1,0,249,133,116,234.06
ORD-01851,2026-04-06,P06,Wireless Mouse,Accessories,Marmara,Marketplace,Small Business,2,0,118,50,68,110.92
ORD-01852,2026-04-06,P01,Laptop Pro 14,Computing,Aegean,Online,Corporate,1,0,1299,820,479,1221.06
ORD-01853,2026-04-06,P07,USB-C Dock,Accessories,Central Anatolia,Retail,Consumer,1,0.05,160.55,92,68.55,158.86
ORD-01854,2026-04-06,P03,4K Monitor,Displays,Mediterranean,Marketplace,Consumer,1,0,429,270,159,403.26
ORD-01855,2026-04-06,P07,USB-C Dock,Accessories,Aegean,Online,Consumer,2,0,338,184,154,317.72
ORD-01856,2026-04-07,P03,4K Monitor,Displays,Aegean,Online,Consumer,1,0,429,270,159,403.26
ORD-01857,2026-04-07,P08,Noise-Cancel Headphones,Audio,Aegean,Marketplace,Corporate,1,0,249,133,116,234.06
ORD-01858,2026-04-07,P03,4K Monitor,Displays,Mediterranean,Retail,Consumer,1,0.05,407.55,270,137.55,403.26
ORD-01859,2026-04-07,P06,Wireless Mouse,Accessories,Aegean,Marketplace,Consumer,3,0,177,75,102,166.38
ORD-01860,2026-04-07,P08,Noise-Cancel Headphones,Audio,Aegean,Marketplace,Consumer,3,0,747,399,348,702.18
ORD-01861,2026-04-07,P12,Portable SSD 1TB,Storage,Aegean,Online,Consumer,2,0,298,168,130,280.12
ORD-01862,2026-04-08,P03,4K Monitor,Displays,Aegean,Retail,Consumer,1,0.05,407.55,270,137.55,403.26
ORD-01863,2026-04-08,P06,Wireless Mouse,Accessories,Aegean,Retail,Small Business,1,0.1,53.1,25,28.1,55.46
ORD-01864,2026-04-08,P10,Ergonomic Chair,Office,Marmara,Marketplace,Corporate,2,0,998,630,368,938.12
ORD-01865,2026-04-08,P02,Office Laptop 15,Computing,Aegean,Retail,Consumer,1,0.15,764.15,590,174.15,845.06
ORD-01866,2026-04-08,P09,Portable Speaker,Audio,Central Anatolia,Online,Consumer,1,0.05,113.05,63,50.05,111.86
ORD-01867,2026-04-08,P08,Noise-Cancel Headphones,Audio,Aegean,Marketplace,Corporate,2,0,498,266,232,468.12
ORD-01868,2026-04-08,P02,Office Laptop 15,Computing,Central Anatolia,Retail,Consumer,1,0,899,590,309,845.06
ORD-01869,2026-04-08,P11,Standing Desk,Office,Marmara,Marketplace,Consumer,2,0.05,1328.1,880,448.1,1314.12
ORD-01870,2026-04-08,P08,Noise-Cancel Headphones,Audio,Mediterranean,Retail,Small Business,1,0,249,133,116,234.06
ORD-01871,2026-04-08,P09,Portable Speaker,Audio,Central Anatolia,Marketplace,Corporate,1,0.05,113.05,63,50.05,111.86
ORD-01872,2026-04-09,P04,27-inch Monitor,Displays,Mediterranean,Online,Corporate,1,0.05,274.55,185,89.55,271.66
ORD-01873,2026-04-09,P12,Portable SSD 1TB,Storage,Central Anatolia,Online,Corporate,1,0.1,134.1,84,50.1,140.06
ORD-01874,2026-04-09,P07,USB-C Dock,Accessories,Central Anatolia,Retail,Small Business,3,0.1,456.3,276,180.3,476.58
ORD-01875,2026-04-09,P06,Wireless Mouse,Accessories,Aegean,Marketplace,Corporate,1,0,59,25,34,55.46
ORD-01876,2026-04-09,P05,Mechanical Keyboard,Accessories,Marmara,Online,Corporate,1,0.05,113.05,61,52.05,111.86
ORD-01877,2026-04-10,P03,4K Monitor,Displays,Mediterranean,Retail,Corporate,1,0.1,386.1,270,116.1,403.26
ORD-01878,2026-04-10,P11,Standing Desk,Office,Central Anatolia,Retail,Consumer,1,0.15,594.15,440,154.15,657.06
ORD-01879,2026-04-10,P02,Office Laptop 15,Computing,Central Anatolia,Retail,Consumer,1,0.05,854.05,590,264.05,845.06
ORD-01880,2026-04-10,P02,Office Laptop 15,Computing,Mediterranean,Retail,Consumer,1,0,899,590,309,845.06
ORD-01881,2026-04-10,P09,Portable Speaker,Audio,Marmara,Online,Corporate,1,0,119,63,56,111.86
ORD-01882,2026-04-10,P01,Laptop Pro 14,Computing,Aegean,Retail,Small Business,1,0.05,1234.05,820,414.05,1221.06
ORD-01883,2026-04-10,P09,Portable Speaker,Audio,Marmara,Retail,Small Business,2,0.1,214.2,126,88.2,223.72
ORD-01884,2026-04-10,P07,USB-C Dock,Accessories,Mediterranean,Marketplace,Corporate,1,0,169,92,77,158.86
ORD-01885,2026-04-10,P06,Wireless Mouse,Accessories,Aegean,Online,Consumer,3,0,177,75,102,166.38
ORD-01886,2026-04-11,P12,Portable SSD 1TB,Storage,Aegean,Marketplace,Small Business,1,0,149,84,65,140.06
ORD-01887,2026-04-11,P04,27-inch Monitor,Displays,Marmara,Online,Consumer,1,0,289,185,104,271.66
ORD-01888,2026-04-11,P04,27-inch Monitor,Displays,Aegean,Retail,Consumer,1,0,289,185,104,271.66
ORD-01889,2026-04-11,P05,Mechanical Keyboard,Accessories,Mediterranean,Online,Small Business,3,0,357,183,174,335.58
ORD-01890,2026-04-11,P03,4K Monitor,Displays,Aegean,Retail,Corporate,1,0,429,270,159,403.26
ORD-01891,2026-04-11,P03,4K Monitor,Displays,Aegean,Online,Corporate,1,0,429,270,159,403.26
ORD-01892,2026-04-12,P01,Laptop Pro 14,Computing,Central Anatolia,Marketplace,Small Business,3,0,3897,2460,1437,3663.18
ORD-01893,2026-04-12,P07,USB-C Dock,Accessories,Mediterranean,Online,Small Business,2,0.05,321.1,184,137.1,317.72
ORD-01894,2026-04-12,P03,4K Monitor,Displays,Mediterranean,Marketplace,Corporate,1,0,429,270,159,403.26
ORD-01895,2026-04-12,P09,Portable Speaker,Audio,Marmara,Online,Consumer,1,0,119,63,56,111.86
ORD-01896,2026-04-12,P04,27-inch Monitor,Displays,Aegean,Online,Corporate,1,0,289,185,104,271.66
ORD-01897,2026-04-12,P10,Ergonomic Chair,Office,Aegean,Marketplace,Consumer,2,0.05,948.1,630,318.1,938.12
ORD-01898,2026-04-13,P06,Wireless Mouse,Accessories,Aegean,Retail,Corporate,1,0.1,53.1,25,28.1,55.46
ORD-01899,2026-04-13,P09,Portable Speaker,Audio,Central Anatolia,Retail,Small Business,1,0.05,113.05,63,50.05,111.86
ORD-01900,2026-04-13,P12,Portable SSD 1TB,Storage,Marmara,Retail,Corporate,1,0.15,126.65,84,42.65,140.06
ORD-01901,2026-04-13,P09,Portable Speaker,Audio,Aegean,Retail,Small Business,2,0.05,226.1,126,100.1,223.72
ORD-01902,2026-04-13,P08,Noise-Cancel Headphones,Audio,Central Anatolia,Marketplace,Corporate,1,0.1,224.1,133,91.1,234.06
ORD-01903,2026-04-13,P03,4K Monitor,Displays,Aegean,Retail,Consumer,3,0,1287,810,477,1209.78
ORD-01904,2026-04-13,P02,Office Laptop 15,Computing,Central Anatolia,Retail,Small Business,3,0.05,2562.15,1770,792.15,2535.18
ORD-01905,2026-04-13,P12,Portable SSD 1TB,Storage,Central Anatolia,Marketplace,Small Business,1,0.1,134.1,84,50.1,140.06
ORD-01906,2026-04-13,P05,Mechanical Keyboard,Accessories,Mediterranean,Online,Small Business,2,0.15,202.3,122,80.3,223.72
ORD-01907,2026-04-14,P09,Portable Speaker,Audio,Central Anatolia,Retail,Corporate,1,0.05,113.05,63,50.05,111.86
ORD-01908,2026-04-14,P01,Laptop Pro 14,Computing,Mediterranean,Retail,Consumer,4,0.1,4676.4,3280,1396.4,4884.24
ORD-01909,2026-04-14,P02,Office Laptop 15,Computing,Marmara,Marketplace,Consumer,1,0,899,590,309,845.06
ORD-01910,2026-04-14,P03,4K Monitor,Displays,Aegean,Retail,Small Business,1,0.05,407.55,270,137.55,403.26
ORD-01911,2026-04-14,P01,Laptop Pro 14,Computing,Mediterranean,Retail,Consumer,2,0,2598,1640,958,2442.12
ORD-01912,2026-04-14,P04,27-inch Monitor,Displays,Central Anatolia,Marketplace,Consumer,1,0.15,245.65,185,60.65,271.66
ORD-01913,2026-04-15,P04,27-inch Monitor,Displays,Mediterranean,Marketplace,Consumer,2,0,578,370,208,543.32
ORD-01914,2026-04-15,P04,27-inch Monitor,Displays,Aegean,Retail,Corporate,1,0.05,274.55,185,89.55,271.66
ORD-01915,2026-04-15,P12,Portable SSD 1TB,Storage,Aegean,Online,Corporate,1,0,149,84,65,140.06
ORD-01916,2026-04-15,P03,4K Monitor,Displays,Central Anatolia,Marketplace,Small Business,1,0.05,407.55,270,137.55,403.26
ORD-01917,2026-04-15,P11,Standing Desk,Office,Central Anatolia,Online,Consumer,2,0.1,1258.2,880,378.2,1314.12
ORD-01918,2026-04-16,P05,Mechanical Keyboard,Accessories,Central Anatolia,Online,Consumer,2,0.1,214.2,122,92.2,223.72
ORD-01919,2026-04-16,P05,Mechanical Keyboard,Accessories,Marmara,Online,Corporate,2,0,238,122,116,223.72
ORD-01920,2026-04-16,P04,27-inch Monitor,Displays,Aegean,Online,Consumer,2,0,578,370,208,543.32
ORD-01921,2026-04-16,P01,Laptop Pro 14,Computing,Marmara,Online,Small Business,1,0,1299,820,479,1221.06
ORD-01922,2026-04-16,P08,Noise-Cancel Headphones,Audio,Aegean,Retail,Consumer,2,0,498,266,232,468.12
ORD-01923,2026-04-16,P08,Noise-Cancel Headphones,Audio,Marmara,Marketplace,Small Business,1,0,249,133,116,234.06
ORD-01924,2026-04-16,P04,27-inch Monitor,Displays,Central Anatolia,Retail,Small Business,1,0.15,245.65,185,60.65,271.66
ORD-01925,2026-04-16,P11,Standing Desk,Office,Marmara,Online,Small Business,2,0.15,1188.3,880,308.3,1314.12
ORD-01926,2026-04-17,P09,Portable Speaker,Audio,Mediterranean,Marketplace,Consumer,2,0,238,126,112,223.72
ORD-01927,2026-04-17,P04,27-inch Monitor,Displays,Central Anatolia,Online,Small Business,1,0.1,260.1,185,75.1,271.66
ORD-01928,2026-04-17,P01,Laptop Pro 14,Computing,Central Anatolia,Online,Consumer,2,0,2598,1640,958,2442.12
ORD-01929,2026-04-17,P10,Ergonomic Chair,Office,Central Anatolia,Online,Corporate,1,0.05,474.05,315,159.05,469.06
ORD-01930,2026-04-17,P06,Wireless Mouse,Accessories,Central Anatolia,Marketplace,Corporate,1,0,59,25,34,55.46
ORD-01931,2026-04-17,P06,Wireless Mouse,Accessories,Marmara,Retail,Corporate,2,0,118,50,68,110.92
ORD-01932,2026-04-17,P06,Wireless Mouse,Accessories,Central Anatolia,Retail,Small Business,1,0,59,25,34,55.46
ORD-01933,2026-04-17,P02,Office Laptop 15,Computing,Aegean,Retail,Consumer,1,0.05,854.05,590,264.05,845.06
ORD-01934,2026-04-17,P11,Standing Desk,Office,Aegean,Online,Consumer,2,0,1398,880,518,1314.12
ORD-01935,2026-04-17,P12,Portable SSD 1TB,Storage,Mediterranean,Marketplace,Consumer,2,0,298,168,130,280.12
ORD-01936,2026-04-18,P09,Portable Speaker,Audio,Marmara,Retail,Corporate,1,0.1,107.1,63,44.1,111.86
ORD-01937,2026-04-18,P05,Mechanical Keyboard,Accessories,Marmara,Retail,Small Business,1,0,119,61,58,111.86
ORD-01938,2026-04-18,P04,27-inch Monitor,Displays,Aegean,Retail,Corporate,3,0,867,555,312,814.98
ORD-01939,2026-04-18,P10,Ergonomic Chair,Office,Mediterranean,Retail,Consumer,2,0.1,898.2,630,268.2,938.12
ORD-01940,2026-04-18,P02,Office Laptop 15,Computing,Marmara,Marketplace,Small Business,1,0.1,809.1,590,219.1,845.06
ORD-01941,2026-04-18,P03,4K Monitor,Displays,Aegean,Retail,Small Business,4,0,1716,1080,636,1613.04
ORD-01942,2026-04-19,P11,Standing Desk,Office,Aegean,Online,Corporate,1,0,699,440,259,657.06
ORD-01943,2026-04-19,P07,USB-C Dock,Accessories,Mediterranean,Retail,Corporate,1,0,169,92,77,158.86
ORD-01944,2026-04-19,P12,Portable SSD 1TB,Storage,Aegean,Online,Small Business,1,0.15,126.65,84,42.65,140.06
ORD-01945,2026-04-19,P09,Portable Speaker,Audio,Marmara,Marketplace,Corporate,2,0,238,126,112,223.72
ORD-01946,2026-04-19,P01,Laptop Pro 14,Computing,Mediterranean,Marketplace,Consumer,1,0,1299,820,479,1221.06
ORD-01947,2026-04-19,P07,USB-C Dock,Accessories,Mediterranean,Online,Small Business,2,0,338,184,154,317.72
ORD-01948,2026-04-19,P06,Wireless Mouse,Accessories,Central Anatolia,Retail,Consumer,4,0.05,224.2,100,124.2,221.84
ORD-01949,2026-04-19,P08,Noise-Cancel Headphones,Audio,Mediterranean,Online,Corporate,2,0.15,423.3,266,157.3,468.12
ORD-01950,2026-04-19,P02,Office Laptop 15,Computing,Mediterranean,Marketplace,Consumer,2,0,1798,1180,618,1690.12
ORD-01951,2026-04-20,P11,Standing Desk,Office,Central Anatolia,Online,Consumer,1,0.05,664.05,440,224.05,657.06
ORD-01952,2026-04-20,P07,USB-C Dock,Accessories,Central Anatolia,Retail,Consumer,4,0.15,574.6,368,206.6,635.44
ORD-01953,2026-04-20,P08,Noise-Cancel Headphones,Audio,Aegean,Marketplace,Corporate,3,0.05,709.65,399,310.65,702.18
ORD-01954,2026-04-20,P08,Noise-Cancel Headphones,Audio,Central Anatolia,Marketplace,Corporate,1,0.05,236.55,133,103.55,234.06
ORD-01955,2026-04-20,P03,4K Monitor,Displays,Aegean,Marketplace,Consumer,1,0,429,270,159,403.26
ORD-01956,2026-04-20,P10,Ergonomic Chair,Office,Central Anatolia,Online,Corporate,2,0,998,630,368,938.12
ORD-01957,2026-04-20,P06,Wireless Mouse,Accessories,Mediterranean,Marketplace,Corporate,2,0.1,106.2,50,56.2,110.92
ORD-01958,2026-04-21,P03,4K Monitor,Displays,Marmara,Online,Corporate,2,0,858,540,318,806.52
ORD-01959,2026-04-21,P12,Portable SSD 1TB,Storage,Mediterranean,Online,Corporate,2,0.15,253.3,168,85.3,280.12
ORD-01960,2026-04-21,P09,Portable Speaker,Audio,Mediterranean,Retail,Consumer,3,0.1,321.3,189,132.3,335.58
ORD-01961,2026-04-21,P06,Wireless Mouse,Accessories,Mediterranean,Marketplace,Consumer,1,0.1,53.1,25,28.1,55.46
ORD-01962,2026-04-21,P06,Wireless Mouse,Accessories,Marmara,Online,Corporate,1,0.15,50.15,25,25.15,55.46
ORD-01963,2026-04-21,P04,27-inch Monitor,Displays,Mediterranean,Marketplace,Corporate,2,0.15,491.3,370,121.3,543.32
ORD-01964,2026-04-21,P05,Mechanical Keyboard,Accessories,Central Anatolia,Online,Small Business,1,0,119,61,58,111.86
ORD-01965,2026-04-21,P10,Ergonomic Chair,Office,Central Anatolia,Online,Consumer,2,0,998,630,368,938.12
ORD-01966,2026-04-21,P11,Standing Desk,Office,Central Anatolia,Retail,Corporate,1,0,699,440,259,657.06
ORD-01967,2026-04-22,P09,Portable Speaker,Audio,Central Anatolia,Retail,Small Business,1,0.1,107.1,63,44.1,111.86
ORD-01968,2026-04-22,P07,USB-C Dock,Accessories,Mediterranean,Online,Corporate,2,0,338,184,154,317.72
ORD-01969,2026-04-22,P11,Standing Desk,Office,Mediterranean,Online,Corporate,1,0.15,594.15,440,154.15,657.06
ORD-01970,2026-04-22,P06,Wireless Mouse,Accessories,Central Anatolia,Marketplace,Corporate,4,0,236,100,136,221.84
ORD-01971,2026-04-22,P09,Portable Speaker,Audio,Central Anatolia,Online,Small Business,1,0.05,113.05,63,50.05,111.86
ORD-01972,2026-04-23,P09,Portable Speaker,Audio,Marmara,Marketplace,Corporate,1,0,119,63,56,111.86
ORD-01973,2026-04-23,P04,27-inch Monitor,Displays,Aegean,Retail,Small Business,2,0.1,520.2,370,150.2,543.32
ORD-01974,2026-04-23,P03,4K Monitor,Displays,Marmara,Online,Consumer,1,0.15,364.65,270,94.65,403.26
ORD-01975,2026-04-23,P12,Portable SSD 1TB,Storage,Mediterranean,Online,Small Business,2,0,298,168,130,280.12
ORD-01976,2026-04-23,P12,Portable SSD 1TB,Storage,Central Anatolia,Online,Consumer,1,0.1,134.1,84,50.1,140.06
ORD-01977,2026-04-23,P11,Standing Desk,Office,Aegean,Retail,Small Business,2,0.1,1258.2,880,378.2,1314.12
ORD-01978,2026-04-24,P05,Mechanical Keyboard,Accessories,Marmara,Retail,Small Business,1,0,119,61,58,111.86
ORD-01979,2026-04-24,P03,4K Monitor,Displays,Central Anatolia,Retail,Consumer,2,0.15,729.3,540,189.3,806.52
ORD-01980,2026-04-24,P08,Noise-Cancel Headphones,Audio,Aegean,Online,Corporate,1,0.1,224.1,133,91.1,234.06
ORD-01981,2026-04-24,P03,4K Monitor,Displays,Aegean,Online,Consumer,2,0.15,729.3,540,189.3,806.52
ORD-01982,2026-04-24,P09,Portable Speaker,Audio,Mediterranean,Retail,Consumer,1,0.1,107.1,63,44.1,111.86
ORD-01983,2026-04-24,P04,27-inch Monitor,Displays,Central Anatolia,Online,Corporate,2,0.1,520.2,370,150.2,543.32
ORD-01984,2026-04-24,P02,Office Laptop 15,Computing,Central Anatolia,Marketplace,Small Business,1,0.05,854.05,590,264.05,845.06
ORD-01985,2026-04-24,P04,27-inch Monitor,Displays,Central Anatolia,Marketplace,Corporate,2,0,578,370,208,543.32
ORD-01986,2026-04-24,P09,Portable Speaker,Audio,Central Anatolia,Retail,Corporate,1,0.1,107.1,63,44.1,111.86
ORD-01987,2026-04-24,P09,Portable Speaker,Audio,Aegean,Online,Small Business,1,0.2,95.2,63,32.2,111.86
ORD-01988,2026-04-25,P01,Laptop Pro 14,Computing,Aegean,Marketplace,Corporate,1,0.15,1104.15,820,284.15,1221.06
ORD-01989,2026-04-25,P04,27-inch Monitor,Displays,Aegean,Marketplace,Consumer,1,0,289,185,104,271.66
ORD-01990,2026-04-25,P04,27-inch Monitor,Displays,Aegean,Marketplace,Small Business,2,0.1,520.2,370,150.2,543.32
ORD-01991,2026-04-25,P09,Portable Speaker,Audio,Marmara,Retail,Small Business,1,0,119,63,56,111.86
ORD-01992,2026-04-25,P04,27-inch Monitor,Displays,Aegean,Online,Consumer,3,0.05,823.65,555,268.65,814.98
ORD-01993,2026-04-25,P02,Office Laptop 15,Computing,Central Anatolia,Online,Consumer,1,0.2,719.2,590,129.2,845.06
ORD-01994,2026-04-25,P07,USB-C Dock,Accessories,Mediterranean,Retail,Small Business,2,0.1,304.2,184,120.2,317.72
ORD-01995,2026-04-25,P05,Mechanical Keyboard,Accessories,Aegean,Marketplace,Consumer,2,0.15,202.3,122,80.3,223.72
ORD-01996,2026-04-25,P08,Noise-Cancel Headphones,Audio,Aegean,Marketplace,Corporate,1,0.2,199.2,133,66.2,234.06
ORD-01997,2026-04-25,P11,Standing Desk,Office,Aegean,Online,Corporate,3,0.05,1992.15,1320,672.15,1971.18
ORD-01998,2026-04-26,P01,Laptop Pro 14,Computing,Central Anatolia,Online,Corporate,2,0.1,2338.2,1640,698.2,2442.12
ORD-01999,2026-04-26,P06,Wireless Mouse,Accessories,Central Anatolia,Online,Corporate,3,0.15,150.45,75,75.45,166.38
ORD-02000,2026-04-26,P05,Mechanical Keyboard,Accessories,Central Anatolia,Marketplace,Consumer,2,0.1,214.2,122,92.2,223.72
ORD-02001,2026-04-26,P10,Ergonomic Chair,Office,Marmara,Online,Consumer,1,0.05,474.05,315,159.05,469.06
ORD-02002,2026-04-26,P06,Wireless Mouse,Accessories,Aegean,Retail,Small Business,2,0,118,50,68,110.92
ORD-02003,2026-04-26,P09,Portable Speaker,Audio,Mediterranean,Online,Corporate,3,0.1,321.3,189,132.3,335.58
ORD-02004,2026-04-27,P06,Wireless Mouse,Accessories,Mediterranean,Marketplace,Corporate,1,0.15,50.15,25,25.15,55.46
ORD-02005,2026-04-27,P06,Wireless Mouse,Accessories,Central Anatolia,Online,Consumer,2,0,118,50,68,110.92
ORD-02006,2026-04-27,P04,27-inch Monitor,Displays,Central Anatolia,Marketplace,Small Business,1,0,289,185,104,271.66
ORD-02007,2026-04-27,P09,Portable Speaker,Audio,Marmara,Retail,Corporate,1,0.05,113.05,63,50.05,111.86
ORD-02008,2026-04-27,P08,Noise-Cancel Headphones,Audio,Mediterranean,Retail,Corporate,2,0,498,266,232,468.12
ORD-02009,2026-04-27,P03,4K Monitor,Displays,Central Anatolia,Retail,Small Business,1,0.1,386.1,270,116.1,403.26
ORD-02010,2026-04-27,P09,Portable Speaker,Audio,Central Anatolia,Retail,Corporate,1,0.05,113.05,63,50.05,111.86
ORD-02011,2026-04-27,P08,Noise-Cancel Headphones,Audio,Aegean,Marketplace,Consumer,1,0,249,133,116,234.06
ORD-02012,2026-04-27,P06,Wireless Mouse,Accessories,Aegean,Marketplace,Corporate,1,0,59,25,34,55.46
ORD-02013,2026-04-28,P02,Office Laptop 15,Computing,Aegean,Online,Consumer,1,0,899,590,309,845.06
ORD-02014,2026-04-28,P03,4K Monitor,Displays,Mediterranean,Online,Small Business,1,0,429,270,159,403.26
ORD-02015,2026-04-28,P07,USB-C Dock,Accessories,Marmara,Retail,Corporate,1,0.1,152.1,92,60.1,158.86
ORD-02016,2026-04-28,P09,Portable Speaker,Audio,Aegean,Retail,Corporate,2,0,238,126,112,223.72
ORD-02017,2026-04-28,P11,Standing Desk,Office,Central Anatolia,Online,Consumer,2,0,1398,880,518,1314.12
ORD-02018,2026-04-28,P02,Office Laptop 15,Computing,Aegean,Retail,Small Business,1,0.1,809.1,590,219.1,845.06
ORD-02019,2026-04-28,P12,Portable SSD 1TB,Storage,Central Anatolia,Marketplace,Small Business,1,0.1,134.1,84,50.1,140.06
ORD-02020,2026-04-29,P11,Standing Desk,Office,Marmara,Online,Consumer,2,0.05,1328.1,880,448.1,1314.12
ORD-02021,2026-04-29,P08,Noise-Cancel Headphones,Audio,Mediterranean,Marketplace,Corporate,1,0,249,133,116,234.06
ORD-02022,2026-04-29,P05,Mechanical Keyboard,Accessories,Aegean,Retail,Consumer,2,0,238,122,116,223.72
ORD-02023,2026-04-29,P05,Mechanical Keyboard,Accessories,Mediterranean,Online,Corporate,1,0.15,101.15,61,40.15,111.86
ORD-02024,2026-04-29,P09,Portable Speaker,Audio,Aegean,Retail,Small Business,2,0,238,126,112,223.72
ORD-02025,2026-04-29,P06,Wireless Mouse,Accessories,Central Anatolia,Marketplace,Consumer,1,0,59,25,34,55.46
ORD-02026,2026-04-29,P09,Portable Speaker,Audio,Marmara,Marketplace,Small Business,1,0.1,107.1,63,44.1,111.86
ORD-02027,2026-04-29,P04,27-inch Monitor,Displays,Marmara,Online,Corporate,2,0,578,370,208,543.32
ORD-02028,2026-04-30,P07,USB-C Dock,Accessories,Aegean,Online,Small Business,1,0,169,92,77,158.86
ORD-02029,2026-04-30,P06,Wireless Mouse,Accessories,Mediterranean,Online,Consumer,2,0.15,100.3,50,50.3,110.92
ORD-02030,2026-04-30,P07,USB-C Dock,Accessories,Aegean,Retail,Consumer,1,0.1,152.1,92,60.1,158.86
ORD-02031,2026-04-30,P12,Portable SSD 1TB,Storage,Aegean,Marketplace,Consumer,2,0.1,268.2,168,100.2,280.12
ORD-02032,2026-04-30,P12,Portable SSD 1TB,Storage,Marmara,Retail,Corporate,1,0.15,126.65,84,42.65,140.06
ORD-02033,2026-04-30,P09,Portable Speaker,Audio,Mediterranean,Retail,Consumer,1,0,119,63,56,111.86
ORD-02034,2026-04-30,P12,Portable SSD 1TB,Storage,Aegean,Retail,Corporate,1,0.05,141.55,84,57.55,140.06
ORD-02035,2026-04-30,P06,Wireless Mouse,Accessories,Marmara,Online,Corporate,1,0,59,25,34,55.46
ORD-02036,2026-04-30,P12,Portable SSD 1TB,Storage,Aegean,Online,Corporate,4,0.1,536.4,336,200.4,560.24
ORD-02037,2026-05-01,P10,Ergonomic Chair,Office,Central Anatolia,Online,Corporate,1,0.05,474.05,315,159.05,469.06
ORD-02038,2026-05-01,P07,USB-C Dock,Accessories,Marmara,Retail,Consumer,2,0.1,304.2,184,120.2,317.72
ORD-02039,2026-05-01,P10,Ergonomic Chair,Office,Mediterranean,Marketplace,Corporate,1,0,499,315,184,469.06
ORD-02040,2026-05-01,P03,4K Monitor,Displays,Aegean,Marketplace,Small Business,2,0.05,815.1,540,275.1,806.52
ORD-02041,2026-05-01,P05,Mechanical Keyboard,Accessories,Mediterranean,Marketplace,Consumer,3,0.05,339.15,183,156.15,335.58
ORD-02042,2026-05-01,P02,Office Laptop 15,Computing,Marmara,Retail,Small Business,2,0,1798,1180,618,1690.12
ORD-02043,2026-05-02,P11,Standing Desk,Office,Aegean,Marketplace,Small Business,2,0.2,1118.4,880,238.4,1314.12
ORD-02044,2026-05-02,P02,Office Laptop 15,Computing,Central Anatolia,Online,Corporate,2,0,1798,1180,618,1690.12
ORD-02045,2026-05-02,P08,Noise-Cancel Headphones,Audio,Aegean,Retail,Corporate,1,0,249,133,116,234.06
ORD-02046,2026-05-02,P03,4K Monitor,Displays,Mediterranean,Retail,Small Business,2,0.1,772.2,540,232.2,806.52
ORD-02047,2026-05-02,P08,Noise-Cancel Headphones,Audio,Aegean,Retail,Consumer,1,0.05,236.55,133,103.55,234.06
ORD-02048,2026-05-03,P06,Wireless Mouse,Accessories,Marmara,Online,Small Business,2,0,118,50,68,110.92
ORD-02049,2026-05-03,P02,Office Laptop 15,Computing,Marmara,Marketplace,Small Business,2,0,1798,1180,618,1690.12
ORD-02050,2026-05-03,P07,USB-C Dock,Accessories,Mediterranean,Online,Small Business,2,0,338,184,154,317.72
ORD-02051,2026-05-03,P03,4K Monitor,Displays,Central Anatolia,Online,Small Business,1,0.05,407.55,270,137.55,403.26
ORD-02052,2026-05-03,P01,Laptop Pro 14,Computing,Marmara,Retail,Consumer,2,0.15,2208.3,1640,568.3,2442.12
ORD-02053,2026-05-03,P08,Noise-Cancel Headphones,Audio,Mediterranean,Retail,Small Business,1,0.05,236.55,133,103.55,234.06
ORD-02054,2026-05-03,P08,Noise-Cancel Headphones,Audio,Mediterranean,Marketplace,Consumer,1,0.15,211.65,133,78.65,234.06
ORD-02055,2026-05-04,P02,Office Laptop 15,Computing,Aegean,Online,Small Business,1,0.05,854.05,590,264.05,845.06
ORD-02056,2026-05-04,P09,Portable Speaker,Audio,Marmara,Online,Corporate,1,0.1,107.1,63,44.1,111.86
ORD-02057,2026-05-04,P03,4K Monitor,Displays,Marmara,Retail,Consumer,1,0,429,270,159,403.26
ORD-02058,2026-05-04,P10,Ergonomic Chair,Office,Marmara,Retail,Small Business,2,0.05,948.1,630,318.1,938.12
ORD-02059,2026-05-04,P04,27-inch Monitor,Displays,Central Anatolia,Marketplace,Small Business,2,0.15,491.3,370,121.3,543.32
ORD-02060,2026-05-04,P09,Portable Speaker,Audio,Aegean,Online,Corporate,2,0.05,226.1,126,100.1,223.72
ORD-02061,2026-05-04,P03,4K Monitor,Displays,Mediterranean,Marketplace,Consumer,2,0.05,815.1,540,275.1,806.52
ORD-02062,2026-05-04,P03,4K Monitor,Displays,Central Anatolia,Retail,Consumer,1,0.15,364.65,270,94.65,403.26
ORD-02063,2026-05-04,P08,Noise-Cancel Headphones,Audio,Aegean,Retail,Small Business,3,0.05,709.65,399,310.65,702.18
ORD-02064,2026-05-04,P01,Laptop Pro 14,Computing,Aegean,Online,Corporate,2,0,2598,1640,958,2442.12
ORD-02065,2026-05-05,P08,Noise-Cancel Headphones,Audio,Mediterranean,Marketplace,Corporate,1,0,249,133,116,234.06
ORD-02066,2026-05-05,P04,27-inch Monitor,Displays,Mediterranean,Retail,Corporate,2,0,578,370,208,543.32
ORD-02067,2026-05-05,P01,Laptop Pro 14,Computing,Aegean,Retail,Corporate,3,0,3897,2460,1437,3663.18
ORD-02068,2026-05-05,P06,Wireless Mouse,Accessories,Mediterranean,Retail,Consumer,1,0,59,25,34,55.46
ORD-02069,2026-05-05,P02,Office Laptop 15,Computing,Aegean,Online,Corporate,1,0.05,854.05,590,264.05,845.06
ORD-02070,2026-05-05,P04,27-inch Monitor,Displays,Marmara,Online,Corporate,2,0.05,549.1,370,179.1,543.32
ORD-02071,2026-05-05,P05,Mechanical Keyboard,Accessories,Central Anatolia,Online,Corporate,1,0.05,113.05,61,52.05,111.86
ORD-02072,2026-05-05,P09,Portable Speaker,Audio,Aegean,Retail,Small Business,1,0,119,63,56,111.86
ORD-02073,2026-05-05,P01,Laptop Pro 14,Computing,Mediterranean,Online,Small Business,1,0.05,1234.05,820,414.05,1221.06
ORD-02074,2026-05-06,P03,4K Monitor,Displays,Marmara,Marketplace,Consumer,1,0,429,270,159,403.26
ORD-02075,2026-05-06,P04,27-inch Monitor,Displays,Aegean,Online,Corporate,2,0,578,370,208,543.32
ORD-02076,2026-05-06,P04,27-inch Monitor,Displays,Mediterranean,Marketplace,Corporate,1,0.05,274.55,185,89.55,271.66
ORD-02077,2026-05-06,P08,Noise-Cancel Headphones,Audio,Mediterranean,Online,Small Business,1,0.1,224.1,133,91.1,234.06
ORD-02078,2026-05-06,P01,Laptop Pro 14,Computing,Mediterranean,Retail,Consumer,1,0.05,1234.05,820,414.05,1221.06
ORD-02079,2026-05-06,P02,Office Laptop 15,Computing,Marmara,Retail,Small Business,1,0.1,809.1,590,219.1,845.06
ORD-02080,2026-05-06,P01,Laptop Pro 14,Computing,Marmara,Online,Small Business,2,0.05,2468.1,1640,828.1,2442.12
ORD-02081,2026-05-06,P04,27-inch Monitor,Displays,Mediterranean,Retail,Small Business,4,0.2,924.8,740,184.8,1086.64
ORD-02082,2026-05-07,P02,Office Laptop 15,Computing,Marmara,Marketplace,Corporate,1,0.15,764.15,590,174.15,845.06
ORD-02083,2026-05-07,P08,Noise-Cancel Headphones,Audio,Central Anatolia,Marketplace,Corporate,1,0,249,133,116,234.06
ORD-02084,2026-05-07,P09,Portable Speaker,Audio,Aegean,Retail,Small Business,3,0.05,339.15,189,150.15,335.58
ORD-02085,2026-05-07,P12,Portable SSD 1TB,Storage,Aegean,Retail,Corporate,1,0.1,134.1,84,50.1,140.06
ORD-02086,2026-05-07,P11,Standing Desk,Office,Aegean,Online,Small Business,4,0.05,2656.2,1760,896.2,2628.24
ORD-02087,2026-05-08,P11,Standing Desk,Office,Aegean,Marketplace,Corporate,2,0.2,1118.4,880,238.4,1314.12
ORD-02088,2026-05-08,P10,Ergonomic Chair,Office,Aegean,Marketplace,Small Business,3,0,1497,945,552,1407.18
ORD-02089,2026-05-08,P06,Wireless Mouse,Accessories,Aegean,Online,Consumer,1,0,59,25,34,55.46
ORD-02090,2026-05-08,P04,27-inch Monitor,Displays,Aegean,Online,Small Business,1,0,289,185,104,271.66
ORD-02091,2026-05-08,P12,Portable SSD 1TB,Storage,Marmara,Online,Small Business,3,0.05,424.65,252,172.65,420.18
ORD-02092,2026-05-08,P01,Laptop Pro 14,Computing,Mediterranean,Online,Consumer,1,0,1299,820,479,1221.06
ORD-02093,2026-05-08,P06,Wireless Mouse,Accessories,Central Anatolia,Marketplace,Small Business,1,0.05,56.05,25,31.05,55.46
ORD-02094,2026-05-08,P04,27-inch Monitor,Displays,Aegean,Online,Consumer,1,0,289,185,104,271.66
ORD-02095,2026-05-09,P06,Wireless Mouse,Accessories,Mediterranean,Marketplace,Small Business,1,0,59,25,34,55.46
ORD-02096,2026-05-09,P07,USB-C Dock,Accessories,Marmara,Marketplace,Consumer,2,0.05,321.1,184,137.1,317.72
ORD-02097,2026-05-09,P02,Office Laptop 15,Computing,Mediterranean,Retail,Corporate,1,0,899,590,309,845.06
ORD-02098,2026-05-09,P05,Mechanical Keyboard,Accessories,Mediterranean,Marketplace,Small Business,2,0.1,214.2,122,92.2,223.72
ORD-02099,2026-05-09,P02,Office Laptop 15,Computing,Central Anatolia,Retail,Small Business,1,0.1,809.1,590,219.1,845.06
ORD-02100,2026-05-09,P09,Portable Speaker,Audio,Central Anatolia,Retail,Corporate,2,0,238,126,112,223.72
ORD-02101,2026-05-09,P11,Standing Desk,Office,Marmara,Online,Small Business,1,0,699,440,259,657.06
ORD-02102,2026-05-10,P09,Portable Speaker,Audio,Marmara,Marketplace,Corporate,2,0,238,126,112,223.72
ORD-02103,2026-05-10,P10,Ergonomic Chair,Office,Central Anatolia,Retail,Corporate,2,0.05,948.1,630,318.1,938.12
ORD-02104,2026-05-10,P12,Portable SSD 1TB,Storage,Central Anatolia,Retail,Small Business,2,0,298,168,130,280.12
ORD-02105,2026-05-10,P02,Office Laptop 15,Computing,Central Anatolia,Marketplace,Small Business,1,0,899,590,309,845.06
ORD-02106,2026-05-10,P10,Ergonomic Chair,Office,Central Anatolia,Online,Small Business,1,0,499,315,184,469.06
ORD-02107,2026-05-10,P03,4K Monitor,Displays,Marmara,Online,Corporate,1,0.1,386.1,270,116.1,403.26
ORD-02108,2026-05-10,P05,Mechanical Keyboard,Accessories,Mediterranean,Marketplace,Small Business,1,0.1,107.1,61,46.1,111.86
ORD-02109,2026-05-10,P01,Laptop Pro 14,Computing,Central Anatolia,Marketplace,Small Business,1,0,1299,820,479,1221.06
ORD-02110,2026-05-11,P03,4K Monitor,Displays,Aegean,Marketplace,Small Business,1,0,429,270,159,403.26
ORD-02111,2026-05-11,P07,USB-C Dock,Accessories,Mediterranean,Marketplace,Consumer,1,0.1,152.1,92,60.1,158.86
ORD-02112,2026-05-11,P01,Laptop Pro 14,Computing,Marmara,Marketplace,Consumer,1,0,1299,820,479,1221.06
ORD-02113,2026-05-11,P03,4K Monitor,Displays,Aegean,Retail,Small Business,3,0,1287,810,477,1209.78
ORD-02114,2026-05-11,P04,27-inch Monitor,Displays,Mediterranean,Online,Corporate,3,0.15,736.95,555,181.95,814.98
ORD-02115,2026-05-11,P10,Ergonomic Chair,Office,Marmara,Marketplace,Small Business,2,0.05,948.1,630,318.1,938.12
ORD-02116,2026-05-11,P06,Wireless Mouse,Accessories,Central Anatolia,Online,Corporate,1,0,59,25,34,55.46
ORD-02117,2026-05-11,P01,Laptop Pro 14,Computing,Marmara,Online,Corporate,2,0,2598,1640,958,2442.12
ORD-02118,2026-05-11,P01,Laptop Pro 14,Computing,Aegean,Online,Corporate,4,0.05,4936.2,3280,1656.2,4884.24
ORD-02119,2026-05-12,P07,USB-C Dock,Accessories,Marmara,Online,Corporate,4,0,676,368,308,635.44
ORD-02120,2026-05-12,P05,Mechanical Keyboard,Accessories,Aegean,Online,Corporate,1,0.2,95.2,61,34.2,111.86
ORD-02121,2026-05-12,P08,Noise-Cancel Headphones,Audio,Marmara,Online,Consumer,1,0,249,133,116,234.06
ORD-02122,2026-05-12,P10,Ergonomic Chair,Office,Aegean,Online,Small Business,2,0,998,630,368,938.12
ORD-02123,2026-05-12,P09,Portable Speaker,Audio,Marmara,Marketplace,Corporate,1,0.05,113.05,63,50.05,111.86
ORD-02124,2026-05-12,P05,Mechanical Keyboard,Accessories,Marmara,Marketplace,Consumer,2,0.15,202.3,122,80.3,223.72
ORD-02125,2026-05-13,P11,Standing Desk,Office,Marmara,Online,Small Business,1,0,699,440,259,657.06
ORD-02126,2026-05-13,P09,Portable Speaker,Audio,Marmara,Retail,Consumer,1,0.15,101.15,63,38.15,111.86
ORD-02127,2026-05-13,P12,Portable SSD 1TB,Storage,Mediterranean,Online,Small Business,3,0.15,379.95,252,127.95,420.18
ORD-02128,2026-05-13,P10,Ergonomic Chair,Office,Marmara,Retail,Corporate,1,0,499,315,184,469.06
ORD-02129,2026-05-13,P10,Ergonomic Chair,Office,Aegean,Online,Small Business,1,0.05,474.05,315,159.05,469.06
ORD-02130,2026-05-13,P11,Standing Desk,Office,Mediterranean,Retail,Corporate,2,0,1398,880,518,1314.12
ORD-02131,2026-05-14,P12,Portable SSD 1TB,Storage,Marmara,Retail,Corporate,2,0.1,268.2,168,100.2,280.12
ORD-02132,2026-05-14,P04,27-inch Monitor,Displays,Marmara,Online,Small Business,2,0.1,520.2,370,150.2,543.32
ORD-02133,2026-05-14,P07,USB-C Dock,Accessories,Mediterranean,Marketplace,Small Business,1,0.1,152.1,92,60.1,158.86
ORD-02134,2026-05-14,P07,USB-C Dock,Accessories,Mediterranean,Online,Consumer,1,0,169,92,77,158.86
ORD-02135,2026-05-14,P09,Portable Speaker,Audio,Aegean,Retail,Consumer,3,0.1,321.3,189,132.3,335.58
ORD-02136,2026-05-14,P02,Office Laptop 15,Computing,Marmara,Online,Corporate,1,0,899,590,309,845.06
ORD-02137,2026-05-14,P11,Standing Desk,Office,Mediterranean,Marketplace,Consumer,2,0.05,1328.1,880,448.1,1314.12
ORD-02138,2026-05-14,P08,Noise-Cancel Headphones,Audio,Aegean,Retail,Corporate,1,0,249,133,116,234.06
ORD-02139,2026-05-14,P07,USB-C Dock,Accessories,Mediterranean,Online,Corporate,3,0,507,276,231,476.58
ORD-02140,2026-05-14,P07,USB-C Dock,Accessories,Aegean,Marketplace,Consumer,1,0.1,152.1,92,60.1,158.86
ORD-02141,2026-05-15,P10,Ergonomic Chair,Office,Central Anatolia,Retail,Corporate,2,0,998,630,368,938.12
ORD-02142,2026-05-15,P07,USB-C Dock,Accessories,Marmara,Online,Consumer,2,0.05,321.1,184,137.1,317.72
ORD-02143,2026-05-15,P03,4K Monitor,Displays,Mediterranean,Retail,Consumer,2,0.05,815.1,540,275.1,806.52
ORD-02144,2026-05-15,P01,Laptop Pro 14,Computing,Aegean,Online,Consumer,4,0,5196,3280,1916,4884.24
ORD-02145,2026-05-15,P11,Standing Desk,Office,Mediterranean,Retail,Corporate,1,0.1,629.1,440,189.1,657.06
ORD-02146,2026-05-15,P09,Portable Speaker,Audio,Mediterranean,Marketplace,Consumer,1,0,119,63,56,111.86
ORD-02147,2026-05-15,P10,Ergonomic Chair,Office,Central Anatolia,Marketplace,Small Business,2,0.15,848.3,630,218.3,938.12
ORD-02148,2026-05-15,P10,Ergonomic Chair,Office,Mediterranean,Online,Small Business,1,0.05,474.05,315,159.05,469.06
ORD-02149,2026-05-16,P08,Noise-Cancel Headphones,Audio,Central Anatolia,Retail,Consumer,1,0,249,133,116,234.06
ORD-02150,2026-05-16,P12,Portable SSD 1TB,Storage,Aegean,Online,Corporate,2,0,298,168,130,280.12
ORD-02151,2026-05-16,P01,Laptop Pro 14,Computing,Marmara,Marketplace,Consumer,3,0.15,3312.45,2460,852.45,3663.18
ORD-02152,2026-05-16,P04,27-inch Monitor,Displays,Central Anatolia,Online,Corporate,3,0,867,555,312,814.98
ORD-02153,2026-05-16,P10,Ergonomic Chair,Office,Central Anatolia,Marketplace,Consumer,1,0.1,449.1,315,134.1,469.06
ORD-02154,2026-05-17,P03,4K Monitor,Displays,Central Anatolia,Online,Small Business,1,0,429,270,159,403.26
ORD-02155,2026-05-17,P03,4K Monitor,Displays,Central Anatolia,Marketplace,Small Business,1,0.15,364.65,270,94.65,403.26
ORD-02156,2026-05-17,P02,Office Laptop 15,Computing,Central Anatolia,Online,Small Business,2,0,1798,1180,618,1690.12
ORD-02157,2026-05-17,P07,USB-C Dock,Accessories,Central Anatolia,Retail,Small Business,1,0.1,152.1,92,60.1,158.86
ORD-02158,2026-05-17,P07,USB-C Dock,Accessories,Aegean,Online,Corporate,2,0,338,184,154,317.72
ORD-02159,2026-05-17,P07,USB-C Dock,Accessories,Mediterranean,Marketplace,Corporate,1,0.15,143.65,92,51.65,158.86
ORD-02160,2026-05-17,P08,Noise-Cancel Headphones,Audio,Central Anatolia,Retail,Corporate,2,0,498,266,232,468.12
ORD-02161,2026-05-17,P11,Standing Desk,Office,Marmara,Online,Small Business,1,0.1,629.1,440,189.1,657.06
ORD-02162,2026-05-18,P03,4K Monitor,Displays,Marmara,Marketplace,Small Business,1,0.05,407.55,270,137.55,403.26
ORD-02163,2026-05-18,P11,Standing Desk,Office,Mediterranean,Retail,Consumer,1,0.15,594.15,440,154.15,657.06
ORD-02164,2026-05-18,P08,Noise-Cancel Headphones,Audio,Aegean,Retail,Consumer,2,0.05,473.1,266,207.1,468.12
ORD-02165,2026-05-18,P09,Portable Speaker,Audio,Marmara,Retail,Small Business,2,0,238,126,112,223.72
ORD-02166,2026-05-18,P11,Standing Desk,Office,Aegean,Marketplace,Corporate,2,0,1398,880,518,1314.12
ORD-02167,2026-05-18,P06,Wireless Mouse,Accessories,Marmara,Retail,Small Business,1,0.05,56.05,25,31.05,55.46
ORD-02168,2026-05-18,P04,27-inch Monitor,Displays,Marmara,Marketplace,Small Business,1,0.15,245.65,185,60.65,271.66
ORD-02169,2026-05-19,P06,Wireless Mouse,Accessories,Mediterranean,Online,Consumer,2,0,118,50,68,110.92
ORD-02170,2026-05-19,P12,Portable SSD 1TB,Storage,Mediterranean,Online,Small Business,4,0.15,506.6,336,170.6,560.24
ORD-02171,2026-05-19,P08,Noise-Cancel Headphones,Audio,Marmara,Online,Consumer,2,0.1,448.2,266,182.2,468.12
ORD-02172,2026-05-19,P10,Ergonomic Chair,Office,Mediterranean,Retail,Corporate,1,0.1,449.1,315,134.1,469.06
ORD-02173,2026-05-19,P10,Ergonomic Chair,Office,Central Anatolia,Online,Corporate,1,0.1,449.1,315,134.1,469.06
ORD-02174,2026-05-19,P11,Standing Desk,Office,Central Anatolia,Marketplace,Consumer,2,0,1398,880,518,1314.12
ORD-02175,2026-05-19,P12,Portable SSD 1TB,Storage,Aegean,Online,Consumer,1,0.05,141.55,84,57.55,140.06
ORD-02176,2026-05-20,P03,4K Monitor,Displays,Marmara,Retail,Small Business,1,0.2,343.2,270,73.2,403.26
ORD-02177,2026-05-20,P11,Standing Desk,Office,Marmara,Online,Consumer,1,0.1,629.1,440,189.1,657.06
ORD-02178,2026-05-20,P08,Noise-Cancel Headphones,Audio,Marmara,Marketplace,Small Business,2,0,498,266,232,468.12
ORD-02179,2026-05-20,P02,Office Laptop 15,Computing,Aegean,Retail,Consumer,2,0.05,1708.1,1180,528.1,1690.12
ORD-02180,2026-05-20,P05,Mechanical Keyboard,Accessories,Aegean,Online,Small Business,2,0.05,226.1,122,104.1,223.72
ORD-02181,2026-05-20,P02,Office Laptop 15,Computing,Aegean,Marketplace,Corporate,1,0.05,854.05,590,264.05,845.06
ORD-02182,2026-05-21,P07,USB-C Dock,Accessories,Mediterranean,Retail,Corporate,1,0.15,143.65,92,51.65,158.86
ORD-02183,2026-05-21,P07,USB-C Dock,Accessories,Aegean,Retail,Small Business,2,0.1,304.2,184,120.2,317.72
ORD-02184,2026-05-21,P07,USB-C Dock,Accessories,Central Anatolia,Retail,Consumer,1,0,169,92,77,158.86
ORD-02185,2026-05-21,P08,Noise-Cancel Headphones,Audio,Mediterranean,Retail,Consumer,2,0,498,266,232,468.12
ORD-02186,2026-05-21,P04,27-inch Monitor,Displays,Central Anatolia,Marketplace,Small Business,1,0,289,185,104,271.66
ORD-02187,2026-05-21,P09,Portable Speaker,Audio,Central Anatolia,Retail,Small Business,2,0.05,226.1,126,100.1,223.72
ORD-02188,2026-05-21,P09,Portable Speaker,Audio,Central Anatolia,Online,Consumer,1,0.1,107.1,63,44.1,111.86
ORD-02189,2026-05-21,P04,27-inch Monitor,Displays,Marmara,Online,Consumer,1,0.1,260.1,185,75.1,271.66
ORD-02190,2026-05-22,P07,USB-C Dock,Accessories,Mediterranean,Marketplace,Small Business,2,0,338,184,154,317.72
ORD-02191,2026-05-22,P02,Office Laptop 15,Computing,Central Anatolia,Retail,Corporate,1,0,899,590,309,845.06
ORD-02192,2026-05-22,P01,Laptop Pro 14,Computing,Mediterranean,Retail,Corporate,1,0.1,1169.1,820,349.1,1221.06
ORD-02193,2026-05-22,P04,27-inch Monitor,Displays,Aegean,Retail,Consumer,2,0.2,462.4,370,92.4,543.32
ORD-02194,2026-05-22,P12,Portable SSD 1TB,Storage,Mediterranean,Retail,Corporate,1,0.05,141.55,84,57.55,140.06
ORD-02195,2026-05-22,P12,Portable SSD 1TB,Storage,Central Anatolia,Online,Corporate,1,0.05,141.55,84,57.55,140.06
ORD-02196,2026-05-22,P02,Office Laptop 15,Computing,Marmara,Retail,Small Business,1,0,899,590,309,845.06
ORD-02197,2026-05-23,P06,Wireless Mouse,Accessories,Marmara,Marketplace,Corporate,1,0.1,53.1,25,28.1,55.46
ORD-02198,2026-05-23,P08,Noise-Cancel Headphones,Audio,Mediterranean,Retail,Small Business,1,0.1,224.1,133,91.1,234.06
ORD-02199,2026-05-23,P03,4K Monitor,Displays,Mediterranean,Marketplace,Corporate,1,0,429,270,159,403.26
ORD-02200,2026-05-23,P12,Portable SSD 1TB,Storage,Marmara,Marketplace,Consumer,1,0,149,84,65,140.06
ORD-02201,2026-05-23,P01,Laptop Pro 14,Computing,Central Anatolia,Marketplace,Small Business,1,0.1,1169.1,820,349.1,1221.06
ORD-02202,2026-05-23,P07,USB-C Dock,Accessories,Mediterranean,Marketplace,Small Business,2,0.15,287.3,184,103.3,317.72
ORD-02203,2026-05-23,P05,Mechanical Keyboard,Accessories,Mediterranean,Online,Small Business,1,0,119,61,58,111.86
ORD-02204,2026-05-24,P08,Noise-Cancel Headphones,Audio,Central Anatolia,Retail,Small Business,1,0.15,211.65,133,78.65,234.06
ORD-02205,2026-05-24,P11,Standing Desk,Office,Central Anatolia,Marketplace,Consumer,2,0.05,1328.1,880,448.1,1314.12
ORD-02206,2026-05-24,P05,Mechanical Keyboard,Accessories,Aegean,Online,Corporate,2,0,238,122,116,223.72
ORD-02207,2026-05-24,P11,Standing Desk,Office,Central Anatolia,Retail,Small Business,1,0,699,440,259,657.06
ORD-02208,2026-05-24,P03,4K Monitor,Displays,Marmara,Online,Consumer,1,0.1,386.1,270,116.1,403.26
ORD-02209,2026-05-24,P09,Portable Speaker,Audio,Marmara,Retail,Corporate,2,0,238,126,112,223.72
ORD-02210,2026-05-24,P01,Laptop Pro 14,Computing,Central Anatolia,Online,Small Business,1,0.2,1039.2,820,219.2,1221.06
ORD-02211,2026-05-24,P02,Office Laptop 15,Computing,Marmara,Online,Corporate,1,0.1,809.1,590,219.1,845.06
ORD-02212,2026-05-24,P10,Ergonomic Chair,Office,Marmara,Marketplace,Small Business,1,0,499,315,184,469.06
ORD-02213,2026-05-24,P07,USB-C Dock,Accessories,Central Anatolia,Marketplace,Consumer,2,0,338,184,154,317.72
ORD-02214,2026-05-25,P08,Noise-Cancel Headphones,Audio,Aegean,Retail,Small Business,1,0,249,133,116,234.06
ORD-02215,2026-05-25,P05,Mechanical Keyboard,Accessories,Central Anatolia,Retail,Corporate,2,0.05,226.1,122,104.1,223.72
ORD-02216,2026-05-25,P01,Laptop Pro 14,Computing,Marmara,Online,Corporate,1,0.05,1234.05,820,414.05,1221.06
ORD-02217,2026-05-25,P06,Wireless Mouse,Accessories,Aegean,Online,Consumer,3,0,177,75,102,166.38
ORD-02218,2026-05-25,P11,Standing Desk,Office,Aegean,Online,Small Business,1,0,699,440,259,657.06
ORD-02219,2026-05-26,P05,Mechanical Keyboard,Accessories,Aegean,Retail,Consumer,1,0,119,61,58,111.86
ORD-02220,2026-05-26,P05,Mechanical Keyboard,Accessories,Marmara,Retail,Corporate,1,0.15,101.15,61,40.15,111.86
ORD-02221,2026-05-26,P03,4K Monitor,Displays,Marmara,Retail,Corporate,1,0,429,270,159,403.26
ORD-02222,2026-05-26,P11,Standing Desk,Office,Marmara,Retail,Small Business,3,0,2097,1320,777,1971.18
ORD-02223,2026-05-26,P05,Mechanical Keyboard,Accessories,Central Anatolia,Marketplace,Small Business,2,0.15,202.3,122,80.3,223.72
ORD-02224,2026-05-27,P01,Laptop Pro 14,Computing,Aegean,Marketplace,Small Business,1,0.05,1234.05,820,414.05,1221.06
ORD-02225,2026-05-27,P03,4K Monitor,Displays,Mediterranean,Retail,Corporate,1,0.15,364.65,270,94.65,403.26
ORD-02226,2026-05-27,P10,Ergonomic Chair,Office,Marmara,Online,Small Business,1,0.1,449.1,315,134.1,469.06
ORD-02227,2026-05-27,P02,Office Laptop 15,Computing,Aegean,Marketplace,Consumer,3,0,2697,1770,927,2535.18
ORD-02228,2026-05-27,P02,Office Laptop 15,Computing,Central Anatolia,Online,Consumer,1,0.2,719.2,590,129.2,845.06
ORD-02229,2026-05-27,P01,Laptop Pro 14,Computing,Aegean,Retail,Corporate,2,0.1,2338.2,1640,698.2,2442.12
ORD-02230,2026-05-27,P04,27-inch Monitor,Displays,Marmara,Marketplace,Consumer,2,0.15,491.3,370,121.3,543.32
ORD-02231,2026-05-27,P02,Office Laptop 15,Computing,Central Anatolia,Retail,Corporate,1,0.05,854.05,590,264.05,845.06
ORD-02232,2026-05-28,P09,Portable Speaker,Audio,Central Anatolia,Retail,Small Business,1,0.1,107.1,63,44.1,111.86
ORD-02233,2026-05-28,P07,USB-C Dock,Accessories,Marmara,Online,Corporate,3,0.05,481.65,276,205.65,476.58
ORD-02234,2026-05-28,P04,27-inch Monitor,Displays,Marmara,Retail,Small Business,3,0.1,780.3,555,225.3,814.98
ORD-02235,2026-05-28,P08,Noise-Cancel Headphones,Audio,Marmara,Online,Corporate,1,0,249,133,116,234.06
ORD-02236,2026-05-28,P01,Laptop Pro 14,Computing,Marmara,Retail,Consumer,1,0.1,1169.1,820,349.1,1221.06
ORD-02237,2026-05-29,P02,Office Laptop 15,Computing,Mediterranean,Online,Consumer,1,0,899,590,309,845.06
ORD-02238,2026-05-29,P03,4K Monitor,Displays,Mediterranean,Online,Consumer,2,0,858,540,318,806.52
ORD-02239,2026-05-29,P05,Mechanical Keyboard,Accessories,Mediterranean,Marketplace,Consumer,2,0.15,202.3,122,80.3,223.72
ORD-02240,2026-05-29,P05,Mechanical Keyboard,Accessories,Central Anatolia,Online,Consumer,1,0,119,61,58,111.86
ORD-02241,2026-05-29,P06,Wireless Mouse,Accessories,Aegean,Retail,Small Business,2,0.15,100.3,50,50.3,110.92
ORD-02242,2026-05-29,P07,USB-C Dock,Accessories,Mediterranean,Retail,Small Business,1,0,169,92,77,158.86
ORD-02243,2026-05-29,P02,Office Laptop 15,Computing,Marmara,Marketplace,Small Business,3,0.1,2427.3,1770,657.3,2535.18
ORD-02244,2026-05-29,P05,Mechanical Keyboard,Accessories,Marmara,Marketplace,Corporate,2,0,238,122,116,223.72
ORD-02245,2026-05-30,P06,Wireless Mouse,Accessories,Marmara,Retail,Small Business,3,0.05,168.15,75,93.15,166.38
ORD-02246,2026-05-30,P10,Ergonomic Chair,Office,Aegean,Retail,Small Business,4,0.05,1896.2,1260,636.2,1876.24
ORD-02247,2026-05-30,P03,4K Monitor,Displays,Mediterranean,Online,Small Business,1,0,429,270,159,403.26
ORD-02248,2026-05-30,P08,Noise-Cancel Headphones,Audio,Marmara,Online,Consumer,2,0,498,266,232,468.12
ORD-02249,2026-05-30,P09,Portable Speaker,Audio,Marmara,Online,Consumer,1,0.15,101.15,63,38.15,111.86
ORD-02250,2026-05-30,P04,27-inch Monitor,Displays,Marmara,Marketplace,Consumer,2,0,578,370,208,543.32
ORD-02251,2026-05-30,P10,Ergonomic Chair,Office,Mediterranean,Retail,Consumer,2,0.05,948.1,630,318.1,938.12
ORD-02252,2026-05-31,P02,Office Laptop 15,Computing,Aegean,Retail,Corporate,1,0.05,854.05,590,264.05,845.06
ORD-02253,2026-05-31,P06,Wireless Mouse,Accessories,Central Anatolia,Retail,Small Business,2,0.05,112.1,50,62.1,110.92
ORD-02254,2026-05-31,P12,Portable SSD 1TB,Storage,Marmara,Online,Small Business,2,0.15,253.3,168,85.3,280.12
ORD-02255,2026-05-31,P12,Portable SSD 1TB,Storage,Central Anatolia,Marketplace,Small Business,2,0,298,168,130,280.12
ORD-02256,2026-05-31,P03,4K Monitor,Displays,Mediterranean,Online,Small Business,1,0,429,270,159,403.26
ORD-02257,2026-05-31,P03,4K Monitor,Displays,Central Anatolia,Marketplace,Small Business,1,0,429,270,159,403.26
ORD-02258,2026-05-31,P07,USB-C Dock,Accessories,Central Anatolia,Marketplace,Small Business,1,0.15,143.65,92,51.65,158.86
ORD-02259,2026-06-01,P09,Portable Speaker,Audio,Central Anatolia,Retail,Corporate,2,0,238,126,112,223.72
ORD-02260,2026-06-01,P10,Ergonomic Chair,Office,Aegean,Online,Small Business,2,0.1,898.2,630,268.2,938.12
ORD-02261,2026-06-01,P11,Standing Desk,Office,Central Anatolia,Marketplace,Corporate,2,0.1,1258.2,880,378.2,1314.12
ORD-02262,2026-06-01,P07,USB-C Dock,Accessories,Marmara,Marketplace,Consumer,3,0.15,430.95,276,154.95,476.58
ORD-02263,2026-06-01,P04,27-inch Monitor,Displays,Mediterranean,Marketplace,Small Business,1,0.2,231.2,185,46.2,271.66
ORD-02264,2026-06-01,P09,Portable Speaker,Audio,Central Anatolia,Marketplace,Small Business,1,0,119,63,56,111.86
ORD-02265,2026-06-01,P07,USB-C Dock,Accessories,Aegean,Online,Corporate,1,0.05,160.55,92,68.55,158.86
ORD-02266,2026-06-01,P10,Ergonomic Chair,Office,Aegean,Retail,Small Business,1,0.05,474.05,315,159.05,469.06
ORD-02267,2026-06-01,P01,Laptop Pro 14,Computing,Marmara,Retail,Small Business,4,0.05,4936.2,3280,1656.2,4884.24
ORD-02268,2026-06-01,P02,Office Laptop 15,Computing,Marmara,Retail,Small Business,1,0,899,590,309,845.06
ORD-02269,2026-06-02,P12,Portable SSD 1TB,Storage,Central Anatolia,Retail,Small Business,1,0,149,84,65,140.06
ORD-02270,2026-06-02,P12,Portable SSD 1TB,Storage,Aegean,Online,Small Business,4,0.05,566.2,336,230.2,560.24
ORD-02271,2026-06-02,P08,Noise-Cancel Headphones,Audio,Central Anatolia,Marketplace,Corporate,1,0.1,224.1,133,91.1,234.06
ORD-02272,2026-06-02,P03,4K Monitor,Displays,Aegean,Retail,Consumer,2,0.05,815.1,540,275.1,806.52
ORD-02273,2026-06-02,P05,Mechanical Keyboard,Accessories,Mediterranean,Online,Consumer,1,0.05,113.05,61,52.05,111.86
ORD-02274,2026-06-02,P05,Mechanical Keyboard,Accessories,Aegean,Retail,Small Business,3,0.1,321.3,183,138.3,335.58
ORD-02275,2026-06-02,P02,Office Laptop 15,Computing,Marmara,Marketplace,Small Business,2,0,1798,1180,618,1690.12
ORD-02276,2026-06-02,P12,Portable SSD 1TB,Storage,Aegean,Online,Small Business,1,0,149,84,65,140.06
ORD-02277,2026-06-02,P02,Office Laptop 15,Computing,Marmara,Retail,Consumer,1,0.15,764.15,590,174.15,845.06
ORD-02278,2026-06-02,P11,Standing Desk,Office,Mediterranean,Retail,Corporate,3,0.15,1782.45,1320,462.45,1971.18
ORD-02279,2026-06-03,P12,Portable SSD 1TB,Storage,Central Anatolia,Retail,Small Business,1,0.05,141.55,84,57.55,140.06
ORD-02280,2026-06-03,P09,Portable Speaker,Audio,Aegean,Retail,Corporate,2,0.1,214.2,126,88.2,223.72
ORD-02281,2026-06-03,P08,Noise-Cancel Headphones,Audio,Aegean,Online,Small Business,1,0,249,133,116,234.06
ORD-02282,2026-06-03,P01,Laptop Pro 14,Computing,Mediterranean,Marketplace,Corporate,3,0.2,3117.6,2460,657.6,3663.18
ORD-02283,2026-06-03,P03,4K Monitor,Displays,Mediterranean,Retail,Corporate,2,0.1,772.2,540,232.2,806.52
ORD-02284,2026-06-03,P04,27-inch Monitor,Displays,Mediterranean,Marketplace,Corporate,1,0,289,185,104,271.66
ORD-02285,2026-06-03,P04,27-inch Monitor,Displays,Aegean,Marketplace,Consumer,1,0.15,245.65,185,60.65,271.66
ORD-02286,2026-06-03,P04,27-inch Monitor,Displays,Mediterranean,Marketplace,Small Business,2,0.15,491.3,370,121.3,543.32
ORD-02287,2026-06-03,P05,Mechanical Keyboard,Accessories,Mediterranean,Retail,Consumer,2,0.2,190.4,122,68.4,223.72
ORD-02288,2026-06-04,P12,Portable SSD 1TB,Storage,Mediterranean,Retail,Small Business,1,0,149,84,65,140.06
ORD-02289,2026-06-04,P04,27-inch Monitor,Displays,Aegean,Retail,Corporate,2,0.05,549.1,370,179.1,543.32
ORD-02290,2026-06-04,P06,Wireless Mouse,Accessories,Central Anatolia,Retail,Small Business,3,0.1,159.3,75,84.3,166.38
ORD-02291,2026-06-04,P06,Wireless Mouse,Accessories,Aegean,Marketplace,Consumer,2,0.05,112.1,50,62.1,110.92
ORD-02292,2026-06-04,P01,Laptop Pro 14,Computing,Marmara,Retail,Corporate,3,0.05,3702.15,2460,1242.15,3663.18
ORD-02293,2026-06-04,P12,Portable SSD 1TB,Storage,Mediterranean,Retail,Small Business,2,0,298,168,130,280.12
ORD-02294,2026-06-04,P11,Standing Desk,Office,Aegean,Marketplace,Consumer,1,0.05,664.05,440,224.05,657.06
ORD-02295,2026-06-04,P01,Laptop Pro 14,Computing,Aegean,Marketplace,Corporate,1,0.05,1234.05,820,414.05,1221.06
ORD-02296,2026-06-04,P08,Noise-Cancel Headphones,Audio,Mediterranean,Marketplace,Consumer,1,0.1,224.1,133,91.1,234.06
ORD-02297,2026-06-04,P03,4K Monitor,Displays,Aegean,Retail,Corporate,3,0.15,1093.95,810,283.95,1209.78
ORD-02298,2026-06-05,P01,Laptop Pro 14,Computing,Central Anatolia,Online,Consumer,2,0.1,2338.2,1640,698.2,2442.12
ORD-02299,2026-06-05,P02,Office Laptop 15,Computing,Mediterranean,Online,Small Business,2,0,1798,1180,618,1690.12
ORD-02300,2026-06-05,P01,Laptop Pro 14,Computing,Mediterranean,Marketplace,Small Business,2,0,2598,1640,958,2442.12
ORD-02301,2026-06-05,P01,Laptop Pro 14,Computing,Mediterranean,Online,Small Business,2,0,2598,1640,958,2442.12
ORD-02302,2026-06-05,P04,27-inch Monitor,Displays,Aegean,Online,Consumer,2,0.15,491.3,370,121.3,543.32
ORD-02303,2026-06-06,P03,4K Monitor,Displays,Aegean,Retail,Consumer,1,0,429,270,159,403.26
ORD-02304,2026-06-06,P05,Mechanical Keyboard,Accessories,Mediterranean,Online,Corporate,1,0.15,101.15,61,40.15,111.86
ORD-02305,2026-06-06,P03,4K Monitor,Displays,Marmara,Retail,Consumer,2,0.1,772.2,540,232.2,806.52
ORD-02306,2026-06-06,P05,Mechanical Keyboard,Accessories,Marmara,Marketplace,Consumer,1,0,119,61,58,111.86
ORD-02307,2026-06-06,P06,Wireless Mouse,Accessories,Central Anatolia,Retail,Corporate,1,0.05,56.05,25,31.05,55.46
ORD-02308,2026-06-06,P01,Laptop Pro 14,Computing,Mediterranean,Marketplace,Small Business,1,0.05,1234.05,820,414.05,1221.06
ORD-02309,2026-06-06,P12,Portable SSD 1TB,Storage,Aegean,Retail,Corporate,3,0.1,402.3,252,150.3,420.18
ORD-02310,2026-06-06,P11,Standing Desk,Office,Mediterranean,Marketplace,Consumer,3,0.1,1887.3,1320,567.3,1971.18
ORD-02311,2026-06-06,P12,Portable SSD 1TB,Storage,Central Anatolia,Marketplace,Small Business,1,0.1,134.1,84,50.1,140.06
ORD-02312,2026-06-06,P03,4K Monitor,Displays,Marmara,Online,Small Business,2,0,858,540,318,806.52
ORD-02313,2026-06-07,P05,Mechanical Keyboard,Accessories,Aegean,Retail,Consumer,2,0.1,214.2,122,92.2,223.72
ORD-02314,2026-06-07,P10,Ergonomic Chair,Office,Aegean,Online,Small Business,1,0.15,424.15,315,109.15,469.06
ORD-02315,2026-06-07,P01,Laptop Pro 14,Computing,Aegean,Retail,Corporate,1,0,1299,820,479,1221.06
ORD-02316,2026-06-07,P11,Standing Desk,Office,Aegean,Retail,Consumer,3,0,2097,1320,777,1971.18
ORD-02317,2026-06-07,P04,27-inch Monitor,Displays,Aegean,Retail,Corporate,1,0,289,185,104,271.66
ORD-02318,2026-06-07,P02,Office Laptop 15,Computing,Mediterranean,Retail,Consumer,1,0,899,590,309,845.06
ORD-02319,2026-06-07,P06,Wireless Mouse,Accessories,Central Anatolia,Online,Small Business,3,0.15,150.45,75,75.45,166.38
ORD-02320,2026-06-07,P03,4K Monitor,Displays,Marmara,Retail,Corporate,1,0.15,364.65,270,94.65,403.26
ORD-02321,2026-06-08,P12,Portable SSD 1TB,Storage,Aegean,Marketplace,Consumer,1,0,149,84,65,140.06
ORD-02322,2026-06-08,P10,Ergonomic Chair,Office,Mediterranean,Retail,Consumer,1,0,499,315,184,469.06
ORD-02323,2026-06-08,P03,4K Monitor,Displays,Aegean,Marketplace,Small Business,1,0.05,407.55,270,137.55,403.26
ORD-02324,2026-06-08,P02,Office Laptop 15,Computing,Marmara,Retail,Small Business,1,0,899,590,309,845.06
ORD-02325,2026-06-08,P01,Laptop Pro 14,Computing,Central Anatolia,Marketplace,Consumer,1,0.1,1169.1,820,349.1,1221.06
ORD-02326,2026-06-08,P08,Noise-Cancel Headphones,Audio,Marmara,Marketplace,Corporate,3,0.1,672.3,399,273.3,702.18
ORD-02327,2026-06-09,P08,Noise-Cancel Headphones,Audio,Mediterranean,Marketplace,Small Business,2,0.05,473.1,266,207.1,468.12
ORD-02328,2026-06-09,P02,Office Laptop 15,Computing,Mediterranean,Retail,Small Business,1,0,899,590,309,845.06
ORD-02329,2026-06-09,P06,Wireless Mouse,Accessories,Central Anatolia,Online,Small Business,1,0.05,56.05,25,31.05,55.46
ORD-02330,2026-06-09,P05,Mechanical Keyboard,Accessories,Mediterranean,Retail,Consumer,1,0.15,101.15,61,40.15,111.86
ORD-02331,2026-06-09,P09,Portable Speaker,Audio,Aegean,Retail,Small Business,3,0.1,321.3,189,132.3,335.58
ORD-02332,2026-06-09,P12,Portable SSD 1TB,Storage,Aegean,Online,Consumer,2,0.05,283.1,168,115.1,280.12
ORD-02333,2026-06-10,P04,27-inch Monitor,Displays,Aegean,Marketplace,Consumer,1,0.05,274.55,185,89.55,271.66
ORD-02334,2026-06-10,P04,27-inch Monitor,Displays,Aegean,Retail,Consumer,1,0.15,245.65,185,60.65,271.66
ORD-02335,2026-06-10,P03,4K Monitor,Displays,Marmara,Online,Consumer,1,0,429,270,159,403.26
ORD-02336,2026-06-10,P10,Ergonomic Chair,Office,Central Anatolia,Marketplace,Corporate,1,0.05,474.05,315,159.05,469.06
ORD-02337,2026-06-10,P07,USB-C Dock,Accessories,Aegean,Retail,Consumer,2,0.1,304.2,184,120.2,317.72
ORD-02338,2026-06-10,P09,Portable Speaker,Audio,Mediterranean,Online,Small Business,1,0.05,113.05,63,50.05,111.86
ORD-02339,2026-06-10,P08,Noise-Cancel Headphones,Audio,Central Anatolia,Online,Small Business,1,0.05,236.55,133,103.55,234.06
ORD-02340,2026-06-11,P08,Noise-Cancel Headphones,Audio,Central Anatolia,Online,Corporate,1,0.1,224.1,133,91.1,234.06
ORD-02341,2026-06-11,P06,Wireless Mouse,Accessories,Aegean,Retail,Consumer,2,0.1,106.2,50,56.2,110.92
ORD-02342,2026-06-11,P06,Wireless Mouse,Accessories,Aegean,Retail,Corporate,1,0.1,53.1,25,28.1,55.46
ORD-02343,2026-06-11,P07,USB-C Dock,Accessories,Mediterranean,Retail,Consumer,3,0,507,276,231,476.58
ORD-02344,2026-06-11,P11,Standing Desk,Office,Aegean,Retail,Consumer,1,0.15,594.15,440,154.15,657.06
ORD-02345,2026-06-12,P01,Laptop Pro 14,Computing,Aegean,Online,Corporate,4,0,5196,3280,1916,4884.24
ORD-02346,2026-06-12,P03,4K Monitor,Displays,Aegean,Marketplace,Corporate,3,0.05,1222.65,810,412.65,1209.78
ORD-02347,2026-06-12,P05,Mechanical Keyboard,Accessories,Aegean,Online,Small Business,2,0.15,202.3,122,80.3,223.72
ORD-02348,2026-06-12,P05,Mechanical Keyboard,Accessories,Central Anatolia,Retail,Corporate,1,0.05,113.05,61,52.05,111.86
ORD-02349,2026-06-12,P10,Ergonomic Chair,Office,Aegean,Marketplace,Consumer,3,0,1497,945,552,1407.18
ORD-02350,2026-06-12,P08,Noise-Cancel Headphones,Audio,Mediterranean,Marketplace,Consumer,2,0.05,473.1,266,207.1,468.12
ORD-02351,2026-06-12,P09,Portable Speaker,Audio,Aegean,Online,Consumer,1,0.05,113.05,63,50.05,111.86
ORD-02352,2026-06-12,P03,4K Monitor,Displays,Aegean,Marketplace,Corporate,2,0.15,729.3,540,189.3,806.52
ORD-02353,2026-06-13,P04,27-inch Monitor,Displays,Mediterranean,Retail,Consumer,2,0.05,549.1,370,179.1,543.32
ORD-02354,2026-06-13,P03,4K Monitor,Displays,Mediterranean,Retail,Consumer,2,0,858,540,318,806.52
ORD-02355,2026-06-13,P11,Standing Desk,Office,Aegean,Online,Small Business,1,0.05,664.05,440,224.05,657.06
ORD-02356,2026-06-13,P06,Wireless Mouse,Accessories,Mediterranean,Marketplace,Small Business,1,0,59,25,34,55.46
ORD-02357,2026-06-13,P04,27-inch Monitor,Displays,Aegean,Online,Small Business,1,0,289,185,104,271.66
ORD-02358,2026-06-13,P06,Wireless Mouse,Accessories,Aegean,Marketplace,Consumer,3,0.1,159.3,75,84.3,166.38
ORD-02359,2026-06-13,P03,4K Monitor,Displays,Aegean,Retail,Corporate,1,0.05,407.55,270,137.55,403.26
ORD-02360,2026-06-13,P05,Mechanical Keyboard,Accessories,Marmara,Retail,Small Business,1,0.05,113.05,61,52.05,111.86
ORD-02361,2026-06-14,P05,Mechanical Keyboard,Accessories,Central Anatolia,Online,Small Business,2,0,238,122,116,223.72
ORD-02362,2026-06-14,P08,Noise-Cancel Headphones,Audio,Central Anatolia,Retail,Small Business,4,0,996,532,464,936.24
ORD-02363,2026-06-14,P06,Wireless Mouse,Accessories,Mediterranean,Online,Corporate,2,0,118,50,68,110.92
ORD-02364,2026-06-14,P06,Wireless Mouse,Accessories,Central Anatolia,Online,Consumer,1,0,59,25,34,55.46
ORD-02365,2026-06-14,P01,Laptop Pro 14,Computing,Marmara,Marketplace,Small Business,2,0,2598,1640,958,2442.12
ORD-02366,2026-06-14,P03,4K Monitor,Displays,Marmara,Online,Corporate,1,0.05,407.55,270,137.55,403.26
ORD-02367,2026-06-14,P04,27-inch Monitor,Displays,Mediterranean,Retail,Corporate,1,0.1,260.1,185,75.1,271.66
ORD-02368,2026-06-14,P09,Portable Speaker,Audio,Marmara,Online,Corporate,2,0.05,226.1,126,100.1,223.72
ORD-02369,2026-06-14,P07,USB-C Dock,Accessories,Marmara,Marketplace,Corporate,2,0.15,287.3,184,103.3,317.72
ORD-02370,2026-06-14,P11,Standing Desk,Office,Mediterranean,Retail,Small Business,2,0,1398,880,518,1314.12
ORD-02371,2026-06-15,P11,Standing Desk,Office,Aegean,Marketplace,Small Business,1,0.05,664.05,440,224.05,657.06
ORD-02372,2026-06-15,P06,Wireless Mouse,Accessories,Central Anatolia,Retail,Consumer,1,0,59,25,34,55.46
ORD-02373,2026-06-15,P08,Noise-Cancel Headphones,Audio,Central Anatolia,Online,Small Business,3,0,747,399,348,702.18
ORD-02374,2026-06-15,P04,27-inch Monitor,Displays,Marmara,Marketplace,Consumer,1,0.05,274.55,185,89.55,271.66
ORD-02375,2026-06-15,P05,Mechanical Keyboard,Accessories,Mediterranean,Online,Small Business,2,0,238,122,116,223.72
ORD-02376,2026-06-15,P11,Standing Desk,Office,Aegean,Marketplace,Consumer,1,0,699,440,259,657.06
ORD-02377,2026-06-15,P06,Wireless Mouse,Accessories,Mediterranean,Marketplace,Corporate,2,0.1,106.2,50,56.2,110.92
ORD-02378,2026-06-15,P02,Office Laptop 15,Computing,Mediterranean,Marketplace,Consumer,1,0,899,590,309,845.06
ORD-02379,2026-06-16,P09,Portable Speaker,Audio,Mediterranean,Online,Small Business,2,0,238,126,112,223.72
ORD-02380,2026-06-16,P07,USB-C Dock,Accessories,Mediterranean,Retail,Corporate,2,0,338,184,154,317.72
ORD-02381,2026-06-16,P04,27-inch Monitor,Displays,Mediterranean,Online,Small Business,1,0.1,260.1,185,75.1,271.66
ORD-02382,2026-06-16,P06,Wireless Mouse,Accessories,Mediterranean,Marketplace,Consumer,2,0,118,50,68,110.92
ORD-02383,2026-06-16,P03,4K Monitor,Displays,Central Anatolia,Online,Small Business,1,0,429,270,159,403.26
ORD-02384,2026-06-16,P05,Mechanical Keyboard,Accessories,Aegean,Marketplace,Corporate,1,0.05,113.05,61,52.05,111.86
ORD-02385,2026-06-16,P09,Portable Speaker,Audio,Marmara,Retail,Consumer,1,0,119,63,56,111.86
ORD-02386,2026-06-16,P06,Wireless Mouse,Accessories,Marmara,Online,Small Business,1,0,59,25,34,55.46
ORD-02387,2026-06-17,P10,Ergonomic Chair,Office,Central Anatolia,Retail,Small Business,1,0.05,474.05,315,159.05,469.06
ORD-02388,2026-06-17,P11,Standing Desk,Office,Central Anatolia,Online,Consumer,2,0.1,1258.2,880,378.2,1314.12
ORD-02389,2026-06-17,P12,Portable SSD 1TB,Storage,Aegean,Retail,Small Business,1,0.2,119.2,84,35.2,140.06
ORD-02390,2026-06-17,P10,Ergonomic Chair,Office,Marmara,Marketplace,Consumer,4,0.15,1696.6,1260,436.6,1876.24
ORD-02391,2026-06-17,P07,USB-C Dock,Accessories,Aegean,Retail,Corporate,1,0,169,92,77,158.86
ORD-02392,2026-06-18,P12,Portable SSD 1TB,Storage,Mediterranean,Online,Small Business,2,0,298,168,130,280.12
ORD-02393,2026-06-18,P02,Office Laptop 15,Computing,Aegean,Retail,Corporate,1,0.05,854.05,590,264.05,845.06
ORD-02394,2026-06-18,P09,Portable Speaker,Audio,Central Anatolia,Online,Small Business,3,0,357,189,168,335.58
ORD-02395,2026-06-18,P02,Office Laptop 15,Computing,Marmara,Retail,Corporate,2,0.2,1438.4,1180,258.4,1690.12
ORD-02396,2026-06-18,P04,27-inch Monitor,Displays,Marmara,Marketplace,Corporate,3,0,867,555,312,814.98
ORD-02397,2026-06-18,P11,Standing Desk,Office,Aegean,Online,Small Business,1,0.1,629.1,440,189.1,657.06
ORD-02398,2026-06-18,P10,Ergonomic Chair,Office,Marmara,Online,Corporate,2,0,998,630,368,938.12
ORD-02399,2026-06-18,P09,Portable Speaker,Audio,Central Anatolia,Marketplace,Small Business,3,0,357,189,168,335.58
ORD-02400,2026-06-18,P08,Noise-Cancel Headphones,Audio,Mediterranean,Retail,Corporate,1,0,249,133,116,234.06
ORD-02401,2026-06-18,P09,Portable Speaker,Audio,Aegean,Retail,Consumer,4,0.1,428.4,252,176.4,447.44
ORD-02402,2026-06-19,P07,USB-C Dock,Accessories,Mediterranean,Retail,Corporate,1,0,169,92,77,158.86
ORD-02403,2026-06-19,P11,Standing Desk,Office,Mediterranean,Online,Small Business,1,0.1,629.1,440,189.1,657.06
ORD-02404,2026-06-19,P04,27-inch Monitor,Displays,Mediterranean,Marketplace,Small Business,1,0.1,260.1,185,75.1,271.66
ORD-02405,2026-06-19,P03,4K Monitor,Displays,Central Anatolia,Online,Consumer,1,0,429,270,159,403.26
ORD-02406,2026-06-19,P07,USB-C Dock,Accessories,Marmara,Online,Consumer,2,0,338,184,154,317.72
ORD-02407,2026-06-20,P05,Mechanical Keyboard,Accessories,Central Anatolia,Online,Consumer,1,0,119,61,58,111.86
ORD-02408,2026-06-20,P08,Noise-Cancel Headphones,Audio,Marmara,Online,Corporate,4,0.1,896.4,532,364.4,936.24
ORD-02409,2026-06-20,P02,Office Laptop 15,Computing,Mediterranean,Retail,Consumer,3,0,2697,1770,927,2535.18
ORD-02410,2026-06-20,P09,Portable Speaker,Audio,Marmara,Marketplace,Corporate,1,0.1,107.1,63,44.1,111.86
ORD-02411,2026-06-20,P10,Ergonomic Chair,Office,Mediterranean,Retail,Small Business,1,0,499,315,184,469.06
ORD-02412,2026-06-20,P12,Portable SSD 1TB,Storage,Marmara,Retail,Small Business,1,0.05,141.55,84,57.55,140.06
ORD-02413,2026-06-20,P08,Noise-Cancel Headphones,Audio,Marmara,Marketplace,Corporate,1,0.1,224.1,133,91.1,234.06
ORD-02414,2026-06-21,P11,Standing Desk,Office,Central Anatolia,Online,Small Business,2,0.1,1258.2,880,378.2,1314.12
ORD-02415,2026-06-21,P06,Wireless Mouse,Accessories,Marmara,Online,Small Business,1,0.05,56.05,25,31.05,55.46
ORD-02416,2026-06-21,P10,Ergonomic Chair,Office,Central Anatolia,Online,Small Business,3,0,1497,945,552,1407.18
ORD-02417,2026-06-21,P10,Ergonomic Chair,Office,Central Anatolia,Marketplace,Corporate,1,0,499,315,184,469.06
ORD-02418,2026-06-21,P05,Mechanical Keyboard,Accessories,Mediterranean,Retail,Consumer,2,0,238,122,116,223.72
ORD-02419,2026-06-21,P04,27-inch Monitor,Displays,Mediterranean,Marketplace,Corporate,1,0.05,274.55,185,89.55,271.66
ORD-02420,2026-06-21,P10,Ergonomic Chair,Office,Marmara,Marketplace,Consumer,1,0,499,315,184,469.06
ORD-02421,2026-06-21,P06,Wireless Mouse,Accessories,Central Anatolia,Retail,Small Business,1,0.15,50.15,25,25.15,55.46
ORD-02422,2026-06-21,P08,Noise-Cancel Headphones,Audio,Aegean,Retail,Consumer,2,0.1,448.2,266,182.2,468.12
ORD-02423,2026-06-21,P07,USB-C Dock,Accessories,Marmara,Retail,Corporate,2,0,338,184,154,317.72
ORD-02424,2026-06-22,P11,Standing Desk,Office,Mediterranean,Marketplace,Corporate,1,0.05,664.05,440,224.05,657.06
ORD-02425,2026-06-22,P10,Ergonomic Chair,Office,Central Anatolia,Retail,Consumer,1,0,499,315,184,469.06
ORD-02426,2026-06-22,P08,Noise-Cancel Headphones,Audio,Mediterranean,Online,Consumer,1,0,249,133,116,234.06
ORD-02427,2026-06-22,P05,Mechanical Keyboard,Accessories,Central Anatolia,Retail,Corporate,1,0,119,61,58,111.86
ORD-02428,2026-06-22,P06,Wireless Mouse,Accessories,Aegean,Online,Corporate,1,0.05,56.05,25,31.05,55.46
ORD-02429,2026-06-22,P06,Wireless Mouse,Accessories,Mediterranean,Marketplace,Corporate,4,0,236,100,136,221.84
ORD-02430,2026-06-22,P09,Portable Speaker,Audio,Central Anatolia,Online,Corporate,1,0.05,113.05,63,50.05,111.86
ORD-02431,2026-06-23,P06,Wireless Mouse,Accessories,Marmara,Marketplace,Small Business,1,0.05,56.05,25,31.05,55.46
ORD-02432,2026-06-23,P10,Ergonomic Chair,Office,Aegean,Retail,Consumer,2,0.05,948.1,630,318.1,938.12
ORD-02433,2026-06-23,P01,Laptop Pro 14,Computing,Aegean,Marketplace,Small Business,1,0,1299,820,479,1221.06
ORD-02434,2026-06-23,P07,USB-C Dock,Accessories,Marmara,Online,Small Business,1,0,169,92,77,158.86
ORD-02435,2026-06-23,P12,Portable SSD 1TB,Storage,Aegean,Marketplace,Small Business,1,0,149,84,65,140.06
ORD-02436,2026-06-23,P03,4K Monitor,Displays,Marmara,Retail,Consumer,1,0,429,270,159,403.26
ORD-02437,2026-06-23,P02,Office Laptop 15,Computing,Central Anatolia,Online,Corporate,4,0.05,3416.2,2360,1056.2,3380.24
ORD-02438,2026-06-24,P12,Portable SSD 1TB,Storage,Mediterranean,Marketplace,Small Business,3,0.2,357.6,252,105.6,420.18
ORD-02439,2026-06-24,P02,Office Laptop 15,Computing,Aegean,Retail,Corporate,2,0.05,1708.1,1180,528.1,1690.12
ORD-02440,2026-06-24,P01,Laptop Pro 14,Computing,Central Anatolia,Marketplace,Small Business,1,0,1299,820,479,1221.06
ORD-02441,2026-06-24,P12,Portable SSD 1TB,Storage,Aegean,Online,Consumer,1,0.1,134.1,84,50.1,140.06
ORD-02442,2026-06-24,P04,27-inch Monitor,Displays,Mediterranean,Marketplace,Consumer,2,0.05,549.1,370,179.1,543.32
ORD-02443,2026-06-24,P11,Standing Desk,Office,Mediterranean,Marketplace,Small Business,2,0,1398,880,518,1314.12
ORD-02444,2026-06-25,P04,27-inch Monitor,Displays,Aegean,Retail,Consumer,2,0.15,491.3,370,121.3,543.32
ORD-02445,2026-06-25,P05,Mechanical Keyboard,Accessories,Mediterranean,Retail,Consumer,1,0,119,61,58,111.86
ORD-02446,2026-06-25,P02,Office Laptop 15,Computing,Aegean,Online,Consumer,1,0.05,854.05,590,264.05,845.06
ORD-02447,2026-06-25,P09,Portable Speaker,Audio,Central Anatolia,Marketplace,Consumer,2,0.1,214.2,126,88.2,223.72
ORD-02448,2026-06-25,P01,Laptop Pro 14,Computing,Central Anatolia,Marketplace,Small Business,1,0.05,1234.05,820,414.05,1221.06
ORD-02449,2026-06-25,P11,Standing Desk,Office,Aegean,Retail,Consumer,2,0,1398,880,518,1314.12
ORD-02450,2026-06-26,P04,27-inch Monitor,Displays,Mediterranean,Retail,Corporate,2,0,578,370,208,543.32
ORD-02451,2026-06-26,P08,Noise-Cancel Headphones,Audio,Aegean,Retail,Small Business,1,0,249,133,116,234.06
ORD-02452,2026-06-26,P11,Standing Desk,Office,Aegean,Retail,Small Business,1,0.05,664.05,440,224.05,657.06
ORD-02453,2026-06-26,P01,Laptop Pro 14,Computing,Central Anatolia,Retail,Corporate,1,0,1299,820,479,1221.06
ORD-02454,2026-06-26,P07,USB-C Dock,Accessories,Marmara,Online,Corporate,3,0,507,276,231,476.58
ORD-02455,2026-06-27,P05,Mechanical Keyboard,Accessories,Mediterranean,Online,Consumer,3,0.05,339.15,183,156.15,335.58
ORD-02456,2026-06-27,P12,Portable SSD 1TB,Storage,Central Anatolia,Retail,Small Business,3,0.2,357.6,252,105.6,420.18
ORD-02457,2026-06-27,P07,USB-C Dock,Accessories,Aegean,Online,Consumer,1,0.2,135.2,92,43.2,158.86
ORD-02458,2026-06-27,P09,Portable Speaker,Audio,Central Anatolia,Marketplace,Consumer,3,0.05,339.15,189,150.15,335.58
ORD-02459,2026-06-27,P12,Portable SSD 1TB,Storage,Mediterranean,Marketplace,Small Business,1,0,149,84,65,140.06
ORD-02460,2026-06-27,P03,4K Monitor,Displays,Marmara,Marketplace,Small Business,3,0.1,1158.3,810,348.3,1209.78
ORD-02461,2026-06-27,P06,Wireless Mouse,Accessories,Mediterranean,Retail,Consumer,1,0.1,53.1,25,28.1,55.46
ORD-02462,2026-06-27,P10,Ergonomic Chair,Office,Mediterranean,Marketplace,Corporate,2,0.1,898.2,630,268.2,938.12
ORD-02463,2026-06-28,P04,27-inch Monitor,Displays,Mediterranean,Marketplace,Consumer,1,0,289,185,104,271.66
ORD-02464,2026-06-28,P03,4K Monitor,Displays,Mediterranean,Retail,Small Business,3,0.1,1158.3,810,348.3,1209.78
ORD-02465,2026-06-28,P06,Wireless Mouse,Accessories,Central Anatolia,Retail,Corporate,1,0.1,53.1,25,28.1,55.46
ORD-02466,2026-06-28,P10,Ergonomic Chair,Office,Mediterranean,Online,Corporate,1,0.2,399.2,315,84.2,469.06
ORD-02467,2026-06-28,P08,Noise-Cancel Headphones,Audio,Aegean,Online,Consumer,2,0.1,448.2,266,182.2,468.12
ORD-02468,2026-06-28,P01,Laptop Pro 14,Computing,Marmara,Retail,Small Business,2,0.05,2468.1,1640,828.1,2442.12
ORD-02469,2026-06-28,P08,Noise-Cancel Headphones,Audio,Marmara,Marketplace,Corporate,1,0.05,236.55,133,103.55,234.06
ORD-02470,2026-06-28,P10,Ergonomic Chair,Office,Mediterranean,Online,Consumer,2,0,998,630,368,938.12
ORD-02471,2026-06-28,P05,Mechanical Keyboard,Accessories,Mediterranean,Marketplace,Small Business,1,0.05,113.05,61,52.05,111.86
ORD-02472,2026-06-29,P02,Office Laptop 15,Computing,Central Anatolia,Marketplace,Small Business,4,0.15,3056.6,2360,696.6,3380.24
ORD-02473,2026-06-29,P09,Portable Speaker,Audio,Marmara,Marketplace,Consumer,1,0.05,113.05,63,50.05,111.86
ORD-02474,2026-06-29,P06,Wireless Mouse,Accessories,Aegean,Retail,Small Business,3,0,177,75,102,166.38
ORD-02475,2026-06-29,P03,4K Monitor,Displays,Mediterranean,Marketplace,Consumer,1,0.05,407.55,270,137.55,403.26
ORD-02476,2026-06-29,P04,27-inch Monitor,Displays,Aegean,Marketplace,Corporate,1,0.1,260.1,185,75.1,271.66
ORD-02477,2026-06-29,P09,Portable Speaker,Audio,Marmara,Online,Consumer,3,0,357,189,168,335.58
ORD-02478,2026-06-29,P10,Ergonomic Chair,Office,Marmara,Retail,Consumer,2,0.05,948.1,630,318.1,938.12
ORD-02479,2026-06-29,P03,4K Monitor,Displays,Central Anatolia,Online,Consumer,1,0,429,270,159,403.26
ORD-02480,2026-06-29,P10,Ergonomic Chair,Office,Marmara,Retail,Corporate,1,0.05,474.05,315,159.05,469.06
ORD-02481,2026-06-29,P08,Noise-Cancel Headphones,Audio,Marmara,Marketplace,Consumer,1,0.05,236.55,133,103.55,234.06
ORD-02482,2026-06-30,P07,USB-C Dock,Accessories,Central Anatolia,Retail,Small Business,2,0.05,321.1,184,137.1,317.72
ORD-02483,2026-06-30,P12,Portable SSD 1TB,Storage,Aegean,Marketplace,Consumer,1,0.15,126.65,84,42.65,140.06
ORD-02484,2026-06-30,P03,4K Monitor,Displays,Central Anatolia,Marketplace,Consumer,4,0.15,1458.6,1080,378.6,1613.04
ORD-02485,2026-06-30,P11,Standing Desk,Office,Central Anatolia,Marketplace,Small Business,3,0.1,1887.3,1320,567.3,1971.18
ORD-02486,2026-06-30,P01,Laptop Pro 14,Computing,Central Anatolia,Retail,Corporate,2,0.1,2338.2,1640,698.2,2442.12
ORD-02487,2026-06-30,P11,Standing Desk,Office,Aegean,Retail,Consumer,1,0.05,664.05,440,224.05,657.06
ORD-02488,2026-06-30,P11,Standing Desk,Office,Aegean,Online,Small Business,2,0.05,1328.1,880,448.1,1314.12
ORD-02489,2026-06-30,P01,Laptop Pro 14,Computing,Central Anatolia,Retail,Small Business,2,0,2598,1640,958,2442.12
ORD-02490,2026-06-30,P02,Office Laptop 15,Computing,Mediterranean,Retail,Small Business,1,0.2,719.2,590,129.2,845.06
ORD-02491,2026-06-30,P07,USB-C Dock,Accessories,Marmara,Retail,Consumer,2,0,338,184,154,317.72
ORD-02492,2026-07-01,P11,Standing Desk,Office,Marmara,Marketplace,Corporate,1,0.1,629.1,440,189.1,657.06
ORD-02493,2026-07-01,P03,4K Monitor,Displays,Aegean,Retail,Consumer,1,0,429,270,159,403.26
ORD-02494,2026-07-01,P03,4K Monitor,Displays,Marmara,Retail,Corporate,3,0.1,1158.3,810,348.3,1209.78
ORD-02495,2026-07-01,P08,Noise-Cancel Headphones,Audio,Marmara,Marketplace,Consumer,1,0.05,236.55,133,103.55,234.06
ORD-02496,2026-07-01,P10,Ergonomic Chair,Office,Mediterranean,Retail,Corporate,2,0.1,898.2,630,268.2,938.12
ORD-02497,2026-07-01,P12,Portable SSD 1TB,Storage,Aegean,Retail,Consumer,1,0.15,126.65,84,42.65,140.06
ORD-02498,2026-07-01,P07,USB-C Dock,Accessories,Aegean,Retail,Consumer,1,0,169,92,77,158.86
ORD-02499,2026-07-01,P02,Office Laptop 15,Computing,Mediterranean,Retail,Corporate,2,0.1,1618.2,1180,438.2,1690.12
ORD-02500,2026-07-01,P03,4K Monitor,Displays,Aegean,Online,Consumer,2,0.05,815.1,540,275.1,806.52
ORD-02501,2026-07-01,P04,27-inch Monitor,Displays,Mediterranean,Online,Consumer,1,0,289,185,104,271.66
ORD-02502,2026-07-02,P10,Ergonomic Chair,Office,Mediterranean,Marketplace,Consumer,2,0.05,948.1,630,318.1,938.12
ORD-02503,2026-07-02,P12,Portable SSD 1TB,Storage,Marmara,Marketplace,Corporate,1,0.05,141.55,84,57.55,140.06
ORD-02504,2026-07-02,P01,Laptop Pro 14,Computing,Mediterranean,Retail,Consumer,1,0.1,1169.1,820,349.1,1221.06
ORD-02505,2026-07-02,P10,Ergonomic Chair,Office,Aegean,Retail,Small Business,2,0.05,948.1,630,318.1,938.12
ORD-02506,2026-07-02,P01,Laptop Pro 14,Computing,Marmara,Retail,Consumer,2,0,2598,1640,958,2442.12
ORD-02507,2026-07-02,P06,Wireless Mouse,Accessories,Mediterranean,Retail,Consumer,1,0.05,56.05,25,31.05,55.46
ORD-02508,2026-07-02,P08,Noise-Cancel Headphones,Audio,Mediterranean,Retail,Consumer,1,0.05,236.55,133,103.55,234.06
ORD-02509,2026-07-03,P09,Portable Speaker,Audio,Mediterranean,Retail,Small Business,4,0,476,252,224,447.44
ORD-02510,2026-07-03,P12,Portable SSD 1TB,Storage,Marmara,Marketplace,Consumer,1,0.15,126.65,84,42.65,140.06
ORD-02511,2026-07-03,P01,Laptop Pro 14,Computing,Mediterranean,Marketplace,Small Business,2,0.1,2338.2,1640,698.2,2442.12
ORD-02512,2026-07-03,P05,Mechanical Keyboard,Accessories,Marmara,Online,Corporate,1,0,119,61,58,111.86
ORD-02513,2026-07-03,P10,Ergonomic Chair,Office,Marmara,Marketplace,Corporate,1,0.1,449.1,315,134.1,469.06
ORD-02514,2026-07-03,P07,USB-C Dock,Accessories,Marmara,Retail,Consumer,1,0.1,152.1,92,60.1,158.86
ORD-02515,2026-07-03,P06,Wireless Mouse,Accessories,Aegean,Online,Consumer,1,0,59,25,34,55.46
ORD-02516,2026-07-03,P09,Portable Speaker,Audio,Mediterranean,Retail,Corporate,2,0.15,202.3,126,76.3,223.72
ORD-02517,2026-07-04,P08,Noise-Cancel Headphones,Audio,Aegean,Online,Small Business,1,0.1,224.1,133,91.1,234.06
ORD-02518,2026-07-04,P11,Standing Desk,Office,Central Anatolia,Marketplace,Consumer,1,0,699,440,259,657.06
ORD-02519,2026-07-04,P12,Portable SSD 1TB,Storage,Central Anatolia,Retail,Consumer,3,0,447,252,195,420.18
ORD-02520,2026-07-04,P03,4K Monitor,Displays,Central Anatolia,Online,Small Business,2,0.15,729.3,540,189.3,806.52
ORD-02521,2026-07-04,P05,Mechanical Keyboard,Accessories,Mediterranean,Retail,Corporate,1,0.1,107.1,61,46.1,111.86
ORD-02522,2026-07-04,P10,Ergonomic Chair,Office,Marmara,Online,Consumer,1,0,499,315,184,469.06
ORD-02523,2026-07-05,P04,27-inch Monitor,Displays,Mediterranean,Retail,Corporate,1,0,289,185,104,271.66
ORD-02524,2026-07-05,P09,Portable Speaker,Audio,Central Anatolia,Online,Small Business,1,0,119,63,56,111.86
ORD-02525,2026-07-05,P10,Ergonomic Chair,Office,Marmara,Online,Corporate,1,0.2,399.2,315,84.2,469.06
ORD-02526,2026-07-05,P02,Office Laptop 15,Computing,Central Anatolia,Online,Corporate,1,0.05,854.05,590,264.05,845.06
ORD-02527,2026-07-05,P03,4K Monitor,Displays,Central Anatolia,Marketplace,Small Business,3,0.15,1093.95,810,283.95,1209.78
ORD-02528,2026-07-05,P05,Mechanical Keyboard,Accessories,Aegean,Online,Small Business,1,0.05,113.05,61,52.05,111.86
ORD-02529,2026-07-05,P03,4K Monitor,Displays,Aegean,Marketplace,Corporate,1,0.05,407.55,270,137.55,403.26
ORD-02530,2026-07-05,P03,4K Monitor,Displays,Marmara,Marketplace,Consumer,1,0,429,270,159,403.26
ORD-02531,2026-07-05,P09,Portable Speaker,Audio,Marmara,Marketplace,Small Business,1,0.05,113.05,63,50.05,111.86
ORD-02532,2026-07-05,P08,Noise-Cancel Headphones,Audio,Central Anatolia,Marketplace,Small Business,1,0.15,211.65,133,78.65,234.06
ORD-02533,2026-07-06,P04,27-inch Monitor,Displays,Aegean,Online,Corporate,1,0,289,185,104,271.66
ORD-02534,2026-07-06,P12,Portable SSD 1TB,Storage,Aegean,Online,Small Business,3,0,447,252,195,420.18
ORD-02535,2026-07-06,P11,Standing Desk,Office,Aegean,Online,Corporate,1,0.1,629.1,440,189.1,657.06
ORD-02536,2026-07-06,P10,Ergonomic Chair,Office,Central Anatolia,Retail,Small Business,1,0,499,315,184,469.06
ORD-02537,2026-07-06,P09,Portable Speaker,Audio,Central Anatolia,Marketplace,Corporate,1,0.05,113.05,63,50.05,111.86
ORD-02538,2026-07-06,P01,Laptop Pro 14,Computing,Mediterranean,Retail,Small Business,1,0,1299,820,479,1221.06
ORD-02539,2026-07-06,P02,Office Laptop 15,Computing,Central Anatolia,Retail,Corporate,2,0.05,1708.1,1180,528.1,1690.12
ORD-02540,2026-07-06,P09,Portable Speaker,Audio,Marmara,Marketplace,Small Business,1,0.05,113.05,63,50.05,111.86
ORD-02541,2026-07-07,P07,USB-C Dock,Accessories,Mediterranean,Retail,Small Business,1,0,169,92,77,158.86
ORD-02542,2026-07-07,P04,27-inch Monitor,Displays,Aegean,Online,Corporate,2,0.05,549.1,370,179.1,543.32
ORD-02543,2026-07-07,P02,Office Laptop 15,Computing,Central Anatolia,Online,Small Business,1,0,899,590,309,845.06
ORD-02544,2026-07-07,P07,USB-C Dock,Accessories,Mediterranean,Marketplace,Corporate,2,0.05,321.1,184,137.1,317.72
ORD-02545,2026-07-07,P04,27-inch Monitor,Displays,Marmara,Marketplace,Small Business,1,0.1,260.1,185,75.1,271.66
ORD-02546,2026-07-07,P08,Noise-Cancel Headphones,Audio,Marmara,Retail,Corporate,4,0.1,896.4,532,364.4,936.24
ORD-02547,2026-07-07,P03,4K Monitor,Displays,Marmara,Marketplace,Small Business,1,0,429,270,159,403.26
ORD-02548,2026-07-07,P01,Laptop Pro 14,Computing,Aegean,Marketplace,Consumer,1,0,1299,820,479,1221.06
ORD-02549,2026-07-07,P09,Portable Speaker,Audio,Aegean,Marketplace,Corporate,1,0,119,63,56,111.86
ORD-02550,2026-07-07,P04,27-inch Monitor,Displays,Marmara,Marketplace,Corporate,1,0,289,185,104,271.66
ORD-02551,2026-07-08,P05,Mechanical Keyboard,Accessories,Aegean,Online,Corporate,2,0.05,226.1,122,104.1,223.72
ORD-02552,2026-07-08,P02,Office Laptop 15,Computing,Mediterranean,Marketplace,Small Business,2,0,1798,1180,618,1690.12
ORD-02553,2026-07-08,P06,Wireless Mouse,Accessories,Aegean,Marketplace,Corporate,3,0,177,75,102,166.38
ORD-02554,2026-07-08,P03,4K Monitor,Displays,Mediterranean,Online,Small Business,3,0.05,1222.65,810,412.65,1209.78
ORD-02555,2026-07-08,P06,Wireless Mouse,Accessories,Marmara,Retail,Small Business,1,0.2,47.2,25,22.2,55.46
ORD-02556,2026-07-08,P02,Office Laptop 15,Computing,Marmara,Marketplace,Small Business,2,0.05,1708.1,1180,528.1,1690.12
ORD-02557,2026-07-09,P02,Office Laptop 15,Computing,Marmara,Retail,Corporate,2,0.1,1618.2,1180,438.2,1690.12
ORD-02558,2026-07-09,P08,Noise-Cancel Headphones,Audio,Marmara,Online,Small Business,2,0,498,266,232,468.12
ORD-02559,2026-07-09,P04,27-inch Monitor,Displays,Central Anatolia,Retail,Small Business,3,0,867,555,312,814.98
ORD-02560,2026-07-09,P10,Ergonomic Chair,Office,Aegean,Online,Corporate,2,0.1,898.2,630,268.2,938.12
ORD-02561,2026-07-09,P01,Laptop Pro 14,Computing,Aegean,Marketplace,Small Business,1,0.1,1169.1,820,349.1,1221.06
ORD-02562,2026-07-10,P10,Ergonomic Chair,Office,Central Anatolia,Marketplace,Corporate,2,0,998,630,368,938.12
ORD-02563,2026-07-10,P11,Standing Desk,Office,Mediterranean,Online,Corporate,1,0.05,664.05,440,224.05,657.06
ORD-02564,2026-07-10,P04,27-inch Monitor,Displays,Mediterranean,Marketplace,Small Business,4,0.05,1098.2,740,358.2,1086.64
ORD-02565,2026-07-10,P01,Laptop Pro 14,Computing,Mediterranean,Online,Corporate,2,0.1,2338.2,1640,698.2,2442.12
ORD-02566,2026-07-10,P01,Laptop Pro 14,Computing,Central Anatolia,Retail,Consumer,1,0.05,1234.05,820,414.05,1221.06
ORD-02567,2026-07-11,P04,27-inch Monitor,Displays,Central Anatolia,Marketplace,Corporate,1,0,289,185,104,271.66
ORD-02568,2026-07-11,P03,4K Monitor,Displays,Aegean,Online,Small Business,2,0.05,815.1,540,275.1,806.52
ORD-02569,2026-07-11,P03,4K Monitor,Displays,Marmara,Online,Consumer,1,0,429,270,159,403.26
ORD-02570,2026-07-11,P04,27-inch Monitor,Displays,Mediterranean,Online,Corporate,1,0,289,185,104,271.66
ORD-02571,2026-07-11,P02,Office Laptop 15,Computing,Mediterranean,Marketplace,Consumer,1,0,899,590,309,845.06
ORD-02572,2026-07-11,P01,Laptop Pro 14,Computing,Marmara,Marketplace,Consumer,1,0.1,1169.1,820,349.1,1221.06
ORD-02573,2026-07-11,P12,Portable SSD 1TB,Storage,Aegean,Retail,Consumer,2,0.15,253.3,168,85.3,280.12
ORD-02574,2026-07-12,P11,Standing Desk,Office,Mediterranean,Marketplace,Consumer,1,0.15,594.15,440,154.15,657.06
ORD-02575,2026-07-12,P08,Noise-Cancel Headphones,Audio,Mediterranean,Retail,Consumer,1,0.1,224.1,133,91.1,234.06
ORD-02576,2026-07-12,P01,Laptop Pro 14,Computing,Mediterranean,Retail,Consumer,1,0.1,1169.1,820,349.1,1221.06
ORD-02577,2026-07-12,P02,Office Laptop 15,Computing,Mediterranean,Marketplace,Consumer,1,0,899,590,309,845.06
ORD-02578,2026-07-12,P01,Laptop Pro 14,Computing,Aegean,Online,Corporate,1,0.05,1234.05,820,414.05,1221.06
ORD-02579,2026-07-12,P02,Office Laptop 15,Computing,Central Anatolia,Online,Corporate,3,0.15,2292.45,1770,522.45,2535.18
ORD-02580,2026-07-12,P10,Ergonomic Chair,Office,Central Anatolia,Marketplace,Consumer,1,0,499,315,184,469.06
ORD-02581,2026-07-13,P04,27-inch Monitor,Displays,Aegean,Marketplace,Consumer,1,0.1,260.1,185,75.1,271.66
ORD-02582,2026-07-13,P12,Portable SSD 1TB,Storage,Marmara,Marketplace,Small Business,2,0.05,283.1,168,115.1,280.12
ORD-02583,2026-07-13,P09,Portable Speaker,Audio,Aegean,Retail,Corporate,2,0.05,226.1,126,100.1,223.72
ORD-02584,2026-07-13,P06,Wireless Mouse,Accessories,Central Anatolia,Online,Small Business,3,0.2,141.6,75,66.6,166.38
ORD-02585,2026-07-13,P03,4K Monitor,Displays,Central Anatolia,Retail,Small Business,1,0,429,270,159,403.26
ORD-02586,2026-07-13,P10,Ergonomic Chair,Office,Marmara,Marketplace,Corporate,3,0.1,1347.3,945,402.3,1407.18
ORD-02587,2026-07-13,P06,Wireless Mouse,Accessories,Mediterranean,Retail,Corporate,2,0.05,112.1,50,62.1,110.92
ORD-02588,2026-07-13,P08,Noise-Cancel Headphones,Audio,Central Anatolia,Retail,Small Business,2,0,498,266,232,468.12
ORD-02589,2026-07-13,P11,Standing Desk,Office,Mediterranean,Retail,Small Business,1,0.15,594.15,440,154.15,657.06
ORD-02590,2026-07-13,P05,Mechanical Keyboard,Accessories,Central Anatolia,Marketplace,Corporate,1,0,119,61,58,111.86
ORD-02591,2026-07-14,P01,Laptop Pro 14,Computing,Marmara,Retail,Consumer,1,0.1,1169.1,820,349.1,1221.06
ORD-02592,2026-07-14,P06,Wireless Mouse,Accessories,Mediterranean,Retail,Corporate,1,0,59,25,34,55.46
ORD-02593,2026-07-14,P12,Portable SSD 1TB,Storage,Marmara,Retail,Corporate,3,0,447,252,195,420.18
ORD-02594,2026-07-14,P11,Standing Desk,Office,Marmara,Marketplace,Corporate,3,0.15,1782.45,1320,462.45,1971.18
ORD-02595,2026-07-14,P05,Mechanical Keyboard,Accessories,Mediterranean,Online,Small Business,1,0.15,101.15,61,40.15,111.86
ORD-02596,2026-07-14,P10,Ergonomic Chair,Office,Marmara,Marketplace,Corporate,2,0,998,630,368,938.12
ORD-02597,2026-07-14,P01,Laptop Pro 14,Computing,Mediterranean,Online,Corporate,1,0,1299,820,479,1221.06
ORD-02598,2026-07-14,P10,Ergonomic Chair,Office,Aegean,Retail,Small Business,1,0,499,315,184,469.06
ORD-02599,2026-07-15,P02,Office Laptop 15,Computing,Mediterranean,Online,Consumer,1,0.15,764.15,590,174.15,845.06
ORD-02600,2026-07-15,P05,Mechanical Keyboard,Accessories,Mediterranean,Retail,Consumer,4,0,476,244,232,447.44
ORD-02601,2026-07-15,P09,Portable Speaker,Audio,Aegean,Marketplace,Consumer,1,0,119,63,56,111.86
ORD-02602,2026-07-15,P10,Ergonomic Chair,Office,Mediterranean,Marketplace,Corporate,3,0,1497,945,552,1407.18
ORD-02603,2026-07-15,P02,Office Laptop 15,Computing,Aegean,Retail,Consumer,1,0.15,764.15,590,174.15,845.06
ORD-02604,2026-07-15,P05,Mechanical Keyboard,Accessories,Mediterranean,Retail,Consumer,1,0.1,107.1,61,46.1,111.86
ORD-02605,2026-07-15,P12,Portable SSD 1TB,Storage,Marmara,Online,Small Business,1,0,149,84,65,140.06
ORD-02606,2026-07-15,P08,Noise-Cancel Headphones,Audio,Aegean,Marketplace,Consumer,1,0,249,133,116,234.06
ORD-02607,2026-07-15,P08,Noise-Cancel Headphones,Audio,Aegean,Online,Consumer,2,0,498,266,232,468.12
ORD-02608,2026-07-16,P03,4K Monitor,Displays,Central Anatolia,Marketplace,Small Business,3,0.15,1093.95,810,283.95,1209.78
ORD-02609,2026-07-16,P11,Standing Desk,Office,Mediterranean,Marketplace,Corporate,1,0,699,440,259,657.06
ORD-02610,2026-07-16,P08,Noise-Cancel Headphones,Audio,Marmara,Retail,Corporate,1,0.05,236.55,133,103.55,234.06
ORD-02611,2026-07-16,P06,Wireless Mouse,Accessories,Mediterranean,Marketplace,Consumer,2,0.1,106.2,50,56.2,110.92
ORD-02612,2026-07-16,P03,4K Monitor,Displays,Marmara,Online,Corporate,2,0.05,815.1,540,275.1,806.52
ORD-02613,2026-07-16,P07,USB-C Dock,Accessories,Marmara,Marketplace,Corporate,2,0.05,321.1,184,137.1,317.72
ORD-02614,2026-07-16,P01,Laptop Pro 14,Computing,Central Anatolia,Marketplace,Consumer,2,0.1,2338.2,1640,698.2,2442.12
ORD-02615,2026-07-17,P11,Standing Desk,Office,Mediterranean,Online,Consumer,2,0,1398,880,518,1314.12
ORD-02616,2026-07-17,P10,Ergonomic Chair,Office,Aegean,Marketplace,Small Business,2,0,998,630,368,938.12
ORD-02617,2026-07-17,P11,Standing Desk,Office,Mediterranean,Retail,Consumer,2,0,1398,880,518,1314.12
ORD-02618,2026-07-17,P08,Noise-Cancel Headphones,Audio,Aegean,Retail,Small Business,1,0.1,224.1,133,91.1,234.06
ORD-02619,2026-07-17,P09,Portable Speaker,Audio,Central Anatolia,Marketplace,Consumer,1,0,119,63,56,111.86
ORD-02620,2026-07-17,P04,27-inch Monitor,Displays,Central Anatolia,Retail,Consumer,2,0.05,549.1,370,179.1,543.32
ORD-02621,2026-07-17,P04,27-inch Monitor,Displays,Marmara,Retail,Small Business,3,0,867,555,312,814.98
ORD-02622,2026-07-17,P06,Wireless Mouse,Accessories,Aegean,Online,Consumer,2,0.05,112.1,50,62.1,110.92
ORD-02623,2026-07-17,P01,Laptop Pro 14,Computing,Aegean,Retail,Consumer,1,0.05,1234.05,820,414.05,1221.06
ORD-02624,2026-07-17,P01,Laptop Pro 14,Computing,Mediterranean,Online,Small Business,3,0,3897,2460,1437,3663.18
ORD-02625,2026-07-18,P11,Standing Desk,Office,Aegean,Retail,Corporate,1,0.05,664.05,440,224.05,657.06
ORD-02626,2026-07-18,P06,Wireless Mouse,Accessories,Mediterranean,Online,Small Business,1,0.05,56.05,25,31.05,55.46
ORD-02627,2026-07-18,P06,Wireless Mouse,Accessories,Mediterranean,Retail,Consumer,3,0.15,150.45,75,75.45,166.38
ORD-02628,2026-07-18,P09,Portable Speaker,Audio,Mediterranean,Online,Consumer,2,0,238,126,112,223.72
ORD-02629,2026-07-18,P12,Portable SSD 1TB,Storage,Aegean,Marketplace,Consumer,1,0.05,141.55,84,57.55,140.06
ORD-02630,2026-07-18,P07,USB-C Dock,Accessories,Mediterranean,Online,Small Business,1,0,169,92,77,158.86
ORD-02631,2026-07-18,P01,Laptop Pro 14,Computing,Aegean,Retail,Corporate,1,0.1,1169.1,820,349.1,1221.06
ORD-02632,2026-07-18,P01,Laptop Pro 14,Computing,Marmara,Marketplace,Consumer,1,0,1299,820,479,1221.06
ORD-02633,2026-07-18,P02,Office Laptop 15,Computing,Marmara,Retail,Consumer,2,0.05,1708.1,1180,528.1,1690.12
ORD-02634,2026-07-18,P04,27-inch Monitor,Displays,Aegean,Marketplace,Small Business,2,0,578,370,208,543.32
ORD-02635,2026-07-19,P11,Standing Desk,Office,Mediterranean,Online,Consumer,1,0.05,664.05,440,224.05,657.06
ORD-02636,2026-07-19,P02,Office Laptop 15,Computing,Aegean,Marketplace,Corporate,3,0.05,2562.15,1770,792.15,2535.18
ORD-02637,2026-07-19,P11,Standing Desk,Office,Aegean,Retail,Corporate,1,0.1,629.1,440,189.1,657.06
ORD-02638,2026-07-19,P06,Wireless Mouse,Accessories,Marmara,Marketplace,Small Business,1,0.05,56.05,25,31.05,55.46
ORD-02639,2026-07-19,P11,Standing Desk,Office,Mediterranean,Marketplace,Consumer,1,0,699,440,259,657.06
ORD-02640,2026-07-19,P05,Mechanical Keyboard,Accessories,Central Anatolia,Retail,Corporate,2,0.15,202.3,122,80.3,223.72
ORD-02641,2026-07-19,P05,Mechanical Keyboard,Accessories,Marmara,Online,Corporate,1,0.05,113.05,61,52.05,111.86
ORD-02642,2026-07-19,P09,Portable Speaker,Audio,Marmara,Marketplace,Small Business,1,0.05,113.05,63,50.05,111.86
ORD-02643,2026-07-20,P07,USB-C Dock,Accessories,Aegean,Marketplace,Consumer,1,0,169,92,77,158.86
ORD-02644,2026-07-20,P09,Portable Speaker,Audio,Aegean,Marketplace,Consumer,1,0,119,63,56,111.86
ORD-02645,2026-07-20,P07,USB-C Dock,Accessories,Central Anatolia,Retail,Consumer,1,0.15,143.65,92,51.65,158.86
ORD-02646,2026-07-20,P03,4K Monitor,Displays,Marmara,Marketplace,Small Business,2,0.1,772.2,540,232.2,806.52
ORD-02647,2026-07-20,P05,Mechanical Keyboard,Accessories,Marmara,Marketplace,Consumer,1,0.15,101.15,61,40.15,111.86
ORD-02648,2026-07-20,P10,Ergonomic Chair,Office,Mediterranean,Online,Corporate,2,0,998,630,368,938.12
ORD-02649,2026-07-20,P01,Laptop Pro 14,Computing,Central Anatolia,Marketplace,Corporate,1,0.05,1234.05,820,414.05,1221.06
ORD-02650,2026-07-20,P05,Mechanical Keyboard,Accessories,Mediterranean,Online,Small Business,1,0,119,61,58,111.86
ORD-02651,2026-07-21,P03,4K Monitor,Displays,Aegean,Marketplace,Small Business,1,0.15,364.65,270,94.65,403.26
ORD-02652,2026-07-21,P06,Wireless Mouse,Accessories,Central Anatolia,Marketplace,Small Business,1,0.05,56.05,25,31.05,55.46
ORD-02653,2026-07-21,P11,Standing Desk,Office,Marmara,Retail,Corporate,2,0.15,1188.3,880,308.3,1314.12
ORD-02654,2026-07-21,P11,Standing Desk,Office,Aegean,Marketplace,Corporate,1,0.15,594.15,440,154.15,657.06
ORD-02655,2026-07-21,P10,Ergonomic Chair,Office,Aegean,Marketplace,Small Business,2,0.05,948.1,630,318.1,938.12
ORD-02656,2026-07-22,P12,Portable SSD 1TB,Storage,Marmara,Online,Corporate,1,0.1,134.1,84,50.1,140.06
ORD-02657,2026-07-22,P07,USB-C Dock,Accessories,Central Anatolia,Retail,Consumer,1,0.05,160.55,92,68.55,158.86
ORD-02658,2026-07-22,P10,Ergonomic Chair,Office,Central Anatolia,Online,Consumer,3,0.05,1422.15,945,477.15,1407.18
ORD-02659,2026-07-22,P08,Noise-Cancel Headphones,Audio,Central Anatolia,Online,Small Business,1,0.15,211.65,133,78.65,234.06
ORD-02660,2026-07-22,P01,Laptop Pro 14,Computing,Aegean,Online,Small Business,1,0.15,1104.15,820,284.15,1221.06
ORD-02661,2026-07-22,P12,Portable SSD 1TB,Storage,Central Anatolia,Marketplace,Small Business,3,0.1,402.3,252,150.3,420.18
ORD-02662,2026-07-22,P09,Portable Speaker,Audio,Central Anatolia,Online,Corporate,1,0,119,63,56,111.86
ORD-02663,2026-07-23,P10,Ergonomic Chair,Office,Marmara,Online,Consumer,1,0,499,315,184,469.06
ORD-02664,2026-07-23,P11,Standing Desk,Office,Mediterranean,Marketplace,Small Business,4,0.15,2376.6,1760,616.6,2628.24
ORD-02665,2026-07-23,P06,Wireless Mouse,Accessories,Central Anatolia,Marketplace,Small Business,2,0,118,50,68,110.92
ORD-02666,2026-07-23,P06,Wireless Mouse,Accessories,Mediterranean,Retail,Consumer,1,0.15,50.15,25,25.15,55.46
ORD-02667,2026-07-23,P04,27-inch Monitor,Displays,Mediterranean,Online,Corporate,1,0,289,185,104,271.66
ORD-02668,2026-07-24,P09,Portable Speaker,Audio,Mediterranean,Online,Consumer,1,0.2,95.2,63,32.2,111.86
ORD-02669,2026-07-24,P08,Noise-Cancel Headphones,Audio,Central Anatolia,Retail,Small Business,1,0,249,133,116,234.06
ORD-02670,2026-07-24,P08,Noise-Cancel Headphones,Audio,Mediterranean,Online,Consumer,3,0,747,399,348,702.18
ORD-02671,2026-07-24,P07,USB-C Dock,Accessories,Mediterranean,Retail,Consumer,2,0,338,184,154,317.72
ORD-02672,2026-07-24,P06,Wireless Mouse,Accessories,Mediterranean,Online,Consumer,1,0,59,25,34,55.46
ORD-02673,2026-07-24,P08,Noise-Cancel Headphones,Audio,Marmara,Marketplace,Consumer,2,0,498,266,232,468.12
ORD-02674,2026-07-24,P09,Portable Speaker,Audio,Central Anatolia,Retail,Small Business,1,0.1,107.1,63,44.1,111.86
ORD-02675,2026-07-24,P05,Mechanical Keyboard,Accessories,Marmara,Marketplace,Small Business,1,0.1,107.1,61,46.1,111.86
ORD-02676,2026-07-24,P10,Ergonomic Chair,Office,Central Anatolia,Marketplace,Consumer,2,0.15,848.3,630,218.3,938.12
ORD-02677,2026-07-25,P02,Office Laptop 15,Computing,Mediterranean,Retail,Small Business,1,0.1,809.1,590,219.1,845.06
ORD-02678,2026-07-25,P08,Noise-Cancel Headphones,Audio,Aegean,Marketplace,Corporate,2,0,498,266,232,468.12
ORD-02679,2026-07-25,P09,Portable Speaker,Audio,Central Anatolia,Retail,Small Business,2,0,238,126,112,223.72
ORD-02680,2026-07-25,P12,Portable SSD 1TB,Storage,Aegean,Retail,Corporate,1,0,149,84,65,140.06
ORD-02681,2026-07-25,P02,Office Laptop 15,Computing,Aegean,Retail,Consumer,2,0.05,1708.1,1180,528.1,1690.12
ORD-02682,2026-07-25,P06,Wireless Mouse,Accessories,Marmara,Marketplace,Corporate,2,0.15,100.3,50,50.3,110.92
ORD-02683,2026-07-25,P10,Ergonomic Chair,Office,Mediterranean,Marketplace,Consumer,2,0.2,798.4,630,168.4,938.12
ORD-02684,2026-07-25,P03,4K Monitor,Displays,Marmara,Online,Consumer,1,0,429,270,159,403.26
ORD-02685,2026-07-26,P06,Wireless Mouse,Accessories,Mediterranean,Marketplace,Corporate,1,0,59,25,34,55.46
ORD-02686,2026-07-26,P08,Noise-Cancel Headphones,Audio,Marmara,Online,Corporate,3,0.2,597.6,399,198.6,702.18
ORD-02687,2026-07-26,P05,Mechanical Keyboard,Accessories,Central Anatolia,Marketplace,Small Business,1,0.15,101.15,61,40.15,111.86
ORD-02688,2026-07-26,P09,Portable Speaker,Audio,Mediterranean,Online,Corporate,2,0.05,226.1,126,100.1,223.72
ORD-02689,2026-07-26,P02,Office Laptop 15,Computing,Marmara,Retail,Corporate,1,0.05,854.05,590,264.05,845.06
ORD-02690,2026-07-26,P08,Noise-Cancel Headphones,Audio,Central Anatolia,Retail,Consumer,1,0.15,211.65,133,78.65,234.06
ORD-02691,2026-07-26,P12,Portable SSD 1TB,Storage,Mediterranean,Retail,Corporate,3,0,447,252,195,420.18
ORD-02692,2026-07-26,P02,Office Laptop 15,Computing,Marmara,Retail,Small Business,2,0.15,1528.3,1180,348.3,1690.12
ORD-02693,2026-07-26,P02,Office Laptop 15,Computing,Aegean,Online,Consumer,1,0.1,809.1,590,219.1,845.06
ORD-02694,2026-07-27,P08,Noise-Cancel Headphones,Audio,Marmara,Retail,Small Business,2,0.2,398.4,266,132.4,468.12
ORD-02695,2026-07-27,P01,Laptop Pro 14,Computing,Marmara,Retail,Corporate,1,0.05,1234.05,820,414.05,1221.06
ORD-02696,2026-07-27,P06,Wireless Mouse,Accessories,Marmara,Marketplace,Small Business,1,0,59,25,34,55.46
ORD-02697,2026-07-27,P11,Standing Desk,Office,Mediterranean,Online,Corporate,2,0,1398,880,518,1314.12
ORD-02698,2026-07-27,P05,Mechanical Keyboard,Accessories,Central Anatolia,Online,Small Business,1,0,119,61,58,111.86
ORD-02699,2026-07-27,P07,USB-C Dock,Accessories,Central Anatolia,Online,Corporate,2,0,338,184,154,317.72
ORD-02700,2026-07-27,P09,Portable Speaker,Audio,Marmara,Retail,Small Business,1,0.1,107.1,63,44.1,111.86
ORD-02701,2026-07-27,P02,Office Laptop 15,Computing,Aegean,Marketplace,Consumer,3,0.05,2562.15,1770,792.15,2535.18
ORD-02702,2026-07-28,P05,Mechanical Keyboard,Accessories,Marmara,Retail,Small Business,4,0,476,244,232,447.44
ORD-02703,2026-07-28,P12,Portable SSD 1TB,Storage,Aegean,Marketplace,Small Business,1,0.1,134.1,84,50.1,140.06
ORD-02704,2026-07-28,P10,Ergonomic Chair,Office,Marmara,Online,Consumer,2,0.1,898.2,630,268.2,938.12
ORD-02705,2026-07-28,P03,4K Monitor,Displays,Central Anatolia,Retail,Small Business,1,0,429,270,159,403.26
ORD-02706,2026-07-28,P10,Ergonomic Chair,Office,Aegean,Online,Corporate,1,0,499,315,184,469.06
ORD-02707,2026-07-28,P05,Mechanical Keyboard,Accessories,Aegean,Online,Small Business,2,0,238,122,116,223.72
ORD-02708,2026-07-29,P12,Portable SSD 1TB,Storage,Mediterranean,Online,Consumer,2,0,298,168,130,280.12
ORD-02709,2026-07-29,P05,Mechanical Keyboard,Accessories,Central Anatolia,Online,Consumer,1,0,119,61,58,111.86
ORD-02710,2026-07-29,P09,Portable Speaker,Audio,Aegean,Online,Corporate,2,0,238,126,112,223.72
ORD-02711,2026-07-29,P07,USB-C Dock,Accessories,Central Anatolia,Online,Corporate,1,0.1,152.1,92,60.1,158.86
ORD-02712,2026-07-29,P03,4K Monitor,Displays,Aegean,Online,Small Business,1,0.05,407.55,270,137.55,403.26
ORD-02713,2026-07-29,P08,Noise-Cancel Headphones,Audio,Marmara,Retail,Consumer,2,0.05,473.1,266,207.1,468.12
ORD-02714,2026-07-29,P09,Portable Speaker,Audio,Central Anatolia,Retail,Corporate,1,0.05,113.05,63,50.05,111.86
ORD-02715,2026-07-29,P01,Laptop Pro 14,Computing,Marmara,Retail,Corporate,2,0,2598,1640,958,2442.12
ORD-02716,2026-07-29,P01,Laptop Pro 14,Computing,Marmara,Retail,Consumer,4,0.15,4416.6,3280,1136.6,4884.24
ORD-02717,2026-07-29,P11,Standing Desk,Office,Aegean,Online,Consumer,1,0,699,440,259,657.06
ORD-02718,2026-07-30,P11,Standing Desk,Office,Aegean,Retail,Small Business,1,0,699,440,259,657.06
ORD-02719,2026-07-30,P10,Ergonomic Chair,Office,Mediterranean,Online,Corporate,1,0.2,399.2,315,84.2,469.06
ORD-02720,2026-07-30,P03,4K Monitor,Displays,Mediterranean,Online,Small Business,3,0.05,1222.65,810,412.65,1209.78
ORD-02721,2026-07-30,P08,Noise-Cancel Headphones,Audio,Aegean,Marketplace,Corporate,4,0.05,946.2,532,414.2,936.24
ORD-02722,2026-07-30,P01,Laptop Pro 14,Computing,Marmara,Online,Consumer,1,0,1299,820,479,1221.06
ORD-02723,2026-07-30,P05,Mechanical Keyboard,Accessories,Aegean,Retail,Small Business,2,0.05,226.1,122,104.1,223.72
ORD-02724,2026-07-30,P09,Portable Speaker,Audio,Central Anatolia,Online,Small Business,2,0,238,126,112,223.72
ORD-02725,2026-07-30,P05,Mechanical Keyboard,Accessories,Marmara,Retail,Consumer,1,0,119,61,58,111.86
ORD-02726,2026-07-30,P01,Laptop Pro 14,Computing,Mediterranean,Retail,Small Business,1,0.1,1169.1,820,349.1,1221.06
ORD-02727,2026-07-31,P07,USB-C Dock,Accessories,Aegean,Marketplace,Consumer,1,0.2,135.2,92,43.2,158.86
ORD-02728,2026-07-31,P10,Ergonomic Chair,Office,Mediterranean,Online,Small Business,1,0.1,449.1,315,134.1,469.06
ORD-02729,2026-07-31,P10,Ergonomic Chair,Office,Aegean,Online,Small Business,4,0.05,1896.2,1260,636.2,1876.24
ORD-02730,2026-07-31,P09,Portable Speaker,Audio,Mediterranean,Retail,Corporate,1,0,119,63,56,111.86
ORD-02731,2026-07-31,P05,Mechanical Keyboard,Accessories,Mediterranean,Retail,Small Business,1,0.1,107.1,61,46.1,111.86
ORD-02732,2026-07-31,P10,Ergonomic Chair,Office,Mediterranean,Retail,Corporate,2,0.15,848.3,630,218.3,938.12
ORD-02733,2026-07-31,P02,Office Laptop 15,Computing,Aegean,Online,Small Business,1,0.1,809.1,590,219.1,845.06
ORD-02734,2026-07-31,P02,Office Laptop 15,Computing,Aegean,Online,Consumer,2,0.05,1708.1,1180,528.1,1690.12
ORD-02735,2026-07-31,P04,27-inch Monitor,Displays,Marmara,Marketplace,Consumer,2,0.1,520.2,370,150.2,543.32
