registration_id,event_id,registration_date,first_name,last_name,email,company,ticket_type,source_channel,registration_status,payment_status,ticket_value,amount_paid,attendance_status,consent_status
"REG-0001","EVT-101","2026-09-05","Ece","Yilmaz","ece.yilmaz1@example.com","MetricLab","VIP","Referral","Pending","Unpaid","299","0","Not Eligible","Yes"
"REG-0002","EVT-101","2026-08-12","Ece","Kaya","ece.kaya2@example.com","Marmara Tech","Standard","Email","Confirmed","Paid","149","149","Checked In","Yes"
"REG-0003","EVT-101","2026-08-13","Deniz","Koc","deniz.koc3@example.com","Marmara Tech","Standard","Partner","Confirmed","Paid","149","149","Checked In","Yes"
"REG-0004","EVT-101","2026-07-31","Emre","Celik","emre.celik4@example.com","Bosporus Digital","Standard","Email","Confirmed","Paid","149","149","Checked In","Yes"
"REG-0005","EVT-101","2026-07-23","Elif","Koc","elif.koc5@example.com","Arda Retail","Standard","Organic Search","Confirmed","Paid","149","149","Checked In","Yes"
"REG-0006","EVT-101","2026-07-20","Kerem","Kaya","kerem.kaya6@example.com","Marmara Tech","Standard","Organic Search","Confirmed","Paid","149","149","Checked In","Yes"
"REG-0007","EVT-101","2026-07-22","Selin","Arslan","selin.arslan7@example.com","Freelance","Standard","Referral","Confirmed","Paid","149","149","Checked In","Yes"
"REG-0008","EVT-101","2026-07-26","Aylin","Koc","aylin.koc8@example.com","Vertex Advisory","Student","Referral","Confirmed","Paid","79","79","Checked In","Yes"
"REG-0009","EVT-101","2026-08-30","Aylin","Polat","aylin.polat9@example.com","Bosporus Digital","Speaker","Organic Search","Confirmed","Complimentary","0","0","Checked In","Yes"
"REG-0010","EVT-101","2026-07-27","Ece","Yilmaz","ece.yilmaz10@example.com","ClearView Ops","Standard","Referral","Confirmed","Paid","149","149","Checked In","Yes"
"REG-0011","EVT-101","2026-08-09","Elif","Koc","elif.koc11@example.com","MetricLab","Standard","Partner","Confirmed","Paid","149","149","Checked In","Yes"
"REG-0012","EVT-101","2026-08-21","Selin","Aksoy","selin.aksoy12@example.com","NovaWorks","Standard","Partner","Pending","Unpaid","149","0","Not Eligible","Yes"
"REG-0013","EVT-101","2026-08-30","Can","Demir","can.demir13@example.com","Arda Retail","VIP","Email","Confirmed","Paid","299","299","Checked In","Yes"
"REG-0014","EVT-101","2026-08-22","Deniz","Arslan","deniz.arslan14@example.com","ClearView Ops","Student","Partner","Cancelled","Refunded","79","-79","Not Eligible","Yes"
"REG-0015","EVT-101","2026-09-01","Elif","Demir","elif.demir15@example.com","Vertex Advisory","Standard","Organic Search","Confirmed","Paid","149","149","Not Checked In","Yes"
"REG-0016","EVT-101","2026-08-05","Kerem","Sahin","kerem.sahin16@example.com","Marmara Tech","Standard","Partner","Confirmed","Paid","149","149","Checked In","No"
"REG-0017","EVT-101","2026-08-10","Mert","Aksoy","mert.aksoy17@example.com","Vertex Advisory","VIP","Email","Cancelled","Refunded","299","-299","Not Eligible","Yes"
"REG-0018","EVT-101","2026-08-26","Elif","Polat","elif.polat18@example.com","Arda Retail","Standard","Referral","Confirmed","Paid","149","149","Checked In","Yes"
"REG-0019","EVT-101","2026-08-16","Can","Koc","can.koc19@example.com","Vertex Advisory","Standard","Partner","Confirmed","Paid","149","149","Checked In","Yes"
"REG-0020","EVT-101","2026-07-25","Derya","Polat","derya.polat20@example.com","MetricLab","Standard","Email","Confirmed","Paid","149","149","Checked In","Yes"
"REG-0021","EVT-101","2026-08-14","Deniz","Sahin","deniz.sahin21@example.com","ClearView Ops","Standard","Email","Confirmed","Paid","149","149","Checked In","Yes"
"REG-0022","EVT-101","2026-08-01","Ece","Sahin","ece.sahin22@example.com","Arda Retail","VIP","Organic Search","Confirmed","Paid","299","299","Not Checked In","Yes"
"REG-0023","EVT-101","2026-07-25","Aylin","Celik","aylin.celik23@example.com","Marmara Tech","Standard","LinkedIn","Cancelled","Refunded","149","-149","Not Eligible","Yes"
"REG-0024","EVT-101","2026-07-22","Emre","Sahin","emre.sahin24@example.com","Marmara Tech","Student","LinkedIn","Confirmed","Paid","79","79","Not Checked In","Yes"
"REG-0025","EVT-101","2026-09-04","Emre","Kaya","emre.kaya25@example.com","ClearView Ops","VIP","Organic Search","Confirmed","Paid","299","299","Checked In","Yes"
"REG-0026","EVT-101","2026-08-08","Derya","Demir","derya.demir26@example.com","Vertex Advisory","VIP","LinkedIn","Confirmed","Paid","299","299","Checked In","Yes"
"REG-0027","EVT-101","2026-07-23","Burak","Yilmaz","burak.yilmaz27@example.com","NovaWorks","Standard","Partner","Confirmed","Paid","149","149","Checked In","Yes"
"REG-0028","EVT-101","2026-08-30","Ece","Yilmaz","ece.yilmaz28@example.com","Vertex Advisory","Standard","Email","Pending","Unpaid","149","0","Not Eligible","Yes"
"REG-0029","EVT-101","2026-08-08","Mert","Polat","mert.polat29@example.com","Bosporus Digital","Standard","Organic Search","Confirmed","Paid","149","149","Checked In","Yes"
"REG-0030","EVT-101","2026-09-05","Burak","Koc","burak.koc30@example.com","Freelance","Standard","Referral","Confirmed","Paid","149","149","Checked In","Yes"
"REG-0031","EVT-101","2026-09-03","Deniz","Demir","deniz.demir31@example.com","Arda Retail","Student","LinkedIn","Confirmed","Paid","79","79","Checked In","Yes"
"REG-0032","EVT-101","2026-08-27","Selin","Aksoy","selin.aksoy32@example.com","Marmara Tech","Speaker","LinkedIn","Confirmed","Complimentary","0","0","Checked In","Yes"
"REG-0033","EVT-101","2026-07-18","Deniz","Kaya","deniz.kaya33@example.com","Marmara Tech","Standard","Email","Confirmed","Paid","149","149","Checked In","Yes"
"REG-0034","EVT-101","2026-07-30","Elif","Arslan","elif.arslan34@example.com","Freelance","Standard","LinkedIn","Confirmed","Paid","149","149","Checked In","Yes"
"REG-0035","EVT-101","2026-09-06","Mert","Arslan","mert.arslan35@example.com","MetricLab","Standard","Email","Pending","Unpaid","149","0","Not Eligible","Yes"
"REG-0036","EVT-101","2026-09-02","Derya","Koc","derya.koc36@example.com","Arda Retail","Standard","Email","Confirmed","Paid","149","149","Checked In","Yes"
"REG-0037","EVT-101","2026-08-04","Kerem","Demir","kerem.demir37@example.com","Freelance","VIP","Partner","Cancelled","Refunded","299","-299","Not Eligible","Yes"
"REG-0038","EVT-101","2026-07-31","Deniz","Demir","deniz.demir38@example.com","Vertex Advisory","Standard","Email","Confirmed","Paid","149","149","Checked In","Yes"
"REG-0039","EVT-101","2026-08-11","Elif","Yilmaz","elif.yilmaz39@example.com","Arda Retail","Standard","LinkedIn","Confirmed","Paid","149","149","Checked In","Yes"
"REG-0040","EVT-101","2026-07-24","Aylin","Kaya","aylin.kaya40@example.com","Freelance","Student","LinkedIn","Confirmed","Paid","79","79","Not Checked In","Yes"
"REG-0041","EVT-101","2026-09-07","Kerem","Aydin","kerem.aydin41@example.com","MetricLab","Student","LinkedIn","Confirmed","Paid","79","79","Checked In","Yes"
"REG-0042","EVT-101","2026-07-16","Emre","Kaya","emre.kaya42@example.com","Arda Retail","Standard","Email","Confirmed","Paid","149","149","Checked In","Yes"
"REG-0043","EVT-101","2026-07-21","Zeynep","Celik","zeynep.celik43@example.com","Marmara Tech","Standard","Email","Confirmed","Paid","149","149","Checked In","Yes"
"REG-0044","EVT-101","2026-07-20","Burak","Sahin","burak.sahin44@example.com","Marmara Tech","Standard","Referral","Confirmed","Paid","149","149","Checked In","Yes"
"REG-0045","EVT-101","2026-07-26","Elif","Celik","elif.celik45@example.com","Bosporus Digital","Standard","LinkedIn","Confirmed","Paid","149","149","Checked In","Yes"
"REG-0046","EVT-101","2026-08-07","Selin","Arslan","selin.arslan46@example.com","MetricLab","Standard","Organic Search","Pending","Unpaid","149","0","Not Eligible","Yes"
"REG-0047","EVT-101","2026-07-16","Can","Polat","can.polat47@example.com","MetricLab","Standard","Partner","Cancelled","Refunded","149","-149","Not Eligible","Yes"
"REG-0048","EVT-101","2026-09-03","Mert","Aksoy","mert.aksoy48@example.com","Marmara Tech","Student","Organic Search","Confirmed","Paid","79","79","Checked In","Yes"
"REG-0049","EVT-101","2026-09-02","Emre","Aksoy","emre.aksoy49@example.com","Freelance","Standard","Organic Search","Confirmed","Paid","149","149","Checked In","Yes"
"REG-0050","EVT-101","2026-09-09","Ece","Aksoy","ece.aksoy50@example.com","Marmara Tech","Standard","Referral","Confirmed","Paid","149","149","Checked In","Yes"
"REG-0051","EVT-101","2026-09-03","Ece","Aksoy","ece.aksoy51@example.com","NovaWorks","VIP","Organic Search","Pending","Unpaid","299","0","Not Eligible","Yes"
"REG-0052","EVT-101","2026-08-08","Ece","Arslan","ece.arslan52@example.com","ClearView Ops","Standard","LinkedIn","Confirmed","Paid","149","149","Not Checked In","Yes"
"REG-0053","EVT-101","2026-09-10","Selin","Demir","selin.demir53@example.com","MetricLab","Standard","LinkedIn","Pending","Unpaid","149","0","Not Eligible","Yes"
"REG-0054","EVT-101","2026-08-13","Zeynep","Polat","zeynep.polat54@example.com","Freelance","VIP","Referral","Confirmed","Paid","299","299","Checked In","Yes"
"REG-0055","EVT-101","2026-08-23","Can","Arslan","can.arslan55@example.com","Vertex Advisory","VIP","LinkedIn","Confirmed","Paid","299","299","Checked In","Yes"
"REG-0056","EVT-101","2026-09-10","Deniz","Aksoy","deniz.aksoy56@example.com","NovaWorks","Standard","Partner","Confirmed","Paid","149","149","Checked In","Yes"
"REG-0057","EVT-101","2026-07-27","Burak","Demir","burak.demir57@example.com","Vertex Advisory","Student","Email","Cancelled","Refunded","79","-79","Not Eligible","Yes"
"REG-0058","EVT-101","2026-08-04","Mert","Aydin","mert.aydin58@example.com","Bosporus Digital","Student","Email","Confirmed","Paid","79","79","Checked In","Yes"
"REG-0059","EVT-101","2026-07-23","Deniz","Aydin","deniz.aydin59@example.com","Bosporus Digital","Standard","Referral","Confirmed","Paid","149","149","Checked In","Yes"
"REG-0060","EVT-101","2026-08-17","Emre","Koc","emre.koc60@example.com","MetricLab","Standard","Organic Search","Confirmed","Paid","149","149","Checked In","Yes"
"REG-0061","EVT-101","2026-08-23","Mert","Yilmaz","mert.yilmaz61@example.com","MetricLab","Student","Organic Search","Confirmed","Paid","79","79","Checked In","Yes"
"REG-0062","EVT-101","2026-07-30","Derya","Celik","derya.celik62@example.com","MetricLab","Standard","Email","Confirmed","Paid","149","149","Checked In","Yes"
"REG-0063","EVT-101","2026-08-16","Can","Sahin","can.sahin63@example.com","Vertex Advisory","Student","LinkedIn","Confirmed","Paid","79","79","Checked In","Yes"
"REG-0064","EVT-101","2026-09-07","Aylin","Arslan","aylin.arslan64@example.com","Bosporus Digital","Standard","Partner","Pending","Unpaid","149","0","Not Eligible","Yes"
"REG-0065","EVT-101","2026-09-02","Ece","Koc","ece.koc65@example.com","Marmara Tech","Standard","Partner","Cancelled","Refunded","149","-149","Not Eligible","Yes"
"REG-0066","EVT-101","2026-08-27","Elif","Celik","elif.celik66@example.com","ClearView Ops","Student","Organic Search","Cancelled","Refunded","79","-79","Not Eligible","Yes"
"REG-0067","EVT-101","2026-09-01","Kerem","Yilmaz","kerem.yilmaz67@example.com","Vertex Advisory","Standard","Referral","Confirmed","Paid","149","149","Checked In","Yes"
"REG-0068","EVT-101","2026-08-02","Derya","Aydin","derya.aydin68@example.com","Freelance","Student","Email","Confirmed","Paid","79","79","Checked In","Yes"
"REG-0069","EVT-101","2026-09-03","Emre","Demir","emre.demir69@example.com","Vertex Advisory","Standard","Email","Confirmed","Paid","149","149","Checked In","Yes"
"REG-0070","EVT-101","2026-08-07","Zeynep","Arslan","zeynep.arslan70@example.com","Marmara Tech","VIP","Organic Search","Confirmed","Paid","299","299","Checked In","Yes"
"REG-0071","EVT-101","2026-09-06","Aylin","Polat","aylin.polat71@example.com","ClearView Ops","Standard","Referral","Confirmed","Paid","149","149","Checked In","Yes"
"REG-0072","EVT-101","2026-07-20","Derya","Kaya","derya.kaya72@example.com","Bosporus Digital","Standard","Referral","Confirmed","Paid","149","149","Checked In","Yes"
"REG-0073","EVT-101","2026-09-02","Burak","Aydin","burak.aydin73@example.com","Arda Retail","Standard","Partner","Pending","Unpaid","149","0","Not Eligible","Yes"
"REG-0074","EVT-101","2026-07-16","Selin","Demir","selin.demir74@example.com","Arda Retail","Standard","Email","Confirmed","Paid","149","149","Checked In","Yes"
"REG-0075","EVT-101","2026-08-15","Aylin","Celik","aylin.celik75@example.com","ClearView Ops","Standard","Partner","Confirmed","Paid","149","149","Checked In","Yes"
"REG-0076","EVT-101","2026-08-12","Emre","Yilmaz","emre.yilmaz76@example.com","NovaWorks","Standard","LinkedIn","Confirmed","Paid","149","149","Checked In","Yes"
"REG-0077","EVT-101","2026-08-24","Can","Polat","can.polat77@example.com","Bosporus Digital","Student","LinkedIn","Confirmed","Paid","79","79","Checked In","Yes"
"REG-0078","EVT-101","2026-07-22","Selin","Kaya","selin.kaya78@example.com","ClearView Ops","Standard","Referral","Confirmed","Paid","149","149","Checked In","Yes"
"REG-0079","EVT-101","2026-09-05","Kerem","Aydin","kerem.aydin79@example.com","Freelance","Standard","Email","Cancelled","Refunded","149","-149","Not Eligible","Yes"
"REG-0080","EVT-101","2026-08-02","Mert","Koc","mert.koc80@example.com","Bosporus Digital","Student","Organic Search","Confirmed","Paid","79","79","Checked In","Yes"
"REG-0081","EVT-101","2026-08-16","Zeynep","Arslan","zeynep.arslan81@example.com","Arda Retail","Student","Referral","Confirmed","Unpaid","79","0","Not Checked In","Yes"
"REG-0082","EVT-101","2026-07-20","Derya","Aydin","derya.aydin82@example.com","Freelance","Standard","Email","Confirmed","Unpaid","149","0","Not Checked In","Yes"
"REG-0083","EVT-101","2026-08-12","Aylin","Aksoy","aylin.aksoy83@example.com","Marmara Tech","Standard","LinkedIn","Confirmed","Paid","149","149","Not Checked In","Yes"
"REG-0084","EVT-101","2026-08-14","Deniz","Aydin","deniz.aydin84@example.com","Marmara Tech","VIP","LinkedIn","Confirmed","Paid","299","299","Not Checked In","Yes"
"REG-0085","EVT-101","2026-09-05","Kerem","Koc","kerem.koc85@example.com","Bosporus Digital","Standard","LinkedIn","Confirmed","Paid","149","149","Checked In","Yes"
"REG-0086","EVT-101","2026-08-05","Kerem","Arslan","kerem.arslan86@example.com","ClearView Ops","VIP","Organic Search","Confirmed","Paid","299","299","Checked In","Yes"
"REG-0087","EVT-101","2026-08-14","Kerem","Koc","kerem.koc87@example.com","Vertex Advisory","VIP","Partner","Confirmed","Paid","299","299","Checked In","Yes"
"REG-0088","EVT-101","2026-07-27","Aylin","Aksoy","aylin.aksoy88@example.com","Vertex Advisory","Student","Organic Search","Confirmed","Paid","79","79","Checked In","Yes"
"REG-0089","EVT-101","2026-08-18","Burak","Polat","burak.polat89@example.com","Bosporus Digital","Standard","Organic Search","Confirmed","Paid","149","149","Checked In","Yes"
"REG-0090","EVT-101","2026-08-21","Selin","Kaya","selin.kaya90@example.com","MetricLab","Standard","Referral","Pending","Unpaid","149","0","Not Eligible","No"
"REG-0091","EVT-101","2026-08-31","Selin","Celik","selin.celik91@example.com","Freelance","Standard","LinkedIn","Pending","Unpaid","149","0","Not Eligible","Yes"
"REG-0092","EVT-101","2026-07-22","Can","Aksoy","can.aksoy92@example.com","NovaWorks","Standard","Partner","Confirmed","Unpaid","149","0","Not Checked In","Yes"
"REG-0093","EVT-101","2026-08-23","Elif","Demir","elif.demir93@example.com","ClearView Ops","Standard","Organic Search","Confirmed","Paid","149","149","Checked In","Yes"
"REG-0094","EVT-101","2026-08-29","Selin","Celik","selin.celik94@example.com","MetricLab","Standard","Organic Search","Confirmed","Paid","149","149","Checked In","Yes"
"REG-0095","EVT-101","2026-08-25","Ece","Polat","ece.polat95@example.com","NovaWorks","Standard","LinkedIn","Confirmed","Unpaid","149","0","Not Checked In","Yes"
"REG-0096","EVT-101","2026-09-09","Mert","Kaya","mert.kaya96@example.com","Arda Retail","Standard","LinkedIn","Confirmed","Paid","149","149","Checked In","Yes"
"REG-0097","EVT-101","2026-08-22","Elif","Koc","elif.koc97@example.com","Arda Retail","Standard","LinkedIn","Cancelled","Refunded","149","-149","Not Eligible","Yes"
"REG-0098","EVT-101","2026-09-10","Aylin","Arslan","aylin.arslan98@example.com","Arda Retail","VIP","Referral","Confirmed","Paid","299","299","Checked In","No"
"REG-0099","EVT-101","2026-08-02","Kerem","Koc","kerem.koc99@example.com","Bosporus Digital","VIP","Email","Confirmed","Paid","299","299","Checked In","Yes"
"REG-0100","EVT-101","2026-07-21","Derya","Celik","derya.celik100@example.com","Vertex Advisory","Standard","Organic Search","Confirmed","Paid","149","149","Not Checked In","Yes"
"REG-0101","EVT-101","2026-09-10","Can","Arslan","can.arslan101@example.com","NovaWorks","Standard","Partner","Confirmed","Paid","149","149","Checked In","Yes"
"REG-0102","EVT-101","2026-08-26","Burak","Yilmaz","burak.yilmaz102@example.com","Marmara Tech","Standard","LinkedIn","Confirmed","Unpaid","149","0","Not Checked In","Yes"
"REG-0103","EVT-101","2026-08-06","Zeynep","Arslan","zeynep.arslan103@example.com","MetricLab","Standard","Referral","Confirmed","Paid","149","149","Checked In","Yes"
"REG-0104","EVT-101","2026-08-02","Mert","Arslan","mert.arslan104@example.com","Marmara Tech","Standard","Organic Search","Confirmed","Paid","149","149","Checked In","Yes"
"REG-0105","EVT-101","2026-07-30","Emre","Aydin","emre.aydin105@example.com","Bosporus Digital","Student","Organic Search","Cancelled","Refunded","79","-79","Not Eligible","Yes"
"REG-0106","EVT-101","2026-07-20","Mert","Arslan","mert.arslan106@example.com","MetricLab","Standard","LinkedIn","Confirmed","Paid","149","149","Not Checked In","Yes"
"REG-0107","EVT-101","2026-08-26","Can","Aksoy","can.aksoy107@example.com","Marmara Tech","VIP","Partner","Confirmed","Unpaid","299","0","Not Checked In","Yes"
"REG-0108","EVT-101","2026-08-31","Aylin","Polat","aylin.polat108@example.com","NovaWorks","VIP","Partner","Cancelled","Refunded","299","-299","Not Eligible","Yes"
"REG-0109","EVT-101","2026-08-02","Deniz","Aydin","deniz.aydin109@example.com","Bosporus Digital","Standard","Referral","Confirmed","Paid","149","149","Checked In","Yes"
"REG-0110","EVT-101","2026-09-02","Mert","Polat","mert.polat110@example.com","Freelance","Standard","Email","Confirmed","Paid","149","149","Checked In","Yes"
"REG-0111","EVT-101","2026-07-25","Burak","Polat","burak.polat111@example.com","Bosporus Digital","Standard","Email","Cancelled","Refunded","149","-149","Not Eligible","Yes"
"REG-0112","EVT-101","2026-07-23","Can","Yilmaz","can.yilmaz112@example.com","Marmara Tech","VIP","Partner","Confirmed","Paid","299","299","Checked In","Yes"
"REG-0113","EVT-101","2026-08-06","Derya","Aydin","derya.aydin113@example.com","Marmara Tech","VIP","LinkedIn","Confirmed","Paid","299","299","Checked In","Yes"
"REG-0114","EVT-101","2026-08-11","Can","Koc","can.koc114@example.com","MetricLab","Standard","LinkedIn","Cancelled","Refunded","149","-149","Not Eligible","No"
"REG-0115","EVT-101","2026-07-26","Deniz","Sahin","deniz.sahin115@example.com","Freelance","Student","LinkedIn","Confirmed","Paid","79","79","Checked In","Yes"
"REG-0116","EVT-101","2026-08-06","Burak","Kaya","burak.kaya116@example.com","NovaWorks","Standard","LinkedIn","Confirmed","Paid","149","149","Not Checked In","Yes"
"REG-0117","EVT-101","2026-07-19","Kerem","Aksoy","kerem.aksoy117@example.com","Bosporus Digital","Standard","Referral","Confirmed","Paid","149","149","Checked In","Yes"
"REG-0118","EVT-101","2026-08-20","Can","Kaya","can.kaya118@example.com","NovaWorks","Standard","Referral","Confirmed","Paid","149","149","Checked In","Yes"
"REG-0119","EVT-101","2026-09-06","Kerem","Arslan","kerem.arslan119@example.com","Freelance","Standard","Partner","Confirmed","Paid","149","149","Checked In","Yes"
"REG-0120","EVT-101","2026-09-07","Ece","Arslan","ece.arslan120@example.com","Marmara Tech","Student","Referral","Confirmed","Paid","79","79","Checked In","Yes"
"REG-0121","EVT-101","2026-08-11","Emre","Aydin","emre.aydin121@example.com","Marmara Tech","Student","Organic Search","Confirmed","Paid","79","79","Checked In","Yes"
"REG-0122","EVT-101","2026-08-05","Ece","Koc","ece.koc122@example.com","Vertex Advisory","VIP","LinkedIn","Confirmed","Paid","299","299","Not Checked In","Yes"
"REG-0123","EVT-101","2026-08-25","Burak","Yilmaz","burak.yilmaz123@example.com","Vertex Advisory","Student","Organic Search","Confirmed","Paid","79","79","Checked In","Yes"
"REG-0124","EVT-101","2026-08-13","Can","Celik","can.celik124@example.com","NovaWorks","Student","Referral","Confirmed","Paid","79","79","Checked In","Yes"
"REG-0125","EVT-101","2026-07-28","Selin","Yilmaz","selin.yilmaz125@example.com","Freelance","Standard","Referral","Confirmed","Paid","149","149","Checked In","Yes"
"REG-0126","EVT-101","2026-08-14","Elif","Aksoy","elif.aksoy126@example.com","MetricLab","Standard","Partner","Confirmed","Paid","149","149","Checked In","Yes"
"REG-0127","EVT-101","2026-09-07","Emre","Koc","emre.koc127@example.com","ClearView Ops","Standard","Email","Confirmed","Paid","149","149","Checked In","Yes"
"REG-0128","EVT-101","2026-08-24","Deniz","Arslan","deniz.arslan128@example.com","Vertex Advisory","Standard","Organic Search","Confirmed","Paid","149","149","Checked In","Yes"
"REG-0129","EVT-101","2026-09-01","Selin","Kaya","selin.kaya129@example.com","ClearView Ops","Standard","Partner","Confirmed","Paid","149","149","Checked In","Yes"
"REG-0130","EVT-101","2026-08-20","Elif","Yilmaz","elif.yilmaz130@example.com","Marmara Tech","Standard","Email","Confirmed","Paid","149","149","Checked In","Yes"
"REG-0131","EVT-101","2026-08-27","Derya","Polat","derya.polat131@example.com","Vertex Advisory","Standard","Referral","Confirmed","Paid","149","149","Checked In","Yes"
"REG-0132","EVT-101","2026-09-03","Ece","Arslan","ece.arslan132@example.com","Bosporus Digital","Standard","Organic Search","Confirmed","Paid","149","149","Checked In","Yes"
"REG-0133","EVT-101","2026-08-18","Zeynep","Kaya","zeynep.kaya133@example.com","MetricLab","Standard","LinkedIn","Confirmed","Paid","149","149","Checked In","Yes"
"REG-0134","EVT-101","2026-08-20","Derya","Sahin","derya.sahin134@example.com","Vertex Advisory","Speaker","Email","Pending","Complimentary","0","0","Not Eligible","Yes"
"REG-0135","EVT-101","2026-08-13","Zeynep","Demir","zeynep.demir135@example.com","Bosporus Digital","Student","Email","Confirmed","Paid","79","79","Checked In","Yes"
"REG-0136","EVT-101","2026-07-22","Burak","Sahin","burak.sahin136@example.com","NovaWorks","Standard","Email","Confirmed","Paid","149","149","Checked In","Yes"
"REG-0137","EVT-101","2026-08-09","Zeynep","Yilmaz","zeynep.yilmaz137@example.com","Vertex Advisory","Student","Partner","Confirmed","Paid","79","79","Checked In","Yes"
"REG-0138","EVT-101","2026-08-15","Deniz","Yilmaz","deniz.yilmaz138@example.com","Vertex Advisory","Standard","Referral","Confirmed","Paid","149","149","Not Checked In","Yes"
"REG-0139","EVT-101","2026-07-25","Aylin","Koc","aylin.koc139@example.com","MetricLab","Standard","Partner","Confirmed","Paid","149","149","Checked In","Yes"
"REG-0140","EVT-101","2026-07-23","Mert","Koc","mert.koc140@example.com","MetricLab","VIP","Referral","Confirmed","Paid","299","299","Checked In","No"
"REG-0141","EVT-101","2026-08-07","Elif","Aydin","elif.aydin141@example.com","Marmara Tech","Standard","Partner","Confirmed","Paid","149","149","Not Checked In","Yes"
"REG-0142","EVT-101","2026-08-29","Burak","Demir","elif.demir15@example.com","MetricLab","Standard","LinkedIn","Confirmed","Paid","149","149","Checked In","Yes"
"REG-0143","EVT-101","2026-08-27","Selin","Celik","selin.celik143@example.com","Arda Retail","Standard","Email","Cancelled","Refunded","149","-149","Not Eligible","Yes"
"REG-0144","EVT-101","2026-08-12","Emre","Kaya","emre.kaya144@example.com","Arda Retail","Standard","Organic Search","Confirmed","Paid","149","149","Checked In","Yes"
"REG-0145","EVT-101","2026-08-20","Deniz","Kaya","deniz.kaya145@example.com","Bosporus Digital","Standard","Partner","Confirmed","Paid","149","149","Checked In","Yes"
"REG-0146","EVT-101","2026-09-03","Aylin","Aksoy","aylin.aksoy146@example.com","ClearView Ops","VIP","LinkedIn","Confirmed","Unpaid","299","0","Not Checked In","Yes"
"REG-0147","EVT-101","2026-08-21","Zeynep","Yilmaz","zeynep.yilmaz147@example.com","Freelance","VIP","Referral","Confirmed","Paid","299","299","Not Checked In","Yes"
"REG-0148","EVT-101","2026-08-22","Emre","Koc","emre.koc148@example.com","Arda Retail","VIP","Partner","Confirmed","Paid","299","299","Checked In","Yes"
"REG-0149","EVT-101","2026-08-18","Ece","Polat","ece.polat149@example.com","Marmara Tech","Standard","Partner","Pending","Unpaid","149","0","Not Eligible","Yes"
"REG-0150","EVT-101","2026-07-16","Deniz","Aksoy","deniz.aksoy150@example.com","Vertex Advisory","Standard","Email","Confirmed","Paid","149","149","Not Checked In","Yes"
"REG-0151","EVT-101","2026-08-13","Emre","Koc","emre.koc151@example.com","Marmara Tech","VIP","LinkedIn","Confirmed","Paid","299","299","Checked In","No"
"REG-0152","EVT-101","2026-08-15","Selin","Yilmaz","selin.yilmaz152@example.com","ClearView Ops","Standard","Partner","Confirmed","Paid","149","149","Checked In","Yes"
"REG-0153","EVT-101","2026-07-17","Ece","Polat","ece.polat153@example.com","Freelance","Standard","Email","Confirmed","Paid","149","149","Not Checked In","Yes"
"REG-0154","EVT-101","2026-08-17","Kerem","Aydin","kerem.aydin154@example.com","Bosporus Digital","Standard","Organic Search","Confirmed","Paid","149","149","Checked In","Yes"
"REG-0155","EVT-101","2026-08-13","Aylin","Celik","aylin.celik155@example.com","MetricLab","Standard","LinkedIn","Confirmed","Unpaid","149","0","Not Checked In","Yes"
"REG-0156","EVT-101","2026-07-31","Deniz","Koc","deniz.koc156@example.com","Marmara Tech","Student","Partner","Confirmed","Paid","79","79","Checked In","Yes"
"REG-0157","EVT-101","2026-07-17","Zeynep","Koc","zeynep.koc157@example.com","NovaWorks","Standard","Organic Search","Confirmed","Paid","149","149","Checked In","Yes"
"REG-0158","EVT-101","2026-08-16","Deniz","Sahin","deniz.sahin158@example.com","NovaWorks","Standard","Referral","Confirmed","Unpaid","149","0","Not Checked In","Yes"
"REG-0159","EVT-101","2026-07-19","Ece","Celik","ece.celik159@example.com","Vertex Advisory","Student","Organic Search","Cancelled","Refunded","79","-79","Not Eligible","Yes"
"REG-0160","EVT-101","2026-07-30","Deniz","Aksoy","deniz.aksoy160@example.com","ClearView Ops","Standard","LinkedIn","Confirmed","Paid","149","149","Checked In","Yes"
"REG-0161","EVT-101","2026-08-19","Derya","Yilmaz","derya.yilmaz161@example.com","MetricLab","Standard","Email","Confirmed","Paid","149","149","Not Checked In","Yes"
"REG-0162","EVT-101","2026-07-16","Elif","Demir","elif.demir162@example.com","MetricLab","Student","Referral","Confirmed","Paid","79","79","Checked In","Yes"
"REG-0163","EVT-101","2026-07-15","Zeynep","Celik","zeynep.celik163@example.com","Vertex Advisory","VIP","Partner","Confirmed","Paid","299","299","Checked In","Yes"
"REG-0164","EVT-101","2026-09-04","Mert","Yilmaz","mert.yilmaz164@example.com","Arda Retail","Standard","Partner","Confirmed","Paid","149","149","Checked In","Yes"
"REG-0165","EVT-101","2026-08-16","Emre","Arslan","emre.arslan165@example.com","MetricLab","Speaker","Partner","Confirmed","Complimentary","0","0","Not Checked In","Yes"
"REG-0166","EVT-101","2026-07-22","Kerem","Arslan","kerem.arslan166@example.com","NovaWorks","Standard","LinkedIn","Confirmed","Paid","149","149","Checked In","No"
"REG-0167","EVT-101","2026-08-20","Derya","Sahin","derya.sahin167@example.com","Bosporus Digital","Student","Referral","Pending","Unpaid","79","0","Not Eligible","Yes"
"REG-0168","EVT-101","2026-07-17","Ece","Celik","ece.celik168@example.com","Marmara Tech","Standard","Organic Search","Confirmed","Paid","149","149","Checked In","Yes"
"REG-0169","EVT-101","2026-08-24","Ece","Koc","ece.koc169@example.com","Freelance","Standard","Organic Search","Confirmed","Paid","149","149","Checked In","Yes"
"REG-0170","EVT-101","2026-08-21","Selin","Demir","selin.demir170@example.com","Marmara Tech","Standard","Referral","Confirmed","Paid","149","149","Checked In","Yes"
"REG-0171","EVT-101","2026-08-29","Ece","Celik","ece.celik171@example.com","Arda Retail","Standard","Email","Confirmed","Paid","149","149","Checked In","Yes"
"REG-0172","EVT-101","2026-07-17","Ece","Polat","ece.polat172@example.com","Vertex Advisory","Student","Partner","Confirmed","Paid","79","79","Not Checked In","Yes"
"REG-0173","EVT-101","2026-08-12","Mert","Arslan","mert.arslan173@example.com","MetricLab","Standard","LinkedIn","Cancelled","Refunded","149","-149","Not Eligible","Yes"
"REG-0174","EVT-101","2026-07-17","Zeynep","Yilmaz","zeynep.yilmaz174@example.com","MetricLab","Standard","Organic Search","Confirmed","Paid","149","149","Checked In","Yes"
"REG-0175","EVT-101","2026-08-27","Derya","Aksoy","derya.aksoy175@example.com","ClearView Ops","Standard","LinkedIn","Cancelled","Refunded","149","-149","Not Eligible","Yes"
"REG-0176","EVT-101","2026-08-22","Mert","Celik","mert.celik176@example.com","ClearView Ops","Standard","Organic Search","Confirmed","Paid","149","149","Not Checked In","Yes"
"REG-0177","EVT-101","2026-07-28","Aylin","Sahin","aylin.sahin177@example.com","MetricLab","Standard","LinkedIn","Confirmed","Paid","149","149","Not Checked In","Yes"
"REG-0178","EVT-101","2026-07-24","Emre","Sahin","emre.sahin178@example.com","Bosporus Digital","Student","Referral","Cancelled","Refunded","79","-79","Not Eligible","Yes"
"REG-0179","EVT-101","2026-07-24","Emre","Celik","emre.celik179@example.com","MetricLab","Standard","Partner","Cancelled","Refunded","149","-149","Not Eligible","Yes"
"REG-0180","EVT-101","2026-07-29","Derya","Polat","derya.polat180@example.com","Marmara Tech","VIP","LinkedIn","Confirmed","Unpaid","299","0","Not Checked In","Yes"
"REG-0181","EVT-101","2026-07-23","Can","Kaya","can.kaya181@example.com","MetricLab","Standard","LinkedIn","Confirmed","Paid","149","149","Checked In","Yes"
"REG-0182","EVT-101","2026-07-31","Burak","Sahin","burak.sahin182@example.com","NovaWorks","Standard","Organic Search","Confirmed","Paid","149","149","Checked In","Yes"
"REG-0183","EVT-101","2026-08-10","Zeynep","Arslan","zeynep.arslan183@example.com","Freelance","Standard","LinkedIn","Confirmed","Paid","149","149","Checked In","Yes"
"REG-0184","EVT-101","2026-08-11","Deniz","Aydin","deniz.aydin184@example.com","Marmara Tech","Standard","Partner","Confirmed","Paid","149","149","Checked In","Yes"
"REG-0185","EVT-101","2026-08-10","Mert","Yilmaz","mert.yilmaz185@example.com","Arda Retail","Standard","Referral","Confirmed","Paid","149","149","Not Checked In","Yes"
"REG-0186","EVT-101","2026-07-19","Derya","Kaya","derya.kaya186@example.com","ClearView Ops","Standard","Organic Search","Confirmed","Paid","149","149","Checked In","Yes"
"REG-0187","EVT-101","2026-08-28","Aylin","Celik","aylin.celik187@example.com","Arda Retail","Student","Organic Search","Confirmed","Paid","79","79","Checked In","Yes"
"REG-0188","EVT-101","2026-07-29","Deniz","Yilmaz","deniz.yilmaz188@example.com","Freelance","Standard","Organic Search","Confirmed","Paid","149","149","Checked In","Yes"
"REG-0189","EVT-101","2026-08-14","Elif","Demir","elif.demir189@example.com","Freelance","Standard","Organic Search","Confirmed","Paid","149","149","Checked In","Yes"
"REG-0190","EVT-101","2026-08-25","Selin","Celik","selin.celik190@example.com","MetricLab","VIP","LinkedIn","Confirmed","Paid","299","299","Checked In","Yes"
"REG-0191","EVT-101","2026-08-26","Kerem","Yilmaz","kerem.yilmaz191@example.com","ClearView Ops","VIP","Organic Search","Confirmed","Paid","299","299","Not Checked In","Yes"
"REG-0192","EVT-101","2026-07-21","Elif","Celik","elif.celik192@example.com","Marmara Tech","Standard","Partner","Confirmed","Paid","149","149","Checked In","No"
"REG-0193","EVT-101","2026-08-29","Aylin","Demir","aylin.demir193@example.com","Marmara Tech","Standard","Email","Confirmed","Paid","149","149","Checked In","Yes"
"REG-0194","EVT-101","2026-09-10","Derya","Demir","derya.demir194@example.com","Freelance","VIP","Referral","Cancelled","Refunded","299","-299","Not Eligible","No"
"REG-0195","EVT-101","2026-08-08","Elif","Celik","elif.celik195@example.com","ClearView Ops","Standard","Partner","Confirmed","Paid","149","149","Checked In","Yes"
"REG-0196","EVT-101","2026-09-07","Aylin","Aydin","aylin.aydin196@example.com","Arda Retail","Standard","Referral","Confirmed","Paid","149","149","Checked In","Yes"
"REG-0197","EVT-102","2026-08-07","Derya","Kaya","derya.kaya197@example.com","Arda Retail","Standard","Organic Search","Confirmed","Paid","149","149","Checked In","Yes"
"REG-0198","EVT-102","2026-09-10","Zeynep","Arslan","zeynep.arslan198@example.com","Bosporus Digital","Standard","Organic Search","Confirmed","Paid","149","149","Not Checked In","Yes"
"REG-0199","EVT-102","2026-07-22","Ece","Aydin","ece.aydin199@example.com","Arda Retail","Standard","Partner","Confirmed","Unpaid","149","0","Not Checked In","No"
"REG-0200","EVT-102","2026-08-24","Emre","Polat","emre.polat200@example.com","Freelance","Standard","Organic Search","Confirmed","Paid","149","149","Checked In","Yes"
"REG-0201","EVT-102","2026-07-29","Derya","Koc","derya.koc201@example.com","Bosporus Digital","Standard","Organic Search","Confirmed","Paid","149","149","Checked In","Yes"
"REG-0202","EVT-102","2026-07-17","Selin","Yilmaz","selin.yilmaz202@example.com","ClearView Ops","Standard","Organic Search","Cancelled","Refunded","149","-149","Not Eligible","Yes"
"REG-0203","EVT-102","2026-09-08","Elif","Koc","elif.koc203@example.com","Arda Retail","Standard","Organic Search","Confirmed","Unpaid","149","0","Not Checked In","Yes"
"REG-0204","EVT-102","2026-08-12","Zeynep","Koc","zeynep.koc204@example.com","NovaWorks","Speaker","LinkedIn","Cancelled","Refunded","0","0","Not Eligible","Yes"
"REG-0205","EVT-102","2026-08-18","Emre","Celik","emre.celik205@example.com","Vertex Advisory","Student","Organic Search","Confirmed","Paid","79","79","Checked In","Yes"
"REG-0206","EVT-102","2026-08-14","Emre","Sahin","emre.sahin206@example.com","MetricLab","Student","Email","Confirmed","Paid","79","79","Checked In","Yes"
"REG-0207","EVT-102","2026-08-27","Deniz","Aydin","deniz.aydin207@example.com","Arda Retail","Standard","Referral","Pending","Unpaid","149","0","Not Eligible","Yes"
"REG-0208","EVT-102","2026-08-02","Can","Koc","can.koc208@example.com","Vertex Advisory","Student","Referral","Confirmed","Paid","79","79","Checked In","No"
"REG-0209","EVT-102","2026-08-05","Elif","Yilmaz","elif.yilmaz209@example.com","Freelance","Standard","Organic Search","Confirmed","Unpaid","149","0","Not Checked In","Yes"
"REG-0210","EVT-102","2026-08-18","Ece","Aksoy","ece.aksoy210@example.com","Arda Retail","Speaker","Partner","Confirmed","Complimentary","0","0","Checked In","Yes"
"REG-0211","EVT-102","2026-07-26","Zeynep","Sahin","zeynep.sahin211@example.com","Arda Retail","Standard","Email","Cancelled","Refunded","149","-149","Not Eligible","Yes"
"REG-0212","EVT-102","2026-08-07","Burak","Koc","burak.koc212@example.com","NovaWorks","Standard","Referral","Confirmed","Paid","149","149","Checked In","Yes"
"REG-0213","EVT-102","2026-07-18","Derya","Aksoy","derya.aksoy213@example.com","Bosporus Digital","Standard","Referral","Confirmed","Paid","149","149","Checked In","Yes"
"REG-0214","EVT-102","2026-08-01","Zeynep","Yilmaz","zeynep.yilmaz214@example.com","Freelance","Standard","Partner","Confirmed","Paid","149","149","Not Checked In","Yes"
"REG-0215","EVT-102","2026-09-03","Can","Aksoy","can.aksoy215@example.com","ClearView Ops","Standard","Organic Search","Confirmed","Paid","149","149","Checked In","Yes"
"REG-0216","EVT-102","2026-08-08","Deniz","Aydin","deniz.aydin216@example.com","Freelance","Standard","Partner","Confirmed","Paid","149","149","Checked In","Yes"
"REG-0217","EVT-102","2026-08-27","Selin","Yilmaz","selin.yilmaz217@example.com","MetricLab","Standard","Organic Search","Pending","Unpaid","149","0","Not Eligible","Yes"
"REG-0218","EVT-102","2026-07-20","Aylin","Celik","aylin.celik218@example.com","NovaWorks","VIP","LinkedIn","Confirmed","Paid","299","299","Checked In","Yes"
"REG-0219","EVT-102","2026-08-20","Derya","Arslan","derya.arslan219@example.com","Freelance","Standard","Partner","Confirmed","Paid","149","149","Checked In","Yes"
"REG-0220","EVT-102","2026-08-19","Ece","Aksoy","ece.aksoy220@example.com","Vertex Advisory","Standard","Referral","Confirmed","Paid","149","149","Checked In","Yes"
"REG-0221","EVT-102","2026-07-24","Elif","Yilmaz","elif.yilmaz221@example.com","ClearView Ops","Student","Partner","Confirmed","Paid","79","79","Not Checked In","Yes"
"REG-0222","EVT-102","2026-07-30","Burak","Aksoy","burak.aksoy222@example.com","Bosporus Digital","Standard","Partner","Confirmed","Unpaid","149","0","Not Checked In","Yes"
"REG-0223","EVT-102","2026-08-25","Aylin","Yilmaz","aylin.yilmaz223@example.com","Freelance","Student","LinkedIn","Confirmed","Paid","79","79","Checked In","Yes"
"REG-0224","EVT-102","2026-08-07","Emre","Kaya","emre.kaya224@example.com","ClearView Ops","Standard","Organic Search","Confirmed","Paid","149","149","Checked In","Yes"
"REG-0225","EVT-102","2026-08-01","Kerem","Celik","kerem.celik225@example.com","Vertex Advisory","Standard","Referral","Confirmed","Paid","149","149","Checked In","Yes"
"REG-0226","EVT-102","2026-07-28","Aylin","Celik","aylin.celik226@example.com","Bosporus Digital","Standard","Referral","Confirmed","Paid","149","149","Checked In","Yes"
"REG-0227","EVT-102","2026-09-07","Derya","Demir","derya.demir227@example.com","MetricLab","Standard","Partner","Confirmed","Paid","149","149","Checked In","Yes"
"REG-0228","EVT-102","2026-08-02","Deniz","Polat","deniz.polat228@example.com","ClearView Ops","VIP","Email","Confirmed","Paid","299","299","Checked In","No"
"REG-0229","EVT-102","2026-08-25","Selin","Koc","selin.koc229@example.com","Vertex Advisory","Standard","Organic Search","Confirmed","Paid","149","149","Checked In","Yes"
"REG-0230","EVT-102","2026-07-28","Selin","Sahin","selin.sahin230@example.com","Freelance","Standard","Email","Confirmed","Paid","149","149","Checked In","Yes"
"REG-0231","EVT-102","2026-09-06","Elif","Arslan","elif.arslan231@example.com","NovaWorks","Standard","Organic Search","Confirmed","Paid","149","149","Checked In","No"
"REG-0232","EVT-102","2026-07-29","Zeynep","Kaya","zeynep.kaya232@example.com","Marmara Tech","Standard","Partner","Confirmed","Paid","149","149","Checked In","Yes"
"REG-0233","EVT-102","2026-07-20","Derya","Aksoy","derya.aksoy233@example.com","Arda Retail","Student","Partner","Confirmed","Paid","79","79","Checked In","Yes"
"REG-0234","EVT-102","2026-07-15","Emre","Celik","emre.celik234@example.com","MetricLab","Standard","Email","Cancelled","Refunded","149","-149","Not Eligible","Yes"
"REG-0235","EVT-102","2026-07-28","Can","Demir","can.demir235@example.com","ClearView Ops","Standard","Referral","Pending","Unpaid","149","0","Not Eligible","Yes"
"REG-0236","EVT-102","2026-08-01","Kerem","Demir","kerem.demir236@example.com","MetricLab","VIP","Organic Search","Confirmed","Paid","299","299","Checked In","Yes"
"REG-0237","EVT-102","2026-07-30","Emre","Sahin","emre.sahin237@example.com","Freelance","Standard","LinkedIn","Confirmed","Paid","149","149","Checked In","Yes"
"REG-0238","EVT-102","2026-08-09","Kerem","Kaya","kerem.kaya238@example.com","Marmara Tech","Standard","Organic Search","Confirmed","Paid","149","149","Checked In","Yes"
"REG-0239","EVT-102","2026-08-03","Derya","Yilmaz","derya.yilmaz239@example.com","Marmara Tech","Standard","Email","Confirmed","Paid","149","149","Checked In","Yes"
"REG-0240","EVT-102","2026-08-06","Elif","Koc","elif.koc240@example.com","MetricLab","Student","Organic Search","Confirmed","Paid","79","79","Not Checked In","Yes"
"REG-0241","EVT-102","2026-09-03","Deniz","Kaya","deniz.kaya241@example.com","Freelance","Standard","LinkedIn","Confirmed","Paid","149","149","Not Checked In","Yes"
"REG-0242","EVT-102","2026-07-24","Aylin","Aksoy","aylin.aksoy242@example.com","Arda Retail","Standard","Partner","Confirmed","Paid","149","149","Not Checked In","Yes"
"REG-0243","EVT-102","2026-07-28","Zeynep","Aksoy","zeynep.aksoy243@example.com","MetricLab","Standard","Partner","Cancelled","Refunded","149","-149","Not Eligible","Yes"
"REG-0244","EVT-102","2026-08-05","Deniz","Celik","deniz.celik244@example.com","ClearView Ops","Standard","LinkedIn","Confirmed","Paid","149","149","Checked In","Yes"
"REG-0245","EVT-102","2026-08-19","Can","Aydin","can.aydin245@example.com","Marmara Tech","Student","Organic Search","Confirmed","Paid","79","79","Checked In","Yes"
"REG-0246","EVT-102","2026-08-28","Aylin","Aydin","aylin.aydin246@example.com","Marmara Tech","Standard","Email","Pending","Unpaid","149","0","Not Eligible","Yes"
"REG-0247","EVT-102","2026-07-25","Zeynep","Polat","zeynep.polat247@example.com","ClearView Ops","VIP","LinkedIn","Confirmed","Paid","299","299","Not Checked In","Yes"
"REG-0248","EVT-102","2026-07-18","Kerem","Demir","kerem.demir248@example.com","MetricLab","Standard","Partner","Pending","Unpaid","149","0","Not Eligible","Yes"
"REG-0249","EVT-102","2026-07-23","Kerem","Kaya","kerem.kaya249@example.com","Freelance","Student","Referral","Confirmed","Paid","79","79","Checked In","Yes"
"REG-0250","EVT-102","2026-08-05","Emre","Sahin","emre.sahin250@example.com","Vertex Advisory","Standard","Referral","Confirmed","Unpaid","149","0","Not Checked In","Yes"
"REG-0251","EVT-102","2026-08-10","Elif","Kaya","elif.kaya251@example.com","Bosporus Digital","Standard","Organic Search","Confirmed","Paid","149","149","Checked In","Yes"
"REG-0252","EVT-102","2026-07-22","Selin","Kaya","selin.kaya252@example.com","Arda Retail","Standard","Referral","Confirmed","Paid","149","149","Checked In","Yes"
"REG-0253","EVT-102","2026-07-18","Can","Kaya","can.kaya253@example.com","Freelance","Standard","LinkedIn","Pending","Unpaid","149","0","Not Eligible","Yes"
"REG-0254","EVT-102","2026-08-07","Kerem","Demir","kerem.demir254@example.com","Bosporus Digital","Student","Partner","Confirmed","Paid","79","79","Not Checked In","Yes"
"REG-0255","EVT-102","2026-07-16","Aylin","Yilmaz","aylin.yilmaz255@example.com","NovaWorks","VIP","Referral","Confirmed","Paid","299","299","Checked In","Yes"
"REG-0256","EVT-102","2026-09-03","Emre","Sahin","emre.sahin256@example.com","Bosporus Digital","Standard","Referral","Pending","Unpaid","149","0","Not Eligible","No"
"REG-0257","EVT-102","2026-07-30","Elif","Polat","elif.polat257@example.com","Bosporus Digital","Student","Email","Confirmed","Paid","79","79","Not Checked In","Yes"
"REG-0258","EVT-102","2026-08-15","Derya","Aksoy","derya.aksoy258@example.com","ClearView Ops","VIP","Organic Search","Confirmed","Paid","299","299","Checked In","Yes"
"REG-0259","EVT-102","2026-09-04","Mert","Kaya","mert.kaya259@example.com","MetricLab","Standard","LinkedIn","Confirmed","Paid","149","149","Checked In","Yes"
"REG-0260","EVT-102","2026-09-01","Derya","Celik","derya.celik260@example.com","Arda Retail","Standard","Referral","Confirmed","Paid","149","149","Checked In","Yes"
"REG-0261","EVT-102","2026-07-25","Aylin","Koc","aylin.koc261@example.com","Arda Retail","Speaker","LinkedIn","Confirmed","Complimentary","0","0","Not Checked In","Yes"
"REG-0262","EVT-102","2026-08-31","Selin","Aksoy","selin.aksoy262@example.com","MetricLab","Student","Referral","Confirmed","Paid","79","79","Not Checked In","Yes"
"REG-0263","EVT-102","2026-08-24","Selin","Demir","selin.demir263@example.com","Vertex Advisory","Standard","LinkedIn","Confirmed","Paid","149","149","Checked In","Yes"
"REG-0264","EVT-102","2026-08-28","Aylin","Kaya","aylin.kaya264@example.com","Freelance","Standard","Partner","Pending","Unpaid","149","0","Not Eligible","Yes"
"REG-0265","EVT-102","2026-07-23","Deniz","Aydin","deniz.aydin265@example.com","Marmara Tech","Standard","Referral","Confirmed","Paid","149","149","Checked In","Yes"
"REG-0266","EVT-102","2026-08-24","Derya","Kaya","derya.kaya266@example.com","Vertex Advisory","Student","Organic Search","Confirmed","Unpaid","79","0","Not Checked In","No"
"REG-0267","EVT-102","2026-07-23","Emre","Koc","emre.koc267@example.com","MetricLab","Student","LinkedIn","Confirmed","Paid","79","79","Checked In","Yes"
"REG-0268","EVT-102","2026-08-19","Zeynep","Celik","zeynep.celik268@example.com","Arda Retail","Student","Email","Confirmed","Paid","79","79","Checked In","Yes"
"REG-0269","EVT-102","2026-07-20","Derya","Sahin","derya.sahin269@example.com","Vertex Advisory","VIP","Partner","Confirmed","Paid","299","299","Not Checked In","Yes"
"REG-0270","EVT-102","2026-08-18","Selin","Celik","selin.celik270@example.com","Vertex Advisory","Standard","LinkedIn","Confirmed","Paid","149","149","Checked In","No"
"REG-0271","EVT-102","2026-09-04","Kerem","Kaya","kerem.kaya271@example.com","Freelance","Standard","LinkedIn","Pending","Unpaid","149","0","Not Eligible","Yes"
"REG-0272","EVT-102","2026-08-17","Elif","Demir","elif.demir272@example.com","ClearView Ops","Standard","Referral","Confirmed","Paid","149","149","Checked In","Yes"
"REG-0273","EVT-102","2026-07-19","Deniz","Polat","deniz.polat273@example.com","NovaWorks","Standard","LinkedIn","Confirmed","Paid","149","149","Checked In","Yes"
"REG-0274","EVT-102","2026-08-31","Burak","Yilmaz","burak.yilmaz274@example.com","Arda Retail","Standard","Referral","Cancelled","Refunded","149","-149","Not Eligible","Yes"
"REG-0275","EVT-102","2026-07-23","Kerem","Celik","kerem.celik275@example.com","Vertex Advisory","Standard","Referral","Confirmed","Paid","149","149","Checked In","Yes"
"REG-0276","EVT-102","2026-07-29","Mert","Yilmaz","mert.yilmaz276@example.com","Bosporus Digital","VIP","Partner","Confirmed","Unpaid","299","0","Not Checked In","Yes"
"REG-0277","EVT-102","2026-09-02","Ece","Demir","ece.demir277@example.com","Freelance","Standard","Email","Confirmed","Unpaid","149","0","Not Checked In","Yes"
"REG-0278","EVT-102","2026-07-16","Kerem","Celik","kerem.celik278@example.com","MetricLab","Student","Organic Search","Confirmed","Paid","79","79","Checked In","Yes"
"REG-0279","EVT-102","2026-09-07","Can","Aksoy","can.aksoy279@example.com","Vertex Advisory","Standard","Organic Search","Pending","Unpaid","149","0","Not Eligible","Yes"
"REG-0280","EVT-102","2026-08-07","Elif","Koc","elif.koc280@example.com","Vertex Advisory","Standard","Email","Confirmed","Unpaid","149","0","Not Checked In","Yes"
"REG-0281","EVT-102","2026-07-17","Burak","Arslan","burak.arslan281@example.com","NovaWorks","Standard","LinkedIn","Confirmed","Paid","149","149","Checked In","Yes"
"REG-0282","EVT-102","2026-08-07","Burak","Polat","burak.polat282@example.com","Bosporus Digital","Standard","Email","Confirmed","Paid","149","149","Not Checked In","Yes"
"REG-0283","EVT-102","2026-09-06","Mert","Aydin","mert.aydin283@example.com","Vertex Advisory","Student","Organic Search","Confirmed","Paid","79","79","Checked In","Yes"
"REG-0284","EVT-102","2026-08-27","Burak","Arslan","burak.arslan284@example.com","Arda Retail","Standard","LinkedIn","Confirmed","Paid","149","149","Checked In","Yes"
"REG-0285","EVT-102","2026-07-18","Burak","Polat","burak.polat285@example.com","MetricLab","Standard","Email","Confirmed","Paid","149","149","Checked In","Yes"
"REG-0286","EVT-102","2026-08-12","Deniz","Celik","deniz.celik286@example.com","Bosporus Digital","Student","Organic Search","Confirmed","Paid","79","79","Checked In","Yes"
"REG-0287","EVT-102","2026-08-01","Ece","Aksoy","ece.aksoy287@example.com","NovaWorks","Speaker","LinkedIn","Confirmed","Complimentary","0","0","Checked In","No"
"REG-0288","EVT-102","2026-08-22","Aylin","Kaya","aylin.kaya288@example.com","NovaWorks","Standard","Referral","Pending","Unpaid","149","0","Not Eligible","Yes"
"REG-0289","EVT-102","2026-08-24","Deniz","Kaya","selin.kaya78@example.com","NovaWorks","VIP","Email","Confirmed","Paid","299","299","Checked In","Yes"
"REG-0290","EVT-102","2026-07-16","Mert","Koc","mert.koc290@example.com","Arda Retail","Standard","Organic Search","Confirmed","Paid","149","149","Not Checked In","Yes"
"REG-0291","EVT-102","2026-08-30","Derya","Polat","derya.polat291@example.com","ClearView Ops","Standard","Organic Search","Pending","Unpaid","149","0","Not Eligible","Yes"
"REG-0292","EVT-102","2026-08-13","Elif","Yilmaz","elif.yilmaz292@example.com","NovaWorks","Standard","Partner","Cancelled","Refunded","149","-149","Not Eligible","Yes"
"REG-0293","EVT-102","2026-07-17","Aylin","Koc","aylin.koc293@example.com","Bosporus Digital","Student","Referral","Confirmed","Paid","79","79","Checked In","Yes"
"REG-0294","EVT-102","2026-07-18","Aylin","Arslan","aylin.arslan294@example.com","Arda Retail","Standard","Partner","Confirmed","Paid","149","149","Checked In","Yes"
"REG-0295","EVT-102","2026-08-05","Can","Demir","can.demir295@example.com","Arda Retail","VIP","LinkedIn","Confirmed","Unpaid","299","0","Not Checked In","Yes"
"REG-0296","EVT-102","2026-08-10","Elif","Arslan","elif.arslan296@example.com","NovaWorks","Student","Organic Search","Pending","Unpaid","79","0","Not Eligible","Yes"
"REG-0297","EVT-102","2026-07-18","Mert","Koc","mert.koc297@example.com","Marmara Tech","Student","Referral","Pending","Unpaid","79","0","Not Eligible","Yes"
"REG-0298","EVT-102","2026-08-12","Can","Yilmaz","can.yilmaz298@example.com","Bosporus Digital","Standard","Referral","Confirmed","Paid","149","149","Checked In","Yes"
"REG-0299","EVT-102","2026-08-13","Ece","Demir","ece.demir299@example.com","Arda Retail","Standard","Email","Confirmed","Paid","149","149","Checked In","No"
"REG-0300","EVT-102","2026-07-28","Kerem","Polat","kerem.polat300@example.com","Freelance","Student","Email","Confirmed","Paid","79","79","Not Checked In","Yes"
"REG-0301","EVT-102","2026-08-10","Ece","Celik","ece.celik301@example.com","Arda Retail","Student","Email","Pending","Unpaid","79","0","Not Eligible","Yes"
"REG-0302","EVT-102","2026-08-05","Kerem","Kaya","kerem.kaya302@example.com","ClearView Ops","Standard","Referral","Pending","Unpaid","149","0","Not Eligible","Yes"
"REG-0303","EVT-102","2026-08-15","Aylin","Celik","aylin.celik303@example.com","Arda Retail","VIP","Organic Search","Confirmed","Paid","299","299","Checked In","Yes"
"REG-0304","EVT-102","2026-07-19","Can","Kaya","can.kaya304@example.com","Arda Retail","Standard","Referral","Pending","Unpaid","149","0","Not Eligible","Yes"
"REG-0305","EVT-102","2026-09-08","Can","Arslan","can.arslan305@example.com","Bosporus Digital","Standard","Organic Search","Confirmed","Paid","149","149","Checked In","Yes"
"REG-0306","EVT-102","2026-08-16","Can","Sahin","can.sahin306@example.com","NovaWorks","Standard","Organic Search","Confirmed","Unpaid","149","0","Not Checked In","Yes"
"REG-0307","EVT-102","2026-08-21","Can","Sahin","can.sahin307@example.com","NovaWorks","Standard","Partner","Confirmed","Paid","149","149","Not Checked In","Yes"
"REG-0308","EVT-102","2026-07-20","Can","Aydin","can.aydin308@example.com","MetricLab","Student","Organic Search","Confirmed","Paid","79","79","Checked In","Yes"
"REG-0309","EVT-102","2026-09-01","Aylin","Arslan","aylin.arslan309@example.com","Bosporus Digital","Student","Referral","Confirmed","Paid","79","79","Checked In","Yes"
"REG-0310","EVT-102","2026-09-10","Elif","Polat","elif.polat310@example.com","Bosporus Digital","Standard","LinkedIn","Confirmed","Paid","149","149","Checked In","Yes"
"REG-0311","EVT-102","2026-07-15","Selin","Aksoy","selin.aksoy311@example.com","ClearView Ops","Standard","Organic Search","Confirmed","Paid","149","149","Checked In","Yes"
"REG-0312","EVT-102","2026-08-02","Can","Yilmaz","can.yilmaz312@example.com","Vertex Advisory","Standard","Organic Search","Confirmed","Paid","149","149","Checked In","Yes"
"REG-0313","EVT-102","2026-08-31","Mert","Sahin","mert.sahin313@example.com","Bosporus Digital","Standard","LinkedIn","Confirmed","Paid","149","149","Checked In","Yes"
"REG-0314","EVT-102","2026-08-06","Mert","Sahin","mert.sahin314@example.com","Marmara Tech","Standard","Email","Confirmed","Paid","149","149","Not Checked In","Yes"
"REG-0315","EVT-102","2026-08-10","Selin","Kaya","selin.kaya315@example.com","Freelance","Standard","Partner","Confirmed","Paid","149","149","Checked In","Yes"
"REG-0316","EVT-102","2026-08-15","Burak","Aydin","burak.aydin316@example.com","ClearView Ops","Standard","Organic Search","Confirmed","Paid","149","149","Checked In","Yes"
"REG-0317","EVT-102","2026-09-09","Emre","Polat","emre.polat317@example.com","Arda Retail","Standard","Organic Search","Confirmed","Paid","149","149","Checked In","Yes"
"REG-0318","EVT-102","2026-08-02","Zeynep","Celik","zeynep.celik318@example.com","ClearView Ops","Standard","Partner","Confirmed","Paid","149","149","Checked In","Yes"
"REG-0319","EVT-102","2026-07-26","Selin","Aksoy","selin.aksoy319@example.com","ClearView Ops","Standard","Partner","Confirmed","Paid","149","149","Checked In","Yes"
"REG-0320","EVT-102","2026-08-12","Elif","Yilmaz","elif.yilmaz320@example.com","Marmara Tech","Standard","Referral","Confirmed","Paid","149","149","Checked In","Yes"
"REG-0321","EVT-102","2026-07-31","Kerem","Koc","kerem.koc321@example.com","NovaWorks","Standard","Partner","Confirmed","Paid","149","149","Checked In","Yes"
"REG-0322","EVT-102","2026-08-28","Deniz","Arslan","deniz.arslan322@example.com","Marmara Tech","Standard","Referral","Confirmed","Paid","149","149","Checked In","Yes"
"REG-0323","EVT-102","2026-09-02","Deniz","Koc","deniz.koc323@example.com","Vertex Advisory","VIP","Referral","Confirmed","Paid","299","299","Checked In","Yes"
"REG-0324","EVT-102","2026-08-17","Aylin","Polat","aylin.polat324@example.com","MetricLab","Standard","Organic Search","Confirmed","Unpaid","149","0","Not Checked In","Yes"
"REG-0325","EVT-102","2026-08-11","Can","Polat","can.polat325@example.com","Marmara Tech","VIP","Partner","Confirmed","Paid","299","299","Checked In","Yes"
"REG-0326","EVT-102","2026-09-07","Derya","Koc","derya.koc326@example.com","NovaWorks","Standard","Organic Search","Confirmed","Paid","149","149","Checked In","Yes"
"REG-0327","EVT-102","2026-07-15","Elif","Demir","elif.demir327@example.com","Bosporus Digital","Standard","Email","Confirmed","Paid","149","149","Checked In","Yes"
"REG-0328","EVT-102","2026-07-29","Selin","Yilmaz","selin.yilmaz328@example.com","ClearView Ops","Standard","Organic Search","Cancelled","Refunded","149","-149","Not Eligible","No"
"REG-0329","EVT-102","2026-07-18","Mert","Arslan","mert.arslan329@example.com","Vertex Advisory","Standard","Organic Search","Confirmed","Paid","149","149","Checked In","Yes"
"REG-0330","EVT-102","2026-08-30","Burak","Aksoy","burak.aksoy330@example.com","Arda Retail","Student","Referral","Confirmed","Paid","79","79","Checked In","Yes"
"REG-0331","EVT-102","2026-07-26","Ece","Koc","ece.koc331@example.com","Marmara Tech","Standard","Referral","Confirmed","Paid","149","149","Checked In","Yes"
"REG-0332","EVT-102","2026-08-24","Can","Polat","can.polat332@example.com","Bosporus Digital","Standard","Email","Pending","Unpaid","149","0","Not Eligible","Yes"
"REG-0333","EVT-102","2026-08-19","Derya","Aksoy","derya.aksoy333@example.com","NovaWorks","Student","Referral","Pending","Unpaid","79","0","Not Eligible","Yes"
"REG-0334","EVT-102","2026-09-07","Zeynep","Sahin","zeynep.sahin334@example.com","Marmara Tech","Standard","Organic Search","Pending","Unpaid","149","0","Not Eligible","Yes"
"REG-0335","EVT-102","2026-09-08","Derya","Aksoy","derya.aksoy335@example.com","Bosporus Digital","Standard","Partner","Confirmed","Paid","149","149","Checked In","Yes"
"REG-0336","EVT-102","2026-07-19","Derya","Aydin","derya.aydin336@example.com","Marmara Tech","Standard","LinkedIn","Confirmed","Paid","149","149","Checked In","Yes"
"REG-0337","EVT-102","2026-09-07","Kerem","Arslan","kerem.arslan337@example.com","Bosporus Digital","Student","LinkedIn","Confirmed","Paid","79","79","Checked In","Yes"
"REG-0338","EVT-102","2026-07-30","Derya","Arslan","derya.arslan338@example.com","Arda Retail","Standard","Email","Confirmed","Paid","149","149","Checked In","Yes"
"REG-0339","EVT-102","2026-08-10","Ece","Koc","ece.koc339@example.com","MetricLab","Standard","LinkedIn","Confirmed","Paid","149","149","Checked In","Yes"
"REG-0340","EVT-102","2026-08-11","Burak","Sahin","burak.sahin340@example.com","Marmara Tech","Standard","Organic Search","Confirmed","Paid","149","149","Checked In","Yes"
"REG-0341","EVT-102","2026-08-11","Selin","Demir","selin.demir341@example.com","Bosporus Digital","Standard","Organic Search","Confirmed","Paid","149","149","Checked In","Yes"
"REG-0342","EVT-102","2026-08-05","Mert","Sahin","mert.sahin342@example.com","Bosporus Digital","Standard","Referral","Confirmed","Paid","149","149","Checked In","Yes"
"REG-0343","EVT-102","2026-08-31","Elif","Koc","elif.koc343@example.com","MetricLab","VIP","Referral","Confirmed","Paid","299","299","Checked In","Yes"
"REG-0344","EVT-102","2026-08-02","Ece","Yilmaz","ece.yilmaz344@example.com","ClearView Ops","Standard","Referral","Confirmed","Paid","149","149","Checked In","Yes"
"REG-0345","EVT-102","2026-08-21","Zeynep","Polat","zeynep.polat345@example.com","Bosporus Digital","Student","LinkedIn","Confirmed","Paid","79","79","Not Checked In","Yes"
"REG-0346","EVT-102","2026-07-18","Emre","Aksoy","emre.aksoy346@example.com","Vertex Advisory","VIP","Partner","Confirmed","Paid","299","299","Checked In","Yes"
"REG-0347","EVT-102","2026-07-29","Selin","Kaya","selin.kaya347@example.com","Marmara Tech","Standard","Partner","Confirmed","Paid","149","149","Not Checked In","Yes"
"REG-0348","EVT-102","2026-09-08","Burak","Aksoy","burak.aksoy348@example.com","Marmara Tech","Standard","LinkedIn","Cancelled","Refunded","149","-149","Not Eligible","Yes"
"REG-0349","EVT-102","2026-09-08","Mert","Aydin","mert.aydin349@example.com","MetricLab","Standard","LinkedIn","Confirmed","Paid","149","149","Checked In","Yes"
"REG-0350","EVT-102","2026-09-02","Elif","Kaya","elif.kaya350@example.com","ClearView Ops","Speaker","Organic Search","Cancelled","Refunded","0","0","Not Eligible","Yes"
"REG-0351","EVT-102","2026-09-01","Aylin","Yilmaz","aylin.yilmaz351@example.com","Bosporus Digital","Standard","Organic Search","Confirmed","Paid","149","149","Not Checked In","Yes"
"REG-0352","EVT-102","2026-07-29","Elif","Polat","elif.polat352@example.com","MetricLab","VIP","Referral","Confirmed","Paid","299","299","Checked In","Yes"
"REG-0353","EVT-102","2026-09-09","Mert","Koc","mert.koc353@example.com","NovaWorks","Standard","Referral","Confirmed","Paid","149","149","Checked In","Yes"
"REG-0354","EVT-102","2026-07-31","Elif","Celik","elif.celik354@example.com","NovaWorks","Student","Email","Confirmed","Unpaid","79","0","Not Checked In","Yes"
"REG-0355","EVT-102","2026-08-03","Derya","Arslan","derya.arslan355@example.com","Bosporus Digital","VIP","Referral","Confirmed","Unpaid","299","0","Not Checked In","Yes"
"REG-0356","EVT-102","2026-08-21","Zeynep","Sahin","zeynep.sahin356@example.com","NovaWorks","Standard","Referral","Confirmed","Unpaid","149","0","Not Checked In","Yes"
"REG-0357","EVT-102","2026-09-02","Ece","Aksoy","ece.aksoy357@example.com","Arda Retail","Student","Partner","Cancelled","Refunded","79","-79","Not Eligible","Yes"
"REG-0358","EVT-103","2026-08-11","Elif","Demir","elif.demir358@example.com","NovaWorks","Standard","Referral","Confirmed","Paid","149","149","Not Checked In","Yes"
"REG-0359","EVT-103","2026-08-17","Burak","Kaya","burak.kaya359@example.com","Marmara Tech","Standard","LinkedIn","Confirmed","Paid","149","149","Checked In","Yes"
"REG-0360","EVT-103","2026-08-22","Zeynep","Celik","zeynep.celik360@example.com","Marmara Tech","Standard","Organic Search","Confirmed","Paid","149","149","Checked In","Yes"
"REG-0361","EVT-103","2026-08-02","Can","Sahin","can.sahin361@example.com","Arda Retail","Standard","LinkedIn","Confirmed","Paid","149","149","Checked In","Yes"
"REG-0362","EVT-103","2026-07-18","Mert","Aydin","mert.aydin362@example.com","Bosporus Digital","Standard","Partner","Confirmed","Paid","149","149","Checked In","Yes"
"REG-0363","EVT-103","2026-07-21","Aylin","Aydin","aylin.aydin363@example.com","ClearView Ops","Standard","LinkedIn","Cancelled","Refunded","149","-149","Not Eligible","Yes"
"REG-0364","EVT-103","2026-08-23","Burak","Koc","burak.koc364@example.com","ClearView Ops","Student","Email","Confirmed","Paid","79","79","Checked In","Yes"
"REG-0365","EVT-103","2026-08-07","Burak","Aydin","burak.aydin365@example.com","Arda Retail","Standard","Referral","Confirmed","Paid","149","149","Not Checked In","Yes"
"REG-0366","EVT-103","2026-08-13","Deniz","Arslan","deniz.arslan366@example.com","MetricLab","Standard","LinkedIn","Confirmed","Paid","149","149","Checked In","Yes"
"REG-0367","EVT-103","2026-07-22","Emre","Sahin","emre.sahin367@example.com","Arda Retail","Standard","Organic Search","Confirmed","Paid","149","149","Checked In","Yes"
"REG-0368","EVT-103","2026-08-13","Mert","Demir","mert.demir368@example.com","Marmara Tech","Standard","Partner","Confirmed","Paid","149","149","Checked In","Yes"
"REG-0369","EVT-103","2026-08-13","Deniz","Kaya","deniz.kaya369@example.com","MetricLab","Standard","LinkedIn","Confirmed","Paid","149","149","Checked In","Yes"
"REG-0370","EVT-103","2026-07-18","Derya","Arslan","derya.arslan370@example.com","Arda Retail","Student","Organic Search","Confirmed","Paid","79","79","Checked In","Yes"
"REG-0371","EVT-103","2026-08-31","Aylin","Aydin","aylin.aydin371@example.com","Freelance","VIP","LinkedIn","Confirmed","Paid","299","299","Checked In","Yes"
"REG-0372","EVT-103","2026-09-10","Deniz","Koc","deniz.koc372@example.com","Bosporus Digital","VIP","Organic Search","Confirmed","Paid","299","299","Checked In","Yes"
"REG-0373","EVT-103","2026-08-08","Zeynep","Yilmaz","zeynep.yilmaz373@example.com","Arda Retail","Student","Referral","Confirmed","Paid","79","79","Checked In","Yes"
"REG-0374","EVT-103","2026-08-20","Emre","Aydin","emre.aydin374@example.com","NovaWorks","Standard","Email","Confirmed","Paid","149","149","Checked In","Yes"
"REG-0375","EVT-103","2026-09-06","Deniz","Yilmaz","deniz.yilmaz375@example.com","Arda Retail","VIP","Email","Confirmed","Paid","299","299","Checked In","Yes"
"REG-0376","EVT-103","2026-08-20","Derya","Aksoy","derya.aksoy376@example.com","Arda Retail","Standard","Organic Search","Confirmed","Paid","149","149","Checked In","Yes"
"REG-0377","EVT-103","2026-08-08","Kerem","Aksoy","kerem.aksoy377@example.com","Bosporus Digital","Student","Organic Search","Confirmed","Paid","79","79","Checked In","Yes"
"REG-0378","EVT-103","2026-07-18","Emre","Yilmaz","emre.yilmaz378@example.com","NovaWorks","Standard","Email","Cancelled","Refunded","149","-149","Not Eligible","Yes"
"REG-0379","EVT-103","2026-07-23","Selin","Koc","selin.koc379@example.com","Vertex Advisory","Standard","Partner","Confirmed","Unpaid","149","0","Not Checked In","Yes"
"REG-0380","EVT-103","2026-08-23","Zeynep","Aksoy","zeynep.aksoy380@example.com","Marmara Tech","VIP","Partner","Confirmed","Paid","299","299","Checked In","Yes"
"REG-0381","EVT-103","2026-08-13","Mert","Kaya","mert.kaya381@example.com","Bosporus Digital","Standard","Referral","Confirmed","Paid","149","149","Checked In","Yes"
"REG-0382","EVT-103","2026-08-23","Derya","Aksoy","derya.aksoy382@example.com","Bosporus Digital","Standard","Email","Pending","Unpaid","149","0","Not Eligible","Yes"
"REG-0383","EVT-103","2026-08-25","Elif","Arslan","elif.arslan383@example.com","Marmara Tech","Standard","Referral","Confirmed","Paid","149","149","Checked In","Yes"
"REG-0384","EVT-103","2026-08-15","Burak","Arslan","burak.arslan384@example.com","ClearView Ops","VIP","Email","Confirmed","Paid","299","299","Not Checked In","Yes"
"REG-0385","EVT-103","2026-08-05","Elif","Polat","elif.polat385@example.com","Arda Retail","Standard","Organic Search","Confirmed","Paid","149","149","Checked In","Yes"
"REG-0386","EVT-103","2026-07-16","Aylin","Yilmaz","aylin.yilmaz386@example.com","Arda Retail","VIP","Referral","Cancelled","Refunded","299","-299","Not Eligible","Yes"
"REG-0387","EVT-103","2026-08-06","Selin","Aydin","selin.aydin387@example.com","Bosporus Digital","Student","LinkedIn","Cancelled","Refunded","79","-79","Not Eligible","Yes"
"REG-0388","EVT-103","2026-07-19","Emre","Yilmaz","emre.yilmaz388@example.com","MetricLab","Student","Partner","Confirmed","Paid","79","79","Checked In","Yes"
"REG-0389","EVT-103","2026-09-08","Kerem","Koc","kerem.koc389@example.com","Freelance","Student","Partner","Confirmed","Paid","79","79","Checked In","Yes"
"REG-0390","EVT-103","2026-08-02","Burak","Celik","burak.celik390@example.com","Freelance","Standard","Partner","Confirmed","Paid","149","149","Not Checked In","No"
"REG-0391","EVT-103","2026-09-05","Zeynep","Polat","zeynep.polat391@example.com","Freelance","Standard","Email","Confirmed","Paid","149","149","Checked In","Yes"
"REG-0392","EVT-103","2026-09-08","Elif","Yilmaz","elif.yilmaz392@example.com","Bosporus Digital","Standard","Email","Confirmed","Paid","149","149","Checked In","Yes"
"REG-0393","EVT-103","2026-07-22","Can","Demir","can.demir393@example.com","ClearView Ops","Standard","Partner","Confirmed","Paid","149","149","Checked In","Yes"
"REG-0394","EVT-103","2026-07-31","Derya","Aydin","derya.aydin394@example.com","NovaWorks","Student","Partner","Confirmed","Paid","79","79","Not Checked In","Yes"
"REG-0395","EVT-103","2026-08-25","Selin","Aydin","selin.aydin395@example.com","Arda Retail","Standard","Email","Confirmed","Paid","149","149","Checked In","Yes"
"REG-0396","EVT-103","2026-07-18","Elif","Aydin","elif.aydin396@example.com","ClearView Ops","Standard","Partner","Confirmed","Unpaid","149","0","Not Checked In","Yes"
"REG-0397","EVT-103","2026-08-09","Elif","Arslan","elif.arslan397@example.com","ClearView Ops","Standard","Partner","Confirmed","Paid","149","149","Checked In","Yes"
"REG-0398","EVT-103","2026-07-28","Elif","Demir","elif.demir398@example.com","Vertex Advisory","VIP","Email","Cancelled","Refunded","299","-299","Not Eligible","Yes"
"REG-0399","EVT-103","2026-08-25","Mert","Yilmaz","mert.yilmaz399@example.com","Bosporus Digital","Student","Email","Confirmed","Paid","79","79","Checked In","Yes"
"REG-0400","EVT-103","2026-07-21","Mert","Kaya","mert.kaya400@example.com","Arda Retail","Standard","Partner","Confirmed","Paid","149","149","Checked In","Yes"
"REG-0401","EVT-103","2026-08-26","Ece","Arslan","ece.arslan401@example.com","MetricLab","Speaker","Email","Cancelled","Refunded","0","0","Not Eligible","Yes"
"REG-0402","EVT-103","2026-08-06","Zeynep","Celik","zeynep.celik402@example.com","ClearView Ops","Student","Partner","Confirmed","Paid","79","79","Checked In","Yes"
"REG-0403","EVT-103","2026-07-21","Mert","Demir","mert.demir403@example.com","Bosporus Digital","Student","Email","Confirmed","Paid","79","79","Checked In","Yes"
"REG-0404","EVT-103","2026-08-30","Elif","Aydin","elif.aydin404@example.com","Marmara Tech","Standard","Referral","Confirmed","Paid","149","149","Not Checked In","Yes"
"REG-0405","EVT-103","2026-07-23","Can","Aksoy","can.aksoy405@example.com","Marmara Tech","Standard","Partner","Confirmed","Unpaid","149","0","Not Checked In","Yes"
"REG-0406","EVT-103","2026-07-27","Kerem","Celik","kerem.celik406@example.com","Arda Retail","Standard","LinkedIn","Confirmed","Paid","149","149","Checked In","Yes"
"REG-0407","EVT-103","2026-08-23","Can","Polat","can.polat407@example.com","MetricLab","Standard","Referral","Confirmed","Paid","149","149","Checked In","Yes"
"REG-0408","EVT-103","2026-08-16","Selin","Polat","selin.polat408@example.com","Arda Retail","Student","LinkedIn","Confirmed","Unpaid","79","0","Not Checked In","Yes"
"REG-0409","EVT-103","2026-08-02","Kerem","Aydin","kerem.aydin409@example.com","Arda Retail","VIP","Organic Search","Confirmed","Paid","299","299","Checked In","No"
"REG-0410","EVT-103","2026-08-13","Zeynep","Polat","zeynep.polat410@example.com","Vertex Advisory","Standard","LinkedIn","Confirmed","Paid","149","149","Checked In","Yes"
"REG-0411","EVT-103","2026-07-16","Derya","Demir","derya.demir411@example.com","Freelance","Standard","Partner","Confirmed","Paid","149","149","Checked In","Yes"
"REG-0412","EVT-103","2026-08-25","Aylin","Aksoy","aylin.aksoy412@example.com","ClearView Ops","Speaker","Email","Confirmed","Complimentary","0","0","Checked In","Yes"
"REG-0413","EVT-103","2026-09-08","Mert","Polat","mert.polat413@example.com","Marmara Tech","Standard","Referral","Confirmed","Paid","149","149","Checked In","Yes"
"REG-0414","EVT-103","2026-07-27","Can","Polat","can.polat414@example.com","ClearView Ops","Standard","Organic Search","Confirmed","Paid","149","149","Checked In","Yes"
"REG-0415","EVT-103","2026-07-16","Aylin","Polat","aylin.polat415@example.com","ClearView Ops","Standard","Partner","Confirmed","Paid","149","149","Checked In","Yes"
"REG-0416","EVT-103","2026-08-26","Aylin","Arslan","aylin.arslan416@example.com","NovaWorks","Standard","LinkedIn","Confirmed","Paid","149","149","Not Checked In","No"
"REG-0417","EVT-103","2026-07-30","Deniz","Polat","deniz.polat417@example.com","Freelance","Standard","Referral","Confirmed","Paid","149","149","Checked In","Yes"
"REG-0418","EVT-103","2026-08-20","Mert","Aksoy","mert.aksoy418@example.com","ClearView Ops","Standard","Email","Pending","Unpaid","149","0","Not Eligible","Yes"
"REG-0419","EVT-103","2026-09-09","Derya","Arslan","derya.arslan419@example.com","Arda Retail","Standard","Organic Search","Confirmed","Paid","149","149","Checked In","Yes"
"REG-0420","EVT-103","2026-08-06","Elif","Arslan","elif.arslan420@example.com","Freelance","Standard","Partner","Confirmed","Paid","149","149","Checked In","Yes"
"REG-0421","EVT-103","2026-08-02","Mert","Arslan","mert.arslan421@example.com","MetricLab","Standard","Referral","Cancelled","Refunded","149","-149","Not Eligible","Yes"
"REG-0422","EVT-103","2026-08-21","Mert","Polat","mert.polat422@example.com","Arda Retail","Standard","Referral","Confirmed","Paid","149","149","Checked In","Yes"
"REG-0423","EVT-103","2026-07-19","Burak","Polat","burak.polat423@example.com","NovaWorks","Speaker","LinkedIn","Confirmed","Complimentary","0","0","Checked In","Yes"
"REG-0424","EVT-103","2026-07-28","Kerem","Polat","kerem.polat424@example.com","Bosporus Digital","Standard","Referral","Confirmed","Paid","149","149","Checked In","Yes"
"REG-0425","EVT-103","2026-08-15","Mert","Sahin","mert.sahin425@example.com","Vertex Advisory","Standard","Organic Search","Confirmed","Paid","149","149","Checked In","Yes"
"REG-0426","EVT-103","2026-08-23","Derya","Yilmaz","derya.yilmaz426@example.com","Arda Retail","Standard","Partner","Confirmed","Paid","149","149","Checked In","No"
"REG-0427","EVT-103","2026-07-28","Derya","Arslan","derya.arslan427@example.com","Bosporus Digital","Standard","Partner","Confirmed","Paid","149","149","Not Checked In","Yes"
"REG-0428","EVT-103","2026-07-15","Deniz","Aydin","deniz.aydin428@example.com","MetricLab","Student","Referral","Cancelled","Refunded","79","-79","Not Eligible","Yes"
"REG-0429","EVT-103","2026-08-26","Aylin","Aksoy","aylin.aksoy429@example.com","Marmara Tech","Standard","LinkedIn","Confirmed","Paid","149","149","Checked In","Yes"
"REG-0430","EVT-103","2026-07-26","Zeynep","Aksoy","zeynep.aksoy430@example.com","Bosporus Digital","Standard","Email","Confirmed","Paid","149","149","Not Checked In","No"
"REG-0431","EVT-103","2026-07-27","Can","Polat","can.polat431@example.com","ClearView Ops","VIP","Partner","Confirmed","Paid","299","299","Not Checked In","Yes"
"REG-0432","EVT-103","2026-07-19","Elif","Sahin","elif.sahin432@example.com","MetricLab","Standard","LinkedIn","Confirmed","Paid","149","149","Checked In","Yes"
"REG-0433","EVT-103","2026-08-25","Mert","Sahin","mert.sahin433@example.com","Marmara Tech","Student","LinkedIn","Pending","Unpaid","79","0","Not Eligible","Yes"
"REG-0434","EVT-103","2026-08-24","Emre","Celik","emre.celik434@example.com","Bosporus Digital","VIP","Email","Cancelled","Refunded","299","-299","Not Eligible","Yes"
"REG-0435","EVT-103","2026-07-26","Burak","Koc","burak.koc435@example.com","Vertex Advisory","Student","Organic Search","Confirmed","Paid","79","79","Checked In","Yes"
"REG-0436","EVT-103","2026-08-22","Derya","Aksoy","derya.aksoy436@example.com","Bosporus Digital","Standard","Referral","Pending","Unpaid","149","0","Not Eligible","Yes"
"REG-0437","EVT-103","2026-08-13","Derya","Sahin","derya.sahin437@example.com","NovaWorks","VIP","Organic Search","Pending","Unpaid","299","0","Not Eligible","Yes"
"REG-0438","EVT-103","2026-08-16","Kerem","Kaya","kerem.kaya438@example.com","ClearView Ops","Standard","Partner","Confirmed","Paid","149","149","Checked In","Yes"
"REG-0439","EVT-103","2026-07-21","Can","Celik","can.celik439@example.com","Vertex Advisory","Student","LinkedIn","Confirmed","Paid","79","79","Checked In","Yes"
"REG-0440","EVT-103","2026-08-01","Elif","Sahin","elif.sahin440@example.com","Marmara Tech","Speaker","Referral","Confirmed","Complimentary","0","0","Not Checked In","Yes"
"REG-0441","EVT-103","2026-09-05","Can","Celik","can.celik441@example.com","NovaWorks","Standard","Partner","Confirmed","Paid","149","149","Checked In","Yes"
"REG-0442","EVT-103","2026-08-09","Can","Koc","can.koc442@example.com","Bosporus Digital","Standard","Email","Confirmed","Paid","149","149","Checked In","Yes"
"REG-0443","EVT-103","2026-09-09","Burak","Sahin","burak.sahin443@example.com","Marmara Tech","Student","Email","Confirmed","Paid","79","79","Checked In","Yes"
"REG-0444","EVT-103","2026-08-01","Zeynep","Yilmaz","zeynep.yilmaz444@example.com","MetricLab","Student","Partner","Confirmed","Paid","79","79","Checked In","Yes"
"REG-0445","EVT-103","2026-08-15","Ece","Aydin","ece.aydin445@example.com","Vertex Advisory","Standard","LinkedIn","Confirmed","Paid","149","149","Not Checked In","Yes"
"REG-0446","EVT-103","2026-08-15","Elif","Arslan","elif.arslan446@example.com","Arda Retail","Standard","Partner","Cancelled","Refunded","149","-149","Not Eligible","Yes"
"REG-0447","EVT-103","2026-08-13","Deniz","Arslan","deniz.arslan447@example.com","Arda Retail","Student","Partner","Confirmed","Paid","79","79","Checked In","Yes"
"REG-0448","EVT-103","2026-09-06","Ece","Sahin","ece.sahin448@example.com","Arda Retail","Standard","Referral","Confirmed","Paid","149","149","Checked In","Yes"
"REG-0449","EVT-103","2026-08-05","Deniz","Kaya","deniz.kaya449@example.com","ClearView Ops","Student","Email","Confirmed","Paid","79","79","Checked In","Yes"
"REG-0450","EVT-103","2026-08-12","Aylin","Yilmaz","aylin.yilmaz450@example.com","Freelance","Speaker","Referral","Confirmed","Complimentary","0","0","Checked In","Yes"
"REG-0451","EVT-103","2026-07-16","Aylin","Demir","aylin.demir451@example.com","Bosporus Digital","Standard","Partner","Confirmed","Paid","149","149","Checked In","Yes"
"REG-0452","EVT-103","2026-08-11","Burak","Polat","burak.polat452@example.com","Arda Retail","VIP","Email","Confirmed","Paid","299","299","Checked In","Yes"
"REG-0453","EVT-103","2026-07-17","Elif","Celik","elif.celik453@example.com","Bosporus Digital","Standard","Email","Confirmed","Paid","149","149","Checked In","Yes"
"REG-0454","EVT-103","2026-07-29","Derya","Arslan","derya.arslan454@example.com","Bosporus Digital","Standard","Partner","Confirmed","Paid","149","149","Checked In","Yes"
"REG-0455","EVT-103","2026-07-21","Kerem","Aksoy","kerem.aksoy455@example.com","Vertex Advisory","Standard","LinkedIn","Confirmed","Paid","149","149","Checked In","Yes"
"REG-0456","EVT-103","2026-08-28","Ece","Demir","ece.demir456@example.com","MetricLab","Standard","Partner","Confirmed","Paid","149","149","Not Checked In","Yes"
"REG-0457","EVT-103","2026-08-11","Aylin","Celik","aylin.celik457@example.com","Marmara Tech","Standard","Partner","Confirmed","Paid","149","149","Checked In","Yes"
"REG-0458","EVT-103","2026-09-08","Deniz","Koc","deniz.koc458@example.com","ClearView Ops","Student","Partner","Confirmed","Paid","79","79","Not Checked In","Yes"
"REG-0459","EVT-103","2026-08-15","Mert","Sahin","mert.sahin459@example.com","NovaWorks","Standard","Organic Search","Cancelled","Refunded","149","-149","Not Eligible","Yes"
"REG-0460","EVT-103","2026-07-28","Emre","Sahin","emre.sahin460@example.com","ClearView Ops","Speaker","Organic Search","Confirmed","Complimentary","0","0","Checked In","Yes"
"REG-0461","EVT-103","2026-08-21","Burak","Sahin","burak.sahin461@example.com","Vertex Advisory","Student","LinkedIn","Confirmed","Paid","79","79","Checked In","Yes"
"REG-0462","EVT-103","2026-08-19","Emre","Koc","emre.koc462@example.com","Vertex Advisory","Standard","Partner","Confirmed","Paid","149","149","Checked In","Yes"
"REG-0463","EVT-103","2026-07-30","Elif","Polat","elif.polat463@example.com","Arda Retail","Standard","Organic Search","Cancelled","Refunded","149","-149","Not Eligible","Yes"
"REG-0464","EVT-103","2026-07-25","Aylin","Yilmaz","aylin.yilmaz464@example.com","NovaWorks","Standard","LinkedIn","Confirmed","Paid","149","149","Checked In","Yes"
"REG-0465","EVT-103","2026-07-26","Aylin","Demir","aylin.demir465@example.com","NovaWorks","Standard","Organic Search","Confirmed","Paid","149","149","Checked In","Yes"
"REG-0466","EVT-103","2026-08-26","Can","Aydin","can.aydin466@example.com","Bosporus Digital","Standard","Organic Search","Confirmed","Paid","149","149","Checked In","Yes"
"REG-0467","EVT-103","2026-08-09","Mert","Demir","mert.demir467@example.com","MetricLab","Standard","Referral","Confirmed","Paid","149","149","Checked In","Yes"
"REG-0468","EVT-103","2026-08-25","Emre","Yilmaz","emre.yilmaz468@example.com","Arda Retail","Standard","Organic Search","Confirmed","Paid","149","149","Checked In","Yes"
"REG-0469","EVT-103","2026-08-26","Derya","Aksoy","derya.aksoy469@example.com","Arda Retail","Standard","LinkedIn","Confirmed","Paid","149","149","Checked In","Yes"
"REG-0470","EVT-103","2026-09-09","Kerem","Yilmaz","kerem.yilmaz470@example.com","Marmara Tech","Standard","Organic Search","Pending","Unpaid","149","0","Not Eligible","Yes"
"REG-0471","EVT-103","2026-09-03","Zeynep","Aydin","zeynep.aydin471@example.com","Vertex Advisory","Standard","Referral","Confirmed","Paid","149","149","Checked In","Yes"
"REG-0472","EVT-103","2026-09-07","Emre","Koc","emre.koc472@example.com","NovaWorks","Standard","LinkedIn","Confirmed","Paid","149","149","Checked In","Yes"
"REG-0473","EVT-103","2026-07-20","Mert","Yilmaz","mert.yilmaz473@example.com","Freelance","Student","Organic Search","Confirmed","Paid","79","79","Checked In","Yes"
"REG-0474","EVT-103","2026-08-19","Can","Polat","can.polat474@example.com","Arda Retail","Standard","LinkedIn","Confirmed","Paid","149","149","Checked In","Yes"
"REG-0475","EVT-103","2026-08-22","Can","Aydin","can.aydin475@example.com","NovaWorks","Standard","Referral","Confirmed","Paid","149","149","Checked In","Yes"
"REG-0476","EVT-103","2026-08-04","Derya","Aydin","derya.aydin476@example.com","NovaWorks","Standard","Organic Search","Confirmed","Paid","149","149","Not Checked In","Yes"
"REG-0477","EVT-103","2026-08-20","Zeynep","Yilmaz","zeynep.yilmaz477@example.com","Freelance","Student","Partner","Confirmed","Paid","79","79","Checked In","Yes"
"REG-0478","EVT-103","2026-07-18","Burak","Kaya","burak.kaya478@example.com","NovaWorks","Student","Referral","Confirmed","Paid","79","79","Checked In","Yes"
"REG-0479","EVT-103","2026-08-25","Selin","Aydin","selin.aydin479@example.com","Bosporus Digital","VIP","Partner","Confirmed","Paid","299","299","Checked In","Yes"
"REG-0480","EVT-103","2026-08-04","Can","Aydin","can.aydin480@example.com","MetricLab","VIP","Email","Cancelled","Refunded","299","-299","Not Eligible","Yes"
"REG-0481","EVT-103","2026-08-16","Can","Aksoy","can.aksoy481@example.com","Bosporus Digital","Standard","Partner","Confirmed","Paid","149","149","Checked In","Yes"
"REG-0482","EVT-103","2026-07-25","Can","Koc","can.koc482@example.com","MetricLab","Standard","Email","Confirmed","Paid","149","149","Checked In","Yes"
"REG-0483","EVT-103","2026-08-17","Emre","Kaya","emre.kaya483@example.com","Bosporus Digital","VIP","Referral","Cancelled","Refunded","299","-299","Not Eligible","Yes"
"REG-0484","EVT-103","2026-08-11","Aylin","Polat","aylin.polat484@example.com","Marmara Tech","VIP","LinkedIn","Confirmed","Paid","299","299","Checked In","Yes"
"REG-0485","EVT-103","2026-08-27","Mert","Aksoy","mert.aksoy485@example.com","MetricLab","Student","Organic Search","Confirmed","Paid","79","79","Not Checked In","Yes"
"REG-0486","EVT-103","2026-08-05","Derya","Celik","derya.celik486@example.com","NovaWorks","Standard","Referral","Cancelled","Refunded","149","-149","Not Eligible","Yes"
"REG-0487","EVT-103","2026-08-20","Aylin","Yilmaz","aylin.yilmaz487@example.com","MetricLab","Student","Partner","Confirmed","Paid","79","79","Checked In","Yes"
"REG-0488","EVT-103","2026-08-06","Aylin","Aksoy","aylin.aksoy488@example.com","MetricLab","Student","Partner","Confirmed","Paid","79","79","Not Checked In","Yes"
"REG-0489","EVT-103","2026-07-18","Burak","Arslan","burak.arslan489@example.com","Bosporus Digital","Standard","Referral","Cancelled","Refunded","149","-149","Not Eligible","Yes"
"REG-0490","EVT-103","2026-08-21","Deniz","Polat","deniz.polat490@example.com","Freelance","Standard","Email","Confirmed","Paid","149","149","Not Checked In","Yes"
"REG-0491","EVT-103","2026-07-18","Deniz","Demir","deniz.demir491@example.com","Freelance","VIP","Partner","Confirmed","Paid","299","299","Checked In","No"
"REG-0492","EVT-103","2026-07-28","Can","Aksoy","can.aksoy492@example.com","Vertex Advisory","Standard","Referral","Confirmed","Paid","149","149","Checked In","Yes"
"REG-0493","EVT-103","2026-08-21","Can","Koc","can.koc493@example.com","Arda Retail","Standard","Partner","Confirmed","Paid","149","149","Checked In","Yes"
"REG-0494","EVT-103","2026-08-23","Mert","Arslan","mert.arslan494@example.com","Freelance","Standard","Email","Confirmed","Paid","149","149","Checked In","Yes"
"REG-0495","EVT-103","2026-09-07","Burak","Sahin","burak.sahin495@example.com","Marmara Tech","Standard","Email","Confirmed","Paid","149","149","Not Checked In","Yes"
"REG-0496","EVT-103","2026-09-07","Ece","Sahin","ece.sahin496@example.com","Marmara Tech","Standard","Email","Confirmed","Paid","149","149","Checked In","Yes"
"REG-0497","EVT-103","2026-08-01","Aylin","Polat","aylin.polat497@example.com","NovaWorks","Standard","Referral","Confirmed","Paid","149","149","Checked In","Yes"
"REG-0498","EVT-103","2026-08-17","Zeynep","Aydin","zeynep.aydin498@example.com","Vertex Advisory","Standard","Partner","Confirmed","Paid","149","149","Checked In","Yes"
"REG-0499","EVT-103","2026-08-16","Burak","Polat","burak.polat499@example.com","NovaWorks","Student","Organic Search","Confirmed","Paid","79","79","Checked In","Yes"
"REG-0500","EVT-104","2026-08-04","Deniz","Arslan","deniz.arslan500@example.com","Freelance","Standard","Organic Search","Confirmed","Paid","149","149","Checked In","Yes"
"REG-0501","EVT-104","2026-08-06","Selin","Celik","selin.celik501@example.com","Bosporus Digital","Speaker","Email","Confirmed","Complimentary","0","0","Checked In","Yes"
"REG-0502","EVT-104","2026-08-22","Zeynep","Polat","zeynep.polat502@example.com","Marmara Tech","Student","Referral","Cancelled","Refunded","79","-79","Not Eligible","Yes"
"REG-0503","EVT-104","2026-08-22","Elif","Sahin","elif.sahin503@example.com","Freelance","Student","Organic Search","Confirmed","Paid","79","79","Checked In","Yes"
"REG-0504","EVT-104","2026-09-08","Mert","Yilmaz","mert.yilmaz504@example.com","MetricLab","Student","Email","Confirmed","Paid","79","79","Not Checked In","Yes"
"REG-0505","EVT-104","2026-08-14","Burak","Celik","burak.celik505@example.com","Arda Retail","Standard","Referral","Pending","Unpaid","149","0","Not Eligible","Yes"
"REG-0506","EVT-104","2026-08-02","Derya","Demir","derya.demir506@example.com","MetricLab","Student","Email","Confirmed","Paid","79","79","Checked In","Yes"
"REG-0507","EVT-104","2026-08-28","Deniz","Koc","deniz.koc507@example.com","ClearView Ops","Standard","Partner","Confirmed","Paid","149","149","Checked In","Yes"
"REG-0508","EVT-104","2026-08-23","Elif","Kaya","elif.kaya508@example.com","ClearView Ops","Standard","Partner","Confirmed","Paid","149","149","Checked In","Yes"
"REG-0509","EVT-104","2026-08-17","Deniz","Sahin","deniz.sahin509@example.com","Vertex Advisory","Standard","Organic Search","Cancelled","Refunded","149","-149","Not Eligible","Yes"
"REG-0510","EVT-104","2026-08-19","Elif","Celik","elif.celik510@example.com","Arda Retail","Student","LinkedIn","Confirmed","Paid","79","79","Checked In","Yes"
"REG-0511","EVT-104","2026-08-17","Can","Kaya","can.kaya511@example.com","NovaWorks","Student","Organic Search","Confirmed","Paid","79","79","Checked In","Yes"
"REG-0512","EVT-104","2026-08-25","Ece","Polat","ece.polat512@example.com","Arda Retail","Student","Organic Search","Confirmed","Paid","79","79","Checked In","Yes"
"REG-0513","EVT-104","2026-07-27","Kerem","Celik","kerem.celik513@example.com","Freelance","Standard","LinkedIn","Confirmed","Paid","149","149","Checked In","No"
"REG-0514","EVT-104","2026-08-11","Mert","Aksoy","mert.aksoy514@example.com","ClearView Ops","Standard","Referral","Confirmed","Paid","149","149","Checked In","Yes"
"REG-0515","EVT-104","2026-09-04","Emre","Celik","emre.celik515@example.com","Vertex Advisory","Standard","Email","Confirmed","Paid","149","149","Checked In","Yes"
"REG-0516","EVT-104","2026-08-31","Mert","Polat","mert.polat516@example.com","ClearView Ops","Standard","Email","Confirmed","Unpaid","149","0","Not Checked In","Yes"
"REG-0517","EVT-104","2026-08-03","Burak","Arslan","burak.arslan517@example.com","Arda Retail","Standard","Organic Search","Confirmed","Paid","149","149","Checked In","Yes"
"REG-0518","EVT-104","2026-08-12","Deniz","Celik","deniz.celik518@example.com","Freelance","Standard","Organic Search","Confirmed","Paid","149","149","Checked In","Yes"
"REG-0519","EVT-104","2026-07-20","Kerem","Yilmaz","kerem.yilmaz519@example.com","ClearView Ops","Standard","Referral","Confirmed","Paid","149","149","Checked In","Yes"
"REG-0520","EVT-104","2026-09-02","Ece","Celik","ece.celik520@example.com","Vertex Advisory","Standard","Email","Confirmed","Paid","149","149","Checked In","Yes"
"REG-0521","EVT-104","2026-09-09","Mert","Sahin","mert.sahin521@example.com","Vertex Advisory","Student","Email","Confirmed","Paid","79","79","Checked In","Yes"
"REG-0522","EVT-104","2026-09-07","Aylin","Koc","aylin.koc522@example.com","NovaWorks","Student","Email","Confirmed","Paid","79","79","Checked In","Yes"
"REG-0523","EVT-104","2026-08-19","Mert","Arslan","mert.arslan523@example.com","NovaWorks","VIP","Partner","Confirmed","Paid","299","299","Not Checked In","Yes"
"REG-0524","EVT-104","2026-08-23","Burak","Kaya","burak.kaya524@example.com","Vertex Advisory","Standard","Organic Search","Confirmed","Paid","149","149","Checked In","Yes"
"REG-0525","EVT-104","2026-08-17","Selin","Koc","selin.koc525@example.com","Freelance","VIP","LinkedIn","Confirmed","Paid","299","299","Checked In","Yes"
"REG-0526","EVT-104","2026-08-25","Emre","Aydin","emre.aydin526@example.com","Vertex Advisory","VIP","Email","Cancelled","Refunded","299","-299","Not Eligible","Yes"
"REG-0527","EVT-104","2026-08-03","Kerem","Aksoy","kerem.aksoy527@example.com","Vertex Advisory","Student","LinkedIn","Confirmed","Paid","79","79","Checked In","Yes"
"REG-0528","EVT-104","2026-09-04","Derya","Yilmaz","derya.yilmaz528@example.com","Vertex Advisory","Standard","Organic Search","Confirmed","Unpaid","149","0","Not Checked In","Yes"
"REG-0529","EVT-104","2026-09-03","Can","Aydin","can.aydin529@example.com","MetricLab","Student","LinkedIn","Pending","Unpaid","79","0","Not Eligible","Yes"
"REG-0530","EVT-104","2026-07-22","Can","Koc","can.koc530@example.com","Marmara Tech","Standard","Email","Confirmed","Paid","149","149","Checked In","Yes"
"REG-0531","EVT-104","2026-08-11","Selin","Sahin","selin.sahin531@example.com","ClearView Ops","Standard","Referral","Confirmed","Paid","149","149","Checked In","Yes"
"REG-0532","EVT-104","2026-08-14","Elif","Sahin","elif.sahin532@example.com","NovaWorks","Standard","Referral","Confirmed","Paid","149","149","Checked In","Yes"
"REG-0533","EVT-104","2026-07-31","Zeynep","Yilmaz","zeynep.yilmaz533@example.com","Vertex Advisory","Standard","Partner","Confirmed","Paid","149","149","Checked In","Yes"
"REG-0534","EVT-104","2026-08-12","Elif","Polat","elif.polat534@example.com","NovaWorks","Standard","Organic Search","Confirmed","Paid","149","149","Checked In","Yes"
"REG-0535","EVT-104","2026-08-04","Aylin","Celik","aylin.celik535@example.com","ClearView Ops","VIP","Organic Search","Confirmed","Paid","299","299","Checked In","Yes"
"REG-0536","EVT-104","2026-08-11","Derya","Aydin","derya.aydin536@example.com","Marmara Tech","VIP","Email","Confirmed","Paid","299","299","Checked In","Yes"
"REG-0537","EVT-104","2026-08-27","Can","Aydin","can.aydin537@example.com","NovaWorks","Standard","LinkedIn","Confirmed","Paid","149","149","Checked In","Yes"
"REG-0538","EVT-104","2026-08-31","Kerem","Arslan","kerem.arslan538@example.com","NovaWorks","Standard","Email","Pending","Unpaid","149","0","Not Eligible","Yes"
"REG-0539","EVT-104","2026-07-27","Ece","Aydin","ece.aydin539@example.com","Marmara Tech","Student","Organic Search","Confirmed","Paid","79","79","Checked In","Yes"
"REG-0540","EVT-104","2026-08-27","Kerem","Koc","kerem.koc540@example.com","Vertex Advisory","Standard","Referral","Cancelled","Refunded","149","-149","Not Eligible","Yes"
"REG-0541","EVT-104","2026-08-17","Selin","Yilmaz","selin.yilmaz541@example.com","Vertex Advisory","Standard","LinkedIn","Cancelled","Refunded","149","-149","Not Eligible","Yes"
"REG-0542","EVT-104","2026-07-23","Emre","Koc","emre.koc542@example.com","NovaWorks","Student","Email","Confirmed","Paid","79","79","Checked In","Yes"
"REG-0543","EVT-104","2026-09-06","Derya","Celik","derya.celik543@example.com","MetricLab","Standard","Partner","Confirmed","Paid","149","149","Not Checked In","Yes"
"REG-0544","EVT-104","2026-08-20","Kerem","Sahin","kerem.sahin544@example.com","Vertex Advisory","Standard","Organic Search","Confirmed","Paid","149","149","Checked In","Yes"
"REG-0545","EVT-104","2026-08-06","Deniz","Koc","deniz.koc545@example.com","Marmara Tech","VIP","Email","Confirmed","Paid","299","299","Not Checked In","Yes"
"REG-0546","EVT-104","2026-07-22","Derya","Polat","derya.polat546@example.com","Marmara Tech","VIP","LinkedIn","Confirmed","Paid","299","299","Not Checked In","Yes"
"REG-0547","EVT-104","2026-08-21","Deniz","Kaya","deniz.kaya547@example.com","Arda Retail","VIP","Partner","Confirmed","Paid","299","299","Checked In","Yes"
"REG-0548","EVT-104","2026-07-30","Deniz","Sahin","deniz.sahin548@example.com","ClearView Ops","Standard","Email","Confirmed","Paid","149","149","Checked In","Yes"
"REG-0549","EVT-104","2026-08-03","Ece","Kaya","ece.kaya549@example.com","Bosporus Digital","Standard","LinkedIn","Confirmed","Paid","149","149","Checked In","Yes"
"REG-0550","EVT-104","2026-09-08","Aylin","Koc","aylin.koc550@example.com","NovaWorks","Standard","Referral","Confirmed","Paid","149","149","Checked In","Yes"
"REG-0551","EVT-104","2026-08-09","Emre","Yilmaz","emre.yilmaz551@example.com","Freelance","Standard","Referral","Pending","Unpaid","149","0","Not Eligible","Yes"
"REG-0552","EVT-104","2026-08-14","Can","Polat","can.polat552@example.com","Bosporus Digital","VIP","Partner","Confirmed","Paid","299","299","Checked In","Yes"
"REG-0553","EVT-104","2026-08-02","Can","Sahin","can.sahin553@example.com","MetricLab","Standard","Email","Confirmed","Paid","149","149","Checked In","Yes"
"REG-0554","EVT-104","2026-07-27","Mert","Kaya","mert.kaya554@example.com","NovaWorks","Standard","Partner","Confirmed","Paid","149","149","Checked In","Yes"
"REG-0555","EVT-104","2026-08-22","Emre","Arslan","emre.arslan555@example.com","Marmara Tech","Student","LinkedIn","Confirmed","Paid","79","79","Checked In","Yes"
"REG-0556","EVT-104","2026-08-09","Ece","Demir","ece.demir556@example.com","ClearView Ops","VIP","LinkedIn","Confirmed","Paid","299","299","Checked In","Yes"
"REG-0557","EVT-104","2026-09-05","Deniz","Demir","deniz.demir557@example.com","Arda Retail","Standard","Partner","Confirmed","Paid","149","149","Checked In","Yes"
"REG-0558","EVT-104","2026-09-03","Burak","Yilmaz","burak.yilmaz558@example.com","Bosporus Digital","Student","LinkedIn","Confirmed","Paid","79","79","Checked In","Yes"
"REG-0559","EVT-104","2026-08-14","Elif","Aydin","elif.aydin559@example.com","Bosporus Digital","Student","LinkedIn","Confirmed","Unpaid","79","0","Not Checked In","Yes"
"REG-0560","EVT-104","2026-08-14","Mert","Kaya","mert.kaya560@example.com","NovaWorks","Standard","Email","Confirmed","Paid","149","149","Checked In","Yes"
"REG-0561","EVT-104","2026-08-30","Deniz","Koc","deniz.koc561@example.com","Bosporus Digital","Standard","Partner","Confirmed","Paid","149","149","Checked In","Yes"
"REG-0562","EVT-104","2026-08-26","Zeynep","Aydin","zeynep.aydin562@example.com","Freelance","Standard","Referral","Confirmed","Paid","149","149","Checked In","Yes"
"REG-0563","EVT-104","2026-08-25","Kerem","Aksoy","kerem.aksoy563@example.com","Bosporus Digital","Standard","Email","Confirmed","Unpaid","149","0","Not Checked In","Yes"
"REG-0564","EVT-104","2026-09-10","Ece","Polat","ece.polat564@example.com","Arda Retail","Student","Email","Confirmed","Paid","79","79","Not Checked In","Yes"
"REG-0565","EVT-104","2026-08-25","Mert","Sahin","mert.sahin565@example.com","ClearView Ops","Standard","LinkedIn","Confirmed","Paid","149","149","Checked In","Yes"
"REG-0566","EVT-104","2026-07-18","Emre","Demir","emre.demir566@example.com","Arda Retail","Standard","Referral","Cancelled","Refunded","149","-149","Not Eligible","Yes"
"REG-0567","EVT-104","2026-08-15","Selin","Polat","selin.polat567@example.com","ClearView Ops","VIP","Partner","Confirmed","Unpaid","299","0","Not Checked In","Yes"
"REG-0568","EVT-104","2026-08-05","Selin","Polat","selin.polat568@example.com","Bosporus Digital","Standard","Referral","Confirmed","Paid","149","149","Checked In","Yes"
"REG-0569","EVT-104","2026-08-17","Can","Polat","can.polat569@example.com","ClearView Ops","Standard","Partner","Cancelled","Refunded","149","-149","Not Eligible","No"
"REG-0570","EVT-104","2026-08-26","Can","Yilmaz","can.yilmaz570@example.com","ClearView Ops","Standard","Organic Search","Confirmed","Paid","149","149","Checked In","No"
"REG-0571","EVT-104","2026-08-05","Emre","Yilmaz","emre.yilmaz571@example.com","NovaWorks","Student","Partner","Confirmed","Paid","79","79","Not Checked In","Yes"
"REG-0572","EVT-104","2026-08-04","Derya","Yilmaz","derya.yilmaz572@example.com","MetricLab","Standard","LinkedIn","Confirmed","Paid","149","149","Checked In","Yes"
"REG-0573","EVT-104","2026-07-23","Zeynep","Arslan","zeynep.arslan573@example.com","Arda Retail","VIP","Referral","Confirmed","Paid","299","299","Not Checked In","Yes"
"REG-0574","EVT-104","2026-07-23","Selin","Kaya","selin.kaya574@example.com","Marmara Tech","Standard","Organic Search","Pending","Unpaid","149","0","Not Eligible","Yes"
"REG-0575","EVT-104","2026-07-31","Zeynep","Kaya","zeynep.kaya575@example.com","ClearView Ops","Student","LinkedIn","Confirmed","Paid","79","79","Checked In","Yes"
"REG-0576","EVT-104","2026-08-05","Ece","Aydin","ece.aydin576@example.com","NovaWorks","Standard","Referral","Pending","Unpaid","149","0","Not Eligible","Yes"
"REG-0577","EVT-104","2026-08-23","Deniz","Celik","deniz.celik577@example.com","Vertex Advisory","Standard","Email","Confirmed","Paid","149","149","Checked In","Yes"
"REG-0578","EVT-104","2026-08-25","Kerem","Kaya","kerem.kaya578@example.com","Freelance","Standard","Organic Search","Confirmed","Paid","149","149","Checked In","Yes"
"REG-0579","EVT-104","2026-08-07","Aylin","Koc","aylin.koc579@example.com","Arda Retail","Standard","Email","Confirmed","Paid","149","149","Checked In","Yes"
"REG-0580","EVT-104","2026-08-12","Burak","Kaya","burak.kaya580@example.com","Bosporus Digital","VIP","Organic Search","Confirmed","Paid","299","299","Not Checked In","Yes"
"REG-0581","EVT-104","2026-07-15","Aylin","Arslan","aylin.arslan581@example.com","NovaWorks","VIP","Organic Search","Confirmed","Paid","299","299","Not Checked In","Yes"
"REG-0582","EVT-104","2026-08-09","Can","Yilmaz","can.yilmaz582@example.com","ClearView Ops","VIP","Referral","Confirmed","Paid","299","299","Checked In","Yes"
"REG-0583","EVT-104","2026-09-01","Elif","Demir","elif.demir583@example.com","MetricLab","Standard","Partner","Cancelled","Refunded","149","-149","Not Eligible","Yes"
"REG-0584","EVT-104","2026-08-07","Derya","Aydin","derya.aydin584@example.com","ClearView Ops","Standard","Referral","Confirmed","Paid","149","149","Checked In","Yes"
"REG-0585","EVT-104","2026-08-16","Zeynep","Celik","zeynep.celik585@example.com","MetricLab","Standard","Referral","Confirmed","Paid","149","149","Checked In","Yes"
"REG-0586","EVT-104","2026-07-30","Emre","Yilmaz","emre.yilmaz586@example.com","MetricLab","Standard","Email","Cancelled","Refunded","149","-149","Not Eligible","Yes"
"REG-0587","EVT-104","2026-09-03","Emre","Celik","emre.celik587@example.com","NovaWorks","Student","Referral","Confirmed","Paid","79","79","Checked In","Yes"
"REG-0588","EVT-104","2026-08-26","Can","Polat","can.polat588@example.com","MetricLab","Standard","Partner","Confirmed","Paid","149","149","Checked In","No"
"REG-0589","EVT-104","2026-09-04","Selin","Sahin","selin.sahin589@example.com","ClearView Ops","VIP","Referral","Cancelled","Refunded","299","-299","Not Eligible","Yes"
"REG-0590","EVT-104","2026-08-19","Can","Aksoy","can.aksoy590@example.com","Bosporus Digital","Standard","Partner","Confirmed","Unpaid","149","0","Not Checked In","Yes"
"REG-0591","EVT-104","2026-08-07","Emre","Koc","emre.koc591@example.com","Freelance","VIP","Organic Search","Confirmed","Paid","299","299","Checked In","Yes"
"REG-0592","EVT-104","2026-08-24","Aylin","Kaya","aylin.kaya592@example.com","MetricLab","VIP","LinkedIn","Confirmed","Paid","299","299","Not Checked In","Yes"
"REG-0593","EVT-104","2026-08-17","Mert","Polat","mert.polat593@example.com","Freelance","Standard","LinkedIn","Confirmed","Paid","149","149","Checked In","Yes"
"REG-0594","EVT-104","2026-08-28","Aylin","Yilmaz","aylin.yilmaz594@example.com","Arda Retail","Standard","LinkedIn","Confirmed","Paid","149","149","Checked In","Yes"
"REG-0595","EVT-104","2026-08-13","Can","Sahin","can.sahin595@example.com","Arda Retail","Standard","Referral","Pending","Unpaid","149","0","Not Eligible","Yes"
"REG-0596","EVT-104","2026-09-03","Zeynep","Aksoy","zeynep.aksoy596@example.com","Bosporus Digital","Standard","Email","Confirmed","Paid","149","149","Checked In","Yes"
"REG-0597","EVT-104","2026-08-26","Emre","Aksoy","emre.aksoy597@example.com","MetricLab","VIP","Referral","Confirmed","Paid","299","299","Checked In","Yes"
"REG-0598","EVT-104","2026-08-25","Deniz","Yilmaz","deniz.yilmaz598@example.com","Arda Retail","Standard","Referral","Confirmed","Paid","149","149","Checked In","Yes"
"REG-0599","EVT-104","2026-08-20","Mert","Demir","mert.demir599@example.com","Bosporus Digital","Standard","Referral","Cancelled","Refunded","149","-149","Not Eligible","Yes"
"REG-0600","EVT-104","2026-07-18","Mert","Aydin","mert.aydin600@example.com","Freelance","Standard","Partner","Confirmed","Paid","149","149","Checked In","Yes"
"REG-0601","EVT-104","2026-08-05","Mert","Kaya","mert.kaya601@example.com","Marmara Tech","Student","LinkedIn","Confirmed","Paid","79","79","Not Checked In","Yes"
"REG-0602","EVT-104","2026-07-29","Can","Aksoy","can.aksoy602@example.com","Arda Retail","Standard","LinkedIn","Confirmed","Paid","149","149","Checked In","Yes"
"REG-0603","EVT-104","2026-07-24","Selin","Polat","selin.polat603@example.com","Bosporus Digital","Standard","Referral","Confirmed","Paid","149","149","Checked In","Yes"
"REG-0604","EVT-104","2026-09-05","Zeynep","Aksoy","zeynep.aksoy604@example.com","Arda Retail","Standard","LinkedIn","Confirmed","Unpaid","149","0","Not Checked In","Yes"
"REG-0605","EVT-104","2026-08-09","Emre","Aydin","emre.aydin605@example.com","Vertex Advisory","Student","LinkedIn","Confirmed","Paid","79","79","Checked In","Yes"
"REG-0606","EVT-104","2026-07-24","Zeynep","Yilmaz","zeynep.yilmaz606@example.com","Arda Retail","Standard","Partner","Confirmed","Paid","149","149","Checked In","Yes"
"REG-0607","EVT-104","2026-09-07","Kerem","Aydin","kerem.aydin607@example.com","Vertex Advisory","Standard","Referral","Pending","Unpaid","149","0","Not Eligible","Yes"
"REG-0608","EVT-104","2026-09-02","Derya","Arslan","derya.arslan608@example.com","NovaWorks","Standard","LinkedIn","Confirmed","Paid","149","149","Checked In","Yes"
"REG-0609","EVT-104","2026-09-09","Kerem","Sahin","kerem.sahin609@example.com","Vertex Advisory","Standard","Partner","Confirmed","Paid","149","149","Checked In","Yes"
"REG-0610","EVT-104","2026-09-09","Emre","Polat","emre.polat610@example.com","Bosporus Digital","Standard","Partner","Confirmed","Paid","149","149","Not Checked In","Yes"
"REG-0611","EVT-104","2026-09-01","Mert","Arslan","mert.arslan611@example.com","Vertex Advisory","Standard","Organic Search","Confirmed","Paid","149","149","Not Checked In","Yes"
"REG-0612","EVT-104","2026-08-09","Deniz","Aydin","deniz.aydin612@example.com","Arda Retail","Student","Referral","Confirmed","Paid","79","79","Checked In","Yes"
"REG-0613","EVT-104","2026-08-27","Emre","Demir","emre.demir613@example.com","NovaWorks","Standard","Referral","Confirmed","Paid","149","149","Checked In","Yes"
"REG-0614","EVT-104","2026-07-31","Ece","Aydin","ece.aydin614@example.com","Arda Retail","Standard","Organic Search","Confirmed","Paid","149","149","Checked In","Yes"
"REG-0615","EVT-104","2026-07-22","Zeynep","Arslan","zeynep.arslan615@example.com","Vertex Advisory","Standard","Email","Confirmed","Paid","149","149","Not Checked In","Yes"
"REG-0616","EVT-104","2026-08-22","Elif","Yilmaz","elif.yilmaz616@example.com","MetricLab","VIP","Partner","Confirmed","Paid","299","299","Checked In","No"
"REG-0617","EVT-104","2026-08-22","Zeynep","Arslan","zeynep.arslan617@example.com","Freelance","Standard","LinkedIn","Pending","Unpaid","149","0","Not Eligible","Yes"
"REG-0618","EVT-104","2026-08-20","Ece","Koc","ece.koc618@example.com","Arda Retail","Student","Referral","Confirmed","Paid","79","79","Checked In","Yes"
"REG-0619","EVT-104","2026-07-30","Zeynep","Celik","zeynep.celik619@example.com","NovaWorks","Standard","LinkedIn","Confirmed","Paid","149","149","Checked In","Yes"
"REG-0620","EVT-104","2026-07-15","Can","Aksoy","can.aksoy620@example.com","Marmara Tech","VIP","Email","Cancelled","Refunded","299","-299","Not Eligible","Yes"
"REG-0621","EVT-104","2026-08-31","Can","Aksoy","can.aksoy621@example.com","Marmara Tech","Standard","LinkedIn","Confirmed","Paid","149","149","Checked In","Yes"
"REG-0622","EVT-104","2026-08-29","Mert","Kaya","mert.kaya622@example.com","Bosporus Digital","Standard","LinkedIn","Confirmed","Paid","149","149","Checked In","Yes"
"REG-0623","EVT-104","2026-07-23","Ece","Yilmaz","ece.yilmaz623@example.com","Marmara Tech","Standard","Organic Search","Confirmed","Paid","149","149","Checked In","Yes"
"REG-0624","EVT-104","2026-07-27","Kerem","Koc","kerem.koc624@example.com","MetricLab","Standard","Referral","Confirmed","Paid","149","149","Checked In","Yes"
"REG-0625","EVT-104","2026-09-01","Emre","Kaya","emre.kaya625@example.com","Arda Retail","VIP","LinkedIn","Confirmed","Paid","299","299","Checked In","Yes"
"REG-0626","EVT-105","2026-09-02","Emre","Aydin","emre.aydin626@example.com","Bosporus Digital","Standard","Email","Confirmed","Paid","149","149","Checked In","Yes"
"REG-0627","EVT-105","2026-07-24","Elif","Kaya","elif.kaya627@example.com","Arda Retail","Student","Referral","Confirmed","Paid","79","79","Checked In","Yes"
"REG-0628","EVT-105","2026-08-11","Aylin","Polat","aylin.polat628@example.com","NovaWorks","Standard","Email","Confirmed","Paid","149","149","Checked In","Yes"
"REG-0629","EVT-105","2026-08-08","Mert","Kaya","mert.kaya629@example.com","Arda Retail","Standard","Email","Confirmed","Paid","149","149","Not Checked In","Yes"
"REG-0630","EVT-105","2026-07-18","Zeynep","Kaya","zeynep.kaya630@example.com","ClearView Ops","VIP","LinkedIn","Confirmed","Paid","299","299","Not Checked In","Yes"
"REG-0631","EVT-105","2026-09-08","Selin","Aksoy","selin.aksoy631@example.com","NovaWorks","Standard","LinkedIn","Confirmed","Paid","149","149","Checked In","Yes"
"REG-0632","EVT-105","2026-07-23","Elif","Sahin","elif.sahin632@example.com","NovaWorks","Student","Referral","Confirmed","Paid","79","79","Checked In","Yes"
"REG-0633","EVT-105","2026-07-25","Zeynep","Demir","zeynep.demir633@example.com","MetricLab","VIP","Partner","Confirmed","Paid","299","299","Checked In","Yes"
"REG-0634","EVT-105","2026-07-17","Kerem","Demir","kerem.demir634@example.com","Vertex Advisory","Standard","Organic Search","Confirmed","Paid","149","149","Not Checked In","Yes"
"REG-0635","EVT-105","2026-07-19","Deniz","Kaya","deniz.kaya635@example.com","MetricLab","VIP","Partner","Confirmed","Paid","299","299","Checked In","Yes"
"REG-0636","EVT-105","2026-07-18","Zeynep","Demir","zeynep.demir636@example.com","ClearView Ops","Student","Organic Search","Confirmed","Paid","79","79","Checked In","Yes"
"REG-0637","EVT-105","2026-07-29","Zeynep","Polat","zeynep.polat637@example.com","Bosporus Digital","Standard","Organic Search","Confirmed","Paid","149","149","Checked In","Yes"
"REG-0638","EVT-105","2026-07-22","Derya","Demir","derya.demir638@example.com","Vertex Advisory","Standard","Organic Search","Confirmed","Paid","149","149","Checked In","Yes"
"REG-0639","EVT-105","2026-07-31","Kerem","Aydin","kerem.aydin639@example.com","Arda Retail","Standard","Email","Confirmed","Paid","149","149","Not Checked In","Yes"
"REG-0640","EVT-105","2026-07-30","Ece","Demir","ece.demir640@example.com","MetricLab","Student","Email","Confirmed","Paid","79","79","Not Checked In","Yes"
"REG-0641","EVT-105","2026-09-07","Burak","Koc","burak.koc641@example.com","Marmara Tech","Standard","Organic Search","Confirmed","Paid","149","149","Checked In","Yes"
"REG-0642","EVT-105","2026-08-03","Zeynep","Polat","zeynep.polat642@example.com","Vertex Advisory","Standard","LinkedIn","Confirmed","Paid","149","149","Checked In","Yes"
"REG-0643","EVT-105","2026-08-12","Elif","Demir","elif.demir643@example.com","Bosporus Digital","Student","LinkedIn","Confirmed","Paid","79","79","Checked In","Yes"
"REG-0644","EVT-105","2026-07-23","Mert","Arslan","mert.arslan644@example.com","MetricLab","Standard","Referral","Cancelled","Refunded","149","-149","Not Eligible","Yes"
"REG-0645","EVT-105","2026-09-05","Elif","Polat","elif.polat645@example.com","NovaWorks","Standard","Organic Search","Confirmed","Paid","149","149","Checked In","Yes"
"REG-0646","EVT-105","2026-08-29","Can","Aksoy","can.aksoy646@example.com","MetricLab","Standard","Partner","Pending","Unpaid","149","0","Not Eligible","Yes"
"REG-0647","EVT-105","2026-07-16","Zeynep","Kaya","zeynep.kaya647@example.com","Vertex Advisory","Student","Organic Search","Confirmed","Unpaid","79","0","Not Checked In","Yes"
"REG-0648","EVT-105","2026-07-23","Kerem","Koc","kerem.koc648@example.com","Bosporus Digital","Student","Referral","Confirmed","Paid","79","79","Checked In","No"
"REG-0649","EVT-105","2026-08-07","Emre","Koc","emre.koc649@example.com","Marmara Tech","Standard","LinkedIn","Pending","Unpaid","149","0","Not Eligible","Yes"
"REG-0650","EVT-105","2026-07-23","Elif","Yilmaz","elif.yilmaz650@example.com","Bosporus Digital","Standard","LinkedIn","Confirmed","Paid","149","149","Checked In","Yes"
"REG-0651","EVT-105","2026-08-01","Deniz","Yilmaz","deniz.yilmaz651@example.com","Freelance","Student","Organic Search","Confirmed","Paid","79","79","Checked In","Yes"
"REG-0652","EVT-105","2026-07-23","Can","Demir","can.demir652@example.com","Freelance","Standard","Organic Search","Confirmed","Paid","149","149","Checked In","No"
"REG-0653","EVT-105","2026-09-05","Kerem","Sahin","kerem.sahin653@example.com","ClearView Ops","Speaker","Email","Confirmed","Complimentary","0","0","Not Checked In","Yes"
"REG-0654","EVT-105","2026-08-15","Deniz","Kaya","deniz.kaya654@example.com","Vertex Advisory","Standard","Partner","Confirmed","Paid","149","149","Not Checked In","Yes"
"REG-0655","EVT-105","2026-07-22","Aylin","Demir","aylin.demir655@example.com","Vertex Advisory","Standard","Email","Confirmed","Paid","149","149","Not Checked In","Yes"
"REG-0656","EVT-105","2026-09-09","Derya","Polat","derya.polat656@example.com","ClearView Ops","Standard","Referral","Cancelled","Refunded","149","-149","Not Eligible","No"
"REG-0657","EVT-105","2026-08-16","Deniz","Aydin","deniz.aydin657@example.com","NovaWorks","Standard","Partner","Confirmed","Paid","149","149","Checked In","Yes"
"REG-0658","EVT-105","2026-07-18","Selin","Arslan","selin.arslan658@example.com","Marmara Tech","Student","Organic Search","Cancelled","Refunded","79","-79","Not Eligible","Yes"
"REG-0659","EVT-105","2026-08-31","Can","Koc","can.koc659@example.com","NovaWorks","Student","Referral","Confirmed","Paid","79","79","Checked In","Yes"
"REG-0660","EVT-105","2026-09-02","Can","Polat","can.polat660@example.com","ClearView Ops","Standard","Organic Search","Confirmed","Paid","149","149","Checked In","Yes"
"REG-0661","EVT-105","2026-08-11","Burak","Kaya","burak.kaya661@example.com","Vertex Advisory","Speaker","Organic Search","Confirmed","Complimentary","0","0","Checked In","No"
"REG-0662","EVT-105","2026-08-30","Deniz","Aksoy","deniz.aksoy662@example.com","Freelance","Standard","Organic Search","Confirmed","Paid","149","149","Checked In","Yes"
"REG-0663","EVT-105","2026-09-09","Derya","Celik","derya.celik663@example.com","Vertex Advisory","Standard","Referral","Confirmed","Paid","149","149","Checked In","Yes"
"REG-0664","EVT-105","2026-08-31","Can","Kaya","can.kaya664@example.com","Freelance","VIP","Partner","Confirmed","Paid","299","299","Checked In","Yes"
"REG-0665","EVT-105","2026-07-23","Derya","Polat","derya.polat665@example.com","ClearView Ops","Standard","Email","Confirmed","Paid","149","149","Checked In","Yes"
"REG-0666","EVT-105","2026-08-26","Mert","Polat","mert.polat666@example.com","Vertex Advisory","Speaker","LinkedIn","Pending","Complimentary","0","0","Not Eligible","Yes"
"REG-0667","EVT-105","2026-07-31","Elif","Demir","elif.demir667@example.com","Arda Retail","Standard","Partner","Confirmed","Paid","149","149","Checked In","Yes"
"REG-0668","EVT-105","2026-09-08","Zeynep","Arslan","zeynep.arslan668@example.com","ClearView Ops","Student","Partner","Confirmed","Paid","79","79","Checked In","Yes"
"REG-0669","EVT-105","2026-08-24","Mert","Demir","mert.demir669@example.com","Freelance","Standard","Referral","Confirmed","Paid","149","149","Checked In","Yes"
"REG-0670","EVT-105","2026-08-01","Kerem","Polat","kerem.polat670@example.com","Arda Retail","Standard","Email","Pending","Unpaid","149","0","Not Eligible","Yes"
"REG-0671","EVT-105","2026-08-12","Ece","Aksoy","ece.aksoy671@example.com","Bosporus Digital","VIP","LinkedIn","Confirmed","Paid","299","299","Checked In","Yes"
"REG-0672","EVT-105","2026-08-09","Derya","Arslan","derya.arslan672@example.com","Arda Retail","Standard","Organic Search","Cancelled","Refunded","149","-149","Not Eligible","Yes"
"REG-0673","EVT-105","2026-07-16","Zeynep","Sahin","zeynep.sahin673@example.com","MetricLab","Student","Email","Confirmed","Paid","79","79","Checked In","Yes"
"REG-0674","EVT-105","2026-07-15","Ece","Koc","ece.koc674@example.com","Vertex Advisory","Standard","Partner","Confirmed","Paid","149","149","Checked In","Yes"
"REG-0675","EVT-105","2026-08-29","Derya","Celik","derya.celik675@example.com","MetricLab","Standard","Organic Search","Confirmed","Paid","149","149","Checked In","Yes"
"REG-0676","EVT-105","2026-08-07","Mert","Kaya","mert.kaya676@example.com","Freelance","Standard","Referral","Confirmed","Paid","149","149","Checked In","Yes"
"REG-0677","EVT-105","2026-07-25","Aylin","Sahin","aylin.sahin677@example.com","Marmara Tech","Standard","Referral","Confirmed","Paid","149","149","Checked In","Yes"
"REG-0678","EVT-105","2026-08-30","Emre","Sahin","emre.sahin678@example.com","Marmara Tech","Standard","Partner","Confirmed","Paid","149","149","Checked In","Yes"
"REG-0679","EVT-105","2026-08-01","Emre","Koc","emre.koc679@example.com","MetricLab","Standard","Partner","Confirmed","Paid","149","149","Checked In","Yes"
"REG-0680","EVT-105","2026-07-19","Kerem","Yilmaz","kerem.yilmaz680@example.com","MetricLab","Standard","Organic Search","Confirmed","Paid","149","149","Checked In","Yes"
"REG-0681","EVT-105","2026-08-24","Zeynep","Celik","zeynep.celik681@example.com","ClearView Ops","Standard","Referral","Confirmed","Paid","149","149","Not Checked In","No"
"REG-0682","EVT-105","2026-08-11","Aylin","Yilmaz","aylin.yilmaz682@example.com","ClearView Ops","Student","Partner","Confirmed","Paid","79","79","Checked In","Yes"
"REG-0683","EVT-105","2026-08-18","Burak","Demir","burak.demir683@example.com","Vertex Advisory","Standard","LinkedIn","Confirmed","Unpaid","149","0","Not Checked In","Yes"
"REG-0684","EVT-105","2026-07-29","Elif","Demir","elif.demir684@example.com","ClearView Ops","Standard","Partner","Confirmed","Paid","149","149","Checked In","Yes"
"REG-0685","EVT-105","2026-08-03","Elif","Celik","elif.celik685@example.com","Freelance","Standard","Partner","Confirmed","Paid","149","149","Checked In","Yes"
"REG-0686","EVT-105","2026-08-08","Zeynep","Demir","zeynep.demir686@example.com","Arda Retail","Student","Referral","Cancelled","Refunded","79","-79","Not Eligible","Yes"
"REG-0687","EVT-105","2026-08-18","Derya","Celik","derya.celik687@example.com","MetricLab","Standard","LinkedIn","Pending","Unpaid","149","0","Not Eligible","Yes"
"REG-0688","EVT-105","2026-07-30","Aylin","Polat","aylin.polat688@example.com","ClearView Ops","Standard","Partner","Confirmed","Paid","149","149","Checked In","Yes"
"REG-0689","EVT-105","2026-07-27","Selin","Koc","selin.koc689@example.com","Marmara Tech","Standard","Organic Search","Confirmed","Paid","149","149","Not Checked In","Yes"
"REG-0690","EVT-105","2026-08-29","Elif","Sahin","elif.sahin690@example.com","ClearView Ops","Student","Partner","Confirmed","Paid","79","79","Not Checked In","Yes"
"REG-0691","EVT-105","2026-07-17","Zeynep","Demir","zeynep.demir691@example.com","NovaWorks","Standard","Organic Search","Confirmed","Paid","149","149","Checked In","Yes"
"REG-0692","EVT-105","2026-07-19","Emre","Sahin","emre.sahin692@example.com","Vertex Advisory","Standard","Organic Search","Confirmed","Paid","149","149","Checked In","Yes"
"REG-0693","EVT-105","2026-08-01","Deniz","Aydin","deniz.aydin693@example.com","Vertex Advisory","Standard","Organic Search","Confirmed","Paid","149","149","Checked In","Yes"
"REG-0694","EVT-105","2026-08-10","Ece","Yilmaz","ece.yilmaz694@example.com","Bosporus Digital","Standard","Email","Confirmed","Paid","149","149","Checked In","Yes"
"REG-0695","EVT-105","2026-09-02","Deniz","Arslan","deniz.arslan695@example.com","Freelance","Standard","LinkedIn","Confirmed","Paid","149","149","Checked In","Yes"
"REG-0696","EVT-105","2026-08-22","Kerem","Kaya","kerem.kaya696@example.com","Marmara Tech","Standard","Partner","Confirmed","Paid","149","149","Checked In","Yes"
"REG-0697","EVT-105","2026-08-05","Deniz","Koc","deniz.koc697@example.com","Marmara Tech","VIP","Referral","Confirmed","Paid","299","299","Checked In","Yes"
"REG-0698","EVT-105","2026-08-23","Burak","Celik","burak.celik698@example.com","NovaWorks","Student","Organic Search","Confirmed","Paid","79","79","Checked In","Yes"
"REG-0699","EVT-105","2026-08-25","Zeynep","Yilmaz","zeynep.yilmaz699@example.com","Marmara Tech","Student","Organic Search","Confirmed","Paid","79","79","Checked In","Yes"
"REG-0700","EVT-105","2026-09-06","Derya","Aksoy","derya.aksoy700@example.com","NovaWorks","Standard","Organic Search","Confirmed","Paid","149","149","Checked In","Yes"
"REG-0701","EVT-105","2026-07-20","Elif","Kaya","elif.kaya701@example.com","MetricLab","Student","Email","Confirmed","Paid","79","79","Not Checked In","Yes"
"REG-0702","EVT-105","2026-07-30","Can","Aksoy","can.aksoy702@example.com","Vertex Advisory","VIP","Email","Confirmed","Paid","299","299","Checked In","Yes"
"REG-0703","EVT-105","2026-07-21","Aylin","Demir","aylin.demir703@example.com","Freelance","Student","Organic Search","Cancelled","Refunded","79","-79","Not Eligible","Yes"
"REG-0704","EVT-105","2026-08-04","Burak","Celik","burak.celik704@example.com","Vertex Advisory","Student","Organic Search","Confirmed","Paid","79","79","Checked In","Yes"
"REG-0705","EVT-105","2026-08-18","Elif","Sahin","elif.sahin705@example.com","Vertex Advisory","Standard","Email","Confirmed","Paid","149","149","Checked In","Yes"
"REG-0706","EVT-105","2026-08-04","Mert","Arslan","mert.arslan706@example.com","Bosporus Digital","Standard","Email","Cancelled","Refunded","149","-149","Not Eligible","Yes"
"REG-0707","EVT-105","2026-07-17","Zeynep","Kaya","zeynep.kaya707@example.com","ClearView Ops","Standard","Organic Search","Cancelled","Refunded","149","-149","Not Eligible","Yes"
"REG-0708","EVT-105","2026-08-19","Deniz","Celik","deniz.celik708@example.com","Marmara Tech","Student","Email","Confirmed","Paid","79","79","Checked In","Yes"
"REG-0709","EVT-105","2026-08-10","Elif","Koc","elif.koc709@example.com","Vertex Advisory","Standard","Organic Search","Confirmed","Paid","149","149","Checked In","Yes"
"REG-0710","EVT-105","2026-07-22","Ece","Koc","ece.koc710@example.com","Bosporus Digital","Standard","Partner","Pending","Unpaid","149","0","Not Eligible","Yes"
"REG-0711","EVT-105","2026-08-16","Deniz","Koc","deniz.koc711@example.com","Bosporus Digital","Standard","LinkedIn","Confirmed","Paid","149","149","Checked In","Yes"
"REG-0712","EVT-105","2026-07-30","Zeynep","Kaya","zeynep.kaya712@example.com","MetricLab","VIP","Referral","Confirmed","Paid","299","299","Not Checked In","Yes"
"REG-0713","EVT-105","2026-08-28","Deniz","Koc","deniz.koc713@example.com","Bosporus Digital","Standard","Organic Search","Confirmed","Unpaid","149","0","Not Checked In","Yes"
"REG-0714","EVT-105","2026-07-22","Selin","Yilmaz","selin.yilmaz714@example.com","NovaWorks","Standard","Email","Confirmed","Paid","149","149","Checked In","Yes"
"REG-0715","EVT-105","2026-07-28","Mert","Yilmaz","mert.yilmaz715@example.com","Freelance","Student","Referral","Pending","Unpaid","79","0","Not Eligible","Yes"
"REG-0716","EVT-105","2026-07-30","Zeynep","Polat","zeynep.polat716@example.com","ClearView Ops","Standard","Referral","Pending","Unpaid","149","0","Not Eligible","Yes"
"REG-0717","EVT-105","2026-09-04","Zeynep","Koc","zeynep.koc717@example.com","ClearView Ops","Standard","Referral","Confirmed","Paid","149","149","Checked In","Yes"
"REG-0718","EVT-105","2026-08-28","Selin","Sahin","selin.sahin718@example.com","Marmara Tech","Standard","Partner","Confirmed","Paid","149","149","Checked In","Yes"
"REG-0719","EVT-105","2026-08-26","Elif","Yilmaz","elif.yilmaz719@example.com","MetricLab","Student","Partner","Confirmed","Paid","79","79","Not Checked In","Yes"
"REG-0720","EVT-105","2026-08-29","Burak","Polat","burak.polat720@example.com","Freelance","Standard","Email","Confirmed","Paid","149","149","Checked In","Yes"
"REG-0721","EVT-105","2026-08-24","Can","Arslan","can.arslan721@example.com","Vertex Advisory","Standard","Referral","Confirmed","Paid","149","149","Checked In","Yes"
"REG-0722","EVT-105","2026-09-01","Elif","Yilmaz","elif.yilmaz722@example.com","Freelance","Student","Partner","Confirmed","Paid","79","79","Checked In","Yes"
"REG-0723","EVT-105","2026-08-09","Mert","Koc","mert.koc723@example.com","Freelance","Standard","LinkedIn","Confirmed","Paid","149","149","Checked In","Yes"
"REG-0724","EVT-105","2026-07-21","Ece","Sahin","ece.sahin724@example.com","Arda Retail","Standard","Email","Confirmed","Paid","149","149","Checked In","Yes"
"REG-0725","EVT-105","2026-08-10","Aylin","Sahin","aylin.sahin725@example.com","Freelance","Standard","Email","Confirmed","Paid","149","149","Not Checked In","Yes"
"REG-0726","EVT-105","2026-08-10","Derya","Aydin","derya.aydin726@example.com","Bosporus Digital","Student","Partner","Pending","Unpaid","79","0","Not Eligible","Yes"
"REG-0727","EVT-105","2026-07-15","Selin","Yilmaz","selin.yilmaz727@example.com","MetricLab","Standard","Partner","Cancelled","Refunded","149","-149","Not Eligible","Yes"
"REG-0728","EVT-105","2026-08-10","Elif","Aksoy","elif.aksoy728@example.com","Marmara Tech","Standard","Partner","Pending","Unpaid","149","0","Not Eligible","Yes"
"REG-0729","EVT-105","2026-08-13","Derya","Arslan","derya.arslan729@example.com","Vertex Advisory","Student","Email","Confirmed","Paid","79","79","Checked In","Yes"
"REG-0730","EVT-105","2026-08-20","Aylin","Kaya","aylin.kaya730@example.com","Bosporus Digital","Standard","Organic Search","Confirmed","Paid","149","149","Checked In","Yes"
"REG-0731","EVT-105","2026-08-05","Kerem","Arslan","kerem.arslan731@example.com","Vertex Advisory","Student","Partner","Confirmed","Unpaid","79","0","Not Checked In","Yes"
"REG-0732","EVT-105","2026-08-31","Mert","Kaya","mert.kaya732@example.com","NovaWorks","Student","Email","Confirmed","Paid","79","79","Checked In","Yes"
"REG-0733","EVT-105","2026-08-06","Kerem","Celik","kerem.celik733@example.com","Arda Retail","Standard","LinkedIn","Confirmed","Paid","149","149","Checked In","No"
"REG-0734","EVT-105","2026-07-18","Emre","Aksoy","emre.aksoy734@example.com","Vertex Advisory","Student","Email","Confirmed","Paid","79","79","Not Checked In","Yes"
"REG-0735","EVT-105","2026-09-03","Kerem","Kaya","kerem.kaya735@example.com","Vertex Advisory","Standard","LinkedIn","Confirmed","Paid","149","149","Checked In","Yes"
"REG-0736","EVT-105","2026-08-16","Kerem","Sahin","kerem.sahin736@example.com","MetricLab","Standard","Email","Pending","Unpaid","149","0","Not Eligible","Yes"
"REG-0737","EVT-105","2026-08-27","Zeynep","Aksoy","zeynep.aksoy737@example.com","Marmara Tech","Student","Referral","Confirmed","Unpaid","79","0","Not Checked In","Yes"
"REG-0738","EVT-105","2026-08-13","Mert","Koc","mert.koc738@example.com","Freelance","Student","Partner","Confirmed","Paid","79","79","Not Checked In","Yes"
"REG-0739","EVT-105","2026-07-16","Ece","Sahin","ece.sahin739@example.com","Marmara Tech","Standard","LinkedIn","Confirmed","Paid","149","149","Checked In","Yes"
"REG-0740","EVT-105","2026-08-13","Zeynep","Demir","zeynep.demir740@example.com","Marmara Tech","Student","Partner","Confirmed","Paid","79","79","Checked In","Yes"
"REG-0741","EVT-105","2026-08-11","Mert","Aksoy","mert.aksoy741@example.com","Vertex Advisory","Speaker","Email","Confirmed","Complimentary","0","0","Checked In","Yes"
"REG-0742","EVT-105","2026-07-31","Derya","Aydin","derya.aydin742@example.com","NovaWorks","Standard","Email","Confirmed","Paid","149","149","Checked In","Yes"
"REG-0743","EVT-105","2026-07-25","Mert","Yilmaz","mert.yilmaz743@example.com","NovaWorks","VIP","Email","Pending","Unpaid","299","0","Not Eligible","Yes"
"REG-0744","EVT-105","2026-09-07","Burak","Polat","burak.polat744@example.com","Bosporus Digital","Student","Partner","Confirmed","Paid","79","79","Checked In","Yes"
"REG-0745","EVT-105","2026-07-21","Emre","Sahin","emre.sahin745@example.com","Marmara Tech","Standard","LinkedIn","Confirmed","Paid","149","149","Checked In","Yes"
"REG-0746","EVT-105","2026-09-04","Mert","Aksoy","mert.aksoy746@example.com","Bosporus Digital","Standard","Partner","Cancelled","Refunded","149","-149","Not Eligible","Yes"
"REG-0747","EVT-105","2026-08-21","Aylin","Aydin","aylin.aydin747@example.com","Bosporus Digital","Student","LinkedIn","Confirmed","Paid","79","79","Checked In","Yes"
"REG-0748","EVT-105","2026-08-31","Elif","Celik","elif.celik748@example.com","NovaWorks","Standard","Organic Search","Confirmed","Paid","149","149","Checked In","Yes"
"REG-0749","EVT-105","2026-07-28","Elif","Arslan","elif.arslan749@example.com","MetricLab","Standard","Partner","Confirmed","Paid","149","149","Checked In","Yes"
"REG-0750","EVT-105","2026-08-09","Burak","Polat","burak.polat750@example.com","MetricLab","Standard","Organic Search","Confirmed","Paid","149","149","Checked In","Yes"
"REG-0751","EVT-105","2026-08-15","Mert","Aydin","mert.aydin751@example.com","Freelance","Student","LinkedIn","Confirmed","Paid","79","79","Checked In","Yes"
"REG-0752","EVT-105","2026-08-18","Aylin","Celik","aylin.celik752@example.com","Marmara Tech","VIP","LinkedIn","Confirmed","Paid","299","299","Checked In","Yes"
"REG-0753","EVT-105","2026-07-24","Burak","Koc","burak.koc753@example.com","MetricLab","Standard","LinkedIn","Confirmed","Paid","149","149","Not Checked In","Yes"
"REG-0754","EVT-105","2026-07-24","Selin","Aydin","selin.aydin754@example.com","ClearView Ops","VIP","Referral","Confirmed","Unpaid","299","0","Not Checked In","Yes"
"REG-0755","EVT-105","2026-08-08","Elif","Celik","elif.celik755@example.com","NovaWorks","Standard","Organic Search","Confirmed","Paid","149","149","Checked In","Yes"
"REG-0756","EVT-105","2026-07-15","Emre","Sahin","emre.sahin756@example.com","MetricLab","VIP","Partner","Cancelled","Refunded","299","-299","Not Eligible","No"
"REG-0757","EVT-105","2026-07-31","Ece","Kaya","ece.kaya757@example.com","NovaWorks","Student","Email","Confirmed","Paid","79","79","Checked In","Yes"
"REG-0758","EVT-105","2026-07-24","Zeynep","Demir","zeynep.demir758@example.com","NovaWorks","Standard","Referral","Cancelled","Refunded","149","-149","Not Eligible","Yes"
"REG-0759","EVT-105","2026-07-28","Emre","Celik","emre.celik759@example.com","ClearView Ops","Standard","Partner","Confirmed","Paid","149","149","Checked In","Yes"
"REG-0760","EVT-105","2026-08-21","Can","Demir","can.demir760@example.com","Bosporus Digital","Student","Organic Search","Confirmed","Paid","79","79","Checked In","Yes"
"REG-0761","EVT-105","2026-08-25","Selin","Yilmaz","selin.yilmaz761@example.com","Freelance","Standard","Email","Cancelled","Refunded","149","-149","Not Eligible","Yes"
"REG-0762","EVT-105","2026-08-12","Zeynep","Aksoy","zeynep.aksoy762@example.com","Vertex Advisory","Standard","LinkedIn","Confirmed","Paid","149","149","Not Checked In","Yes"
"REG-0763","EVT-105","2026-08-17","Can","Yilmaz","can.yilmaz763@example.com","Vertex Advisory","Standard","Referral","Cancelled","Refunded","149","-149","Not Eligible","Yes"
"REG-0764","EVT-106","2026-08-08","Selin","Sahin","selin.sahin764@example.com","Marmara Tech","Standard","Partner","Cancelled","Refunded","149","-149","Not Eligible","Yes"
"REG-0765","EVT-106","2026-07-31","Selin","Yilmaz","selin.yilmaz765@example.com","Marmara Tech","Standard","Partner","Confirmed","Paid","149","149","Checked In","Yes"
"REG-0766","EVT-106","2026-09-05","Aylin","Demir","aylin.demir766@example.com","Vertex Advisory","Student","Partner","Pending","Unpaid","79","0","Not Eligible","Yes"
"REG-0767","EVT-106","2026-09-06","Emre","Polat","emre.polat767@example.com","MetricLab","Standard","Organic Search","Confirmed","Paid","149","149","Checked In","Yes"
"REG-0768","EVT-106","2026-07-15","Mert","Polat","mert.polat768@example.com","Freelance","Standard","Email","Confirmed","Paid","149","149","Not Checked In","Yes"
"REG-0769","EVT-106","2026-08-22","Selin","Arslan","selin.arslan769@example.com","Arda Retail","Standard","Email","Pending","Unpaid","149","0","Not Eligible","Yes"
"REG-0770","EVT-106","2026-08-17","Kerem","Koc","kerem.koc770@example.com","NovaWorks","Speaker","Email","Confirmed","Complimentary","0","0","Checked In","Yes"
"REG-0771","EVT-106","2026-07-20","Aylin","Polat","aylin.polat771@example.com","Freelance","Standard","Email","Pending","Unpaid","149","0","Not Eligible","Yes"
"REG-0772","EVT-106","2026-08-18","Elif","Kaya","elif.kaya772@example.com","Marmara Tech","Standard","Email","Confirmed","Paid","149","149","Checked In","Yes"
"REG-0773","EVT-106","2026-08-12","Aylin","Yilmaz","aylin.yilmaz773@example.com","Freelance","Standard","Organic Search","Confirmed","Paid","149","149","Checked In","Yes"
"REG-0774","EVT-106","2026-08-17","Selin","Sahin","selin.sahin774@example.com","Arda Retail","Standard","Organic Search","Cancelled","Refunded","149","-149","Not Eligible","Yes"
"REG-0775","EVT-106","2026-08-14","Zeynep","Aydin","zeynep.aydin775@example.com","Marmara Tech","VIP","Referral","Confirmed","Paid","299","299","Checked In","Yes"
"REG-0776","EVT-106","2026-08-02","Burak","Kaya","burak.kaya776@example.com","ClearView Ops","Standard","LinkedIn","Cancelled","Refunded","149","-149","Not Eligible","Yes"
"REG-0777","EVT-106","2026-08-17","Derya","Celik","derya.celik777@example.com","ClearView Ops","Student","Partner","Confirmed","Paid","79","79","Checked In","Yes"
"REG-0778","EVT-106","2026-08-26","Can","Aksoy","can.aksoy778@example.com","Freelance","Standard","Referral","Confirmed","Paid","149","149","Checked In","Yes"
"REG-0779","EVT-106","2026-09-04","Elif","Yilmaz","elif.yilmaz779@example.com","Bosporus Digital","Standard","Organic Search","Confirmed","Paid","149","149","Checked In","Yes"
"REG-0780","EVT-106","2026-08-27","Deniz","Celik","deniz.celik780@example.com","Bosporus Digital","Student","Organic Search","Confirmed","Paid","79","79","Not Checked In","Yes"
"REG-0781","EVT-106","2026-08-26","Burak","Arslan","burak.arslan781@example.com","MetricLab","Standard","Referral","Confirmed","Paid","149","149","Not Checked In","Yes"
"REG-0782","EVT-106","2026-08-17","Can","Arslan","can.arslan782@example.com","Vertex Advisory","Standard","Referral","Confirmed","Paid","149","149","Checked In","Yes"
"REG-0783","EVT-106","2026-07-22","Kerem","Arslan","kerem.arslan783@example.com","Freelance","VIP","Referral","Cancelled","Refunded","299","-299","Not Eligible","Yes"
"REG-0784","EVT-106","2026-07-26","Kerem","Celik","kerem.celik784@example.com","MetricLab","VIP","Partner","Cancelled","Refunded","299","-299","Not Eligible","Yes"
"REG-0785","EVT-106","2026-08-12","Kerem","Aksoy","kerem.aksoy785@example.com","Freelance","VIP","Partner","Confirmed","Paid","299","299","Checked In","Yes"
"REG-0786","EVT-106","2026-09-04","Burak","Koc","burak.koc786@example.com","NovaWorks","Standard","Organic Search","Confirmed","Paid","149","149","Checked In","Yes"
"REG-0787","EVT-106","2026-07-15","Ece","Demir","ece.demir787@example.com","NovaWorks","Student","Email","Confirmed","Paid","79","79","Not Checked In","No"
"REG-0788","EVT-106","2026-08-23","Emre","Sahin","emre.sahin788@example.com","ClearView Ops","Student","Partner","Confirmed","Paid","79","79","Not Checked In","Yes"
"REG-0789","EVT-106","2026-09-04","Deniz","Koc","deniz.koc789@example.com","Vertex Advisory","Standard","Organic Search","Confirmed","Paid","149","149","Checked In","Yes"
"REG-0790","EVT-106","2026-08-26","Selin","Arslan","selin.arslan790@example.com","Vertex Advisory","Standard","Email","Confirmed","Paid","149","149","Checked In","Yes"
"REG-0791","EVT-106","2026-07-30","Mert","Arslan","mert.arslan791@example.com","Vertex Advisory","VIP","Email","Confirmed","Paid","299","299","Checked In","Yes"
"REG-0792","EVT-106","2026-08-28","Ece","Sahin","ece.sahin792@example.com","Vertex Advisory","Standard","Referral","Confirmed","Paid","149","149","Checked In","Yes"
"REG-0793","EVT-106","2026-07-22","Zeynep","Arslan","zeynep.arslan793@example.com","ClearView Ops","Standard","LinkedIn","Confirmed","Paid","149","149","Checked In","Yes"
"REG-0794","EVT-106","2026-07-22","Can","Kaya","can.kaya794@example.com","Freelance","Standard","Organic Search","Confirmed","Paid","149","149","Checked In","Yes"
"REG-0795","EVT-106","2026-08-03","Deniz","Polat","deniz.polat795@example.com","Bosporus Digital","Standard","Referral","Confirmed","Paid","149","149","Checked In","Yes"
"REG-0796","EVT-106","2026-07-22","Zeynep","Arslan","zeynep.arslan796@example.com","Vertex Advisory","Standard","Organic Search","Confirmed","Paid","149","149","Checked In","Yes"
"REG-0797","EVT-106","2026-09-01","Emre","Koc","emre.koc797@example.com","Bosporus Digital","Standard","Organic Search","Confirmed","Paid","149","149","Checked In","Yes"
"REG-0798","EVT-106","2026-07-18","Kerem","Sahin","kerem.sahin798@example.com","Arda Retail","Standard","Email","Confirmed","Unpaid","149","0","Not Checked In","Yes"
"REG-0799","EVT-106","2026-07-20","Mert","Demir","mert.demir799@example.com","Arda Retail","Standard","Organic Search","Confirmed","Paid","149","149","Checked In","Yes"
"REG-0800","EVT-106","2026-07-15","Mert","Sahin","mert.sahin800@example.com","Bosporus Digital","Student","Organic Search","Confirmed","Paid","79","79","Checked In","Yes"
"REG-0801","EVT-106","2026-07-30","Elif","Koc","elif.koc801@example.com","Freelance","Student","LinkedIn","Confirmed","Paid","79","79","Checked In","Yes"
"REG-0802","EVT-106","2026-07-18","Mert","Polat","mert.polat802@example.com","Freelance","Standard","Referral","Confirmed","Paid","149","149","Not Checked In","Yes"
"REG-0803","EVT-106","2026-07-24","Selin","Sahin","selin.sahin803@example.com","NovaWorks","VIP","Organic Search","Confirmed","Paid","299","299","Checked In","Yes"
"REG-0804","EVT-106","2026-08-21","Emre","Koc","emre.koc804@example.com","ClearView Ops","Student","Organic Search","Confirmed","Paid","79","79","Not Checked In","Yes"
"REG-0805","EVT-106","2026-08-20","Selin","Aydin","selin.aydin805@example.com","Freelance","Student","Email","Confirmed","Paid","79","79","Checked In","Yes"
"REG-0806","EVT-106","2026-07-16","Zeynep","Kaya","zeynep.kaya806@example.com","Bosporus Digital","Standard","Referral","Confirmed","Paid","149","149","Checked In","Yes"
"REG-0807","EVT-106","2026-08-27","Ece","Sahin","ece.sahin807@example.com","Arda Retail","Student","LinkedIn","Confirmed","Paid","79","79","Not Checked In","Yes"
"REG-0808","EVT-106","2026-08-27","Aylin","Sahin","aylin.sahin808@example.com","Marmara Tech","Standard","Organic Search","Cancelled","Refunded","149","-149","Not Eligible","Yes"
"REG-0809","EVT-106","2026-08-03","Burak","Koc","burak.koc809@example.com","NovaWorks","VIP","Organic Search","Confirmed","Paid","299","299","Checked In","Yes"
"REG-0810","EVT-106","2026-08-18","Aylin","Aksoy","aylin.aksoy810@example.com","MetricLab","Standard","LinkedIn","Confirmed","Paid","149","149","Checked In","Yes"
"REG-0811","EVT-106","2026-08-16","Selin","Aksoy","selin.aksoy811@example.com","Bosporus Digital","Student","Partner","Confirmed","Paid","79","79","Checked In","Yes"
"REG-0812","EVT-106","2026-07-29","Elif","Arslan","elif.arslan812@example.com","ClearView Ops","Standard","LinkedIn","Confirmed","Paid","149","149","Checked In","Yes"
"REG-0813","EVT-106","2026-09-05","Elif","Aydin","elif.aydin813@example.com","Arda Retail","Standard","LinkedIn","Confirmed","Paid","149","149","Checked In","Yes"
"REG-0814","EVT-106","2026-09-01","Zeynep","Arslan","zeynep.arslan814@example.com","Marmara Tech","Standard","Email","Confirmed","Paid","149","149","Checked In","Yes"
"REG-0815","EVT-106","2026-09-08","Selin","Yilmaz","selin.yilmaz815@example.com","NovaWorks","Student","LinkedIn","Confirmed","Paid","79","79","Checked In","Yes"
"REG-0816","EVT-106","2026-08-11","Derya","Koc","derya.koc816@example.com","Freelance","Standard","Referral","Confirmed","Paid","149","149","Checked In","Yes"
"REG-0817","EVT-106","2026-07-19","Derya","Yilmaz","derya.yilmaz817@example.com","Bosporus Digital","Standard","Organic Search","Confirmed","Paid","149","149","Not Checked In","Yes"
"REG-0818","EVT-106","2026-07-30","Deniz","Arslan","deniz.arslan818@example.com","Bosporus Digital","VIP","Organic Search","Confirmed","Paid","299","299","Not Checked In","Yes"
"REG-0819","EVT-106","2026-07-22","Derya","Yilmaz","derya.yilmaz819@example.com","Vertex Advisory","Student","LinkedIn","Confirmed","Paid","79","79","Not Checked In","Yes"
"REG-0820","EVT-106","2026-07-15","Ece","Celik","ece.celik820@example.com","ClearView Ops","Standard","LinkedIn","Cancelled","Refunded","149","-149","Not Eligible","Yes"
"REG-0821","EVT-106","2026-08-25","Mert","Kaya","mert.kaya821@example.com","Bosporus Digital","Standard","LinkedIn","Confirmed","Paid","149","149","Checked In","Yes"
"REG-0822","EVT-106","2026-09-05","Elif","Arslan","elif.arslan822@example.com","ClearView Ops","Standard","LinkedIn","Confirmed","Paid","149","149","Checked In","Yes"
"REG-0823","EVT-106","2026-08-16","Emre","Kaya","emre.kaya823@example.com","Bosporus Digital","VIP","Organic Search","Pending","Unpaid","299","0","Not Eligible","Yes"
"REG-0824","EVT-106","2026-08-13","Zeynep","Sahin","zeynep.sahin824@example.com","Freelance","Standard","Partner","Confirmed","Paid","149","149","Checked In","Yes"
"REG-0825","EVT-106","2026-07-18","Zeynep","Arslan","zeynep.arslan825@example.com","ClearView Ops","Standard","Email","Cancelled","Refunded","149","-149","Not Eligible","Yes"
"REG-0826","EVT-106","2026-07-31","Selin","Sahin","selin.sahin826@example.com","Vertex Advisory","VIP","Email","Confirmed","Paid","299","299","Checked In","Yes"
"REG-0827","EVT-106","2026-08-23","Deniz","Kaya","deniz.kaya827@example.com","Vertex Advisory","Standard","Partner","Confirmed","Paid","149","149","Checked In","Yes"
"REG-0828","EVT-106","2026-08-26","Aylin","Celik","aylin.celik828@example.com","Marmara Tech","Standard","Email","Confirmed","Paid","149","149","Checked In","Yes"
"REG-0829","EVT-106","2026-08-12","Mert","Sahin","mert.sahin829@example.com","Freelance","Standard","Organic Search","Confirmed","Paid","149","149","Not Checked In","Yes"
"REG-0830","EVT-106","2026-08-27","Zeynep","Arslan","zeynep.arslan830@example.com","Freelance","Standard","Email","Confirmed","Paid","149","149","Checked In","Yes"
"REG-0831","EVT-106","2026-08-17","Ece","Kaya","ece.kaya831@example.com","Bosporus Digital","Standard","Partner","Cancelled","Refunded","149","-149","Not Eligible","Yes"
"REG-0832","EVT-106","2026-07-23","Burak","Yilmaz","burak.yilmaz832@example.com","ClearView Ops","Standard","LinkedIn","Confirmed","Paid","149","149","Checked In","Yes"
"REG-0833","EVT-106","2026-07-28","Kerem","Polat","kerem.polat833@example.com","Vertex Advisory","Standard","Referral","Pending","Unpaid","149","0","Not Eligible","Yes"
"REG-0834","EVT-106","2026-09-03","Elif","Koc","elif.koc834@example.com","MetricLab","Standard","Organic Search","Confirmed","Paid","149","149","Checked In","Yes"
"REG-0835","EVT-106","2026-09-07","Ece","Sahin","ece.sahin835@example.com","Arda Retail","Standard","LinkedIn","Confirmed","Paid","149","149","Checked In","Yes"
"REG-0836","EVT-106","2026-09-08","Zeynep","Aksoy","zeynep.aksoy836@example.com","MetricLab","Student","Email","Cancelled","Refunded","79","-79","Not Eligible","Yes"
"REG-0837","EVT-106","2026-08-15","Emre","Polat","emre.polat837@example.com","MetricLab","Student","Referral","Confirmed","Paid","79","79","Checked In","Yes"
"REG-0838","EVT-106","2026-08-06","Zeynep","Celik","zeynep.celik838@example.com","Marmara Tech","VIP","Email","Confirmed","Unpaid","299","0","Not Checked In","Yes"
"REG-0839","EVT-106","2026-08-22","Kerem","Demir","kerem.demir839@example.com","Freelance","Standard","Organic Search","Confirmed","Paid","149","149","Checked In","Yes"
"REG-0840","EVT-106","2026-08-09","Derya","Aydin","derya.aydin840@example.com","Vertex Advisory","Standard","Partner","Confirmed","Paid","149","149","Checked In","Yes"
"REG-0841","EVT-106","2026-07-24","Emre","Arslan","emre.arslan841@example.com","Freelance","Standard","Email","Cancelled","Refunded","149","-149","Not Eligible","Yes"
"REG-0842","EVT-106","2026-08-10","Deniz","Koc","deniz.koc842@example.com","Arda Retail","Student","Organic Search","Confirmed","Paid","79","79","Checked In","Yes"
"REG-0843","EVT-106","2026-08-01","Burak","Aksoy","burak.aksoy843@example.com","Marmara Tech","Standard","Partner","Confirmed","Paid","149","149","Not Checked In","Yes"
"REG-0844","EVT-106","2026-08-30","Kerem","Demir","kerem.demir844@example.com","MetricLab","Standard","Referral","Confirmed","Paid","149","149","Checked In","Yes"
"REG-0845","EVT-106","2026-08-24","Mert","Demir","mert.demir845@example.com","MetricLab","Standard","Organic Search","Confirmed","Paid","149","149","Not Checked In","Yes"
"REG-0846","EVT-106","2026-08-30","Elif","Sahin","elif.sahin846@example.com","NovaWorks","VIP","Email","Confirmed","Paid","299","299","Checked In","Yes"
"REG-0847","EVT-106","2026-07-21","Deniz","Koc","deniz.koc847@example.com","Arda Retail","Standard","LinkedIn","Confirmed","Paid","149","149","Checked In","Yes"
"REG-0848","EVT-106","2026-07-21","Burak","Sahin","burak.sahin848@example.com","Marmara Tech","Standard","LinkedIn","Confirmed","Paid","149","149","Checked In","Yes"
"REG-0849","EVT-106","2026-08-14","Selin","Aydin","selin.aydin849@example.com","NovaWorks","Standard","Email","Confirmed","Paid","149","149","Checked In","Yes"
"REG-0850","EVT-106","2026-07-27","Can","Kaya","can.kaya850@example.com","NovaWorks","Standard","Referral","Cancelled","Refunded","149","-149","Not Eligible","Yes"
"REG-0851","EVT-106","2026-08-10","Burak","Sahin","burak.sahin851@example.com","Vertex Advisory","Standard","Partner","Pending","Unpaid","149","0","Not Eligible","Yes"
"REG-0852","EVT-106","2026-09-07","Elif","Kaya","elif.kaya852@example.com","Marmara Tech","Student","Email","Confirmed","Paid","79","79","Checked In","Yes"
"REG-0853","EVT-106","2026-08-22","Zeynep","Kaya","zeynep.kaya853@example.com","Freelance","Student","LinkedIn","Confirmed","Paid","79","79","Checked In","Yes"
"REG-0854","EVT-106","2026-07-18","Elif","Kaya","elif.kaya854@example.com","Bosporus Digital","Standard","LinkedIn","Confirmed","Paid","149","149","Not Checked In","Yes"
"REG-0855","EVT-106","2026-08-14","Elif","Celik","elif.celik855@example.com","Bosporus Digital","VIP","Email","Pending","Unpaid","299","0","Not Eligible","Yes"
"REG-0856","EVT-106","2026-08-01","Zeynep","Koc","zeynep.koc856@example.com","Vertex Advisory","Student","LinkedIn","Pending","Unpaid","79","0","Not Eligible","Yes"
"REG-0857","EVT-106","2026-09-07","Burak","Arslan","burak.arslan857@example.com","Marmara Tech","Student","LinkedIn","Confirmed","Unpaid","79","0","Not Checked In","Yes"
"REG-0858","EVT-106","2026-07-30","Aylin","Sahin","aylin.sahin858@example.com","Vertex Advisory","Standard","Referral","Confirmed","Paid","149","149","Not Checked In","Yes"
"REG-0859","EVT-106","2026-07-22","Zeynep","Polat","zeynep.polat859@example.com","Arda Retail","VIP","Organic Search","Confirmed","Unpaid","299","0","Not Checked In","Yes"
"REG-0860","EVT-106","2026-08-23","Kerem","Sahin","kerem.sahin860@example.com","Marmara Tech","Standard","Email","Confirmed","Paid","149","149","Checked In","Yes"
"REG-0861","EVT-106","2026-07-29","Can","Yilmaz","can.yilmaz861@example.com","MetricLab","Standard","Organic Search","Cancelled","Refunded","149","-149","Not Eligible","No"
"REG-0862","EVT-106","2026-07-24","Emre","Aydin","emre.aydin862@example.com","Freelance","Standard","Partner","Confirmed","Paid","149","149","Checked In","Yes"
"REG-0863","EVT-106","2026-07-23","Emre","Aksoy","emre.aksoy863@example.com","Bosporus Digital","Standard","Email","Confirmed","Paid","149","149","Not Checked In","Yes"
"REG-0864","EVT-106","2026-08-12","Zeynep","Polat","zeynep.polat864@example.com","Freelance","Standard","Organic Search","Confirmed","Paid","149","149","Checked In","No"
"REG-0865","EVT-106","2026-07-31","Ece","Aydin","ece.aydin865@example.com","Bosporus Digital","Standard","LinkedIn","Confirmed","Paid","149","149","Checked In","Yes"
"REG-0866","EVT-106","2026-08-02","Elif","Yilmaz","elif.yilmaz866@example.com","Marmara Tech","Standard","Partner","Confirmed","Paid","149","149","Checked In","Yes"
"REG-0867","EVT-106","2026-08-20","Derya","Koc","derya.koc867@example.com","Bosporus Digital","Student","Organic Search","Confirmed","Paid","79","79","Checked In","Yes"
"REG-0868","EVT-106","2026-09-02","Ece","Kaya","ece.kaya868@example.com","Bosporus Digital","Standard","Organic Search","Confirmed","Paid","149","149","Checked In","Yes"
"REG-0869","EVT-106","2026-08-23","Aylin","Koc","aylin.koc869@example.com","NovaWorks","Standard","Partner","Confirmed","Paid","149","149","Not Checked In","Yes"
"REG-0870","EVT-106","2026-07-22","Ece","Koc","ece.koc870@example.com","Freelance","VIP","LinkedIn","Confirmed","Unpaid","299","0","Not Checked In","Yes"
"REG-0871","EVT-106","2026-08-02","Can","Kaya","can.kaya871@example.com","Vertex Advisory","Standard","Partner","Confirmed","Paid","149","149","Checked In","Yes"
"REG-0872","EVT-106","2026-09-06","Emre","Celik","emre.celik872@example.com","NovaWorks","Standard","Organic Search","Cancelled","Refunded","149","-149","Not Eligible","Yes"
"REG-0873","EVT-106","2026-09-08","Elif","Sahin","elif.sahin873@example.com","NovaWorks","Standard","Email","Confirmed","Paid","149","149","Not Checked In","Yes"
"REG-0874","EVT-106","2026-09-04","Emre","Demir","emre.demir874@example.com","NovaWorks","Student","Partner","Confirmed","Paid","79","79","Not Checked In","Yes"
"REG-0875","EVT-107","2026-09-10","Aylin","Aydin","aylin.aydin875@example.com","Vertex Advisory","Standard","Organic Search","Confirmed","Paid","149","149","Checked In","Yes"
"REG-0876","EVT-107","2026-08-30","Elif","Polat","elif.polat876@example.com","Vertex Advisory","Standard","Organic Search","Cancelled","Refunded","149","-149","Not Eligible","Yes"
"REG-0877","EVT-107","2026-07-17","Elif","Arslan","elif.arslan877@example.com","Freelance","VIP","Email","Confirmed","Paid","299","299","Checked In","Yes"
"REG-0878","EVT-107","2026-08-11","Kerem","Aksoy","kerem.aksoy878@example.com","Vertex Advisory","Standard","Partner","Confirmed","Paid","149","149","Checked In","Yes"
"REG-0879","EVT-107","2026-08-16","Derya","Yilmaz","derya.yilmaz879@example.com","Bosporus Digital","Student","Partner","Cancelled","Refunded","79","-79","Not Eligible","Yes"
"REG-0880","EVT-107","2026-08-10","Burak","Aksoy","burak.aksoy880@example.com","Vertex Advisory","Standard","Email","Confirmed","Paid","149","149","Checked In","Yes"
"REG-0881","EVT-107","2026-08-13","Zeynep","Yilmaz","zeynep.yilmaz881@example.com","Vertex Advisory","Standard","Organic Search","Confirmed","Paid","149","149","Not Checked In","Yes"
"REG-0882","EVT-107","2026-08-15","Burak","Celik","burak.celik882@example.com","Freelance","VIP","Organic Search","Confirmed","Paid","299","299","Checked In","Yes"
"REG-0883","EVT-107","2026-08-17","Kerem","Polat","kerem.polat883@example.com","Bosporus Digital","VIP","Email","Confirmed","Paid","299","299","Checked In","Yes"
"REG-0884","EVT-107","2026-07-31","Mert","Arslan","mert.arslan884@example.com","ClearView Ops","Standard","Organic Search","Confirmed","Unpaid","149","0","Not Checked In","Yes"
"REG-0885","EVT-107","2026-09-10","Zeynep","Aydin","zeynep.aydin885@example.com","ClearView Ops","Standard","Email","Pending","Unpaid","149","0","Not Eligible","Yes"
"REG-0886","EVT-107","2026-08-15","Deniz","Sahin","deniz.sahin886@example.com","Marmara Tech","Standard","Email","Confirmed","Paid","149","149","Checked In","Yes"
"REG-0887","EVT-107","2026-08-15","Mert","Sahin","mert.sahin887@example.com","NovaWorks","Standard","Organic Search","Confirmed","Paid","149","149","Checked In","Yes"
"REG-0888","EVT-107","2026-08-23","Ece","Aydin","ece.aydin888@example.com","ClearView Ops","Standard","Referral","Confirmed","Paid","149","149","Not Checked In","Yes"
"REG-0889","EVT-107","2026-07-24","Mert","Arslan","mert.arslan889@example.com","Freelance","Speaker","Partner","Confirmed","Complimentary","0","0","Checked In","Yes"
"REG-0890","EVT-107","2026-07-27","Selin","Aksoy","selin.aksoy890@example.com","Marmara Tech","Standard","Partner","Confirmed","Paid","149","149","Checked In","Yes"
"REG-0891","EVT-107","2026-08-24","Aylin","Arslan","aylin.arslan891@example.com","Marmara Tech","Student","Organic Search","Confirmed","Paid","79","79","Not Checked In","Yes"
"REG-0892","EVT-107","2026-07-18","Emre","Yilmaz","emre.yilmaz892@example.com","ClearView Ops","Student","Partner","Confirmed","Paid","79","79","Checked In","Yes"
"REG-0893","EVT-107","2026-09-09","Burak","Aydin","burak.aydin893@example.com","MetricLab","Standard","Organic Search","Confirmed","Paid","149","149","Checked In","Yes"
"REG-0894","EVT-107","2026-07-30","Selin","Yilmaz","selin.yilmaz894@example.com","Marmara Tech","Student","Email","Confirmed","Paid","79","79","Checked In","Yes"
"REG-0895","EVT-107","2026-08-18","Aylin","Celik","aylin.celik895@example.com","Vertex Advisory","VIP","Referral","Confirmed","Unpaid","299","0","Not Checked In","Yes"
"REG-0896","EVT-107","2026-08-26","Elif","Polat","elif.polat896@example.com","MetricLab","Student","Partner","Confirmed","Paid","79","79","Checked In","Yes"
"REG-0897","EVT-107","2026-07-24","Mert","Aksoy","mert.aksoy897@example.com","ClearView Ops","VIP","Referral","Confirmed","Paid","299","299","Checked In","Yes"
"REG-0898","EVT-107","2026-08-07","Selin","Aydin","selin.aydin898@example.com","NovaWorks","Standard","Email","Confirmed","Paid","149","149","Checked In","Yes"
"REG-0899","EVT-107","2026-07-22","Zeynep","Aksoy","zeynep.aksoy899@example.com","MetricLab","Standard","Email","Pending","Unpaid","149","0","Not Eligible","Yes"
"REG-0900","EVT-107","2026-07-22","Deniz","Polat","deniz.polat900@example.com","Freelance","Standard","Referral","Confirmed","Paid","149","149","Checked In","Yes"
"REG-0901","EVT-107","2026-08-08","Emre","Polat","emre.polat901@example.com","Arda Retail","Standard","LinkedIn","Confirmed","Paid","149","149","Checked In","Yes"
"REG-0902","EVT-107","2026-08-11","Kerem","Demir","kerem.demir902@example.com","Arda Retail","Standard","Email","Cancelled","Refunded","149","-149","Not Eligible","No"
"REG-0903","EVT-107","2026-08-02","Selin","Arslan","selin.arslan903@example.com","Marmara Tech","Standard","Email","Confirmed","Paid","149","149","Not Checked In","Yes"
"REG-0904","EVT-107","2026-08-18","Ece","Kaya","ece.kaya904@example.com","MetricLab","Standard","Organic Search","Confirmed","Paid","149","149","Checked In","Yes"
"REG-0905","EVT-107","2026-08-15","Aylin","Aydin","aylin.aydin905@example.com","Bosporus Digital","Student","Referral","Confirmed","Paid","79","79","Not Checked In","Yes"
"REG-0906","EVT-107","2026-08-22","Emre","Polat","emre.polat906@example.com","Freelance","VIP","LinkedIn","Confirmed","Paid","299","299","Checked In","Yes"
"REG-0907","EVT-107","2026-08-10","Mert","Celik","mert.celik907@example.com","MetricLab","Standard","Referral","Pending","Unpaid","149","0","Not Eligible","Yes"
"REG-0908","EVT-107","2026-08-10","Kerem","Aydin","kerem.aydin908@example.com","Arda Retail","Speaker","Organic Search","Confirmed","Complimentary","0","0","Checked In","Yes"
"REG-0909","EVT-107","2026-09-08","Can","Arslan","can.arslan909@example.com","Arda Retail","Standard","Referral","Pending","Unpaid","149","0","Not Eligible","Yes"
"REG-0910","EVT-107","2026-08-05","Ece","Sahin","ece.sahin910@example.com","Bosporus Digital","Standard","Email","Confirmed","Paid","149","149","Checked In","Yes"
"REG-0911","EVT-107","2026-08-14","Elif","Koc","elif.koc911@example.com","Bosporus Digital","Standard","Organic Search","Confirmed","Paid","149","149","Checked In","Yes"
"REG-0912","EVT-107","2026-08-29","Burak","Aksoy","burak.aksoy912@example.com","ClearView Ops","VIP","Partner","Confirmed","Paid","299","299","Checked In","Yes"
"REG-0913","EVT-107","2026-08-14","Burak","Aksoy","burak.aksoy913@example.com","NovaWorks","Speaker","Referral","Confirmed","Complimentary","0","0","Checked In","Yes"
"REG-0914","EVT-107","2026-08-29","Ece","Koc","ece.koc914@example.com","Marmara Tech","Student","LinkedIn","Confirmed","Paid","79","79","Checked In","Yes"
"REG-0915","EVT-107","2026-08-12","Kerem","Sahin","kerem.sahin915@example.com","MetricLab","Standard","Referral","Confirmed","Paid","149","149","Checked In","Yes"
"REG-0916","EVT-107","2026-09-05","Deniz","Sahin","deniz.sahin916@example.com","Bosporus Digital","Student","Referral","Confirmed","Paid","79","79","Checked In","Yes"
"REG-0917","EVT-107","2026-09-01","Emre","Celik","emre.celik917@example.com","Marmara Tech","Speaker","Email","Cancelled","Refunded","0","0","Not Eligible","No"
"REG-0918","EVT-107","2026-07-28","Zeynep","Yilmaz","zeynep.yilmaz918@example.com","Arda Retail","Standard","Partner","Confirmed","Paid","149","149","Not Checked In","Yes"
"REG-0919","EVT-107","2026-07-17","Deniz","Kaya","deniz.kaya919@example.com","NovaWorks","Standard","Email","Confirmed","Paid","149","149","Checked In","Yes"
"REG-0920","EVT-107","2026-07-19","Kerem","Kaya","kerem.kaya920@example.com","Vertex Advisory","Standard","Email","Confirmed","Paid","149","149","Checked In","Yes"
"REG-0921","EVT-107","2026-09-06","Mert","Yilmaz","mert.yilmaz921@example.com","NovaWorks","Standard","LinkedIn","Confirmed","Paid","149","149","Checked In","Yes"
"REG-0922","EVT-107","2026-09-08","Selin","Aksoy","selin.aksoy922@example.com","Arda Retail","Standard","Email","Confirmed","Paid","149","149","Checked In","Yes"
"REG-0923","EVT-107","2026-07-27","Emre","Yilmaz","emre.yilmaz923@example.com","MetricLab","Standard","Partner","Pending","Unpaid","149","0","Not Eligible","Yes"
"REG-0924","EVT-107","2026-07-16","Can","Polat","can.polat924@example.com","MetricLab","Standard","Partner","Cancelled","Refunded","149","-149","Not Eligible","Yes"
"REG-0925","EVT-107","2026-07-21","Aylin","Kaya","aylin.kaya925@example.com","NovaWorks","Standard","LinkedIn","Confirmed","Paid","149","149","Checked In","Yes"
"REG-0926","EVT-107","2026-08-23","Kerem","Yilmaz","kerem.yilmaz926@example.com","Marmara Tech","Standard","Organic Search","Confirmed","Paid","149","149","Checked In","Yes"
"REG-0927","EVT-107","2026-07-28","Ece","Demir","ece.demir927@example.com","Arda Retail","Student","Email","Confirmed","Paid","79","79","Checked In","No"
"REG-0928","EVT-107","2026-07-22","Can","Arslan","can.arslan928@example.com","NovaWorks","Student","LinkedIn","Confirmed","Paid","79","79","Checked In","Yes"
"REG-0929","EVT-107","2026-07-18","Elif","Celik","elif.celik929@example.com","ClearView Ops","Standard","Referral","Confirmed","Paid","149","149","Checked In","Yes"
"REG-0930","EVT-107","2026-08-27","Kerem","Koc","kerem.koc930@example.com","Marmara Tech","Standard","Partner","Confirmed","Paid","149","149","Not Checked In","Yes"
"REG-0931","EVT-107","2026-07-26","Derya","Celik","derya.celik931@example.com","Vertex Advisory","Standard","Organic Search","Pending","Unpaid","149","0","Not Eligible","Yes"
"REG-0932","EVT-107","2026-07-18","Deniz","Sahin","deniz.sahin932@example.com","NovaWorks","Standard","LinkedIn","Confirmed","Paid","149","149","Checked In","Yes"
"REG-0933","EVT-107","2026-09-06","Can","Yilmaz","can.yilmaz933@example.com","Bosporus Digital","Student","LinkedIn","Confirmed","Paid","79","79","Checked In","Yes"
"REG-0934","EVT-107","2026-08-08","Burak","Demir","burak.demir934@example.com","Bosporus Digital","Student","LinkedIn","Confirmed","Paid","79","79","Checked In","Yes"
"REG-0935","EVT-107","2026-08-09","Burak","Aksoy","burak.aksoy935@example.com","Bosporus Digital","Standard","Email","Confirmed","Paid","149","149","Checked In","Yes"
"REG-0936","EVT-107","2026-09-05","Mert","Kaya","mert.kaya936@example.com","MetricLab","Standard","Partner","Confirmed","Paid","149","149","Checked In","Yes"
"REG-0937","EVT-107","2026-08-25","Emre","Yilmaz","emre.yilmaz937@example.com","Vertex Advisory","Student","Email","Confirmed","Paid","79","79","Checked In","Yes"
"REG-0938","EVT-107","2026-08-18","Kerem","Arslan","kerem.arslan938@example.com","NovaWorks","Standard","Referral","Confirmed","Unpaid","149","0","Not Checked In","Yes"
"REG-0939","EVT-107","2026-08-20","Derya","Aydin","derya.aydin939@example.com","Bosporus Digital","Student","Organic Search","Confirmed","Paid","79","79","Checked In","Yes"
"REG-0940","EVT-107","2026-07-20","Zeynep","Sahin","zeynep.sahin940@example.com","Arda Retail","Standard","Organic Search","Confirmed","Paid","149","149","Checked In","Yes"
"REG-0941","EVT-107","2026-08-22","Kerem","Sahin","kerem.sahin941@example.com","Vertex Advisory","Standard","Organic Search","Confirmed","Paid","149","149","Checked In","Yes"
"REG-0942","EVT-107","2026-08-11","Derya","Yilmaz","derya.yilmaz942@example.com","Bosporus Digital","Student","LinkedIn","Confirmed","Paid","79","79","Checked In","Yes"
"REG-0943","EVT-107","2026-09-01","Selin","Polat","selin.polat943@example.com","ClearView Ops","Student","Organic Search","Cancelled","Refunded","79","-79","Not Eligible","Yes"
"REG-0944","EVT-107","2026-08-11","Mert","Celik","mert.celik944@example.com","NovaWorks","Standard","Partner","Cancelled","Refunded","149","-149","Not Eligible","Yes"
"REG-0945","EVT-107","2026-08-03","Emre","Koc","emre.koc945@example.com","ClearView Ops","Standard","Referral","Confirmed","Paid","149","149","Checked In","Yes"
"REG-0946","EVT-107","2026-08-31","Can","Polat","can.polat946@example.com","ClearView Ops","Standard","Partner","Pending","Unpaid","149","0","Not Eligible","Yes"
"REG-0947","EVT-107","2026-08-21","Aylin","Celik","aylin.celik947@example.com","Freelance","Standard","Email","Confirmed","Paid","149","149","Checked In","Yes"
"REG-0948","EVT-107","2026-07-27","Selin","Celik","selin.celik948@example.com","MetricLab","Standard","Organic Search","Confirmed","Paid","149","149","Not Checked In","Yes"
"REG-0949","EVT-107","2026-07-17","Mert","Arslan","mert.arslan949@example.com","ClearView Ops","Standard","Email","Confirmed","Paid","149","149","Checked In","Yes"
"REG-0950","EVT-107","2026-08-03","Derya","Koc","derya.koc950@example.com","Arda Retail","Student","Email","Confirmed","Paid","79","79","Checked In","Yes"
"REG-0951","EVT-107","2026-08-02","Ece","Celik","ece.celik951@example.com","NovaWorks","Speaker","Organic Search","Confirmed","Complimentary","0","0","Checked In","Yes"
"REG-0952","EVT-107","2026-09-04","Elif","Celik","elif.celik952@example.com","ClearView Ops","Standard","LinkedIn","Confirmed","Paid","149","149","Checked In","Yes"
"REG-0953","EVT-107","2026-08-19","Ece","Aksoy","ece.aksoy953@example.com","MetricLab","Standard","Organic Search","Confirmed","Paid","149","149","Checked In","Yes"
"REG-0954","EVT-107","2026-07-22","Selin","Kaya","selin.kaya954@example.com","MetricLab","Standard","Partner","Confirmed","Paid","149","149","Checked In","Yes"
"REG-0955","EVT-107","2026-08-24","Deniz","Polat","deniz.polat955@example.com","ClearView Ops","Student","Referral","Confirmed","Paid","79","79","Checked In","Yes"
"REG-0956","EVT-107","2026-08-07","Derya","Sahin","derya.sahin956@example.com","ClearView Ops","Standard","Partner","Confirmed","Paid","149","149","Checked In","Yes"
"REG-0957","EVT-107","2026-08-23","Mert","Aydin","mert.aydin957@example.com","MetricLab","Standard","Organic Search","Cancelled","Refunded","149","-149","Not Eligible","Yes"
"REG-0958","EVT-107","2026-08-26","Kerem","Polat","kerem.polat958@example.com","NovaWorks","Standard","Organic Search","Confirmed","Paid","149","149","Checked In","Yes"
"REG-0959","EVT-107","2026-08-25","Selin","Celik","selin.celik959@example.com","Vertex Advisory","Standard","Email","Confirmed","Paid","149","149","Not Checked In","Yes"
"REG-0960","EVT-107","2026-09-07","Selin","Celik","selin.celik960@example.com","MetricLab","Student","Email","Cancelled","Refunded","79","-79","Not Eligible","Yes"
"REG-0961","EVT-107","2026-07-27","Aylin","Sahin","aylin.sahin961@example.com","Arda Retail","Standard","Organic Search","Confirmed","Paid","149","149","Checked In","Yes"
"REG-0962","EVT-107","2026-08-17","Selin","Arslan","selin.arslan962@example.com","NovaWorks","Speaker","LinkedIn","Confirmed","Complimentary","0","0","Checked In","Yes"
"REG-0963","EVT-107","2026-09-04","Burak","Koc","burak.koc963@example.com","MetricLab","VIP","Organic Search","Confirmed","Paid","299","299","Not Checked In","Yes"
"REG-0964","EVT-107","2026-08-22","Emre","Yilmaz","emre.yilmaz964@example.com","Marmara Tech","Student","Referral","Confirmed","Paid","79","79","Checked In","Yes"
"REG-0965","EVT-107","2026-07-31","Elif","Koc","elif.koc965@example.com","Freelance","Standard","Email","Confirmed","Paid","149","149","Checked In","Yes"
"REG-0966","EVT-107","2026-07-24","Can","Aksoy","can.aksoy966@example.com","Marmara Tech","Standard","Email","Confirmed","Paid","149","149","Checked In","Yes"
"REG-0967","EVT-107","2026-08-02","Zeynep","Demir","zeynep.demir967@example.com","ClearView Ops","Speaker","Email","Pending","Complimentary","0","0","Not Eligible","Yes"
"REG-0968","EVT-107","2026-08-07","Ece","Kaya","ece.kaya968@example.com","NovaWorks","Standard","Organic Search","Confirmed","Paid","149","149","Checked In","Yes"
"REG-0969","EVT-107","2026-07-15","Elif","Polat","elif.polat969@example.com","NovaWorks","VIP","Referral","Confirmed","Unpaid","299","0","Not Checked In","Yes"
"REG-0970","EVT-107","2026-08-15","Elif","Aydin","elif.aydin970@example.com","Freelance","Student","Organic Search","Confirmed","Paid","79","79","Not Checked In","Yes"
"REG-0971","EVT-107","2026-08-25","Elif","Aksoy","elif.aksoy971@example.com","ClearView Ops","VIP","LinkedIn","Confirmed","Paid","299","299","Checked In","Yes"
"REG-0972","EVT-107","2026-08-25","Selin","Celik","selin.celik972@example.com","ClearView Ops","Standard","Partner","Confirmed","Paid","149","149","Checked In","Yes"
"REG-0973","EVT-107","2026-08-19","Can","Celik","can.celik973@example.com","Freelance","Standard","Organic Search","Confirmed","Paid","149","149","Checked In","Yes"
"REG-0974","EVT-107","2026-08-30","Kerem","Sahin","kerem.sahin974@example.com","ClearView Ops","Standard","Partner","Confirmed","Paid","149","149","Checked In","Yes"
"REG-0975","EVT-107","2026-08-01","Can","Celik","can.celik975@example.com","NovaWorks","VIP","Partner","Confirmed","Paid","299","299","Checked In","Yes"
"REG-0976","EVT-107","2026-08-29","Elif","Sahin","elif.sahin976@example.com","Vertex Advisory","Speaker","Email","Confirmed","Complimentary","0","0","Checked In","Yes"
"REG-0977","EVT-107","2026-09-02","Aylin","Celik","aylin.celik977@example.com","Vertex Advisory","Standard","Organic Search","Pending","Unpaid","149","0","Not Eligible","Yes"
"REG-0978","EVT-107","2026-09-05","Emre","Koc","emre.koc978@example.com","NovaWorks","Standard","LinkedIn","Confirmed","Paid","149","149","Checked In","Yes"
"REG-0979","EVT-107","2026-08-06","Aylin","Sahin","aylin.sahin979@example.com","NovaWorks","Student","Organic Search","Confirmed","Paid","79","79","Checked In","Yes"
"REG-0980","EVT-107","2026-09-10","Deniz","Celik","deniz.celik980@example.com","Bosporus Digital","Student","Referral","Confirmed","Paid","79","79","Checked In","Yes"
"REG-0981","EVT-107","2026-08-05","Ece","Koc","ece.koc981@example.com","ClearView Ops","Standard","Partner","Confirmed","Paid","149","149","Checked In","Yes"
"REG-0982","EVT-107","2026-08-28","Kerem","Sahin","kerem.sahin982@example.com","NovaWorks","Standard","Email","Confirmed","Paid","149","149","Not Checked In","Yes"
"REG-0983","EVT-107","2026-08-17","Zeynep","Yilmaz","zeynep.yilmaz983@example.com","MetricLab","Student","Partner","Confirmed","Paid","79","79","Checked In","Yes"
"REG-0984","EVT-107","2026-07-20","Can","Sahin","can.sahin984@example.com","Bosporus Digital","Speaker","Partner","Confirmed","Complimentary","0","0","Checked In","Yes"
"REG-0985","EVT-107","2026-08-19","Elif","Aydin","elif.aydin985@example.com","Arda Retail","Standard","Organic Search","Confirmed","Paid","149","149","Checked In","Yes"
"REG-0986","EVT-107","2026-07-22","Ece","Demir","ece.demir986@example.com","NovaWorks","Student","Referral","Confirmed","Paid","79","79","Checked In","Yes"
"REG-0987","EVT-107","2026-08-21","Can","Polat","can.polat987@example.com","Arda Retail","Standard","Email","Confirmed","Paid","149","149","Not Checked In","Yes"
"REG-0988","EVT-107","2026-07-18","Mert","Sahin","mert.sahin988@example.com","Freelance","Standard","Referral","Pending","Unpaid","149","0","Not Eligible","Yes"
"REG-0989","EVT-107","2026-08-28","Mert","Koc","mert.koc989@example.com","Arda Retail","Speaker","Organic Search","Confirmed","Complimentary","0","0","Checked In","Yes"
"REG-0990","EVT-107","2026-08-14","Aylin","Polat","aylin.polat990@example.com","Freelance","Student","Email","Confirmed","Paid","79","79","Checked In","Yes"
"REG-0991","EVT-107","2026-08-24","Burak","Kaya","burak.kaya991@example.com","NovaWorks","Standard","LinkedIn","Cancelled","Refunded","149","-149","Not Eligible","Yes"
"REG-0992","EVT-107","2026-08-13","Selin","Koc","selin.koc992@example.com","Vertex Advisory","Standard","Referral","Pending","Unpaid","149","0","Not Eligible","Yes"
"REG-0993","EVT-107","2026-08-28","Elif","Polat","elif.polat993@example.com","Arda Retail","Standard","Referral","Confirmed","Paid","149","149","Checked In","Yes"
"REG-0994","EVT-107","2026-07-18","Can","Yilmaz","can.yilmaz994@example.com","Vertex Advisory","Student","Partner","Confirmed","Paid","79","79","Checked In","Yes"
"REG-0995","EVT-107","2026-07-16","Deniz","Celik","deniz.celik995@example.com","Arda Retail","Standard","Partner","Confirmed","Paid","149","149","Checked In","Yes"
"REG-0996","EVT-107","2026-08-30","Emre","Demir","emre.demir996@example.com","MetricLab","Student","Referral","Confirmed","Paid","79","79","Checked In","Yes"
"REG-0997","EVT-107","2026-07-31","Selin","Kaya","selin.kaya997@example.com","Vertex Advisory","Standard","Email","Confirmed","Unpaid","149","0","Not Checked In","Yes"
"REG-0998","EVT-107","2026-07-25","Ece","Kaya","ece.kaya998@example.com","Bosporus Digital","Standard","Organic Search","Confirmed","Paid","149","149","Checked In","Yes"
"REG-0999","EVT-107","2026-07-24","Aylin","Arslan","aylin.arslan999@example.com","ClearView Ops","Standard","Email","Confirmed","Paid","149","149","Checked In","No"
"REG-1000","EVT-107","2026-08-07","Mert","Polat","mert.polat1000@example.com","Marmara Tech","Standard","Organic Search","Confirmed","Paid","149","149","Checked In","Yes"
"REG-1001","EVT-107","2026-08-27","Burak","Yilmaz","burak.yilmaz1001@example.com","Arda Retail","Standard","Email","Cancelled","Refunded","149","-149","Not Eligible","Yes"
"REG-1002","EVT-107","2026-07-29","Deniz","Demir","deniz.demir1002@example.com","Marmara Tech","Standard","Email","Confirmed","Paid","149","149","Checked In","Yes"
"REG-1003","EVT-107","2026-08-23","Deniz","Polat","deniz.polat1003@example.com","Bosporus Digital","Standard","Referral","Cancelled","Refunded","149","-149","Not Eligible","Yes"
"REG-1004","EVT-107","2026-07-27","Deniz","Koc","deniz.koc1004@example.com","Vertex Advisory","Standard","Email","Confirmed","Paid","149","149","Checked In","Yes"
"REG-1005","EVT-107","2026-07-24","Can","Sahin","can.sahin1005@example.com","NovaWorks","Standard","Organic Search","Confirmed","Paid","149","149","Not Checked In","Yes"
"REG-1006","EVT-107","2026-08-26","Kerem","Demir","kerem.demir1006@example.com","Freelance","Standard","Email","Confirmed","Paid","149","149","Checked In","Yes"
"REG-1007","EVT-107","2026-09-04","Aylin","Sahin","aylin.sahin1007@example.com","Marmara Tech","Student","Organic Search","Confirmed","Paid","79","79","Checked In","Yes"
"REG-1008","EVT-107","2026-09-01","Elif","Celik","elif.celik1008@example.com","Vertex Advisory","Standard","Email","Confirmed","Paid","149","149","Not Checked In","Yes"
"REG-1009","EVT-107","2026-08-09","Kerem","Demir","kerem.demir1009@example.com","Marmara Tech","Standard","Partner","Cancelled","Refunded","149","-149","Not Eligible","Yes"
"REG-1010","EVT-107","2026-08-03","Selin","Yilmaz","selin.yilmaz1010@example.com","NovaWorks","Standard","LinkedIn","Confirmed","Paid","149","149","Not Checked In","Yes"
"REG-1011","EVT-107","2026-07-26","Ece","Arslan","ece.arslan1011@example.com","Vertex Advisory","Standard","Organic Search","Cancelled","Refunded","149","-149","Not Eligible","Yes"
"REG-1012","EVT-107","2026-08-14","Deniz","Aydin","deniz.aydin1012@example.com","Marmara Tech","Standard","Partner","Confirmed","Paid","149","149","Checked In","Yes"
"REG-1013","EVT-107","2026-07-22","Burak","Kaya","burak.kaya1013@example.com","Arda Retail","Standard","Referral","Confirmed","Paid","149","149","Checked In","Yes"
"REG-1014","EVT-107","2026-08-07","Kerem","Arslan","kerem.arslan1014@example.com","Bosporus Digital","Student","Referral","Cancelled","Refunded","79","-79","Not Eligible","Yes"
"REG-1015","EVT-107","2026-08-03","Burak","Aydin","burak.aydin1015@example.com","Freelance","Standard","Organic Search","Confirmed","Paid","149","149","Checked In","Yes"
"REG-1016","EVT-107","2026-08-30","Burak","Kaya","burak.kaya1016@example.com","Vertex Advisory","Standard","Referral","Confirmed","Paid","149","149","Checked In","Yes"
"REG-1017","EVT-107","2026-07-17","Ece","Arslan","ece.arslan1017@example.com","Freelance","Student","Email","Confirmed","Paid","79","79","Checked In","Yes"
"REG-1018","EVT-107","2026-08-09","Burak","Aksoy","burak.aksoy1018@example.com","Arda Retail","Standard","Partner","Confirmed","Paid","149","149","Checked In","Yes"
"REG-1019","EVT-107","2026-08-04","Zeynep","Kaya","zeynep.kaya1019@example.com","ClearView Ops","Student","Organic Search","Confirmed","Paid","79","79","Checked In","Yes"
"REG-1020","EVT-107","2026-08-26","Zeynep","Arslan","zeynep.arslan1020@example.com","Vertex Advisory","Standard","Email","Cancelled","Refunded","149","-149","Not Eligible","Yes"
"REG-1021","EVT-107","2026-08-10","Mert","Yilmaz","mert.yilmaz1021@example.com","Bosporus Digital","Standard","Email","Confirmed","Paid","149","149","Checked In","Yes"
"REG-1022","EVT-107","2026-08-22","Zeynep","Yilmaz","zeynep.yilmaz1022@example.com","NovaWorks","Standard","Referral","Cancelled","Refunded","149","-149","Not Eligible","Yes"
"REG-1023","EVT-107","2026-07-25","Deniz","Koc","deniz.koc1023@example.com","Marmara Tech","Standard","Email","Confirmed","Paid","149","149","Checked In","Yes"
"REG-1024","EVT-107","2026-07-20","Zeynep","Arslan","zeynep.arslan1024@example.com","NovaWorks","Standard","Partner","Confirmed","Paid","149","149","Checked In","Yes"
"REG-1025","EVT-107","2026-08-07","Emre","Celik","emre.celik1025@example.com","Bosporus Digital","Standard","Partner","Confirmed","Paid","149","149","Checked In","Yes"
"REG-1026","EVT-107","2026-08-16","Aylin","Demir","aylin.demir1026@example.com","Arda Retail","Student","Email","Confirmed","Paid","79","79","Checked In","Yes"
"REG-1027","EVT-107","2026-08-06","Ece","Celik","ece.celik1027@example.com","Marmara Tech","Standard","Referral","Confirmed","Paid","149","149","Checked In","No"
"REG-1028","EVT-107","2026-08-09","Deniz","Aksoy","deniz.aksoy1028@example.com","Arda Retail","Standard","Referral","Confirmed","Paid","149","149","Checked In","Yes"
"REG-1029","EVT-107","2026-07-26","Aylin","Aksoy","aylin.aksoy1029@example.com","Arda Retail","Student","Partner","Cancelled","Refunded","79","-79","Not Eligible","Yes"
"REG-1030","EVT-107","2026-08-03","Mert","Polat","mert.polat1030@example.com","ClearView Ops","Standard","Partner","Confirmed","Paid","149","149","Checked In","Yes"
"REG-1031","EVT-107","2026-07-29","Derya","Kaya","derya.kaya1031@example.com","Freelance","Standard","Email","Pending","Unpaid","149","0","Not Eligible","Yes"
"REG-1032","EVT-107","2026-08-16","Ece","Aydin","ece.aydin1032@example.com","NovaWorks","Standard","Partner","Confirmed","Paid","149","149","Checked In","No"
"REG-1033","EVT-107","2026-07-27","Zeynep","Koc","zeynep.koc1033@example.com","Bosporus Digital","Student","Organic Search","Confirmed","Paid","79","79","Not Checked In","Yes"
"REG-1034","EVT-107","2026-07-21","Derya","Arslan","derya.arslan1034@example.com","ClearView Ops","Standard","Email","Confirmed","Unpaid","149","0","Not Checked In","Yes"
"REG-1035","EVT-107","2026-08-08","Can","Sahin","can.sahin1035@example.com","Bosporus Digital","Standard","Partner","Confirmed","Paid","149","149","Not Checked In","Yes"
"REG-1036","EVT-107","2026-08-24","Selin","Kaya","selin.kaya1036@example.com","MetricLab","Standard","Email","Pending","Unpaid","149","0","Not Eligible","Yes"
"REG-1037","EVT-107","2026-08-04","Deniz","Kaya","deniz.kaya1037@example.com","Arda Retail","VIP","Organic Search","Confirmed","Paid","299","299","Checked In","Yes"
"REG-1038","EVT-107","2026-07-18","Deniz","Sahin","deniz.sahin1038@example.com","Arda Retail","Standard","Referral","Confirmed","Unpaid","149","0","Not Checked In","Yes"
"REG-1039","EVT-107","2026-07-17","Kerem","Koc","kerem.koc1039@example.com","ClearView Ops","VIP","Referral","Confirmed","Paid","299","299","Checked In","Yes"
"REG-1040","EVT-107","2026-08-01","Zeynep","Demir","zeynep.demir1040@example.com","NovaWorks","Standard","Referral","Confirmed","Unpaid","149","0","Not Checked In","Yes"
"REG-1041","EVT-107","2026-07-20","Kerem","Sahin","kerem.sahin1041@example.com","Freelance","Student","Partner","Confirmed","Paid","79","79","Not Checked In","Yes"
"REG-1042","EVT-107","2026-07-20","Emre","Yilmaz","emre.yilmaz1042@example.com","Marmara Tech","Standard","Organic Search","Confirmed","Paid","149","149","Checked In","Yes"
"REG-1043","EVT-107","2026-07-27","Ece","Aydin","ece.aydin1043@example.com","Freelance","Student","Organic Search","Pending","Unpaid","79","0","Not Eligible","Yes"
"REG-1044","EVT-107","2026-07-21","Selin","Aydin","selin.aydin1044@example.com","MetricLab","Standard","Partner","Confirmed","Paid","149","149","Checked In","Yes"
"REG-1045","EVT-107","2026-07-29","Ece","Polat","ece.polat1045@example.com","Vertex Advisory","Student","Partner","Confirmed","Paid","79","79","Checked In","Yes"
"REG-1046","EVT-107","2026-08-10","Ece","Demir","ece.demir1046@example.com","MetricLab","Standard","LinkedIn","Pending","Unpaid","149","0","Not Eligible","Yes"
"REG-1047","EVT-107","2026-07-25","Deniz","Kaya","deniz.kaya1047@example.com","Vertex Advisory","VIP","Partner","Confirmed","Paid","299","299","Checked In","Yes"
"REG-1048","EVT-107","2026-08-08","Selin","Yilmaz","selin.yilmaz1048@example.com","MetricLab","Student","LinkedIn","Confirmed","Paid","79","79","Checked In","Yes"
"REG-1049","EVT-107","2026-08-30","Can","Aksoy","can.aksoy1049@example.com","Vertex Advisory","Standard","Organic Search","Confirmed","Paid","149","149","Checked In","Yes"
"REG-1050","EVT-107","2026-07-17","Aylin","Aksoy","aylin.aksoy1050@example.com","Vertex Advisory","Speaker","Organic Search","Confirmed","Complimentary","0","0","Not Checked In","Yes"
"REG-1051","EVT-107","2026-08-11","Deniz","Koc","deniz.koc1051@example.com","Vertex Advisory","VIP","Organic Search","Pending","Unpaid","299","0","Not Eligible","Yes"
"REG-1052","EVT-107","2026-07-30","Ece","Demir","ece.demir1052@example.com","Bosporus Digital","VIP","Email","Confirmed","Paid","299","299","Checked In","Yes"
"REG-1053","EVT-107","2026-08-16","Aylin","Yilmaz","aylin.yilmaz1053@example.com","ClearView Ops","VIP","Email","Confirmed","Paid","299","299","Checked In","Yes"
"REG-1054","EVT-107","2026-08-06","Kerem","Yilmaz","kerem.yilmaz1054@example.com","MetricLab","Student","Partner","Confirmed","Unpaid","79","0","Not Checked In","Yes"
"REG-1055","EVT-107","2026-07-21","Deniz","Demir","deniz.demir1055@example.com","Arda Retail","Standard","LinkedIn","Confirmed","Paid","149","149","Checked In","Yes"
"REG-1056","EVT-107","2026-07-31","Mert","Yilmaz","mert.yilmaz1056@example.com","Freelance","VIP","Organic Search","Confirmed","Paid","299","299","Not Checked In","Yes"
"REG-1057","EVT-107","2026-08-18","Burak","Koc","burak.koc1057@example.com","ClearView Ops","Student","Email","Confirmed","Paid","79","79","Checked In","Yes"
"REG-1058","EVT-107","2026-08-08","Aylin","Aksoy","aylin.aksoy1058@example.com","Arda Retail","Standard","LinkedIn","Confirmed","Paid","149","149","Checked In","Yes"
"REG-1059","EVT-107","2026-08-11","Elif","Arslan","elif.arslan1059@example.com","NovaWorks","Standard","Referral","Confirmed","Paid","149","149","Checked In","Yes"
"REG-1060","EVT-107","2026-08-18","Aylin","Demir","aylin.demir1060@example.com","Freelance","Standard","Referral","Confirmed","Paid","149","149","Checked In","Yes"
"REG-1061","EVT-107","2026-08-02","Mert","Aydin","mert.aydin1061@example.com","ClearView Ops","Standard","Referral","Cancelled","Refunded","149","-149","Not Eligible","Yes"
"REG-1062","EVT-107","2026-08-06","Aylin","Celik","aylin.celik1062@example.com","Marmara Tech","Student","LinkedIn","Confirmed","Paid","79","79","Checked In","Yes"
"REG-1063","EVT-107","2026-07-21","Can","Polat","can.polat1063@example.com","Freelance","Standard","Referral","Confirmed","Paid","149","149","Checked In","Yes"
"REG-1064","EVT-107","2026-07-21","Derya","Yilmaz","derya.yilmaz1064@example.com","MetricLab","Standard","Referral","Confirmed","Paid","149","149","Checked In","Yes"
"REG-1065","EVT-107","2026-07-16","Ece","Polat","ece.polat1065@example.com","Arda Retail","Standard","Organic Search","Confirmed","Paid","149","149","Checked In","Yes"
"REG-1066","EVT-107","2026-09-03","Zeynep","Koc","zeynep.koc1066@example.com","Arda Retail","Student","LinkedIn","Confirmed","Paid","79","79","Checked In","Yes"
"REG-1067","EVT-107","2026-08-15","Derya","Polat","derya.polat1067@example.com","MetricLab","Standard","Email","Confirmed","Paid","149","149","Checked In","Yes"
"REG-1068","EVT-107","2026-08-17","Derya","Koc","derya.koc1068@example.com","Freelance","Standard","Organic Search","Pending","Unpaid","149","0","Not Eligible","Yes"
"REG-1069","EVT-107","2026-07-29","Mert","Aksoy","mert.aksoy1069@example.com","ClearView Ops","Standard","Organic Search","Pending","Unpaid","149","0","Not Eligible","Yes"
"REG-1070","EVT-107","2026-08-19","Burak","Polat","burak.polat1070@example.com","NovaWorks","Student","LinkedIn","Confirmed","Paid","79","79","Checked In","Yes"
"REG-1071","EVT-107","2026-08-17","Derya","Sahin","derya.sahin1071@example.com","MetricLab","VIP","Partner","Confirmed","Paid","299","299","Checked In","Yes"
"REG-1072","EVT-107","2026-07-23","Emre","Celik","emre.celik1072@example.com","MetricLab","Student","Partner","Confirmed","Unpaid","79","0","Not Checked In","Yes"
"REG-1073","EVT-107","2026-08-08","Derya","Celik","derya.celik1073@example.com","Marmara Tech","Standard","Organic Search","Confirmed","Paid","149","149","Checked In","Yes"
"REG-1074","EVT-107","2026-08-06","Deniz","Arslan","deniz.arslan1074@example.com","NovaWorks","VIP","Partner","Confirmed","Paid","299","299","Checked In","Yes"
"REG-1075","EVT-107","2026-08-04","Burak","Aydin","burak.aydin1075@example.com","NovaWorks","Standard","Email","Confirmed","Paid","149","149","Checked In","Yes"
"REG-1076","EVT-107","2026-07-20","Can","Polat","can.polat1076@example.com","NovaWorks","VIP","Partner","Confirmed","Paid","299","299","Checked In","No"
"REG-1077","EVT-107","2026-08-17","Deniz","Aksoy","deniz.aksoy1077@example.com","MetricLab","Standard","Referral","Confirmed","Paid","149","149","Checked In","Yes"
"REG-1078","EVT-107","2026-08-06","Deniz","Kaya","deniz.kaya1078@example.com","Marmara Tech","Student","Partner","Confirmed","Paid","79","79","Checked In","Yes"
"REG-1079","EVT-107","2026-07-22","Can","Aydin","can.aydin1079@example.com","Arda Retail","Standard","Email","Confirmed","Paid","149","149","Checked In","Yes"
"REG-1080","EVT-107","2026-07-24","Selin","Demir","selin.demir1080@example.com","Freelance","Student","LinkedIn","Confirmed","Paid","79","79","Checked In","Yes"
"REG-1081","EVT-107","2026-08-27","Can","Aksoy","can.aksoy1081@example.com","Arda Retail","Standard","Referral","Pending","Unpaid","149","0","Not Eligible","Yes"
"REG-1082","EVT-107","2026-08-21","Emre","Polat","emre.polat1082@example.com","MetricLab","Student","Partner","Confirmed","Paid","79","79","Checked In","Yes"
"REG-1083","EVT-107","2026-08-15","Aylin","Demir","aylin.demir1083@example.com","Arda Retail","Student","Email","Confirmed","Paid","79","79","Checked In","Yes"
"REG-1084","EVT-107","2026-08-26","Aylin","Aydin","aylin.aydin1084@example.com","Arda Retail","Standard","LinkedIn","Confirmed","Paid","149","149","Checked In","Yes"
"REG-1085","EVT-107","2026-08-27","Deniz","Celik","deniz.celik1085@example.com","NovaWorks","Student","Organic Search","Confirmed","Paid","79","79","Checked In","Yes"
"REG-1086","EVT-107","2026-07-26","Mert","Celik","mert.celik1086@example.com","MetricLab","Standard","Partner","Cancelled","Refunded","149","-149","Not Eligible","Yes"
"REG-1087","EVT-107","2026-07-18","Kerem","Polat","kerem.polat1087@example.com","Bosporus Digital","Standard","LinkedIn","Confirmed","Paid","149","149","Checked In","Yes"
"REG-1088","EVT-107","2026-07-22","Ece","Koc","ece.koc1088@example.com","Vertex Advisory","Standard","Referral","Confirmed","Paid","149","149","Checked In","Yes"
"REG-1089","EVT-107","2026-08-10","Burak","Aksoy","burak.aksoy1089@example.com","MetricLab","Standard","Referral","Confirmed","Paid","149","149","Checked In","Yes"
"REG-1090","EVT-107","2026-08-07","Selin","Celik","selin.celik1090@example.com","Arda Retail","Standard","LinkedIn","Confirmed","Paid","149","149","Checked In","Yes"
"REG-1091","EVT-107","2026-08-09","Selin","Kaya","selin.kaya1091@example.com","ClearView Ops","VIP","Partner","Confirmed","Paid","299","299","Checked In","Yes"
"REG-1092","EVT-107","2026-07-23","Mert","Koc","mert.koc1092@example.com","MetricLab","Standard","Organic Search","Cancelled","Refunded","149","-149","Not Eligible","Yes"
"REG-1093","EVT-108","2026-08-30","Deniz","Sahin","deniz.sahin1093@example.com","NovaWorks","VIP","LinkedIn","Confirmed","Paid","299","299","Not Checked In","Yes"
"REG-1094","EVT-108","2026-08-01","Selin","Koc","selin.koc1094@example.com","NovaWorks","Standard","Partner","Confirmed","Paid","149","149","Not Checked In","No"
"REG-1095","EVT-108","2026-09-06","Burak","Sahin","burak.sahin1095@example.com","Marmara Tech","Student","Organic Search","Pending","Unpaid","79","0","Not Eligible","Yes"
"REG-1096","EVT-108","2026-07-19","Elif","Polat","elif.polat1096@example.com","MetricLab","Student","Organic Search","Pending","Unpaid","79","0","Not Eligible","Yes"
"REG-1097","EVT-108","2026-08-15","Kerem","Arslan","kerem.arslan1097@example.com","ClearView Ops","Standard","Referral","Confirmed","Paid","149","149","Checked In","Yes"
"REG-1098","EVT-108","2026-08-24","Aylin","Aksoy","aylin.aksoy1098@example.com","NovaWorks","Standard","Organic Search","Confirmed","Paid","149","149","Checked In","Yes"
"REG-1099","EVT-108","2026-09-09","Ece","Aksoy","ece.aksoy1099@example.com","Marmara Tech","Standard","Referral","Confirmed","Paid","149","149","Checked In","Yes"
"REG-1100","EVT-108","2026-09-10","Kerem","Aksoy","kerem.aksoy1100@example.com","Vertex Advisory","Student","LinkedIn","Pending","Unpaid","79","0","Not Eligible","Yes"
"REG-1101","EVT-108","2026-08-02","Zeynep","Koc","zeynep.koc1101@example.com","NovaWorks","Standard","Email","Confirmed","Paid","149","149","Checked In","Yes"
"REG-1102","EVT-108","2026-08-09","Deniz","Aydin","deniz.aydin1102@example.com","NovaWorks","Standard","Referral","Confirmed","Paid","149","149","Not Checked In","Yes"
"REG-1103","EVT-108","2026-08-31","Selin","Yilmaz","selin.yilmaz1103@example.com","Freelance","Student","LinkedIn","Confirmed","Paid","79","79","Checked In","No"
"REG-1104","EVT-108","2026-07-19","Mert","Sahin","mert.sahin1104@example.com","ClearView Ops","Standard","Partner","Cancelled","Refunded","149","-149","Not Eligible","Yes"
"REG-1105","EVT-108","2026-08-30","Kerem","Kaya","kerem.kaya1105@example.com","NovaWorks","Student","Referral","Confirmed","Paid","79","79","Checked In","Yes"
"REG-1106","EVT-108","2026-08-21","Aylin","Yilmaz","aylin.yilmaz1106@example.com","Freelance","Student","Email","Pending","Unpaid","79","0","Not Eligible","Yes"
"REG-1107","EVT-108","2026-07-27","Can","Arslan","can.arslan1107@example.com","ClearView Ops","VIP","Partner","Confirmed","Paid","299","299","Checked In","Yes"
"REG-1108","EVT-108","2026-08-06","Mert","Arslan","mert.arslan1108@example.com","Vertex Advisory","Standard","LinkedIn","Confirmed","Paid","149","149","Checked In","Yes"
"REG-1109","EVT-108","2026-08-20","Burak","Sahin","burak.sahin1109@example.com","Bosporus Digital","Standard","Referral","Confirmed","Paid","149","149","Checked In","No"
"REG-1110","EVT-108","2026-08-23","Mert","Aydin","mert.aydin1110@example.com","Marmara Tech","Standard","Partner","Confirmed","Paid","149","149","Checked In","Yes"
"REG-1111","EVT-108","2026-07-28","Burak","Demir","burak.demir1111@example.com","Bosporus Digital","Standard","LinkedIn","Confirmed","Paid","149","149","Checked In","Yes"
"REG-1112","EVT-108","2026-07-31","Elif","Polat","elif.polat1112@example.com","Marmara Tech","Standard","Referral","Confirmed","Paid","149","149","Checked In","Yes"
"REG-1113","EVT-108","2026-07-20","Can","Yilmaz","can.yilmaz1113@example.com","ClearView Ops","VIP","Organic Search","Confirmed","Paid","299","299","Checked In","Yes"
"REG-1114","EVT-108","2026-07-25","Mert","Celik","mert.celik1114@example.com","NovaWorks","Standard","Email","Confirmed","Unpaid","149","0","Not Checked In","Yes"
"REG-1115","EVT-108","2026-08-24","Derya","Polat","derya.polat1115@example.com","Bosporus Digital","Standard","Referral","Confirmed","Paid","149","149","Checked In","Yes"
"REG-1116","EVT-108","2026-09-07","Deniz","Yilmaz","deniz.yilmaz1116@example.com","NovaWorks","Standard","LinkedIn","Confirmed","Unpaid","149","0","Not Checked In","Yes"
"REG-1117","EVT-108","2026-09-10","Zeynep","Aydin","zeynep.aydin1117@example.com","Arda Retail","Standard","Partner","Confirmed","Paid","149","149","Checked In","Yes"
"REG-1118","EVT-108","2026-09-08","Emre","Aydin","emre.aydin1118@example.com","NovaWorks","VIP","Partner","Confirmed","Paid","299","299","Checked In","Yes"
"REG-1119","EVT-108","2026-07-15","Elif","Polat","elif.polat1119@example.com","NovaWorks","Student","Email","Confirmed","Paid","79","79","Checked In","Yes"
"REG-1120","EVT-108","2026-08-21","Zeynep","Celik","zeynep.celik1120@example.com","Freelance","Student","Organic Search","Confirmed","Paid","79","79","Checked In","Yes"
"REG-1121","EVT-108","2026-07-18","Kerem","Yilmaz","kerem.yilmaz1121@example.com","NovaWorks","Standard","Partner","Confirmed","Paid","149","149","Checked In","Yes"
"REG-1122","EVT-108","2026-07-24","Zeynep","Demir","zeynep.demir1122@example.com","Bosporus Digital","Standard","Partner","Confirmed","Paid","149","149","Not Checked In","Yes"
"REG-1123","EVT-108","2026-07-25","Emre","Aydin","emre.aydin1123@example.com","Freelance","VIP","Partner","Confirmed","Paid","299","299","Not Checked In","Yes"
"REG-1124","EVT-108","2026-09-02","Kerem","Sahin","kerem.sahin1124@example.com","Vertex Advisory","Student","Email","Confirmed","Paid","79","79","Not Checked In","Yes"
"REG-1125","EVT-108","2026-08-13","Burak","Yilmaz","burak.yilmaz1125@example.com","MetricLab","Student","Referral","Confirmed","Paid","79","79","Checked In","Yes"
"REG-1126","EVT-108","2026-07-25","Kerem","Koc","kerem.koc1126@example.com","MetricLab","Student","Organic Search","Confirmed","Paid","79","79","Not Checked In","Yes"
"REG-1127","EVT-108","2026-09-09","Burak","Sahin","burak.sahin1127@example.com","Vertex Advisory","Student","LinkedIn","Pending","Unpaid","79","0","Not Eligible","Yes"
"REG-1128","EVT-108","2026-08-12","Deniz","Yilmaz","deniz.yilmaz1128@example.com","Vertex Advisory","Standard","Organic Search","Confirmed","Paid","149","149","Checked In","Yes"
"REG-1129","EVT-108","2026-07-29","Aylin","Arslan","aylin.arslan1129@example.com","Arda Retail","Standard","Referral","Confirmed","Paid","149","149","Checked In","Yes"
"REG-1130","EVT-108","2026-08-06","Elif","Polat","elif.polat1130@example.com","Freelance","Student","Email","Pending","Unpaid","79","0","Not Eligible","Yes"
"REG-1131","EVT-108","2026-08-03","Emre","Yilmaz","emre.yilmaz1131@example.com","NovaWorks","Standard","Organic Search","Confirmed","Paid","149","149","Checked In","Yes"
"REG-1132","EVT-108","2026-08-19","Derya","Demir","derya.demir1132@example.com","Arda Retail","Standard","Email","Confirmed","Paid","149","149","Checked In","Yes"
"REG-1133","EVT-108","2026-08-08","Zeynep","Kaya","zeynep.kaya1133@example.com","Freelance","Standard","Organic Search","Confirmed","Paid","149","149","Checked In","No"
"REG-1134","EVT-108","2026-09-05","Deniz","Arslan","deniz.arslan1134@example.com","Bosporus Digital","Standard","Referral","Confirmed","Paid","149","149","Checked In","Yes"
"REG-1135","EVT-108","2026-07-24","Ece","Sahin","ece.sahin1135@example.com","Bosporus Digital","Standard","Organic Search","Pending","Unpaid","149","0","Not Eligible","Yes"
"REG-1136","EVT-108","2026-08-04","Zeynep","Yilmaz","zeynep.yilmaz1136@example.com","Freelance","Standard","Partner","Confirmed","Paid","149","149","Checked In","Yes"
"REG-1137","EVT-108","2026-08-19","Burak","Yilmaz","burak.yilmaz1137@example.com","Arda Retail","Standard","Email","Confirmed","Paid","149","149","Checked In","Yes"
"REG-1138","EVT-108","2026-07-18","Selin","Sahin","selin.sahin1138@example.com","Marmara Tech","Standard","Partner","Confirmed","Paid","149","149","Checked In","Yes"
"REG-1139","EVT-108","2026-08-25","Zeynep","Koc","zeynep.koc1139@example.com","Arda Retail","VIP","Email","Confirmed","Paid","299","299","Checked In","Yes"
"REG-1140","EVT-108","2026-08-16","Kerem","Yilmaz","kerem.yilmaz1140@example.com","ClearView Ops","Standard","LinkedIn","Confirmed","Paid","149","149","Not Checked In","Yes"
"REG-1141","EVT-108","2026-07-19","Emre","Aydin","emre.aydin1141@example.com","Vertex Advisory","Standard","Email","Cancelled","Refunded","149","-149","Not Eligible","Yes"
"REG-1142","EVT-108","2026-08-25","Can","Demir","can.demir1142@example.com","Vertex Advisory","Standard","Referral","Confirmed","Paid","149","149","Checked In","Yes"
"REG-1143","EVT-108","2026-08-19","Zeynep","Sahin","zeynep.sahin1143@example.com","Bosporus Digital","Standard","Referral","Confirmed","Paid","149","149","Not Checked In","Yes"
"REG-1144","EVT-108","2026-07-29","Can","Arslan","can.arslan1144@example.com","Arda Retail","Student","Organic Search","Confirmed","Paid","79","79","Checked In","Yes"
"REG-1145","EVT-108","2026-08-17","Ece","Sahin","ece.sahin1145@example.com","ClearView Ops","Standard","Partner","Cancelled","Refunded","149","-149","Not Eligible","Yes"
"REG-1146","EVT-108","2026-07-18","Ece","Sahin","ece.sahin1146@example.com","Vertex Advisory","Standard","Organic Search","Confirmed","Paid","149","149","Checked In","Yes"
"REG-1147","EVT-108","2026-08-14","Emre","Kaya","emre.kaya1147@example.com","NovaWorks","Standard","Referral","Confirmed","Paid","149","149","Not Checked In","Yes"
"REG-1148","EVT-108","2026-08-20","Emre","Aksoy","emre.aksoy1148@example.com","Bosporus Digital","VIP","LinkedIn","Confirmed","Paid","299","299","Checked In","Yes"
"REG-1149","EVT-108","2026-08-19","Can","Koc","can.koc1149@example.com","Bosporus Digital","Standard","Organic Search","Confirmed","Paid","149","149","Checked In","Yes"
"REG-1150","EVT-108","2026-07-27","Burak","Aydin","burak.aydin1150@example.com","Freelance","Standard","Partner","Confirmed","Paid","149","149","Checked In","Yes"
"REG-1151","EVT-108","2026-09-06","Zeynep","Arslan","zeynep.arslan1151@example.com","NovaWorks","Standard","Partner","Confirmed","Paid","149","149","Checked In","Yes"
"REG-1152","EVT-108","2026-07-15","Selin","Arslan","selin.arslan1152@example.com","Marmara Tech","Standard","Partner","Cancelled","Refunded","149","-149","Not Eligible","Yes"
"REG-1153","EVT-108","2026-08-20","Deniz","Yilmaz","deniz.yilmaz1153@example.com","MetricLab","Standard","Partner","Confirmed","Paid","149","149","Checked In","Yes"
"REG-1154","EVT-108","2026-08-06","Deniz","Koc","deniz.koc1154@example.com","Arda Retail","VIP","Organic Search","Confirmed","Paid","299","299","Not Checked In","Yes"
"REG-1155","EVT-108","2026-08-09","Zeynep","Polat","zeynep.polat1155@example.com","Marmara Tech","Student","Referral","Confirmed","Paid","79","79","Checked In","Yes"
"REG-1156","EVT-108","2026-08-07","Mert","Demir","mert.demir1156@example.com","Arda Retail","Standard","Email","Confirmed","Paid","149","149","Checked In","Yes"
"REG-1157","EVT-108","2026-08-09","Kerem","Aksoy","kerem.aksoy1157@example.com","ClearView Ops","VIP","LinkedIn","Confirmed","Paid","299","299","Checked In","Yes"
"REG-1158","EVT-108","2026-08-20","Elif","Aksoy","elif.aksoy1158@example.com","Arda Retail","VIP","LinkedIn","Confirmed","Paid","299","299","Checked In","Yes"
"REG-1159","EVT-108","2026-09-02","Derya","Sahin","derya.sahin1159@example.com","MetricLab","Standard","Partner","Confirmed","Paid","149","149","Not Checked In","Yes"
"REG-1160","EVT-108","2026-08-15","Selin","Koc","selin.koc1160@example.com","Arda Retail","VIP","Email","Confirmed","Paid","299","299","Checked In","Yes"
"REG-1161","EVT-108","2026-09-02","Zeynep","Demir","zeynep.demir1161@example.com","Vertex Advisory","VIP","Email","Confirmed","Paid","299","299","Checked In","Yes"
"REG-1162","EVT-108","2026-08-28","Emre","Yilmaz","emre.yilmaz1162@example.com","Bosporus Digital","Standard","Organic Search","Confirmed","Unpaid","149","0","Not Checked In","Yes"
"REG-1163","EVT-108","2026-09-08","Derya","Demir","derya.demir1163@example.com","Freelance","Standard","Email","Confirmed","Paid","149","149","Checked In","Yes"
"REG-1164","EVT-108","2026-08-31","Aylin","Yilmaz","aylin.yilmaz1164@example.com","ClearView Ops","Student","Referral","Confirmed","Paid","79","79","Checked In","Yes"
"REG-1165","EVT-108","2026-07-18","Derya","Koc","derya.koc1165@example.com","MetricLab","Student","Referral","Confirmed","Paid","79","79","Checked In","Yes"
"REG-1166","EVT-108","2026-08-31","Burak","Aksoy","burak.aksoy1166@example.com","MetricLab","VIP","Partner","Confirmed","Paid","299","299","Checked In","No"
"REG-1167","EVT-108","2026-08-12","Selin","Yilmaz","selin.yilmaz1167@example.com","Freelance","Standard","Referral","Pending","Unpaid","149","0","Not Eligible","Yes"
"REG-1168","EVT-108","2026-08-11","Emre","Celik","emre.celik1168@example.com","NovaWorks","Standard","Partner","Confirmed","Paid","149","149","Checked In","Yes"
"REG-1169","EVT-108","2026-07-15","Derya","Sahin","derya.sahin1169@example.com","Bosporus Digital","VIP","LinkedIn","Confirmed","Paid","299","299","Not Checked In","Yes"
"REG-1170","EVT-108","2026-08-20","Burak","Koc","burak.koc1170@example.com","Marmara Tech","Standard","Partner","Confirmed","Paid","149","149","Checked In","Yes"
"REG-1171","EVT-108","2026-08-14","Aylin","Celik","aylin.celik1171@example.com","ClearView Ops","Student","Organic Search","Confirmed","Paid","79","79","Not Checked In","Yes"
"REG-1172","EVT-108","2026-08-24","Selin","Polat","selin.polat1172@example.com","Vertex Advisory","Student","Referral","Confirmed","Paid","79","79","Checked In","Yes"
"REG-1173","EVT-108","2026-08-16","Deniz","Yilmaz","deniz.yilmaz1173@example.com","NovaWorks","Standard","Partner","Confirmed","Paid","149","149","Checked In","Yes"
"REG-1174","EVT-108","2026-08-29","Zeynep","Kaya","zeynep.kaya1174@example.com","ClearView Ops","VIP","Partner","Confirmed","Paid","299","299","Checked In","No"
"REG-1175","EVT-108","2026-08-20","Emre","Sahin","emre.sahin1175@example.com","Freelance","VIP","Referral","Confirmed","Paid","299","299","Checked In","Yes"
"REG-1176","EVT-108","2026-07-20","Elif","Aksoy","elif.aksoy1176@example.com","Arda Retail","Standard","Email","Confirmed","Paid","149","149","Checked In","Yes"
"REG-1177","EVT-108","2026-07-26","Deniz","Kaya","deniz.kaya1177@example.com","Bosporus Digital","Student","Partner","Confirmed","Paid","79","79","Checked In","Yes"
"REG-1178","EVT-108","2026-08-01","Derya","Celik","derya.celik1178@example.com","Marmara Tech","Student","Referral","Confirmed","Paid","79","79","Checked In","Yes"
"REG-1179","EVT-108","2026-08-17","Emre","Sahin","emre.sahin1179@example.com","Vertex Advisory","Standard","Referral","Cancelled","Refunded","149","-149","Not Eligible","Yes"
"REG-1180","EVT-108","2026-07-29","Elif","Kaya","elif.kaya1180@example.com","NovaWorks","VIP","LinkedIn","Cancelled","Refunded","299","-299","Not Eligible","Yes"
"REG-1181","EVT-108","2026-08-28","Derya","Celik","derya.celik1181@example.com","Arda Retail","Student","Organic Search","Cancelled","Refunded","79","-79","Not Eligible","Yes"
"REG-1182","EVT-108","2026-09-10","Can","Koc","can.koc1182@example.com","Freelance","Standard","Referral","Confirmed","Paid","149","149","Checked In","Yes"
"REG-1183","EVT-108","2026-07-25","Elif","Aydin","elif.aydin1183@example.com","NovaWorks","VIP","Organic Search","Cancelled","Refunded","299","-299","Not Eligible","Yes"
"REG-1184","EVT-108","2026-08-03","Emre","Celik","emre.celik1184@example.com","Arda Retail","Standard","Email","Confirmed","Paid","149","149","Checked In","Yes"
"REG-1185","EVT-108","2026-07-27","Deniz","Aydin","deniz.aydin1185@example.com","Marmara Tech","Standard","Partner","Cancelled","Refunded","149","-149","Not Eligible","Yes"
"REG-1186","EVT-108","2026-08-03","Kerem","Yilmaz","kerem.yilmaz1186@example.com","ClearView Ops","VIP","Referral","Confirmed","Unpaid","299","0","Not Checked In","Yes"
"REG-1187","EVT-108","2026-08-19","Mert","Arslan","mert.arslan1187@example.com","Arda Retail","Standard","Partner","Cancelled","Refunded","149","-149","Not Eligible","Yes"
"REG-1188","EVT-108","2026-08-03","Selin","Sahin","selin.sahin1188@example.com","NovaWorks","Standard","LinkedIn","Confirmed","Paid","149","149","Checked In","Yes"
"REG-1189","EVT-108","2026-08-20","Emre","Polat","emre.polat1189@example.com","Arda Retail","Standard","Partner","Confirmed","Paid","149","149","Checked In","Yes"
"REG-1190","EVT-108","2026-07-15","Elif","Sahin","elif.sahin1190@example.com","MetricLab","Standard","Partner","Confirmed","Paid","149","149","Checked In","Yes"
"REG-1191","EVT-108","2026-08-10","Mert","Polat","mert.polat1191@example.com","NovaWorks","Speaker","Email","Confirmed","Complimentary","0","0","Checked In","Yes"
"REG-1192","EVT-108","2026-08-11","Aylin","Aydin","aylin.aydin1192@example.com","Bosporus Digital","Standard","Email","Confirmed","Paid","149","149","Checked In","Yes"
"REG-1193","EVT-108","2026-08-17","Mert","Sahin","mert.sahin1193@example.com","MetricLab","Student","Referral","Confirmed","Paid","79","79","Checked In","Yes"
"REG-1194","EVT-108","2026-08-03","Selin","Polat","selin.polat1194@example.com","Freelance","Student","Partner","Confirmed","Paid","79","79","Checked In","Yes"
"REG-1195","EVT-108","2026-08-18","Can","Celik","can.celik1195@example.com","ClearView Ops","VIP","Organic Search","Confirmed","Unpaid","299","0","Not Checked In","Yes"
"REG-1196","EVT-108","2026-09-07","Burak","Yilmaz","burak.yilmaz1196@example.com","Bosporus Digital","Standard","LinkedIn","Confirmed","Paid","149","149","Not Checked In","Yes"
"REG-1197","EVT-108","2026-08-26","Selin","Sahin","selin.sahin1197@example.com","Arda Retail","Standard","Email","Confirmed","Paid","149","149","Checked In","Yes"
"REG-1198","EVT-108","2026-09-05","Mert","Sahin","mert.sahin1198@example.com","Arda Retail","Standard","Referral","Pending","Unpaid","149","0","Not Eligible","Yes"
"REG-1199","EVT-108","2026-08-02","Deniz","Arslan","deniz.arslan1199@example.com","Arda Retail","Standard","Organic Search","Confirmed","Paid","149","149","Checked In","Yes"
"REG-1200","EVT-108","2026-08-11","Emre","Arslan","emre.arslan1200@example.com","Marmara Tech","Standard","Email","Confirmed","Paid","149","149","Checked In","Yes"
"REG-1201","EVT-108","2026-07-30","Emre","Celik","emre.celik1201@example.com","NovaWorks","Standard","Partner","Cancelled","Refunded","149","-149","Not Eligible","Yes"
"REG-1202","EVT-108","2026-08-15","Zeynep","Aksoy","zeynep.aksoy1202@example.com","ClearView Ops","Standard","Partner","Confirmed","Paid","149","149","Checked In","Yes"
"REG-1203","EVT-108","2026-07-15","Kerem","Aksoy","kerem.aksoy1203@example.com","MetricLab","Standard","Organic Search","Confirmed","Paid","149","149","Checked In","Yes"
"REG-1204","EVT-108","2026-09-07","Mert","Koc","mert.koc1204@example.com","Arda Retail","Standard","Referral","Cancelled","Refunded","149","-149","Not Eligible","No"
"REG-1205","EVT-108","2026-08-01","Can","Celik","can.celik1205@example.com","NovaWorks","Standard","Partner","Confirmed","Paid","149","149","Checked In","Yes"
"REG-1206","EVT-108","2026-08-05","Selin","Celik","selin.celik1206@example.com","NovaWorks","Standard","Partner","Confirmed","Paid","149","149","Checked In","Yes"
"REG-1207","EVT-108","2026-07-31","Burak","Arslan","burak.arslan1207@example.com","ClearView Ops","Student","Organic Search","Confirmed","Paid","79","79","Checked In","Yes"
"REG-1208","EVT-108","2026-08-27","Zeynep","Koc","zeynep.koc1208@example.com","Marmara Tech","Standard","Organic Search","Confirmed","Paid","149","149","Checked In","Yes"
"REG-1209","EVT-108","2026-07-18","Burak","Yilmaz","burak.yilmaz1209@example.com","NovaWorks","Standard","LinkedIn","Pending","Unpaid","149","0","Not Eligible","Yes"
"REG-1210","EVT-108","2026-08-09","Selin","Sahin","selin.sahin1210@example.com","NovaWorks","Student","LinkedIn","Confirmed","Paid","79","79","Checked In","Yes"
"REG-1211","EVT-108","2026-09-05","Can","Polat","can.polat1211@example.com","NovaWorks","Student","Partner","Confirmed","Paid","79","79","Checked In","Yes"
"REG-1212","EVT-108","2026-07-31","Emre","Celik","emre.celik1212@example.com","Arda Retail","Standard","Organic Search","Confirmed","Paid","149","149","Checked In","Yes"
"REG-1213","EVT-108","2026-08-28","Selin","Aksoy","selin.aksoy1213@example.com","MetricLab","Speaker","Partner","Confirmed","Complimentary","0","0","Checked In","Yes"
"REG-1214","EVT-108","2026-08-03","Emre","Kaya","emre.kaya1214@example.com","NovaWorks","VIP","Organic Search","Pending","Unpaid","299","0","Not Eligible","Yes"
"REG-1215","EVT-108","2026-08-31","Can","Polat","can.polat1215@example.com","Arda Retail","Standard","Organic Search","Confirmed","Paid","149","149","Not Checked In","Yes"
"REG-1216","EVT-108","2026-07-22","Can","Arslan","can.arslan1216@example.com","Arda Retail","VIP","Partner","Confirmed","Paid","299","299","Checked In","Yes"
"REG-1217","EVT-108","2026-07-23","Aylin","Arslan","aylin.arslan1217@example.com","Vertex Advisory","Student","Referral","Confirmed","Paid","79","79","Checked In","Yes"
"REG-1218","EVT-108","2026-08-23","Ece","Polat","ece.polat1218@example.com","Bosporus Digital","Standard","Organic Search","Confirmed","Paid","149","149","Checked In","Yes"
"REG-1219","EVT-108","2026-07-15","Ece","Yilmaz","ece.yilmaz1219@example.com","MetricLab","Standard","Email","Confirmed","Paid","149","149","Not Checked In","Yes"
"REG-1220","EVT-108","2026-09-08","Selin","Demir","selin.demir1220@example.com","Bosporus Digital","Standard","Organic Search","Confirmed","Paid","149","149","Checked In","Yes"
"REG-1221","EVT-108","2026-09-10","Emre","Demir","emre.demir1221@example.com","Bosporus Digital","Standard","LinkedIn","Confirmed","Paid","149","149","Checked In","Yes"
"REG-1222","EVT-108","2026-08-03","Mert","Kaya","mert.kaya1222@example.com","ClearView Ops","Student","Organic Search","Confirmed","Paid","79","79","Checked In","Yes"
"REG-1223","EVT-108","2026-08-08","Ece","Koc","ece.koc1223@example.com","Marmara Tech","VIP","LinkedIn","Confirmed","Paid","299","299","Checked In","Yes"
"REG-1224","EVT-108","2026-07-25","Deniz","Sahin","deniz.sahin1224@example.com","NovaWorks","Student","LinkedIn","Confirmed","Paid","79","79","Not Checked In","Yes"
"REG-1225","EVT-108","2026-08-08","Emre","Kaya","emre.kaya1225@example.com","NovaWorks","Student","LinkedIn","Confirmed","Paid","79","79","Checked In","Yes"
"REG-1226","EVT-108","2026-09-06","Can","Aksoy","can.aksoy1226@example.com","MetricLab","Student","Email","Confirmed","Paid","79","79","Checked In","Yes"
"REG-1227","EVT-108","2026-07-22","Emre","Celik","emre.celik1227@example.com","Freelance","Student","Referral","Confirmed","Paid","79","79","Checked In","Yes"
"REG-1228","EVT-108","2026-08-04","Derya","Sahin","derya.sahin1228@example.com","MetricLab","Student","Partner","Confirmed","Paid","79","79","Checked In","Yes"
"REG-1229","EVT-108","2026-07-30","Deniz","Kaya","deniz.kaya1229@example.com","Bosporus Digital","VIP","Organic Search","Confirmed","Paid","299","299","Not Checked In","Yes"
"REG-1230","EVT-108","2026-08-24","Kerem","Kaya","kerem.kaya1230@example.com","NovaWorks","Standard","LinkedIn","Confirmed","Paid","149","149","Checked In","Yes"
"REG-1231","EVT-108","2026-07-27","Aylin","Celik","aylin.celik1231@example.com","NovaWorks","Student","Email","Pending","Unpaid","79","0","Not Eligible","Yes"
"REG-1232","EVT-108","2026-08-06","Deniz","Sahin","deniz.sahin1232@example.com","Vertex Advisory","Standard","Organic Search","Confirmed","Unpaid","149","0","Not Checked In","Yes"
"REG-1233","EVT-108","2026-09-07","Elif","Sahin","elif.sahin1233@example.com","MetricLab","VIP","Email","Confirmed","Paid","299","299","Not Checked In","Yes"
"REG-1234","EVT-108","2026-08-17","Burak","Kaya","burak.kaya1234@example.com","Bosporus Digital","Standard","Organic Search","Confirmed","Paid","149","149","Checked In","Yes"
"REG-1235","EVT-108","2026-08-12","Zeynep","Demir","zeynep.demir1235@example.com","Marmara Tech","VIP","Email","Confirmed","Unpaid","299","0","Not Checked In","Yes"
"REG-1236","EVT-108","2026-08-10","Deniz","Arslan","deniz.arslan1236@example.com","Freelance","Standard","Referral","Confirmed","Paid","149","149","Checked In","Yes"
"REG-1237","EVT-108","2026-07-21","Selin","Aksoy","selin.aksoy1237@example.com","MetricLab","Standard","LinkedIn","Confirmed","Paid","149","149","Checked In","Yes"
"REG-1238","EVT-108","2026-07-24","Burak","Yilmaz","burak.yilmaz1238@example.com","Vertex Advisory","VIP","Organic Search","Confirmed","Unpaid","299","0","Not Checked In","Yes"
"REG-1239","EVT-108","2026-08-10","Deniz","Celik","deniz.celik1239@example.com","NovaWorks","VIP","Partner","Confirmed","Paid","299","299","Checked In","Yes"
"REG-1240","EVT-108","2026-08-10","Aylin","Polat","aylin.polat1240@example.com","MetricLab","Student","Organic Search","Confirmed","Paid","79","79","Checked In","Yes"
"REG-1241","EVT-108","2026-08-24","Deniz","Polat","deniz.polat1241@example.com","Vertex Advisory","Standard","LinkedIn","Confirmed","Paid","149","149","Checked In","Yes"
"REG-1242","EVT-108","2026-07-28","Aylin","Polat","aylin.polat1242@example.com","Vertex Advisory","Standard","Referral","Cancelled","Refunded","149","-149","Not Eligible","Yes"
"REG-1243","EVT-108","2026-08-09","Ece","Aydin","ece.aydin1243@example.com","ClearView Ops","Standard","Partner","Confirmed","Paid","149","149","Checked In","Yes"
"REG-1244","EVT-108","2026-07-21","Mert","Polat","mert.polat1244@example.com","Vertex Advisory","VIP","Partner","Confirmed","Paid","299","299","Checked In","Yes"
"REG-1245","EVT-108","2026-07-28","Burak","Kaya","burak.kaya1245@example.com","Freelance","Student","LinkedIn","Confirmed","Paid","79","79","Checked In","Yes"