review_id,review_date,product_id,rating,review_text,verified_purchase,helpful_votes,country
R00001,2025-08-26,P020,3,works as expected,True,1,Canada
R00002,2025-08-07,P014,1,not worth the price,True,3,United States
R00003,2025-09-13,P010,4,still works perfectly after months,True,0,United States
R00004,2026-07-24,P012,5,simple controls and clear instructions,True,0,United Kingdom
R00005,2026-02-25,P017,2,instructions are unclear,True,0,United States
R00006,2025-11-12,P018,4,simple controls and clear instructions,True,3,Germany
R00007,2026-05-22,P015,5,still works perfectly after months,True,2,Canada
R00008,2025-09-28,P030,1,delivery took far too long,True,2,United States
R00009,2025-08-30,P008,2,shipping was smooth,True,1,Australia
R00010,2025-08-05,P018,4,excellent price to performance,True,5,United States
R00011,2026-05-21,P007,4,shipping was smooth,True,0,United States
R00012,2025-08-08,P011,5,size and fit are exactly right,True,1,Australia
R00013,2025-08-09,P021,5,feels premium and reliable,True,0,United States
R00014,2025-11-19,P008,5,feels premium and reliable,True,2,United States
R00015,2026-04-11,P014,4,has held up really well,True,5,Australia
R00016,2025-12-27,P030,3,does what the listing says,True,1,United States
R00017,2026-07-31,P026,5,worth every dollar,False,2,United States
R00018,2026-07-02,P003,1,poor build quality and cheap materials,True,5,Australia
R00019,2025-12-18,P016,5,has held up really well,True,2,Germany
R00020,2026-05-16,P003,5,size and fit are exactly right,False,1,Australia
R00021,2025-11-18,P001,5,arrived early and well packaged,True,1,United States
R00022,2026-05-31,P022,5,arrived early and well packaged,True,5,Germany
R00023,2025-11-25,P001,5,still works perfectly after months,True,1,United States
R00024,2025-10-14,P006,5,great value for the price,True,2,United States
R00025,2026-06-11,P001,4,worth every dollar,True,3,Canada
R00026,2025-11-11,P007,5,feels premium and reliable,True,1,Germany
R00027,2026-02-13,P028,2,poor value compared with alternatives,True,0,United States
R00028,2025-12-27,P012,5,still works perfectly after months,True,2,United States
R00029,2026-07-20,P030,5,shipping was smooth,True,6,United States
R00030,2026-03-07,P006,5,excellent build quality,True,0,Germany
R00031,2025-12-16,P029,2,quality is disappointing,True,1,Germany
R00032,2026-01-31,P003,2,uncomfortable and badly sized,True,4,United States
R00033,2025-12-13,P010,4,fits perfectly and feels comfortable,True,3,United States
R00034,2025-09-23,P002,2,durability is unacceptable,True,8,United States
R00035,2026-02-16,P023,4,easy to set up and use,True,4,United States
R00036,2026-02-10,P008,1,arrived late with damaged packaging,True,5,United Kingdom
R00037,2025-11-02,P001,2,excellent build quality,True,2,Germany
R00038,2025-09-03,P019,4,easy to set up and use,True,4,United Kingdom
R00039,2026-03-08,P014,2,quality is disappointing,True,1,United Kingdom
R00040,2026-04-09,P026,3,does what the listing says,True,3,United Kingdom
R00041,2026-01-01,P005,4,excellent price to performance,False,0,United Kingdom
R00042,2026-03-31,P019,5,worth every dollar,True,1,Germany
R00043,2025-10-17,P023,3,does what the listing says,True,4,United States
R00044,2025-11-11,P001,2,delivery took far too long,True,1,Germany
R00045,2025-11-07,P029,5,great value for the price,False,3,Germany
R00046,2026-02-25,P009,1,poor build quality and cheap materials,True,3,United States
R00047,2026-04-05,P005,4,excellent price to performance,True,3,United Kingdom
R00048,2026-01-10,P012,5,comfortable for long sessions,False,8,United States
R00049,2026-02-28,P006,3,average experience,True,0,United States
R00050,2025-11-01,P018,4,very durable in daily use,True,5,United States
R00051,2026-06-29,P001,5,fits perfectly and feels comfortable,True,4,Germany
R00052,2025-09-18,P020,1,fit is too tight,True,3,United States
R00053,2025-08-17,P005,5,easy to set up and use,True,1,Germany
R00054,2026-07-20,P005,5,has held up really well,True,1,Australia
R00055,2025-09-14,P004,3,does what the listing says,True,2,United States
R00056,2025-11-05,P027,1,broke much sooner than expected,True,1,United States
R00057,2026-07-31,P007,1,poor build quality and cheap materials,True,2,United States
R00058,2025-08-27,P002,3,acceptable overall with room to improve,True,2,United Kingdom
R00059,2025-10-28,P004,2,uncomfortable and badly sized,True,1,United States
R00060,2025-09-24,P018,1,frustrating to use,True,4,United States
R00061,2025-12-07,P014,3,acceptable overall with room to improve,True,2,United States
R00062,2025-12-20,P021,5,shipping was smooth,True,2,United States
R00063,2025-10-19,P004,5,simple controls and clear instructions,True,0,United States
R00064,2026-02-08,P002,5,shipping was smooth,False,1,United Kingdom
R00065,2025-10-08,P025,5,great value for the price,True,3,United States
R00066,2026-07-25,P017,1,box arrived crushed,True,0,United States
R00067,2025-10-16,P028,4,excellent price to performance,True,2,United States
R00068,2025-08-31,P026,4,worth every dollar,True,3,United Kingdom
R00069,2025-09-05,P013,2,does not fit as described,False,5,Canada
R00070,2025-11-17,P027,1,instructions are unclear,True,3,United States
R00071,2025-08-15,P003,1,fit is too tight,True,1,Australia
R00072,2026-04-02,P021,2,confusing setup and difficult controls,True,2,United States
R00073,2025-12-27,P019,5,has held up really well,False,7,Australia
R00074,2026-04-21,P002,2,stopped working after a few weeks,True,0,United States
R00075,2025-10-22,P009,5,feels premium and reliable,True,1,Germany
R00076,2026-01-08,P008,3,acceptable overall with room to improve,True,0,United States
R00077,2025-10-31,P027,1,instructions are unclear,True,3,United States
R00078,2026-06-07,P017,2,instructions are unclear,True,2,United States
R00079,2025-11-15,P011,5,easy to set up and use,True,1,United States
R00080,2025-11-30,P001,5,excellent price to performance,True,7,Canada
R00081,2025-09-27,P007,1,durability is unacceptable,True,1,Canada
R00082,2025-11-30,P023,4,fits perfectly and feels comfortable,True,0,United States
R00083,2026-05-27,P020,4,better quality than expected,True,2,United States
R00084,2026-04-24,P007,5,great value for the price,True,1,United States
R00085,2026-02-21,P013,5,arrived early and well packaged,True,5,Australia
R00086,2025-08-22,P002,5,very durable in daily use,True,1,Canada
R00087,2026-05-11,P005,4,fits perfectly and feels comfortable,True,3,United States
R00088,2026-04-23,P009,4,poor build quality and cheap materials,True,0,United States
R00089,2026-06-30,P022,4,arrived early and well packaged,True,1,United Kingdom
R00090,2026-07-27,P019,2,acceptable overall with room to improve,True,0,United Kingdom
R00091,2025-09-08,P018,3,acceptable overall with room to improve,True,2,Australia
R00092,2026-01-06,P011,4,better quality than expected,True,3,United Kingdom
R00093,2026-02-04,P016,3,does not fit as described,True,6,Australia
R00094,2025-12-30,P026,4,excellent build quality,True,0,Germany
R00095,2025-08-13,P007,4,fast delivery with no damage,True,0,United States
R00096,2026-06-16,P019,3,average experience,True,3,United States
R00097,2026-05-14,P026,5,great value for the price,True,7,Germany
R00098,2025-12-20,P028,2,does not fit as described,True,5,United States
R00099,2026-03-13,P021,5,has held up really well,True,4,Germany
R00100,2026-07-28,P006,5,arrived early and well packaged,False,0,United States
R00101,2025-10-09,P022,5,worth every dollar,True,4,United States
R00102,2025-10-16,P003,4,excellent build quality,True,0,United Kingdom
R00103,2026-01-07,P025,1,arrived late with damaged packaging,True,2,Germany
R00104,2026-03-03,P005,2,defective finish out of the box,False,8,United Kingdom
R00105,2025-11-13,P013,4,has held up really well,True,3,Canada
R00106,2025-10-13,P027,4,still works perfectly after months,True,1,United Kingdom
R00107,2026-02-17,P024,2,defective finish out of the box,True,1,Canada
R00108,2026-06-10,P002,5,very durable in daily use,True,0,United States
R00109,2025-09-10,P008,5,very durable in daily use,True,2,United Kingdom
R00110,2025-11-29,P014,5,fast delivery with no damage,True,3,Germany
R00111,2026-04-25,P020,1,confusing setup and difficult controls,True,8,United States
R00112,2026-02-20,P008,3,does what the listing says,True,1,Germany
R00113,2025-11-13,P016,5,size and fit are exactly right,False,8,Canada
R00114,2025-08-15,P030,2,poor build quality and cheap materials,True,0,United States
R00115,2026-03-30,P013,4,has held up really well,True,5,United States
R00116,2025-10-28,P011,5,feels premium and reliable,True,0,United States
R00117,2026-06-25,P022,3,works as expected,True,1,Australia
R00118,2025-10-27,P026,5,feels premium and reliable,True,3,Australia
R00119,2026-01-08,P017,4,simple controls and clear instructions,True,2,United Kingdom
R00120,2026-05-20,P011,4,arrived early and well packaged,True,1,United Kingdom
R00121,2025-11-11,P009,4,excellent build quality,True,0,Germany
R00122,2026-05-31,P013,1,overpriced for what it offers,True,3,United States
R00123,2025-10-17,P024,5,comfortable for long sessions,True,3,Germany
R00124,2025-11-20,P020,4,very durable in daily use,True,1,United States
R00125,2026-02-19,P028,2,defective finish out of the box,True,4,United States
R00126,2026-07-28,P022,5,fast delivery with no damage,True,1,United Kingdom
R00127,2025-11-28,P029,4,arrived early and well packaged,True,0,United Kingdom
R00128,2025-08-12,P030,3,works as expected,True,1,United States
R00129,2025-12-11,P029,3,acceptable overall with room to improve,True,1,United States
R00130,2026-05-12,P008,4,very durable in daily use,True,7,United States
R00131,2026-05-04,P001,5,has held up really well,True,3,United States
R00132,2025-12-14,P014,5,excellent build quality,True,7,Canada
R00133,2025-11-15,P011,5,very durable in daily use,True,6,United Kingdom
R00134,2025-08-02,P002,1,stopped working after a few weeks,True,0,United Kingdom
R00135,2026-02-23,P012,5,great value for the price,True,3,United States
R00136,2025-08-21,P006,5,fine,False,2,Canada
R00137,2025-12-29,P015,1,quality is disappointing,True,6,United States
R00138,2026-05-19,P020,5,better quality than expected,True,3,United States
R00139,2026-04-21,P016,4,comfortable for long sessions,True,2,Australia
R00140,2026-05-22,P020,4,works intuitively,True,2,United States
R00141,2026-05-08,P016,5,excellent build quality,True,1,Australia
R00142,2026-06-26,P024,4,very durable in daily use,False,7,Germany
R00143,2026-03-04,P021,4,worth every dollar,True,2,United States
R00144,2026-03-23,P022,1,arrived late with damaged packaging,True,1,Canada
R00145,2025-10-26,P019,5,fits perfectly and feels comfortable,True,3,United States
R00146,2026-07-28,P016,4,excellent build quality,True,12,United States
R00147,2026-07-01,P008,5,fast delivery with no damage,True,2,Australia
R00148,2025-11-28,P014,5,shipping was smooth,True,3,United States
R00149,2025-12-29,P002,3,broke much sooner than expected,True,0,Canada
R00150,2026-07-09,P014,5,simple controls and clear instructions,True,4,Canada
R00151,2026-07-17,P020,4,shipping was smooth,True,9,United States
R00152,2025-11-04,P001,5,worth every dollar,True,3,United States
R00153,2025-08-15,P003,4,very durable in daily use,True,2,United States
R00154,2026-03-04,P029,4,fits perfectly and feels comfortable,True,1,United Kingdom
R00155,2025-11-30,P017,5,simple controls and clear instructions,True,5,United Kingdom
R00156,2025-11-16,P019,2,broke much sooner than expected,True,7,United States
R00157,2025-11-12,P019,1,does not fit as described,True,1,United States
R00158,2026-04-13,P009,5,size and fit are exactly right,True,3,United States
R00159,2026-06-18,P025,4,excellent price to performance,False,4,United States
R00160,2025-12-24,P017,1,confusing setup and difficult controls,True,4,Germany
R00161,2026-05-25,P002,3,broke much sooner than expected,False,3,United States
R00162,2025-08-06,P019,5,excellent build quality,True,2,Canada
R00163,2026-07-29,P025,3,works as expected,True,1,United States
R00164,2025-12-09,P014,1,poor value compared with alternatives,True,2,United States
R00165,2026-03-10,P019,4,simple controls and clear instructions,True,8,Germany
R00166,2025-08-09,P030,4,arrived early and well packaged,True,1,United Kingdom
R00167,2025-12-20,P002,5,very durable in daily use,True,3,Canada
R00168,2026-06-18,P029,4,fits perfectly and feels comfortable,True,0,Germany
R00169,2026-03-28,P029,4,excellent price to performance,True,12,Canada
R00170,2026-01-07,P029,4,fits perfectly and feels comfortable,True,7,Germany
R00171,2025-11-02,P005,3,poor value compared with alternatives,True,2,Germany
R00172,2025-08-02,P005,4,great value for the price,True,6,United States
R00173,2026-07-21,P005,5,better quality than expected,True,3,United Kingdom
R00174,2026-03-16,P007,3,does what the listing says,False,6,Canada
R00175,2025-09-10,P001,3,acceptable overall with room to improve,True,1,United Kingdom
R00176,2026-02-08,P019,4,arrived early and well packaged,True,2,United States
R00177,2025-10-22,P019,1,instructions are unclear,True,3,United Kingdom
R00178,2026-07-02,P025,2,uncomfortable and badly sized,True,1,United States
R00179,2026-02-26,P009,3,stopped working after a few weeks,True,5,United Kingdom
R00180,2026-04-16,P005,4,great value for the price,True,3,United States
R00181,2026-01-04,P009,3,defective finish out of the box,True,4,United Kingdom
R00182,2025-10-24,P022,5,shipping was smooth,True,1,Australia
R00183,2026-05-25,P006,1,delivery took far too long,True,2,United States
R00184,2026-01-22,P003,3,does not fit as described,True,0,Australia
R00185,2025-10-21,P008,2,delivery took far too long,True,0,United States
R00186,2025-08-01,P020,4,comfortable for long sessions,False,3,Australia
R00187,2026-02-14,P014,5,worth every dollar,True,8,United Kingdom
R00188,2026-05-06,P017,2,frustrating to use,True,1,Canada
R00189,2026-03-27,P019,1,instructions are unclear,True,5,Canada
R00190,2026-07-19,P007,5,arrived early and well packaged,True,1,United Kingdom
R00191,2025-11-07,P024,5,easy to set up and use,True,2,United Kingdom
R00192,2026-01-18,P009,5,excellent build quality,True,2,Germany
R00193,2026-07-31,P002,1,durability is unacceptable,True,1,United States
R00194,2026-07-05,P009,1,defective finish out of the box,False,6,United States
R00195,2026-07-03,P015,4,fits perfectly and feels comfortable,True,4,United States
R00196,2025-09-03,P012,5,great value for the price,True,0,United States
R00197,2025-11-26,P029,5,size and fit are exactly right,True,7,Canada
R00198,2026-07-22,P026,5,excellent price to performance,True,2,United States
R00199,2025-10-16,P020,5,simple controls and clear instructions,True,0,Canada
R00200,2025-11-15,P008,3,does what the listing says,True,0,United Kingdom
R00201,2025-09-07,P007,4,feels premium and reliable,True,2,United States
R00202,2026-01-14,P023,1,not worth the price,False,6,United States
R00203,2026-03-19,P003,5,great value for the price,True,3,Germany
R00204,2026-04-04,P026,5,simple controls and clear instructions,True,1,Australia
R00205,2026-07-28,P018,3,works as expected,True,2,Australia
R00206,2026-03-07,P025,5,shipping was smooth,True,4,United States
R00207,2026-06-23,P025,5,fits perfectly and feels comfortable,True,1,United Kingdom
R00208,2026-05-25,P018,5,great value for the price,True,0,Canada
R00209,2026-07-12,P005,4,size and fit are exactly right,True,7,United States
R00210,2025-08-22,P015,5,fast delivery with no damage,True,0,Australia
R00211,2026-01-26,P029,5,great value for the price,True,0,Canada
R00212,2026-07-05,P018,5,fast delivery with no damage,True,7,United States
R00213,2025-10-15,P016,3,works as expected,True,0,United Kingdom
R00214,2026-06-29,P019,4,excellent price to performance,False,3,United States
R00215,2025-12-17,P005,4,great value for the price,True,0,Canada
R00216,2025-10-28,P023,5,easy to set up and use,False,2,United States
R00217,2025-11-03,P030,4,feels premium and reliable,True,1,United States
R00218,2026-07-27,P002,4,durability is unacceptable,True,3,Australia
R00219,2025-10-22,P008,3,acceptable overall with room to improve,True,2,United Kingdom
R00220,2026-03-22,P013,5,ok,False,2,United Kingdom
R00221,2025-11-28,P022,5,arrived early and well packaged,True,2,United Kingdom
R00222,2026-05-02,P011,3,average experience,True,2,United States
R00223,2025-10-25,P030,4,fast delivery with no damage,True,5,Canada
R00224,2025-10-08,P012,3,does what the listing says,True,3,United Kingdom
R00225,2026-05-07,P003,5,better quality than expected,True,6,Germany
R00226,2026-05-11,P006,4,easy to set up and use,True,2,United States
R00227,2026-01-31,P007,5,excellent price to performance,True,1,United States
R00228,2026-06-27,P005,5,still works perfectly after months,True,10,United States
R00229,2025-09-25,P015,5,comfortable for long sessions,True,1,Germany
R00230,2025-10-09,P003,4,shipping was smooth,False,0,Canada
R00231,2026-03-07,P005,5,very durable in daily use,True,1,Germany
R00232,2026-01-02,P003,4,shipping was smooth,True,4,United States
R00233,2026-06-26,P020,2,defective finish out of the box,True,1,United States
R00234,2026-07-03,P003,4,excellent price to performance,True,0,Germany
R00235,2025-11-12,P004,5,shipping was smooth,True,1,United Kingdom
R00236,2026-03-29,P019,1,quality is disappointing,True,3,Canada
R00237,2026-04-21,P001,1,does not fit as described,True,0,United States
R00238,2026-04-12,P025,4,fast delivery with no damage,True,6,United Kingdom
R00239,2026-05-04,P019,5,shipping was smooth,True,2,Canada
R00240,2025-08-25,P015,5,feels premium and reliable,True,0,United States
R00241,2025-10-22,P021,3,average experience,True,3,Australia
R00242,2026-02-18,P030,4,simple controls and clear instructions,True,1,United States
R00243,2025-10-24,P015,4,excellent price to performance,False,1,Australia
R00244,2025-12-12,P019,5,great value for the price,True,4,United States
R00245,2025-09-12,P026,1,confusing setup and difficult controls,True,3,United States
R00246,2026-06-09,P029,4,fast delivery with no damage,True,1,Canada
R00247,2025-11-17,P027,5,excellent price to performance,True,9,United States
R00248,2026-05-14,P023,5,has held up really well,True,3,United Kingdom
R00249,2026-03-17,P001,4,excellent build quality,True,0,United Kingdom
R00250,2025-11-29,P026,4,frustrating to use,True,1,United Kingdom
R00251,2025-09-21,P030,1,uncomfortable and badly sized,True,4,Germany
R00252,2026-01-09,P001,3,average experience,True,8,United Kingdom
R00253,2026-06-16,P010,5,comfortable for long sessions,True,4,United States
R00254,2026-01-29,P012,1,durability is unacceptable,True,3,United States
R00255,2025-08-06,P028,5,excellent price to performance,True,10,United States
R00256,2025-12-29,P024,5,feels premium and reliable,True,4,United Kingdom
R00257,2026-04-19,P018,4,comfortable for long sessions,True,2,United States
R00258,2025-12-11,P002,5,easy to set up and use,True,2,United Kingdom
R00259,2026-07-22,P024,5,fits perfectly and feels comfortable,True,4,Germany
R00260,2025-10-12,P001,4,shipping was smooth,False,1,Canada
R00261,2026-06-30,P017,1,does not fit as described,True,0,United States
R00262,2025-09-22,P005,4,easy to set up and use,True,4,United Kingdom
R00263,2026-06-07,P024,5,great value for the price,True,0,United States
R00264,2026-02-21,P026,5,easy to set up and use,True,2,United States
R00265,2026-06-19,P024,1,instructions are unclear,True,2,United Kingdom
R00266,2026-06-08,P008,4,excellent price to performance,True,3,Australia
R00267,2026-02-01,P014,3,acceptable overall with room to improve,True,0,Canada
R00268,2026-05-01,P018,5,size and fit are exactly right,True,0,Germany
R00269,2025-08-05,P007,4,shipping was smooth,True,4,United States
R00270,2025-09-24,P003,2,delivery took far too long,True,0,United States
R00271,2026-06-05,P024,5,worth every dollar,True,1,United States
R00272,2025-12-05,P010,5,easy to set up and use,False,3,United States
R00273,2026-07-31,P029,5,shipping was smooth,True,7,United States
R00274,2026-06-01,P025,3,acceptable overall with room to improve,True,2,United Kingdom
R00275,2025-08-31,P025,3,average experience,True,0,United Kingdom
R00276,2026-02-20,P030,5,has held up really well,True,1,Canada
R00277,2026-04-18,P006,3,acceptable overall with room to improve,True,6,Australia
R00278,2026-07-09,P009,4,feels premium and reliable,True,1,United States
R00279,2026-05-05,P001,3,acceptable overall with room to improve,True,3,Germany
R00280,2026-06-29,P009,3,quality is disappointing,True,0,United States
R00281,2025-11-14,P030,5,arrived early and well packaged,False,3,United States
R00282,2026-07-06,P029,2,does not fit as described,True,1,United States
R00283,2025-10-06,P009,1,not worth the price,False,9,United States
R00284,2026-06-07,P024,5,excellent build quality,True,2,United States
R00285,2026-06-14,P002,2,stopped working after a few weeks,True,5,Canada
R00286,2026-05-10,P026,2,fit is too tight,True,0,United States
R00287,2026-05-09,P019,4,very durable in daily use,True,5,United States
R00288,2026-06-23,P005,5,still works perfectly after months,True,3,Canada
R00289,2025-12-12,P001,4,excellent build quality,True,0,Canada
R00290,2025-12-04,P002,5,still works perfectly after months,True,2,United States
R00291,2026-02-21,P010,5,arrived early and well packaged,True,1,United States
R00292,2026-04-22,P005,4,excellent price to performance,True,2,United States
R00293,2026-01-16,P008,4,size and fit are exactly right,True,2,United Kingdom
R00294,2025-12-22,P006,4,fits perfectly and feels comfortable,True,1,United States
R00295,2025-11-17,P007,5,shipping was smooth,True,0,United Kingdom
R00296,2025-11-16,P020,4,excellent price to performance,True,0,United States
R00297,2026-07-19,P030,5,shipping was smooth,True,3,United Kingdom
R00298,2025-11-09,P026,2,not worth the price,True,0,Canada
R00299,2026-01-27,P015,3,does what the listing says,True,2,United States
R00300,2025-12-21,P006,1,does not fit as described,True,1,Germany
R00301,2025-08-25,P029,5,very durable in daily use,True,3,United States
R00302,2026-03-04,P014,1,fine,True,14,United States
R00303,2025-12-15,P015,3,acceptable overall with room to improve,True,1,United States
R00304,2026-03-19,P020,5,still works perfectly after months,True,6,Germany
R00305,2025-09-28,P025,5,works intuitively,True,5,United States
R00306,2025-12-18,P004,4,great value for the price,True,3,United States
R00307,2025-09-08,P008,2,acceptable overall with room to improve,False,0,Germany
R00308,2025-12-25,P020,5,size and fit are exactly right,True,1,Germany
R00309,2025-11-03,P026,4,fast delivery with no damage,True,1,United States
R00310,2025-09-08,P007,5,has held up really well,True,3,Australia
R00311,2026-07-17,P008,5,better quality than expected,True,1,United Kingdom
R00312,2026-01-10,P022,2,arrived late with damaged packaging,True,2,United Kingdom
R00313,2026-05-11,P007,5,size and fit are exactly right,True,5,United States
R00314,2026-01-04,P022,1,not worth the price,True,0,United States
R00315,2025-12-08,P028,5,excellent price to performance,True,2,United States
R00316,2026-05-11,P005,5,excellent build quality,True,3,Australia
R00317,2025-09-19,P027,5,worth every dollar,True,2,United States
R00318,2025-12-15,P004,3,does what the listing says,True,6,Canada
R00319,2025-09-01,P017,2,instructions are unclear,True,3,United States
R00320,2026-05-15,P020,5,works intuitively,True,4,Germany
R00321,2026-06-11,P017,2,instructions are unclear,True,4,United States
R00322,2026-05-09,P030,4,size and fit are exactly right,True,5,United States
R00323,2026-06-20,P011,4,better quality than expected,True,5,Germany
R00324,2025-08-16,P011,4,comfortable for long sessions,True,1,Canada
R00325,2026-07-21,P018,2,stopped working after a few weeks,True,1,Canada
R00326,2026-05-11,P018,3,works as expected,True,0,United Kingdom
R00327,2026-04-16,P013,5,shipping was smooth,True,5,Germany
R00328,2026-03-31,P003,2,frustrating to use,False,3,United States
R00329,2026-02-17,P026,5,very durable in daily use,True,3,United States
R00330,2026-07-31,P029,5,great value for the price,True,1,Australia
R00331,2025-10-15,P001,5,still works perfectly after months,True,2,United States
R00332,2026-04-21,P004,4,worth every dollar,True,1,United States
R00333,2025-08-30,P014,3,instructions are unclear,True,0,Canada
R00334,2025-09-26,P006,3,acceptable overall with room to improve,True,6,United States
R00335,2026-04-15,P015,4,has held up really well,True,4,United Kingdom
R00336,2026-07-09,P001,5,feels premium and reliable,True,2,United States
R00337,2025-11-27,P025,5,still works perfectly after months,True,3,United Kingdom
R00338,2025-09-22,P005,2,poor value compared with alternatives,True,3,Australia
R00339,2025-10-05,P013,4,shipping was smooth,True,2,Canada
R00340,2025-10-25,P005,3,stopped working after a few weeks,True,1,Australia
R00341,2026-02-22,P023,3,works as expected,True,1,Australia
R00342,2026-04-16,P023,5,shipping was smooth,True,5,Australia
R00343,2026-01-10,P021,4,arrived early and well packaged,True,0,United States
R00344,2026-02-02,P005,5,shipping was smooth,True,3,Germany
R00345,2025-10-03,P008,4,works intuitively,True,6,United Kingdom
R00346,2026-06-01,P003,4,better quality than expected,True,0,United States
R00347,2026-04-02,P029,4,,True,0,Canada
R00348,2025-08-07,P002,5,still works perfectly after months,True,1,United States
R00349,2026-04-19,P001,4,excellent price to performance,True,1,United Kingdom
R00350,2025-08-09,P002,3,stopped working after a few weeks,True,1,United States
R00351,2026-02-01,P021,5,size and fit are exactly right,True,7,United States
R00352,2026-05-07,P002,3,stopped working after a few weeks,True,0,United States
R00353,2025-08-09,P029,5,fits perfectly and feels comfortable,True,4,Germany
R00354,2025-10-24,P003,3,arrived late with damaged packaging,True,4,Canada
R00355,2026-06-09,P021,4,simple controls and clear instructions,True,1,United States
R00356,2026-01-18,P023,4,simple controls and clear instructions,True,5,Australia
R00357,2026-06-22,P005,2,broke much sooner than expected,True,11,Canada
R00358,2026-01-29,P018,5,has held up really well,True,1,United States
R00359,2026-01-15,P017,5,easy to set up and use,True,0,United States
R00360,2026-07-03,P024,5,great value for the price,True,7,United States
R00361,2026-02-13,P006,4,excellent price to performance,True,0,Canada
R00362,2026-05-25,P028,5,great value for the price,True,5,United States
R00363,2026-02-05,P018,5,easy to set up and use,True,4,Germany
R00364,2026-07-09,P026,3,works as expected,True,4,Australia
R00365,2026-01-18,P014,5,worth every dollar,True,1,Canada
R00366,2026-04-16,P006,5,feels premium and reliable,True,6,Canada
R00367,2026-03-05,P027,4,fast delivery with no damage,True,1,United States
R00368,2026-01-27,P016,5,fine,True,3,Germany
R00369,2026-03-03,P011,5,arrived early and well packaged,True,7,United States
R00370,2026-05-02,P002,5,has held up really well,True,1,Australia
R00371,2026-04-14,P010,5,arrived early and well packaged,True,4,United States
R00372,2025-10-20,P002,1,not worth the price,True,4,Canada
R00373,2025-12-19,P018,4,worth every dollar,True,6,United States
R00374,2025-08-02,P022,2,arrived late with damaged packaging,True,1,Canada
R00375,2025-08-14,P019,4,excellent build quality,True,2,Canada
R00376,2026-02-01,P006,5,has held up really well,True,0,Australia
R00377,2026-04-01,P019,3,does what the listing says,True,2,Germany
R00378,2026-07-25,P030,3,average experience,True,0,Germany
R00379,2026-05-31,P003,4,better quality than expected,True,5,United States
R00380,2025-11-27,P028,5,worth every dollar,True,4,United States
R00381,2026-07-15,P020,4,worth every dollar,True,0,Canada
R00382,2026-07-24,P017,3,confusing setup and difficult controls,True,1,United States
R00383,2025-11-08,P005,5,fast delivery with no damage,True,5,United States
R00384,2026-01-29,P002,2,durability is unacceptable,True,2,United States
R00385,2026-04-05,P006,5,simple controls and clear instructions,True,0,United Kingdom
R00386,2026-06-22,P019,5,size and fit are exactly right,True,0,United States
R00387,2025-12-08,P019,3,works as expected,True,1,United States
R00388,2026-07-19,P016,1,stopped working after a few weeks,True,4,Germany
R00389,2026-03-18,P002,2,broke much sooner than expected,True,2,United States
R00390,2026-01-19,P015,1,broke much sooner than expected,True,2,United States
R00391,2025-09-04,P030,4,very durable in daily use,True,0,Canada
R00392,2026-03-13,P015,5,feels premium and reliable,True,1,Canada
R00393,2025-10-03,P014,5,fast delivery with no damage,True,3,United States
R00394,2026-05-14,P012,5,feels premium and reliable,True,7,Canada
R00395,2026-07-19,P015,3,average experience,True,1,Canada
R00396,2026-05-29,P018,5,great value for the price,True,3,Canada
R00397,2026-05-17,P007,1,fit is too tight,True,5,United States
R00398,2026-06-21,P029,5,fits perfectly and feels comfortable,True,2,United States
R00399,2026-04-13,P021,2,average experience,True,3,United States
R00400,2026-04-22,P003,5,comfortable for long sessions,True,2,United States
R00401,2026-02-04,P023,4,simple controls and clear instructions,True,1,United States
R00402,2026-05-08,P025,3,acceptable overall with room to improve,True,0,United States
R00403,2026-01-08,P003,5,comfortable for long sessions,True,0,Germany
R00404,2025-09-28,P006,3,works as expected,True,3,United States
R00405,2026-02-04,P002,1,broke much sooner than expected,True,0,United States
R00406,2025-10-22,P018,2,broke much sooner than expected,True,4,United States
R00407,2026-02-17,P020,3,works as expected,True,8,Canada
R00408,2025-12-15,P022,5,shipping was smooth,True,7,United States
R00409,2026-04-08,P024,5,better quality than expected,True,1,Australia
R00410,2025-11-20,P028,1,not worth the price,True,1,United States
R00411,2025-09-10,P023,3,works as expected,True,1,United States
R00412,2026-05-27,P018,5,better quality than expected,True,0,Germany
R00413,2026-01-20,P025,3,does what the listing says,True,1,United States
R00414,2025-08-03,P030,4,shipping was smooth,True,0,United States
R00415,2026-04-24,P008,1,,True,6,Germany
R00416,2026-03-30,P022,5,feels premium and reliable,True,0,United Kingdom
R00417,2026-03-24,P009,4,excellent build quality,True,1,United States
R00418,2025-12-08,P008,5,great value for the price,True,7,United States
R00419,2025-10-12,P008,5,simple controls and clear instructions,True,7,Canada
R00420,2026-02-01,P019,4,worth every dollar,True,5,United States
R00421,2025-11-15,P019,4,fits perfectly and feels comfortable,True,3,Canada
R00422,2026-04-24,P001,4,very durable in daily use,True,8,Canada
R00423,2025-08-28,P003,5,great value for the price,True,0,United States
R00424,2025-10-08,P030,2,durability is unacceptable,True,8,United States
R00425,2026-05-22,P017,3,average experience,True,2,United States
R00426,2025-12-09,P003,1,poor value compared with alternatives,True,11,United States
R00427,2026-07-15,P006,5,has held up really well,True,0,United States
R00428,2025-10-18,P012,3,,True,0,Australia
R00429,2026-01-01,P010,4,arrived early and well packaged,True,1,United States
R00430,2025-10-31,P002,3,does what the listing says,True,4,United Kingdom
R00431,2026-06-02,P020,2,quality is disappointing,False,4,United States
R00432,2026-07-19,P028,1,poor value compared with alternatives,True,1,Canada
R00433,2026-06-26,P028,5,great value for the price,True,3,United States
R00434,2025-12-10,P004,5,shipping was smooth,True,0,Germany
R00435,2026-07-28,P029,5,ok,True,0,United States
R00436,2026-07-13,P009,4,better quality than expected,True,0,United States
R00437,2025-12-23,P027,4,simple controls and clear instructions,True,2,Germany
R00438,2026-06-26,P004,3,works as expected,True,2,United States
R00439,2026-03-16,P022,3,works as expected,True,0,United States
R00440,2026-04-24,P030,5,simple controls and clear instructions,True,2,United States
R00441,2025-11-20,P028,1,fit is too tight,True,4,United States
R00442,2025-09-21,P023,5,better quality than expected,True,8,United Kingdom
R00443,2025-10-15,P007,5,very durable in daily use,True,4,Germany
R00444,2025-11-01,P016,5,simple controls and clear instructions,True,0,Australia
R00445,2026-07-01,P016,5,very durable in daily use,True,1,United States
R00446,2026-07-06,P009,5,feels premium and reliable,True,2,United States
R00447,2025-11-30,P004,5,arrived early and well packaged,True,0,United Kingdom
R00448,2025-08-27,P016,4,still works perfectly after months,True,2,Australia
R00449,2025-09-28,P027,4,has held up really well,True,1,United States
R00450,2026-02-24,P018,4,shipping was smooth,True,4,Australia
R00451,2025-08-21,P025,1,overpriced for what it offers,True,3,United States
R00452,2025-11-21,P014,2,instructions are unclear,True,0,United Kingdom
R00453,2025-12-09,P028,3,average experience,True,6,United States
R00454,2026-01-01,P022,5,has held up really well,True,3,Germany
R00455,2026-04-11,P003,4,excellent build quality,True,2,United Kingdom
R00456,2025-10-23,P013,5,worth every dollar,True,1,United States
R00457,2026-06-22,P004,4,shipping was smooth,True,2,Germany
R00458,2026-01-03,P021,4,shipping was smooth,True,0,United States
R00459,2026-04-25,P017,3,works as expected,True,5,United States
R00460,2025-09-01,P018,5,better quality than expected,True,7,Australia
R00461,2026-01-22,P020,5,fast delivery with no damage,True,4,Australia
R00462,2025-10-25,P019,5,size and fit are exactly right,True,2,United States
R00463,2025-12-31,P014,5,fits perfectly and feels comfortable,True,3,United States
R00464,2025-09-29,P005,4,better quality than expected,True,1,United States
R00465,2026-02-12,P027,5,great value for the price,True,2,United Kingdom
R00466,2026-05-15,P010,4,feels premium and reliable,True,0,Germany
R00467,2025-12-11,P008,5,works intuitively,True,0,Germany
R00468,2026-04-09,P016,4,has held up really well,True,1,Australia
R00469,2025-08-25,P014,4,feels premium and reliable,True,6,Canada
R00470,2025-10-29,P004,3,acceptable overall with room to improve,False,2,United States
R00471,2026-05-27,P006,2,not worth the price,True,2,United States
R00472,2025-10-08,P023,5,works intuitively,True,2,United States
R00473,2026-04-24,P009,3,average experience,True,2,Canada
R00474,2026-02-06,P005,3,acceptable overall with room to improve,True,3,United Kingdom
R00475,2026-01-14,P027,2,works intuitively,True,0,United States
R00476,2025-08-11,P016,3,arrived late with damaged packaging,True,1,Germany
R00477,2026-01-06,P016,2,easy to set up and use,True,0,United States
R00478,2026-07-07,P003,1,delivery took far too long,True,10,United States
R00479,2025-09-19,P008,4,has held up really well,False,1,Canada
R00480,2026-07-12,P006,2,frustrating to use,True,1,Canada
R00481,2026-03-03,P005,5,has held up really well,True,2,United States
R00482,2025-08-07,P010,3,acceptable overall with room to improve,True,8,United Kingdom
R00483,2026-06-22,P017,3,product received,True,1,United States
R00484,2026-04-01,P014,2,defective finish out of the box,True,5,United States
R00485,2026-04-13,P011,4,feels premium and reliable,False,3,United States
R00486,2026-01-02,P008,4,fits perfectly and feels comfortable,True,9,United Kingdom
R00487,2025-10-23,P012,4,has held up really well,True,2,United Kingdom
R00488,2025-12-25,P027,5,size and fit are exactly right,True,0,United States
R00489,2026-06-11,P007,4,simple controls and clear instructions,True,3,Canada
R00490,2026-07-22,P012,5,worth every dollar,True,4,United States
R00491,2026-03-29,P013,1,delivery took far too long,True,0,United States
R00492,2025-11-17,P024,2,poor build quality and cheap materials,True,2,United States
R00493,2025-08-26,P013,4,arrived early and well packaged,True,2,Canada
R00494,2026-01-22,P025,4,,True,0,United Kingdom
R00495,2026-07-22,P005,3,acceptable overall with room to improve,True,6,United States
R00496,2026-01-08,P003,1,frustrating to use,True,1,United States
R00497,2025-08-20,P029,5,arrived early and well packaged,True,2,United States
R00498,2026-03-03,P004,4,excellent build quality,True,0,United States
R00499,2026-03-06,P017,1,ok,True,6,United States
R00500,2025-10-20,P007,4,feels premium and reliable,True,0,Germany
R00501,2025-12-04,P009,1,poor build quality and cheap materials,True,1,Germany
R00502,2025-12-14,P002,1,defective finish out of the box,True,2,Australia
R00503,2026-03-02,P012,5,size and fit are exactly right,True,2,United States
R00504,2026-07-23,P006,5,has held up really well,True,9,Germany
R00505,2026-07-26,P002,2,defective finish out of the box,True,10,United Kingdom
R00506,2026-01-30,P016,4,excellent build quality,True,1,United States
R00507,2025-11-28,P014,5,better quality than expected,True,4,United States
R00508,2026-06-14,P020,2,acceptable overall with room to improve,True,5,Australia
R00509,2025-11-22,P012,5,still works perfectly after months,True,1,Canada
R00510,2026-06-02,P021,5,excellent price to performance,True,6,United States
R00511,2025-08-09,P005,5,arrived early and well packaged,True,3,United Kingdom
R00512,2026-06-17,P028,1,defective finish out of the box,True,8,Germany
R00513,2025-12-01,P016,3,uncomfortable and badly sized,True,0,United States
R00514,2026-06-17,P020,5,still works perfectly after months,True,4,United Kingdom
R00515,2026-02-24,P007,5,better quality than expected,True,4,Australia
R00516,2026-02-24,P030,4,fits perfectly and feels comfortable,True,9,United States
R00517,2026-01-21,P030,3,works as expected,True,2,United Kingdom
R00518,2025-09-05,P008,4,feels premium and reliable,False,1,United States
R00519,2025-12-16,P024,3,does what the listing says,True,4,United States
R00520,2025-09-23,P007,4,shipping was smooth,True,1,Australia
R00521,2025-08-31,P018,3,works as expected,True,0,United Kingdom
R00522,2025-10-02,P008,4,better quality than expected,True,1,United States
R00523,2025-11-08,P003,4,arrived early and well packaged,True,4,United States
R00524,2025-10-12,P009,3,acceptable overall with room to improve,True,4,United States
R00525,2025-09-15,P015,5,fast delivery with no damage,True,1,Australia
R00526,2025-11-01,P007,5,easy to set up and use,True,1,United States
R00527,2026-01-13,P024,2,poor value compared with alternatives,True,4,United States
R00528,2025-12-22,P020,5,simple controls and clear instructions,True,2,Germany
R00529,2026-04-29,P008,3,average experience,False,3,Australia
R00530,2025-09-10,P029,3,stopped working after a few weeks,True,0,United States
R00531,2026-04-04,P022,1,arrived late with damaged packaging,True,3,United States
R00532,2026-02-22,P026,5,comfortable for long sessions,True,3,United States
R00533,2026-04-20,P030,5,fast delivery with no damage,True,1,Canada
R00534,2025-11-04,P006,2,instructions are unclear,True,1,United States
R00535,2026-01-11,P002,1,does not fit as described,True,3,United Kingdom
R00536,2025-08-27,P004,5,arrived early and well packaged,True,6,United States
R00537,2025-10-26,P028,2,poor value compared with alternatives,False,2,United States
R00538,2025-12-11,P019,4,fits perfectly and feels comfortable,False,2,Australia
R00539,2025-08-16,P020,4,very durable in daily use,True,8,United Kingdom
R00540,2025-08-21,P011,3,does what the listing says,True,0,Australia
R00541,2025-11-04,P014,5,excellent price to performance,True,0,United States
R00542,2026-04-20,P004,4,very durable in daily use,True,0,United Kingdom
R00543,2025-11-12,P011,5,still works perfectly after months,False,1,United States
R00544,2026-01-24,P029,4,worth every dollar,True,6,United States
R00545,2026-04-12,P010,3,average experience,True,5,United States
R00546,2025-12-10,P016,3,acceptable overall with room to improve,True,1,United States
R00547,2026-02-18,P001,2,excellent build quality,True,0,Germany
R00548,2026-06-25,P028,4,comfortable for long sessions,True,3,United States
R00549,2025-10-12,P022,5,arrived early and well packaged,True,3,United States
R00550,2025-11-14,P018,4,works intuitively,False,5,United States
R00551,2026-01-07,P029,5,worth every dollar,False,1,United Kingdom
R00552,2026-01-01,P018,3,works as expected,False,1,Canada
R00553,2026-03-15,P005,2,fit is too tight,True,3,United States
R00554,2025-09-04,P030,5,worth every dollar,True,3,Australia
R00555,2025-10-18,P007,4,excellent price to performance,True,0,United States
R00556,2026-05-17,P025,5,excellent price to performance,True,3,United States
R00557,2025-12-10,P011,2,quality is disappointing,False,1,Australia
R00558,2025-08-06,P021,4,size and fit are exactly right,True,0,United Kingdom
R00559,2025-09-23,P009,4,better quality than expected,True,0,Canada
R00560,2026-04-04,P004,3,average experience,True,7,Canada
R00561,2026-03-23,P025,3,acceptable overall with room to improve,True,10,Australia
R00562,2026-03-09,P018,5,better quality than expected,False,1,United States
R00563,2026-03-29,P009,3,defective finish out of the box,True,7,Canada
R00564,2025-10-30,P002,3,works as expected,True,0,Canada
R00565,2026-01-13,P014,4,excellent build quality,True,1,United States
R00566,2025-10-03,P021,4,shipping was smooth,False,2,Germany
R00567,2025-12-19,P008,2,frustrating to use,True,3,United Kingdom
R00568,2025-10-20,P021,5,still works perfectly after months,True,3,United States
R00569,2025-08-30,P027,5,great value for the price,True,2,Canada
R00570,2026-04-19,P020,5,feels premium and reliable,True,1,Canada
R00571,2026-02-25,P010,4,product received,True,8,Canada
R00572,2025-08-15,P010,5,shipping was smooth,True,8,United States
R00573,2026-05-25,P017,5,works intuitively,True,0,United Kingdom
R00574,2025-10-27,P016,5,worth every dollar,True,0,Australia
R00575,2025-10-10,P021,5,product received,True,1,United States
R00576,2026-05-10,P007,5,comfortable for long sessions,True,0,United States
R00577,2025-10-31,P028,2,poor build quality and cheap materials,True,2,United States
R00578,2025-09-26,P025,5,worth every dollar,True,4,United States
R00579,2025-09-16,P022,5,shipping was smooth,True,0,Australia
R00580,2026-02-07,P002,4,very durable in daily use,True,1,United States
R00581,2025-12-09,P021,4,great value for the price,True,1,United States
R00582,2025-12-14,P019,5,works intuitively,True,2,United Kingdom
R00583,2026-06-03,P015,5,works intuitively,True,4,Canada
R00584,2026-06-24,P015,5,shipping was smooth,True,0,United States
R00585,2026-05-29,P015,2,quality is disappointing,True,1,Canada
R00586,2026-06-17,P004,5,worth every dollar,True,1,Australia
R00587,2025-08-28,P021,5,works intuitively,True,3,Germany
R00588,2026-02-09,P005,5,worth every dollar,True,3,Canada
R00589,2026-07-09,P002,5,has held up really well,False,6,United States
R00590,2026-02-19,P017,5,shipping was smooth,True,5,United Kingdom
R00591,2025-11-20,P020,2,arrived late with damaged packaging,True,1,United States
R00592,2026-06-08,P020,4,comfortable for long sessions,True,3,United Kingdom
R00593,2026-06-17,P024,5,very durable in daily use,False,7,United Kingdom
R00594,2025-09-18,P029,5,very durable in daily use,True,5,Canada
R00595,2025-10-27,P020,4,better quality than expected,True,1,Australia
R00596,2026-05-08,P021,5,shipping was smooth,True,2,United States
R00597,2025-08-05,P021,4,feels premium and reliable,True,8,Germany
R00598,2026-06-09,P027,5,has held up really well,True,2,United States
R00599,2026-01-16,P002,2,durability is unacceptable,True,2,United States
R00600,2025-08-17,P001,1,instructions are unclear,True,1,United States
R00601,2025-09-26,P025,4,easy to set up and use,True,7,Australia
R00602,2026-04-07,P004,5,works intuitively,True,1,Germany
R00603,2026-06-18,P016,5,simple controls and clear instructions,True,1,Germany
R00604,2025-09-23,P026,1,box arrived crushed,False,1,United States
R00605,2026-03-15,P026,4,simple controls and clear instructions,True,2,United Kingdom
R00606,2026-03-29,P017,4,easy to set up and use,True,0,United States
R00607,2026-03-03,P003,1,broke much sooner than expected,True,5,Canada
R00608,2025-08-01,P021,3,acceptable overall with room to improve,True,5,Australia
R00609,2025-12-22,P009,3,does what the listing says,True,1,United States
R00610,2026-02-06,P029,4,very durable in daily use,True,1,United Kingdom
R00611,2025-10-30,P004,4,easy to set up and use,True,1,Australia
R00612,2025-10-19,P019,5,shipping was smooth,True,0,United States
R00613,2026-05-18,P003,5,simple controls and clear instructions,True,0,United States
R00614,2026-01-08,P016,1,quality is disappointing,True,1,Germany
R00615,2026-04-30,P027,2,durability is unacceptable,True,3,United States
R00616,2026-04-23,P002,2,delivery took far too long,True,1,United States
R00617,2026-06-02,P003,1,defective finish out of the box,True,5,United States
R00618,2025-11-08,P005,5,works intuitively,True,0,Australia
R00619,2026-02-08,P012,5,simple controls and clear instructions,True,1,United States
R00620,2026-04-04,P006,4,worth every dollar,True,2,United Kingdom
R00621,2026-05-09,P001,5,has held up really well,True,1,United Kingdom
R00622,2026-02-16,P025,3,acceptable overall with room to improve,True,0,United States
R00623,2025-11-15,P013,2,broke much sooner than expected,True,2,Germany
R00624,2026-04-09,P023,4,excellent build quality,True,2,United States
R00625,2026-07-19,P009,4,arrived early and well packaged,True,2,United Kingdom
R00626,2026-01-15,P004,4,excellent build quality,True,10,United States
R00627,2026-04-03,P013,4,size and fit are exactly right,True,6,United States
R00628,2026-04-14,P024,5,works intuitively,True,2,United States
R00629,2026-07-26,P002,5,arrived early and well packaged,True,4,United Kingdom
R00630,2026-07-06,P025,5,very durable in daily use,True,1,United States
R00631,2026-07-24,P006,5,fast delivery with no damage,True,1,Germany
R00632,2026-04-06,P029,5,has held up really well,True,7,United States
R00633,2026-07-22,P004,5,excellent price to performance,True,5,United States
R00634,2026-05-28,P007,3,average experience,True,2,Australia
R00635,2026-02-20,P020,4,shipping was smooth,True,2,United States
R00636,2026-04-29,P025,4,shipping was smooth,True,5,Germany
R00637,2026-01-26,P007,5,very durable in daily use,True,0,United Kingdom
R00638,2026-02-21,P015,2,quality is disappointing,True,1,United States
R00639,2025-11-21,P030,4,size and fit are exactly right,True,2,United States
R00640,2026-07-29,P027,1,box arrived crushed,True,0,United States
R00641,2025-12-17,P005,5,still works perfectly after months,True,2,Germany
R00642,2026-06-08,P027,2,delivery took far too long,True,0,United States
R00643,2026-01-04,P015,5,still works perfectly after months,True,1,United States
R00644,2026-07-07,P010,5,fast delivery with no damage,True,5,United States
R00645,2025-10-01,P025,4,fine,True,0,Germany
R00646,2025-10-19,P001,1,durability is unacceptable,True,1,Canada
R00647,2025-10-02,P022,3,delivery took far too long,True,0,Germany
R00648,2025-10-03,P014,5,excellent price to performance,True,7,Canada
R00649,2025-09-04,P028,1,poor build quality and cheap materials,True,2,Canada
R00650,2026-05-27,P030,4,fits perfectly and feels comfortable,True,0,Canada
R00651,2026-06-30,P024,5,great value for the price,True,2,Canada
R00652,2025-09-03,P030,5,better quality than expected,True,0,Australia
R00653,2026-04-01,P004,2,uncomfortable and badly sized,True,2,United Kingdom
R00654,2025-12-14,P019,4,size and fit are exactly right,True,5,United Kingdom
R00655,2026-04-04,P020,5,great value for the price,True,0,Australia
R00656,2025-12-19,P001,4,worth every dollar,True,1,United States
R00657,2026-05-28,P028,1,overpriced for what it offers,True,2,Germany
R00658,2025-11-27,P029,2,excellent build quality,True,0,United Kingdom
R00659,2026-02-28,P025,3,acceptable overall with room to improve,True,1,Canada
R00660,2025-10-31,P013,4,feels premium and reliable,True,2,United States
R00661,2026-07-09,P018,3,works as expected,True,6,United Kingdom
R00662,2026-01-03,P003,4,,True,1,United Kingdom
R00663,2025-09-14,P013,2,comfortable for long sessions,True,0,United Kingdom
R00664,2025-11-25,P028,3,does what the listing says,True,1,United Kingdom
R00665,2026-07-25,P016,3,average experience,True,3,Germany
R00666,2026-05-08,P030,5,arrived early and well packaged,True,0,United States
R00667,2026-02-10,P010,2,delivery took far too long,False,5,United Kingdom
R00668,2025-10-27,P026,5,simple controls and clear instructions,True,4,United States
R00669,2026-04-13,P019,5,excellent build quality,True,4,United States
R00670,2026-05-21,P006,2,box arrived crushed,True,2,Germany
R00671,2025-11-17,P026,1,durability is unacceptable,True,2,United States
R00672,2026-07-05,P019,5,excellent build quality,True,0,Australia
R00673,2025-12-06,P024,4,great value for the price,True,3,Germany
R00674,2025-11-25,P005,5,works intuitively,False,11,United States
R00675,2025-10-05,P017,3,acceptable overall with room to improve,True,1,Canada
R00676,2025-12-10,P029,2,not worth the price,True,0,United States
R00677,2025-11-17,P015,5,shipping was smooth,True,0,Canada
R00678,2025-08-25,P021,5,very durable in daily use,True,0,United States
R00679,2025-12-14,P004,3,average experience,True,1,United Kingdom
R00680,2025-10-26,P021,5,arrived early and well packaged,True,2,Canada
R00681,2026-05-09,P018,2,poor value compared with alternatives,True,9,Australia
R00682,2025-09-18,P028,2,quality is disappointing,False,2,United States
R00683,2026-07-04,P027,2,overpriced for what it offers,True,1,United States
R00684,2026-01-27,P022,3,delivery took far too long,True,7,Canada
R00685,2026-03-08,P012,5,comfortable for long sessions,True,6,United States
R00686,2026-07-15,P002,4,shipping was smooth,True,3,United States
R00687,2025-08-19,P005,3,does what the listing says,True,3,United States
R00688,2026-06-04,P010,5,works intuitively,True,2,United Kingdom
R00689,2026-02-02,P030,5,excellent price to performance,True,2,United Kingdom
R00690,2025-08-12,P021,4,feels premium and reliable,True,2,Germany
R00691,2026-02-01,P026,3,acceptable overall with room to improve,True,4,United Kingdom
R00692,2025-08-03,P021,3,works as expected,True,3,United States
R00693,2025-10-06,P016,5,easy to set up and use,True,0,United States
R00694,2025-12-29,P003,3,does what the listing says,True,2,United States
R00695,2025-12-28,P014,4,comfortable for long sessions,True,3,United States
R00696,2026-02-12,P021,5,very durable in daily use,True,0,United States
R00697,2025-10-31,P029,3,works as expected,True,6,Canada
R00698,2026-07-13,P011,4,simple controls and clear instructions,True,6,United States
R00699,2026-07-25,P026,4,size and fit are exactly right,True,5,Canada
R00700,2026-05-14,P002,2,very durable in daily use,True,0,United States
R00701,2026-01-31,P002,2,fit is too tight,True,4,Germany
R00702,2026-03-20,P005,5,excellent build quality,True,3,Germany
R00703,2026-06-12,P006,5,has held up really well,True,2,United States
R00704,2026-06-16,P024,2,broke much sooner than expected,False,3,Germany
R00705,2026-01-04,P027,3,works as expected,True,1,United States
R00706,2025-11-12,P001,5,excellent price to performance,False,1,United States
R00707,2026-04-09,P021,1,stopped working after a few weeks,True,5,United States
R00708,2026-03-11,P008,4,great value for the price,True,4,United States
R00709,2026-03-10,P020,5,has held up really well,True,1,United Kingdom
R00710,2025-12-08,P008,1,poor value compared with alternatives,True,10,United States
R00711,2025-10-13,P027,4,excellent build quality,True,1,United States
R00712,2025-12-30,P004,3,does what the listing says,True,2,United States
R00713,2025-11-24,P023,3,average experience,True,0,United Kingdom
R00714,2025-10-30,P020,4,easy to set up and use,False,2,United Kingdom
R00715,2026-04-11,P025,5,fits perfectly and feels comfortable,True,8,Australia
R00716,2025-08-21,P008,4,simple controls and clear instructions,True,5,United Kingdom
R00717,2026-02-28,P005,5,product received,True,0,Australia
R00718,2025-09-19,P008,1,not worth the price,True,3,United States
R00719,2026-07-14,P020,4,shipping was smooth,True,5,United Kingdom
R00720,2025-10-14,P017,4,works intuitively,True,0,United States
R00721,2026-02-02,P023,4,comfortable for long sessions,True,2,United States
R00722,2025-12-02,P027,1,delivery took far too long,True,1,Germany
R00723,2025-11-28,P008,5,easy to set up and use,True,1,United States
R00724,2025-08-17,P027,5,has held up really well,True,0,Australia
R00725,2025-12-04,P027,5,feels premium and reliable,True,1,United States
R00726,2026-01-24,P008,4,arrived early and well packaged,True,4,United States
R00727,2025-12-21,P019,5,excellent build quality,True,0,Germany
R00728,2026-07-03,P010,5,shipping was smooth,True,5,United Kingdom
R00729,2026-03-27,P019,1,delivery took far too long,True,1,United States
R00730,2026-05-30,P023,5,fits perfectly and feels comfortable,True,1,Australia
R00731,2025-12-10,P027,3,acceptable overall with room to improve,True,4,United States
R00732,2026-05-31,P018,5,feels premium and reliable,True,0,United States
R00733,2025-12-01,P011,4,arrived early and well packaged,True,1,Germany
R00734,2026-04-08,P022,1,arrived late with damaged packaging,True,3,United States
R00735,2025-08-15,P029,5,great value for the price,True,0,Australia
R00736,2026-07-20,P029,3,delivery took far too long,True,2,Canada
R00737,2025-09-19,P024,4,excellent price to performance,True,0,Germany
R00738,2026-02-02,P019,5,size and fit are exactly right,False,0,Germany
R00739,2025-11-02,P009,3,average experience,False,2,United States
R00740,2026-07-22,P019,5,feels premium and reliable,True,3,Germany
R00741,2025-08-04,P027,5,fits perfectly and feels comfortable,True,1,Germany
R00742,2025-10-01,P028,5,feels premium and reliable,False,3,Australia
R00743,2026-05-08,P025,1,defective finish out of the box,True,1,United Kingdom
R00744,2026-04-07,P002,2,broke much sooner than expected,True,3,United States
R00745,2025-12-06,P004,3,works as expected,True,4,United States
R00746,2025-11-06,P004,3,works as expected,True,1,Australia
R00747,2026-05-02,P029,3,acceptable overall with room to improve,True,3,United Kingdom
R00748,2025-11-23,P006,5,comfortable for long sessions,True,2,Germany
R00749,2025-11-07,P010,4,feels premium and reliable,True,0,Canada
R00750,2026-03-11,P013,1,box arrived crushed,True,2,Germany
R00751,2026-06-12,P014,5,feels premium and reliable,True,1,United States
R00752,2025-09-18,P021,4,easy to set up and use,True,5,United States
R00753,2025-09-27,P001,4,great value for the price,True,6,United States
R00754,2025-09-06,P002,5,still works perfectly after months,True,1,Australia
R00755,2025-09-02,P023,5,fast delivery with no damage,True,1,United States
R00756,2026-03-19,P028,2,poor value compared with alternatives,False,3,Canada
R00757,2026-04-30,P007,2,frustrating to use,True,8,United States
R00758,2025-08-04,P006,2,worth every dollar,True,2,United Kingdom
R00759,2026-06-06,P011,2,fit is too tight,True,0,United Kingdom
R00760,2026-06-30,P028,1,uncomfortable and badly sized,True,4,Germany
R00761,2026-07-28,P028,5,worth every dollar,True,1,Canada
R00762,2025-10-10,P005,5,has held up really well,True,2,Australia
R00763,2026-03-16,P024,4,has held up really well,True,1,Canada
R00764,2026-03-01,P025,4,great value for the price,True,2,United States
R00765,2026-01-12,P015,5,size and fit are exactly right,True,3,Germany
R00766,2025-10-08,P019,2,poor build quality and cheap materials,True,0,Australia
R00767,2026-03-26,P002,2,poor value compared with alternatives,True,2,United States
R00768,2025-12-20,P019,4,feels premium and reliable,True,1,United States
R00769,2026-05-26,P029,3,works as expected,False,3,Canada
R00770,2025-11-01,P012,5,simple controls and clear instructions,True,3,Germany
R00771,2025-08-15,P009,3,quality is disappointing,True,3,Australia
R00772,2025-09-30,P015,3,average experience,True,6,Canada
R00773,2026-07-27,P007,3,acceptable overall with room to improve,True,4,United States
R00774,2025-11-01,P026,5,still works perfectly after months,True,4,United Kingdom
R00775,2026-02-07,P030,4,size and fit are exactly right,True,2,United Kingdom
R00776,2026-04-03,P020,4,has held up really well,True,1,Canada
R00777,2026-07-01,P009,2,quality is disappointing,True,10,United States
R00778,2026-07-03,P023,3,average experience,True,4,United Kingdom
R00779,2026-04-09,P025,3,works as expected,True,4,Australia
R00780,2026-01-11,P017,1,quality is disappointing,True,1,United States
R00781,2025-08-29,P011,5,fast delivery with no damage,True,1,United States
R00782,2025-11-17,P007,4,shipping was smooth,True,7,United States
R00783,2025-08-02,P011,1,does not fit as described,True,1,United States
R00784,2025-10-02,P013,4,fits perfectly and feels comfortable,True,0,United States
R00785,2026-03-04,P009,1,poor build quality and cheap materials,True,2,United States
R00786,2026-01-20,P018,3,acceptable overall with room to improve,True,0,Germany
R00787,2026-02-27,P009,4,feels premium and reliable,True,4,United States
R00788,2026-03-25,P011,3,average experience,True,4,United States
R00789,2026-07-10,P006,5,worth every dollar,True,2,United States
R00790,2025-09-01,P001,5,product received,True,0,Canada
R00791,2026-04-14,P004,4,excellent build quality,True,2,United States
R00792,2025-11-24,P018,4,ok,True,14,Germany
R00793,2025-09-16,P029,5,fits perfectly and feels comfortable,True,1,Germany
R00794,2026-01-01,P006,5,simple controls and clear instructions,True,4,United States
R00795,2025-11-06,P002,2,instructions are unclear,True,8,United States
R00796,2026-02-01,P019,4,works intuitively,True,0,United States
R00797,2025-08-18,P010,5,size and fit are exactly right,True,0,United States
R00798,2025-09-17,P030,5,comfortable for long sessions,True,3,Canada
R00799,2026-02-14,P008,4,excellent price to performance,True,2,United States
R00800,2026-05-11,P007,5,very durable in daily use,True,3,United Kingdom
R00801,2026-01-15,P020,5,easy to set up and use,True,1,United States
R00802,2025-12-17,P024,5,size and fit are exactly right,True,9,United States
R00803,2025-11-10,P008,5,still works perfectly after months,True,3,United Kingdom
R00804,2026-06-19,P026,4,fast delivery with no damage,False,5,United Kingdom
R00805,2025-10-06,P029,2,size and fit are exactly right,True,7,Canada
R00806,2026-03-11,P004,3,works as expected,True,0,United States
R00807,2026-01-23,P011,4,size and fit are exactly right,True,1,United Kingdom
R00808,2026-07-19,P003,5,comfortable for long sessions,True,2,United States
R00809,2025-08-06,P027,3,average experience,True,13,United Kingdom
R00810,2025-10-14,P001,5,fits perfectly and feels comfortable,True,2,Germany
R00811,2026-06-22,P025,4,very durable in daily use,True,3,United States
R00812,2025-12-14,P028,5,worth every dollar,True,1,Australia
R00813,2025-09-05,P021,4,very durable in daily use,True,2,United Kingdom
R00814,2026-05-26,P015,3,acceptable overall with room to improve,True,0,United States
R00815,2025-08-13,P011,5,simple controls and clear instructions,True,1,United States
R00816,2026-03-11,P011,5,better quality than expected,True,7,United States
R00817,2025-11-10,P029,5,works intuitively,True,3,United Kingdom
R00818,2025-10-24,P005,5,worth every dollar,True,0,United Kingdom
R00819,2025-08-10,P027,3,works as expected,True,1,Australia
R00820,2026-01-31,P020,5,fits perfectly and feels comfortable,True,1,United States
R00821,2025-08-10,P030,1,fit is too tight,False,6,United States
R00822,2026-06-20,P007,4,better quality than expected,True,1,Germany
R00823,2026-07-31,P015,4,uncomfortable and badly sized,True,3,Canada
R00824,2026-04-28,P006,5,fits perfectly and feels comfortable,True,1,United States
R00825,2025-10-03,P001,4,fast delivery with no damage,True,0,United States
R00826,2025-10-02,P027,4,shipping was smooth,True,2,Australia
R00827,2025-09-02,P001,1,instructions are unclear,True,1,United States
R00828,2026-03-30,P021,2,defective finish out of the box,True,1,Australia
R00829,2026-04-06,P004,5,very durable in daily use,True,3,United States
R00830,2025-09-24,P015,3,average experience,True,3,Australia
R00831,2025-10-10,P010,4,fast delivery with no damage,True,0,United States
R00832,2026-04-26,P009,5,better quality than expected,False,3,United States
R00833,2026-06-18,P028,4,excellent price to performance,True,4,United States
R00834,2025-09-06,P025,3,does what the listing says,True,1,United States
R00835,2025-10-21,P024,5,better quality than expected,True,3,Germany
R00836,2026-06-09,P010,5,feels premium and reliable,True,1,Germany
R00837,2026-04-19,P019,1,uncomfortable and badly sized,True,2,Germany
R00838,2025-12-26,P029,4,fits perfectly and feels comfortable,True,1,United States
R00839,2026-03-21,P027,5,great value for the price,False,1,Germany
R00840,2026-02-10,P003,5,worth every dollar,True,4,United States
R00841,2026-01-20,P007,1,quality is disappointing,True,0,Germany
R00842,2026-03-11,P002,3,durability is unacceptable,True,2,Canada
R00843,2026-07-19,P029,1,poor build quality and cheap materials,False,2,United States
R00844,2026-05-16,P012,4,size and fit are exactly right,True,3,United States
R00845,2026-06-15,P016,4,fast delivery with no damage,True,3,United Kingdom
R00846,2025-11-03,P030,4,still works perfectly after months,True,1,Germany
R00847,2026-02-18,P025,3,average experience,True,4,United States
R00848,2025-11-05,P021,4,fits perfectly and feels comfortable,True,1,United Kingdom
R00849,2026-02-25,P011,5,excellent build quality,True,1,United States
R00850,2025-09-15,P026,4,product received,True,3,United Kingdom
R00851,2026-02-05,P016,5,better quality than expected,True,6,United States
R00852,2026-02-07,P002,4,still works perfectly after months,True,2,Australia
R00853,2026-05-11,P005,4,fit is too tight,True,2,United States
R00854,2026-05-13,P003,2,instructions are unclear,True,9,Australia
R00855,2026-03-24,P009,2,stopped working after a few weeks,True,1,Germany
R00856,2025-11-11,P021,5,fast delivery with no damage,False,1,Canada
R00857,2025-10-25,P026,5,comfortable for long sessions,True,7,United States
R00858,2026-07-30,P023,2,arrived early and well packaged,True,4,Australia
R00859,2026-05-15,P011,3,acceptable overall with room to improve,True,0,United States
R00860,2026-07-09,P021,4,shipping was smooth,True,1,United States
R00861,2026-05-20,P013,5,fast delivery with no damage,True,1,United States
R00862,2025-11-14,P020,2,uncomfortable and badly sized,True,2,United States
R00863,2026-07-29,P022,5,arrived early and well packaged,True,3,Australia
R00864,2026-05-06,P002,1,stopped working after a few weeks,True,3,Australia
R00865,2025-08-17,P005,5,very durable in daily use,True,1,United States
R00866,2026-02-10,P019,5,comfortable for long sessions,True,3,United States
R00867,2026-07-21,P028,3,acceptable overall with room to improve,True,0,United States
R00868,2026-05-14,P009,1,quality is disappointing,True,7,United Kingdom
R00869,2025-10-21,P018,3,does what the listing says,True,1,Germany
R00870,2025-10-17,P008,2,frustrating to use,True,9,Australia
R00871,2026-02-19,P021,5,size and fit are exactly right,False,1,United States
R00872,2025-09-12,P017,4,worth every dollar,True,10,Australia
R00873,2025-09-06,P021,2,fine,True,4,United States
R00874,2026-07-06,P011,4,size and fit are exactly right,True,3,United States
R00875,2026-03-16,P009,5,worth every dollar,True,3,Canada
R00876,2025-10-27,P017,4,works intuitively,True,2,United States
R00877,2025-08-06,P025,2,poor value compared with alternatives,True,1,United States
R00878,2026-02-18,P020,4,has held up really well,True,4,United States
R00879,2025-10-09,P008,5,feels premium and reliable,True,0,Germany
R00880,2026-01-23,P013,5,fast delivery with no damage,True,2,United States
R00881,2025-12-25,P024,4,very durable in daily use,True,2,United States
R00882,2025-10-12,P021,5,works intuitively,True,7,United States
R00883,2025-08-04,P004,2,excellent build quality,True,0,Germany
R00884,2025-10-14,P013,4,fits perfectly and feels comfortable,True,2,United States
R00885,2026-03-22,P021,4,arrived early and well packaged,True,1,Australia
R00886,2026-07-28,P007,5,excellent price to performance,True,4,United States
R00887,2026-03-15,P017,3,works as expected,True,1,Canada
R00888,2026-03-11,P018,5,worth every dollar,True,2,United States
R00889,2026-04-14,P024,5,fast delivery with no damage,True,3,United States
R00890,2026-03-16,P019,4,shipping was smooth,True,1,United Kingdom
R00891,2025-08-10,P009,3,works as expected,True,0,United States
R00892,2026-04-07,P013,1,delivery took far too long,True,1,United States
R00893,2026-02-13,P022,4,very durable in daily use,True,1,United States
R00894,2025-11-11,P016,3,acceptable overall with room to improve,True,1,United States
R00895,2025-09-30,P006,1,durability is unacceptable,True,1,United States
R00896,2025-11-10,P030,1,box arrived crushed,True,0,United States
R00897,2025-10-26,P025,3,does what the listing says,True,2,United States
R00898,2025-08-25,P027,3,acceptable overall with room to improve,True,2,United States
R00899,2026-01-09,P014,4,great value for the price,True,2,Canada
R00900,2025-12-18,P015,5,comfortable for long sessions,True,0,United States
R00901,2026-07-16,P017,3,acceptable overall with room to improve,True,5,United Kingdom
R00902,2026-02-13,P013,4,very durable in daily use,True,0,United States
R00903,2026-06-17,P017,3,instructions are unclear,True,2,United States
R00904,2026-01-07,P010,2,frustrating to use,True,5,United Kingdom
R00905,2025-12-27,P018,4,fast delivery with no damage,True,8,Canada
R00906,2026-05-27,P009,1,poor build quality and cheap materials,True,4,Canada
R00907,2025-08-04,P023,5,very durable in daily use,True,2,Germany
R00908,2026-03-21,P016,4,excellent price to performance,True,1,Australia
R00909,2025-11-18,P008,1,stopped working after a few weeks,True,3,United States
R00910,2026-06-20,P002,2,quality is disappointing,True,0,Germany
R00911,2025-12-25,P009,4,excellent build quality,False,0,United Kingdom
R00912,2026-01-26,P019,5,worth every dollar,True,0,United States
R00913,2025-11-05,P026,5,comfortable for long sessions,True,5,United States
R00914,2026-06-30,P021,2,instructions are unclear,True,4,Germany
R00915,2026-01-01,P005,3,does what the listing says,True,6,Germany
R00916,2026-07-07,P018,4,feels premium and reliable,True,0,Canada
R00917,2026-03-01,P010,5,works intuitively,True,2,Germany
R00918,2026-03-11,P020,5,easy to set up and use,True,3,Germany
R00919,2026-01-17,P006,4,feels premium and reliable,True,0,United States
R00920,2026-05-26,P014,2,stopped working after a few weeks,False,3,United States
R00921,2026-01-03,P012,5,has held up really well,True,4,United States
R00922,2026-04-21,P004,5,feels premium and reliable,True,5,United States
R00923,2025-09-12,P024,5,feels premium and reliable,True,1,United Kingdom
R00924,2026-07-02,P012,5,shipping was smooth,True,2,Germany
R00925,2026-05-18,P010,4,arrived early and well packaged,True,2,United Kingdom
R00926,2026-03-09,P024,5,excellent price to performance,True,0,Canada
R00927,2026-06-27,P003,3,does what the listing says,True,1,United States
R00928,2026-02-15,P017,2,simple controls and clear instructions,True,0,United States
R00929,2026-04-20,P021,2,poor build quality and cheap materials,False,5,Germany
R00930,2025-10-01,P019,2,does not fit as described,True,7,United States
R00931,2026-05-04,P021,4,better quality than expected,True,0,United States
R00932,2026-06-23,P006,2,not worth the price,True,1,United States
R00933,2025-11-10,P014,4,arrived early and well packaged,True,1,United Kingdom
R00934,2025-10-08,P013,5,simple controls and clear instructions,True,3,United Kingdom
R00935,2025-08-03,P020,2,fine,True,6,Canada
R00936,2026-02-28,P027,5,great value for the price,True,2,United States
R00937,2026-02-14,P007,2,does not fit as described,True,5,United States
R00938,2025-08-17,P018,5,excellent build quality,True,0,United Kingdom
R00939,2026-05-08,P030,5,excellent build quality,False,0,United States
R00940,2026-05-27,P006,4,fits perfectly and feels comfortable,True,2,United States
R00941,2026-05-19,P005,5,worth every dollar,True,9,United Kingdom
R00942,2026-04-11,P021,4,fits perfectly and feels comfortable,True,3,Germany
R00943,2026-04-01,P027,2,arrived late with damaged packaging,True,3,Germany
R00944,2026-04-20,P024,3,does what the listing says,True,1,United States
R00945,2026-04-29,P016,4,worth every dollar,True,0,United States
R00946,2026-02-03,P008,5,size and fit are exactly right,True,1,United States
R00947,2026-04-10,P019,5,fast delivery with no damage,True,3,Australia
R00948,2026-04-26,P012,5,fast delivery with no damage,True,1,United Kingdom
R00949,2025-12-25,P022,5,shipping was smooth,True,2,United States
R00950,2025-12-02,P024,3,does what the listing says,True,0,United States
R00951,2025-08-01,P003,4,very durable in daily use,True,5,Canada
R00952,2026-03-06,P013,3,acceptable overall with room to improve,False,0,Germany
R00953,2026-07-21,P006,1,does not fit as described,True,0,United States
R00954,2026-07-09,P016,5,excellent build quality,True,1,United Kingdom
R00955,2026-05-13,P015,4,easy to set up and use,True,0,United States
R00956,2026-02-03,P027,4,simple controls and clear instructions,True,1,Australia
R00957,2026-06-25,P007,5,arrived early and well packaged,True,0,United States
R00958,2026-01-21,P011,5,has held up really well,True,7,Germany
R00959,2026-02-25,P012,4,arrived early and well packaged,True,3,United States
R00960,2026-05-01,P028,4,worth every dollar,True,0,United Kingdom
R00961,2026-05-27,P013,5,easy to set up and use,True,2,Canada
R00962,2026-01-14,P020,4,worth every dollar,True,0,United Kingdom
R00963,2025-10-05,P009,5,size and fit are exactly right,True,3,Germany
R00964,2025-11-06,P029,3,broke much sooner than expected,True,7,United States
R00965,2026-01-31,P016,4,worth every dollar,True,7,United States
R00966,2026-02-15,P001,3,works as expected,True,6,United States
R00967,2025-08-11,P027,3,average experience,True,1,Germany
R00968,2026-06-07,P024,5,comfortable for long sessions,True,2,United States
R00969,2026-07-25,P021,3,average experience,False,2,United States
R00970,2026-05-08,P013,5,feels premium and reliable,True,0,United States
R00971,2025-08-17,P027,5,fast delivery with no damage,False,0,Germany
R00972,2026-01-23,P020,4,size and fit are exactly right,True,3,United States
R00973,2025-08-08,P016,3,poor build quality and cheap materials,False,2,United Kingdom
R00974,2025-12-30,P030,5,excellent price to performance,True,1,United Kingdom
R00975,2025-10-20,P030,5,very durable in daily use,True,0,United States
R00976,2025-10-04,P003,5,fits perfectly and feels comfortable,True,0,United Kingdom
R00977,2026-07-18,P010,5,great value for the price,True,0,United States
R00978,2025-08-20,P025,5,simple controls and clear instructions,True,0,Australia
R00979,2026-02-10,P008,5,excellent build quality,True,1,Germany
R00980,2026-07-29,P026,1,not worth the price,True,7,United States
R00981,2026-04-27,P006,4,better quality than expected,True,1,United States
R00982,2026-06-14,P028,3,not worth the price,True,3,Australia
R00983,2025-11-12,P002,4,has held up really well,True,5,United States
R00984,2025-09-26,P029,5,simple controls and clear instructions,True,7,United Kingdom
R00985,2025-12-23,P003,5,comfortable for long sessions,True,1,United Kingdom
R00986,2025-10-28,P024,4,feels premium and reliable,False,3,Australia
R00987,2025-10-03,P028,5,worth every dollar,True,0,United States
R00988,2026-03-02,P024,4,great value for the price,True,2,United States
R00989,2026-06-25,P010,4,still works perfectly after months,True,9,United States
R00990,2026-04-15,P010,2,box arrived crushed,True,6,United States
R00991,2025-11-12,P011,4,fast delivery with no damage,True,9,United States
R00992,2026-03-14,P010,4,excellent build quality,False,1,Canada
R00993,2025-10-13,P009,4,excellent price to performance,True,2,Germany
R00994,2026-03-01,P013,4,better quality than expected,True,5,United States
R00995,2026-07-05,P020,5,works intuitively,True,2,Australia
R00996,2025-12-02,P002,4,still works perfectly after months,True,0,United States
R00997,2025-09-23,P004,4,shipping was smooth,True,0,United Kingdom
R00998,2025-08-03,P025,5,excellent build quality,True,1,United States
R00999,2026-02-19,P004,5,fits perfectly and feels comfortable,True,2,United States
R01000,2026-06-19,P013,5,fits perfectly and feels comfortable,True,0,United States
R01001,2026-06-16,P026,1,not worth the price,True,3,United Kingdom
R01002,2026-04-02,P006,3,does what the listing says,True,8,United Kingdom
R01003,2025-08-09,P016,1,poor build quality and cheap materials,True,2,United Kingdom
R01004,2026-02-10,P007,4,has held up really well,True,4,Germany
R01005,2026-05-02,P024,5,better quality than expected,True,6,United Kingdom
R01006,2026-01-29,P003,4,easy to set up and use,True,1,Australia
R01007,2026-01-17,P010,3,acceptable overall with room to improve,True,0,United States
R01008,2026-01-06,P024,4,arrived early and well packaged,True,1,United States
R01009,2026-01-12,P021,5,simple controls and clear instructions,True,0,United States
R01010,2026-04-16,P030,5,shipping was smooth,True,1,United States
R01011,2026-03-17,P029,5,size and fit are exactly right,True,0,United Kingdom
R01012,2025-12-12,P027,3,does what the listing says,True,5,United States
R01013,2025-12-28,P004,4,very durable in daily use,True,0,Germany
R01014,2025-11-14,P009,5,feels premium and reliable,True,2,United States
R01015,2025-09-04,P020,3,average experience,True,3,Canada
R01016,2025-09-28,P016,5,great value for the price,True,3,United States
R01017,2026-05-21,P026,4,great value for the price,True,9,United States
R01018,2025-12-17,P024,5,works intuitively,True,3,United States
R01019,2026-05-26,P009,4,ok,False,1,United Kingdom
R01020,2026-04-04,P015,5,simple controls and clear instructions,True,5,United Kingdom
R01021,2025-08-06,P025,5,feels premium and reliable,True,2,United States
R01022,2026-07-19,P030,5,great value for the price,True,4,United States
R01023,2025-08-23,P028,2,poor value compared with alternatives,False,1,United States
R01024,2026-02-28,P013,5,size and fit are exactly right,True,1,United States
R01025,2025-11-06,P020,4,still works perfectly after months,True,2,Canada
R01026,2025-11-25,P026,4,size and fit are exactly right,True,5,United States
R01027,2026-07-25,P017,1,confusing setup and difficult controls,True,2,United Kingdom
R01028,2025-10-12,P025,4,feels premium and reliable,True,0,United States
R01029,2026-06-06,P002,4,has held up really well,True,1,United Kingdom
R01030,2025-08-26,P007,5,has held up really well,True,4,United States
R01031,2026-05-16,P022,2,shipping was smooth,True,2,Canada
R01032,2026-04-02,P008,5,arrived early and well packaged,False,2,United States
R01033,2025-10-05,P014,5,size and fit are exactly right,True,1,Germany
R01034,2026-02-08,P027,5,arrived early and well packaged,True,2,Australia
R01035,2026-06-11,P017,3,acceptable overall with room to improve,True,0,United States
R01036,2025-08-31,P030,5,excellent price to performance,True,0,Germany
R01037,2025-12-31,P001,2,quality is disappointing,True,3,United States
R01038,2026-04-16,P003,5,simple controls and clear instructions,True,5,United States
R01039,2025-10-17,P008,5,excellent build quality,True,3,United States
R01040,2025-09-17,P029,5,very durable in daily use,False,0,Canada
R01041,2026-05-08,P006,2,durability is unacceptable,True,4,United States
R01042,2026-04-10,P012,3,acceptable overall with room to improve,True,3,Canada
R01043,2025-11-06,P001,5,fits perfectly and feels comfortable,True,3,Australia
R01044,2026-06-09,P014,4,shipping was smooth,False,2,United Kingdom
R01045,2026-05-22,P018,5,excellent build quality,True,0,Canada
R01046,2025-10-14,P027,4,feels premium and reliable,True,2,United Kingdom
R01047,2025-12-19,P022,5,shipping was smooth,True,2,United States
R01048,2026-06-27,P017,1,overpriced for what it offers,True,2,United Kingdom
R01049,2026-02-17,P030,3,does what the listing says,True,1,United States
R01050,2026-03-12,P012,5,fast delivery with no damage,True,3,Canada
R01051,2026-05-14,P027,2,arrived late with damaged packaging,True,0,United States
R01052,2025-10-08,P010,2,comfortable for long sessions,True,2,United States
R01053,2026-03-30,P027,5,ok,True,4,United States
R01054,2026-01-24,P008,3,average experience,True,1,United States
R01055,2025-12-02,P026,4,works intuitively,True,3,United Kingdom
R01056,2026-06-04,P024,5,easy to set up and use,True,1,Canada
R01057,2025-09-14,P028,4,excellent price to performance,True,7,Australia
R01058,2025-10-19,P026,3,average experience,True,3,Australia
R01059,2026-05-18,P019,3,acceptable overall with room to improve,True,3,Canada
R01060,2025-11-25,P020,1,confusing setup and difficult controls,False,2,Australia
R01061,2026-07-03,P023,5,easy to set up and use,True,7,United Kingdom
R01062,2025-11-24,P026,5,very durable in daily use,True,2,Germany
R01063,2026-01-03,P005,4,great value for the price,True,1,United Kingdom
R01064,2026-05-16,P025,5,easy to set up and use,True,3,Germany
R01065,2025-11-23,P017,2,frustrating to use,True,4,United States
R01066,2026-04-20,P006,3,average experience,True,1,United States
R01067,2025-12-21,P022,5,comfortable for long sessions,True,5,Australia
R01068,2025-11-04,P007,5,arrived early and well packaged,True,4,Canada
R01069,2026-03-22,P007,5,excellent build quality,True,0,United Kingdom
R01070,2026-07-22,P012,5,very durable in daily use,True,7,Germany
R01071,2025-08-07,P005,4,size and fit are exactly right,True,4,United States
R01072,2025-08-02,P007,4,comfortable for long sessions,True,1,United Kingdom
R01073,2026-01-29,P003,2,does not fit as described,True,4,United States
R01074,2026-03-02,P008,5,great value for the price,True,1,United States
R01075,2026-05-17,P005,4,average experience,True,6,United States
R01076,2026-07-13,P020,4,great value for the price,True,4,Germany
R01077,2025-12-27,P006,1,stopped working after a few weeks,True,1,United States
R01078,2025-12-02,P003,1,stopped working after a few weeks,True,0,Australia
R01079,2026-05-24,P021,5,very durable in daily use,True,0,Germany
R01080,2025-09-28,P006,4,easy to set up and use,True,0,United States
R01081,2026-01-14,P028,3,acceptable overall with room to improve,True,2,United Kingdom
R01082,2025-09-07,P026,4,has held up really well,True,2,Canada
R01083,2025-11-20,P002,5,very durable in daily use,True,1,United States
R01084,2025-10-26,P015,4,simple controls and clear instructions,True,2,United Kingdom
R01085,2026-04-25,P021,3,does what the listing says,True,2,United States
R01086,2025-09-21,P014,5,very durable in daily use,True,3,United Kingdom
R01087,2026-03-21,P026,5,comfortable for long sessions,True,3,United States
R01088,2025-11-03,P029,5,arrived early and well packaged,True,3,United States
R01089,2025-12-01,P004,2,fast delivery with no damage,True,1,Canada
R01090,2025-10-08,P015,4,worth every dollar,True,0,United States
R01091,2026-04-10,P016,5,very durable in daily use,True,4,United States
R01092,2025-08-20,P028,4,has held up really well,True,1,United States
R01093,2025-11-01,P030,1,fine,True,1,Canada
R01094,2026-04-13,P005,4,fits perfectly and feels comfortable,True,0,United Kingdom
R01095,2026-06-10,P022,5,shipping was smooth,True,2,Canada
R01096,2026-07-09,P011,4,still works perfectly after months,True,1,Canada
R01097,2026-02-16,P022,3,arrived late with damaged packaging,True,10,Germany
R01098,2025-12-19,P017,3,acceptable overall with room to improve,True,2,United States
R01099,2026-07-08,P015,3,average experience,True,2,United States
R01100,2025-09-18,P021,3,does what the listing says,True,2,United States
R01101,2026-03-19,P013,5,simple controls and clear instructions,True,2,Canada
R01102,2026-03-22,P006,5,very durable in daily use,True,2,United States
R01103,2025-11-14,P018,2,easy to set up and use,True,0,United States
R01104,2025-11-14,P001,5,still works perfectly after months,True,6,United States
R01105,2026-04-11,P017,3,average experience,True,2,United States
R01106,2026-06-15,P017,4,fast delivery with no damage,True,5,United Kingdom
R01107,2025-10-20,P027,5,better quality than expected,True,0,United States
R01108,2026-04-10,P009,2,defective finish out of the box,True,1,United States
R01109,2025-12-02,P018,4,comfortable for long sessions,True,3,Australia
R01110,2026-05-07,P021,3,acceptable overall with room to improve,True,1,United States
R01111,2026-03-11,P008,4,durability is unacceptable,True,2,Germany
R01112,2026-06-19,P011,4,great value for the price,True,1,United States
R01113,2025-12-14,P015,4,comfortable for long sessions,True,1,Australia
R01114,2026-01-02,P006,5,great value for the price,True,1,United States
R01115,2026-04-23,P017,1,frustrating to use,True,2,United Kingdom
R01116,2026-01-04,P010,5,fits perfectly and feels comfortable,True,3,United States
R01117,2025-08-28,P011,1,stopped working after a few weeks,True,2,United States
R01118,2026-06-15,P022,1,box arrived crushed,True,3,United States
R01119,2026-06-12,P014,5,worth every dollar,True,7,United Kingdom
R01120,2026-01-05,P030,5,comfortable for long sessions,True,5,Australia
R01121,2025-12-07,P004,4,great value for the price,True,2,Australia
R01122,2026-02-14,P014,5,comfortable for long sessions,True,1,United Kingdom
R01123,2025-10-03,P029,5,has held up really well,True,3,United States
R01124,2026-06-23,P004,3,does what the listing says,True,5,United States
R01125,2025-10-29,P018,5,fast delivery with no damage,True,4,Australia
R01126,2026-07-12,P008,1,fit is too tight,True,1,Germany
R01127,2026-01-23,P008,3,does what the listing says,True,1,United States
R01128,2025-08-21,P009,1,defective finish out of the box,True,2,Canada
R01129,2025-12-04,P024,5,excellent price to performance,True,1,United States
R01130,2025-09-14,P018,5,arrived early and well packaged,True,10,Australia
R01131,2026-01-14,P016,2,confusing setup and difficult controls,True,5,United States
R01132,2026-03-16,P019,3,broke much sooner than expected,True,2,Germany
R01133,2026-02-15,P027,5,arrived early and well packaged,True,1,United States
R01134,2025-09-11,P029,3,average experience,True,7,Canada
R01135,2026-05-23,P014,3,acceptable overall with room to improve,True,2,United States
R01136,2025-11-02,P003,1,fit is too tight,True,3,United Kingdom
R01137,2026-05-28,P027,3,works as expected,True,4,United States
R01138,2025-08-28,P013,3,acceptable overall with room to improve,True,1,United States
R01139,2026-06-15,P017,5,easy to set up and use,True,2,United States
R01140,2025-08-23,P025,5,easy to set up and use,True,0,United States
R01141,2025-12-14,P004,2,uncomfortable and badly sized,True,0,United Kingdom
R01142,2026-05-11,P005,1,not worth the price,True,4,United Kingdom
R01143,2026-02-22,P008,4,works intuitively,True,8,United States
R01144,2026-02-18,P004,5,still works perfectly after months,True,2,United Kingdom
R01145,2025-10-18,P003,4,arrived early and well packaged,True,2,United Kingdom
R01146,2025-12-21,P028,1,not worth the price,True,9,Canada
R01147,2026-01-02,P016,4,works intuitively,True,2,Canada
R01148,2025-09-03,P015,5,excellent price to performance,True,2,United States
R01149,2026-07-30,P006,2,stopped working after a few weeks,True,0,United Kingdom
R01150,2025-12-23,P021,2,fit is too tight,True,2,United States
R01151,2026-02-28,P016,5,worth every dollar,True,0,United States
R01152,2025-12-07,P021,2,ok,True,0,United States
R01153,2026-02-17,P010,1,frustrating to use,True,0,Germany
R01154,2026-04-14,P009,5,excellent build quality,True,7,United States
R01155,2026-02-02,P012,5,worth every dollar,True,1,Germany
R01156,2025-08-17,P016,4,fits perfectly and feels comfortable,True,5,United States
R01157,2025-09-12,P017,2,instructions are unclear,True,2,Canada
R01158,2026-01-02,P025,5,size and fit are exactly right,True,4,Australia
R01159,2026-05-25,P014,4,works intuitively,True,0,United States
R01160,2026-04-17,P015,3,does what the listing says,True,2,Australia
R01161,2025-08-01,P019,2,still works perfectly after months,False,2,United Kingdom
R01162,2026-07-03,P010,5,simple controls and clear instructions,True,3,United States
R01163,2026-05-04,P023,1,broke much sooner than expected,True,2,United Kingdom
R01164,2025-11-27,P022,5,shipping was smooth,True,3,Canada
R01165,2026-04-24,P002,3,durability is unacceptable,True,4,United States
R01166,2025-08-04,P001,2,stopped working after a few weeks,True,0,Germany
R01167,2025-08-26,P017,5,easy to set up and use,True,2,United States
R01168,2026-07-03,P007,2,delivery took far too long,True,5,Australia
R01169,2025-12-17,P005,5,simple controls and clear instructions,True,1,United States
R01170,2026-05-07,P026,4,easy to set up and use,True,3,United States
R01171,2025-12-13,P012,4,still works perfectly after months,True,1,Canada
R01172,2026-06-05,P002,5,still works perfectly after months,True,3,United Kingdom
R01173,2026-06-01,P003,1,defective finish out of the box,False,3,United States
R01174,2025-11-30,P021,4,arrived early and well packaged,True,3,United States
R01175,2026-03-16,P002,5,has held up really well,True,2,United States
R01176,2026-03-06,P010,4,excellent build quality,True,2,United States
R01177,2026-07-17,P027,3,average experience,True,7,Australia
R01178,2026-03-31,P026,3,does what the listing says,True,4,United States
R01179,2026-04-14,P029,4,works intuitively,False,0,United States
R01180,2025-09-24,P025,5,simple controls and clear instructions,True,6,United States
R01181,2025-12-21,P002,1,stopped working after a few weeks,True,5,Germany
R01182,2026-06-07,P005,4,great value for the price,True,0,United States
R01183,2025-09-12,P029,3,acceptable overall with room to improve,True,3,United States
R01184,2026-06-18,P022,5,arrived early and well packaged,True,3,United Kingdom
R01185,2025-10-18,P029,4,easy to set up and use,True,7,Australia
R01186,2025-09-01,P002,2,broke much sooner than expected,True,1,United States
R01187,2026-03-12,P030,4,comfortable for long sessions,True,3,United States
R01188,2026-02-20,P029,5,arrived early and well packaged,True,1,United Kingdom
R01189,2026-06-29,P030,5,feels premium and reliable,True,0,United States
R01190,2026-06-24,P028,1,poor value compared with alternatives,True,10,United States
R01191,2026-04-03,P020,4,,True,3,United Kingdom
R01192,2026-06-02,P018,5,very durable in daily use,True,1,United States
R01193,2025-09-05,P009,3,confusing setup and difficult controls,True,5,Australia
R01194,2025-09-07,P019,4,still works perfectly after months,False,14,Canada
R01195,2025-12-24,P001,4,excellent price to performance,True,3,United States
R01196,2025-10-23,P016,5,fits perfectly and feels comfortable,False,2,United Kingdom
R01197,2026-06-24,P013,5,excellent build quality,True,4,United States
R01198,2026-04-28,P016,4,arrived early and well packaged,True,7,Australia
R01199,2025-08-20,P024,5,excellent price to performance,True,1,Canada
R01200,2026-02-23,P003,1,confusing setup and difficult controls,True,13,United States
R01201,2026-06-13,P018,4,very durable in daily use,True,5,Canada
R01202,2026-02-15,P022,5,fast delivery with no damage,True,14,United Kingdom
R01203,2026-03-01,P026,2,arrived late with damaged packaging,True,1,United States
R01204,2026-02-27,P016,5,shipping was smooth,True,1,United States
R01205,2026-02-10,P003,4,works intuitively,True,3,United Kingdom
R01206,2026-07-26,P006,5,comfortable for long sessions,True,1,United States
R01207,2025-11-12,P022,4,arrived early and well packaged,True,1,United Kingdom
R01208,2026-04-04,P016,3,does what the listing says,True,3,United States
R01209,2026-02-07,P022,1,box arrived crushed,True,2,Germany
R01210,2025-09-19,P019,4,arrived early and well packaged,True,1,United Kingdom
R01211,2026-06-15,P001,5,excellent price to performance,False,4,United States
R01212,2026-02-03,P006,5,better quality than expected,True,1,United States
R01213,2026-02-24,P020,3,uncomfortable and badly sized,True,3,United States
R01214,2025-10-16,P018,5,feels premium and reliable,True,1,United States
R01215,2025-08-20,P004,4,worth every dollar,True,2,United States
R01216,2026-04-01,P018,5,works intuitively,True,5,United Kingdom
R01217,2025-09-29,P029,5,easy to set up and use,True,4,United States
R01218,2026-07-07,P019,4,very durable in daily use,False,2,Canada
R01219,2025-10-13,P027,4,better quality than expected,True,1,Germany
R01220,2026-06-07,P018,4,size and fit are exactly right,True,3,Australia
R01221,2026-02-23,P005,5,arrived early and well packaged,True,2,United States
R01222,2025-11-03,P012,5,feels premium and reliable,True,0,United Kingdom
R01223,2026-07-23,P030,5,shipping was smooth,True,1,Canada
R01224,2025-12-17,P021,1,fit is too tight,True,2,United States
R01225,2025-09-23,P030,5,feels premium and reliable,True,5,Canada
R01226,2026-04-23,P024,5,fits perfectly and feels comfortable,True,4,United Kingdom
R01227,2026-04-06,P018,5,works intuitively,True,1,Canada
R01228,2026-05-18,P008,2,poor value compared with alternatives,True,3,Australia
R01229,2026-06-26,P030,5,excellent price to performance,True,1,Germany
R01230,2026-05-18,P019,5,great value for the price,True,1,United Kingdom
R01231,2025-11-09,P006,4,very durable in daily use,True,0,Germany
R01232,2025-10-29,P003,4,worth every dollar,True,2,United States
R01233,2026-04-07,P030,5,excellent build quality,True,1,United Kingdom
R01234,2026-02-06,P015,4,feels premium and reliable,True,6,Canada
R01235,2026-03-20,P020,5,simple controls and clear instructions,True,1,Canada
R01236,2026-07-25,P028,3,poor value compared with alternatives,True,1,United Kingdom
R01237,2025-11-05,P024,3,average experience,True,7,United Kingdom
R01238,2025-08-08,P027,1,box arrived crushed,True,3,United States
R01239,2026-04-30,P030,5,excellent price to performance,True,3,United States
R01240,2025-08-21,P005,4,comfortable for long sessions,True,2,United States
R01241,2026-06-14,P024,3,confusing setup and difficult controls,True,0,United States
R01242,2026-01-01,P025,4,excellent build quality,True,1,Canada
R01243,2026-01-28,P010,4,works intuitively,False,0,Germany
R01244,2025-09-27,P005,5,works intuitively,True,1,Canada
R01245,2025-10-08,P015,4,excellent build quality,True,3,Canada
R01246,2026-02-03,P030,4,better quality than expected,True,0,Germany
R01247,2025-11-16,P006,5,worth every dollar,False,4,United States
R01248,2026-05-19,P012,1,frustrating to use,True,1,United States
R01249,2026-02-26,P009,5,better quality than expected,True,2,United States
R01250,2026-01-27,P025,4,shipping was smooth,True,1,United Kingdom
R01251,2025-09-26,P012,4,works intuitively,True,5,United States
R01252,2025-09-21,P028,2,not worth the price,True,5,United Kingdom
R01253,2026-03-18,P006,4,does what the listing says,True,2,United States
R01254,2025-10-17,P022,2,delivery took far too long,True,2,United Kingdom
R01255,2026-04-01,P029,1,instructions are unclear,True,2,United Kingdom
R01256,2026-04-29,P024,3,acceptable overall with room to improve,True,0,United Kingdom
R01257,2026-04-08,P002,4,still works perfectly after months,True,2,Australia
R01258,2025-09-27,P011,4,fast delivery with no damage,True,1,Canada
R01259,2025-10-03,P011,5,simple controls and clear instructions,True,1,United Kingdom
R01260,2026-01-30,P027,3,acceptable overall with room to improve,True,6,Australia
R01261,2026-06-30,P029,3,acceptable overall with room to improve,True,2,United States
R01262,2026-04-16,P013,1,fit is too tight,True,6,Germany
R01263,2026-06-11,P022,5,fast delivery with no damage,True,13,United States
R01264,2026-02-04,P007,4,works intuitively,True,1,United States
R01265,2025-12-13,P025,3,does what the listing says,True,4,Canada
R01266,2025-10-18,P025,5,simple controls and clear instructions,True,1,United Kingdom
R01267,2026-01-10,P010,5,very durable in daily use,True,3,United States
R01268,2025-11-16,P025,1,defective finish out of the box,True,7,Australia
R01269,2026-06-29,P026,5,comfortable for long sessions,True,1,Australia
R01270,2025-08-10,P001,5,simple controls and clear instructions,True,1,United States
R01271,2025-12-19,P001,5,fits perfectly and feels comfortable,True,2,United States
R01272,2026-06-06,P006,3,acceptable overall with room to improve,False,0,United States
R01273,2026-02-25,P017,5,simple controls and clear instructions,False,4,United Kingdom
R01274,2026-07-27,P013,2,stopped working after a few weeks,True,7,United States
R01275,2026-03-26,P027,4,fits perfectly and feels comfortable,True,5,Germany
R01276,2025-08-14,P010,4,has held up really well,True,2,United States
R01277,2026-05-24,P006,5,worth every dollar,True,2,United States
R01278,2025-09-13,P021,4,has held up really well,False,3,United States
R01279,2026-07-21,P030,4,acceptable overall with room to improve,True,3,Australia
R01280,2025-08-15,P006,5,excellent price to performance,True,6,United States
R01281,2026-05-02,P003,2,comfortable for long sessions,False,2,United States
R01282,2025-10-06,P023,5,worth every dollar,False,2,United States
R01283,2026-05-07,P016,5,comfortable for long sessions,True,4,United Kingdom
R01284,2025-08-12,P001,4,simple controls and clear instructions,True,2,United Kingdom
R01285,2025-08-14,P005,5,very durable in daily use,True,2,United States
R01286,2025-11-29,P019,4,comfortable for long sessions,True,2,Germany
R01287,2026-07-21,P020,5,better quality than expected,True,0,United Kingdom
R01288,2026-04-16,P005,5,excellent build quality,True,0,United States
R01289,2025-08-07,P029,5,fits perfectly and feels comfortable,False,0,United Kingdom
R01290,2026-03-26,P022,4,arrived early and well packaged,True,1,United Kingdom
R01291,2025-09-09,P029,5,works intuitively,True,2,United Kingdom
R01292,2025-09-06,P015,5,still works perfectly after months,True,2,United Kingdom
R01293,2025-11-10,P027,1,fit is too tight,False,0,United Kingdom
R01294,2025-10-20,P024,1,confusing setup and difficult controls,True,2,United States
R01295,2026-03-27,P015,2,poor build quality and cheap materials,True,4,United Kingdom
R01296,2026-03-24,P028,4,works intuitively,True,6,Australia
R01297,2026-05-04,P021,5,very durable in daily use,True,4,United Kingdom
R01298,2025-08-16,P030,4,easy to set up and use,False,3,United States
R01299,2025-09-08,P002,2,stopped working after a few weeks,True,0,United Kingdom
R01300,2025-12-26,P019,5,excellent price to performance,True,2,United Kingdom
R01301,2026-03-15,P007,4,very durable in daily use,True,1,United States
R01302,2026-05-03,P023,1,overpriced for what it offers,True,2,Australia
R01303,2026-04-27,P008,1,frustrating to use,True,5,United Kingdom
R01304,2026-04-18,P009,1,defective finish out of the box,True,7,Australia
R01305,2025-12-21,P015,4,comfortable for long sessions,True,2,United States
R01306,2025-12-29,P030,5,still works perfectly after months,True,0,Australia
R01307,2026-05-22,P019,5,comfortable for long sessions,True,3,Germany
R01308,2025-11-28,P005,4,great value for the price,True,0,United Kingdom
R01309,2026-04-05,P011,4,excellent build quality,True,9,United States
R01310,2026-07-20,P003,5,has held up really well,True,5,United States
R01311,2026-05-10,P001,1,defective finish out of the box,True,1,United Kingdom
R01312,2026-03-04,P019,5,great value for the price,True,0,United Kingdom
R01313,2026-01-03,P024,4,still works perfectly after months,True,2,Canada
R01314,2026-02-01,P014,4,fast delivery with no damage,True,3,United States
R01315,2026-01-19,P006,5,great value for the price,True,0,Germany
R01316,2026-04-25,P003,2,defective finish out of the box,True,2,United States
R01317,2025-09-19,P028,4,excellent build quality,True,0,United States
R01318,2025-11-20,P015,1,poor value compared with alternatives,True,3,Australia
R01319,2026-04-10,P004,4,fast delivery with no damage,False,6,United States
R01320,2025-11-23,P025,1,fit is too tight,False,2,United States
R01321,2025-12-17,P001,4,works intuitively,True,2,Canada
R01322,2026-04-10,P028,4,worth every dollar,True,2,United States
R01323,2026-06-16,P017,1,confusing setup and difficult controls,True,3,United States
R01324,2025-08-06,P021,2,poor value compared with alternatives,True,0,Australia
R01325,2026-02-02,P028,3,does what the listing says,True,8,United States
R01326,2026-05-11,P027,4,has held up really well,True,1,United States
R01327,2025-12-13,P006,4,has held up really well,True,2,United States
R01328,2025-12-31,P015,5,easy to set up and use,True,3,United States
R01329,2025-12-24,P025,1,not worth the price,True,2,United Kingdom
R01330,2025-09-13,P014,2,broke much sooner than expected,True,1,United Kingdom
R01331,2025-11-26,P020,3,not worth the price,True,4,United States
R01332,2025-10-24,P022,1,box arrived crushed,True,1,Germany
R01333,2025-12-27,P008,4,feels premium and reliable,True,0,United States
R01334,2026-05-03,P022,3,does what the listing says,True,4,United States
R01335,2026-03-30,P028,1,poor value compared with alternatives,True,2,United States
R01336,2026-01-16,P017,1,confusing setup and difficult controls,True,2,United States
R01337,2026-07-28,P005,5,,True,1,United States
R01338,2025-11-27,P018,4,shipping was smooth,True,1,United Kingdom
R01339,2026-06-14,P005,1,arrived late with damaged packaging,True,0,Canada
R01340,2026-04-17,P021,2,broke much sooner than expected,True,0,United States
R01341,2025-12-02,P002,5,very durable in daily use,True,15,United States
R01342,2026-06-30,P014,5,worth every dollar,True,0,United Kingdom
R01343,2026-03-25,P002,5,still works perfectly after months,True,1,Canada
R01344,2026-07-01,P004,2,quality is disappointing,False,4,United Kingdom
R01345,2026-04-03,P004,3,works as expected,True,3,Australia
R01346,2025-10-09,P030,5,comfortable for long sessions,True,7,Germany
R01347,2025-10-30,P026,1,arrived late with damaged packaging,True,9,United States
R01348,2025-08-13,P021,5,great value for the price,True,0,United States
R01349,2026-03-10,P013,5,excellent build quality,True,1,Germany
R01350,2025-12-01,P018,5,shipping was smooth,True,4,United States
R01351,2025-09-21,P001,5,worth every dollar,False,0,Australia
R01352,2025-10-06,P013,3,box arrived crushed,True,5,United States
R01353,2025-08-28,P009,1,poor build quality and cheap materials,True,0,United States
R01354,2026-06-01,P015,5,easy to set up and use,True,1,United Kingdom
R01355,2025-09-02,P015,5,feels premium and reliable,True,5,United States
R01356,2026-07-08,P007,5,comfortable for long sessions,True,2,United States
R01357,2026-07-17,P026,1,overpriced for what it offers,True,1,United States
R01358,2026-02-13,P025,3,works as expected,True,1,United States
R01359,2026-01-07,P010,5,simple controls and clear instructions,True,0,Australia
R01360,2025-08-24,P023,4,feels premium and reliable,True,10,Germany
R01361,2025-08-18,P005,2,defective finish out of the box,True,1,Germany
R01362,2026-05-07,P009,2,poor build quality and cheap materials,True,0,United Kingdom
R01363,2025-10-30,P020,3,does what the listing says,True,7,United States
R01364,2026-03-16,P012,5,very durable in daily use,True,3,United States
R01365,2026-06-23,P013,5,excellent price to performance,True,2,Canada
R01366,2026-04-06,P009,5,feels premium and reliable,True,2,United States
R01367,2026-05-29,P024,5,fast delivery with no damage,True,1,United States
R01368,2025-10-16,P019,5,great value for the price,True,4,United States
R01369,2025-11-16,P017,5,works intuitively,True,4,Canada
R01370,2025-11-20,P001,5,has held up really well,True,1,Germany
R01371,2025-10-25,P003,5,shipping was smooth,True,4,United States
R01372,2026-04-17,P010,1,not worth the price,True,2,United States
R01373,2026-01-15,P006,4,great value for the price,True,1,United States
R01374,2026-06-14,P019,5,better quality than expected,True,6,United Kingdom
R01375,2025-09-20,P019,5,excellent build quality,True,6,United States
R01376,2026-01-04,P012,1,arrived late with damaged packaging,True,5,United Kingdom
R01377,2026-03-27,P010,4,excellent build quality,True,5,United States
R01378,2026-07-23,P007,5,very durable in daily use,True,1,Canada
R01379,2026-01-15,P014,2,does not fit as described,True,6,Australia
R01380,2026-03-27,P015,5,fits perfectly and feels comfortable,True,0,Germany
R01381,2025-08-08,P027,5,excellent build quality,True,3,United Kingdom
R01382,2026-07-13,P024,5,worth every dollar,True,3,United States
R01383,2026-07-04,P025,4,arrived early and well packaged,True,1,United Kingdom
R01384,2025-10-19,P024,5,better quality than expected,True,3,United States
R01385,2025-11-24,P027,4,fast delivery with no damage,True,7,United States
R01386,2026-05-04,P002,3,stopped working after a few weeks,True,1,United Kingdom
R01387,2025-12-06,P016,5,arrived early and well packaged,True,8,United States
R01388,2025-09-23,P012,5,feels premium and reliable,True,7,Germany
R01389,2026-05-24,P017,1,box arrived crushed,True,1,United States
R01390,2026-03-10,P016,5,comfortable for long sessions,True,4,United States
R01391,2026-07-12,P002,3,does what the listing says,True,0,United States
R01392,2025-12-14,P003,3,fine,True,1,Australia
R01393,2025-10-25,P024,4,size and fit are exactly right,True,3,Canada
R01394,2025-10-21,P008,5,has held up really well,True,2,United States
R01395,2026-02-23,P026,2,shipping was smooth,True,3,United States
R01396,2026-03-11,P013,4,still works perfectly after months,True,17,United States
R01397,2026-04-23,P022,4,arrived early and well packaged,True,0,United Kingdom
R01398,2025-08-30,P011,5,size and fit are exactly right,True,0,United States
R01399,2026-03-06,P011,4,very durable in daily use,False,3,United States
R01400,2026-02-15,P007,4,fits perfectly and feels comfortable,True,3,United Kingdom
R01401,2025-08-30,P022,3,does what the listing says,True,1,United States
R01402,2026-04-16,P029,3,does what the listing says,True,0,United States
R01403,2025-12-02,P019,5,still works perfectly after months,False,0,Germany
R01404,2025-11-26,P022,1,arrived late with damaged packaging,True,5,Germany
R01405,2025-10-09,P001,5,worth every dollar,True,5,United States
R01406,2026-03-28,P020,5,very durable in daily use,True,6,Germany
R01407,2026-01-23,P012,4,size and fit are exactly right,False,1,Germany
R01408,2025-11-01,P011,4,fits perfectly and feels comfortable,True,1,Canada
R01409,2026-03-26,P002,5,still works perfectly after months,True,10,United Kingdom
R01410,2025-08-14,P003,3,acceptable overall with room to improve,True,0,Germany
R01411,2026-04-25,P026,5,easy to set up and use,True,7,United States
R01412,2025-10-27,P018,5,size and fit are exactly right,True,8,United Kingdom
R01413,2026-03-04,P012,4,excellent build quality,True,1,United Kingdom
R01414,2026-06-02,P021,4,still works perfectly after months,True,1,Australia
R01415,2025-09-27,P018,4,has held up really well,False,0,United Kingdom
R01416,2025-09-18,P022,4,shipping was smooth,True,0,United States
R01417,2026-06-29,P029,5,arrived early and well packaged,False,0,United States
R01418,2025-09-19,P027,4,arrived early and well packaged,True,3,United States
R01419,2026-04-18,P005,3,average experience,True,2,Australia
R01420,2026-04-29,P004,5,works intuitively,True,4,Canada
R01421,2025-10-12,P011,1,defective finish out of the box,False,1,United States
R01422,2026-06-19,P030,5,comfortable for long sessions,True,5,Australia
R01423,2025-09-09,P021,5,arrived early and well packaged,True,3,Australia
R01424,2025-11-28,P025,5,very durable in daily use,True,1,United States
R01425,2025-08-10,P016,1,confusing setup and difficult controls,True,3,United States
R01426,2026-04-27,P004,5,very durable in daily use,True,2,Canada
R01427,2026-03-29,P006,5,fits perfectly and feels comfortable,True,3,United States
R01428,2026-07-12,P017,3,works as expected,True,4,United States
R01429,2026-06-30,P012,5,size and fit are exactly right,False,3,United Kingdom
R01430,2026-03-31,P028,1,broke much sooner than expected,True,2,United States
R01431,2026-04-10,P017,4,easy to set up and use,True,3,United States
R01432,2026-05-25,P021,1,box arrived crushed,True,0,Germany
R01433,2026-01-15,P002,3,average experience,False,1,Germany
R01434,2025-09-19,P026,5,worth every dollar,True,0,United States
R01435,2025-11-20,P013,5,worth every dollar,True,4,United Kingdom
R01436,2026-05-06,P017,2,confusing setup and difficult controls,True,0,United States
R01437,2026-05-02,P018,5,still works perfectly after months,True,1,United States
R01438,2025-12-17,P024,5,still works perfectly after months,True,3,United Kingdom
R01439,2025-10-08,P014,4,feels premium and reliable,False,4,United States
R01440,2025-08-12,P013,3,acceptable overall with room to improve,True,5,United Kingdom
R01441,2025-09-29,P003,4,,True,3,Germany
R01442,2025-11-07,P024,5,easy to set up and use,True,6,United States
R01443,2026-01-08,P027,4,worth every dollar,True,6,United Kingdom
R01444,2025-10-12,P016,5,very durable in daily use,True,8,United States
R01445,2026-04-10,P015,4,worth every dollar,True,7,Canada
R01446,2026-02-07,P012,5,size and fit are exactly right,False,1,Germany
R01447,2026-07-18,P009,2,instructions are unclear,True,0,United States
R01448,2026-05-28,P026,1,stopped working after a few weeks,True,2,United States
R01449,2026-04-23,P009,1,quality is disappointing,True,2,United States
R01450,2026-04-10,P017,3,confusing setup and difficult controls,True,1,Canada
R01451,2026-07-23,P023,4,simple controls and clear instructions,True,0,United States
R01452,2026-02-04,P019,4,excellent price to performance,False,0,United Kingdom
R01453,2026-03-01,P021,5,fits perfectly and feels comfortable,True,2,United States
R01454,2025-12-30,P017,1,durability is unacceptable,True,4,United States
R01455,2026-02-03,P012,4,fits perfectly and feels comfortable,True,2,Germany
R01456,2026-05-19,P008,4,has held up really well,False,0,Canada
R01457,2026-01-19,P019,2,simple controls and clear instructions,True,2,Australia
R01458,2025-11-09,P011,5,comfortable for long sessions,False,0,United States
R01459,2025-08-19,P015,2,fit is too tight,True,7,Germany
R01460,2026-01-31,P021,3,works as expected,True,2,United States
R01461,2025-08-26,P016,5,great value for the price,True,1,United States
R01462,2026-05-29,P020,5,very durable in daily use,True,0,United States
R01463,2025-11-23,P004,1,overpriced for what it offers,True,5,United States
R01464,2025-08-11,P011,4,fits perfectly and feels comfortable,True,4,Canada
R01465,2025-08-02,P018,5,has held up really well,True,6,Germany
R01466,2025-10-07,P030,5,has held up really well,True,1,United States
R01467,2026-03-29,P003,3,works as expected,True,1,United States
R01468,2025-08-27,P013,5,excellent price to performance,True,2,United States
R01469,2025-10-23,P025,1,stopped working after a few weeks,True,0,United States
R01470,2025-08-22,P009,4,feels premium and reliable,True,6,United States
R01471,2026-02-17,P003,4,arrived early and well packaged,True,6,United States
R01472,2026-02-06,P023,4,does what the listing says,True,0,United Kingdom
R01473,2025-10-13,P027,4,great value for the price,True,0,Germany
R01474,2026-02-18,P025,4,excellent build quality,True,7,United States
R01475,2026-05-09,P006,5,feels premium and reliable,True,3,Germany
R01476,2026-05-03,P030,3,average experience,True,0,Canada
R01477,2026-07-16,P001,3,acceptable overall with room to improve,True,2,United States
R01478,2026-06-25,P016,4,fits perfectly and feels comfortable,True,7,Germany
R01479,2026-07-23,P019,4,easy to set up and use,True,0,United States
R01480,2026-06-26,P025,4,still works perfectly after months,True,0,United States
R01481,2025-12-09,P007,3,fine,True,1,United Kingdom
R01482,2026-02-24,P005,2,excellent build quality,True,2,United States
R01483,2026-01-20,P015,5,fast delivery with no damage,True,1,United States
R01484,2025-08-20,P021,4,shipping was smooth,True,3,United States
R01485,2026-07-27,P007,4,easy to set up and use,True,1,United Kingdom
R01486,2026-03-22,P004,5,works intuitively,True,1,United Kingdom
R01487,2026-01-25,P020,4,better quality than expected,False,10,United States
R01488,2025-11-29,P004,4,works intuitively,True,0,United States
R01489,2025-09-16,P005,5,fast delivery with no damage,True,0,United States
R01490,2026-04-23,P026,5,shipping was smooth,True,2,United States
R01491,2026-02-09,P017,4,works intuitively,True,3,United States
R01492,2026-05-31,P022,5,simple controls and clear instructions,True,1,Canada
R01493,2026-03-15,P022,4,fast delivery with no damage,True,1,United States
R01494,2026-03-21,P024,4,fits perfectly and feels comfortable,True,5,United Kingdom
R01495,2025-12-17,P008,5,excellent build quality,True,2,United States
R01496,2025-11-30,P018,5,worth every dollar,True,0,United States
R01497,2025-10-08,P003,2,arrived late with damaged packaging,True,3,United States
R01498,2026-02-18,P029,2,acceptable overall with room to improve,True,3,Australia
R01499,2025-12-29,P029,4,size and fit are exactly right,True,5,Australia
R01500,2026-05-15,P026,5,very durable in daily use,False,4,United States
R01501,2025-08-15,P020,5,feels premium and reliable,True,3,United Kingdom
R01502,2025-12-21,P010,5,shipping was smooth,True,0,United States
R01503,2026-07-13,P026,1,does not fit as described,True,1,United Kingdom
R01504,2026-02-21,P009,1,quality is disappointing,True,1,United States
R01505,2026-06-30,P004,5,still works perfectly after months,False,3,Canada
R01506,2025-09-10,P001,3,acceptable overall with room to improve,True,0,United Kingdom
R01507,2026-02-08,P024,4,shipping was smooth,True,4,Germany
R01508,2025-11-22,P002,1,fit is too tight,True,3,Australia
R01509,2025-11-30,P029,2,broke much sooner than expected,True,3,United Kingdom
R01510,2026-01-06,P027,4,arrived early and well packaged,True,0,United States
R01511,2025-09-09,P003,3,works as expected,True,3,United States
R01512,2026-03-23,P027,4,has held up really well,False,3,United States
R01513,2026-01-07,P008,4,comfortable for long sessions,True,3,Germany
R01514,2026-07-07,P024,5,works intuitively,True,1,United States
R01515,2026-01-25,P025,2,broke much sooner than expected,True,11,United States
R01516,2026-03-29,P025,5,great value for the price,True,0,United States
R01517,2026-02-23,P027,5,fast delivery with no damage,True,3,United States
R01518,2025-10-16,P016,5,better quality than expected,True,2,Australia
R01519,2025-08-28,P013,4,still works perfectly after months,True,3,United Kingdom
R01520,2026-06-06,P030,4,has held up really well,True,4,Germany
R01521,2025-12-11,P012,5,excellent build quality,True,1,Germany
R01522,2026-06-27,P028,5,size and fit are exactly right,True,0,United States
R01523,2025-09-10,P025,5,size and fit are exactly right,True,0,Australia
R01524,2025-12-22,P012,4,simple controls and clear instructions,False,2,United States
R01525,2026-01-08,P021,2,,True,1,Australia
R01526,2026-06-30,P012,4,excellent price to performance,True,6,Canada
R01527,2025-12-02,P001,3,box arrived crushed,True,2,Germany
R01528,2025-11-12,P016,5,easy to set up and use,True,4,United States
R01529,2025-09-30,P002,1,durability is unacceptable,True,1,United States
R01530,2025-12-20,P022,4,arrived early and well packaged,True,0,United States
R01531,2025-10-11,P005,3,fine,True,1,United States
R01532,2025-09-16,P022,2,delivery took far too long,True,0,United States
R01533,2025-09-10,P014,5,simple controls and clear instructions,True,6,Germany
R01534,2026-02-05,P027,4,arrived early and well packaged,True,0,United States
R01535,2025-11-16,P002,1,stopped working after a few weeks,True,0,United States
R01536,2026-05-10,P030,2,defective finish out of the box,True,3,United States
R01537,2025-11-30,P026,2,stopped working after a few weeks,True,0,United States
R01538,2026-05-12,P016,5,has held up really well,True,0,United States
R01539,2025-09-10,P009,5,fast delivery with no damage,True,2,United States
R01540,2026-07-16,P019,3,acceptable overall with room to improve,True,1,United Kingdom
R01541,2025-08-20,P022,1,box arrived crushed,False,5,Canada
R01542,2026-07-09,P023,1,quality is disappointing,True,7,United States
R01543,2025-11-08,P005,4,size and fit are exactly right,True,1,Canada
R01544,2026-01-15,P025,4,comfortable for long sessions,True,5,Canada
R01545,2026-06-04,P021,3,works as expected,True,3,United States
R01546,2026-02-24,P007,3,uncomfortable and badly sized,True,4,United States
R01547,2025-11-17,P017,3,fit is too tight,False,1,Canada
R01548,2025-11-20,P016,5,size and fit are exactly right,False,1,United States
R01549,2025-10-12,P026,5,excellent build quality,False,7,United States
R01550,2026-03-13,P005,1,instructions are unclear,True,1,United States
R01551,2026-04-02,P003,2,quality is disappointing,True,5,United States
R01552,2025-10-07,P014,4,size and fit are exactly right,True,2,United States
R01553,2026-03-14,P015,5,excellent price to performance,True,10,United States
R01554,2026-07-27,P020,3,average experience,True,1,United States
R01555,2025-11-16,P007,5,great value for the price,True,4,Canada
R01556,2026-01-01,P022,2,delivery took far too long,True,3,United States
R01557,2025-08-06,P006,5,easy to set up and use,True,0,United States
R01558,2025-08-20,P028,1,overpriced for what it offers,True,5,United Kingdom
R01559,2026-05-05,P023,5,better quality than expected,True,6,United States
R01560,2026-02-24,P019,4,has held up really well,True,5,Germany
R01561,2026-01-01,P028,1,broke much sooner than expected,True,0,United States
R01562,2025-11-16,P016,5,excellent price to performance,True,4,Canada
R01563,2026-04-30,P030,5,size and fit are exactly right,True,0,United Kingdom
R01564,2025-09-10,P008,5,better quality than expected,True,9,Canada
R01565,2025-08-19,P023,4,comfortable for long sessions,False,2,United States
R01566,2026-06-10,P021,4,better quality than expected,False,2,United States
R01567,2026-02-17,P008,5,shipping was smooth,True,3,Canada
R01568,2026-06-15,P022,5,fast delivery with no damage,False,0,Australia
R01569,2025-11-17,P008,4,fast delivery with no damage,True,1,Australia
R01570,2026-05-10,P003,5,feels premium and reliable,True,1,United States
R01571,2025-12-21,P015,3,does not fit as described,True,2,Germany
R01572,2025-12-01,P016,4,very durable in daily use,True,3,Canada
R01573,2025-08-04,P016,4,fits perfectly and feels comfortable,True,4,Germany
R01574,2025-09-27,P020,5,excellent build quality,True,5,Australia
R01575,2025-09-25,P010,3,acceptable overall with room to improve,True,2,United States
R01576,2026-07-07,P004,5,better quality than expected,True,1,United States
R01577,2025-10-11,P013,2,arrived late with damaged packaging,True,0,United States
R01578,2025-08-29,P022,1,delivery took far too long,True,2,United States
R01579,2026-01-25,P019,1,frustrating to use,True,6,Canada
R01580,2026-02-18,P018,4,worth every dollar,True,0,United States
R01581,2026-06-20,P028,5,excellent price to performance,True,3,Australia
R01582,2026-06-25,P015,5,better quality than expected,True,1,United States
R01583,2026-01-23,P001,2,poor value compared with alternatives,True,1,Canada
R01584,2026-01-03,P014,4,excellent price to performance,True,2,United States
R01585,2026-07-14,P028,5,great value for the price,True,2,United Kingdom
R01586,2026-02-26,P022,5,arrived early and well packaged,True,1,Australia
R01587,2026-04-11,P016,5,easy to set up and use,True,1,Germany
R01588,2026-04-30,P007,2,fit is too tight,True,2,United States
R01589,2026-06-02,P014,3,works as expected,True,1,United States
R01590,2026-05-22,P007,3,defective finish out of the box,True,2,United States
R01591,2025-10-05,P023,5,shipping was smooth,True,0,United States
R01592,2026-07-08,P014,2,not worth the price,True,6,United States
R01593,2025-08-18,P007,5,arrived early and well packaged,False,8,United Kingdom
R01594,2026-04-25,P029,2,arrived late with damaged packaging,True,2,Canada
R01595,2025-08-23,P007,5,excellent price to performance,True,1,United States
R01596,2026-03-20,P007,5,fine,True,1,United States
R01597,2025-12-09,P027,4,shipping was smooth,False,11,Canada
R01598,2026-03-19,P024,5,great value for the price,True,1,United Kingdom
R01599,2026-05-27,P024,5,still works perfectly after months,False,3,United States
R01600,2025-08-20,P009,2,box arrived crushed,True,0,United Kingdom
R01601,2026-02-12,P030,4,has held up really well,True,5,Australia
R01602,2025-08-23,P024,4,excellent build quality,True,8,Australia
R01603,2025-11-22,P016,1,does not fit as described,True,5,Canada
R01604,2026-02-27,P028,1,not worth the price,True,1,Australia
R01605,2026-02-23,P030,5,still works perfectly after months,True,2,United States
R01606,2026-03-16,P029,5,very durable in daily use,True,3,Australia
R01607,2026-05-28,P022,2,arrived late with damaged packaging,True,1,Canada
R01608,2026-07-21,P015,5,excellent price to performance,True,3,United Kingdom
R01609,2026-03-15,P003,3,works as expected,True,4,United Kingdom
R01610,2026-04-08,P003,4,comfortable for long sessions,True,2,Germany
R01611,2025-11-01,P029,5,fits perfectly and feels comfortable,True,6,United States
R01612,2026-04-24,P002,2,box arrived crushed,True,2,Canada
R01613,2026-07-03,P003,4,very durable in daily use,True,4,United Kingdom
R01614,2026-04-30,P025,4,shipping was smooth,True,0,United States
R01615,2026-06-17,P016,4,still works perfectly after months,True,3,United States
R01616,2025-12-20,P008,4,still works perfectly after months,True,6,Australia
R01617,2026-03-22,P013,3,works as expected,True,2,Australia
R01618,2025-12-12,P030,4,simple controls and clear instructions,True,2,Australia
R01619,2026-06-11,P009,3,average experience,True,0,United States
R01620,2026-04-20,P013,2,size and fit are exactly right,True,0,United States
R01621,2026-02-20,P030,5,very durable in daily use,True,5,United Kingdom
R01622,2026-06-10,P016,5,very durable in daily use,True,9,United States
R01623,2025-10-31,P015,5,still works perfectly after months,True,3,United States
R01624,2026-01-23,P022,2,quality is disappointing,True,2,Germany
R01625,2025-11-01,P016,5,works intuitively,True,1,United States
R01626,2026-06-16,P001,2,instructions are unclear,True,3,United Kingdom
R01627,2026-07-07,P013,5,easy to set up and use,True,2,Germany
R01628,2025-11-18,P004,4,better quality than expected,True,5,United States
R01629,2025-12-18,P027,4,arrived early and well packaged,True,1,Australia
R01630,2025-10-02,P013,4,shipping was smooth,True,5,Australia
R01631,2025-09-27,P003,1,fine,True,1,United States
R01632,2026-05-29,P030,4,fits perfectly and feels comfortable,True,2,Australia
R01633,2025-08-06,P007,5,still works perfectly after months,True,2,United States
R01634,2025-11-03,P015,3,does what the listing says,True,3,United States
R01635,2025-12-06,P013,5,works intuitively,True,1,United States
R01636,2025-11-19,P007,5,works intuitively,True,2,United States
R01637,2025-09-30,P004,4,easy to set up and use,True,8,United Kingdom
R01638,2026-05-12,P019,5,has held up really well,True,2,United States
R01639,2025-12-25,P030,5,fits perfectly and feels comfortable,True,1,Germany
R01640,2025-10-04,P014,1,overpriced for what it offers,True,1,Germany
R01641,2025-08-16,P016,3,acceptable overall with room to improve,True,2,United States
R01642,2026-01-18,P005,4,feels premium and reliable,True,2,United States
R01643,2025-10-16,P028,5,size and fit are exactly right,True,3,Germany
R01644,2025-12-31,P019,1,does not fit as described,True,5,Australia
R01645,2025-12-27,P016,4,shipping was smooth,True,3,United Kingdom
R01646,2026-05-21,P003,4,size and fit are exactly right,True,1,Canada
R01647,2026-01-28,P026,4,fits perfectly and feels comfortable,True,1,Germany
R01648,2025-08-12,P022,4,arrived early and well packaged,False,4,United States
R01649,2026-07-28,P023,4,easy to set up and use,False,3,United States
R01650,2026-03-11,P021,5,excellent build quality,True,0,United States
R01651,2026-04-24,P023,5,works intuitively,True,1,Australia
R01652,2026-02-08,P004,5,excellent build quality,True,0,Germany
R01653,2025-12-20,P026,2,box arrived crushed,True,1,United States
R01654,2025-08-03,P029,5,arrived early and well packaged,True,2,United Kingdom
R01655,2025-12-11,P019,5,has held up really well,True,2,United States
R01656,2025-11-23,P027,1,delivery took far too long,True,4,United States
R01657,2025-08-26,P027,1,arrived late with damaged packaging,False,0,United Kingdom
R01658,2025-10-21,P030,5,simple controls and clear instructions,True,1,United States
R01659,2026-01-02,P018,5,better quality than expected,True,6,United States
R01660,2026-04-02,P012,4,better quality than expected,True,1,United States
R01661,2026-03-29,P016,2,fit is too tight,True,1,United States
R01662,2025-10-23,P009,5,fast delivery with no damage,True,6,Canada
R01663,2025-08-03,P005,1,fit is too tight,False,1,United States
R01664,2026-06-26,P017,3,works as expected,True,1,United States
R01665,2026-05-30,P014,5,size and fit are exactly right,True,7,United States
R01666,2026-05-11,P025,2,still works perfectly after months,True,2,United States
R01667,2026-03-02,P021,5,has held up really well,True,2,Canada
R01668,2026-07-09,P012,5,has held up really well,True,5,Canada
R01669,2026-01-25,P014,1,stopped working after a few weeks,True,8,Australia
R01670,2025-09-30,P027,3,works as expected,True,5,Canada
R01671,2025-10-18,P013,5,excellent build quality,False,5,Australia
R01672,2026-04-20,P023,2,excellent build quality,False,4,United States
R01673,2026-03-27,P016,1,confusing setup and difficult controls,True,0,United Kingdom
R01674,2025-12-30,P020,5,better quality than expected,False,4,Germany
R01675,2025-12-08,P025,1,defective finish out of the box,True,2,United Kingdom
R01676,2025-10-15,P002,1,stopped working after a few weeks,True,2,United States
R01677,2026-01-03,P022,3,delivery took far too long,True,2,United States
R01678,2026-02-16,P011,5,fits perfectly and feels comfortable,True,3,United Kingdom
R01679,2026-07-16,P009,2,poor build quality and cheap materials,True,0,United States
R01680,2025-10-23,P006,4,size and fit are exactly right,True,4,Canada
R01681,2026-07-12,P014,4,still works perfectly after months,True,3,United States
R01682,2026-01-18,P013,5,very durable in daily use,True,9,United Kingdom
R01683,2025-12-15,P024,4,fits perfectly and feels comfortable,True,1,United States
R01684,2025-10-20,P028,4,worth every dollar,True,1,United States
R01685,2025-12-05,P030,5,feels premium and reliable,True,5,Canada
R01686,2026-01-28,P005,2,poor value compared with alternatives,True,0,United Kingdom
R01687,2025-10-05,P014,5,very durable in daily use,False,10,Germany
R01688,2025-08-30,P001,5,comfortable for long sessions,True,2,United States
R01689,2025-12-18,P021,5,worth every dollar,True,8,United Kingdom
R01690,2026-06-10,P011,3,product received,True,0,United States
R01691,2025-12-01,P006,5,comfortable for long sessions,True,1,Germany
R01692,2026-04-23,P021,5,shipping was smooth,True,6,Canada
R01693,2026-07-24,P005,5,simple controls and clear instructions,True,2,United States
R01694,2025-09-12,P026,4,arrived early and well packaged,True,3,United States
R01695,2025-11-17,P022,3,arrived late with damaged packaging,False,3,Germany
R01696,2026-02-04,P007,5,shipping was smooth,True,0,United Kingdom
R01697,2026-02-14,P004,5,shipping was smooth,True,4,Australia
R01698,2026-02-04,P024,4,feels premium and reliable,True,0,Germany
R01699,2026-01-17,P027,4,better quality than expected,True,10,United States
R01700,2025-08-28,P009,4,better quality than expected,True,2,United States
R01701,2025-12-20,P029,3,product received,True,1,Germany
R01702,2026-06-06,P006,4,fast delivery with no damage,False,4,Canada
R01703,2025-09-23,P007,4,fits perfectly and feels comfortable,True,5,United Kingdom
R01704,2026-07-25,P010,4,worth every dollar,True,5,United States
R01705,2026-03-28,P009,5,excellent build quality,False,3,Canada
R01706,2025-12-01,P006,4,fast delivery with no damage,True,1,United Kingdom
R01707,2026-05-21,P017,5,works intuitively,True,2,United Kingdom
R01708,2026-02-02,P008,5,has held up really well,True,0,United States
R01709,2026-03-05,P011,5,excellent build quality,True,0,United States
R01710,2026-03-03,P025,4,works intuitively,True,1,United Kingdom
R01711,2025-11-07,P014,3,acceptable overall with room to improve,True,0,United States
R01712,2025-09-13,P013,5,works intuitively,False,1,Canada
R01713,2025-12-31,P016,5,feels premium and reliable,True,1,United States
R01714,2025-11-01,P001,4,feels premium and reliable,True,2,United Kingdom
R01715,2025-11-10,P028,5,worth every dollar,True,6,Germany
R01716,2025-11-29,P025,5,comfortable for long sessions,True,5,United States
R01717,2026-03-28,P004,4,excellent build quality,True,3,Germany
R01718,2026-01-09,P024,5,fits perfectly and feels comfortable,True,1,United States
R01719,2025-12-22,P022,3,average experience,True,3,United States
R01720,2026-06-06,P011,2,broke much sooner than expected,False,4,Australia
R01721,2025-10-24,P008,5,ok,True,6,Germany
R01722,2026-05-16,P019,4,feels premium and reliable,True,0,Australia
R01723,2025-10-21,P013,5,fast delivery with no damage,True,5,United States
R01724,2025-11-11,P019,1,poor value compared with alternatives,True,5,United States
R01725,2026-01-02,P007,5,great value for the price,True,6,Germany
R01726,2026-04-20,P014,4,excellent price to performance,True,0,United States
R01727,2026-06-25,P028,5,excellent price to performance,True,1,United Kingdom
R01728,2025-12-18,P030,5,excellent build quality,True,1,United States
R01729,2025-08-08,P018,3,average experience,True,7,Germany
R01730,2026-03-16,P005,5,excellent price to performance,True,2,United Kingdom
R01731,2026-07-21,P019,4,still works perfectly after months,True,1,Germany
R01732,2025-10-09,P009,5,better quality than expected,True,2,United States
R01733,2025-09-07,P011,4,fast delivery with no damage,True,0,Australia
R01734,2025-11-14,P005,4,worth every dollar,True,3,United States
R01735,2025-10-05,P015,4,shipping was smooth,True,0,United Kingdom
R01736,2025-10-20,P002,4,works intuitively,True,0,United Kingdom
R01737,2025-09-04,P021,1,durability is unacceptable,True,2,United States
R01738,2026-07-22,P029,3,average experience,True,1,United States
R01739,2026-01-10,P022,3,works as expected,True,12,Canada
R01740,2025-09-23,P022,3,box arrived crushed,True,2,United States
R01741,2025-09-17,P029,5,excellent price to performance,True,5,United States
R01742,2026-01-06,P007,4,very durable in daily use,True,1,United States
R01743,2025-11-12,P024,5,size and fit are exactly right,True,3,United States
R01744,2025-08-16,P007,5,size and fit are exactly right,True,0,United States
R01745,2025-09-27,P016,5,has held up really well,True,1,United States
R01746,2026-05-03,P014,4,better quality than expected,True,1,United States
R01747,2025-08-24,P013,5,simple controls and clear instructions,True,1,Germany
R01748,2026-02-27,P002,3,works as expected,True,1,Germany
R01749,2025-12-23,P008,5,great value for the price,True,0,Australia
R01750,2026-03-25,P010,1,does not fit as described,True,0,Canada
R01751,2026-02-15,P023,5,comfortable for long sessions,True,1,United Kingdom
R01752,2026-02-09,P013,1,overpriced for what it offers,True,4,Germany
R01753,2026-05-23,P001,5,fits perfectly and feels comfortable,True,2,United States
R01754,2026-02-09,P018,3,works as expected,True,0,United Kingdom
R01755,2025-08-16,P011,4,great value for the price,True,0,Canada
R01756,2026-05-30,P029,5,feels premium and reliable,True,8,United States
R01757,2025-10-20,P023,5,great value for the price,True,4,Germany
R01758,2025-11-28,P018,4,size and fit are exactly right,True,3,United States
R01759,2025-08-16,P016,4,comfortable for long sessions,True,1,United States
R01760,2026-02-16,P028,4,fits perfectly and feels comfortable,True,0,United Kingdom
R01761,2025-08-20,P025,1,poor value compared with alternatives,True,13,United States
R01762,2025-08-11,P005,5,comfortable for long sessions,False,2,United States
R01763,2025-11-01,P024,5,fits perfectly and feels comfortable,True,2,Australia
R01764,2026-06-29,P007,3,does what the listing says,True,0,Australia
R01765,2026-06-21,P030,3,average experience,True,1,United States
R01766,2026-04-07,P012,3,works as expected,True,1,United States
R01767,2026-05-19,P012,4,excellent price to performance,True,5,Canada
R01768,2026-05-18,P030,4,simple controls and clear instructions,True,0,United States
R01769,2026-03-21,P007,1,frustrating to use,True,2,Germany
R01770,2026-05-23,P006,3,works as expected,True,1,United States
R01771,2025-08-03,P025,5,feels premium and reliable,True,0,United States
R01772,2026-03-21,P026,3,does what the listing says,True,0,United States
R01773,2026-07-04,P015,1,overpriced for what it offers,False,2,United States
R01774,2026-07-25,P022,1,frustrating to use,True,4,Australia
R01775,2026-04-26,P006,5,shipping was smooth,True,2,Australia
R01776,2025-11-05,P023,4,fast delivery with no damage,True,6,United States
R01777,2025-10-11,P009,3,instructions are unclear,True,6,United Kingdom
R01778,2026-02-15,P028,1,overpriced for what it offers,True,4,United States
R01779,2025-10-03,P010,2,not worth the price,True,1,Australia
R01780,2026-03-28,P002,5,ok,True,2,Canada
R01781,2026-03-06,P027,2,uncomfortable and badly sized,True,2,United States
R01782,2026-04-15,P015,1,confusing setup and difficult controls,True,1,United Kingdom
R01783,2025-11-26,P027,4,worth every dollar,False,0,United States
R01784,2026-02-27,P026,4,size and fit are exactly right,True,1,United States
R01785,2026-01-23,P006,2,does not fit as described,False,5,Germany
R01786,2025-12-04,P024,3,average experience,True,3,United States
R01787,2026-06-08,P022,1,delivery took far too long,True,1,Australia
R01788,2026-07-09,P013,4,arrived early and well packaged,True,1,United States
R01789,2025-12-10,P021,4,excellent build quality,True,0,United States
R01790,2026-05-17,P011,5,works intuitively,True,0,United States
R01791,2025-08-26,P025,5,works intuitively,True,3,Canada
R01792,2025-09-19,P020,1,delivery took far too long,True,1,Germany
R01793,2025-11-06,P006,5,still works perfectly after months,False,6,United States
R01794,2026-05-28,P015,5,works intuitively,True,4,United States
R01795,2026-05-07,P026,4,feels premium and reliable,True,3,Canada
R01796,2025-10-21,P001,5,very durable in daily use,True,1,United Kingdom
R01797,2026-05-23,P005,2,defective finish out of the box,True,9,Australia
R01798,2025-08-27,P008,4,,True,1,Canada
R01799,2026-05-17,P021,5,easy to set up and use,True,1,Canada
R01800,2026-01-18,P029,1,fit is too tight,True,5,United States
R01801,2025-11-18,P027,5,shipping was smooth,False,0,Germany
R01802,2025-08-18,P022,5,arrived early and well packaged,False,2,United States
R01803,2026-01-13,P029,4,very durable in daily use,True,3,United Kingdom
R01804,2026-04-20,P025,2,durability is unacceptable,True,1,United Kingdom
R01805,2026-02-03,P013,5,fast delivery with no damage,True,2,United States
R01806,2026-05-23,P030,5,excellent build quality,True,0,Canada
R01807,2026-06-10,P025,1,box arrived crushed,False,0,United States
R01808,2026-02-11,P024,5,fits perfectly and feels comfortable,True,2,Germany
R01809,2026-06-09,P021,2,has held up really well,True,1,United States
R01810,2026-04-10,P003,5,arrived early and well packaged,True,1,Canada
R01811,2025-09-30,P021,4,excellent build quality,False,1,Australia
R01812,2026-02-27,P011,5,works intuitively,True,0,United States
R01813,2026-05-24,P017,4,simple controls and clear instructions,True,0,United States
R01814,2026-04-16,P012,4,,True,2,Canada
R01815,2026-05-19,P015,5,shipping was smooth,True,1,United States
R01816,2025-12-28,P006,3,does what the listing says,True,1,United States
R01817,2025-12-04,P001,4,great value for the price,True,3,United States
R01818,2026-07-10,P026,5,feels premium and reliable,True,1,Germany
R01819,2026-06-28,P017,5,simple controls and clear instructions,True,8,United States
R01820,2025-11-12,P016,4,has held up really well,True,5,United States
R01821,2026-07-09,P025,5,very durable in daily use,True,4,Canada
R01822,2025-11-12,P008,5,size and fit are exactly right,True,0,Canada
R01823,2026-02-14,P012,5,great value for the price,True,6,United States
R01824,2025-10-21,P021,4,great value for the price,True,0,United Kingdom
R01825,2025-09-12,P006,2,broke much sooner than expected,True,8,United Kingdom
R01826,2026-07-05,P019,3,works as expected,False,1,United States
R01827,2026-02-16,P008,5,comfortable for long sessions,True,13,United States
R01828,2025-12-17,P017,1,confusing setup and difficult controls,True,1,United States
R01829,2025-12-02,P026,4,excellent build quality,True,1,Germany
R01830,2025-09-08,P007,4,works intuitively,True,10,United States
R01831,2026-03-24,P012,5,excellent price to performance,True,1,United States
R01832,2026-07-09,P007,5,fits perfectly and feels comfortable,True,2,United States
R01833,2026-05-24,P007,5,simple controls and clear instructions,True,2,United Kingdom
R01834,2025-12-24,P010,5,great value for the price,True,1,United States
R01835,2025-11-05,P011,4,size and fit are exactly right,False,6,United States
R01836,2025-11-08,P017,5,works intuitively,True,1,United States
R01837,2025-12-13,P008,1,defective finish out of the box,True,1,Australia
R01838,2025-09-28,P030,5,comfortable for long sessions,True,4,United States
R01839,2026-02-07,P015,4,shipping was smooth,True,2,United Kingdom
R01840,2026-02-06,P026,5,fits perfectly and feels comfortable,True,2,United States
R01841,2026-06-06,P014,4,works intuitively,False,1,United States
R01842,2025-09-07,P026,5,great value for the price,True,3,United Kingdom
R01843,2026-02-11,P019,5,fits perfectly and feels comfortable,True,0,Canada
R01844,2025-09-11,P023,1,poor build quality and cheap materials,True,3,United States
R01845,2025-11-26,P004,1,poor build quality and cheap materials,True,4,United States
R01846,2025-10-30,P020,4,still works perfectly after months,True,0,Australia
R01847,2026-03-30,P018,2,fast delivery with no damage,True,0,United Kingdom
R01848,2025-12-05,P023,4,ok,True,0,Canada
R01849,2025-11-29,P025,4,worth every dollar,True,5,United States
R01850,2026-03-28,P012,4,works intuitively,True,3,United States
R01851,2026-05-26,P026,5,easy to set up and use,True,1,Canada
R01852,2025-12-16,P016,3,does what the listing says,True,2,United States
R01853,2026-07-05,P028,3,acceptable overall with room to improve,False,9,Canada
R01854,2026-01-27,P025,3,does what the listing says,True,1,Canada
R01855,2025-10-30,P027,5,has held up really well,True,5,Canada
R01856,2026-01-12,P003,4,shipping was smooth,True,0,United States
R01857,2026-06-14,P005,5,great value for the price,True,1,United States
R01858,2026-07-21,P020,3,average experience,True,3,United States
R01859,2026-04-01,P030,4,fast delivery with no damage,True,1,Germany
R01860,2025-11-01,P005,5,comfortable for long sessions,True,3,United Kingdom
R01861,2025-09-19,P018,3,quality is disappointing,True,9,United Kingdom
R01862,2026-03-27,P012,4,fits perfectly and feels comfortable,True,2,United States
R01863,2026-07-20,P022,3,delivery took far too long,False,2,United States
R01864,2026-06-04,P030,3,instructions are unclear,True,2,United States
R01865,2026-03-15,P001,3,does what the listing says,True,3,United States
R01866,2026-06-03,P018,4,works intuitively,True,1,United States
R01867,2025-08-02,P001,5,great value for the price,True,1,Germany
R01868,2025-08-05,P003,4,excellent price to performance,True,1,Germany
R01869,2025-08-18,P005,1,poor value compared with alternatives,True,4,Canada
R01870,2026-02-21,P019,4,excellent price to performance,True,2,United States
R01871,2026-01-10,P010,5,shipping was smooth,True,4,United States
R01872,2026-06-05,P020,5,has held up really well,True,1,United States
R01873,2025-10-02,P018,4,arrived early and well packaged,True,3,Australia
R01874,2025-12-01,P025,2,does what the listing says,True,0,United Kingdom
R01875,2026-04-27,P029,2,poor build quality and cheap materials,True,0,Germany
R01876,2025-09-11,P028,4,great value for the price,True,4,United Kingdom
R01877,2026-03-11,P012,2,delivery took far too long,True,0,United States
R01878,2025-10-23,P013,4,very durable in daily use,True,5,United States
R01879,2025-10-19,P009,1,quality is disappointing,True,5,United States
R01880,2026-02-15,P030,5,comfortable for long sessions,True,4,Canada
R01881,2026-06-23,P019,5,still works perfectly after months,True,0,United States
R01882,2025-12-15,P017,3,acceptable overall with room to improve,True,2,Canada
R01883,2025-09-21,P006,5,size and fit are exactly right,True,0,United States
R01884,2026-07-12,P007,5,easy to set up and use,True,1,United States
R01885,2026-06-08,P020,3,does not fit as described,True,3,United States
R01886,2026-04-19,P023,2,poor build quality and cheap materials,True,2,Germany
R01887,2026-01-17,P027,4,great value for the price,False,1,United States
R01888,2026-05-28,P020,1,durability is unacceptable,True,0,Canada
R01889,2026-02-04,P006,5,arrived early and well packaged,True,0,United Kingdom
R01890,2025-08-20,P016,5,comfortable for long sessions,True,5,Canada
R01891,2025-09-21,P007,4,arrived early and well packaged,True,1,United States
R01892,2026-07-19,P006,5,fast delivery with no damage,True,7,United States
R01893,2026-01-31,P014,1,arrived late with damaged packaging,True,4,United Kingdom
R01894,2026-03-27,P017,5,easy to set up and use,True,1,United States
R01895,2026-06-24,P013,5,excellent price to performance,True,0,United States
R01896,2026-02-18,P011,5,excellent build quality,True,0,United States
R01897,2026-04-18,P021,5,simple controls and clear instructions,True,2,United Kingdom
R01898,2025-12-02,P020,4,shipping was smooth,False,1,United States
R01899,2026-07-13,P029,5,has held up really well,True,3,United States
R01900,2025-11-28,P026,3,box arrived crushed,True,3,Canada
R01901,2025-11-30,P027,2,poor build quality and cheap materials,False,1,United States
R01902,2025-11-03,P012,3,acceptable overall with room to improve,True,0,United Kingdom
R01903,2026-04-27,P023,4,very durable in daily use,True,3,Australia
R01904,2025-09-18,P002,4,has held up really well,True,1,United Kingdom
R01905,2026-04-19,P023,4,worth every dollar,True,0,United Kingdom
R01906,2026-02-21,P022,5,fine,True,2,United States
R01907,2025-09-08,P024,4,worth every dollar,True,7,Germany
R01908,2026-01-10,P014,3,acceptable overall with room to improve,True,0,United States
R01909,2026-04-05,P026,4,easy to set up and use,True,0,United Kingdom
R01910,2026-03-21,P009,4,excellent build quality,True,13,United States
R01911,2026-01-29,P006,1,stopped working after a few weeks,True,3,Canada
R01912,2026-07-23,P012,3,acceptable overall with room to improve,True,10,United States
R01913,2026-03-08,P015,5,excellent build quality,True,2,United States
R01914,2025-10-02,P025,1,does not fit as described,True,17,United Kingdom
R01915,2025-11-20,P030,3,acceptable overall with room to improve,True,0,Canada
R01916,2026-05-20,P011,5,size and fit are exactly right,True,2,United States
R01917,2026-07-10,P016,4,worth every dollar,True,12,United Kingdom
R01918,2025-09-18,P006,1,broke much sooner than expected,True,1,Australia
R01919,2026-01-24,P012,3,average experience,True,3,United Kingdom
R01920,2026-03-17,P030,4,instructions are unclear,True,1,United States
R01921,2026-01-02,P025,4,simple controls and clear instructions,True,1,United Kingdom
R01922,2026-03-07,P017,5,excellent build quality,True,1,United States
R01923,2025-10-20,P018,2,not worth the price,True,1,United States
R01924,2026-03-26,P006,5,worth every dollar,True,7,United States
R01925,2025-12-24,P014,5,shipping was smooth,True,5,Germany
R01926,2025-10-29,P014,5,has held up really well,True,2,United States
R01927,2026-04-05,P006,5,excellent build quality,True,8,United States
R01928,2025-09-24,P014,5,comfortable for long sessions,True,3,United Kingdom
R01929,2026-07-01,P029,3,works as expected,True,6,United States
R01930,2025-10-27,P014,4,works intuitively,True,0,United States
R01931,2026-04-19,P011,5,great value for the price,True,5,United Kingdom
R01932,2025-12-10,P004,3,acceptable overall with room to improve,True,1,United Kingdom
R01933,2026-03-29,P003,5,still works perfectly after months,True,0,United States
R01934,2026-04-12,P008,4,still works perfectly after months,True,3,Germany
R01935,2026-07-30,P005,4,better quality than expected,True,0,United Kingdom
R01936,2025-09-05,P027,2,instructions are unclear,True,1,United States
R01937,2026-01-24,P030,4,shipping was smooth,True,4,Australia
R01938,2026-01-08,P002,4,has held up really well,True,6,United Kingdom
R01939,2026-01-25,P010,1,arrived late with damaged packaging,True,8,United States
R01940,2025-09-11,P002,2,stopped working after a few weeks,True,1,United States
R01941,2026-04-29,P006,4,arrived early and well packaged,True,7,United Kingdom
R01942,2026-01-06,P026,4,has held up really well,True,5,Australia
R01943,2026-07-09,P007,5,worth every dollar,True,2,Canada
R01944,2025-10-29,P022,3,works as expected,True,4,Canada
R01945,2025-12-07,P018,3,acceptable overall with room to improve,True,5,Germany
R01946,2026-03-20,P011,5,worth every dollar,True,1,Australia
R01947,2026-04-08,P021,2,uncomfortable and badly sized,True,0,United Kingdom
R01948,2026-06-17,P006,3,not worth the price,True,2,Australia
R01949,2026-07-10,P019,2,does not fit as described,True,0,Germany
R01950,2025-09-10,P015,5,easy to set up and use,True,7,Germany
R01951,2026-06-26,P005,5,arrived early and well packaged,True,8,United Kingdom
R01952,2026-02-24,P029,2,defective finish out of the box,True,4,Canada
R01953,2026-04-03,P002,3,does what the listing says,True,1,United States
R01954,2026-05-05,P013,3,average experience,True,1,United States
R01955,2026-06-11,P010,5,has held up really well,True,10,United States
R01956,2025-08-27,P022,3,arrived late with damaged packaging,True,13,United States
R01957,2025-12-28,P009,4,better quality than expected,True,4,Germany
R01958,2025-10-21,P018,2,broke much sooner than expected,True,6,United Kingdom
R01959,2025-11-02,P029,5,excellent price to performance,True,1,United States
R01960,2025-08-19,P007,4,simple controls and clear instructions,True,0,United States
R01961,2026-02-03,P007,1,instructions are unclear,True,5,Australia
R01962,2025-10-02,P030,3,works as expected,False,0,Canada
R01963,2025-08-24,P015,1,poor build quality and cheap materials,True,6,United States
R01964,2025-12-23,P015,4,easy to set up and use,True,1,United States
R01965,2025-11-27,P006,3,works as expected,True,2,United States
R01966,2026-06-08,P002,5,very durable in daily use,True,1,United Kingdom
R01967,2026-01-22,P010,5,still works perfectly after months,False,2,United States
R01968,2025-12-08,P018,5,ok,True,1,United Kingdom
R01969,2025-08-04,P012,3,average experience,True,4,Germany
R01970,2025-10-14,P016,5,fast delivery with no damage,True,5,United States
R01971,2026-03-13,P029,3,confusing setup and difficult controls,True,3,United States
R01972,2026-06-21,P012,1,confusing setup and difficult controls,True,8,Germany
R01973,2026-05-19,P016,2,worth every dollar,True,0,Canada
R01974,2026-06-21,P030,1,arrived late with damaged packaging,True,1,United States
R01975,2025-08-15,P015,5,better quality than expected,True,4,Germany
R01976,2025-08-14,P020,4,overpriced for what it offers,True,5,Australia
R01977,2025-11-17,P013,4,easy to set up and use,True,0,United Kingdom
R01978,2025-08-14,P010,4,arrived early and well packaged,True,4,Germany
R01979,2025-08-10,P017,2,confusing setup and difficult controls,False,3,United States
R01980,2026-05-08,P001,1,durability is unacceptable,True,0,United States
R01981,2025-08-16,P015,5,fits perfectly and feels comfortable,True,4,Canada
R01982,2025-10-24,P019,4,worth every dollar,True,1,Canada
R01983,2026-04-07,P021,5,better quality than expected,True,1,United States
R01984,2025-11-24,P006,5,feels premium and reliable,True,10,United Kingdom
R01985,2025-12-23,P014,5,arrived early and well packaged,True,6,Germany
R01986,2026-07-06,P021,5,comfortable for long sessions,True,0,United Kingdom
R01987,2026-01-16,P007,4,shipping was smooth,True,3,United States
R01988,2025-11-10,P021,5,arrived early and well packaged,True,5,United States
R01989,2026-04-30,P001,1,frustrating to use,True,4,Germany
R01990,2026-07-03,P005,3,does what the listing says,True,4,United States
R01991,2026-05-23,P030,2,instructions are unclear,True,2,United States
R01992,2026-02-26,P010,4,still works perfectly after months,True,3,Germany
R01993,2025-11-13,P021,1,poor value compared with alternatives,False,2,United States
R01994,2026-04-27,P020,4,works intuitively,True,3,United States
R01995,2025-09-09,P004,5,fast delivery with no damage,True,2,United Kingdom
R01996,2026-02-01,P014,5,works intuitively,True,14,United States
R01997,2026-02-10,P006,5,fits perfectly and feels comfortable,True,2,Germany
R01998,2026-02-13,P027,4,excellent price to performance,True,0,Australia
R01999,2026-04-22,P004,5,shipping was smooth,True,2,United Kingdom
R02000,2026-03-07,P003,3,acceptable overall with room to improve,False,6,United States
R02001,2026-07-21,P015,3,works as expected,False,3,United States
R02002,2026-03-13,P011,5,excellent build quality,True,1,United States
R02003,2025-12-21,P006,5,very durable in daily use,True,5,United States
R02004,2026-05-13,P006,4,comfortable for long sessions,True,6,United States
R02005,2026-07-22,P022,3,does what the listing says,True,6,United States
R02006,2025-11-13,P004,5,simple controls and clear instructions,True,2,Canada
R02007,2026-02-03,P018,3,average experience,True,5,United States
R02008,2025-09-29,P003,2,size and fit are exactly right,True,6,Germany
R02009,2026-04-06,P029,2,acceptable overall with room to improve,True,3,United States
R02010,2025-10-16,P002,3,durability is unacceptable,True,4,Germany
R02011,2025-10-15,P028,3,acceptable overall with room to improve,True,2,United States
R02012,2025-11-10,P022,3,average experience,True,0,United Kingdom
R02013,2026-03-02,P008,5,excellent price to performance,True,5,United States
R02014,2025-11-04,P011,4,fits perfectly and feels comfortable,True,2,United Kingdom
R02015,2026-03-13,P014,4,comfortable for long sessions,True,2,Germany
R02016,2026-07-23,P005,5,simple controls and clear instructions,True,0,United States
R02017,2026-05-23,P012,4,still works perfectly after months,True,0,United Kingdom
R02018,2025-11-02,P021,4,worth every dollar,True,2,United States
R02019,2025-11-02,P025,5,shipping was smooth,True,5,United States
R02020,2026-06-05,P011,3,acceptable overall with room to improve,True,4,United States
R02021,2025-12-12,P026,3,acceptable overall with room to improve,True,3,United Kingdom
R02022,2026-06-23,P013,5,fast delivery with no damage,True,2,United States
R02023,2025-10-28,P024,4,feels premium and reliable,True,0,United States
R02024,2025-12-09,P013,4,product received,True,3,United States
R02025,2026-07-30,P008,4,size and fit are exactly right,True,5,Canada
R02026,2025-12-07,P018,4,easy to set up and use,True,0,Australia
R02027,2026-01-04,P002,5,arrived early and well packaged,True,9,Australia
R02028,2026-06-27,P026,5,arrived early and well packaged,True,2,United States
R02029,2026-04-10,P024,4,comfortable for long sessions,True,6,Germany
R02030,2026-06-14,P022,4,shipping was smooth,True,0,Australia
R02031,2026-04-04,P008,1,fit is too tight,True,0,United Kingdom
R02032,2025-10-18,P027,5,excellent price to performance,True,0,United Kingdom
R02033,2025-12-13,P023,2,easy to set up and use,True,6,United States
R02034,2025-08-03,P014,1,poor value compared with alternatives,True,7,United States
R02035,2026-01-18,P005,3,durability is unacceptable,False,0,United Kingdom
R02036,2026-05-10,P010,5,comfortable for long sessions,True,3,United States
R02037,2026-04-30,P007,5,easy to set up and use,True,8,United Kingdom
R02038,2025-12-15,P017,2,worth every dollar,True,0,United States
R02039,2025-11-19,P006,4,worth every dollar,True,3,Australia
R02040,2026-03-17,P004,2,excellent build quality,True,3,United States
R02041,2025-11-28,P020,3,acceptable overall with room to improve,True,3,Canada
R02042,2026-02-12,P027,5,still works perfectly after months,True,3,Australia
R02043,2025-12-14,P026,5,excellent price to performance,True,4,United States
R02044,2025-10-23,P017,5,simple controls and clear instructions,True,3,United States
R02045,2026-03-18,P025,3,acceptable overall with room to improve,True,6,United States
R02046,2025-08-28,P017,5,works intuitively,True,7,United States
R02047,2025-10-10,P024,2,poor value compared with alternatives,True,2,Canada
R02048,2026-03-09,P004,5,easy to set up and use,True,4,United States
R02049,2025-09-17,P014,4,excellent build quality,True,3,United States
R02050,2026-02-26,P015,4,excellent build quality,True,2,Germany
R02051,2025-08-18,P030,4,excellent build quality,True,2,Canada
R02052,2026-04-22,P017,1,defective finish out of the box,True,3,United States
R02053,2026-04-25,P023,2,poor value compared with alternatives,True,14,United States
R02054,2026-03-23,P017,2,confusing setup and difficult controls,True,2,Canada
R02055,2026-04-12,P030,3,frustrating to use,True,2,United Kingdom
R02056,2025-11-29,P029,5,size and fit are exactly right,True,3,United Kingdom
R02057,2026-03-11,P003,4,fits perfectly and feels comfortable,True,3,United States
R02058,2025-12-19,P015,4,simple controls and clear instructions,True,1,United Kingdom
R02059,2026-07-12,P007,3,confusing setup and difficult controls,True,8,Australia
R02060,2025-09-24,P014,5,shipping was smooth,True,1,United Kingdom
R02061,2026-04-09,P012,5,size and fit are exactly right,True,6,United States
R02062,2026-02-19,P022,3,arrived late with damaged packaging,True,0,Germany
R02063,2025-11-16,P028,5,great value for the price,True,4,United States
R02064,2026-05-04,P010,5,has held up really well,True,3,United States
R02065,2026-05-25,P005,5,easy to set up and use,True,0,United Kingdom
R02066,2025-12-18,P008,3,fit is too tight,True,4,Canada
R02067,2025-09-14,P030,5,very durable in daily use,True,2,Canada
R02068,2025-08-25,P002,4,comfortable for long sessions,True,3,United States
R02069,2026-04-10,P013,5,has held up really well,True,2,United States
R02070,2026-05-28,P002,1,durability is unacceptable,True,1,United States
R02071,2025-12-20,P028,4,excellent price to performance,True,1,Australia
R02072,2026-07-18,P024,2,arrived late with damaged packaging,True,2,Canada
R02073,2026-04-14,P018,4,great value for the price,True,4,United States
R02074,2026-06-22,P011,2,very durable in daily use,True,7,United States
R02075,2026-05-20,P029,2,not worth the price,True,0,Germany
R02076,2026-04-14,P014,5,has held up really well,True,0,United States
R02077,2025-11-07,P002,2,defective finish out of the box,True,7,United States
R02078,2026-04-16,P012,5,great value for the price,True,12,United States
R02079,2026-07-23,P009,3,acceptable overall with room to improve,True,4,United States
R02080,2026-06-18,P005,4,easy to set up and use,True,3,United States
R02081,2025-09-23,P001,1,not worth the price,True,5,United States
R02082,2026-07-04,P008,5,arrived early and well packaged,True,0,United States
R02083,2026-06-09,P003,4,feels premium and reliable,False,5,Germany
R02084,2025-09-22,P014,5,better quality than expected,False,0,United Kingdom
R02085,2025-09-23,P016,4,arrived early and well packaged,False,5,United States
R02086,2025-12-02,P011,5,fits perfectly and feels comfortable,True,1,United States
R02087,2025-08-09,P014,5,worth every dollar,True,1,Germany
R02088,2025-08-01,P012,5,very durable in daily use,True,0,Canada
R02089,2026-07-09,P013,3,works as expected,True,1,United States
R02090,2026-06-23,P027,1,confusing setup and difficult controls,True,0,Canada
R02091,2025-12-28,P007,5,has held up really well,True,3,United States
R02092,2026-04-22,P020,5,fits perfectly and feels comfortable,True,3,United States
R02093,2025-11-15,P028,4,worth every dollar,True,2,Australia
R02094,2026-06-30,P020,3,acceptable overall with room to improve,True,1,Australia
R02095,2025-09-05,P020,5,comfortable for long sessions,False,0,United Kingdom
R02096,2025-10-09,P024,4,comfortable for long sessions,True,1,United Kingdom
R02097,2026-07-03,P016,3,average experience,True,4,United States
R02098,2026-07-12,P028,3,overpriced for what it offers,True,3,United States
R02099,2026-01-03,P015,2,does not fit as described,True,7,Germany
R02100,2026-05-13,P015,4,very durable in daily use,True,1,United States
R02101,2026-01-21,P021,5,great value for the price,True,6,United Kingdom
R02102,2025-10-15,P005,3,average experience,True,0,United States
R02103,2026-03-28,P002,2,fit is too tight,True,0,United States
R02104,2025-10-25,P025,4,size and fit are exactly right,True,4,Australia
R02105,2026-02-01,P030,5,shipping was smooth,True,2,United States
R02106,2025-10-31,P022,4,arrived early and well packaged,False,3,United Kingdom
R02107,2025-10-06,P009,5,excellent build quality,True,0,United Kingdom
R02108,2026-04-17,P023,3,average experience,True,2,United States
R02109,2026-04-27,P008,5,very durable in daily use,True,1,United States
R02110,2026-01-18,P007,4,simple controls and clear instructions,True,0,Canada
R02111,2026-03-12,P004,4,has held up really well,True,1,United Kingdom
R02112,2026-07-04,P025,1,does not fit as described,True,5,United States
R02113,2026-04-27,P021,5,simple controls and clear instructions,True,7,United Kingdom
R02114,2026-06-09,P030,4,very durable in daily use,True,0,United States
R02115,2026-03-23,P021,4,easy to set up and use,True,1,Canada
R02116,2025-12-16,P015,4,shipping was smooth,True,2,United States
R02117,2026-06-06,P015,2,arrived late with damaged packaging,True,0,Germany
R02118,2026-02-24,P005,4,better quality than expected,True,1,United Kingdom
R02119,2025-08-22,P003,5,works intuitively,True,0,Australia
R02120,2025-10-15,P007,2,uncomfortable and badly sized,True,2,United States
R02121,2025-10-10,P009,4,excellent build quality,True,4,Canada
R02122,2025-11-09,P022,1,box arrived crushed,True,2,United States
R02123,2026-06-05,P015,5,size and fit are exactly right,True,0,United States
R02124,2025-11-26,P004,5,arrived early and well packaged,True,2,United Kingdom
R02125,2025-11-06,P029,4,not worth the price,True,5,United Kingdom
R02126,2026-06-21,P016,5,arrived early and well packaged,True,1,United States
R02127,2026-05-05,P006,5,easy to set up and use,True,0,United States
R02128,2025-09-18,P009,5,better quality than expected,True,1,United States
R02129,2026-06-26,P001,5,excellent price to performance,True,1,Canada
R02130,2025-10-19,P012,4,works intuitively,True,4,United Kingdom
R02131,2025-12-02,P027,5,still works perfectly after months,True,3,United States
R02132,2025-10-14,P018,5,fits perfectly and feels comfortable,True,4,United States
R02133,2026-07-13,P029,4,great value for the price,True,0,United Kingdom
R02134,2026-07-30,P014,5,arrived early and well packaged,True,1,United States
R02135,2026-05-19,P023,4,better quality than expected,True,1,United Kingdom
R02136,2026-06-29,P026,2,poor value compared with alternatives,True,1,United Kingdom
R02137,2026-05-05,P028,1,arrived late with damaged packaging,True,1,United Kingdom
R02138,2025-12-12,P020,5,still works perfectly after months,True,0,United States
R02139,2026-01-01,P027,3,acceptable overall with room to improve,True,2,United States
R02140,2026-07-28,P030,2,poor build quality and cheap materials,True,1,Germany
R02141,2026-02-21,P017,4,worth every dollar,True,4,United States
R02142,2026-02-06,P009,1,quality is disappointing,True,9,Germany
R02143,2026-02-23,P004,4,fast delivery with no damage,True,3,Canada
R02144,2025-11-20,P009,5,easy to set up and use,True,1,United States
R02145,2026-07-29,P027,5,easy to set up and use,True,4,United States
R02146,2025-10-20,P018,5,comfortable for long sessions,True,1,United States
R02147,2025-10-14,P017,2,confusing setup and difficult controls,True,4,United Kingdom
R02148,2026-03-29,P030,4,arrived early and well packaged,True,1,United States
R02149,2026-04-08,P001,3,acceptable overall with room to improve,True,1,United States
R02150,2025-09-30,P002,1,stopped working after a few weeks,True,2,Canada
R02151,2025-11-05,P025,2,stopped working after a few weeks,True,4,Germany
R02152,2025-08-04,P027,4,shipping was smooth,True,0,United States
R02153,2026-03-03,P022,1,box arrived crushed,True,1,United States
R02154,2025-10-26,P003,4,excellent price to performance,True,2,Germany
R02155,2026-05-01,P024,5,fits perfectly and feels comfortable,True,1,Germany
R02156,2026-04-21,P030,5,arrived early and well packaged,False,1,United States
R02157,2025-09-16,P013,5,great value for the price,True,0,United States
R02158,2026-07-04,P016,4,worth every dollar,True,2,Australia
R02159,2026-07-13,P012,4,better quality than expected,True,2,Germany
R02160,2025-10-25,P027,3,does what the listing says,True,7,United States
R02161,2026-07-02,P008,3,acceptable overall with room to improve,True,1,Australia
R02162,2025-10-02,P004,5,simple controls and clear instructions,True,6,United States
R02163,2026-02-05,P010,5,shipping was smooth,True,1,United Kingdom
R02164,2026-02-06,P025,5,easy to set up and use,True,1,Australia
R02165,2025-09-19,P005,4,better quality than expected,False,3,United States
R02166,2025-08-04,P019,4,has held up really well,True,4,United States
R02167,2025-10-20,P010,5,comfortable for long sessions,True,1,United Kingdom
R02168,2025-12-05,P013,1,poor build quality and cheap materials,True,0,Canada
R02169,2025-09-26,P015,5,fits perfectly and feels comfortable,True,3,United Kingdom
R02170,2025-08-10,P026,5,fits perfectly and feels comfortable,False,2,United States
R02171,2026-06-27,P022,2,average experience,True,1,Canada
R02172,2026-04-25,P002,5,excellent build quality,True,1,Canada
R02173,2026-03-09,P008,3,confusing setup and difficult controls,True,0,United States
R02174,2025-08-02,P006,2,works intuitively,True,1,United States
R02175,2026-06-19,P018,2,confusing setup and difficult controls,True,3,Australia
R02176,2025-12-22,P015,3,does what the listing says,True,4,Germany
R02177,2026-02-04,P013,5,size and fit are exactly right,True,6,United Kingdom
R02178,2025-08-28,P029,3,confusing setup and difficult controls,True,0,United States
R02179,2026-06-02,P022,1,poor build quality and cheap materials,True,2,Germany
R02180,2025-11-23,P011,5,excellent build quality,True,1,Canada
R02181,2026-04-18,P030,5,arrived early and well packaged,True,2,Canada
R02182,2026-03-25,P009,2,defective finish out of the box,True,1,Australia
R02183,2026-03-16,P002,2,stopped working after a few weeks,True,7,United Kingdom
R02184,2026-02-04,P009,5,works intuitively,True,3,Canada
R02185,2026-04-08,P024,4,still works perfectly after months,True,2,United States
R02186,2025-11-24,P009,3,acceptable overall with room to improve,True,2,United States
R02187,2025-10-03,P017,1,arrived late with damaged packaging,True,3,United States
R02188,2025-08-23,P013,4,comfortable for long sessions,True,8,Canada
R02189,2025-09-01,P004,3,average experience,True,0,United Kingdom
R02190,2026-04-30,P011,3,poor build quality and cheap materials,True,0,United States
R02191,2025-10-05,P012,1,box arrived crushed,True,0,United States
R02192,2026-03-27,P017,2,broke much sooner than expected,True,1,Germany
R02193,2025-11-03,P016,1,fit is too tight,True,3,United Kingdom
R02194,2026-06-15,P011,5,excellent build quality,True,3,Canada
R02195,2025-08-22,P028,3,does what the listing says,True,8,United States
R02196,2026-02-21,P008,4,fast delivery with no damage,True,3,United States
R02197,2025-11-16,P010,4,very durable in daily use,True,3,Australia
R02198,2025-11-04,P027,2,defective finish out of the box,True,4,United States
R02199,2026-06-09,P004,4,better quality than expected,True,4,United Kingdom
R02200,2025-11-29,P011,5,arrived early and well packaged,True,1,United States
R02201,2025-11-25,P018,5,arrived early and well packaged,True,2,United States
R02202,2025-08-07,P014,3,works as expected,True,5,Germany
R02203,2025-09-02,P006,1,overpriced for what it offers,True,0,United States
R02204,2026-03-26,P024,5,better quality than expected,True,7,Germany
R02205,2025-12-13,P009,5,has held up really well,True,3,United States
R02206,2025-10-29,P007,5,easy to set up and use,True,0,United States
R02207,2026-07-05,P015,5,works intuitively,True,0,Canada
R02208,2026-06-15,P007,5,excellent price to performance,True,3,United States
R02209,2026-05-07,P026,1,box arrived crushed,True,2,United Kingdom
R02210,2026-03-21,P007,5,great value for the price,True,1,Canada
R02211,2025-12-03,P015,2,fit is too tight,True,2,United States
R02212,2025-08-15,P007,2,defective finish out of the box,True,0,Germany
R02213,2026-07-02,P016,4,has held up really well,True,6,Australia
R02214,2025-11-12,P028,5,worth every dollar,True,6,United States
R02215,2026-07-30,P006,3,average experience,True,0,United Kingdom
R02216,2026-04-03,P028,4,excellent price to performance,True,3,United Kingdom
R02217,2025-11-23,P010,5,excellent price to performance,True,3,Australia
R02218,2025-09-07,P005,5,size and fit are exactly right,True,1,United States
R02219,2026-02-22,P017,3,instructions are unclear,True,5,United Kingdom
R02220,2026-02-20,P004,4,excellent price to performance,True,0,United States
R02221,2025-12-08,P023,2,confusing setup and difficult controls,True,7,United States
R02222,2026-05-29,P023,5,still works perfectly after months,True,10,United Kingdom
R02223,2026-04-01,P024,5,fast delivery with no damage,True,0,United States
R02224,2026-04-03,P026,4,still works perfectly after months,True,1,United Kingdom
R02225,2025-12-14,P016,4,still works perfectly after months,False,5,United Kingdom
R02226,2026-07-10,P007,1,confusing setup and difficult controls,True,3,United Kingdom
R02227,2025-12-12,P003,5,feels premium and reliable,True,13,United States
R02228,2025-08-21,P019,4,has held up really well,True,3,United Kingdom
R02229,2026-07-01,P004,4,great value for the price,True,3,United States
R02230,2025-10-09,P004,3,average experience,True,2,Canada
R02231,2026-05-06,P030,5,excellent build quality,True,6,United States
R02232,2025-09-14,P018,4,great value for the price,False,6,United States
R02233,2026-07-14,P023,3,average experience,True,4,United States
R02234,2025-12-14,P012,4,has held up really well,True,8,United States
R02235,2025-08-30,P027,2,durability is unacceptable,True,7,United Kingdom
R02236,2026-07-14,P014,5,worth every dollar,True,2,Australia
R02237,2026-07-14,P003,5,comfortable for long sessions,False,3,United States
R02238,2025-12-06,P006,5,better quality than expected,True,0,Germany
R02239,2026-06-07,P005,4,excellent price to performance,True,0,United States
R02240,2025-12-23,P029,5,worth every dollar,True,1,United States
R02241,2025-11-26,P020,2,fit is too tight,True,0,United States
R02242,2026-01-20,P008,4,simple controls and clear instructions,False,1,Germany
R02243,2026-05-01,P017,3,frustrating to use,True,7,Canada
R02244,2025-10-23,P008,5,arrived early and well packaged,True,2,Canada
R02245,2026-06-29,P007,4,great value for the price,True,2,Canada
R02246,2025-11-14,P019,4,quality is disappointing,True,3,United States
R02247,2026-02-02,P025,4,size and fit are exactly right,True,1,Canada
R02248,2025-12-19,P022,5,great value for the price,True,2,United States
R02249,2025-09-24,P007,5,shipping was smooth,True,2,Germany
R02250,2026-06-20,P024,4,has held up really well,True,2,Canada
R02251,2026-07-15,P030,3,average experience,True,5,United States
R02252,2026-03-06,P003,5,excellent price to performance,True,3,United States
R02253,2025-11-15,P021,5,works intuitively,True,2,United States
R02254,2026-03-10,P016,1,fit is too tight,True,6,United Kingdom
R02255,2025-10-06,P019,5,comfortable for long sessions,True,3,United States
R02256,2026-04-18,P025,2,not worth the price,False,2,Canada
R02257,2026-06-03,P015,2,box arrived crushed,True,0,United States
R02258,2026-02-12,P019,5,comfortable for long sessions,True,1,United States
R02259,2025-12-10,P014,5,feels premium and reliable,True,1,United States
R02260,2026-03-11,P013,5,very durable in daily use,True,0,Canada
R02261,2025-12-01,P004,5,great value for the price,True,1,United Kingdom
R02262,2026-07-07,P029,2,not worth the price,True,1,Australia
R02263,2025-11-12,P021,1,arrived late with damaged packaging,True,1,United States
R02264,2025-11-25,P001,5,fine,True,2,United Kingdom
R02265,2026-06-02,P029,4,feels premium and reliable,False,4,Germany
R02266,2025-11-09,P014,5,excellent price to performance,True,3,United Kingdom
R02267,2026-01-29,P010,5,comfortable for long sessions,True,1,United States
R02268,2025-10-07,P030,2,not worth the price,True,1,United States
R02269,2025-11-02,P027,4,arrived early and well packaged,False,5,United States
R02270,2026-04-24,P012,5,comfortable for long sessions,True,0,Germany
R02271,2026-02-23,P017,3,works as expected,True,11,Canada
R02272,2025-10-20,P007,4,shipping was smooth,True,0,United States
R02273,2026-07-13,P001,2,defective finish out of the box,True,5,United States
R02274,2025-08-02,P025,3,does what the listing says,True,1,United Kingdom
R02275,2026-07-13,P017,4,simple controls and clear instructions,True,7,United States
R02276,2026-03-13,P009,2,defective finish out of the box,True,2,United States
R02277,2026-07-16,P019,5,has held up really well,True,4,Australia
R02278,2026-06-01,P019,4,better quality than expected,False,1,Australia
R02279,2026-03-12,P028,5,excellent price to performance,True,2,Germany
R02280,2025-12-07,P007,4,product received,True,4,United States
R02281,2026-02-17,P021,5,size and fit are exactly right,True,0,Canada
R02282,2026-07-21,P007,3,box arrived crushed,True,5,United Kingdom
R02283,2025-12-18,P005,4,fits perfectly and feels comfortable,True,0,United States
R02284,2025-08-31,P028,5,excellent price to performance,True,0,United Kingdom
R02285,2025-08-05,P007,4,fast delivery with no damage,True,5,United States
R02286,2025-10-08,P021,5,still works perfectly after months,True,6,United States
R02287,2026-04-07,P004,5,shipping was smooth,True,0,United Kingdom
R02288,2026-02-08,P020,5,fits perfectly and feels comfortable,False,1,United States
R02289,2026-05-26,P006,4,worth every dollar,True,0,United States
R02290,2026-04-14,P030,5,shipping was smooth,True,1,United States
R02291,2026-05-23,P017,2,stopped working after a few weeks,True,0,United Kingdom
R02292,2025-09-07,P014,4,has held up really well,True,1,Canada
R02293,2026-01-19,P026,4,has held up really well,True,4,United Kingdom
R02294,2026-07-27,P017,2,not worth the price,True,1,Australia
R02295,2026-05-28,P022,5,,True,1,United States
R02296,2026-04-12,P014,2,durability is unacceptable,True,4,United States
R02297,2025-12-25,P017,5,easy to set up and use,True,1,United States
R02298,2026-02-23,P007,5,worth every dollar,True,3,Germany
R02299,2026-02-07,P027,3,does what the listing says,True,4,United States
R02300,2025-12-05,P018,5,feels premium and reliable,True,1,United States
R02301,2026-03-21,P024,4,shipping was smooth,True,2,Canada
R02302,2025-11-06,P022,1,delivery took far too long,True,1,Australia
R02303,2026-04-03,P028,5,worth every dollar,True,3,United States
R02304,2026-02-23,P001,5,simple controls and clear instructions,True,2,United States
R02305,2026-01-30,P007,3,works as expected,True,1,United States
R02306,2026-03-27,P008,3,works as expected,True,0,Canada
R02307,2026-05-19,P026,4,easy to set up and use,True,1,United States
R02308,2026-05-12,P007,5,excellent price to performance,True,4,Germany
R02309,2026-02-24,P006,5,better quality than expected,False,8,United States
R02310,2025-08-24,P022,5,great value for the price,True,4,United States
R02311,2026-01-27,P005,4,great value for the price,True,3,United States
R02312,2025-12-03,P030,1,uncomfortable and badly sized,True,0,United States
R02313,2025-10-29,P028,5,excellent price to performance,True,1,United States
R02314,2026-03-28,P030,5,simple controls and clear instructions,False,3,Canada
R02315,2026-07-22,P006,4,shipping was smooth,True,2,United Kingdom
R02316,2026-03-25,P026,3,does what the listing says,True,5,United States
R02317,2026-01-14,P003,2,uncomfortable and badly sized,True,1,United States
R02318,2026-04-28,P030,4,product received,True,0,United States
R02319,2025-08-20,P003,4,great value for the price,True,1,Canada
R02320,2025-12-22,P019,2,overpriced for what it offers,True,6,United States
R02321,2025-10-27,P017,5,simple controls and clear instructions,True,1,Canada
R02322,2025-12-02,P001,2,box arrived crushed,True,1,Germany
R02323,2026-02-24,P019,5,worth every dollar,True,1,United Kingdom
R02324,2025-10-17,P013,2,shipping was smooth,True,9,Australia
R02325,2026-07-05,P019,4,excellent price to performance,True,2,United States
R02326,2026-01-20,P026,5,shipping was smooth,True,1,United States
R02327,2025-12-30,P015,5,worth every dollar,True,1,Canada
R02328,2025-08-27,P024,5,excellent build quality,True,2,Germany
R02329,2026-02-03,P025,5,shipping was smooth,True,3,United States
R02330,2026-02-09,P016,5,excellent price to performance,True,1,Canada
R02331,2025-12-21,P026,4,shipping was smooth,True,0,United Kingdom
R02332,2026-07-20,P012,2,ok,True,1,United Kingdom
R02333,2025-09-09,P003,5,better quality than expected,True,8,United States
R02334,2026-01-24,P012,4,excellent build quality,True,0,United States
R02335,2026-02-02,P015,3,box arrived crushed,True,2,United States
R02336,2026-02-22,P028,3,overpriced for what it offers,True,4,Australia
R02337,2025-09-05,P020,3,acceptable overall with room to improve,True,6,Germany
R02338,2026-04-13,P011,5,size and fit are exactly right,True,11,United States
R02339,2025-10-30,P021,1,uncomfortable and badly sized,False,11,Germany
R02340,2026-05-05,P007,5,easy to set up and use,True,0,United States
R02341,2025-11-10,P003,4,size and fit are exactly right,True,3,United Kingdom
R02342,2025-10-19,P023,4,comfortable for long sessions,True,4,United States
R02343,2026-06-17,P002,3,acceptable overall with room to improve,True,1,Canada
R02344,2026-02-25,P017,4,works intuitively,True,1,United Kingdom
R02345,2026-04-18,P019,4,works intuitively,True,1,Germany
R02346,2026-06-09,P011,5,has held up really well,True,1,Germany
R02347,2026-01-08,P004,3,acceptable overall with room to improve,True,5,United States
R02348,2025-11-18,P030,1,durability is unacceptable,True,8,United States
R02349,2025-09-28,P004,5,product received,True,6,United Kingdom
R02350,2025-08-17,P006,5,worth every dollar,True,1,Australia
R02351,2026-07-17,P026,5,fast delivery with no damage,True,1,Canada
R02352,2025-12-22,P016,4,great value for the price,True,0,United States
R02353,2025-09-22,P026,5,great value for the price,True,6,United States
R02354,2026-02-10,P005,3,works as expected,True,1,United Kingdom
R02355,2025-09-16,P006,3,instructions are unclear,True,4,United States
R02356,2026-01-02,P013,2,box arrived crushed,True,1,United States
R02357,2025-12-19,P005,5,fast delivery with no damage,False,3,United Kingdom
R02358,2025-09-23,P020,3,works as expected,True,13,United States
R02359,2025-10-09,P015,4,very durable in daily use,True,6,United States
R02360,2026-02-15,P027,2,defective finish out of the box,False,3,Germany
R02361,2026-05-04,P020,5,shipping was smooth,True,1,United States
R02362,2025-12-24,P019,5,worth every dollar,True,4,United Kingdom
R02363,2025-10-30,P004,5,fast delivery with no damage,True,1,United States
R02364,2026-05-19,P005,1,confusing setup and difficult controls,False,0,United States
R02365,2026-02-28,P023,4,durability is unacceptable,False,0,Canada
R02366,2026-03-22,P018,5,easy to set up and use,True,2,Germany
R02367,2026-03-02,P007,5,easy to set up and use,True,2,United Kingdom
R02368,2026-05-24,P009,1,defective finish out of the box,True,4,United States
R02369,2026-02-03,P023,4,worth every dollar,True,0,United States
R02370,2026-02-09,P015,5,fits perfectly and feels comfortable,False,0,United States
R02371,2026-06-07,P029,3,acceptable overall with room to improve,True,0,United States
R02372,2025-12-24,P015,3,works as expected,True,0,United States
R02373,2026-02-25,P030,5,excellent price to performance,True,7,United States
R02374,2025-09-27,P010,3,average experience,True,2,United Kingdom
R02375,2026-02-22,P026,1,durability is unacceptable,True,0,United States
R02376,2026-05-22,P003,5,excellent build quality,True,9,United Kingdom
R02377,2026-06-14,P011,5,works intuitively,True,1,Canada
R02378,2025-10-02,P005,4,very durable in daily use,False,2,United Kingdom
R02379,2025-12-12,P023,4,has held up really well,True,1,Germany
R02380,2025-10-27,P025,5,feels premium and reliable,True,2,Canada
R02381,2026-05-05,P021,5,has held up really well,True,4,United Kingdom
R02382,2026-01-04,P019,3,acceptable overall with room to improve,True,1,United Kingdom
R02383,2025-12-12,P028,2,works as expected,True,3,United States
R02384,2026-07-11,P028,5,better quality than expected,True,1,United States
R02385,2025-11-17,P003,4,has held up really well,False,0,United Kingdom
R02386,2026-05-08,P030,4,fast delivery with no damage,True,4,Germany
R02387,2025-11-06,P029,5,better quality than expected,True,4,United States
R02388,2025-10-21,P030,4,comfortable for long sessions,True,8,United States
R02389,2025-10-13,P022,5,arrived early and well packaged,True,3,United States
R02390,2026-01-23,P006,4,fits perfectly and feels comfortable,True,3,United States
R02391,2026-01-31,P003,1,arrived late with damaged packaging,True,2,United States
R02392,2025-11-26,P028,1,poor value compared with alternatives,True,0,United States
R02393,2026-06-08,P029,5,arrived early and well packaged,True,3,Canada
R02394,2025-11-26,P019,5,worth every dollar,True,0,Germany
R02395,2026-03-07,P004,5,still works perfectly after months,True,4,United States
R02396,2026-06-05,P004,5,simple controls and clear instructions,True,1,United States
R02397,2026-05-15,P011,1,broke much sooner than expected,True,5,United Kingdom
R02398,2025-11-05,P030,5,easy to set up and use,True,1,United Kingdom
R02399,2026-06-01,P028,3,average experience,True,2,Germany
R02400,2025-08-14,P029,4,has held up really well,False,2,United States
R02401,2025-10-08,P020,2,delivery took far too long,True,2,United States
R02402,2026-04-20,P012,5,better quality than expected,True,0,United States
R02403,2026-03-04,P008,4,size and fit are exactly right,True,2,Australia
R02404,2026-04-02,P017,1,instructions are unclear,True,1,United Kingdom
R02405,2025-11-19,P015,3,works as expected,True,3,United Kingdom
R02406,2025-11-07,P022,5,arrived early and well packaged,True,4,United Kingdom
R02407,2026-05-10,P024,4,better quality than expected,True,0,United States
R02408,2025-10-05,P026,3,does what the listing says,True,3,Canada
R02409,2026-04-25,P001,4,better quality than expected,True,0,United States
R02410,2026-02-09,P010,5,very durable in daily use,True,0,United Kingdom
R02411,2026-06-07,P015,2,works as expected,True,1,Canada
R02412,2025-12-24,P007,4,size and fit are exactly right,True,3,United States
R02413,2026-03-02,P022,2,delivery took far too long,True,0,United Kingdom
R02414,2026-06-27,P027,3,does what the listing says,True,2,United Kingdom
R02415,2026-07-22,P003,1,not worth the price,True,1,United States
R02416,2026-04-13,P015,5,arrived early and well packaged,True,1,Canada
R02417,2025-11-28,P021,5,fits perfectly and feels comfortable,True,2,United States
R02418,2026-06-23,P030,5,great value for the price,True,2,United States
R02419,2026-06-25,P029,5,better quality than expected,True,7,United States
R02420,2026-03-02,P007,4,feels premium and reliable,True,0,United Kingdom
R02421,2026-05-26,P016,3,ok,True,0,United States
R02422,2025-09-02,P026,5,fits perfectly and feels comfortable,True,1,United States
R02423,2025-12-01,P012,5,simple controls and clear instructions,True,1,United States
R02424,2026-04-01,P017,3,works as expected,True,1,United States
R02425,2025-12-24,P025,1,uncomfortable and badly sized,True,2,United States
R02426,2026-04-07,P015,5,easy to set up and use,True,0,Australia
R02427,2026-01-20,P028,5,great value for the price,True,1,Germany
R02428,2026-06-19,P012,5,size and fit are exactly right,True,1,United States
R02429,2026-01-31,P030,4,very durable in daily use,True,2,Australia
R02430,2026-02-24,P004,4,shipping was smooth,True,17,United Kingdom
R02431,2026-01-31,P008,4,fine,True,0,United States
R02432,2026-01-31,P021,5,better quality than expected,False,15,United States
R02433,2026-01-29,P026,4,better quality than expected,True,1,United States
R02434,2026-03-12,P027,5,works intuitively,True,0,United States
R02435,2025-11-01,P012,5,arrived early and well packaged,True,2,United Kingdom
R02436,2025-11-10,P010,5,arrived early and well packaged,True,0,Germany
R02437,2025-09-20,P016,3,acceptable overall with room to improve,True,2,United States
R02438,2026-01-04,P005,5,fast delivery with no damage,True,0,Australia
R02439,2026-07-23,P007,5,worth every dollar,True,2,United States
R02440,2026-06-09,P026,3,,True,1,United Kingdom
R02441,2026-04-15,P002,4,has held up really well,True,2,United States
R02442,2025-10-23,P019,1,broke much sooner than expected,True,0,United States
R02443,2025-08-21,P026,1,arrived late with damaged packaging,True,0,Canada
R02444,2026-03-14,P028,4,great value for the price,True,3,United States
R02445,2026-05-21,P005,5,great value for the price,True,0,Australia
R02446,2026-01-01,P010,3,works as expected,True,8,United Kingdom
R02447,2025-11-13,P029,3,average experience,True,0,United States
R02448,2025-12-27,P011,4,excellent price to performance,True,4,Germany
R02449,2026-02-17,P016,5,has held up really well,True,3,Australia
R02450,2025-12-17,P018,3,works as expected,True,2,Canada
R02451,2026-02-22,P019,5,excellent build quality,True,0,Germany
R02452,2026-04-07,P001,5,arrived early and well packaged,True,7,United States
R02453,2026-07-13,P010,5,arrived early and well packaged,True,2,United States
R02454,2026-02-02,P008,5,fast delivery with no damage,True,4,United States
R02455,2025-12-11,P003,5,has held up really well,False,1,United Kingdom
R02456,2026-05-21,P012,5,arrived early and well packaged,True,2,United States
R02457,2025-11-28,P013,2,product received,True,1,United States
R02458,2026-07-03,P020,3,works as expected,True,1,United States
R02459,2025-09-28,P003,3,overpriced for what it offers,True,3,United States
R02460,2025-10-16,P001,3,stopped working after a few weeks,True,1,United States
R02461,2026-01-27,P022,4,arrived early and well packaged,True,0,Australia
R02462,2025-09-28,P026,5,arrived early and well packaged,True,6,United States
R02463,2025-09-02,P020,4,worth every dollar,True,4,United States
R02464,2025-09-16,P019,2,frustrating to use,True,0,United States
R02465,2026-06-14,P010,5,easy to set up and use,True,1,United Kingdom
R02466,2026-02-07,P020,2,quality is disappointing,True,0,United States
R02467,2026-04-28,P001,3,acceptable overall with room to improve,True,5,Germany
R02468,2025-11-28,P023,4,average experience,True,1,United States
R02469,2025-09-08,P026,3,acceptable overall with room to improve,True,1,Germany
R02470,2026-01-29,P024,4,fits perfectly and feels comfortable,True,3,Canada
R02471,2025-08-06,P001,2,delivery took far too long,True,6,Germany
R02472,2025-12-10,P014,5,worth every dollar,True,2,Canada
R02473,2026-01-02,P005,5,simple controls and clear instructions,True,1,United Kingdom
R02474,2025-11-23,P021,5,excellent build quality,True,2,Australia
R02475,2025-10-09,P029,3,does what the listing says,True,1,United States
R02476,2026-02-28,P001,3,ok,False,12,United States
R02477,2026-02-27,P029,5,simple controls and clear instructions,True,1,United States
R02478,2026-01-15,P015,1,arrived late with damaged packaging,True,1,United Kingdom
R02479,2026-04-23,P001,4,works intuitively,True,2,United States
R02480,2026-01-04,P024,5,arrived early and well packaged,True,0,Germany
R02481,2026-05-26,P029,5,very durable in daily use,True,3,United States
R02482,2026-06-08,P020,3,average experience,True,0,Germany
R02483,2026-02-18,P012,3,uncomfortable and badly sized,True,0,United States
R02484,2026-05-29,P011,5,simple controls and clear instructions,True,0,United States
R02485,2026-05-06,P027,2,instructions are unclear,True,2,United States
R02486,2025-10-17,P018,2,quality is disappointing,False,0,Canada
R02487,2026-03-16,P027,5,worth every dollar,True,3,United States
R02488,2026-04-20,P024,5,arrived early and well packaged,True,10,Australia
R02489,2025-12-22,P016,1,frustrating to use,True,0,United States
R02490,2026-02-27,P010,5,works intuitively,True,3,United States
R02491,2025-11-12,P027,5,shipping was smooth,False,2,United States
R02492,2025-12-17,P026,5,comfortable for long sessions,True,3,United States
R02493,2026-01-06,P003,5,worth every dollar,True,1,Germany
R02494,2025-10-14,P017,1,does not fit as described,True,1,United Kingdom
R02495,2025-08-23,P006,4,works intuitively,False,6,Germany
R02496,2025-10-01,P027,5,still works perfectly after months,True,3,Australia
R02497,2026-07-09,P026,3,poor build quality and cheap materials,True,1,United Kingdom
R02498,2026-07-14,P017,5,easy to set up and use,True,5,United States
R02499,2025-09-08,P010,2,instructions are unclear,True,2,Australia
R02500,2026-07-11,P021,3,durability is unacceptable,True,5,United States
R02501,2026-03-05,P017,2,instructions are unclear,True,6,United States
R02502,2026-03-16,P026,5,very durable in daily use,True,3,United Kingdom
R02503,2025-11-17,P012,5,fast delivery with no damage,False,0,United Kingdom
R02504,2025-08-23,P021,4,simple controls and clear instructions,True,1,United States
R02505,2025-10-13,P025,4,fast delivery with no damage,True,2,United States
R02506,2025-08-02,P011,5,very durable in daily use,True,7,United States
R02507,2025-12-18,P008,5,great value for the price,True,0,United States
R02508,2026-01-23,P005,4,excellent price to performance,True,3,Germany
R02509,2026-07-17,P009,2,defective finish out of the box,True,2,United States
R02510,2026-01-12,P029,3,acceptable overall with room to improve,True,3,United States
R02511,2025-12-16,P027,5,has held up really well,True,1,United Kingdom
R02512,2025-08-29,P005,5,excellent build quality,True,4,United States
R02513,2025-11-16,P001,4,shipping was smooth,True,1,United States
R02514,2026-03-03,P017,2,frustrating to use,True,2,Germany
R02515,2026-07-05,P003,5,works intuitively,True,6,United States
R02516,2026-02-16,P023,5,simple controls and clear instructions,True,4,United States
R02517,2025-12-23,P006,5,has held up really well,True,0,Australia
R02518,2026-05-12,P015,5,,True,0,Canada
R02519,2026-02-23,P028,3,average experience,True,4,United States
R02520,2026-05-11,P011,5,fits perfectly and feels comfortable,True,1,United States
R02521,2025-10-23,P022,3,works as expected,True,6,United States
R02522,2026-06-21,P008,3,does what the listing says,True,1,United Kingdom
R02523,2026-04-24,P019,4,excellent price to performance,True,0,Australia
R02524,2026-04-07,P022,2,does not fit as described,True,1,United States
R02525,2026-07-18,P011,5,excellent price to performance,True,2,United States
R02526,2025-08-14,P014,2,durability is unacceptable,True,6,Canada
R02527,2025-11-21,P022,2,arrived late with damaged packaging,True,3,United States
R02528,2025-10-30,P008,4,size and fit are exactly right,True,2,Germany
R02529,2025-10-24,P015,5,comfortable for long sessions,True,5,United States
R02530,2025-08-11,P005,4,excellent build quality,True,3,United States
R02531,2025-09-26,P005,4,arrived early and well packaged,True,0,Canada
R02532,2026-07-13,P002,2,stopped working after a few weeks,True,4,United States
R02533,2026-02-21,P005,1,box arrived crushed,True,0,Canada
R02534,2026-02-14,P002,3,durability is unacceptable,True,3,United Kingdom
R02535,2025-11-23,P015,5,simple controls and clear instructions,True,4,United States
R02536,2026-07-13,P022,3,works as expected,True,3,United States
R02537,2025-09-25,P005,4,better quality than expected,True,13,United States
R02538,2025-08-27,P009,5,excellent build quality,True,7,United States
R02539,2026-07-19,P013,5,still works perfectly after months,True,3,United States
R02540,2025-08-30,P015,4,excellent build quality,True,0,United States
R02541,2026-05-05,P027,5,fits perfectly and feels comfortable,True,4,United Kingdom
R02542,2026-01-09,P005,4,feels premium and reliable,True,1,United States
R02543,2025-12-09,P015,4,excellent build quality,True,1,Canada
R02544,2025-08-23,P021,2,overpriced for what it offers,True,2,United States
R02545,2025-10-11,P027,4,worth every dollar,True,1,United States
R02546,2026-04-03,P004,3,product received,True,2,Australia
R02547,2025-10-22,P009,4,feels premium and reliable,True,2,United States
R02548,2025-08-02,P027,4,works intuitively,False,1,United States
R02549,2026-06-21,P009,5,feels premium and reliable,True,2,Australia
R02550,2025-10-20,P023,4,arrived early and well packaged,False,1,United States
R02551,2026-03-06,P018,5,better quality than expected,True,7,United States
R02552,2025-12-13,P021,4,fine,True,2,Canada
R02553,2026-07-14,P001,1,arrived late with damaged packaging,True,2,United States
R02554,2025-12-31,P015,4,shipping was smooth,True,4,United States
R02555,2026-01-18,P014,5,feels premium and reliable,True,3,Canada
R02556,2025-08-26,P018,4,excellent build quality,True,1,Germany
R02557,2026-05-04,P022,4,shipping was smooth,True,4,Germany
R02558,2026-01-26,P029,5,fits perfectly and feels comfortable,True,2,United Kingdom
R02559,2025-12-24,P018,4,works intuitively,True,3,Germany
R02560,2025-09-14,P017,5,simple controls and clear instructions,True,3,Canada
R02561,2026-03-04,P009,4,ok,False,1,United States
R02562,2025-10-11,P016,5,fast delivery with no damage,False,1,United Kingdom
R02563,2026-06-07,P021,5,feels premium and reliable,True,1,United Kingdom
R02564,2026-05-19,P021,4,works intuitively,True,0,United States
R02565,2025-12-24,P016,5,better quality than expected,False,1,United States
R02566,2026-03-02,P014,2,arrived late with damaged packaging,True,0,United Kingdom
R02567,2026-07-12,P022,2,frustrating to use,False,0,Germany
R02568,2026-05-31,P030,5,very durable in daily use,True,2,United Kingdom
R02569,2025-10-29,P016,4,size and fit are exactly right,True,3,United Kingdom
R02570,2026-07-13,P005,3,average experience,True,10,United Kingdom
R02571,2025-10-11,P028,4,excellent price to performance,True,4,United Kingdom
R02572,2025-10-14,P006,1,box arrived crushed,True,1,United States
R02573,2026-05-12,P015,5,shipping was smooth,True,2,United States
R02574,2025-10-05,P016,4,excellent price to performance,True,0,Germany
R02575,2026-04-27,P024,3,acceptable overall with room to improve,True,3,Germany
R02576,2026-01-16,P015,3,acceptable overall with room to improve,True,2,Germany
R02577,2026-07-15,P028,4,arrived early and well packaged,True,1,United States
R02578,2026-02-06,P025,1,delivery took far too long,True,1,United States
R02579,2026-02-25,P010,5,worth every dollar,True,4,United States
R02580,2025-10-29,P002,2,stopped working after a few weeks,True,3,United Kingdom
R02581,2025-11-06,P014,4,comfortable for long sessions,True,1,Germany
R02582,2025-10-29,P004,4,arrived early and well packaged,True,3,United States
R02583,2026-07-15,P002,1,durability is unacceptable,True,2,United Kingdom
R02584,2026-06-30,P012,4,arrived early and well packaged,True,0,Australia
R02585,2025-08-09,P003,5,shipping was smooth,True,3,United States
R02586,2025-09-12,P030,4,still works perfectly after months,True,4,United States
R02587,2026-07-01,P017,1,instructions are unclear,True,3,United States
R02588,2026-05-07,P008,5,arrived early and well packaged,True,4,Australia
R02589,2025-08-29,P002,4,has held up really well,True,4,Canada
R02590,2025-09-24,P010,3,acceptable overall with room to improve,True,4,United States
R02591,2026-01-26,P025,4,instructions are unclear,True,4,United States
R02592,2026-07-14,P014,5,feels premium and reliable,True,4,Canada
R02593,2026-04-01,P021,3,average experience,True,10,United Kingdom
R02594,2026-07-14,P023,2,comfortable for long sessions,True,1,United States
R02595,2026-05-04,P017,2,confusing setup and difficult controls,True,0,United States
R02596,2026-03-26,P029,3,average experience,True,1,United Kingdom
R02597,2026-05-01,P011,5,works intuitively,True,2,Germany
R02598,2025-12-03,P005,5,easy to set up and use,True,1,United States
R02599,2026-05-29,P015,2,better quality than expected,True,0,United Kingdom
R02600,2026-02-07,P012,4,easy to set up and use,True,4,Canada
R02601,2026-02-06,P007,3,acceptable overall with room to improve,True,1,Canada
R02602,2025-12-21,P023,1,arrived late with damaged packaging,True,5,United States
R02603,2026-06-10,P016,4,better quality than expected,True,11,United Kingdom
R02604,2025-11-24,P019,5,comfortable for long sessions,True,1,United States
R02605,2025-10-27,P020,5,excellent price to performance,True,4,Canada
R02606,2025-12-09,P012,5,excellent price to performance,True,2,United Kingdom
R02607,2026-06-30,P021,4,great value for the price,True,4,United Kingdom
R02608,2026-04-02,P022,3,box arrived crushed,True,6,United States
R02609,2026-01-21,P011,5,fast delivery with no damage,True,6,United States
R02610,2026-03-16,P030,5,simple controls and clear instructions,True,1,United States
R02611,2025-10-29,P008,5,simple controls and clear instructions,False,1,Germany
R02612,2026-01-17,P029,3,works as expected,True,0,United States
R02613,2025-11-14,P004,5,size and fit are exactly right,True,1,Australia
R02614,2026-07-07,P001,4,excellent price to performance,True,0,Canada
R02615,2025-08-23,P029,5,simple controls and clear instructions,True,1,United States
R02616,2026-02-25,P024,5,shipping was smooth,True,0,United States
R02617,2026-07-19,P028,3,not worth the price,True,0,United States
R02618,2025-08-16,P011,2,not worth the price,True,0,United States
R02619,2025-12-09,P010,3,does what the listing says,True,0,United States
R02620,2025-10-04,P028,4,excellent price to performance,True,0,Canada
R02621,2025-10-16,P018,3,average experience,True,5,Germany
R02622,2025-11-17,P028,2,overpriced for what it offers,True,2,United Kingdom
R02623,2026-06-20,P029,5,excellent build quality,True,4,Canada
R02624,2025-09-28,P005,5,excellent build quality,True,3,United Kingdom
R02625,2026-01-08,P009,5,better quality than expected,True,1,United States
R02626,2026-01-14,P005,5,feels premium and reliable,True,1,United States
R02627,2025-12-12,P026,2,instructions are unclear,True,3,United Kingdom
R02628,2026-02-03,P010,5,arrived early and well packaged,True,0,United States
R02629,2025-11-23,P005,5,fast delivery with no damage,False,1,Australia
R02630,2025-11-24,P025,5,excellent price to performance,True,3,United Kingdom
R02631,2026-06-18,P024,1,broke much sooner than expected,True,1,United States
R02632,2026-03-23,P025,4,size and fit are exactly right,True,0,United States
R02633,2026-02-19,P020,2,uncomfortable and badly sized,True,1,United States
R02634,2026-01-30,P007,4,shipping was smooth,True,6,United States
R02635,2025-12-19,P013,4,shipping was smooth,True,3,Australia
R02636,2025-11-19,P029,4,size and fit are exactly right,True,6,United States
R02637,2025-12-30,P026,5,feels premium and reliable,True,1,United States
R02638,2026-07-19,P013,3,fit is too tight,True,1,Germany
R02639,2025-10-09,P008,5,feels premium and reliable,True,1,United States
R02640,2025-08-16,P005,2,arrived early and well packaged,False,2,United States
R02641,2025-08-14,P017,2,ok,False,1,Germany
R02642,2026-03-09,P007,1,durability is unacceptable,True,1,United States
R02643,2025-08-18,P001,4,excellent build quality,False,2,United States
R02644,2026-06-16,P022,2,delivery took far too long,True,0,United Kingdom
R02645,2025-12-23,P011,4,shipping was smooth,True,4,United States
R02646,2026-03-22,P011,4,feels premium and reliable,True,3,Australia
R02647,2026-03-16,P011,4,easy to set up and use,True,0,United States
R02648,2026-02-07,P011,2,very durable in daily use,True,3,Germany
R02649,2025-09-27,P016,3,acceptable overall with room to improve,True,4,Germany
R02650,2026-02-20,P027,3,works as expected,True,3,United States
R02651,2026-06-01,P027,5,very durable in daily use,True,1,United Kingdom
R02652,2026-06-22,P001,1,poor value compared with alternatives,True,2,Canada
R02653,2025-10-07,P017,4,better quality than expected,True,2,Canada
R02654,2025-08-03,P024,5,comfortable for long sessions,True,3,United States
R02655,2025-09-24,P006,4,easy to set up and use,True,0,United States
R02656,2026-02-06,P009,3,acceptable overall with room to improve,True,2,Canada
R02657,2025-12-17,P003,5,size and fit are exactly right,True,0,Germany
R02658,2026-04-09,P022,4,fits perfectly and feels comfortable,True,2,Australia
R02659,2026-04-26,P019,2,size and fit are exactly right,True,4,United States
R02660,2025-10-21,P005,1,uncomfortable and badly sized,True,3,United States
R02661,2026-04-27,P020,5,shipping was smooth,True,3,United Kingdom
R02662,2025-08-07,P008,2,poor build quality and cheap materials,True,6,Germany
R02663,2026-04-25,P021,4,feels premium and reliable,True,2,United States
R02664,2025-10-13,P009,4,excellent build quality,True,2,United States
R02665,2026-01-20,P017,3,uncomfortable and badly sized,False,2,United States
R02666,2026-01-07,P005,5,worth every dollar,True,2,United Kingdom
R02667,2026-06-09,P008,5,shipping was smooth,True,0,United States
R02668,2026-02-28,P015,5,size and fit are exactly right,True,0,United States
R02669,2026-05-26,P024,4,fast delivery with no damage,True,4,United States
R02670,2026-05-23,P014,5,size and fit are exactly right,True,1,Australia
R02671,2025-08-13,P002,1,broke much sooner than expected,True,1,United States
R02672,2025-12-21,P012,3,works as expected,True,5,United Kingdom
R02673,2026-01-31,P026,4,still works perfectly after months,True,2,Germany
R02674,2026-01-04,P009,2,fine,True,1,Canada
R02675,2026-05-01,P025,2,arrived early and well packaged,True,1,United States
R02676,2026-02-24,P009,3,average experience,True,3,United States
R02677,2026-05-02,P022,4,simple controls and clear instructions,True,0,Germany
R02678,2026-01-20,P029,3,does what the listing says,True,1,United States
R02679,2026-03-07,P026,1,product received,True,0,Canada
R02680,2026-02-22,P022,3,works as expected,True,2,United States
R02681,2026-01-24,P018,5,still works perfectly after months,True,1,United States
R02682,2025-11-28,P013,5,excellent price to performance,True,1,United States
R02683,2026-06-11,P018,5,works intuitively,True,1,United States
R02684,2025-09-09,P025,4,worth every dollar,False,12,United Kingdom
R02685,2025-11-15,P013,4,size and fit are exactly right,True,5,United States
R02686,2025-11-13,P016,3,overpriced for what it offers,True,0,United Kingdom
R02687,2026-07-29,P030,1,box arrived crushed,True,7,United Kingdom
R02688,2025-09-28,P017,4,works intuitively,True,1,United States
R02689,2026-03-06,P019,4,works intuitively,True,1,Australia
R02690,2025-12-27,P026,5,simple controls and clear instructions,True,5,United States
R02691,2026-07-09,P004,2,arrived late with damaged packaging,True,2,United States
R02692,2026-01-15,P001,4,very durable in daily use,True,3,United States
R02693,2025-11-28,P012,3,average experience,True,3,United States
R02694,2026-01-19,P009,2,poor build quality and cheap materials,True,0,United Kingdom
R02695,2026-07-27,P025,1,box arrived crushed,True,2,United States
R02696,2025-09-18,P023,3,works as expected,True,0,United States
R02697,2025-12-03,P003,2,defective finish out of the box,True,4,United States
R02698,2026-01-08,P023,3,does what the listing says,True,6,United States
R02699,2025-08-15,P024,2,uncomfortable and badly sized,True,1,United Kingdom
R02700,2026-03-26,P030,5,excellent price to performance,True,4,United Kingdom
R02701,2025-11-11,P002,5,still works perfectly after months,True,0,Canada
R02702,2026-05-26,P023,4,arrived early and well packaged,True,3,Australia
R02703,2026-03-08,P011,5,excellent build quality,True,3,United States
R02704,2026-02-12,P019,2,overpriced for what it offers,True,0,Germany
R02705,2025-10-21,P019,5,feels premium and reliable,True,2,Australia
R02706,2025-08-03,P007,5,feels premium and reliable,True,2,United Kingdom
R02707,2026-07-13,P030,1,overpriced for what it offers,True,0,United States
R02708,2025-12-30,P004,2,stopped working after a few weeks,True,1,United States
R02709,2026-06-06,P006,4,excellent price to performance,True,4,Canada
R02710,2026-01-17,P016,5,shipping was smooth,True,0,United States
R02711,2025-12-05,P023,5,still works perfectly after months,True,0,Canada
R02712,2025-09-13,P030,4,shipping was smooth,True,6,United Kingdom
R02713,2026-03-20,P012,4,excellent build quality,True,4,Canada
R02714,2025-09-12,P006,5,works intuitively,True,1,United Kingdom
R02715,2025-08-19,P024,4,comfortable for long sessions,True,9,United States
R02716,2025-12-30,P026,5,better quality than expected,True,0,United Kingdom
R02717,2026-05-12,P012,4,durability is unacceptable,False,2,United Kingdom
R02718,2026-03-31,P025,3,works as expected,True,5,Canada
R02719,2026-07-01,P005,5,has held up really well,True,1,United States
R02720,2025-10-12,P019,5,great value for the price,True,1,United States
R02721,2026-01-24,P025,2,overpriced for what it offers,True,0,United States
R02722,2026-06-03,P008,5,comfortable for long sessions,True,3,Canada
R02723,2026-07-12,P010,5,excellent build quality,True,4,United States
R02724,2026-04-16,P026,5,simple controls and clear instructions,True,7,United States
R02725,2026-05-14,P024,4,arrived late with damaged packaging,True,1,United States
R02726,2025-11-21,P021,5,worth every dollar,True,0,United States
R02727,2025-12-24,P025,5,shipping was smooth,True,7,United Kingdom
R02728,2026-07-30,P010,4,comfortable for long sessions,True,4,Germany
R02729,2026-06-03,P030,5,excellent price to performance,True,1,United States
R02730,2026-07-25,P018,4,still works perfectly after months,True,5,United States
R02731,2026-07-02,P017,3,does not fit as described,True,2,United States
R02732,2026-05-25,P012,2,frustrating to use,True,3,United States
R02733,2026-05-01,P021,3,works as expected,True,1,United States
R02734,2026-06-20,P024,5,has held up really well,True,0,United States
R02735,2026-06-21,P019,3,does what the listing says,True,5,United States
R02736,2025-10-11,P030,2,not worth the price,True,5,United States
R02737,2025-11-16,P005,4,excellent price to performance,True,1,United Kingdom
R02738,2025-11-11,P025,5,fast delivery with no damage,False,3,United States
R02739,2026-05-17,P008,5,excellent price to performance,False,2,Canada
R02740,2026-05-21,P012,5,fits perfectly and feels comfortable,True,4,Australia
R02741,2025-08-05,P016,2,arrived late with damaged packaging,True,3,United Kingdom
R02742,2026-06-10,P025,5,arrived early and well packaged,True,2,United Kingdom
R02743,2026-05-16,P008,4,works intuitively,True,1,United Kingdom
R02744,2025-08-26,P028,5,excellent price to performance,True,0,United States
R02745,2025-09-12,P003,3,average experience,True,4,United States
R02746,2026-02-04,P013,3,overpriced for what it offers,True,2,United Kingdom
R02747,2025-11-21,P025,5,has held up really well,False,1,United Kingdom
R02748,2026-07-24,P002,1,stopped working after a few weeks,True,3,United Kingdom
R02749,2026-01-05,P023,5,simple controls and clear instructions,True,9,United States
R02750,2026-01-22,P025,5,has held up really well,True,1,United Kingdom
R02751,2026-05-28,P019,4,easy to set up and use,True,1,United Kingdom
R02752,2026-01-01,P009,3,acceptable overall with room to improve,True,2,Germany
R02753,2025-08-01,P003,4,still works perfectly after months,True,3,United States
R02754,2025-11-24,P026,5,shipping was smooth,True,0,United States
R02755,2025-08-19,P027,4,has held up really well,True,1,United States
R02756,2025-09-30,P023,5,comfortable for long sessions,True,8,United States
R02757,2026-04-30,P003,5,fits perfectly and feels comfortable,True,1,United States
R02758,2025-11-10,P002,3,works as expected,True,1,United Kingdom
R02759,2026-06-21,P018,5,excellent build quality,True,4,United States
R02760,2026-05-11,P017,2,does not fit as described,True,6,United States
R02761,2025-10-27,P006,5,simple controls and clear instructions,False,1,United States
R02762,2026-04-01,P008,5,works intuitively,True,1,Germany
R02763,2025-11-07,P015,3,works as expected,True,0,United States
R02764,2025-09-16,P027,5,arrived early and well packaged,True,0,United States
R02765,2025-12-04,P012,2,still works perfectly after months,True,8,Australia
R02766,2025-10-02,P011,5,simple controls and clear instructions,True,0,Canada
R02767,2026-01-24,P009,2,quality is disappointing,True,0,Canada
R02768,2025-11-09,P029,3,delivery took far too long,True,5,United States
R02769,2025-10-22,P007,2,confusing setup and difficult controls,True,4,United States
R02770,2026-05-28,P020,2,does not fit as described,True,6,United Kingdom
R02771,2026-01-24,P016,3,works as expected,True,1,Canada
R02772,2026-03-02,P030,5,still works perfectly after months,False,9,United States
R02773,2026-01-08,P013,5,simple controls and clear instructions,True,5,United States
R02774,2026-06-02,P006,5,great value for the price,True,0,United States
R02775,2025-08-15,P005,1,box arrived crushed,True,1,United Kingdom
R02776,2026-06-07,P020,5,great value for the price,False,1,Australia
R02777,2026-02-08,P005,5,better quality than expected,True,1,United States
R02778,2025-12-15,P023,3,does what the listing says,True,5,Germany
R02779,2025-12-06,P008,3,works as expected,True,10,Germany
R02780,2025-11-26,P017,2,fit is too tight,True,3,United Kingdom
R02781,2025-11-15,P027,5,has held up really well,True,3,Australia
R02782,2026-05-15,P027,3,,True,3,United States
R02783,2026-04-24,P009,2,poor build quality and cheap materials,True,1,Canada
R02784,2026-02-12,P013,4,great value for the price,False,1,United Kingdom
R02785,2026-05-25,P027,3,confusing setup and difficult controls,True,8,Australia
R02786,2025-08-10,P027,5,worth every dollar,True,7,United States
R02787,2025-10-18,P006,5,excellent price to performance,True,1,Canada
R02788,2025-12-29,P011,4,fits perfectly and feels comfortable,True,1,Germany
R02789,2026-04-13,P016,4,excellent build quality,True,2,United States
R02790,2025-09-14,P019,5,worth every dollar,True,4,United States
R02791,2025-12-10,P011,5,size and fit are exactly right,True,4,Germany
R02792,2025-10-16,P025,3,acceptable overall with room to improve,True,0,United States
R02793,2025-11-08,P016,2,fits perfectly and feels comfortable,False,1,United States
R02794,2025-10-05,P001,5,easy to set up and use,True,0,Germany
R02795,2026-02-01,P013,2,quality is disappointing,True,2,Germany
R02796,2025-09-22,P016,2,poor build quality and cheap materials,True,1,United States
R02797,2026-04-01,P022,4,shipping was smooth,True,0,United States
R02798,2026-06-18,P018,2,broke much sooner than expected,True,0,Germany
R02799,2026-06-25,P015,5,great value for the price,True,1,United States
R02800,2026-02-02,P021,3,does what the listing says,True,1,Australia
R02801,2026-03-13,P023,1,uncomfortable and badly sized,True,6,Canada
R02802,2026-05-16,P018,3,does what the listing says,True,4,United Kingdom
R02803,2026-05-25,P018,4,works intuitively,True,0,United States
R02804,2026-01-15,P030,5,still works perfectly after months,True,4,Canada
R02805,2025-12-06,P020,3,confusing setup and difficult controls,True,0,Germany
R02806,2025-10-21,P007,2,size and fit are exactly right,True,1,Australia
R02807,2026-07-27,P013,5,fast delivery with no damage,False,0,Canada
R02808,2026-04-11,P029,4,size and fit are exactly right,True,2,United States
R02809,2025-10-01,P022,2,size and fit are exactly right,True,10,United States
R02810,2026-03-16,P009,1,quality is disappointing,True,0,United States
R02811,2026-01-25,P027,5,excellent price to performance,True,1,United Kingdom
R02812,2026-03-01,P018,4,worth every dollar,True,3,Germany
R02813,2025-08-22,P012,5,feels premium and reliable,True,2,United States
R02814,2026-07-15,P026,5,comfortable for long sessions,True,1,United States
R02815,2026-05-09,P024,5,great value for the price,True,1,Australia
R02816,2025-11-06,P013,5,fits perfectly and feels comfortable,True,0,Canada
R02817,2026-06-05,P007,4,arrived early and well packaged,True,0,United Kingdom
R02818,2025-11-24,P014,5,very durable in daily use,True,0,Germany
R02819,2025-10-15,P021,5,easy to set up and use,True,0,United Kingdom
R02820,2026-04-04,P019,5,arrived early and well packaged,True,5,United Kingdom
R02821,2025-09-11,P019,5,arrived early and well packaged,True,7,United Kingdom
R02822,2025-12-30,P030,5,size and fit are exactly right,False,4,United States
R02823,2026-06-21,P019,3,acceptable overall with room to improve,False,6,United States
R02824,2026-04-14,P009,3,average experience,True,3,United States
R02825,2026-02-28,P013,5,size and fit are exactly right,True,1,United States
R02826,2025-11-02,P001,4,fast delivery with no damage,True,0,United States
R02827,2026-02-16,P003,3,average experience,True,1,United States
R02828,2026-04-25,P016,1,overpriced for what it offers,True,0,Australia
R02829,2025-11-21,P024,5,works intuitively,True,3,United Kingdom
R02830,2025-10-10,P003,4,fits perfectly and feels comfortable,True,0,United States
R02831,2025-11-25,P029,3,fit is too tight,False,1,United States
R02832,2025-12-20,P030,5,simple controls and clear instructions,True,0,United States
R02833,2025-08-19,P029,5,excellent price to performance,True,0,United States
R02834,2026-04-27,P002,5,fits perfectly and feels comfortable,True,6,United States
R02835,2025-09-07,P005,5,size and fit are exactly right,True,0,Canada
R02836,2026-06-10,P024,2,worth every dollar,True,2,Canada
R02837,2026-05-01,P011,4,,False,1,United States
R02838,2026-04-09,P027,5,has held up really well,True,3,Germany
R02839,2026-05-16,P009,1,poor build quality and cheap materials,True,0,United States
R02840,2026-03-08,P023,4,has held up really well,True,0,Canada
R02841,2025-10-23,P007,5,has held up really well,True,0,United States
R02842,2026-01-03,P025,5,excellent price to performance,True,2,United States
R02843,2026-07-15,P003,4,fits perfectly and feels comfortable,True,0,United States
R02844,2026-02-24,P011,3,average experience,True,2,United States
R02845,2026-03-07,P006,4,arrived early and well packaged,True,6,United Kingdom
R02846,2026-01-11,P012,4,still works perfectly after months,True,1,United Kingdom
R02847,2026-04-17,P027,5,worth every dollar,True,0,United States
R02848,2026-06-25,P023,5,great value for the price,True,3,United States
R02849,2025-12-21,P018,5,shipping was smooth,True,0,United Kingdom
R02850,2026-06-24,P020,4,better quality than expected,True,2,United States
R02851,2026-01-26,P027,5,worth every dollar,True,2,Canada
R02852,2025-12-23,P005,1,instructions are unclear,True,1,United States
R02853,2026-01-25,P025,5,works intuitively,True,1,United States
R02854,2025-10-16,P007,3,does what the listing says,True,3,United States
R02855,2025-12-23,P012,4,excellent build quality,True,1,United Kingdom
R02856,2026-01-01,P018,3,does what the listing says,True,1,Germany
R02857,2026-06-02,P006,5,worth every dollar,True,5,United Kingdom
R02858,2026-02-09,P025,5,excellent build quality,True,6,United States
R02859,2025-08-13,P008,4,easy to set up and use,True,0,United States
R02860,2026-05-09,P025,5,easy to set up and use,True,8,Canada
R02861,2025-09-06,P001,3,average experience,True,5,Australia
R02862,2026-02-16,P002,2,durability is unacceptable,True,3,United States
R02863,2025-09-03,P014,5,very durable in daily use,True,1,Canada
R02864,2025-10-23,P022,4,arrived early and well packaged,True,1,Australia
R02865,2025-11-11,P002,3,works as expected,True,2,United States
R02866,2026-07-24,P026,1,stopped working after a few weeks,True,1,United Kingdom
R02867,2025-08-18,P011,4,arrived early and well packaged,False,0,Australia
R02868,2026-02-14,P009,5,excellent build quality,True,0,Germany
R02869,2026-01-18,P005,1,uncomfortable and badly sized,True,1,United States
R02870,2026-01-11,P016,2,uncomfortable and badly sized,True,0,United States
R02871,2026-02-12,P003,5,fits perfectly and feels comfortable,True,3,United States
R02872,2026-04-30,P019,5,better quality than expected,True,4,United Kingdom
R02873,2026-05-10,P006,5,fast delivery with no damage,True,0,United Kingdom
R02874,2026-05-15,P007,4,better quality than expected,True,0,United States
R02875,2026-01-28,P003,3,acceptable overall with room to improve,True,5,United States
R02876,2025-12-17,P002,3,average experience,True,1,Australia
R02877,2026-02-06,P021,5,excellent price to performance,True,0,United States
R02878,2026-03-16,P009,4,excellent build quality,True,4,United States
R02879,2025-09-16,P020,3,acceptable overall with room to improve,True,0,United States
R02880,2026-04-04,P026,2,defective finish out of the box,True,1,United States
R02881,2026-06-21,P008,5,worth every dollar,True,2,Australia
R02882,2025-11-05,P005,3,average experience,True,7,United States
R02883,2025-09-09,P015,3,stopped working after a few weeks,True,0,United States
R02884,2025-11-24,P010,1,fit is too tight,True,1,United States
R02885,2026-01-25,P025,5,great value for the price,True,2,Australia
R02886,2026-03-08,P004,3,does what the listing says,False,3,Canada
R02887,2025-11-10,P007,5,comfortable for long sessions,False,7,United States
R02888,2026-01-18,P014,5,has held up really well,True,1,United Kingdom
R02889,2026-04-23,P007,5,arrived early and well packaged,True,3,United States
R02890,2026-06-17,P030,5,shipping was smooth,True,2,United States
R02891,2026-03-14,P024,3,works as expected,True,3,United States
R02892,2025-12-20,P022,5,easy to set up and use,True,2,Germany
R02893,2026-07-20,P030,3,works as expected,False,7,United States
R02894,2026-07-21,P030,5,excellent build quality,True,7,Australia
R02895,2025-10-04,P018,5,still works perfectly after months,True,0,Germany
R02896,2026-01-27,P006,3,average experience,True,1,Germany
R02897,2026-01-10,P017,2,instructions are unclear,True,1,United Kingdom
R02898,2026-03-21,P023,3,average experience,True,1,Australia
R02899,2026-01-15,P024,3,does what the listing says,True,4,United States
R02900,2026-01-05,P003,1,delivery took far too long,True,1,Australia
R02901,2026-06-04,P022,4,arrived early and well packaged,True,0,United States
R02902,2025-10-23,P029,4,size and fit are exactly right,True,1,United States
R02903,2025-08-29,P018,4,has held up really well,True,1,United States
R02904,2026-03-22,P024,4,very durable in daily use,True,1,United Kingdom
R02905,2026-06-17,P022,3,works as expected,True,1,United States
R02906,2025-12-05,P007,5,still works perfectly after months,True,5,Canada
R02907,2026-07-30,P002,2,broke much sooner than expected,True,3,United States
R02908,2026-01-30,P014,4,great value for the price,True,5,United States
R02909,2026-05-28,P021,4,has held up really well,True,1,United States
R02910,2025-09-19,P012,5,excellent build quality,True,0,United Kingdom
R02911,2026-02-08,P004,3,acceptable overall with room to improve,True,3,Germany
R02912,2026-04-09,P007,3,average experience,True,2,United Kingdom
R02913,2026-03-26,P009,5,excellent price to performance,True,5,United States
R02914,2025-09-15,P028,2,great value for the price,False,1,United States
R02915,2025-12-29,P013,5,fits perfectly and feels comfortable,True,4,United Kingdom
R02916,2026-07-11,P025,5,has held up really well,True,4,United Kingdom
R02917,2025-08-24,P014,5,comfortable for long sessions,True,3,United States
R02918,2025-09-27,P019,4,excellent price to performance,True,0,United States
R02919,2025-10-11,P026,5,fits perfectly and feels comfortable,True,2,United States
R02920,2026-06-07,P014,3,poor value compared with alternatives,True,3,United States
R02921,2026-05-06,P014,4,shipping was smooth,True,1,United States
R02922,2026-04-16,P027,4,excellent build quality,True,5,Canada
R02923,2026-03-23,P005,4,works as expected,True,0,United States
R02924,2025-10-29,P020,5,shipping was smooth,True,0,United States
R02925,2025-12-26,P013,4,better quality than expected,False,1,United States
R02926,2026-05-01,P030,5,simple controls and clear instructions,True,7,United States
R02927,2025-11-05,P014,5,excellent price to performance,True,4,United States
R02928,2025-11-11,P006,2,poor value compared with alternatives,True,1,United States
R02929,2026-05-25,P018,4,excellent build quality,True,1,Canada
R02930,2025-10-21,P003,3,does what the listing says,True,0,Canada
R02931,2025-08-06,P028,4,poor value compared with alternatives,True,4,United Kingdom
R02932,2025-12-04,P002,1,broke much sooner than expected,True,8,Australia
R02933,2026-01-12,P024,3,average experience,True,2,Australia
R02934,2026-01-06,P023,4,simple controls and clear instructions,True,0,United States
R02935,2026-01-20,P014,4,excellent price to performance,True,0,Canada
R02936,2025-12-30,P010,4,still works perfectly after months,True,7,United States
R02937,2026-02-27,P004,5,comfortable for long sessions,True,2,Germany
R02938,2025-11-06,P023,4,still works perfectly after months,True,2,Germany
R02939,2025-11-08,P009,1,poor build quality and cheap materials,True,2,United States
R02940,2026-07-20,P023,5,very durable in daily use,False,3,United States
R02941,2026-02-25,P027,5,better quality than expected,True,0,Canada
R02942,2025-09-28,P001,5,worth every dollar,True,1,United States
R02943,2025-10-15,P026,2,feels premium and reliable,True,2,United States
R02944,2025-08-11,P030,5,arrived early and well packaged,True,0,Canada
R02945,2026-07-09,P026,1,box arrived crushed,True,0,United Kingdom
R02946,2026-04-21,P008,4,has held up really well,True,4,United Kingdom
R02947,2026-02-13,P016,5,shipping was smooth,True,2,Canada
R02948,2026-07-11,P010,5,great value for the price,True,1,Australia
R02949,2025-12-25,P016,5,arrived early and well packaged,True,2,United Kingdom
R02950,2025-09-25,P025,1,not worth the price,True,0,United States
R02951,2026-07-27,P029,5,has held up really well,True,3,United Kingdom
R02952,2026-07-28,P018,5,excellent build quality,True,3,Germany
R02953,2026-01-13,P023,1,box arrived crushed,True,1,Australia
R02954,2025-11-19,P023,5,has held up really well,True,0,Germany
R02955,2026-06-08,P003,5,easy to set up and use,True,1,United States
R02956,2025-12-05,P026,5,has held up really well,True,3,United States
R02957,2026-02-04,P019,4,works intuitively,False,2,United Kingdom
R02958,2025-08-12,P002,5,still works perfectly after months,True,1,United Kingdom
R02959,2026-07-08,P018,3,poor build quality and cheap materials,True,0,Canada
R02960,2025-10-11,P028,4,worth every dollar,True,7,United Kingdom
R02961,2026-06-02,P013,4,works intuitively,True,3,Canada
R02962,2025-12-16,P023,5,comfortable for long sessions,True,3,United States
R02963,2025-09-05,P016,1,quality is disappointing,True,0,United Kingdom
R02964,2025-11-05,P008,5,size and fit are exactly right,True,0,United Kingdom
R02965,2025-12-29,P020,5,fits perfectly and feels comfortable,True,1,Australia
R02966,2025-12-03,P015,4,fast delivery with no damage,True,0,Germany
R02967,2026-03-22,P012,2,feels premium and reliable,True,1,Canada
R02968,2026-03-29,P029,4,fast delivery with no damage,True,1,Germany
R02969,2026-05-07,P009,3,acceptable overall with room to improve,False,5,United States
R02970,2026-01-14,P008,5,excellent build quality,True,3,Canada
R02971,2025-10-31,P027,5,works intuitively,True,3,United States
R02972,2026-01-24,P027,3,average experience,True,5,United Kingdom
R02973,2026-02-01,P007,4,size and fit are exactly right,False,4,United States
R02974,2026-02-04,P012,4,very durable in daily use,True,0,United States
R02975,2025-11-03,P013,5,easy to set up and use,True,2,Germany
R02976,2025-12-19,P018,4,excellent build quality,True,5,Germany
R02977,2026-02-18,P023,5,great value for the price,True,2,United States
R02978,2026-02-21,P025,5,great value for the price,True,3,United States
R02979,2025-12-04,P012,5,still works perfectly after months,True,1,United States
R02980,2026-01-09,P012,4,size and fit are exactly right,True,2,United Kingdom
R02981,2026-02-19,P020,4,fits perfectly and feels comfortable,True,3,United States
R02982,2025-12-29,P005,1,delivery took far too long,True,0,United Kingdom
R02983,2025-08-13,P014,4,easy to set up and use,True,1,United Kingdom
R02984,2025-09-02,P001,4,excellent build quality,True,1,United States
R02985,2026-06-22,P015,5,easy to set up and use,True,2,United States
R02986,2026-06-08,P015,5,shipping was smooth,True,5,United States
R02987,2025-12-25,P005,3,average experience,True,5,Australia
R02988,2025-11-28,P029,5,very durable in daily use,True,1,United States
R02989,2026-02-25,P030,5,worth every dollar,True,1,Australia
R02990,2025-11-16,P012,4,excellent price to performance,False,1,United States
R02991,2025-10-22,P012,5,,True,9,Australia
R02992,2026-07-13,P003,4,shipping was smooth,True,4,United States
R02993,2025-12-24,P027,5,shipping was smooth,True,0,United Kingdom
R02994,2026-04-07,P009,1,poor build quality and cheap materials,True,5,United States
R02995,2025-10-02,P006,4,fits perfectly and feels comfortable,True,6,United Kingdom
R02996,2026-07-16,P008,4,fine,True,11,United Kingdom
R02997,2025-12-30,P021,5,arrived early and well packaged,False,0,United States
R02998,2025-12-03,P020,2,box arrived crushed,False,0,United Kingdom
R02999,2025-09-18,P021,4,very durable in daily use,True,6,United States
R03000,2026-05-08,P001,5,shipping was smooth,True,3,United Kingdom
R03001,2026-01-18,P020,4,size and fit are exactly right,True,2,United States
R03002,2025-08-21,P029,5,great value for the price,True,0,United States
R03003,2026-02-10,P014,2,confusing setup and difficult controls,True,5,United States
R03004,2026-06-13,P028,4,excellent price to performance,True,4,United States
R03005,2025-09-18,P015,4,excellent price to performance,True,2,United Kingdom
R03006,2025-09-26,P012,4,very durable in daily use,True,3,Germany
R03007,2025-10-26,P012,4,,True,1,United States
R03008,2025-09-01,P008,1,defective finish out of the box,True,0,Australia
R03009,2026-02-13,P009,3,average experience,True,8,United States
R03010,2026-07-09,P026,1,instructions are unclear,True,2,United States
R03011,2026-01-28,P013,4,arrived early and well packaged,True,9,Germany
R03012,2026-07-05,P010,4,worth every dollar,True,1,United Kingdom
R03013,2026-07-06,P016,4,simple controls and clear instructions,True,9,United Kingdom
R03014,2026-04-04,P005,5,excellent build quality,True,0,United States
R03015,2025-10-14,P005,1,poor build quality and cheap materials,True,0,United States
R03016,2026-02-01,P008,4,worth every dollar,True,5,United States
R03017,2026-01-06,P008,5,fast delivery with no damage,False,1,Australia
R03018,2025-08-26,P006,3,average experience,True,3,Australia
R03019,2026-01-13,P024,3,acceptable overall with room to improve,True,0,United States
R03020,2025-08-02,P013,5,simple controls and clear instructions,True,0,United Kingdom
R03021,2025-08-20,P007,3,acceptable overall with room to improve,True,2,Canada
R03022,2025-10-03,P028,1,poor value compared with alternatives,True,1,Germany
R03023,2026-01-14,P021,3,works as expected,True,0,United States
R03024,2025-09-09,P009,5,feels premium and reliable,False,3,United States
R03025,2026-05-19,P012,5,better quality than expected,True,5,United States
R03026,2026-01-11,P002,5,very durable in daily use,True,6,Germany
R03027,2025-09-16,P017,5,works intuitively,True,4,United Kingdom
R03028,2025-08-24,P005,5,better quality than expected,True,3,Australia
R03029,2025-11-25,P024,5,works intuitively,True,5,Australia
R03030,2025-09-26,P022,3,acceptable overall with room to improve,True,1,United States
R03031,2026-06-26,P007,5,shipping was smooth,False,0,United States
R03032,2025-10-26,P019,4,fits perfectly and feels comfortable,True,1,Germany
R03033,2026-07-01,P016,5,worth every dollar,True,1,Australia
R03034,2025-09-25,P001,5,size and fit are exactly right,True,1,United States
R03035,2026-02-08,P027,5,excellent price to performance,True,9,United Kingdom
R03036,2025-09-10,P018,3,acceptable overall with room to improve,True,1,United States
R03037,2026-01-31,P024,5,easy to set up and use,True,0,United States
R03038,2026-03-03,P021,5,arrived early and well packaged,True,4,United States
R03039,2026-01-22,P025,5,fits perfectly and feels comfortable,True,0,United States
R03040,2026-03-04,P005,5,fast delivery with no damage,True,3,United Kingdom
R03041,2025-09-14,P029,2,fast delivery with no damage,True,1,United States
R03042,2025-09-03,P022,2,arrived late with damaged packaging,True,1,United States
R03043,2026-04-29,P028,4,excellent price to performance,True,3,United States
R03044,2025-10-18,P003,4,comfortable for long sessions,False,1,Germany
R03045,2025-11-08,P012,2,delivery took far too long,True,6,United Kingdom
R03046,2026-04-26,P003,4,simple controls and clear instructions,True,0,Germany
R03047,2026-01-19,P019,1,does not fit as described,True,2,United States
R03048,2026-02-03,P001,5,comfortable for long sessions,False,1,Australia
R03049,2026-02-13,P009,5,shipping was smooth,False,1,United States
R03050,2025-12-08,P026,4,feels premium and reliable,True,8,United Kingdom
R03051,2026-01-07,P030,5,simple controls and clear instructions,True,0,United States
R03052,2026-07-20,P018,5,simple controls and clear instructions,True,1,Canada
R03053,2026-04-11,P019,3,average experience,True,6,United States
R03054,2026-03-23,P014,3,average experience,True,2,Australia
R03055,2025-12-12,P003,3,frustrating to use,True,0,United Kingdom
R03056,2026-07-22,P024,5,ok,True,6,United States
R03057,2026-01-07,P029,4,fast delivery with no damage,True,3,United States
R03058,2025-10-29,P015,5,great value for the price,True,5,United States
R03059,2026-06-02,P020,5,arrived early and well packaged,True,2,United States
R03060,2026-06-12,P017,2,confusing setup and difficult controls,True,1,United States
R03061,2026-07-08,P001,1,delivery took far too long,True,11,Australia
R03062,2025-12-08,P010,3,average experience,True,1,Canada
R03063,2025-10-19,P027,5,has held up really well,True,0,Canada
R03064,2026-02-09,P010,4,simple controls and clear instructions,False,1,Canada
R03065,2026-02-09,P020,5,still works perfectly after months,True,4,Canada
R03066,2026-06-16,P012,4,fits perfectly and feels comfortable,True,0,United States
R03067,2026-07-15,P008,5,works intuitively,True,0,Canada
R03068,2026-04-06,P008,5,fast delivery with no damage,True,6,United States
R03069,2025-12-18,P009,4,better quality than expected,True,8,United States
R03070,2026-05-14,P028,5,excellent build quality,False,1,United States
R03071,2026-05-17,P025,5,great value for the price,True,1,United States
R03072,2026-05-20,P010,4,simple controls and clear instructions,True,0,United Kingdom
R03073,2025-12-02,P022,5,feels premium and reliable,True,4,United States
R03074,2026-05-08,P018,4,fast delivery with no damage,True,2,United States
R03075,2026-04-14,P029,5,works intuitively,True,3,United States
R03076,2026-04-12,P016,4,has held up really well,False,1,United States
R03077,2026-07-08,P019,1,durability is unacceptable,True,0,Germany
R03078,2025-12-31,P011,5,works intuitively,True,9,United States
R03079,2025-09-19,P022,4,feels premium and reliable,True,5,United States
R03080,2026-03-30,P004,3,uncomfortable and badly sized,False,1,United States
R03081,2025-09-05,P017,2,poor build quality and cheap materials,True,1,Germany
R03082,2026-01-09,P020,1,stopped working after a few weeks,True,11,United States
R03083,2026-04-13,P023,4,size and fit are exactly right,True,7,United States
R03084,2025-12-14,P003,5,worth every dollar,True,1,Canada
R03085,2026-01-26,P004,3,does what the listing says,False,4,United States
R03086,2026-01-14,P009,5,excellent build quality,True,7,United States
R03087,2026-01-27,P014,4,works intuitively,True,2,United States
R03088,2026-06-17,P007,3,does what the listing says,True,0,United Kingdom
R03089,2025-10-29,P021,5,worth every dollar,True,2,Germany
R03090,2025-09-14,P004,4,works intuitively,True,3,United Kingdom
R03091,2026-01-02,P015,5,fits perfectly and feels comfortable,True,7,United States
R03092,2025-08-09,P026,2,uncomfortable and badly sized,True,0,Canada
R03093,2026-04-20,P015,1,poor build quality and cheap materials,False,0,United States
R03094,2026-06-12,P023,5,still works perfectly after months,True,1,United States
R03095,2026-02-13,P022,2,arrived early and well packaged,True,4,Germany
R03096,2026-05-18,P005,3,works as expected,True,1,United States
R03097,2025-08-13,P022,2,stopped working after a few weeks,True,1,United States
R03098,2026-01-02,P018,1,fit is too tight,True,1,United States
R03099,2026-05-29,P007,2,instructions are unclear,True,3,Canada
R03100,2026-01-17,P003,3,average experience,True,2,Germany
R03101,2025-11-30,P018,1,overpriced for what it offers,True,2,United States
R03102,2026-02-12,P012,4,comfortable for long sessions,True,1,United States
R03103,2026-06-29,P014,4,great value for the price,True,7,United Kingdom
R03104,2026-05-20,P025,5,feels premium and reliable,True,1,United States
R03105,2026-01-14,P024,3,does not fit as described,True,6,Germany
R03106,2025-10-07,P023,5,better quality than expected,True,2,Canada
R03107,2026-07-14,P001,5,has held up really well,True,2,United States
R03108,2025-12-30,P001,1,fit is too tight,True,1,United States
R03109,2025-10-15,P021,2,better quality than expected,True,1,United States
R03110,2025-12-24,P026,5,excellent price to performance,True,1,United States
R03111,2026-05-16,P028,3,acceptable overall with room to improve,True,4,Canada
R03112,2026-05-19,P019,5,shipping was smooth,True,3,United Kingdom
R03113,2026-07-18,P004,5,worth every dollar,True,1,Canada
R03114,2025-08-27,P007,3,works as expected,True,0,United Kingdom
R03115,2025-11-26,P018,4,better quality than expected,True,2,United States
R03116,2025-11-05,P006,5,very durable in daily use,True,6,United Kingdom
R03117,2025-08-19,P021,3,does what the listing says,True,1,United States
R03118,2025-12-06,P023,4,fast delivery with no damage,True,3,Germany
R03119,2025-11-26,P005,1,poor build quality and cheap materials,False,4,Australia
R03120,2026-01-26,P018,1,not worth the price,True,9,United States
R03121,2026-06-11,P019,5,simple controls and clear instructions,True,1,United States
R03122,2025-08-19,P008,1,instructions are unclear,True,2,United States
R03123,2026-01-22,P009,2,delivery took far too long,True,2,United States
R03124,2025-08-30,P001,5,works intuitively,True,5,United States
R03125,2025-12-17,P020,4,better quality than expected,True,5,United Kingdom
R03126,2026-02-19,P019,4,size and fit are exactly right,True,0,United States
R03127,2025-12-30,P013,5,great value for the price,True,0,United Kingdom
R03128,2026-02-22,P023,4,size and fit are exactly right,True,3,Germany
R03129,2026-07-06,P027,4,still works perfectly after months,True,4,United States
R03130,2025-12-06,P013,4,shipping was smooth,False,2,Canada
R03131,2026-04-15,P011,5,excellent build quality,True,5,Canada
R03132,2025-11-23,P017,1,quality is disappointing,True,2,United States
R03133,2026-07-16,P011,3,does what the listing says,True,4,Australia
R03134,2025-11-15,P019,4,arrived early and well packaged,True,3,United States
R03135,2026-03-22,P010,5,works intuitively,True,6,United States
R03136,2025-11-05,P013,5,better quality than expected,True,6,United States
R03137,2025-11-12,P017,4,simple controls and clear instructions,True,3,Canada
R03138,2025-10-07,P021,5,size and fit are exactly right,True,3,Canada
R03139,2026-07-06,P013,3,average experience,False,1,United States
R03140,2026-01-21,P015,5,fits perfectly and feels comfortable,True,2,United States
R03141,2025-12-09,P027,5,ok,True,2,United States
R03142,2025-08-15,P025,4,size and fit are exactly right,True,0,Canada
R03143,2026-04-29,P019,3,works as expected,True,2,Germany
R03144,2026-04-30,P020,3,ok,True,6,United States
R03145,2025-12-23,P027,1,defective finish out of the box,True,0,Australia
R03146,2026-06-03,P005,5,works intuitively,True,3,United States
R03147,2025-12-22,P003,4,excellent price to performance,False,1,United States
R03148,2025-11-11,P020,3,poor value compared with alternatives,True,5,United States
R03149,2025-12-08,P009,2,poor build quality and cheap materials,True,0,Germany
R03150,2025-10-06,P019,5,arrived early and well packaged,True,3,United States
R03151,2025-08-09,P017,4,size and fit are exactly right,True,3,Canada
R03152,2026-04-24,P007,4,easy to set up and use,True,1,United Kingdom
R03153,2026-06-18,P017,2,confusing setup and difficult controls,True,5,United States
R03154,2026-02-03,P016,4,excellent build quality,True,5,United States
R03155,2025-12-10,P012,5,feels premium and reliable,True,5,United States
R03156,2025-08-15,P006,4,has held up really well,True,0,United Kingdom
R03157,2025-12-14,P029,4,worth every dollar,True,3,United States
R03158,2026-01-25,P029,5,still works perfectly after months,True,3,Germany
R03159,2025-11-05,P010,4,better quality than expected,True,8,United States
R03160,2026-04-15,P006,5,worth every dollar,True,0,Canada
R03161,2025-11-03,P016,5,works intuitively,True,5,United Kingdom
R03162,2026-02-26,P027,1,broke much sooner than expected,True,7,Canada
R03163,2026-06-24,P025,5,arrived early and well packaged,True,2,United States
R03164,2026-05-13,P022,5,shipping was smooth,True,0,Canada
R03165,2025-12-11,P009,5,feels premium and reliable,True,4,United States
R03166,2025-10-09,P012,4,comfortable for long sessions,True,1,United States
R03167,2025-12-08,P028,4,great value for the price,True,0,United Kingdom
R03168,2025-08-29,P003,5,worth every dollar,True,2,United States
R03169,2026-01-28,P025,5,excellent price to performance,False,2,United States
R03170,2026-04-06,P017,1,fit is too tight,True,2,United States
R03171,2026-07-27,P023,2,acceptable overall with room to improve,True,8,United States
R03172,2025-10-23,P029,2,defective finish out of the box,True,1,United States
R03173,2026-04-23,P013,5,worth every dollar,True,3,United States
R03174,2025-09-04,P022,1,box arrived crushed,True,2,United States
R03175,2025-12-07,P005,5,comfortable for long sessions,True,3,United Kingdom
R03176,2026-04-23,P028,3,does what the listing says,True,0,United States
R03177,2025-10-08,P021,5,excellent build quality,True,3,United States
R03178,2026-05-07,P001,4,comfortable for long sessions,True,0,United States
R03179,2025-10-05,P029,4,works intuitively,True,0,United States
R03180,2025-09-19,P020,5,fast delivery with no damage,True,1,United States
R03181,2025-10-27,P027,4,very durable in daily use,True,3,United States
R03182,2026-07-31,P026,5,fits perfectly and feels comfortable,True,7,United States
R03183,2025-12-29,P001,4,comfortable for long sessions,True,10,Australia
R03184,2026-03-13,P012,5,excellent price to performance,True,1,United States
R03185,2025-10-21,P014,5,arrived early and well packaged,True,2,United States
R03186,2026-07-08,P016,2,box arrived crushed,True,9,Canada
R03187,2026-03-26,P006,5,fits perfectly and feels comfortable,True,7,Canada
R03188,2026-02-01,P026,5,fits perfectly and feels comfortable,True,4,United Kingdom
R03189,2025-12-02,P011,5,great value for the price,True,2,Germany
R03190,2025-08-15,P021,4,excellent price to performance,True,1,United States
R03191,2025-10-12,P007,5,has held up really well,True,0,Canada
R03192,2025-10-25,P013,4,arrived early and well packaged,True,1,United States
R03193,2026-06-23,P025,5,works intuitively,True,2,Australia
R03194,2026-01-04,P008,5,worth every dollar,False,1,Canada
R03195,2026-03-01,P010,5,feels premium and reliable,True,1,Germany
R03196,2026-06-11,P030,5,fast delivery with no damage,True,4,Canada
R03197,2026-06-19,P025,3,poor value compared with alternatives,True,0,Canada
R03198,2026-06-05,P030,5,feels premium and reliable,True,5,Germany
R03199,2025-12-16,P011,5,has held up really well,False,1,Australia
R03200,2025-12-28,P009,3,poor build quality and cheap materials,True,1,Australia
R03201,2026-07-06,P024,1,poor build quality and cheap materials,True,8,United States
R03202,2025-08-26,P018,4,has held up really well,True,0,United States
R03203,2026-07-18,P006,2,frustrating to use,True,0,United States
R03204,2026-03-16,P030,5,fits perfectly and feels comfortable,True,1,United Kingdom
R03205,2026-01-08,P015,4,fast delivery with no damage,True,0,United States
R03206,2026-07-21,P028,1,overpriced for what it offers,True,0,United Kingdom
R03207,2026-06-19,P001,2,size and fit are exactly right,True,0,United Kingdom
R03208,2026-07-05,P027,5,easy to set up and use,True,2,United Kingdom
R03209,2026-03-17,P007,4,still works perfectly after months,True,8,United States
R03210,2026-03-31,P018,4,excellent build quality,True,3,Canada
R03211,2026-04-14,P022,5,shipping was smooth,True,2,United States
R03212,2026-06-30,P006,5,size and fit are exactly right,True,2,United States
R03213,2025-08-23,P005,5,worth every dollar,True,1,Canada
R03214,2025-10-27,P026,5,simple controls and clear instructions,True,1,Australia
R03215,2025-11-24,P001,4,worth every dollar,True,12,United States
R03216,2025-12-20,P003,5,fine,True,5,United Kingdom
R03217,2025-10-24,P017,5,excellent price to performance,True,2,United States
R03218,2025-09-22,P004,5,simple controls and clear instructions,True,0,United States
R03219,2025-09-16,P021,4,excellent build quality,True,0,Canada
R03220,2026-01-11,P003,4,has held up really well,True,5,Germany
R03221,2026-07-17,P026,5,has held up really well,True,7,Germany
R03222,2025-10-09,P016,5,arrived early and well packaged,True,0,Canada
R03223,2026-04-15,P002,1,broke much sooner than expected,True,0,Australia
R03224,2026-07-09,P022,3,box arrived crushed,True,1,Australia
R03225,2026-05-29,P030,1,stopped working after a few weeks,True,2,United States
R03226,2026-03-18,P006,5,has held up really well,True,2,United States
R03227,2025-09-26,P001,5,arrived early and well packaged,True,1,United States
R03228,2026-05-19,P012,4,shipping was smooth,True,0,United States
R03229,2026-01-28,P005,5,excellent price to performance,True,0,United States
R03230,2026-01-23,P001,5,excellent price to performance,True,3,United States
R03231,2026-01-08,P021,5,simple controls and clear instructions,True,6,Australia
R03232,2025-11-12,P010,5,better quality than expected,True,4,Australia
R03233,2026-05-29,P019,4,excellent price to performance,True,8,United States
R03234,2025-11-19,P006,4,very durable in daily use,True,0,United States
R03235,2026-07-03,P027,5,better quality than expected,True,4,Canada
R03236,2026-02-11,P028,5,worth every dollar,True,0,Germany
R03237,2026-07-06,P016,1,stopped working after a few weeks,True,4,Germany
R03238,2026-02-19,P006,3,frustrating to use,True,3,Canada
R03239,2026-05-16,P005,1,instructions are unclear,True,2,United States
R03240,2026-05-09,P014,5,great value for the price,True,3,United States
R03241,2026-06-15,P023,4,excellent build quality,True,1,United Kingdom
R03242,2026-01-09,P007,5,still works perfectly after months,True,2,United States
R03243,2026-02-12,P021,4,arrived early and well packaged,True,5,Canada
R03244,2026-06-12,P019,5,very durable in daily use,True,1,United States
R03245,2025-08-31,P007,3,works as expected,True,6,Germany
R03246,2026-06-02,P005,1,poor build quality and cheap materials,True,2,United States
R03247,2025-09-26,P026,3,acceptable overall with room to improve,True,2,United States
R03248,2025-10-26,P010,1,durability is unacceptable,True,1,United Kingdom
R03249,2025-08-05,P011,5,excellent price to performance,True,6,United States
R03250,2025-11-12,P022,1,delivery took far too long,True,4,Australia
R03251,2026-01-03,P016,5,worth every dollar,True,1,United Kingdom
R03252,2026-04-12,P024,5,feels premium and reliable,True,2,Canada
R03253,2025-12-14,P009,4,better quality than expected,True,5,United Kingdom
R03254,2026-01-04,P007,5,arrived early and well packaged,True,1,Canada
R03255,2025-10-05,P016,3,average experience,True,2,United States
R03256,2025-09-29,P028,4,comfortable for long sessions,True,0,United States
R03257,2026-05-28,P015,4,easy to set up and use,True,0,United States
R03258,2026-04-12,P013,4,easy to set up and use,True,2,United States
R03259,2026-03-16,P028,4,simple controls and clear instructions,True,1,Germany
R03260,2025-11-11,P015,5,,True,1,United States
R03261,2026-01-16,P020,5,works intuitively,True,3,United States
R03262,2026-03-11,P029,4,excellent build quality,True,1,Canada
R03263,2025-09-25,P010,5,fast delivery with no damage,True,1,United States
R03264,2026-07-23,P018,4,fine,True,5,United States
R03265,2026-07-21,P004,5,shipping was smooth,True,6,United States
R03266,2026-07-13,P008,3,works as expected,True,1,Canada
R03267,2026-07-21,P008,3,does what the listing says,True,0,Canada
R03268,2026-04-10,P028,2,poor value compared with alternatives,True,3,Australia
R03269,2026-02-09,P013,4,fast delivery with no damage,True,2,Canada
R03270,2026-06-12,P011,2,works intuitively,True,2,Canada
R03271,2025-12-23,P013,5,still works perfectly after months,False,3,Australia
R03272,2026-06-27,P009,1,poor build quality and cheap materials,False,0,United Kingdom
R03273,2026-03-17,P023,4,excellent build quality,True,0,Canada
R03274,2025-12-11,P022,1,box arrived crushed,True,0,United States
R03275,2025-08-21,P007,4,very durable in daily use,True,1,Germany
R03276,2025-11-29,P018,4,fits perfectly and feels comfortable,True,2,United Kingdom
R03277,2025-10-31,P025,3,fit is too tight,True,2,United States
R03278,2026-01-06,P027,5,fits perfectly and feels comfortable,True,5,United States
R03279,2026-03-10,P011,5,worth every dollar,True,8,Australia
R03280,2025-09-15,P005,3,does what the listing says,True,4,United States
R03281,2026-06-11,P014,5,great value for the price,True,0,United States
R03282,2026-05-06,P012,2,product received,False,1,Germany
R03283,2025-11-06,P013,5,great value for the price,True,1,Germany
R03284,2026-02-01,P030,1,poor build quality and cheap materials,True,1,United States
R03285,2025-09-08,P019,5,excellent build quality,True,0,Canada
R03286,2026-03-15,P001,2,broke much sooner than expected,True,5,United Kingdom
R03287,2026-03-27,P007,5,worth every dollar,True,10,United Kingdom
R03288,2025-11-22,P015,5,still works perfectly after months,True,2,United States
R03289,2025-09-06,P027,4,comfortable for long sessions,False,2,United States
R03290,2026-04-19,P018,4,feels premium and reliable,False,0,Australia
R03291,2026-03-11,P023,4,fast delivery with no damage,True,1,United Kingdom
R03292,2026-07-06,P017,4,feels premium and reliable,True,8,United States
R03293,2026-04-28,P014,5,size and fit are exactly right,True,5,United Kingdom
R03294,2025-10-23,P029,4,easy to set up and use,True,0,Germany
R03295,2026-02-05,P002,2,stopped working after a few weeks,True,1,Australia
R03296,2025-09-21,P009,5,excellent build quality,True,3,United States
R03297,2026-07-29,P004,4,very durable in daily use,True,4,United States
R03298,2026-04-11,P022,3,does what the listing says,True,6,United States
R03299,2025-11-29,P013,4,still works perfectly after months,True,13,Australia
R03300,2025-08-09,P012,4,comfortable for long sessions,True,2,United States
R03301,2026-04-25,P025,4,still works perfectly after months,True,0,United States
R03302,2026-06-12,P027,4,excellent price to performance,True,2,United States
R03303,2026-06-15,P017,2,instructions are unclear,True,1,United Kingdom
R03304,2025-12-12,P027,5,comfortable for long sessions,True,9,United States
R03305,2026-04-11,P020,2,fit is too tight,True,4,United States
R03306,2025-12-14,P016,2,stopped working after a few weeks,True,1,United States
R03307,2025-10-28,P018,3,average experience,True,1,Canada
R03308,2026-06-06,P010,2,instructions are unclear,True,4,United Kingdom
R03309,2025-09-30,P012,2,overpriced for what it offers,True,0,United States
R03310,2025-10-22,P019,4,excellent build quality,True,6,United States
R03311,2026-06-18,P021,5,easy to set up and use,True,2,Canada
R03312,2026-04-26,P024,2,poor build quality and cheap materials,True,3,Canada
R03313,2026-01-18,P004,1,defective finish out of the box,True,2,United States
R03314,2026-03-16,P010,3,average experience,True,1,United States
R03315,2025-08-24,P005,5,better quality than expected,True,3,United States
R03316,2025-11-16,P011,4,shipping was smooth,True,0,United Kingdom
R03317,2025-09-16,P004,5,still works perfectly after months,False,1,United States
R03318,2026-01-27,P028,4,excellent price to performance,True,7,United States
R03319,2025-08-23,P015,5,,True,2,Germany
R03320,2025-08-01,P008,4,fits perfectly and feels comfortable,True,5,United States
R03321,2026-03-03,P023,4,worth every dollar,True,1,United States
R03322,2026-06-25,P016,5,excellent build quality,True,0,Canada
R03323,2026-07-15,P019,4,fast delivery with no damage,True,0,United States
R03324,2026-03-18,P022,1,box arrived crushed,True,1,United Kingdom
R03325,2025-12-24,P027,4,fast delivery with no damage,True,0,Canada
R03326,2025-09-05,P018,3,does what the listing says,True,6,Germany
R03327,2026-02-02,P004,4,acceptable overall with room to improve,True,5,United States
R03328,2025-08-04,P026,3,acceptable overall with room to improve,True,2,United States
R03329,2025-10-21,P003,2,not worth the price,True,1,United States
R03330,2025-08-30,P016,5,excellent price to performance,True,0,United States
R03331,2025-09-18,P005,5,great value for the price,True,0,United Kingdom
R03332,2025-12-27,P018,5,very durable in daily use,True,0,United States
R03333,2025-09-25,P028,3,acceptable overall with room to improve,True,2,Canada
R03334,2026-01-13,P018,4,has held up really well,True,1,United Kingdom
R03335,2025-12-03,P002,5,still works perfectly after months,True,1,Germany
R03336,2025-12-01,P026,3,does what the listing says,False,2,Germany
R03337,2026-01-19,P009,4,size and fit are exactly right,True,2,United States
R03338,2026-07-27,P010,4,has held up really well,True,1,United States
R03339,2025-11-23,P030,5,still works perfectly after months,True,3,United States
R03340,2025-09-30,P016,5,simple controls and clear instructions,True,2,Canada
R03341,2026-06-14,P004,5,size and fit are exactly right,True,2,United Kingdom
R03342,2026-03-20,P022,2,does what the listing says,True,4,United States
R03343,2025-10-25,P027,4,simple controls and clear instructions,True,0,United Kingdom
R03344,2026-06-14,P025,5,has held up really well,True,1,United Kingdom
R03345,2026-06-19,P027,5,has held up really well,False,1,United States
R03346,2025-10-22,P008,5,size and fit are exactly right,True,0,United States
R03347,2026-07-24,P020,4,excellent build quality,True,4,United States
R03348,2026-05-20,P014,5,comfortable for long sessions,True,0,Australia
R03349,2026-05-03,P015,5,arrived early and well packaged,True,1,United States
R03350,2026-03-11,P030,5,great value for the price,True,2,Germany
R03351,2026-04-16,P003,4,excellent build quality,True,0,United States
R03352,2026-07-04,P011,5,arrived early and well packaged,True,1,United States
R03353,2026-06-23,P002,1,durability is unacceptable,True,2,Canada
R03354,2025-09-09,P002,4,durability is unacceptable,True,1,United States
R03355,2025-10-20,P004,5,excellent build quality,True,9,United States
R03356,2025-11-03,P026,5,excellent build quality,True,6,United States
R03357,2025-10-04,P004,2,uncomfortable and badly sized,True,1,Canada
R03358,2026-06-08,P026,4,fits perfectly and feels comfortable,True,0,United States
R03359,2026-07-09,P011,3,does what the listing says,True,2,Australia
R03360,2025-08-05,P024,4,better quality than expected,True,1,Canada
R03361,2025-08-30,P025,4,fast delivery with no damage,True,1,United States
R03362,2026-07-20,P021,5,has held up really well,False,3,United States
R03363,2025-11-12,P023,1,overpriced for what it offers,True,1,United Kingdom
R03364,2026-01-09,P026,5,arrived early and well packaged,True,0,United Kingdom
R03365,2026-06-28,P006,5,excellent price to performance,True,4,United Kingdom
R03366,2025-12-08,P025,4,fast delivery with no damage,True,1,United Kingdom
R03367,2025-12-20,P002,1,broke much sooner than expected,True,2,United States
R03368,2026-04-19,P021,3,does what the listing says,True,2,Germany
R03369,2026-07-23,P029,2,box arrived crushed,True,2,United Kingdom
R03370,2025-12-12,P009,4,excellent build quality,True,2,United States
R03371,2025-10-03,P021,3,box arrived crushed,True,2,Australia
R03372,2025-08-28,P025,5,product received,False,5,United States
R03373,2025-09-19,P001,5,very durable in daily use,True,5,United States
R03374,2026-05-27,P022,1,arrived late with damaged packaging,True,2,United Kingdom
R03375,2026-02-11,P029,5,better quality than expected,True,3,United States
R03376,2025-08-29,P022,1,box arrived crushed,True,0,United States
R03377,2025-12-14,P014,4,works intuitively,True,4,United States
R03378,2025-10-07,P030,3,works as expected,True,2,United Kingdom
R03379,2025-08-21,P015,5,feels premium and reliable,True,4,Australia
R03380,2025-10-10,P002,1,durability is unacceptable,True,1,United Kingdom
R03381,2025-10-05,P008,1,not worth the price,True,0,United States
R03382,2026-03-15,P018,2,uncomfortable and badly sized,True,3,United States
R03383,2026-01-01,P001,5,easy to set up and use,True,1,United Kingdom
R03384,2025-12-23,P027,5,feels premium and reliable,True,0,Canada
R03385,2026-02-24,P008,5,arrived early and well packaged,True,1,United States
R03386,2026-01-12,P011,4,great value for the price,False,7,United States
R03387,2026-02-22,P001,5,still works perfectly after months,False,6,Germany
R03388,2026-01-23,P001,4,simple controls and clear instructions,True,0,United States
R03389,2025-10-02,P015,5,better quality than expected,True,10,Australia
R03390,2026-02-17,P018,1,durability is unacceptable,True,0,United States
R03391,2026-01-22,P022,1,fit is too tight,True,2,United States
R03392,2026-05-16,P023,5,very durable in daily use,True,7,United States
R03393,2026-01-16,P016,4,fast delivery with no damage,False,2,United Kingdom
R03394,2026-01-08,P008,2,not worth the price,True,0,Canada
R03395,2026-01-31,P026,4,feels premium and reliable,True,3,United States
R03396,2026-03-23,P016,2,confusing setup and difficult controls,True,7,United States
R03397,2025-09-08,P030,3,does what the listing says,True,6,United Kingdom
R03398,2025-08-28,P020,3,acceptable overall with room to improve,True,2,United States
R03399,2026-04-19,P001,4,feels premium and reliable,True,6,United States
R03400,2025-10-26,P017,5,easy to set up and use,True,0,United States
R03401,2026-02-04,P022,1,arrived late with damaged packaging,True,1,Australia
R03402,2025-09-18,P026,5,better quality than expected,False,3,United Kingdom
R03403,2025-12-05,P015,4,easy to set up and use,False,2,United Kingdom
R03404,2026-07-04,P020,3,works as expected,True,1,United States
R03405,2025-12-27,P009,2,better quality than expected,False,3,United States
R03406,2026-02-11,P027,5,excellent build quality,True,4,United States
R03407,2026-01-09,P030,3,does what the listing says,True,1,United States
R03408,2026-02-27,P016,4,feels premium and reliable,True,2,Australia
R03409,2025-08-26,P017,4,easy to set up and use,True,2,Australia
R03410,2026-01-02,P018,1,broke much sooner than expected,True,0,Australia
R03411,2025-10-07,P019,1,durability is unacceptable,True,0,Canada
R03412,2026-02-02,P024,5,size and fit are exactly right,True,2,Germany
R03413,2025-09-22,P006,5,excellent build quality,True,1,United States
R03414,2025-09-18,P020,5,very durable in daily use,True,2,United States
R03415,2026-04-02,P029,5,great value for the price,True,2,United Kingdom
R03416,2025-09-29,P025,1,frustrating to use,True,2,United States
R03417,2026-01-05,P019,3,ok,True,0,United Kingdom
R03418,2025-10-21,P022,5,works intuitively,True,0,United Kingdom
R03419,2025-12-10,P023,4,size and fit are exactly right,True,2,Germany
R03420,2025-12-10,P015,5,feels premium and reliable,True,6,United States
R03421,2025-11-13,P017,4,easy to set up and use,True,5,United States
R03422,2025-12-15,P013,5,excellent build quality,True,7,United Kingdom
R03423,2025-09-18,P010,2,size and fit are exactly right,True,0,United States
R03424,2025-09-19,P021,4,works intuitively,False,1,United States
R03425,2026-04-21,P010,1,broke much sooner than expected,True,1,Germany
R03426,2026-02-23,P024,5,shipping was smooth,True,4,United States
R03427,2026-03-13,P022,1,delivery took far too long,True,1,United States
R03428,2025-11-02,P027,1,broke much sooner than expected,True,2,United States
R03429,2026-02-20,P010,2,poor build quality and cheap materials,False,2,United States
R03430,2026-02-21,P003,5,size and fit are exactly right,True,4,United States
R03431,2026-01-04,P005,3,box arrived crushed,True,1,United Kingdom
R03432,2025-12-18,P010,3,average experience,True,5,United Kingdom
R03433,2026-01-08,P006,5,arrived early and well packaged,True,4,Germany
R03434,2025-10-10,P023,3,works as expected,True,2,United States
R03435,2025-08-02,P006,3,works as expected,True,0,United States
R03436,2026-04-30,P004,2,average experience,True,4,United States
R03437,2025-11-10,P012,5,ok,True,3,Germany
R03438,2026-06-26,P018,5,fast delivery with no damage,True,2,United Kingdom
R03439,2026-01-12,P014,3,acceptable overall with room to improve,True,3,Germany
R03440,2026-01-10,P019,5,fast delivery with no damage,True,1,United States
R03441,2026-01-28,P011,5,fast delivery with no damage,True,1,United Kingdom
R03442,2026-07-08,P014,4,feels premium and reliable,True,3,Canada
R03443,2026-04-29,P013,4,fits perfectly and feels comfortable,True,6,Germany
R03444,2026-01-23,P012,4,comfortable for long sessions,True,3,United States
R03445,2025-08-12,P025,1,uncomfortable and badly sized,False,1,Canada
R03446,2026-05-13,P029,4,better quality than expected,True,1,United States
R03447,2026-01-22,P006,5,very durable in daily use,True,3,United Kingdom
R03448,2026-07-21,P019,3,acceptable overall with room to improve,True,1,United Kingdom
R03449,2026-03-15,P029,3,acceptable overall with room to improve,True,1,Canada
R03450,2026-02-09,P018,1,fit is too tight,True,0,Australia
R03451,2026-02-21,P025,4,fits perfectly and feels comfortable,True,2,Germany
R03452,2025-12-08,P024,4,has held up really well,True,4,Germany
R03453,2025-12-20,P016,5,fine,True,0,United States
R03454,2026-04-24,P023,5,excellent price to performance,True,4,United Kingdom
R03455,2025-09-11,P008,4,works intuitively,True,2,United States
R03456,2026-04-01,P010,5,has held up really well,True,4,Canada
R03457,2026-01-11,P013,3,does what the listing says,True,0,Germany
R03458,2026-06-28,P020,1,delivery took far too long,True,0,United States
R03459,2025-09-11,P024,5,excellent price to performance,True,1,United Kingdom
R03460,2026-03-07,P010,4,very durable in daily use,True,4,Canada
R03461,2026-05-17,P021,4,great value for the price,True,6,Australia
R03462,2026-01-13,P027,4,,True,6,Australia
R03463,2026-02-28,P003,4,ok,True,1,Canada
R03464,2026-05-04,P024,4,easy to set up and use,True,3,Germany
R03465,2026-03-05,P017,3,does what the listing says,False,1,Australia
R03466,2026-03-24,P030,5,easy to set up and use,True,3,Canada
R03467,2026-07-20,P005,2,stopped working after a few weeks,True,0,Germany
R03468,2025-10-15,P015,4,very durable in daily use,True,8,United States
R03469,2026-02-22,P027,5,feels premium and reliable,True,3,United Kingdom
R03470,2025-10-01,P030,5,excellent build quality,True,6,Canada
R03471,2025-09-18,P004,3,delivery took far too long,True,1,United States
R03472,2026-05-25,P012,5,excellent price to performance,True,1,Australia
R03473,2025-11-07,P014,2,shipping was smooth,True,0,United States
R03474,2026-01-28,P008,4,shipping was smooth,False,0,United Kingdom
R03475,2025-09-22,P007,2,arrived late with damaged packaging,True,3,United Kingdom
R03476,2025-10-27,P015,1,not worth the price,True,7,United States
R03477,2026-04-30,P025,4,very durable in daily use,True,1,United States
R03478,2026-01-12,P001,1,overpriced for what it offers,False,3,United Kingdom
R03479,2026-01-18,P019,5,has held up really well,True,2,Canada
R03480,2026-06-12,P017,5,product received,True,9,United States
R03481,2026-04-03,P018,4,has held up really well,True,3,Canada
R03482,2025-11-16,P014,5,fast delivery with no damage,True,0,United States
R03483,2025-09-16,P009,5,excellent build quality,True,1,United States
R03484,2026-07-29,P026,5,easy to set up and use,True,6,United Kingdom
R03485,2025-10-01,P018,3,average experience,True,1,United States
R03486,2025-11-29,P017,5,simple controls and clear instructions,True,2,Canada
R03487,2026-05-26,P005,5,still works perfectly after months,True,7,United States
R03488,2026-06-20,P028,5,simple controls and clear instructions,True,1,United States
R03489,2026-04-06,P004,4,easy to set up and use,True,2,Germany
R03490,2026-07-01,P005,5,worth every dollar,True,1,United Kingdom
R03491,2025-10-24,P028,5,excellent build quality,True,2,Germany
R03492,2026-01-18,P029,3,does what the listing says,True,0,United States
R03493,2026-03-01,P014,3,average experience,True,2,Canada
R03494,2025-08-09,P029,5,excellent build quality,True,1,Canada
R03495,2025-08-23,P026,4,excellent price to performance,True,5,Canada
R03496,2025-12-15,P015,5,fast delivery with no damage,True,3,United Kingdom
R03497,2026-04-02,P023,4,shipping was smooth,True,1,United States
R03498,2025-09-24,P016,4,has held up really well,True,1,United Kingdom
R03499,2026-04-23,P020,4,simple controls and clear instructions,True,2,United States
R03500,2025-11-02,P002,1,broke much sooner than expected,True,4,United States
R03501,2026-05-29,P016,3,acceptable overall with room to improve,True,4,Germany
R03502,2026-03-08,P001,4,worth every dollar,True,1,United Kingdom
R03503,2026-06-23,P017,2,instructions are unclear,True,9,United States
R03504,2025-08-16,P017,1,instructions are unclear,True,0,Australia
R03505,2026-01-01,P009,1,box arrived crushed,True,6,United States
R03506,2026-05-10,P013,5,fast delivery with no damage,True,3,Canada
R03507,2026-02-21,P027,5,shipping was smooth,True,2,Australia
R03508,2026-02-05,P011,1,delivery took far too long,True,4,United States
R03509,2026-03-23,P008,5,size and fit are exactly right,True,0,United States
R03510,2026-04-25,P003,4,worth every dollar,False,0,Canada
R03511,2026-03-31,P015,5,works intuitively,True,3,United States
R03512,2025-08-15,P028,1,overpriced for what it offers,True,3,United Kingdom
R03513,2025-11-06,P008,4,has held up really well,True,2,United States
R03514,2025-11-02,P002,3,does what the listing says,True,0,United States
R03515,2026-03-13,P020,2,not worth the price,True,2,Germany
R03516,2026-03-20,P015,4,frustrating to use,True,2,Australia
R03517,2025-11-07,P007,3,confusing setup and difficult controls,True,1,United States
R03518,2026-04-27,P005,5,fast delivery with no damage,False,3,Canada
R03519,2025-09-12,P024,4,fits perfectly and feels comfortable,True,0,Australia
R03520,2025-12-23,P017,2,confusing setup and difficult controls,True,0,United Kingdom
R03521,2026-01-06,P022,4,arrived early and well packaged,True,1,Canada
R03522,2026-06-15,P030,5,,True,2,Canada
R03523,2025-09-04,P003,2,fit is too tight,True,0,United Kingdom
R03524,2025-08-22,P018,4,ok,True,0,Australia
R03525,2025-12-09,P004,3,acceptable overall with room to improve,True,1,Canada
R03526,2026-05-29,P018,5,shipping was smooth,False,0,United States
R03527,2026-07-29,P027,4,excellent price to performance,True,4,United States
R03528,2026-05-26,P011,5,size and fit are exactly right,True,2,Australia
R03529,2026-05-05,P020,4,simple controls and clear instructions,True,5,United States
R03530,2026-03-06,P023,5,fast delivery with no damage,True,3,United Kingdom
R03531,2026-07-09,P016,4,very durable in daily use,True,0,United Kingdom
R03532,2025-11-06,P012,5,comfortable for long sessions,True,2,Canada
R03533,2025-11-07,P017,2,easy to set up and use,True,0,United Kingdom
R03534,2026-07-20,P030,4,great value for the price,True,5,Canada
R03535,2025-10-27,P027,5,better quality than expected,True,4,Germany
R03536,2025-08-08,P011,5,fits perfectly and feels comfortable,True,0,United Kingdom
R03537,2026-06-13,P006,4,easy to set up and use,True,2,United States
R03538,2026-01-25,P012,4,works intuitively,True,4,Germany
R03539,2026-06-11,P021,5,feels premium and reliable,True,1,Germany
R03540,2026-03-29,P022,5,feels premium and reliable,True,1,United States
R03541,2026-07-05,P012,5,shipping was smooth,True,0,United States
R03542,2026-07-24,P017,2,instructions are unclear,True,4,Germany
R03543,2025-11-19,P006,2,instructions are unclear,True,9,United States
R03544,2025-08-20,P022,4,shipping was smooth,True,5,Germany
R03545,2026-03-11,P012,2,poor build quality and cheap materials,True,1,Australia
R03546,2025-10-04,P029,5,excellent price to performance,True,0,Canada
R03547,2026-03-06,P027,4,excellent price to performance,True,0,United Kingdom
R03548,2026-02-21,P014,4,fits perfectly and feels comfortable,True,7,Canada
R03549,2025-12-27,P010,5,fits perfectly and feels comfortable,True,4,United States
R03550,2026-04-16,P012,4,simple controls and clear instructions,True,1,Australia
R03551,2025-09-27,P023,4,arrived early and well packaged,False,2,United Kingdom
R03552,2026-05-11,P010,5,excellent build quality,True,0,United Kingdom
R03553,2025-09-07,P016,5,product received,True,0,Canada
R03554,2025-11-14,P013,5,shipping was smooth,True,1,United States
R03555,2026-07-01,P007,5,shipping was smooth,True,0,United States
R03556,2025-08-29,P017,1,confusing setup and difficult controls,False,4,United States
R03557,2025-12-07,P029,4,fast delivery with no damage,True,1,United States
R03558,2025-09-26,P023,3,works as expected,True,0,Canada
R03559,2025-10-31,P011,2,box arrived crushed,True,1,United States
R03560,2026-07-09,P001,2,works as expected,True,3,United Kingdom
R03561,2025-11-24,P007,5,simple controls and clear instructions,True,1,United Kingdom
R03562,2026-03-17,P015,1,uncomfortable and badly sized,True,1,United States
R03563,2026-05-09,P028,2,not worth the price,True,6,United States
R03564,2025-12-08,P010,5,easy to set up and use,True,3,Canada
R03565,2025-09-19,P029,4,product received,True,0,Canada
R03566,2025-09-02,P029,4,has held up really well,True,0,United States
R03567,2025-09-03,P026,5,comfortable for long sessions,True,10,Germany
R03568,2026-02-13,P025,4,arrived early and well packaged,True,5,United Kingdom
R03569,2026-05-12,P027,5,product received,False,1,Canada
R03570,2025-10-22,P022,5,fast delivery with no damage,False,2,United States
R03571,2025-10-19,P030,4,shipping was smooth,True,0,United Kingdom
R03572,2026-04-08,P021,5,excellent price to performance,True,0,Germany
R03573,2025-10-03,P005,3,does what the listing says,True,0,United States
R03574,2025-12-13,P001,3,does what the listing says,True,7,United States
R03575,2026-03-09,P020,5,has held up really well,False,0,Australia
R03576,2025-11-03,P022,1,poor value compared with alternatives,False,7,Australia
R03577,2026-05-20,P008,4,better quality than expected,True,6,United States
R03578,2026-06-11,P001,5,excellent price to performance,True,3,United Kingdom
R03579,2025-10-23,P002,1,broke much sooner than expected,True,0,Germany
R03580,2026-06-30,P020,5,excellent price to performance,True,3,Australia
R03581,2025-09-11,P014,4,arrived early and well packaged,True,0,Germany
R03582,2025-09-30,P022,2,box arrived crushed,True,3,Canada
R03583,2025-10-07,P002,4,still works perfectly after months,True,3,United States
R03584,2025-11-15,P030,5,simple controls and clear instructions,True,1,United States
R03585,2026-01-17,P006,5,simple controls and clear instructions,True,4,Canada
R03586,2025-12-30,P005,4,still works perfectly after months,True,0,Canada
R03587,2026-06-23,P004,5,simple controls and clear instructions,True,4,United Kingdom
R03588,2025-11-11,P005,4,still works perfectly after months,True,3,Australia
R03589,2026-05-24,P029,1,uncomfortable and badly sized,True,0,United States
R03590,2026-06-11,P003,3,acceptable overall with room to improve,True,0,United States
R03591,2025-11-24,P021,4,feels premium and reliable,True,3,United States
R03592,2025-08-12,P018,5,worth every dollar,True,0,United States
R03593,2026-03-30,P008,2,broke much sooner than expected,True,2,Canada
R03594,2025-09-23,P021,4,easy to set up and use,True,2,United States
R03595,2026-01-19,P024,5,excellent price to performance,True,4,United States
R03596,2026-05-01,P005,2,stopped working after a few weeks,True,0,Germany
R03597,2026-02-03,P003,5,size and fit are exactly right,True,1,United Kingdom
R03598,2026-05-01,P005,5,feels premium and reliable,True,5,Canada
R03599,2025-12-09,P014,3,acceptable overall with room to improve,True,0,Canada
R03600,2026-04-19,P019,2,not worth the price,True,0,Canada
