source_system,source_customer_id,full_name,email,phone,address,city,country,postal_code,date_of_birth,created_at,updated_at,lifetime_value,entity_id
Ecommerce,ECO-00004,Sofia Smith,sofia.smith11@gmail.com,5276590650,95 Istiklal Cd,Istanbul,TR,34340,1998-10-20,2023-02-21,2026-01-13,200.06,E0011
Ecommerce,ECO-00175,Liam Brown,liam.brown9@yahoo.com,+90 549 271 0027,8 park lane,London,GB,SW1A,1977-02-12,2024-11-11,2026-05-26,8419.1,E0291
Support,SUP-00106,SOFIA AKSOY,sofia.aksoy17@gmail.com,5134463988,144 Hauptstrasse,Istanbul,TR,,1974-07-20,2023-09-16,2026-05-05,4221.13,E0158
CRM,CRM-00183,Ece Demir,ece.demir21@outlook.com,+90 597 531 6557,11 Hauptstrasse,Bursa,TR,16050,,2026-07-02,2026-05-15,891.9,E0303
Ecommerce,ECO-00079,EMMA BROWN,emma.brown36@gmail.com,+90 517 851 0412,129 Istiklal Cd,Berlin,DE,10115,1966-02-16,2024-10-10,2026-06-01,5329.6,E0130
Ecommerce,ECO-00066,Tolag Aydin,,,53 Cumhuriyet Caddesi,London,GB,,2002-07-10,2026-01-17,2026-04-14,4861.93,E0105
Ecommerce,ECO-00058,ZEYNEP SAHIN,zeynep.sahin46@proton.me,5177433247,144 Cumhuriyet Cd,Antalya,TR,07100,1973-10-19,2024-10-12,2026-05-31,6273.98,E0093
Support,SUP-00165,Leyla Kaya, LEYLA.KAYA11@GMAIL.COM ,+90 573 616 3081,170 Istiklal Caddesi,Berlin,DE,10115,,2024-01-19,2026-06-10,624.35,E0246
CRM,CRM-00052,Emre Yildiz,emre.yildiz43@yahoo.com,+90 577 434 6788,61 Barbaros Blv,Bursa,TR,16050,1985-04-23,2025-05-09,2026-07-30,8496.9,E0090
Ecommerce,ECO-00034,Kerem Sahin,kerem.sahin8@gmail.com,5197077025,84 Bagdat Caddesi,Izmir,TR,35220,1991-03-12,2023-04-01,2026-01-29,8353.01,E0055
Support,SUP-00055,Mehmet Celik,mehmet.celik28@proton.me,+90 571 406 0282,147 Bagdat Cd,Izmir,TR,35220,1972-02-02,2025-08-13,2026-04-21,4751.43,E0075
CRM,CRM-00174,Zeynep Aydin,zeynep.aydin1@gmail.com,+90 537 894 3112,76 Barbaros Blv,Ankara,TR,06510,1981-06-10,2025-04-08,2026-03-18,8192.88,E0283
Support,SUP-00187,ZEYNEP AYDIN,,+90 537 894 3112,76 Barbaros Blv,Ankara,TR,06510,1981-06-10,2024-05-07,2026-05-03,8192.88,E0283
Ecommerce,ECO-00142,Emma Aksoy,emma.aksoy38@gmail.com,+90 547 136 5061,123 Cumhuriyet Cd,Ankara,TR,06510,2003-06-17,2023-01-28,2026-02-06,5419.03,E0226
Support,SUP-00192,Emam Kaya,,+90 539 672 5318,109 Hauptstrasse,Antalya,TR,07100,1991-12-25,2023-06-18,2026-05-13,3701.03,E0290
Ecommerce,ECO-00060,EMRE ARSLAN,emre.arslan1@gmail.com,5316392587,77 Bagdat Cd,Berlin,DE,10115,,2023-01-29,2026-02-10,2367.89,E0095
Ecommerce,ECO-00101,Sofia Aksoy,sofia.aksoy17@gmail.com,+90 513 446 3988,144 Hauptstrasse,Istanbul,TR,34340,1974-07-20,2025-02-21,2026-04-28,4221.13,E0158
Support,SUP-00174,Can Polat,,+90 546 493 2980,111 Park Lane,Izmir,TR,35220,2002-10-30,2026-07-13,2026-02-12,3605.19,E0269
Ecommerce,ECO-00200,Zeynep Polat,zeynep.polat2@outlook.com,5587542322,151 Ataturk Cd,Bursa,TR,16050,1972-05-06,2026-07-07,2026-02-17,3395.48,E0331
Support,SUP-00119,SOFIA ERDOGAN,sofia.erdogan39@proton.me,+90 555 967 5330,99 Bagdat Caddesi,Ankara,TR,06510,,2024-10-12,2026-03-06,8399.31,E0180
CRM,CRM-00156,Ece Aksoy,ece.aksoy23@outlook.com,+90 555 855 1021,109 Istiklal Cd,Ankara,TR,06510,,2025-09-07,2026-02-15,2283.81,E0258
Ecommerce,ECO-00126,Mert Kilic,mert.kilic6@yahoo.com,5380616868,28 Istiklal Cd,Antalya,TR,07100,1965-02-22,2025-09-05,2026-03-11,1730.63,E0194
CRM,CRM-00113,Selin Taylor,selin.taylor45@gmail.com,+90 577 058 9913,44 barbaros blv,Berlin,DE,10115,1982-11-16,2026-02-17,2026-07-19,4265.91,E0186
Support,SUP-00286,ECE TAYLOR,ece.taylor18@gmail.com,+90 576 855 1227,12 Istiklal Caddesi,Bursa,TR,,1977-11-30,2025-05-07,2026-07-08,6251.74,E0441
CRM,CRM-00037,Can Kilic,can.kilic17@outlook.com,+90 515 892 7888,142 Ataturk Cd,London,GB,SW1A,1981-12-23,2024-11-21,2026-01-14,650.28,E0064
CRM,CRM-00229,Irem Koc,irem.koc46@gmail.com,+90 531 819 1888,126 cumhuriyet cd,Bursa,TR,16050,1977-04-14,2023-05-13,2026-07-25,7783.85,E0375
CRM,CRM-00128,Ece Polat,ece.polat30@yahoo.com,+90 582 623 7047,28 Hauptstrasse,Istanbul,TR,34340,1984-09-21,2023-07-15,2026-03-31,1650.45,E0218
Ecommerce,ECO-00081,Sofia Smith,sofia.smith38@yahoo.com,+90 563 419 5734,46 park lane,London,GB,SW1A,1981-01-27,2024-11-22,2026-06-04,2249.82,E0132
CRM,CRM-00082,Asli Celik, ASLI.CELIK44@GMAIL.COM ,+90 544 781 7561,151 Barbaros Blv,Ankara,TR,06510,,2026-05-17,2026-03-14,3704.89,E0138
CRM,CRM-00199,Liam Polat, LIAM.POLAT0@GMAIL.COM ,+90 541 888 8265,39 Cumhuriyet Cd,London,GB,SW1A,1967-09-14,2026-07-21,2026-04-07,4307.04,E0329
Support,SUP-00072,Ceren Demır,,,11 Barbaros Blv,Izmir,TR,35220,1973-05-30,2023-10-25,2026-07-14,1449.33,E0101
CRM,CRM-00011,Derya Erdogan,derya.erdogan21@proton.me,+90 552 585 7866,50 Park Lane,London,GB,SW1A,1985-03-22,2025-05-02,2026-01-07,6064.63,E0021
Support,SUP-00093,Deniz Demir,deniz.demir41@yahoo.com,+90 513 972 2066,145 Barbaros Blv,London,GB,SW1A,1981-07-07,2024-02-23,2026-01-10,722.55,E0135
Support,SUP-00248,DENIZ CELIK,deniz.celik45@yahoo.com,5830382106,11 Barbaros Blv,Antalya,TR,07100,,2025-03-25,2026-01-14,3302.78,E0374
CRM,CRM-00026,Arda Kilic,arda.kilic1@gmail.com,+90 553 872 9454,29 Istiklal Cd,Izmir,TR,35220,1992-01-16,2024-08-07,2026-01-15,3322.27,E0048
Support,SUP-00122,Kerem Yilmaz, KEREM.YILMAZ46@OUTLOOK.COM ,+90 550 813 2746,83 istiklal cd,Bursa,TR,16050,2002-12-02,2026-07-23,2026-04-08,1366.09,E0187
Ecommerce,ECO-00025,ECE ERDOGAN,ece.erdogan42@outlook.com,5895307872,39 Hauptstrasse,London,GB,SW1A,1965-09-28,2026-04-09,2026-04-28,7793.65,E0042
Support,SUP-00228,MIA BROWN,mia.brown19@yahoo.com,+90 513 429 3271,77 Park Lane,Antalya,TR,07100,1995-10-13,2024-05-11,2026-08-02,4817.61,E0348
Ecommerce,ECO-00243,SOFIA TAS,sofia.tas20@gmail.com,+90 564 359 9643,15 bagdat cd,Berlin,DE,,,2025-09-08,2026-01-19,6055.62,E0396
Ecommerce,ECO-00251,Deniz Sahin,deniz.sahin37@gmail.com,5109205458,122 Istiklal Cd,Berlin,DE,,1980-10-25,2025-09-24,2026-03-24,3078.85,E0413
Support,SUP-00191,Elif Taylor,elif.taylor6@proton.me,+90 538 940 5358,102 Bagdat Cd,Ankara,TR,06510,1967-06-05,2024-10-14,2026-01-01,1318.57,E0288
CRM,CRM-00148,Leyla Kaya,leyla.kaya11@gmail.com,+90 573 616 3081,170 Istiklal Cd,Berlin,DE,,1980-03-06,2025-04-14,2026-05-02,624.35,E0246
CRM,CRM-00269,Ozan Taylor, OZAN.TAYLOR13@YAHOO.COM ,+90 538 555 2134,53 Cumhuriyet Caddesi,Istanbul,TR,34340,1982-11-15,2025-10-27,2026-02-03,6844.75,E0436
Support,SUP-00052,TOLGA ERDOGAN,,5583303009,76 Hauptstrasse,Berlin,DE,10115,1987-10-01,2025-05-13,2026-07-04,480.47,E0070
Ecommerce,ECO-00021,Liam Demir,liam.demir38@yahoo.com,+90 516 589 0829,104 Park Lane,Antalya,TR,07100,,2025-06-17,2026-07-15,6794.04,E0038
Support,SUP-00124,Kerem Smıth,kerem.smith2@proton.me,5642284467,57 Hauptstrasse,Ankara,TR,06510,1998-10-21,2026-05-25,2026-01-08,7355.61,E0190
Ecommerce,ECO-00198,MIA SAHIN,mia.sahin44@gmail.com,+90 541 794 6168,14 Hauptstrasse,Istanbul,TR,,1991-12-04,2026-02-07,2026-06-30,6076.31,E0326
Support,SUP-00029,Ozan Demir,ozan.demir36@outlook.com,5675618598,115 Cumhuriyet Cd,London,GB,SW1A,1980-12-23,2024-12-05,2026-07-18,3105.46,E0036
Ecommerce,ECO-00191,Liam Smith,liam.smith33@outlook.com,5244981432,8 bagdat cd,Istanbul,TR,,2004-05-13,2025-07-20,2026-04-16,1548.21,E0315
Ecommerce,ECO-00127,NOAH DEMIR,noah.demir8@gmail.com,5395458550,169 Hauptstrasse,Ankara,TR,06510,1967-01-15,2025-02-12,2026-04-05,4149.6,E0196
Ecommerce,ECO-00273,SofiaT as,sofia.tas25@proton.me,+90 548 268 1155,84 Hauptstrasse,Antalya,TR,07100,2003-07-26,2025-08-09,2026-04-04,1608.34,E0448
Ecommerce,ECO-00073,SELIN AKSOY,selin.aksoy28@outlook.com,5448660614,173 Park Lane,Berlin,DE,10115,1993-04-19,2023-02-09,2026-01-17,5895.02,E0122
Support,SUP-00273,CanW ilson,,,119 Park Lane,Izmir,TR,35220,1996-01-05,2026-06-16,2026-05-08,990.43,E0418
Support,SUP-00138,Can Wilson,,+90 591 091 3163,22 Hauptstrasse,Ankara,TR,06510,1971-09-05,2026-04-21,2026-01-26,1374.49,E0208
CRM,CRM-00068,Aylin Koc,aylin.koc18@gmail.com,+90 533 621 7992,52 Ataturk Cd,Izmir,TR,35220,1974-08-19,2023-06-06,2026-06-06,940.17,E0112
Support,SUP-00172,Aylin Yilmaz,aylin.yilmaz32@gmail.com,+90 545 429 8082,146 Bagdat Cd,Istanbul,TR,34340,1983-06-18,2023-08-09,2026-07-18,4477.59,E0267
Support,SUP-00212,Elif Taylor,elif.taylor36@yahoo.com,+90 578 006 0972,86 Cumhuriyet Cd,Berlin,DE,10115,2004-08-15,2024-01-02,2026-03-09,6003.92,E0318
CRM,CRM-00219,Derya Koc,derya.koc32@proton.me,+90 538 843 2588,2 Barbaros Blv,Bursa,TR,,1981-08-27,2024-03-15,2026-01-29,7856.85,E0361
CRM,CRM-00237,Kerem Polat,kerem.polat7@gmail.com,+90 577 551 1887,68 Bagdat Cd,London,GB,SW1A,2000-10-13,2023-03-28,2026-02-22,7622.57,E0383
Ecommerce,ECO-00019,Ozan Demir,ozan.demir36@outlook.com,+90 567 561 8598,115 Cumhuriyet Caddesi,London,GB,SW1A,1980-12-23,2025-06-13,2026-06-30,3105.46,E0036
Support,SUP-00169,Mert Arslan,,5760827266,45 Hauptstrasse,Berlin,DE,10115,1971-05-23,2025-10-27,2026-05-13,7492.28,E0262
Ecommerce,ECO-00157,Liam Taylor,liam.taylor18@gmail.com,5226391830,104 Istiklal Cd,Antalya,TR,07100,2002-04-28,2026-03-12,2026-03-31,5460.21,E0253
Ecommerce,ECO-00224,Kerem Yilmaz,kerem.yilmaz38@gmail.com,+90 529 459 6306,159 Istiklal Caddesi,Istanbul,TR,34340,1965-09-11,2023-07-30,2026-05-11,644.83,E0367
CRM,CRM-00041,Tolga Smith,tolga.smith26@outlook.com,+90 579 940 3985,89 Hauptstrasse,London,GB,SW1A,1993-08-06,2023-03-23,2026-06-01,1704.15,E0073
CRM,CRM-00260,Can Ozdemir,can.ozdemir44@yahoo.com,+90 517 634 2005,21 Park Lane,Istanbul,TR,34340,,2025-03-17,2026-07-22,8438.19,E0420
Support,SUP-00211,Tolga Sahin,tolga.sahin35@outlook.com,+90 517 311 7737,36 istiklal cd,London,GB,SW1A,,2023-03-18,2026-04-03,3079.13,E0317
Support,SUP-00177,Arda Miller,arda.miller37@proton.me,5480482817,65 Park Lane,Bursa,TR,16050,1975-03-01,2025-01-09,2026-04-17,2790.83,E0272
CRM,CRM-00149,Arda Ozdemir,arda.ozdemir12@proton.me,+90 554 138 8138,127 Park Lane,Izmir,TR,35220,,2023-01-09,2026-06-16,4326.66,E0247
Support,SUP-00129,Noah Demir, NOAH.DEMIR8@GMAIL.COM ,5395458550,169 hauptstrasse,Ankara,TR,06510,1967-01-15,2023-10-19,2026-02-04,4149.6,E0196
Support,SUP-00108,Arda Brown,,+90 561 995 3891,107 Hauptstrasse,London,GB,SW1A,1979-06-10,2026-07-13,2026-04-16,214.3,E0161
Ecommerce,ECO-00077,Ca nYilmaz,can.yilmaz34@outlook.com,+90 523 915 2179,12 Istiklal Caddesi,Izmir,TR,35220,1989-07-05,2024-09-19,2026-02-14,3927.01,E0128
Ecommerce,ECO-00023,Deniz Polat,deniz.polat40@outlook.com,5561848965,168 Bagdat Caddesi,Istanbul,TR,34340,1988-01-16,2026-04-13,2026-05-04,4395.64,E0040
CRM,CRM-00132,Tolga Smith,tolga.smith35@yahoo.com,+90 516 373 4524,72 Hauptstrasse,Antalya,TR,07100,2002-09-15,2023-02-24,2026-06-01,5017.9,E0223
Ecommerce,ECO-00270,KEREM CELIK,kerem.celik21@outlook.com,5236848668,103 Barbaros Blv,Bursa,TR,16050,,2023-03-01,2026-03-23,5430.84,E0444
Ecommerce,ECO-00014,Tolga Smtih, TOLGA.SMITH27@OUTLOOK.COM ,+90 531 871 2284,19 Park Lane,Ankara,TR,06510,,2025-09-25,2026-04-16,7352.95,E0027
Support,SUP-00121,Arda Tas,,+90 591 613 6095,78 Bagdat Cd,Istanbul,TR,34340,1996-04-22,2025-11-21,2026-03-14,2453.2,E0183
Ecommerce,ECO-00131,SELIN OZDEMIR,selin.ozdemir14@yahoo.com,+90 570 314 7937,107 Bagdat Cd,Bursa,TR,16050,1993-07-23,2025-08-25,2026-04-15,3644.06,E0202
Ecommerce,ECO-00017,Mert Kilic,mert.kilic32@outlook.com,+90 596 373 4918,179 Ataturk Cd,Istanbul,TR,,1995-09-20,2026-06-28,2026-08-07,8349.49,E0032
CRM,CRM-00095,Sofia Aksoy,sofia.aksoy17@gmail.com,+90 513 446 3988,144 Hauptstrasse,Istanbul,TR,34340,1974-07-20,2026-02-18,2026-05-15,4221.13,E0158
Ecommerce,ECO-00160,Tolga Yildiz,tolga.yildiz21@gmail.com,+90 587 969 5825,37 bagdat cd,Istanbul,TR,34340,1972-10-13,2025-04-05,2026-01-03,4736.69,E0256
Ecommerce,ECO-00272,Derya Smıth,derya.smith24@outlook.com,+90 586 220 9578,122 Cumhuriyet Cd,Ankara,TR,06510,1973-01-30,2025-11-22,2026-06-03,1643.76,E0447
Support,SUP-00067,Irem Arslan,irem.arslan45@outlook.com,5464830163,136 Park Lane,London,GB,SW1A,1980-12-25,2025-04-23,2026-06-09,6602.08,E0092
Support,SUP-00240,Arda Yildiz,arda.yildiz34@yahoo.com,5802487169,36 Ataturk Caddesi,London,GB,SW1A,1986-02-06,2023-06-02,2026-05-05,1241.85,E0363
Ecommerce,ECO-00205,Deniz Tas,deniz.tas7@outlook.com,+90 544 510 1541,132 Ataturk Cd,Istanbul,TR,34340,1989-03-06,2025-03-20,2026-05-15,1402.12,E0336
Ecommerce,ECO-00121,Arda Polat, ARDA.POLAT0@PROTON.ME ,+90 531 076 0477,9 Hauptstrasse,Ankara,TR,,1967-10-15,2023-10-06,2026-07-20,4011.83,E0188
CRM,CRM-00206,Tolga Ozdemir,tolga.ozdemir8@proton.me,+90 550 977 9511,93 Hauptstrasse,London,GB,SW1A,1990-12-22,2023-07-01,2026-02-19,8002.98,E0337
Support,SUP-00268,KEREM KAYA,kerem.kaya31@outlook.com,+90 522 901 0575,143 Istiklal Cd,Antalya,TR,07100,1973-08-14,2026-06-08,2026-03-02,8441.38,E0407
CRM,CRM-00157,Can Koc,can.koc24@outlook.com,+90 564 972 2827,95 Istiklal Caddesi,Izmir,TR,35220,2003-09-13,2024-07-21,2026-02-09,1423.8,E0259
Ecommerce,ECO-00053,Deniz Wilson,deniz.wilson37@yahoo.com,+90 580 185 7417,150 Park Lane,Antalya,TR,07100,1972-12-30,2024-09-16,2026-05-19,6861.07,E0084
CRM,CRM-00145,Derya Erdogan,derya.erdogan8@outlook.com,+90 570 449 8694,6 Barbaros Blv,Berlin,DE,10115,1989-12-09,2023-09-14,2026-04-30,5312.01,E0243
Ecommerce,ECO-00214,Emma Wilson,emma.wilson20@outlook.com,+90 570 789 0545,25 Hauptstrasse,Izmir,TR,,2001-10-06,2026-02-10,2026-03-08,1373.8,E0349
CRM,CRM-00089,Kerem Brown,kerem.brown6@gmail.com,+90 541 980 3873,4 Istiklal Cd,Istanbul,TR,34340,1972-10-22,2025-03-08,2026-06-14,3219.39,E0147
CRM,CRM-00080,Zeynep Yilmaz,zeynep.yilmaz37@outlook.com,+90 530 596 6301,174 Cumhuriyet Cd,London,GB,SW1A,1972-01-05,2023-11-05,2026-05-23,2935.82,E0131
Support,SUP-00154,OZAN KOC,ozan.koc41@proton.me,5286566167,161 Barbaros Blv,London,GB,SW1A,1998-11-02,2023-06-15,2026-02-25,4003.43,E0229
Support,SUP-00184,Oliver Yildiz,,5533844290,71 Istiklal Cd,Ankara,TR,,2002-02-18,2024-11-15,2026-06-02,4052.53,E0279
Ecommerce,ECO-00114,Dreya Aydin,derya.aydin38@proton.me,+90 540 105 1147,141 Bagdat Caddesi,Antalya,TR,,1995-05-21,2023-03-14,2026-04-05,2799.83,E0179
Support,SUP-00281,Selın Koc,,,22 Bagdat Caddesi,Ankara,TR,06510,1973-02-02,2026-02-11,2026-07-31,4223.44,E0435
CRM,CRM-00223,Emma Kaya,emma.kaya40@yahoo.com,+90 592 607 6655,147 Cumhuriyet Caddesi,Bursa,TR,16050,1972-04-25,2026-03-03,2026-01-22,2833.68,E0369
CRM,CRM-00032,Irem Kaya, IREM.KAYA11@PROTON.ME ,+90 510 081 8733,61 Bagdat Cd,Ankara,TR,,1972-04-24,2024-08-13,2026-06-29,7567.68,E0058
CRM,CRM-00134,Tolga Demir,tolga.demir37@yahoo.com,+90 572 734 9305,169 Cumhuriyet Cd,Izmir,TR,35220,1999-06-20,2023-08-05,2026-06-15,6036.21,E0225
Ecommerce,ECO-00155,Derya Smıth,derya.smith14@outlook.com,+90 566 073 1647,82 ataturk cd,Istanbul,TR,34340,1983-04-22,2025-02-13,2026-06-09,2126.42,E0249
CRM,CRM-00111,Derya Kilic,derya.kilic43@proton.me,+90 598 674 2181,76 Hauptstrasse,Izmir,TR,,2003-06-30,2023-12-02,2026-03-19,822.78,E0184
CRM,CRM-00007,Leyla Tas,leyla.tas13@gmail.com,+90 574 848 2196,126 ataturk cd,Istanbul,TR,34340,1993-10-05,2023-11-21,2026-05-11,6813.03,E0013
Ecommerce,ECO-00207,Can Aksoy,can.aksoy10@outlook.com,+90 580 455 5175,140 Cumhuriyet Caddesi,London,GB,SW1A,2000-09-03,2025-04-21,2026-04-19,4983.2,E0339
CRM,CRM-00075,Aylin Yilmaz,aylin.yilmaz27@proton.me,+90 572 343 2687,41 Hauptstrasse,Antalya,TR,,1969-08-03,2023-11-14,2026-07-25,4371.75,E0121
Ecommerce,ECO-00038,Can Kılıc,can.kilic17@outlook.com,+90 515 892 7888,142 Ataturk Caddesi,London,GB,SW1A,1981-12-23,2024-04-01,2026-04-08,650.28,E0064
Support,SUP-00036,Ceren Demir,ceren.demir0@proton.me,+90 535 850 9391,86 park lane,Istanbul,TR,34340,1981-09-03,2024-10-22,2026-02-10,6778.99,E0047
Support,SUP-00148,Tolga Smith,tolga.smith35@yahoo.com,5163734524,72 Hauptstrasse,Antalya,TR,07100,2002-09-15,2024-10-02,2026-07-31,5017.9,E0223
Support,SUP-00223,Deniz Tas,,+90 544 510 1541,132 Ataturk Cd,Istanbul,TR,,1989-03-06,2023-10-19,2026-01-06,1402.12,E0336
Support,SUP-00153,Mia Erdogan,mia.erdogan40@gmail.com,+90 544 821 6351,91 Hauptstrasse,Antalya,TR,07100,1966-09-08,2025-08-15,2026-06-16,599.02,E0228
Ecommerce,ECO-00177,Ceren Ozdemır,ceren.ozdemir13@yahoo.com,+90 584 667 4647,40 Barbaros Blv,London,GB,SW1A,1977-07-19,2026-06-30,2026-05-04,4236.66,E0295
CRM,CRM-00054,Zeynep Sahin,zeynep.sahin46@proton.me,+90 517 743 3247,144 Cumhuriyet Caddesi,Antalya,TR,07100,,2026-03-29,2026-07-26,6273.98,E0093
CRM,CRM-00226,Derya Erdogan,derya.erdogan43@outlook.com,+90 551 898 8005,114 Park Lane,Izmir,TR,35220,1973-05-02,2024-04-03,2026-01-30,646.25,E0372
CRM,CRM-00079,Emma Brown,emma.brown36@gmail.com,+90 517 851 0412,129 istiklal cd,Berlin,DE,10115,1966-02-16,2023-12-10,2026-06-05,5329.6,E0130
Support,SUP-00200,Emre Arslan,emre.arslan18@proton.me,+90 567 190 1597,168 Istiklal Cd,Istanbul,TR,34340,1998-11-05,2025-05-15,2026-03-08,3946.66,E0300
CRM,CRM-00015,Tolga Smith,tolga.smith27@outlook.com,+90 531 871 2284,19 Park Lane,Ankara,TR,06510,1979-07-30,2026-04-05,2026-03-18,7352.95,E0027
Support,SUP-00085,MIA DEMIR,,,35 Barbaros Blv,Antalya,TR,07100,1966-10-04,2025-05-10,2026-01-28,640.16,E0123
Ecommerce,ECO-00117,Arda Tas,arda.tas42@proton.me,5916136095,78 bagdat cd,Istanbul,TR,,1996-04-22,2025-10-19,2026-03-31,2453.2,E0183
Support,SUP-00026,OLIVER AKSOY,oliver.aksoy33@outlook.com,+90 556 441 8693,159 Cumhuriyet Caddesi,Berlin,DE,10115,,2023-12-08,2026-02-12,5005.88,E0033
Ecommerce,ECO-00049,Ozan Yıldız,ozan.yildiz32@proton.me,+90 579 776 3362,166 Bagdat Cd,London,GB,SW1A,1971-10-14,2026-02-02,2026-06-03,5539.74,E0079
Support,SUP-00048,Aylin Sahin,aylin.sahin18@gmail.com,+90 596 623 2775,68 Bagdat Caddesi,Berlin,DE,10115,2001-04-06,2023-10-12,2026-07-20,6789.57,E0065
Ecommerce,ECO-00124,Emma Sahin, EMMA.SAHIN3@OUTLOOK.COM ,+90 536 536 7680,100 Park Lane,Istanbul,TR,,1991-11-13,2024-01-23,2026-03-11,4452.54,E0191
Ecommerce,ECO-00209,Leyla Arslan,leyla.arslan13@gmail.com,+90 575 344 1742,39 Cumhuriyet Cd,London,GB,SW1A,1974-03-20,2025-12-14,2026-05-28,6237.13,E0342
Ecommerce,ECO-00084,Elif Smith, ELIF.SMITH42@YAHOO.COM ,+90 563 568 1982,32 barbaros blv,Izmir,TR,,1996-03-29,2024-08-29,2026-04-30,6187.11,E0136
CRM,CRM-00055,Ozan Koc, OZAN.KOC0@GMAIL.COM ,+90 514 052 2536,111 Bagdat Cd,Izmir,TR,35220,1974-10-22,2023-05-07,2026-05-24,5415.99,E0094
Support,SUP-00086,Elif Yilmaz,,+90 536 295 7821,47 Bagdat Caddesi,Berlin,DE,10115,1967-05-28,2023-03-22,2026-02-16,6521.17,E0124
Support,SUP-00094,Elif Smith,,+90 563 568 1982,32 Barbaros Blv,Izmir,TR,35220,1996-03-29,2023-03-09,2026-07-20,6187.11,E0136
Ecommerce,ECO-00074,Mia Demir, MIA.DEMIR29@OUTLOOK.COM ,+90 573 490 1221,35 Barbaros Blv,Antalya,TR,07100,1966-10-04,2024-11-27,2026-05-01,640.16,E0123
CRM,CRM-00116,Irem Celik, IREM.CELIK5@GMAIL.COM ,+90 516 053 3875,20 Bagdat Cd,Antalya,TR,07100,1986-11-24,2024-06-06,2026-02-19,6810.32,E0193
Support,SUP-00277,EMRE YILDIZ, EMRE.YILDIZ6@GMAIL.COM ,5970950107,147 Barbaros Blv,London,GB,SW1A,2004-01-05,2024-06-01,2026-06-22,2941.56,E0429
CRM,CRM-00018,Elif Polat,elif.polat34@proton.me,+90 539 857 0541,81 Barbaros Blv,Berlin,DE,10115,1972-12-30,2023-02-23,2026-01-17,1809.45,E0034
Ecommerce,ECO-00242,Oliver Koc,oliver.koc19@yahoo.com,+90 597 142 9533,94 Ataturk Cd,Ankara,TR,06510,1978-09-02,2023-09-24,2026-03-16,4674.32,E0395
CRM,CRM-00013,Elif Tas,elif.tas25@proton.me,+90 527 979 4897,70 Ataturk Cd,Antalya,TR,07100,,2025-05-03,2026-07-15,586.02,E0025
Ecommerce,ECO-00027,Liam Koc, LIAM.KOC46@YAHOO.COM ,+90 558 179 9101,135 Istiklal Cd,Bursa,TR,,1977-08-15,2023-08-12,2026-07-20,7658.63,E0046
CRM,CRM-00010,Can Miller,can.miller20@proton.me,+90 561 248 4530,131 hauptstrasse,London,GB,SW1A,,2023-11-14,2026-01-09,347.29,E0020
Ecommerce,ECO-00105,Burak Kaya,burak.kaya22@gmail.com,+90 529 779 9489,143 Bagdat Cd,Izmir,TR,35220,1967-03-05,2024-06-10,2026-05-16,3804.68,E0163
Support,SUP-00214,Emma Taylor,emma.taylor40@proton.me,+90 567 674 0888,68 istiklal cd,Berlin,DE,10115,1987-06-28,2026-06-15,2026-05-07,4345.92,E0322
Support,SUP-00076,Emre Brown,,5172436987,63 Hauptstrasse,London,GB,SW1A,1990-12-14,2026-02-01,2026-06-16,4621.04,E0108
Support,SUP-00136,Derya Polat,,+90 560 113 4166,78 Ataturk Cd,Antalya,TR,07100,,2025-06-01,2026-05-11,347.5,E0205
CRM,CRM-00218,Emre Arslan,emre.arslan31@outlook.com,+90 585 533 5596,140 Bagdat Cd,Izmir,TR,,,2023-08-13,2026-08-06,5134.16,E0360
CRM,CRM-00028,Leyla Miller,leyla.miller6@yahoo.com,+90 528 602 0524,27 istiklal cd,London,GB,SW1A,1990-12-02,2026-07-04,2026-01-25,3584.25,E0053
Support,SUP-00140,CerenK ilic,,+90 549 941 1974,34 Ataturk Caddesi,Istanbul,TR,34340,1971-10-05,2025-05-10,2026-03-13,3534.47,E0211
Ecommerce,ECO-00128,Emre Smıth, EMRE.SMITH10@OUTLOOK.COM ,5674397671,122 Cumhuriyet Cd,Bursa,TR,16050,1970-07-01,2025-10-27,2026-07-16,2498.04,E0198
Support,SUP-00009,Arda Wilson,arda.wilson12@yahoo.com,+90 586 950 5933,68 Ataturk Cd,Antalya,TR,07100,1967-04-03,2025-08-28,2026-02-13,5826.63,E0012
Support,SUP-00103,MERT POLAT,mert.polat12@gmail.com,+90 577 429 5917,160 Barbaros Blv,Ankara,TR,06510,1981-10-30,2023-09-27,2026-05-29,879.39,E0153
CRM,CRM-00063,Mehmet Miller,mehmet.miller9@gmail.com,+90 553 172 2274,7 bagdat cd,Izmir,TR,,1986-01-22,2023-11-11,2026-07-21,6474.92,E0103
Ecommerce,ECO-00141,TOLGA DEMIR,tolga.demir37@yahoo.com,5727349305,169 cumhuriyet cd,Izmir,TR,35220,1999-06-20,2026-07-06,2026-01-08,6036.21,E0225
CRM,CRM-00167,Oliver Miller,oliver.miller39@yahoo.com,+90 569 243 4685,46 Park Lane,Antalya,TR,07100,2001-12-21,2024-08-21,2026-04-25,363.02,E0274
CRM,CRM-00017,Emma Miller,emma.miller31@proton.me,+90 575 232 1352,17 Barbaros Blv,Izmir,TR,35220,1976-10-29,2025-11-21,2026-07-01,5359.3,E0031
Ecommerce,ECO-00196,Deniz Wilson, DENIZ.WILSON42@YAHOO.COM ,+90 575 621 1254,157 bagdat cd,Istanbul,TR,34340,1981-07-04,2024-06-25,2026-04-06,533.71,E0324
CRM,CRM-00072,Aylin Kaya, AYLIN.KAYA22@PROTON.ME ,+90 529 835 1899,1 Cumhuriyet Caddesi,Bursa,TR,16050,1969-04-04,2026-02-09,2026-05-30,4237.69,E0116
Support,SUP-00271,Ece Smith,ece.smith40@proton.me,+90 585 435 0840,124 Barbaros Blv,Istanbul,TR,34340,,2024-06-08,2026-04-25,8193.28,E0416
CRM,CRM-00119,Selin Ozdemir,selin.ozdemir14@yahoo.com,+90 570 314 7937,107 Bagdat Cd,Bursa,TR,16050,1993-07-23,2024-08-03,2026-07-19,3644.06,E0202
CRM,CRM-00077,Leyla Wilson,leyla.wilson33@proton.me,+90 515 836 5002,6 istiklal cd,London,GB,SW1A,1988-01-22,2023-03-30,2026-06-24,3429.62,E0127
Support,SUP-00020,NOAH ERDOGAN, NOAH.ERDOGAN24@GMAIL.COM ,5220133924,2 Cumhuriyet Cd,Berlin,DE,10115,1969-02-23,2025-02-15,2026-01-08,7866.24,E0024
CRM,CRM-00155,Sofia Aydin,sofia.aydin22@proton.me,+90 558 563 0019,6 Istiklal Cd,London,GB,SW1A,1992-07-06,2024-07-01,2026-02-13,7489.86,E0257
CRM,CRM-00268,Selin Koc,selin.koc12@proton.me,+90 541 103 6507,22 Bagdat Caddesi,Ankara,TR,06510,1973-02-02,2025-05-26,2026-07-26,4223.44,E0435
Support,SUP-00181,Erme Aydin,emre.aydin41@yahoo.com,+90 548 705 2306,32 Istiklal Cd,Berlin,DE,,1967-10-11,2023-11-10,2026-07-09,5089.22,E0276
Ecommerce,ECO-00192,Elif Taylor, ELIF.TAYLOR36@YAHOO.COM ,+90 578 006 0972,86 Cumhuriyet Cd,Berlin,DE,10115,2004-08-15,2024-02-27,2026-05-17,6003.92,E0318
Ecommerce,ECO-00249,Kerem Kaya,kerem.kaya31@outlook.com,5229010575,143 Istiklal Cd,Antalya,TR,07100,1973-08-14,2025-02-01,2026-07-13,8441.38,E0407
Ecommerce,ECO-00006,Liam Sahin,liam.sahin14@gmail.com,5807682967,54 Ataturk Cd,Antalya,TR,07100,1986-11-09,2023-02-09,2026-03-08,5365.77,E0014
Support,SUP-00242,Noah Taylor,noah.taylor37@proton.me,+90 590 722 1888,52 Bagdat Cd,Istanbul,TR,,2004-01-23,2023-07-23,2026-03-06,1837.97,E0366
Support,SUP-00185,Deniz Kilic,,5305824867,26 Barbaros Blv,Izmir,TR,35220,,2023-01-03,2026-06-15,700.87,E0280
Ecommerce,ECO-00169,Emre yAdin,emre.aydin41@yahoo.com,5487052306,32 Istiklal Caddesi,Berlin,DE,10115,1967-10-11,2024-02-22,2026-06-11,5089.22,E0276
Ecommerce,ECO-00130,DERYA OZDEMIR,derya.ozdemir13@outlook.com,5339856894,22 barbaros blv,Antalya,TR,07100,1965-08-07,2024-01-05,2026-01-23,4156.87,E0201
CRM,CRM-00166,Ceren Koc,ceren.koc38@proton.me,+90 532 641 7612,105 Istiklal Cd,Istanbul,TR,34340,1984-01-22,2023-01-05,2026-05-08,2641.09,E0273
Support,SUP-00091,SOFIA SMITH,sofia.smith38@yahoo.com,+90 563 419 5734,46 Park Lane,London,GB,SW1A,1981-01-27,2026-02-18,2026-02-21,2249.82,E0132
Support,SUP-00183,Emma Mıller,emma.miller43@gmail.com,+90 528 646 9087,86 Barbaros Blv,Izmir,TR,35220,1992-07-16,2026-02-08,2026-01-22,5271.05,E0278
CRM,CRM-00280,EMMA KAYA,,,74 Istiklal Caddesi,Izmir,TR,35220,,2026-07-01,2026-07-15,279.46,A010
Support,SUP-00233,Deniz Demir,,+90 556 574 7831,41 Ataturk Caddesi,Bursa,TR,16050,1986-08-23,2025-05-23,2026-02-09,2854.54,E0355
Support,SUP-00077,Mert Aksoy,mert.aksoy16@proton.me,+90 578 764 7978,14 Istiklal Caddesi,Istanbul,TR,34340,1985-01-21,2023-01-10,2026-05-04,7586.12,E0110
Support,SUP-00292,Olievr Celik,,,129 park lane,Ankara,TR,06510,,2026-07-01,2026-07-15,398.14,A002
Ecommerce,ECO-00252,Oliver Yildiz,,,135 Barbaros Blv,Istanbul,TR,34340,1983-05-15,2023-06-15,2026-06-22,436.84,E0414
Support,SUP-00222,Burak Aydin,,,159 istiklal cd,Istanbul,TR,34340,1986-03-13,2024-05-27,2026-07-17,6972.71,E0334
Ecommerce,ECO-00221,Arda Yildiz, ARDA.YILDIZ34@YAHOO.COM ,+90 580 248 7169,36 Ataturk Cd,London,GB,SW1A,1986-02-06,2026-03-19,2026-07-29,1241.85,E0363
Ecommerce,ECO-00113,Aslı Kılıc,asli.kilic37@yahoo.com,+90 597 737 9782,50 Hauptstrasse,Berlin,DE,10115,1978-11-01,2024-10-12,2026-03-03,312.67,E0178
Ecommerce,ECO-00108,Burak Polat,burak.polat28@outlook.com,+90 542 369 0479,43 Barbaros Blv,Istanbul,TR,34340,1994-05-08,2023-05-03,2026-01-27,2032.86,E0169
CRM,CRM-00215,Emma Wilson, EMMA.WILSON20@OUTLOOK.COM ,+90 570 789 0545,25 Hauptstrasse,Izmir,TR,35220,2001-10-06,2024-09-24,2026-06-03,1373.8,E0349
CRM,CRM-00171,Oliver Yildiz, OLIVER.YILDIZ44@PROTON.ME ,+90 553 384 4290,71 Istiklal Cd,Ankara,TR,06510,,2026-02-15,2026-06-08,4052.53,E0279
CRM,CRM-00009,Irem Aksoy,irem.aksoy19@yahoo.com,+90 514 664 3408,78 Ataturk Cd,Berlin,DE,,1978-10-10,2025-08-13,2026-04-08,4436.55,E0019
CRM,CRM-00043,Mia Koc, MIA.KOC31@PROTON.ME ,+90 587 832 8046,136 Park Lane,London,GB,SW1A,1969-11-21,2023-03-09,2026-06-30,3899.05,E0078
Support,SUP-00220,EmmaA ydin,,5934350217,143 Istiklal Caddesi,Izmir,TR,35220,1970-08-17,2024-03-19,2026-01-25,6676.12,E0330
Support,SUP-00278,Mehmet Taylor,,+90 522 266 8325,177 Istiklal Cd,Antalya,TR,07100,1972-04-09,2024-06-17,2026-02-12,5417.53,E0431
Ecommerce,ECO-00212,Mehmet Arslan,mehmet.arslan18@outlook.com,+90 548 797 3135,144 Barbaros Blv,Antalya,TR,07100,1972-10-21,2023-05-28,2026-07-05,219.08,E0347
Ecommerce,ECO-00054,KEREM KOC,kerem.koc39@proton.me,5353748292,26 Bagdat Cd,Ankara,TR,06510,1973-05-18,2024-06-04,2026-07-09,3741.03,E0086
Support,SUP-00023,Mert Sahın, MERT.SAHIN28@OUTLOOK.COM ,+90 591 097 8260,88 Istiklal Cd,Izmir,TR,35220,1993-08-21,2026-04-07,2026-06-22,1104.62,E0028
Ecommerce,ECO-00050,TOLGA MILLER, TOLGA.MILLER33@YAHOO.COM ,+90 589 298 0446,92 istiklal cd,Izmir,TR,35220,1992-06-11,2023-02-17,2026-03-08,7893.71,E0080
Ecommerce,ECO-00097,Mret Polat,mert.polat12@gmail.com,5774295917,160 Barbaros Blv,Ankara,TR,06510,1981-10-30,2023-10-02,2026-01-30,879.39,E0153
CRM,CRM-00141,Derya Yildiz,derya.yildiz3@yahoo.com,+90 556 628 3301,1 Barbaros Blv,Antalya,TR,07100,1966-10-19,2025-09-30,2026-05-10,739.54,E0238
CRM,CRM-00277,Ozan Talyor,,,25 Istiklal Caddesi,Berlin,DE,10115,,2026-07-01,2026-07-15,280.51,A001
Ecommerce,ECO-00088,Irem Celik,irem.celik46@outlook.com,+90 553 198 8567,75 Bagdat Cd,Bursa,TR,,1990-04-19,2024-06-11,2026-05-10,8250.37,E0140
Ecommerce,ECO-00228,Liam Taylor,liam.taylor44@yahoo.com,5936336812,127 park lane,Izmir,TR,35220,,2026-07-17,2026-07-22,7198.41,E0373
CRM,CRM-00112,Zeynep Brown,zeynep.brown44@outlook.com,+90 569 853 7286,128 bagdat cd,Istanbul,TR,34340,1975-08-06,2023-05-14,2026-07-15,1086.31,E0185
Support,SUP-00251,Deniz Polat,deniz.polat4@proton.me,5937601372,139 hauptstrasse,Bursa,TR,16050,1995-10-31,2024-07-22,2026-06-22,1206.54,E0380
Support,SUP-00035,Liam Koc,,+90 558 179 9101,135 Istiklal Cd,Bursa,TR,16050,1977-08-15,2026-05-11,2026-06-10,7658.63,E0046
Support,SUP-00257,Emma Polat,,5188730715,109 Hauptstrasse,Berlin,DE,10115,,2023-07-02,2026-03-25,7948.39,E0389
Ecommerce,ECO-00011,Liam Sahin,liam.sahin23@gmail.com,+90 583 948 8573,105 Bagdat Cd,London,GB,SW1A,,2026-01-04,2026-05-13,3361.92,E0023
Support,SUP-00010,Leyla Tas,,+90 574 848 2196,126 Ataturk Cd,Istanbul,TR,,1993-10-05,2023-01-19,2026-01-30,6813.03,E0013
Ecommerce,ECO-00092,LiamA rslan,liam.arslan4@outlook.com,+90 576 817 2402,152 Bagdat Cd,Ankara,TR,06510,,2025-05-13,2026-04-28,3182.21,E0145
CRM,CRM-00084,Tolga Ozdemir,tolga.ozdemir1@gmail.com,+90 532 395 5896,141 cumhuriyet cd,Bursa,TR,16050,1995-06-24,2026-06-27,2026-07-14,1592.01,E0142
Support,SUP-00084,Ceren Kılıc,ceren.kilic26@gmail.com,+90 555 472 3747,121 Ataturk Cd,Ankara,TR,,2000-02-12,2024-09-07,2026-07-17,4827.64,E0120
Support,SUP-00276,Tolga Smith,tolga.smith4@gmail.com,5306420018,102 Park Lane,Ankara,TR,06510,,2024-01-14,2026-02-10,4801.0,E0427
Support,SUP-00065,Emre Yildiz,emre.yildiz43@yahoo.com,5774346788,61 Barbaros Blv,Bursa,TR,16050,1985-04-23,2024-01-30,2026-04-13,8496.9,E0090
CRM,CRM-00065,Leyla Erdogan,leyla.erdogan12@gmail.com,+90 564 519 3833,38 Hauptstrasse,Antalya,TR,07100,1977-10-04,2023-03-31,2026-03-26,907.08,E0106
Support,SUP-00016,Can Miller,,+90 561 248 4530,131 Hauptstrasse,London,GB,SW1A,1977-06-09,2024-03-08,2026-04-08,347.29,E0020
Ecommerce,ECO-00012,Elif Tas, ELIF.TAS25@PROTON.ME ,5279794897,70 Ataturk Caddesi,Antalya,TR,07100,1992-09-10,2024-05-04,2026-03-14,586.02,E0025
CRM,CRM-00267,Can Polat,can.polat10@outlook.com,+90 523 730 8093,98 Bagdat Cd,Izmir,TR,35220,1986-08-07,2024-01-24,2026-01-07,6721.07,E0433
Support,SUP-00190,Mehmet Wilson,,+90 597 169 7356,16 Bagdat Cd,Ankara,TR,06510,,2024-08-02,2026-01-17,5483.56,E0287
Support,SUP-00117,Asli Kilic,asli.kilic37@yahoo.com,5977379782,50 Hauptstrasse,Berlin,DE,10115,1978-11-01,2024-12-11,2026-04-24,312.67,E0178
Support,SUP-00152,NOAH YILDIZ,,,171 Ataturk Caddesi,Berlin,DE,10115,,2025-06-17,2026-05-24,5470.02,E0227
Support,SUP-00134,Ece Wılson,ece.wilson15@gmail.com,+90 571 976 8466,63 Bagdat Cd,Izmir,TR,35220,1994-11-24,2024-08-23,2026-05-19,1979.18,E0203
CRM,CRM-00176,Can Koc,can.koc4@gmail.com,+90 520 077 7384,178 Hauptstrasse,Bursa,TR,16050,1998-02-28,2024-05-30,2026-02-16,491.11,E0286
Ecommerce,ECO-00063,Sofia Brown, SOFIA.BROWN5@YAHOO.COM ,5426392865,136 Barbaros Blv,Istanbul,TR,34340,,2025-02-10,2026-02-23,2375.82,E0099
Support,SUP-00008,Sofia Smith,sofia.smith11@gmail.com,+90 527 659 0650,95 Istiklal Cd,Istanbul,TR,34340,1998-10-20,2025-02-14,2026-04-03,200.06,E0011
Support,SUP-00238,Emre Arlsan,emre.arslan31@outlook.com,5855335596,140 Bagdat Cd,Izmir,TR,35220,1974-05-04,2025-05-27,2026-05-23,5134.16,E0360
CRM,CRM-00282,CEREN OZDEMIR,,,40 Barbaros Blv,London,GB,SW1A,,2026-07-01,2026-07-15,100.31,A014
CRM,CRM-00088,Sofia Arslan, SOFIA.ARSLAN5@YAHOO.COM ,+90 551 211 5999,17 Cumhuriyet Cd,Izmir,TR,35220,1975-04-18,2024-09-20,2026-01-05,819.63,E0146
Ecommerce,ECO-00044,Tolga Smith, TOLGA.SMITH26@OUTLOOK.COM ,+90 579 940 3985,89 Hauptstrasse,London,GB,SW1A,1993-08-06,2026-05-27,2026-01-27,1704.15,E0073
CRM,CRM-00186,Ozan Yilmaz,ozan.yilmaz28@yahoo.com,+90 543 855 1493,67 Ataturk Caddesi,London,GB,,1969-11-21,2023-08-15,2026-02-06,760.22,E0310
Support,SUP-00261,Oliver Koc,oliver.koc19@yahoo.com,+90 597 142 9533,94 ataturk cd,Ankara,TR,06510,1978-09-02,2025-03-30,2026-06-13,4674.32,E0395
CRM,CRM-00040,Ceren Arslan,ceren.arslan21@proton.me,+90 548 278 2777,97 Hauptstrasse,Antalya,TR,07100,1986-02-26,2025-06-06,2026-07-11,3065.97,E0068
CRM,CRM-00143,Leyla Erdogan,leyla.erdogan5@proton.me,+90 599 774 6298,113 Istiklal Cd,Istanbul,TR,34340,1999-07-08,2023-05-25,2026-03-19,3048.4,E0240
Support,SUP-00013,Deniz Koc,deniz.koc16@gmail.com,+90 567 963 4700,171 Bagdat Cd,Istanbul,TR,,1971-05-25,2023-02-11,2026-04-25,6284.3,E0016
Support,SUP-00064,IREM ERDOGAN,,+90 551 873 9050,55 Bagdat Caddesi,London,GB,SW1A,1976-02-25,2025-02-16,2026-04-22,7606.31,E0089
CRM,CRM-00272,Asli Taylor,asli.taylor17@proton.me,+90 572 785 8281,99 Ataturk Cd,Ankara,TR,06510,2002-08-27,2023-08-12,2026-01-14,7570.46,E0440
CRM,CRM-00210,Asli Brown, ASLI.BROWN12@OUTLOOK.COM ,+90 535 580 0155,158 Barbaros Blv,Antalya,TR,07100,1971-05-13,2025-11-04,2026-02-08,8032.75,E0341
Ecommerce,ECO-00256,Can Wilson,can.wilson42@yahoo.com,+90 515 961 9709,119 Park Lane,Izmir,TR,35220,1996-01-05,2026-01-22,2026-07-08,990.43,E0418
CRM,CRM-00178,Liam Brown,liam.brown9@yahoo.com,+90 549 271 0027,8 Park Lane,London,GB,SW1A,1977-02-12,2025-03-11,2026-03-26,8419.1,E0291
Support,SUP-00127,Mert Kilic,mert.kilic6@yahoo.com,5380616868,28 Istiklal Cd,Antalya,TR,07100,1965-02-22,2024-11-12,2026-05-15,1730.63,E0194
CRM,CRM-00067,Emma Tas,emma.tas15@gmail.com,+90 531 788 5307,174 Ataturk Cd,Izmir,TR,35220,1972-07-18,2025-10-13,2026-07-02,4839.88,E0109
Ecommerce,ECO-00064,MEHMET CELIK,mehmet.celik6@yahoo.com,+90 588 360 5549,52 Barbaros Blv,Izmir,TR,35220,1968-01-22,2025-06-13,2026-06-05,4362.3,E0100
Support,SUP-00159,Mia Sahin, MIA.SAHIN46@YAHOO.COM ,+90 572 988 6214,159 Bagdat Cd,Izmir,TR,35220,,2023-05-24,2026-06-25,6174.72,E0234
Ecommerce,ECO-00134,CEREN KILIC,ceren.kilic23@outlook.com,5499411974,34 Ataturk Cd,Istanbul,TR,,1971-10-05,2026-06-29,2026-02-14,3534.47,E0211
Support,SUP-00232,Leyla Erdogan,leyla.erdogan25@yahoo.com,+90 510 163 6292,27 Park Lane,Antalya,TR,07100,2000-12-04,2023-12-09,2026-06-20,8401.47,E0354
Support,SUP-00044,Zeynep Kaya,,5878949830,162 istiklal cd,Berlin,DE,10115,1969-08-05,2024-06-17,2026-06-16,6793.51,E0057
CRM,CRM-00108,Sofia Erdogan,sofia.erdogan39@proton.me,+90 555 967 5330,99 Bagdat Cd,Ankara,TR,06510,1966-03-22,2025-12-12,2026-07-19,8399.31,E0180
Ecommerce,ECO-00179,Asli Miller,asli.miller15@gmail.com,+90 513 704 5476,67 Bagdat Cd,Berlin,DE,10115,1984-07-01,2024-06-07,2026-01-18,4413.72,E0297
CRM,CRM-00200,Emma Aydin,emma.aydin1@proton.me,+90 593 435 0217,143 Istiklal Cd,Izmir,TR,35220,1970-08-17,2023-05-02,2026-01-02,6676.12,E0330
CRM,CRM-00066,Mia Arslan,mia.arslan13@yahoo.com,+90 534 576 5809,140 Park Lane,Antalya,TR,07100,1970-04-07,2023-05-20,2026-07-16,8423.18,E0107
CRM,CRM-00222,Ozan Aksoy,ozan.aksoy39@gmail.com,+90 589 897 1213,44 Istiklal Cd,London,GB,SW1A,1986-10-24,2026-05-02,2026-04-25,6401.48,E0368
Support,SUP-00101,Derya Sahin, DERYA.SAHIN10@GMAIL.COM ,5501091629,157 Bagdat Caddesi,Antalya,TR,07100,1976-12-31,2023-11-27,2026-02-15,5059.59,E0151
Support,SUP-00193,Eli fOzdemir,elif.ozdemir10@yahoo.com,+90 562 061 5611,69 Park Lane,London,GB,SW1A,1971-06-28,2023-05-14,2026-03-20,5683.16,E0292
CRM,CRM-00076,Tolga Aydin,tolga.aydin31@yahoo.com,+90 555 357 6712,21 Cumhuriyet Cd,Berlin,DE,10115,1982-07-30,2026-06-23,2026-05-25,1399.66,E0125
CRM,CRM-00158,Zeynep Demir,zeynep.demir25@yahoo.com,+90 533 504 2181,20 Bagdat Cd,London,GB,,1987-02-12,2025-05-31,2026-04-26,7484.71,E0260
CRM,CRM-00255,Deniz Sahin,deniz.sahin37@gmail.com,+90 510 920 5458,122 Istiklal Cd,Berlin,DE,10115,1980-10-25,2024-12-13,2026-06-17,3078.85,E0413
Support,SUP-00102,Emre Smith,emre.smith11@yahoo.com,+90 555 935 9490,175 Barbaros Blv,London,GB,SW1A,2000-05-22,2025-06-28,2026-07-11,6556.41,E0152
Support,SUP-00156,ElifT as,,,161 Istiklal Cd,Berlin,DE,10115,1991-01-28,2024-04-01,2026-05-11,7235.26,E0231
Ecommerce,ECO-00159,Elif Celik, ELIF.CELIK20@PROTON.ME ,5489898805,107 Hauptstrasse,London,GB,SW1A,1972-03-30,2023-09-03,2026-07-11,2196.46,E0255
Support,SUP-00296,MERT ARSLAN,,,14 Cumhuriyet Caddesi,Antalya,TR,07100,,2026-07-01,2026-07-15,85.64,A011
Support,SUP-00263,Sofia Wilson,sofia.wilson22@gmail.com,+90 545 806 1803,131 Hauptstrasse,Berlin,DE,10115,1973-07-27,2023-07-14,2026-04-23,1630.92,E0398
Ecommerce,ECO-00158,Burak Miller,burak.miller19@yahoo.com,5864991912,39 Barbaros Blv,Antalya,TR,,1990-10-20,2024-01-18,2026-05-28,1111.65,E0254
CRM,CRM-00147,Derya Kilic,derya.kilic10@yahoo.com,+90 516 469 0863,130 Istiklal Cd,Ankara,TR,06510,1980-01-06,2025-12-19,2026-06-25,814.97,E0245
Ecommerce,ECO-00225,Ozan Aksoy,ozan.aksoy39@gmail.com,+90 589 897 1213,44 istiklal cd,London,GB,SW1A,1986-10-24,2023-09-07,2026-03-21,6401.48,E0368
Ecommerce,ECO-00247,Selin Arslan,,,162 Ataturk Caddesi,Izmir,TR,35220,1975-06-12,2024-11-16,2026-04-19,5573.2,E0405
CRM,CRM-00062,Tolga Ozdemir, TOLGA.OZDEMIR8@OUTLOOK.COM ,+90 598 880 2529,58 Barbaros Blv,Antalya,TR,07100,1997-11-13,2025-09-07,2026-04-26,2364.81,E0102
Support,SUP-00199,Can Aksoy,,+90 563 404 4826,46 Ataturk Cd,Berlin,DE,,1965-05-31,2023-06-05,2026-01-09,1876.86,E0298
Support,SUP-00109,MERT ARSLAN,mert.arslan21@outlook.com,+90 592 825 3547,103 istiklal cd,London,GB,SW1A,1994-09-13,2023-05-23,2026-07-24,5952.59,E0162
Ecommerce,ECO-00193,Derya Tsa,derya.tas39@yahoo.com,+90 552 730 3347,169 Ataturk Cd,London,GB,,1970-05-19,2024-12-31,2026-04-20,3188.01,E0321
Support,SUP-00027,Elif Polat,elif.polat34@proton.me,+90 539 857 0541,81 barbaros blv,Berlin,DE,10115,1972-12-30,2026-02-22,2026-07-10,1809.45,E0034
CRM,CRM-00198,Asli Smith,asli.smith46@gmail.com,+90 569 971 8936,111 Cumhuriyet Cd,Berlin,DE,10115,1971-05-08,2024-03-25,2026-05-12,5861.7,E0328
Support,SUP-00230,Asli Polat, ASLI.POLAT22@YAHOO.COM ,+90 554 715 9134,125 Bagdat Cd,Ankara,TR,06510,1994-06-02,2026-03-30,2026-04-07,8199.5,E0351
Support,SUP-00087,LEYLA WILSON,leyla.wilson33@proton.me,+90 515 836 5002,6 Istiklal Caddesi,London,GB,,1988-01-22,2024-01-25,2026-01-23,3429.62,E0127
CRM,CRM-00126,Ceren Celik,ceren.celik26@outlook.com,+90 589 695 0924,14 Cumhuriyet Cd,Ankara,TR,06510,1972-12-15,2025-02-16,2026-06-07,131.04,E0214
Support,SUP-00056,Ece Wilson,,+90 591 379 9382,65 Barbaros Blv,Ankara,TR,06510,2003-12-28,2026-04-28,2026-05-14,4059.57,E0076
Ecommerce,ECO-00062,LEYLA ARSLAN,leyla.arslan4@proton.me,+90 573 459 2873,51 Ataturk Cd,Bursa,TR,,1972-06-30,2026-05-04,2026-05-05,6871.02,E0098
Support,SUP-00274,Noah Bronw,noah.brown46@outlook.com,5932166444,40 Istiklal Cd,Istanbul,TR,34340,2003-10-09,2025-05-08,2026-02-22,3915.42,E0422
Support,SUP-00239,Derya Koc,derya.koc32@proton.me,5388432588,2 Barbaros Blv,Bursa,TR,16050,1981-08-27,2024-02-17,2026-05-03,7856.85,E0361
Support,SUP-00046,IREM WILSON,,+90 582 812 4053,7 ataturk cd,Antalya,TR,07100,1970-07-30,2025-05-02,2026-06-11,7824.08,E0061
CRM,CRM-00060,Mehmet Celik,mehmet.celik6@yahoo.com,+90 588 360 5549,52 Barbaros Blv,Izmir,TR,35220,1968-01-22,2023-08-24,2026-05-10,4362.3,E0100
Ecommerce,ECO-00048,Mia Koc,mia.koc31@proton.me,5878328046,136 Park Lane,London,GB,SW1A,1969-11-21,2025-12-21,2026-05-29,3899.05,E0078
Ecommerce,ECO-00236,Emma Wilson,emma.wilson11@proton.me,5315195905,108 Barbaros Blv,Izmir,TR,,1976-10-31,2023-07-21,2026-06-20,4527.82,E0387
CRM,CRM-00146,Mehmet Yildiz, MEHMET.YILDIZ9@OUTLOOK.COM ,+90 566 924 4086,31 Hauptstrasse,Antalya,TR,07100,,2024-08-03,2026-04-25,757.8,E0244
CRM,CRM-00002,Oliver Aydin,oliver.aydin3@gmail.com,+90 535 690 2172,7 Cumhuriyet Cd,Antalya,TR,07100,1981-05-04,2025-10-08,2026-01-12,7491.06,E0003
Ecommerce,ECO-00080,Zeynep Yilmaz,zeynep.yilmaz37@outlook.com,5305966301,174 cumhuriyet cd,London,GB,SW1A,,2026-01-16,2026-07-03,2935.82,E0131
Ecommerce,ECO-00095,Ozan Yildiz,ozan.yildiz8@proton.me,+90 545 047 3746,14 hauptstrasse,Izmir,TR,35220,1970-02-14,2023-02-04,2026-03-02,7809.78,E0149
Ecommerce,ECO-00071,Oliver Yildzi,oliver.yildiz24@yahoo.com,5902664024,148 Cumhuriyet Caddesi,Berlin,DE,10115,1982-03-18,2026-05-22,2026-05-29,1668.4,E0118
CRM,CRM-00050,Irem Demir,irem.demir40@outlook.com,+90 579 715 0430,23 hauptstrasse,London,GB,SW1A,1967-09-11,2025-09-08,2026-07-20,7029.48,E0087
Support,SUP-00256,Emma Wilsno, EMMA.WILSON11@PROTON.ME ,+90 531 519 5905,108 Barbaros Blv,Izmir,TR,35220,1976-10-31,2025-05-09,2026-07-31,4527.82,E0387
CRM,CRM-00106,Mert Kilic,mert.kilic36@yahoo.com,+90 572 556 1937,44 Ataturk Cd,Ankara,TR,06510,2004-03-26,2026-06-14,2026-03-03,131.03,E0177
Support,SUP-00050,Ceren Arslan, CEREN.ARSLAN21@PROTON.ME ,+90 548 278 2777,97 Hauptstrasse,Antalya,TR,07100,1986-02-26,2024-06-27,2026-05-01,3065.97,E0068
Ecommerce,ECO-00151,Mehmet Yildiz,mehmet.yildiz9@outlook.com,5669244086,31 Hauptstrasse,Antalya,TR,07100,2002-02-04,2026-06-11,2026-06-15,757.8,E0244
CRM,CRM-00115,Can Yilmaz, CAN.YILMAZ4@YAHOO.COM ,+90 587 597 6622,68 Istiklal Cd,London,GB,,1970-12-10,2026-03-11,2026-04-08,1911.81,E0192
CRM,CRM-00258,Can Wilson,can.wilson42@yahoo.com,+90 515 961 9709,119 Park Lane,Izmir,TR,35220,,2026-02-17,2026-07-22,990.43,E0418
Ecommerce,ECO-00184,Noah Miller, NOAH.MILLER22@OUTLOOK.COM ,5735880457,82 Barbaros Blv,Istanbul,TR,34340,1982-06-23,2025-09-20,2026-07-16,5528.79,E0304
Support,SUP-00012,Olive rCelik,oliver.celik15@outlook.com,+90 524 731 6173,119 Hauptstrasse,Bursa,TR,16050,2000-12-28,2024-11-03,2026-03-09,1027.3,E0015
CRM,CRM-00130,Mehmet Arslan,mehmet.arslan32@yahoo.com,+90 559 156 5100,145 hauptstrasse,London,GB,SW1A,2000-07-02,2023-11-07,2026-05-07,2696.23,E0220
Support,SUP-00019,Liam Sahin,,+90 583 948 8573,105 Bagdat Cd,London,GB,SW1A,2001-01-22,2023-12-03,2026-05-26,3361.92,E0023
Ecommerce,ECO-00172,ArdaK oc,arda.koc2@yahoo.com,5292348488,170 Bagdat Cd,Izmir,TR,35220,1995-06-30,2023-11-30,2026-03-22,2948.32,E0284
Ecommerce,ECO-00163,Mert Arslan, MERT.ARSLAN27@GMAIL.COM ,+90 576 082 7266,45 Hauptstrasse,Berlin,DE,10115,1971-05-23,2025-11-28,2026-07-03,7492.28,E0262
CRM,CRM-00118,Elif Koc, ELIF.KOC9@PROTON.ME ,+90 551 699 3677,162 Ataturk Cd,Berlin,DE,,1993-09-15,2023-04-12,2026-07-11,3197.98,E0197
Ecommerce,ECO-00253,Mehmet Kilic,mehmet.kilic39@yahoo.com,+90 527 864 3764,160 Hauptstrasse,Istanbul,TR,34340,,2023-06-28,2026-04-13,779.34,E0415
Ecommerce,ECO-00244,Leyla Brown,leyla.brown21@proton.me,+90 525 816 5331,150 Hauptstrasse,Bursa,TR,16050,1999-05-15,2024-05-15,2026-05-03,2002.96,E0397
Ecommerce,ECO-00139,TOLGA SMITH, TOLGA.SMITH35@YAHOO.COM ,5163734524,72 Hauptstrasse,Antalya,TR,07100,,2024-02-16,2026-06-20,5017.9,E0223
Ecommerce,ECO-00098,SofiaA ydin, SOFIA.AYDIN13@OUTLOOK.COM ,+90 533 490 3509,124 Park Lane,Berlin,DE,10115,,2025-06-06,2026-03-08,5574.71,E0154
Ecommerce,ECO-00276,Olvier Yildiz,,,148 cumhuriyet cd,Berlin,DE,10115,,2026-07-01,2026-07-15,373.22,A015
Support,SUP-00210,Leyla Yıldız,leyla.yildiz34@gmail.com,+90 555 624 2419,6 Ataturk Cd,Izmir,TR,35220,1974-11-04,2025-07-08,2026-05-22,351.96,E0316
Support,SUP-00078,Emma Kaya,emma.kaya17@yahoo.com,5353959346,142 Barbaros Blv,Berlin,DE,10115,2003-11-07,2026-02-21,2026-03-28,5663.48,E0111
Support,SUP-00194,Mert Arslan,mert.arslan11@gmail.com,5705596064,29 Hauptstrasse,Istanbul,TR,34340,1998-04-23,2023-04-26,2026-02-17,5401.45,E0293
CRM,CRM-00266,Mehmet Taylor,mehmet.taylor8@outlook.com,+90 522 266 8325,177 Istiklal Cd,Antalya,TR,07100,1972-04-09,2025-09-16,2026-04-27,5417.53,E0431
Ecommerce,ECO-00016,EMMA MILLER,emma.miller31@proton.me,+90 575 232 1352,17 Barbaros Blv,Izmir,TR,35220,1976-10-29,2023-01-26,2026-02-27,5359.3,E0031
Support,SUP-00255,Kerem Taylor,kerem.taylor10@gmail.com,+90 537 809 1108,155 Cumhuriyet Cd,Bursa,TR,16050,2003-04-11,2023-10-21,2026-08-03,2198.99,E0386
CRM,CRM-00202,Mehmet Koc, MEHMET.KOC3@PROTON.ME ,+90 537 702 4267,18 bagdat cd,Berlin,DE,10115,1977-05-01,2025-01-02,2026-01-18,1077.27,E0332
Support,SUP-00096,Mert Smith, MERT.SMITH45@PROTON.ME ,+90 565 550 5096,92 Hauptstrasse,Istanbul,TR,34340,2002-12-05,2024-11-26,2026-01-03,2041.51,E0139
Support,SUP-00216,Deniz Wilson,deniz.wilson42@yahoo.com,+90 575 621 1254,157 Bagdat Cd,Istanbul,TR,34340,1981-07-04,2024-12-09,2026-07-11,533.71,E0324
Ecommerce,ECO-00202,Can Taylor,can.taylor4@outlook.com,+90 577 021 3119,155 Hauptstrasse,London,GB,SW1A,,2024-04-17,2026-01-25,1391.21,E0333
Ecommerce,ECO-00087,Mert Smith,mert.smith45@proton.me,5655505096,92 Hauptstrasse,Istanbul,TR,34340,2002-12-05,2025-05-22,2026-04-14,2041.51,E0139
Support,SUP-00282,Emre Smith,emre.smith14@yahoo.com,5961254783,147 bagdat cd,London,GB,,1969-10-21,2023-12-04,2026-03-10,7659.07,E0437
CRM,CRM-00114,Kerem Yilmaz,kerem.yilmaz46@outlook.com,+90 550 813 2746,83 Istiklal Cd,Bursa,TR,16050,2002-12-02,2026-07-15,2026-05-30,1366.09,E0187
Ecommerce,ECO-00239,Ceren Kaya, CEREN.KAYA15@GMAIL.COM ,5445983320,162 Istiklal Caddesi,Berlin,DE,10115,1965-01-19,2025-07-25,2026-05-03,6203.25,E0391
CRM,CRM-00014,Mert Polat,mert.polat26@yahoo.com,+90 564 822 4975,30 Istiklal Cd,Ankara,TR,06510,1977-07-09,2025-05-28,2026-08-05,4539.76,E0026
CRM,CRM-00212,Derya Aksoy,derya.aksoy14@proton.me,+90 535 389 2384,135 park lane,Ankara,TR,06510,1966-04-16,2023-06-27,2026-07-02,6218.35,E0343
Ecommerce,ECO-00186,Asli Smith,asli.smith24@gmail.com,+90 521 371 1229,79 Cumhuriyet Caddesi,Ankara,TR,,1992-01-11,2025-10-14,2026-05-28,6549.69,E0306
Support,SUP-00197,Sofia Demir,sofia.demir14@outlook.com,+90 555 980 5627,10 Cumhuriyet Cd,Istanbul,TR,,1979-08-05,2023-06-10,2026-01-26,5442.88,E0296
Support,SUP-00018,Sofıa Mıller,,5414016481,84 hauptstrasse,London,GB,SW1A,1965-07-10,2024-07-28,2026-07-30,1945.9,E0022
CRM,CRM-00239,Emma Polat,emma.polat13@proton.me,+90 518 873 0715,109 Hauptstrasse,Berlin,DE,10115,1972-05-06,2025-10-22,2026-01-29,7948.39,E0389
Ecommerce,ECO-00230,IREM YILDIZ, IREM.YILDIZ1@OUTLOOK.COM ,+90 567 074 0164,158 hauptstrasse,Bursa,TR,16050,,2024-12-31,2026-05-06,7228.21,E0377
Ecommerce,ECO-00111,Can Erdogan,can.erdogan34@yahoo.com,5433689798,119 Ataturk Cd,Ankara,TR,06510,,2023-10-26,2026-02-03,7603.2,E0175
CRM,CRM-00091,Ozan Yildiz, OZAN.YILDIZ8@PROTON.ME ,+90 545 047 3746,14 Hauptstrasse,Izmir,TR,35220,1970-02-14,2023-07-05,2026-07-16,7809.78,E0149
Ecommerce,ECO-00248,Mıa Yıldız,mia.yildiz30@outlook.com,+90 567 640 1604,95 Park Lane,Bursa,TR,16050,1995-08-12,2025-12-28,2026-02-28,4513.62,E0406
Support,SUP-00195,DeryaA ydin,,+90 595 524 5206,34 Barbaros Blv,Bursa,TR,16050,2002-09-20,2024-07-10,2026-01-17,459.54,E0294
Support,SUP-00247,DERYA ERDOGAN,derya.erdogan43@outlook.com,5518988005,114 Park Lane,Izmir,TR,35220,1973-05-02,2023-05-16,2026-06-10,646.25,E0372
Support,SUP-00115,Noah Kilic,noah.kilic32@gmail.com,+90 510 711 1572,155 Barbaros Blv,Bursa,TR,16050,2000-11-06,2023-07-17,2026-07-05,642.88,E0173
Ecommerce,ECO-00103,ARDA CELIK,arda.celik19@proton.me,5348263339,43 barbaros blv,Izmir,TR,35220,1994-04-17,2025-11-06,2026-02-15,5331.3,E0160
Ecommerce,ECO-00057,Irem Arslan,irem.arslan45@outlook.com,+90 546 483 0163,136 Park Lane,London,GB,SW1A,1980-12-25,2026-04-10,2026-04-05,6602.08,E0092
Support,SUP-00007,KEREM SMITH,,+90 511 916 4550,137 Barbaros Blv,Bursa,TR,16050,1990-07-01,2024-11-05,2026-01-01,1552.86,E0010
CRM,CRM-00197,Arda Polat,arda.polat45@yahoo.com,+90 547 173 9010,12 Istiklal Cd,Izmir,TR,,1993-03-24,2024-11-18,2026-06-08,4012.98,E0327
Ecommerce,ECO-00040,Ceren Arslan,ceren.arslan21@proton.me,5482782777,97 Hauptstrasse,Antalya,TR,07100,1986-02-26,2025-11-20,2026-06-08,3065.97,E0068
Support,SUP-00070,SOFIA BROWN,,+90 542 639 2865,136 Barbaros Blv,Istanbul,TR,34340,1983-10-07,2025-03-17,2026-06-28,2375.82,E0099
Support,SUP-00161,Ozan Miller,ozan.miller1@yahoo.com,+90 517 865 5327,160 Park Lane,London,GB,,1986-05-24,2025-04-07,2026-03-28,217.28,E0236
Ecommerce,ECO-00201,Mehmet Koc,,,18 Bagdat Cd,Berlin,DE,10115,,2025-03-02,2026-07-29,1077.27,E0332
Support,SUP-00131,Deniz Taylor,deniz.taylor11@proton.me,+90 512 779 2469,67 Bagdat Cd,Antalya,TR,07100,1990-12-27,2024-06-01,2026-02-12,3403.4,E0199
Ecommerce,ECO-00143,Noah Yildiz,noah.yildiz39@outlook.com,+90 590 528 9244,171 Ataturk Caddesi,Berlin,DE,,1977-09-20,2023-05-27,2026-02-17,5470.02,E0227
Support,SUP-00266,Noah Polat,noah.polat27@gmail.com,+90 590 680 7861,2 istiklal cd,Istanbul,TR,,,2023-06-26,2026-04-01,1452.36,E0403
Support,SUP-00209,Liam Smith,liam.smith33@outlook.com,5244981432,8 Bagdat Cd,Istanbul,TR,34340,2004-05-13,2024-05-04,2026-07-10,1548.21,E0315
CRM,CRM-00259,Ece Arslan,ece.arslan43@outlook.com,+90 540 343 2090,127 Ataturk Cd,Berlin,DE,10115,1991-03-23,2024-10-22,2026-01-21,3924.33,E0419
Ecommerce,ECO-00112,Kerem Yildiz,kerem.yildiz35@proton.me,5290245504,42 Barbaros Blv,Bursa,TR,16050,1995-11-10,2025-04-08,2026-07-10,2904.28,E0176
CRM,CRM-00104,Mehmet Celik,mehmet.celik33@yahoo.com,+90 517 438 8067,2 cumhuriyet cd,Ankara,TR,,1976-02-28,2023-12-10,2026-07-21,3376.45,E0174
CRM,CRM-00262,Arda Aydin,arda.aydin1@gmail.com,+90 548 507 5597,125 Ataturk Cd,London,GB,SW1A,1984-07-24,2025-03-05,2026-05-12,2438.33,E0424
Support,SUP-00128,Mia Smith,mia.smith7@proton.me,5722903732,56 Hauptstrasse,Istanbul,TR,34340,1994-10-10,2025-11-24,2026-02-26,5168.43,E0195
Support,SUP-00105,Mi aYildiz, MIA.YILDIZ16@PROTON.ME ,+90 562 176 1292,158 Cumhuriyet Cd,Berlin,DE,10115,1974-06-25,2025-05-19,2026-07-28,7320.47,E0157
Support,SUP-00264,MERT OZDEMIR,,5372857764,48 Hauptstrasse,London,GB,,1987-04-16,2024-06-21,2026-02-10,6827.54,E0399
CRM,CRM-00247,Leyla Arslan,leyla.arslan25@gmail.com,+90 584 085 9563,20 Cumhuriyet Cd,Berlin,DE,10115,1987-11-27,2024-03-02,2026-03-29,4009.4,E0401
Support,SUP-00075,LEYLA ERDOGAN,,5645193833,38 Hauptstrasse,Antalya,TR,07100,1977-10-04,2023-08-23,2026-03-18,907.08,E0106
Ecommerce,ECO-00167,Mia Wilson, MIA.WILSON36@OUTLOOK.COM ,5367383172,49 cumhuriyet cd,Ankara,TR,06510,1977-04-19,2026-07-03,2026-02-19,3541.38,E0271
CRM,CRM-00030,Kerem Sahin,kerem.sahin8@gmail.com,+90 519 707 7025,84 Bagdat Cd,Izmir,TR,35220,1991-03-12,2024-06-10,2026-06-07,8353.01,E0055
CRM,CRM-00250,Can Polat,can.polat28@gmail.com,+90 554 109 2504,34 Hauptstrasse,Izmir,TR,35220,1988-05-06,2023-01-04,2026-06-25,1357.68,E0404
Ecommerce,ECO-00182,Can Kaya,can.kaya20@outlook.com,+90 521 610 3332,66 Hauptstrasse,Istanbul,TR,34340,1996-12-10,2023-01-24,2026-04-14,6131.95,E0302
Support,SUP-00259,Leyla Wilson,,+90 576 128 0650,147 Ataturk Caddesi,Bursa,TR,,1990-04-23,2024-12-13,2026-07-23,277.03,E0392
Ecommerce,ECO-00136,Arda Wilson,arda.wilson29@proton.me,+90 568 539 7868,33 Cumhuriyet Cd,Ankara,TR,06510,1984-04-16,2024-07-09,2026-07-17,8274.4,E0217
CRM,CRM-00006,Sofia Smith,sofia.smith11@gmail.com,+90 527 659 0650,95 Istiklal Caddesi,Istanbul,TR,34340,1998-10-20,2023-05-30,2026-05-19,200.06,E0011
Ecommerce,ECO-00234,Elif Miller,elif.miller9@yahoo.com,5565006997,179 Park Lane,Ankara,TR,06510,1975-05-20,2026-04-06,2026-07-08,3360.78,E0385
Ecommerce,ECO-00213,Mia Brown,mia.brown19@yahoo.com,+90 513 429 3271,77 Park Lane,Antalya,TR,07100,1995-10-13,2024-09-28,2026-06-17,4817.61,E0348
CRM,CRM-00012,Noah Erdogan,noah.erdogan24@gmail.com,+90 522 013 3924,2 Cumhuriyet Cd,Berlin,DE,10115,1969-02-23,2025-11-04,2026-06-24,7866.24,E0024
Support,SUP-00289,Sofia Tas,,5482681155,84 Hauptstrasse,Antalya,TR,,2003-07-26,2023-09-24,2026-02-23,1608.34,E0448
Support,SUP-00015,Irem Aksoy,irem.aksoy19@yahoo.com,5146643408,78 Ataturk Cd,Berlin,DE,10115,1978-10-10,2024-02-06,2026-02-21,4436.55,E0019
Ecommerce,ECO-00211,Ayiln Taylor,aylin.taylor17@proton.me,+90 596 645 0320,118 Barbaros Blv,Antalya,TR,07100,,2026-01-09,2026-03-16,6824.17,E0346
CRM,CRM-00081,Ozan Polat,ozan.polat40@yahoo.com,+90 526 996 2606,17 Park Lane,Izmir,TR,35220,,2025-07-01,2026-03-19,4943.26,E0134
CRM,CRM-00273,Noah Demir,noah.demir20@proton.me,+90 593 334 3974,45 Hauptstrasse,Izmir,TR,35220,1977-10-19,2025-03-05,2026-07-17,4239.47,E0443
Ecommerce,ECO-00208,Mehmet Miller,mehmet.miller11@yahoo.com,+90 595 126 5517,119 Cumhuriyet Cd,Bursa,TR,16050,,2024-06-16,2026-07-31,4793.28,E0340
CRM,CRM-00191,Liam Smith, LIAM.SMITH33@OUTLOOK.COM ,+90 524 498 1432,8 Bagdat Cd,Istanbul,TR,34340,2004-05-13,2023-12-02,2026-01-26,1548.21,E0315
CRM,CRM-00261,Noah Brown,noah.brown46@outlook.com,+90 593 216 6444,40 istiklal cd,Istanbul,TR,34340,2003-10-09,2025-08-22,2026-02-13,3915.42,E0422
Support,SUP-00107,Arad Celik,arda.celik19@proton.me,+90 534 826 3339,43 Barbaros Blv,Izmir,TR,35220,1994-04-17,2025-09-04,2026-04-12,5331.3,E0160
Ecommerce,ECO-00257,Can Ozdemir,can.ozdemir44@yahoo.com,5176342005,21 park lane,Istanbul,TR,34340,1986-11-03,2025-04-21,2026-06-30,8438.19,E0420
Support,SUP-00089,Ece Yılmaz,ece.yilmaz35@outlook.com,+90 566 831 9825,63 Park Lane,Bursa,TR,16050,1991-01-23,2025-07-25,2026-05-18,3605.76,E0129
Support,SUP-00204,Lıam Yıldız,,+90 519 851 4565,116 Hauptstrasse,Istanbul,TR,34340,1980-05-23,2025-10-27,2026-03-18,2903.66,E0307
Support,SUP-00243,Kerem Yilmaz,,+90 529 459 6306,159 Istiklal Cd,Istanbul,TR,34340,1965-09-11,2026-02-07,2026-04-11,644.83,E0367
Ecommerce,ECO-00181,Denzi Koc,deniz.koc19@proton.me,+90 581 363 8914,92 Cumhuriyet Cd,London,GB,SW1A,,2024-01-19,2026-02-02,6130.24,E0301
Ecommerce,ECO-00069,MIA KAYA, MIA.KAYA19@YAHOO.COM ,5526827447,119 hauptstrasse,Izmir,TR,35220,2001-07-10,2024-06-15,2026-05-21,1968.17,E0113
Ecommerce,ECO-00059,Ozan Koc, OZAN.KOC0@GMAIL.COM ,+90 514 052 2536,111 Bagdat Cd,Izmir,TR,35220,1974-10-22,2024-04-28,2026-05-05,5415.99,E0094
Ecommerce,ECO-00187,Togla Polat,tolga.polat26@gmail.com,+90 536 810 3026,38 Istiklal Cd,London,GB,,1987-09-02,2023-11-25,2026-07-09,8477.48,E0308
Support,SUP-00066,Mehmet Yildiz,mehmet.yildiz44@outlook.com,5548063621,158 Istiklal Caddesi,Izmir,TR,35220,1972-08-20,2024-02-27,2026-04-05,2289.01,E0091
Ecommerce,ECO-00254,Ece Smith,ece.smith40@proton.me,+90 585 435 0840,124 barbaros blv,Istanbul,TR,34340,1985-08-20,2023-11-03,2026-07-11,8193.28,E0416
Support,SUP-00221,Zeynep Polat,,+90 558 754 2322,151 Ataturk Cd,Bursa,TR,16050,1972-05-06,2023-01-29,2026-04-28,3395.48,E0331
Support,SUP-00146,Mehmet Arslan,,5591565100,145 Hauptstrasse,London,GB,SW1A,2000-07-02,2025-04-29,2026-07-23,2696.23,E0220
CRM,CRM-00225,Asli Yilmaz,asli.yilmaz42@yahoo.com,+90 569 001 5645,77 Hauptstrasse,Istanbul,TR,34340,1979-05-17,2023-06-25,2026-02-27,6798.94,E0371
CRM,CRM-00253,Can Celik,can.celik35@outlook.com,+90 536 908 9420,53 Ataturk Cd,Berlin,DE,10115,,2026-03-17,2026-06-28,4671.97,E0411
CRM,CRM-00271,Mia Kilic,mia.kilic16@yahoo.com,+90 575 144 4944,178 Park Lane,Berlin,DE,,1977-11-20,2023-11-01,2026-02-12,3838.65,E0439
Ecommerce,ECO-00065,Ceren Demir,,,11 Barbaros Blv,Izmir,TR,35220,1973-05-30,2023-09-19,2026-02-11,1449.33,E0101
Ecommerce,ECO-00129,Can Miller,can.miller12@proton.me,+90 569 537 9849,100 park lane,Ankara,TR,06510,1966-11-06,2023-05-26,2026-03-05,2901.88,E0200
Ecommerce,ECO-00137,DERYA POLAT,derya.polat33@proton.me,5463741170,146 Cumhuriyet Cd,Ankara,TR,06510,1967-10-11,2025-09-01,2026-01-04,7103.29,E0221
Support,SUP-00162,Derya Yildiz,derya.yildiz3@yahoo.com,5566283301,1 Barbaros Blv,Antalya,TR,07100,1966-10-19,2025-10-23,2026-05-15,739.54,E0238
CRM,CRM-00096,Arda Celik,arda.celik19@proton.me,+90 534 826 3339,43 Barbaros Blv,Izmir,TR,35220,1994-04-17,2023-07-12,2026-05-10,5331.3,E0160
Ecommerce,ECO-00015,Oliver Celik, OLIVER.CELIK30@GMAIL.COM ,+90 557 277 9967,129 Park Lane,Ankara,TR,06510,1969-08-19,2025-03-29,2026-05-29,514.5,E0030
Ecommerce,ECO-00153,Leyla Kaya,leyla.kaya11@gmail.com,+90 573 616 3081,170 Istiklal Caddesi,Berlin,DE,10115,1980-03-06,2024-05-02,2026-06-26,624.35,E0246
CRM,CRM-00230,Arda Celik, ARDA.CELIK0@GMAIL.COM ,+90 587 761 1477,85 park lane,Ankara,TR,,1975-02-20,2024-03-14,2026-01-07,7147.26,E0376
Support,SUP-00229,Emre Celik,emre.celik21@yahoo.com,+90 550 355 3613,32 Hauptstrasse,Istanbul,TR,,1988-08-20,2025-08-16,2026-03-26,573.42,E0350
Support,SUP-00125,Emma Shain,emma.sahin3@outlook.com,+90 536 536 7680,100 Park Lane,Istanbul,TR,34340,1991-11-13,2024-10-29,2026-02-04,4452.54,E0191
Ecommerce,ECO-00215,Asli Polat,asli.polat22@yahoo.com,+90 554 715 9134,125 Bagdat Cd,Ankara,TR,06510,1994-06-02,2025-01-15,2026-07-30,8199.5,E0351
Ecommerce,ECO-00082,ARDA KOC,arda.koc39@outlook.com,+90 564 677 0544,148 Cumhuriyet Cd,Istanbul,TR,34340,1977-08-21,2023-11-10,2026-06-29,6360.19,E0133
Support,SUP-00100,Liam Arsaln,liam.arslan4@outlook.com,5768172402,152 Bagdat Cd,Ankara,TR,06510,1979-10-11,2025-09-14,2026-01-05,3182.21,E0145
Ecommerce,ECO-00173,Mehmet Wilson,mehmet.wilson5@outlook.com,+90 597 169 7356,16 Bagdat Cd,Ankara,TR,,1968-07-15,2025-11-05,2026-07-23,5483.56,E0287
Support,SUP-00037,Arda Kilic,arda.kilic1@gmail.com,+90 553 872 9454,29 Istiklal Cd,Izmir,TR,35220,1992-01-16,2025-10-14,2026-03-10,3322.27,E0048
Support,SUP-00226,Asli Brwon,asli.brown12@outlook.com,5355800155,158 Barbaros Blv,Antalya,TR,07100,,2024-10-07,2026-08-05,8032.75,E0341
CRM,CRM-00109,Mehmet Demir, MEHMET.DEMIR40@OUTLOOK.COM ,+90 588 061 7769,22 Bagdat Cd,Ankara,TR,06510,1999-02-15,2024-05-13,2026-03-05,1620.01,E0181
Ecommerce,ECO-00102,Irem Miller, IREM.MILLER18@OUTLOOK.COM ,+90 532 877 5891,157 Park Lane,Bursa,TR,16050,1995-02-27,2024-03-01,2026-05-14,4617.23,E0159
Support,SUP-00151,Emma Aksoy,,5471365061,123 Cumhuriyet Cd,Ankara,TR,06510,2003-06-17,2025-09-11,2026-07-26,5419.03,E0226
Support,SUP-00002,OLIVER AYDIN,oliver.aydin3@gmail.com,5356902172,7 Cumhuriyet Cd,Antalya,TR,07100,1981-05-04,2026-03-06,2026-02-01,7491.06,E0003
CRM,CRM-00122,Mert Koc,mert.koc18@proton.me,+90 569 331 9423,142 Cumhuriyet Cd,Bursa,TR,16050,1978-08-21,2025-12-19,2026-04-16,3425.49,E0206
Support,SUP-00047,Sofia Ozdemir,,+90 579 357 7561,61 Park Lane,London,GB,SW1A,1976-09-30,2025-09-24,2026-06-20,6552.52,E0062
Support,SUP-00157,Deniz Ozdemir,deniz.ozdemir44@proton.me,+90 566 054 7363,77 Park Lane,Berlin,DE,10115,1990-06-22,2024-07-22,2026-02-20,3862.33,E0232
CRM,CRM-00244,Oliver Koc,oliver.koc19@yahoo.com,+90 597 142 9533,94 Ataturk Cd,Ankara,TR,,1978-09-02,2025-10-22,2026-06-10,4674.32,E0395
Ecommerce,ECO-00217,SOFIA TAS,sofia.tas28@outlook.com,+90 512 354 7638,8 Istiklal Caddesi,Bursa,TR,,1982-06-15,2025-12-26,2026-06-13,3560.49,E0357
Ecommerce,ECO-00030,Liam Polat,,,52 Park Lane,Ankara,TR,06510,1982-01-10,2024-04-01,2026-03-10,460.51,E0050
CRM,CRM-00073,Mehmet Wilson,mehmet.wilson23@proton.me,+90 540 914 6080,60 Ataturk Cd,Istanbul,TR,34340,1981-05-05,2025-01-11,2026-05-03,5990.27,E0117
Support,SUP-00275,Zeynep Kilic,zeynep.kilic0@proton.me,+90 593 673 5533,8 Park Lane,Ankara,TR,06510,1993-06-02,2023-11-30,2026-05-20,2635.28,E0423
CRM,CRM-00175,Deniz Yildiz,deniz.yildiz3@outlook.com,+90 554 548 7222,22 Barbaros Blv,London,GB,SW1A,1991-04-13,2023-01-18,2026-03-24,4680.1,E0285
CRM,CRM-00263,Kerem Sahin, KEREM.SAHIN3@GMAIL.COM ,+90 549 576 2247,3 Hauptstrasse,Ankara,TR,06510,1979-04-19,2026-06-06,2026-02-08,5489.85,E0426
Ecommerce,ECO-00028,CEREN DEMIR,ceren.demir0@proton.me,5358509391,86 park lane,Istanbul,TR,34340,,2023-06-28,2026-04-09,6778.99,E0047
Support,SUP-00246,Asli Yilmaz,,5690015645,77 Hauptstrasse,Istanbul,TR,34340,1979-05-17,2025-12-03,2026-01-12,6798.94,E0371
CRM,CRM-00092,Emre Smith,emre.smith11@yahoo.com,+90 555 935 9490,175 Barbaros Blv,London,GB,SW1A,2000-05-22,2025-06-10,2026-04-14,6556.41,E0152
Support,SUP-00032,Emre Yilmaz, EMRE.YILMAZ41@PROTON.ME ,5229184575,159 Ataturk Caddesi,Ankara,TR,06510,1996-05-24,2023-11-23,2026-03-05,5370.08,E0041
Support,SUP-00196,Ceren Ozdemir,,,40 Barbaros Blv,London,GB,,1977-07-19,2023-04-13,2026-03-31,4236.66,E0295
Ecommerce,ECO-00043,Liam Aydin,liam.aydin25@gmail.com,5710335008,5 Istiklal Cd,London,GB,SW1A,1980-04-20,2026-01-31,2026-03-05,4440.56,E0072
Ecommerce,ECO-00078,Ece Yılmaz,ece.yilmaz35@outlook.com,+90 566 831 9825,63 Park Lane,Bursa,TR,16050,1991-01-23,2026-03-24,2026-05-14,3605.76,E0129
Support,SUP-00150,Tolga Demir,,+90 572 734 9305,169 cumhuriyet cd,Izmir,TR,35220,1999-06-20,2026-07-12,2026-02-19,6036.21,E0225
Ecommerce,ECO-00135,Derya Arsaln,derya.arslan27@yahoo.com,+90 570 798 3965,172 Barbaros Blv,Izmir,TR,35220,1966-05-13,2025-11-27,2026-03-20,304.17,E0215
CRM,CRM-00179,Sofia Demir,sofia.demir14@outlook.com,+90 555 980 5627,10 Cumhuriyet Caddesi,Istanbul,TR,34340,1979-08-05,2026-06-08,2026-02-14,5442.88,E0296
CRM,CRM-00048,Can Taylor, CAN.TAYLOR38@YAHOO.COM ,+90 539 557 6139,62 Bagdat Cd,Berlin,DE,10115,2004-03-28,2026-01-20,2026-03-28,7684.3,E0085
CRM,CRM-00172,Deniz Kilic, DENIZ.KILIC45@OUTLOOK.COM ,+90 530 582 4867,26 barbaros blv,Izmir,TR,35220,1989-10-01,2023-09-21,2026-01-19,700.87,E0280
CRM,CRM-00071,Ceren Koc, CEREN.KOC21@GMAIL.COM ,+90 579 616 4852,87 Hauptstrasse,Izmir,TR,,1985-08-04,2024-12-14,2026-04-23,7307.62,E0115
CRM,CRM-00044,Tolga Miller,tolga.miller33@yahoo.com,+90 589 298 0446,92 Istiklal Caddesi,Izmir,TR,35220,1992-06-11,2025-06-11,2026-02-24,7893.71,E0080
CRM,CRM-00194,Liam Erdogan,liam.erdogan38@outlook.com,+90 567 065 8770,80 Cumhuriyet Cd,Izmir,TR,,,2023-08-18,2026-01-28,4025.51,E0320
CRM,CRM-00086,Burak Kaya,burak.kaya3@yahoo.com,+90 543 803 2794,145 Park Lane,Bursa,TR,16050,1978-12-20,2023-11-22,2026-01-17,3716.45,E0144
CRM,CRM-00034,Irem Wilson,irem.wilson14@outlook.com,+90 582 812 4053,7 Ataturk Caddesi,Antalya,TR,07100,1970-07-30,2024-11-06,2026-04-04,7824.08,E0061
Support,SUP-00253,Kerem Polat,,,68 Bagdat Cd,London,GB,SW1A,,2023-03-30,2026-03-18,7622.57,E0383
Ecommerce,ECO-00045,Elif Koc,,,62 Park Lane,Izmir,TR,35220,1992-11-11,2023-06-27,2026-06-19,6728.22,E0074
CRM,CRM-00019,Ozan Demir,ozan.demir36@outlook.com,+90 567 561 8598,115 Cumhuriyet Cd,London,GB,,1980-12-23,2025-03-13,2026-03-13,3105.46,E0036
Ecommerce,ECO-00165,Can Miller,,,120 Istiklal Caddesi,Berlin,DE,10115,1967-03-09,2026-06-14,2026-05-27,7031.22,E0264
Support,SUP-00051,Sofia Brwon,,+90 572 946 2278,19 Cumhuriyet Cd,Berlin,DE,10115,2000-09-06,2023-04-18,2026-04-06,4050.7,E0069
CRM,CRM-00125,Ozan Aksoy,ozan.aksoy25@gmail.com,+90 596 827 3805,168 Istiklal Cd,Bursa,TR,16050,1994-02-04,2023-05-15,2026-04-19,3036.06,E0213
Support,SUP-00297,LIAM BROWN,,,8 Park Lane,London,GB,SW1A,,2026-07-01,2026-07-15,367.83,A013
CRM,CRM-00090,Oliver Erdogan,oliver.erdogan7@proton.me,+90 576 568 8676,168 Park Lane,Istanbul,TR,34340,1991-01-09,2024-05-16,2026-05-17,616.77,E0148
CRM,CRM-00207,Can Brown,can.brown9@outlook.com,+90 592 360 8906,75 Cumhuriyet Caddesi,Istanbul,TR,,1967-02-28,2025-10-03,2026-01-22,3491.35,E0338
Ecommerce,ECO-00203,BurakA ydin,burak.aydin5@yahoo.com,+90 575 252 6391,159 Istiklal Cd,Istanbul,TR,34340,1986-03-13,2023-05-20,2026-07-08,6972.71,E0334
CRM,CRM-00061,Ceren Demir, CEREN.DEMIR7@GMAIL.COM ,+90 547 542 0228,11 Barbaros Blv,Izmir,TR,35220,1973-05-30,2023-06-28,2026-03-19,1449.33,E0101
Ecommerce,ECO-00133,Burak Yilmaz,burak.yilmaz21@gmail.com,5606258071,134 Hauptstrasse,Izmir,TR,35220,1973-08-15,2026-04-08,2026-02-20,8068.5,E0209
Ecommerce,ECO-00263,Naoh Koc,noah.koc5@gmail.com,+90 588 445 1986,29 Cumhuriyet Cd,London,GB,SW1A,1994-03-31,2025-08-05,2026-04-29,8406.92,E0428
CRM,CRM-00069,Mia Kaya,mia.kaya19@yahoo.com,+90 552 682 7447,119 Hauptstrasse,Izmir,TR,35220,2001-07-10,2025-05-05,2026-01-03,1968.17,E0113
Support,SUP-00145,Ece Polat,,5826237047,28 hauptstrasse,Istanbul,TR,34340,1984-09-21,2025-12-18,2026-06-15,1650.45,E0218
Support,SUP-00135,Oliver Kaya,oliver.kaya16@gmail.com,5672375952,89 Hauptstrasse,Istanbul,TR,34340,,2025-08-12,2026-05-21,2404.96,E0204
CRM,CRM-00046,Ozan Taylor,ozan.taylor35@yahoo.com,+90 583 340 1067,25 Istiklal Caddesi,Berlin,DE,10115,1968-02-01,2023-12-24,2026-06-09,4883.58,E0082
Ecommerce,ECO-00274,DERYA YILDIZ,,,1 barbaros blv,Antalya,TR,07100,,2026-07-01,2026-07-15,198.52,A003
Ecommerce,ECO-00018,Leyla Koc,leyla.koc35@yahoo.com,5737765531,165 Barbaros Blv,Bursa,TR,16050,1965-06-29,2024-08-19,2026-07-23,5051.34,E0035
CRM,CRM-00238,Emma Arslan,emma.arslan8@gmail.com,+90 592 658 1187,16 cumhuriyet cd,Ankara,TR,06510,1965-08-26,2025-09-20,2026-01-14,4106.56,E0384
CRM,CRM-00025,Tolga Yilmaz, TOLGA.YILMAZ45@YAHOO.COM ,+90 533 071 0805,61 Cumhuriyet Cd,Izmir,TR,35220,1973-07-04,2024-01-23,2026-03-16,1471.17,E0045
CRM,CRM-00024,Can Yilmaz,can.yilmaz44@yahoo.com,+90 564 837 9209,166 Barbaros Blv,Ankara,TR,06510,1981-05-05,2026-04-18,2026-01-27,1806.5,E0044
Ecommerce,ECO-00262,Tolga Smith,tolga.smith4@gmail.com,+90 530 642 0018,102 Park Lane,Ankara,TR,,1995-01-03,2025-01-18,2026-04-12,4801.0,E0427
Support,SUP-00080,Ceren Koc,ceren.koc21@gmail.com,5796164852,87 Hauptstrasse,Izmir,TR,35220,1985-08-04,2023-01-15,2026-07-15,7307.62,E0115
Ecommerce,ECO-00120,Selin Taylor,selin.taylor45@gmail.com,5770589913,44 Barbaros Blv,Berlin,DE,10115,,2024-10-02,2026-06-15,4265.91,E0186
Support,SUP-00186,Irem Wilson, IREM.WILSON46@GMAIL.COM ,+90 554 144 5011,8 Barbaros Blv,Berlin,DE,10115,1976-06-18,2024-11-10,2026-02-22,8094.94,E0281
CRM,CRM-00029,Mia Smith,mia.smith7@gmail.com,+90 591 751 4144,66 Barbaros Blv,Istanbul,TR,34340,1982-04-30,2025-07-17,2026-06-25,1407.96,E0054
Ecommerce,ECO-00051,Ozan Taylor,ozan.taylor35@yahoo.com,+90 583 340 1067,25 Istiklal Cd,Berlin,DE,10115,1968-02-01,2023-10-14,2026-05-31,4883.58,E0082
Support,SUP-00245,Sfoia Erdogan,,+90 546 616 1510,30 Cumhuriyet Cd,Berlin,DE,10115,1969-02-13,2025-10-24,2026-04-20,3987.0,E0370
Ecommerce,ECO-00235,Kerem Taylor,kerem.taylor10@gmail.com,5378091108,155 Cumhuriyet Caddesi,Bursa,TR,,2003-04-11,2023-03-17,2026-07-05,2198.99,E0386
Support,SUP-00057,Leyla Kilic,,+90 565 469 3585,98 Istiklal Cd,Antalya,TR,07100,1976-01-29,2023-04-29,2026-07-21,3610.29,E0077
Support,SUP-00126,IREM CELIK,irem.celik5@gmail.com,+90 516 053 3875,20 Bagdat Cd,Antalya,TR,07100,,2024-07-23,2026-03-27,6810.32,E0193
Support,SUP-00201,Deni zKoc,,,92 Cumhuriyet Cd,London,GB,,1976-01-20,2023-09-24,2026-07-31,6130.24,E0301
Support,SUP-00294,Denız Wılson,,,150 Park Lane,Antalya,TR,07100,,2026-07-01,2026-07-15,453.27,A007
Support,SUP-00144,Arda Wilson,arda.wilson29@proton.me,+90 568 539 7868,33 cumhuriyet cd,Ankara,TR,06510,1984-04-16,2024-10-30,2026-07-18,8274.4,E0217
CRM,CRM-00196,Deniz Wilson,deniz.wilson42@yahoo.com,+90 575 621 1254,157 bagdat cd,Istanbul,TR,34340,1981-07-04,2026-06-25,2026-05-05,533.71,E0324
CRM,CRM-00274,Ceren Sahin, CEREN.SAHIN23@GMAIL.COM ,+90 583 431 5877,163 barbaros blv,Istanbul,TR,34340,1995-05-08,2025-09-19,2026-04-09,8091.41,E0446
CRM,CRM-00137,Emma Taylor,emma.taylor42@proton.me,+90 543 395 8190,169 Bagdat Cd,Bursa,TR,16050,1973-09-05,2025-02-21,2026-07-16,2985.48,E0230
Support,SUP-00179,Oliver Miller,oliver.miller39@yahoo.com,5692434685,46 Park Lane,Antalya,TR,07100,2001-12-21,2026-05-07,2026-01-12,363.02,E0274
Support,SUP-00142,Derya Arslan,,+90 570 798 3965,172 Barbaros Blv,Izmir,TR,35220,1966-05-13,2025-02-03,2026-01-30,304.17,E0215
CRM,CRM-00281,Mıa Wılson,,,49 cumhuriyet cd,Ankara,TR,06510,,2026-07-01,2026-07-15,277.14,A012
Support,SUP-00054,Elıf Koc,elif.koc27@gmail.com,+90 519 465 6914,62 Park Lane,Izmir,TR,35220,,2026-01-17,2026-05-26,6728.22,E0074
Support,SUP-00116,Mehmet Celik,mehmet.celik33@yahoo.com,5174388067,2 Cumhuriyet Cd,Ankara,TR,06510,1976-02-28,2023-10-28,2026-03-22,3376.45,E0174
Support,SUP-00028,Leyla Koc,,,165 Barbaros Blv,Bursa,TR,,1965-06-29,2024-04-19,2026-06-17,5051.34,E0035
CRM,CRM-00173,Mia Taylor,mia.taylor0@yahoo.com,+90 573 968 6373,23 istiklal cd,Antalya,TR,07100,1973-04-29,2025-03-19,2026-03-14,2929.23,E0282
Ecommerce,ECO-00237,Arda Demir,arda.demir12@outlook.com,5658961256,83 Bagdat Cd,Antalya,TR,07100,1968-04-04,2024-12-21,2026-06-27,5757.33,E0388
CRM,CRM-00053,Irem Arslan,irem.arslan45@outlook.com,+90 546 483 0163,136 Park Lane,London,GB,SW1A,1980-12-25,2024-02-12,2026-05-23,6602.08,E0092
Support,SUP-00173,CEREN SMITH,ceren.smith33@gmail.com,5474039791,145 Istiklal Caddesi,Ankara,TR,06510,1985-07-08,2025-07-03,2026-05-10,6357.3,E0268
Ecommerce,ECO-00020,Mia Aksoy, MIA.AKSOY37@GMAIL.COM ,+90 572 336 8421,179 Bagdat Cd,Istanbul,TR,34340,1990-05-08,2023-05-02,2026-04-07,8202.38,E0037
Ecommerce,ECO-00185,Zeynep oKc,zeynep.koc23@yahoo.com,5372244176,41 barbaros blv,London,GB,,1979-04-17,2023-01-03,2026-06-19,2864.1,E0305
Ecommerce,ECO-00206,Can Brown, CAN.BROWN9@OUTLOOK.COM ,+90 592 360 8906,75 Cumhuriyet Cd,Istanbul,TR,34340,1967-02-28,2025-02-09,2026-07-17,3491.35,E0338
CRM,CRM-00234,Deniz Polat,deniz.polat4@proton.me,+90 593 760 1372,139 Hauptstrasse,Bursa,TR,16050,1995-10-31,2025-07-08,2026-01-29,1206.54,E0380
Ecommerce,ECO-00056,Irem Erdogan,irem.erdogan42@outlook.com,+90 551 873 9050,55 Bagdat Cd,London,GB,SW1A,1976-02-25,2023-03-30,2026-06-30,7606.31,E0089
CRM,CRM-00051,Irem Erdogan,irem.erdogan42@outlook.com,+90 551 873 9050,55 Bagdat Cd,London,GB,SW1A,1976-02-25,2023-04-16,2026-06-13,7606.31,E0089
CRM,CRM-00201,Zeynep Polat,zeynep.polat2@outlook.com,+90 558 754 2322,151 Ataturk Caddesi,Bursa,TR,16050,,2024-05-30,2026-01-12,3395.48,E0331
Ecommerce,ECO-00227,Derya Erdogan, DERYA.ERDOGAN43@OUTLOOK.COM ,5518988005,114 Park Lane,Izmir,TR,35220,1973-05-02,2024-10-22,2026-04-27,646.25,E0372
Ecommerce,ECO-00119,ZEYNEP BROWN,zeynep.brown44@outlook.com,5698537286,128 Bagdat Caddesi,Istanbul,TR,34340,1975-08-06,2024-07-01,2026-04-26,1086.31,E0185
Support,SUP-00061,Oliver Tas,,,125 Ataturk Cd,London,GB,SW1A,,2025-09-17,2026-04-27,1190.39,E0083
Ecommerce,ECO-00107,Aylin Ozdemir,aylin.ozdemir25@gmail.com,+90 549 660 5603,151 hauptstrasse,London,GB,SW1A,1987-09-26,2023-08-13,2026-05-21,2145.04,E0166
Ecommerce,ECO-00075,Elif Yilmaz,elif.yilmaz30@proton.me,+90 536 295 7821,47 bagdat cd,Berlin,DE,10115,1967-05-28,2023-01-21,2026-07-12,6521.17,E0124
CRM,CRM-00264,Tolga Smith,tolga.smith4@gmail.com,+90 530 642 0018,102 Park Lane,Ankara,TR,06510,1995-01-03,2024-05-02,2026-04-16,4801.0,E0427
Ecommerce,ECO-00164,Liam Wilsno,liam.wilson28@proton.me,+90 593 467 0473,19 barbaros blv,Bursa,TR,16050,1976-01-20,2024-07-05,2026-01-13,3398.53,E0263
Ecommerce,ECO-00024,EmreY ilmaz,emre.yilmaz41@proton.me,+90 522 918 4575,159 Ataturk Cd,Ankara,TR,06510,1996-05-24,2024-02-23,2026-07-01,5370.08,E0041
Support,SUP-00290,Tolga Brown,,+90 542 690 5224,85 Istiklal Cd,Izmir,TR,35220,,2024-10-03,2026-05-24,5594.97,E0449
Ecommerce,ECO-00118,Derya Kilic,,,76 hauptstrasse,Izmir,TR,35220,2003-06-30,2024-02-25,2026-02-02,822.78,E0184
Ecommerce,ECO-00245,Mert Ozdemir,mert.ozdemir23@gmail.com,+90 537 285 7764,48 Hauptstrasse,London,GB,,1987-04-16,2025-02-20,2026-07-22,6827.54,E0399
Ecommerce,ECO-00156,ARDA KOC,arda.koc16@gmail.com,5992035270,73 barbaros blv,Istanbul,TR,34340,,2023-08-26,2026-01-15,1505.92,E0251
CRM,CRM-00188,Mert Polat,mert.polat30@yahoo.com,+90 563 276 8923,56 Istiklal Cd,Antalya,TR,07100,1980-10-05,2023-09-03,2026-05-05,4256.84,E0312
CRM,CRM-00005,Kerem Smith, KEREM.SMITH10@YAHOO.COM ,+90 511 916 4550,137 Barbaros Blv,Bursa,TR,16050,1990-07-01,2024-09-18,2026-06-12,1552.86,E0010
CRM,CRM-00097,Arda Brown,arda.brown20@gmail.com,+90 561 995 3891,107 Hauptstrasse,London,GB,SW1A,1979-06-10,2025-02-17,2026-06-30,214.3,E0161
Support,SUP-00267,Selin Arslan,,+90 541 883 5776,162 Ataturk Cd,Izmir,TR,,1975-06-12,2023-01-30,2026-07-17,5573.2,E0405
Ecommerce,ECO-00148,CEREN ERDOGAN,ceren.erdogan2@yahoo.com,+90 533 413 8084,29 Cumhuriyet Cd,Ankara,TR,06510,1996-05-10,2024-11-08,2026-06-04,4177.0,E0237
CRM,CRM-00180,Asli Miller,asli.miller15@gmail.com,+90 513 704 5476,67 Bagdat Cd,Berlin,DE,10115,1984-07-01,2024-03-29,2026-06-02,4413.72,E0297
CRM,CRM-00224,Sofia Erdogan,sofia.erdogan41@outlook.com,+90 546 616 1510,30 Cumhuriyet Cd,Berlin,DE,10115,1969-02-13,2026-05-08,2026-04-20,3987.0,E0370
CRM,CRM-00057,Can Celik,can.celik2@outlook.com,+90 586 186 9642,59 Barbaros Blv,Bursa,TR,16050,1990-12-23,2023-08-26,2026-04-10,3027.65,E0096
Support,SUP-00283,Mıa Yıldız,mia.yildiz15@proton.me,+90 526 703 9257,111 ataturk cd,Izmir,TR,35220,2002-04-30,2026-04-16,2026-06-11,428.1,E0438
Support,SUP-00041,Ozna Aydin,ozan.aydin5@yahoo.com,+90 515 290 0161,173 Istiklal Caddesi,Istanbul,TR,34340,1982-08-30,2023-03-05,2026-05-21,1819.18,E0052
Support,SUP-00202,CAN KAYA,can.kaya20@outlook.com,5216103332,66 Hauptstrasse,Istanbul,TR,34340,,2023-08-19,2026-07-25,6131.95,E0302
CRM,CRM-00233,Sofia Aksoy,sofia.aksoy3@yahoo.com,+90 591 310 6678,154 Barbaros Blv,Berlin,DE,10115,1976-09-26,2023-04-20,2026-04-06,2215.59,E0379
Ecommerce,ECO-00094,KeremB rown,,,4 Istiklal Cd,Istanbul,TR,34340,1972-10-22,2026-04-02,2026-03-03,3219.39,E0147
Support,SUP-00098,Tolga Ozdemir,,5323955896,141 Cumhuriyet Cd,Bursa,TR,16050,1995-06-24,2025-05-12,2026-02-16,1592.01,E0142
Ecommerce,ECO-00220,Derya Koc,derya.koc32@proton.me,+90 538 843 2588,2 barbaros blv,Bursa,TR,16050,1981-08-27,2024-04-06,2026-07-31,7856.85,E0361
Ecommerce,ECO-00271,ELIF TAS, ELIF.TAS22@PROTON.ME ,5915943102,155 Bagdat Caddesi,Izmir,TR,35220,2003-03-09,2023-05-12,2026-04-02,8132.79,E0445
Support,SUP-00058,Mia Koc,,+90 587 832 8046,136 Park Lane,London,GB,,1969-11-21,2025-08-14,2026-06-23,3899.05,E0078
Support,SUP-00104,Ece Koc,ece.koc15@yahoo.com,+90 565 027 8001,160 park lane,Istanbul,TR,,1971-01-09,2023-02-08,2026-05-28,8195.8,E0156
Support,SUP-00099,MehmetK aya,,+90 540 279 7273,158 Hauptstrasse,Izmir,TR,35220,1971-03-02,2026-05-31,2026-06-07,4472.16,E0143
Support,SUP-00269,Sofia Wilson,sofia.wilson32@yahoo.com,5885729158,13 Istiklal Cd,Berlin,DE,10115,1988-12-14,2024-05-30,2026-05-21,1535.01,E0408
Support,SUP-00291,Noah Yilmaz,,5119050166,55 Hauptstrasse,Ankara,TR,,,2023-09-17,2026-05-24,7233.31,E0450
CRM,CRM-00270,Emre Smith,emre.smith14@yahoo.com,+90 596 125 4783,147 Bagdat Cd,London,GB,SW1A,,2025-12-13,2026-06-03,7659.07,E0437
CRM,CRM-00209,Mehmet Miller,mehmet.miller11@yahoo.com,+90 595 126 5517,119 Cumhuriyet Cd,Bursa,TR,16050,2000-10-30,2026-01-17,2026-02-05,4793.28,E0340
Ecommerce,ECO-00233,Kerem Polat,kerem.polat7@gmail.com,+90 577 551 1887,68 bagdat cd,London,GB,,2000-10-13,2024-10-12,2026-02-06,7622.57,E0383
CRM,CRM-00101,Elif Tas,elif.tas27@yahoo.com,+90 556 428 6159,63 Barbaros Blv,Izmir,TR,35220,1987-02-01,2023-03-02,2026-05-28,2214.01,E0168
CRM,CRM-00033,Emma Koc,emma.koc13@yahoo.com,+90 563 670 0516,145 Barbaros Blv,Izmir,TR,35220,1989-03-27,2025-12-28,2026-01-01,1220.59,E0060
CRM,CRM-00049,Kerem Koc,kerem.koc39@proton.me,+90 535 374 8292,26 bagdat cd,Ankara,TR,06510,1973-05-18,2024-05-23,2026-04-13,3741.03,E0086
Support,SUP-00137,Mert Koc,,,142 Cumhuriyet Cd,Bursa,TR,16050,1978-08-21,2024-12-08,2026-03-19,3425.49,E0206
Support,SUP-00025,Oliver Celik,oliver.celik30@gmail.com,5572779967,129 Park Lane,Ankara,TR,06510,1969-08-19,2025-02-23,2026-02-28,514.5,E0030
CRM,CRM-00131,Liam Ozdemir,liam.ozdemir34@yahoo.com,+90 559 277 5447,53 Barbaros Blv,Antalya,TR,07100,1975-10-17,2025-04-12,2026-05-17,249.13,E0222
Ecommerce,ECO-00091,Burak Kaya,burak.kaya3@yahoo.com,+90 543 803 2794,145 Park Lane,Bursa,TR,16050,1978-12-20,2024-11-03,2026-05-03,3716.45,E0144
Support,SUP-00034,Can Yilmaz,,,166 Barbaros Blv,Ankara,TR,06510,1981-05-05,2023-12-27,2026-04-17,1806.5,E0044
CRM,CRM-00169,Sofia Aydin, SOFIA.AYDIN42@YAHOO.COM ,+90 530 873 5063,101 Ataturk Caddesi,Antalya,TR,07100,,2023-05-28,2026-04-02,761.19,E0277
Support,SUP-00164,Elif Kilic,elif.kilic7@yahoo.com,+90 571 843 2010,18 istiklal cd,Antalya,TR,07100,1981-11-09,2026-01-20,2026-02-25,2329.6,E0242
Support,SUP-00215,Mehmet Aydin,mehmet.aydin41@yahoo.com,+90 570 716 8274,6 Park Lane,Bursa,TR,16050,2002-09-03,2023-07-03,2026-02-20,5831.02,E0323
Support,SUP-00060,Ozan aTylor, OZAN.TAYLOR35@YAHOO.COM ,+90 583 340 1067,25 Istiklal Caddesi,Berlin,DE,10115,1968-02-01,2025-08-10,2026-04-07,4883.58,E0082
Support,SUP-00155,Emma Taylor,,+90 543 395 8190,169 Bagdat Cd,Bursa,TR,16050,1973-09-05,2024-02-14,2026-05-07,2985.48,E0230
Support,SUP-00213,Arda Celık,arda.celik37@proton.me,+90 586 381 0468,42 Cumhuriyet Cd,London,GB,SW1A,1970-03-12,2023-04-23,2026-07-13,6804.29,E0319
Ecommerce,ECO-00068,Aylin Koc,aylin.koc18@gmail.com,+90 533 621 7992,52 Ataturk Caddesi,Izmir,TR,35220,1974-08-19,2024-08-25,2026-02-03,940.17,E0112
CRM,CRM-00039,Ece Kaya, ECE.KAYA20@OUTLOOK.COM ,+90 520 159 2120,48 Barbaros Blv,Bursa,TR,16050,2002-08-02,2024-07-30,2026-03-20,6498.14,E0067
Ecommerce,ECO-00180,Ca nAksoy,can.aksoy16@yahoo.com,+90 563 404 4826,46 Ataturk Caddesi,Berlin,DE,10115,1965-05-31,2024-10-23,2026-01-31,1876.86,E0298
Support,SUP-00280,Elif Taylor,,+90 547 461 6539,151 Bagdat Cd,Istanbul,TR,34340,2002-10-08,2026-04-18,2026-01-21,5052.64,E0434
Support,SUP-00224,TOLGA OZDEMIR,tolga.ozdemir8@proton.me,5509779511,93 Hauptstrasse,London,GB,SW1A,1990-12-22,2023-01-11,2026-05-07,8002.98,E0337
Support,SUP-00017,Derya Erdogan,derya.erdogan21@proton.me,5525857866,50 Park Lane,London,GB,SW1A,1985-03-22,2025-07-27,2026-06-30,6064.63,E0021
Ecommerce,ECO-00106,Zeynep Wilson,zeynep.wilson23@proton.me,5437650353,123 Cumhuriyet Cd,Ankara,TR,06510,2001-04-12,2026-01-23,2026-05-19,6379.6,E0164
CRM,CRM-00184,Liam Yildiz, LIAM.YILDIZ25@GMAIL.COM ,+90 519 851 4565,116 Hauptstrasse,Istanbul,TR,,1980-05-23,2024-12-28,2026-01-28,2903.66,E0307
Support,SUP-00160,Mert Smith, MERT.SMITH0@PROTON.ME ,5600065093,88 Cumhuriyet Cd,Antalya,TR,07100,,2024-09-19,2026-04-18,2618.22,E0235
Support,SUP-00206,ARDA SMITH, ARDA.SMITH27@YAHOO.COM ,5558130326,56 Istiklal Cd,London,GB,SW1A,,2025-05-01,2026-04-05,6894.89,E0309
Support,SUP-00219,LIAM POLAT,liam.polat0@gmail.com,5418888265,39 Cumhuriyet Cd,London,GB,SW1A,,2025-06-29,2026-03-26,4307.04,E0329
Ecommerce,ECO-00265,Ozan Taylor,ozan.taylor7@gmail.com,+90 554 781 9923,75 Park Lane,Ankara,TR,06510,1983-10-14,2026-04-12,2026-04-12,7731.28,E0430
Support,SUP-00260,Asli Erodgan,,+90 599 816 6998,118 Cumhuriyet Cd,Ankara,TR,06510,2000-04-14,2025-06-06,2026-06-07,7850.06,E0393
Ecommerce,ECO-00176,Elif Ozdemir,elif.ozdemir10@yahoo.com,+90 562 061 5611,69 Park Lane,London,GB,SW1A,1971-06-28,2024-10-02,2026-01-03,5683.16,E0292
CRM,CRM-00045,Irem Yilmaz,irem.yilmaz34@gmail.com,+90 515 773 7463,32 Bagdat Cd,Izmir,TR,35220,1996-12-26,2024-06-19,2026-01-22,5217.72,E0081
CRM,CRM-00168,Emre Aydin,emre.aydin41@yahoo.com,+90 548 705 2306,32 Istiklal Cd,Berlin,DE,10115,1967-10-11,2024-07-09,2026-04-13,5089.22,E0276
CRM,CRM-00220,Mia Kaya,mia.kaya33@proton.me,+90 588 491 6156,55 Bagdat Cd,Bursa,TR,16050,1995-03-26,2025-08-31,2026-06-30,7447.35,E0362
CRM,CRM-00243,Selin Kilic,selin.kilic18@outlook.com,+90 540 375 1984,57 Barbaros Blv,Ankara,TR,06510,1987-04-27,2024-08-02,2026-07-29,6537.11,E0394
Ecommerce,ECO-00152,Derya Kilic, DERYA.KILIC10@YAHOO.COM ,+90 516 469 0863,130 Istiklal Cd,Ankara,TR,,1980-01-06,2023-03-31,2026-05-06,814.97,E0245
CRM,CRM-00275,Tolga Brown,tolga.brown26@outlook.com,+90 542 690 5224,85 Istiklal Cd,Izmir,TR,35220,,2024-07-15,2026-07-23,5594.97,E0449
CRM,CRM-00129,Kerem Miller, KEREM.MILLER31@GMAIL.COM ,+90 596 702 9143,13 Park Lane,Bursa,TR,16050,1966-09-23,2024-02-15,2026-05-26,4423.48,E0219
Ecommerce,ECO-00104,Mert Arslan,mert.arslan21@outlook.com,+90 592 825 3547,103 Istiklal Cd,London,GB,SW1A,1994-09-13,2025-12-08,2026-04-16,5952.59,E0162
Support,SUP-00033,Ece Erdogan,ece.erdogan42@outlook.com,+90 589 530 7872,39 hauptstrasse,London,GB,SW1A,1965-09-28,2023-05-06,2026-01-01,7793.65,E0042
Ecommerce,ECO-00210,Arda Brown,arda.brown16@gmail.com,+90 598 194 4143,177 Cumhuriyet Cd,Bursa,TR,16050,1969-08-07,2023-11-04,2026-01-08,6498.15,E0345
Ecommerce,ECO-00147,Mert Smith,,,88 Cumhuriyet Cd,Antalya,TR,07100,1973-08-23,2024-08-27,2026-04-20,2618.22,E0235
Support,SUP-00114,Deniz Yildiz,,5762411740,12 Hauptstrasse,London,GB,SW1A,2004-04-25,2023-08-28,2026-04-29,7607.49,E0171
Support,SUP-00130,Elif Koc,,+90 551 699 3677,162 Ataturk Caddesi,Berlin,DE,10115,1993-09-15,2024-10-19,2026-01-23,3197.98,E0197
CRM,CRM-00241,Ceren Kaya,ceren.kaya15@gmail.com,+90 544 598 3320,162 Istiklal Cd,Berlin,DE,10115,,2024-05-13,2026-02-24,6203.25,E0391
Support,SUP-00244,Emma Kaya, EMMA.KAYA40@YAHOO.COM ,+90 592 607 6655,147 Cumhuriyet Cd,Bursa,TR,16050,1972-04-25,2023-06-03,2026-02-09,2833.68,E0369
Support,SUP-00279,MEHMET BROWN,,+90 555 137 0870,128 Cumhuriyet Cd,Bursa,TR,16050,1993-06-14,2025-02-07,2026-07-31,5908.61,E0432
Support,SUP-00249,Irem Koc,,+90 531 819 1888,126 Cumhuriyet Cd,Bursa,TR,16050,,2026-07-09,2026-06-20,7783.85,E0375
CRM,CRM-00110,Burak Ozdemir,burak.ozdemir41@outlook.com,+90 514 335 5042,69 Park Lane,Izmir,TR,35220,,2024-01-19,2026-08-01,6067.17,E0182
Ecommerce,ECO-00222,Arda Kilic,,,65 Park Lane,Bursa,TR,16050,1968-02-11,2023-11-12,2026-01-18,2655.11,E0364
Support,SUP-00021,Elif Tas,elif.tas25@proton.me,5279794897,70 Ataturk Caddesi,Antalya,TR,07100,1992-09-10,2024-12-16,2026-06-07,586.02,E0025
Ecommerce,ECO-00154,Arda Ozdemir,arda.ozdemir12@proton.me,5541388138,127 Park Lane,Izmir,TR,35220,,2023-07-06,2026-06-02,4326.66,E0247
Ecommerce,ECO-00255,Mehmet Aydin,mehmet.aydin41@outlook.com,+90 558 230 3231,102 Istiklal Cd,Ankara,TR,06510,,2024-12-24,2026-02-25,3485.5,E0417
Ecommerce,ECO-00171,Mia Taylor,mia.taylor0@yahoo.com,+90 573 968 6373,23 istiklal cd,Antalya,TR,,1973-04-29,2023-03-01,2026-02-23,2929.23,E0282
CRM,CRM-00252,Liam Kilic,liam.kilic34@outlook.com,+90 585 024 7046,78 Barbaros Blv,Antalya,TR,07100,2003-09-20,2023-05-12,2026-03-31,3486.33,E0410
Ecommerce,ECO-00007,Oliver Celik,oliver.celik15@outlook.com,5247316173,119 hauptstrasse,Bursa,TR,16050,2000-12-28,2024-07-31,2026-01-28,1027.3,E0015
CRM,CRM-00087,Liam Arslan,liam.arslan4@outlook.com,+90 576 817 2402,152 Bagdat Cd,Ankara,TR,06510,1979-10-11,2024-02-12,2026-02-28,3182.21,E0145
Ecommerce,ECO-00055,Mehmet Ozdemir,mehmet.ozdemir41@outlook.com,+90 521 154 6929,143 hauptstrasse,London,GB,SW1A,1998-12-14,2024-10-27,2026-05-11,8425.51,E0088
CRM,CRM-00120,Oliver Kaya,oliver.kaya16@gmail.com,+90 567 237 5952,89 Hauptstrasse,Istanbul,TR,34340,1999-12-12,2026-04-29,2026-01-19,2404.96,E0204
Support,SUP-00207,Ozan Yılmaz,,+90 543 855 1493,67 Ataturk Cd,London,GB,SW1A,1969-11-21,2025-05-19,2026-03-17,760.22,E0310
Ecommerce,ECO-00161,Sofia Aydin,sofia.aydin22@proton.me,+90 558 563 0019,6 Istiklal Cd,London,GB,SW1A,1992-07-06,2024-01-08,2026-02-12,7489.86,E0257
CRM,CRM-00242,Asli Erdogan,asli.erdogan17@proton.me,+90 599 816 6998,118 Cumhuriyet Caddesi,Ankara,TR,06510,2000-04-14,2025-03-01,2026-05-13,7850.06,E0393
Ecommerce,ECO-00047,Leyla Kilic,leyla.kilic30@yahoo.com,+90 565 469 3585,98 Istiklal Cd,Antalya,TR,07100,1976-01-29,2023-02-21,2026-07-02,3610.29,E0077
Ecommerce,ECO-00162,Aylin Demir,aylin.demir26@yahoo.com,+90 557 264 7930,50 Barbaros Blv,Istanbul,TR,34340,1999-05-23,2024-12-13,2026-03-25,2631.71,E0261
Ecommerce,ECO-00140,Derya Celik,derya.celik36@outlook.com,+90 578 522 4144,161 Ataturk Cd,London,GB,SW1A,1973-10-31,2025-10-10,2026-02-02,4980.98,E0224
Ecommerce,ECO-00266,MEHMET BROWN,mehmet.brown9@yahoo.com,+90 555 137 0870,128 cumhuriyet cd,Bursa,TR,16050,1993-06-14,2023-12-27,2026-04-11,5908.61,E0432
CRM,CRM-00135,Noah Yildiz,noah.yildiz39@outlook.com,+90 590 528 9244,171 Ataturk Cd,Berlin,DE,10115,1977-09-20,2025-02-14,2026-05-04,5470.02,E0227
Ecommerce,ECO-00195,Mehmet Aydın,mehmet.aydin41@yahoo.com,+90 570 716 8274,6 Park Lane,Bursa,TR,,2002-09-03,2025-01-24,2026-01-29,5831.02,E0323
CRM,CRM-00228,Deniz Celik, DENIZ.CELIK45@YAHOO.COM ,+90 583 038 2106,11 Barbaros Blv,Antalya,TR,07100,,2023-10-05,2026-02-28,3302.78,E0374
Ecommerce,ECO-00110,Leyal Kilic,leyla.kilic31@yahoo.com,+90 529 228 8259,137 Istiklal Cd,Izmir,TR,35220,1984-11-01,2024-05-22,2026-02-09,4186.74,E0172
CRM,CRM-00142,Liam Koc,liam.koc4@gmail.com,+90 545 108 7570,90 Park Lane,Berlin,DE,,1983-05-19,2024-05-26,2026-03-14,2212.84,E0239
Ecommerce,ECO-00204,Emre Erdogan,emre.erdogan6@proton.me,+90 516 538 3397,15 Park Lane,London,GB,SW1A,1969-01-29,2025-10-14,2026-06-22,7611.63,E0335
CRM,CRM-00245,Sofia Wilson,sofia.wilson22@gmail.com,+90 545 806 1803,131 Hauptstrasse,Berlin,DE,10115,1973-07-27,2023-08-10,2026-06-11,1630.92,E0398
CRM,CRM-00163,Ceren Smith, CEREN.SMITH33@GMAIL.COM ,+90 547 403 9791,145 Istiklal Cd,Ankara,TR,,1985-07-08,2026-05-16,2026-02-01,6357.3,E0268
CRM,CRM-00042,Leyla Kilic,leyla.kilic30@yahoo.com,+90 565 469 3585,98 Istiklal Caddesi,Antalya,TR,07100,1976-01-29,2026-01-23,2026-02-11,3610.29,E0077
CRM,CRM-00227,Liam Taylor,liam.taylor44@yahoo.com,+90 593 633 6812,127 Park Lane,Izmir,TR,35220,1984-04-23,2023-12-02,2026-06-22,7198.41,E0373
Support,SUP-00234,Liam Brown,,5815376288,41 Barbaros Blv,Berlin,DE,10115,1984-11-08,2025-05-11,2026-04-15,6280.79,E0356
Ecommerce,ECO-00029,Denız Brown,deniz.brown2@outlook.com,+90 540 811 4604,26 Istiklal Cd,Antalya,TR,,1968-10-20,2023-12-23,2026-03-14,343.97,E0049
Support,SUP-00189,Can Koc,can.koc4@gmail.com,5200777384,178 Hauptstrasse,Bursa,TR,,1998-02-28,2023-01-01,2026-01-03,491.11,E0286
Ecommerce,ECO-00174,Emma Kaya, EMMA.KAYA8@OUTLOOK.COM ,+90 539 672 5318,109 Hauptstrasse,Antalya,TR,07100,1991-12-25,2024-12-08,2026-08-04,3701.03,E0290
Ecommerce,ECO-00168,IREM KILIC, IREM.KILIC40@PROTON.ME ,+90 566 813 2255,173 Park Lane,Antalya,TR,07100,1978-03-22,2023-04-07,2026-02-08,7044.47,E0275
CRM,CRM-00056,Emre Arslan,emre.arslan1@gmail.com,+90 531 639 2587,77 Bagdat Caddesi,Berlin,DE,10115,1987-11-02,2023-11-15,2026-01-27,2367.89,E0095
Ecommerce,ECO-00001,Burak Aydin, BURAK.AYDIN7@YAHOO.COM ,5606399847,3 Bagdat Cd,Ankara,TR,06510,1972-04-28,2024-06-16,2026-05-03,450.56,E0007
Support,SUP-00225,Can Aksoy,can.aksoy10@outlook.com,+90 580 455 5175,140 cumhuriyet cd,London,GB,SW1A,2000-09-03,2024-01-16,2026-06-25,4983.2,E0339
Support,SUP-00168,Aylin Demir,,+90 557 264 7930,50 Barbaros Blv,Istanbul,TR,,1999-05-23,2023-07-16,2026-07-14,2631.71,E0261
Support,SUP-00038,Deniz Brown, DENIZ.BROWN2@OUTLOOK.COM ,5408114604,26 Istiklal Cd,Antalya,TR,07100,1968-10-20,2023-04-21,2026-08-01,343.97,E0049
Ecommerce,ECO-00229,Arda Celik,arda.celik0@gmail.com,+90 587 761 1477,85 Park Lane,Ankara,TR,06510,1975-02-20,2025-09-28,2026-05-25,7147.26,E0376
CRM,CRM-00078,Can Yilmaz,can.yilmaz34@outlook.com,+90 523 915 2179,12 Istiklal Caddesi,Izmir,TR,35220,1989-07-05,2024-04-13,2026-06-15,3927.01,E0128
Support,SUP-00097,IremC elik,irem.celik46@outlook.com,+90 553 198 8567,75 Bagdat Cd,Bursa,TR,16050,1990-04-19,2024-02-18,2026-06-18,8250.37,E0140
Support,SUP-00167,Sofia Aydin,,5415642101,80 Cumhuriyet Cd,Izmir,TR,35220,1967-05-10,2023-10-19,2026-07-23,1660.76,E0252
Ecommerce,ECO-00032,Leyla Miller,leyla.miller6@yahoo.com,+90 528 602 0524,27 istiklal cd,London,GB,,1990-12-02,2026-07-07,2026-02-19,3584.25,E0053
Support,SUP-00024,Can Arslan,,5637876792,38 Ataturk Cd,Istanbul,TR,34340,1980-02-09,2024-09-01,2026-04-02,6231.25,E0029
Support,SUP-00272,Mehmet Aydin,mehmet.aydin41@outlook.com,+90 558 230 3231,102 Istiklal Cd,Ankara,TR,06510,1991-12-15,2024-11-02,2026-06-06,3485.5,E0417
CRM,CRM-00278,Mıa Brown,,,77 park lane,Antalya,TR,07100,,2026-07-01,2026-07-15,422.76,A004
CRM,CRM-00140,Ozan Miller,ozan.miller1@yahoo.com,+90 517 865 5327,160 Park Lane,London,GB,SW1A,1986-05-24,2025-05-01,2026-01-23,217.28,E0236
Support,SUP-00011,LiamS ahin,,+90 580 768 2967,54 Ataturk Cd,Antalya,TR,07100,1986-11-09,2023-03-01,2026-03-11,5365.77,E0014
Ecommerce,ECO-00275,Sofıa Brown,,,19 Cumhuriyet Caddesi,Berlin,DE,10115,,2026-07-01,2026-07-15,387.94,A006
Ecommerce,ECO-00144,Ozan Koc,ozan.koc41@proton.me,5286566167,161 Barbaros Blv,London,GB,SW1A,1998-11-02,2025-09-22,2026-08-03,4003.43,E0229
CRM,CRM-00257,Mehmet Aydin,mehmet.aydin41@outlook.com,+90 558 230 3231,102 Istiklal Caddesi,Ankara,TR,06510,1991-12-15,2025-02-01,2026-04-19,3485.5,E0417
CRM,CRM-00159,Mert Arslan,mert.arslan27@gmail.com,+90 576 082 7266,45 Hauptstrasse,Berlin,DE,10115,1971-05-23,2024-01-28,2026-02-18,7492.28,E0262
Support,SUP-00176,Mia Wilson,mia.wilson36@outlook.com,5367383172,49 Cumhuriyet Cd,Ankara,TR,06510,1977-04-19,2024-09-28,2026-02-25,3541.38,E0271
Ecommerce,ECO-00261,Kerem Sahin,kerem.sahin3@gmail.com,+90 549 576 2247,3 Hauptstrasse,Ankara,TR,06510,1979-04-19,2025-12-06,2026-02-16,5489.85,E0426
Support,SUP-00258,Creen Kaya,ceren.kaya15@gmail.com,5445983320,162 istiklal cd,Berlin,DE,10115,1965-01-19,2024-03-31,2026-07-29,6203.25,E0391
CRM,CRM-00164,Mia Wilson,mia.wilson36@outlook.com,+90 536 738 3172,49 cumhuriyet cd,Ankara,TR,06510,,2023-10-03,2026-05-09,3541.38,E0271
Support,SUP-00288,Noah Demir,noah.demir20@proton.me,+90 593 334 3974,45 Hauptstrasse,Izmir,TR,35220,1977-10-19,2025-08-27,2026-01-01,4239.47,E0443
Ecommerce,ECO-00116,BURAK OZDEMIR,burak.ozdemir41@outlook.com,+90 514 335 5042,69 Park Lane,Izmir,TR,35220,2003-06-14,2025-11-23,2026-05-11,6067.17,E0182
CRM,CRM-00083,Emma Smith,emma.smith0@outlook.com,+90 520 270 2065,154 Park Lane,Ankara,TR,06510,1970-11-09,2023-02-14,2026-07-25,2939.89,E0141
Ecommerce,ECO-00086,Asli Celik,asli.celik44@gmail.com,5447817561,151 Barbaros Blv,Ankara,TR,06510,1981-03-23,2024-11-22,2026-01-03,3704.89,E0138
Support,SUP-00171,Liam Kilic,liam.kilic31@outlook.com,5881112517,52 Istiklal Caddesi,Antalya,TR,07100,1965-11-29,2023-08-30,2026-02-04,402.22,E0266
CRM,CRM-00249,Noah Polat,noah.polat27@gmail.com,+90 590 680 7861,2 Istiklal Cd,Istanbul,TR,,1993-03-28,2025-11-26,2026-01-25,1452.36,E0403
Support,SUP-00111,Irem Yilmaz,,,111 Bagdat Caddesi,Istanbul,TR,34340,1974-03-09,2026-06-23,2026-02-15,4948.69,E0165
CRM,CRM-00107,Derya Aydin,derya.aydin38@proton.me,+90 540 105 1147,141 Bagdat Cd,Antalya,TR,07100,1995-05-21,2025-01-04,2026-07-22,2799.83,E0179
CRM,CRM-00189,Mert Kaya,mert.kaya31@outlook.com,+90 574 274 9713,122 Cumhuriyet Cd,Antalya,TR,07100,1979-04-05,2023-12-22,2026-03-22,7104.25,E0313
Ecommerce,ECO-00125,Can Yilmaz,can.yilmaz4@yahoo.com,+90 587 597 6622,68 Istiklal Cd,London,GB,SW1A,1970-12-10,2023-02-11,2026-08-07,1911.81,E0192
Support,SUP-00182,Sofia Aydin,sofia.aydin42@yahoo.com,5308735063,101 Ataturk Cd,Antalya,TR,07100,1969-09-01,2025-10-20,2026-04-06,761.19,E0277
Support,SUP-00132,CAN MILLER,can.miller12@proton.me,+90 569 537 9849,100 Park Lane,Ankara,TR,06510,1966-11-06,2024-11-11,2026-02-14,2901.88,E0200
Ecommerce,ECO-00166,SOFIA OZDEMIR,sofia.ozdemir35@outlook.com,+90 530 753 7218,88 Bagdat Caddesi,Istanbul,TR,34340,,2023-08-26,2026-01-22,5695.88,E0270
Support,SUP-00231,Noah Miller, NOAH.MILLER24@GMAIL.COM ,5718088625,11 Park Lane,Bursa,TR,16050,1974-01-08,2024-08-07,2026-01-12,8124.61,E0353
CRM,CRM-00153,Sofia Aydin,sofia.aydin17@gmail.com,+90 541 564 2101,80 cumhuriyet cd,Izmir,TR,35220,1967-05-10,2023-01-23,2026-04-09,1660.76,E0252
Support,SUP-00170,Selin Brown,,,19 Istiklal Cd,Izmir,TR,,,2025-04-22,2026-05-15,3452.19,E0265
Support,SUP-00043,Asli Aksoy, ASLI.AKSOY9@GMAIL.COM ,5524033924,178 Park Lane,Bursa,TR,16050,1967-02-18,2026-06-21,2026-05-09,6695.32,E0056
Ecommerce,ECO-00085,Mehmet Aksoy,mehmet.aksoy43@gmail.com,5440500582,138 Istiklal Cd,Istanbul,TR,34340,1980-06-27,2023-08-03,2026-07-14,4456.35,E0137
CRM,CRM-00221,Can Aksoy, CAN.AKSOY36@GMAIL.COM ,+90 549 210 3403,150 Park Lane,London,GB,SW1A,1968-05-06,2024-11-07,2026-04-10,8497.23,E0365
Ecommerce,ECO-00042,Ceren Yildiz,ceren.yildiz24@gmail.com,+90 543 905 8893,48 Barbaros Blv,Ankara,TR,06510,,2023-06-15,2026-05-16,7703.55,E0071
Ecommerce,ECO-00008,Sofia Kyaa,sofia.kaya17@outlook.com,+90 581 440 2528,154 Hauptstrasse,Istanbul,TR,,1967-12-20,2023-11-03,2026-06-10,3255.3,E0017
Ecommerce,ECO-00003,DENIZ ARSLAN,deniz.arslan9@gmail.com,+90 599 739 6951,134 ataturk cd,Istanbul,TR,34340,1988-08-16,2025-06-11,2026-01-12,5575.64,E0009
CRM,CRM-00001,Burak Miller,burak.miller2@yahoo.com,+90 593 242 6206,68 Cumhuriyet Caddesi,Istanbul,TR,34340,1972-01-22,2024-12-06,2026-05-01,1953.24,E0002
CRM,CRM-00102,Burak Polat,burak.polat28@outlook.com,+90 542 369 0479,43 Barbaros Blv,Istanbul,TR,34340,1994-05-08,2024-07-05,2026-04-14,2032.86,E0169
CRM,CRM-00035,Sofia Ozdemir,sofia.ozdemir15@gmail.com,+90 579 357 7561,61 Park Lane,London,GB,SW1A,1976-09-30,2023-08-02,2026-06-17,6552.52,E0062
Ecommerce,ECO-00188,Arda Smith,arda.smith27@yahoo.com,+90 555 813 0326,56 Istiklal Caddesi,London,GB,SW1A,,2026-03-15,2026-01-14,6894.89,E0309
CRM,CRM-00265,Noah Koc,noah.koc5@gmail.com,+90 588 445 1986,29 Cumhuriyet Cd,London,GB,SW1A,1994-03-31,2024-07-22,2026-01-20,8406.92,E0428
CRM,CRM-00256,Oliver Yildiz,oliver.yildiz38@proton.me,+90 566 050 0860,135 Barbaros Blv,Istanbul,TR,34340,1983-05-15,2026-06-15,2026-05-31,436.84,E0414
Ecommerce,ECO-00138,LIAM OZDEMIR,liam.ozdemir34@yahoo.com,5592775447,53 Barbaros Blv,Antalya,TR,07100,1975-10-17,2025-11-02,2026-03-10,249.13,E0222
CRM,CRM-00098,Zeynep Wilson,zeynep.wilson23@proton.me,+90 543 765 0353,123 Cumhuriyet Cd,Ankara,TR,06510,2001-04-12,2023-05-23,2026-01-05,6379.6,E0164
Ecommerce,ECO-00219,Emre Arslan,emre.arslan31@outlook.com,+90 585 533 5596,140 Bagdat Cd,Izmir,TR,,1974-05-04,2023-09-16,2026-02-22,5134.16,E0360
CRM,CRM-00123,Tolga Wilson,tolga.wilson19@outlook.com,+90 572 338 8554,17 Bagdat Cd,Ankara,TR,06510,1989-05-10,2023-10-27,2026-07-03,7747.41,E0207
CRM,CRM-00093,Sofia Aydin,sofia.aydin13@outlook.com,+90 533 490 3509,124 Park Lane,Berlin,DE,10115,1980-04-21,2024-09-23,2026-08-08,5574.71,E0154
Support,SUP-00118,Derya Aydin,,+90 540 105 1147,141 Bagdat Cd,Antalya,TR,07100,,2026-07-01,2026-03-16,2799.83,E0179
Ecommerce,ECO-00109,Denız Yıldız,deniz.yildiz30@proton.me,+90 576 241 1740,12 Hauptstrasse,London,GB,SW1A,2004-04-25,2025-10-10,2026-02-23,7607.49,E0171
CRM,CRM-00074,Oliver Yildiz,oliver.yildiz24@yahoo.com,+90 590 266 4024,148 Cumhuriyet Cd,Berlin,DE,10115,1982-03-18,2024-01-03,2026-06-06,1668.4,E0118
Support,SUP-00053,LIAM AYDIN,,,5 Istiklal Cd,London,GB,SW1A,1980-04-20,2024-07-02,2026-07-09,4440.56,E0072
Ecommerce,ECO-00089,Emm aSmith,emma.smith0@outlook.com,+90 520 270 2065,154 Park Lane,Ankara,TR,,1970-11-09,2025-04-14,2026-08-02,2939.89,E0141
Support,SUP-00175,Sofia Odzemir,sofia.ozdemir35@outlook.com,5307537218,88 Bagdat Cd,Istanbul,TR,34340,2000-11-21,2023-04-07,2026-08-02,5695.88,E0270
Ecommerce,ECO-00232,Noah Arslan,noah.arslan5@yahoo.com,+90 593 907 8286,122 Bagdat Cd,Izmir,TR,35220,1994-09-07,2025-09-27,2026-03-13,6447.3,E0381
Support,SUP-00133,DERYA OZDEMIR,derya.ozdemir13@outlook.com,+90 533 985 6894,22 Barbaros Blv,Antalya,TR,07100,1965-08-07,2025-04-26,2026-08-08,4156.87,E0201
Support,SUP-00090,Emma Brown,,+90 517 851 0412,129 Istiklal Cd,Berlin,DE,,,2024-02-10,2026-06-22,5329.6,E0130
CRM,CRM-00047,Deniz Wilson,deniz.wilson37@yahoo.com,+90 580 185 7417,150 park lane,Antalya,TR,07100,1972-12-30,2025-08-03,2026-02-23,6861.07,E0084
Support,SUP-00218,Arda Polat,,+90 547 173 9010,12 Istiklal Cd,Izmir,TR,35220,,2024-04-22,2026-07-07,4012.98,E0327
Ecommerce,ECO-00178,Sofia Demir,sofia.demir14@outlook.com,+90 555 980 5627,10 Cumhuriyet Caddesi,Istanbul,TR,34340,1979-08-05,2025-03-13,2026-01-18,5442.88,E0296
Ecommerce,ECO-00259,Arda Aydin,arda.aydin1@gmail.com,5485075597,125 Ataturk Cd,London,GB,SW1A,1984-07-24,2026-02-02,2026-01-09,2438.33,E0424
CRM,CRM-00276,Noah Yilmaz,noah.yilmaz27@outlook.com,+90 511 905 0166,55 Hauptstrasse,Ankara,TR,,1987-02-24,2023-03-11,2026-05-23,7233.31,E0450
Ecommerce,ECO-00183,Ece Demir, ECE.DEMIR21@OUTLOOK.COM ,5975316557,11 Hauptstrasse,Bursa,TR,,1996-04-03,2024-08-15,2026-01-30,891.9,E0303
Support,SUP-00071,MEHMET CELIK,,+90 588 360 5549,52 Barbaros Blv,Izmir,TR,,1968-01-22,2024-02-05,2026-06-20,4362.3,E0100
CRM,CRM-00036,Derya Erdogan,derya.erdogan16@gmail.com,+90 562 925 2554,134 Park Lane,Istanbul,TR,34340,2001-12-28,2025-09-24,2026-02-23,3415.25,E0063
CRM,CRM-00160,Liam Wilson, LIAM.WILSON28@PROTON.ME ,+90 593 467 0473,19 Barbaros Blv,Bursa,TR,16050,1976-01-20,2023-10-23,2026-05-07,3398.53,E0263
Support,SUP-00120,Burak Ozdemir,burak.ozdemir41@outlook.com,+90 514 335 5042,69 Park Lane,Izmir,TR,35220,2003-06-14,2024-05-19,2026-06-01,6067.17,E0182
Support,SUP-00092,Arda Koc,arda.koc39@outlook.com,+90 564 677 0544,148 cumhuriyet cd,Istanbul,TR,34340,1977-08-21,2025-04-03,2026-07-23,6360.19,E0133
CRM,CRM-00059,Sofia Brown,sofia.brown5@yahoo.com,+90 542 639 2865,136 Barbaros Blv,Istanbul,TR,,1983-10-07,2025-05-20,2026-05-07,2375.82,E0099
CRM,CRM-00190,Derya Arslan,derya.arslan32@outlook.com,+90 534 945 9660,125 Park Lane,Berlin,DE,10115,1970-06-26,2026-05-05,2026-02-28,824.51,E0314
CRM,CRM-00162,Aylin Yilmaz, AYLIN.YILMAZ32@GMAIL.COM ,+90 545 429 8082,146 Bagdat Cd,Istanbul,TR,34340,1983-06-18,2023-06-24,2026-03-28,4477.59,E0267
Ecommerce,ECO-00260,SOFIA POLAT,sofia.polat2@proton.me,+90 532 213 2997,9 Bagdat Cd,Istanbul,TR,,1976-11-01,2024-03-13,2026-05-25,7045.89,E0425
Ecommerce,ECO-00009,Derya Erdogan,derya.erdogan21@proton.me,+90 552 585 7866,50 Park Lane,London,GB,SW1A,1985-03-22,2025-02-14,2026-05-02,6064.63,E0021
CRM,CRM-00235,Noah Arslan,noah.arslan5@yahoo.com,+90 593 907 8286,122 bagdat cd,Izmir,TR,35220,1994-09-07,2026-06-12,2026-01-26,6447.3,E0381
Ecommerce,ECO-00122,Emma Kaya,emma.kaya1@outlook.com,+90 531 688 5338,74 Istiklal Caddesi,Izmir,TR,35220,1967-12-01,2023-07-20,2026-03-15,8036.13,E0189
CRM,CRM-00003,Mehmet Tas, MEHMET.TAS6@OUTLOOK.COM ,+90 539 014 7916,58 bagdat cd,Antalya,TR,07100,1991-06-20,2023-08-01,2026-01-22,4216.98,E0006
Ecommerce,ECO-00067,Lyela Erdogan,leyla.erdogan12@gmail.com,5645193833,38 Hauptstrasse,Antalya,TR,07100,1977-10-04,2026-06-01,2026-06-08,907.08,E0106
Ecommerce,ECO-00264,Emre Yildiz,emre.yildiz6@gmail.com,+90 597 095 0107,147 barbaros blv,London,GB,SW1A,2004-01-05,2025-05-23,2026-07-23,2941.56,E0429
Ecommerce,ECO-00005,Adra Wilson,arda.wilson12@yahoo.com,5869505933,68 Ataturk Cd,Antalya,TR,07100,1967-04-03,2024-08-01,2026-03-08,5826.63,E0012
Ecommerce,ECO-00199,ASLI SMITH,asli.smith46@gmail.com,+90 569 971 8936,111 Cumhuriyet Caddesi,Berlin,DE,10115,1971-05-08,2025-09-11,2026-02-15,5861.7,E0328
CRM,CRM-00133,Derya Celik,derya.celik36@outlook.com,+90 578 522 4144,161 Ataturk Caddesi,London,GB,SW1A,1973-10-31,2026-07-18,2026-06-06,4980.98,E0224
CRM,CRM-00138,Elif Tas,elif.tas43@outlook.com,+90 594 073 2232,161 istiklal cd,Berlin,DE,10115,1991-01-28,2023-02-06,2026-06-25,7235.26,E0231
Support,SUP-00040,Arda Sahın,arda.sahin4@proton.me,+90 546 851 1507,118 Hauptstrasse,Berlin,DE,10115,,2025-06-18,2026-06-24,2028.54,E0051
Support,SUP-00062,Irem Demır,,5797150430,23 Hauptstrasse,London,GB,SW1A,1967-09-11,2025-03-08,2026-05-16,7029.48,E0087
Ecommerce,ECO-00145,Emma Taylor,emma.taylor42@proton.me,+90 543 395 8190,169 Bagdat Cd,Bursa,TR,16050,,2024-02-01,2026-07-13,2985.48,E0230
Ecommerce,ECO-00149,Lıam Koc,liam.koc4@gmail.com,+90 545 108 7570,90 Park Lane,Berlin,DE,10115,1983-05-19,2024-11-04,2026-08-04,2212.84,E0239
Support,SUP-00059,Ozan Yildiz,ozan.yildiz32@proton.me,5797763362,166 Bagdat Cd,London,GB,SW1A,1971-10-14,2025-09-09,2026-07-14,5539.74,E0079
CRM,CRM-00094,Ece Koc,ece.koc15@yahoo.com,+90 565 027 8001,160 Park Lane,Istanbul,TR,34340,1971-01-09,2025-01-14,2026-06-22,8195.8,E0156
Support,SUP-00083,Mia Taylor,mia.taylor25@proton.me,+90 547 558 9454,47 bagdat cd,Istanbul,TR,,,2025-08-28,2026-03-03,5545.4,E0119
Support,SUP-00178,Ceren Koc,ceren.koc38@proton.me,5326417612,105 Istiklal Cd,Istanbul,TR,34340,1984-01-22,2025-11-16,2026-06-15,2641.09,E0273
Support,SUP-00265,Leyla Arslan,leyla.arslan25@gmail.com,5840859563,20 Cumhuriyet Cd,Berlin,DE,10115,,2023-01-01,2026-01-20,4009.4,E0401
Support,SUP-00227,Aylin Taylor,aylin.taylor17@proton.me,+90 596 645 0320,118 Barbaros Blv,Antalya,TR,07100,1995-10-26,2026-03-21,2026-03-19,6824.17,E0346
Support,SUP-00166,ARDA KOC,arda.koc16@gmail.com,5992035270,73 barbaros blv,Istanbul,TR,34340,1989-02-01,2024-03-18,2026-06-10,1505.92,E0251
Ecommerce,ECO-00226,ASLI YILMAZ, ASLI.YILMAZ42@YAHOO.COM ,5690015645,77 Hauptstrasse,Istanbul,TR,34340,1979-05-17,2023-01-14,2026-03-21,6798.94,E0371
CRM,CRM-00246,Leyla Polat,leyla.polat24@outlook.com,+90 568 961 5282,147 Bagdat Cd,Berlin,DE,10115,1985-05-07,2023-06-26,2026-07-10,6290.5,E0400
CRM,CRM-00038,Mert Celik, MERT.CELIK19@YAHOO.COM ,+90 525 902 6142,65 Istiklal Caddesi,Bursa,TR,16050,1968-04-11,2026-05-11,2026-05-31,7284.62,E0066
CRM,CRM-00251,Tolga Kaya,tolga.kaya33@proton.me,+90 560 166 2524,78 Cumhuriyet Cd,Istanbul,TR,34340,1995-06-16,2024-08-15,2026-03-23,6588.27,E0409
CRM,CRM-00195,Derya Tas,derya.tas39@yahoo.com,+90 552 730 3347,169 ataturk cd,London,GB,SW1A,1970-05-19,2023-02-02,2026-02-19,3188.01,E0321
Ecommerce,ECO-00250,CAN CELIK,can.celik35@outlook.com,+90 536 908 9420,53 Ataturk Cd,Berlin,DE,10115,,2023-04-15,2026-02-28,4671.97,E0411
CRM,CRM-00136,Ozan Koc,ozan.koc41@proton.me,+90 528 656 6167,161 Barbaros Blv,London,GB,SW1A,1998-11-02,2026-07-12,2026-05-16,4003.43,E0229
CRM,CRM-00070,Mia Wilson, MIA.WILSON20@PROTON.ME ,+90 554 752 3680,7 Barbaros Blv,Antalya,TR,07100,1985-11-12,2024-08-26,2026-07-20,2938.12,E0114
Ecommerce,ECO-00123,KEREM SMITH, KEREM.SMITH2@PROTON.ME ,+90 564 228 4467,57 Hauptstrasse,Ankara,TR,,1998-10-21,2025-08-13,2026-03-08,7355.61,E0190
Ecommerce,ECO-00036,Irem Kaya, IREM.KAYA11@PROTON.ME ,+90 510 081 8733,61 Bagdat Cd,Ankara,TR,06510,1972-04-24,2024-08-04,2026-01-12,7567.68,E0058
Support,SUP-00287,Selin Kaya,selin.kaya19@gmail.com,+90 590 747 0055,38 Ataturk Cd,Istanbul,TR,,,2026-07-03,2026-05-23,171.2,E0442
Support,SUP-00022,Tolga Smith,tolga.smith27@outlook.com,+90 531 871 2284,19 Park Lane,Ankara,TR,06510,1979-07-30,2025-10-27,2026-03-09,7352.95,E0027
Support,SUP-00180,IREM KILIC,irem.kilic40@proton.me,+90 566 813 2255,173 Park Lane,Antalya,TR,07100,1978-03-22,2023-07-22,2026-04-06,7044.47,E0275
CRM,CRM-00185,Tolga Polat,tolga.polat26@gmail.com,+90 536 810 3026,38 Istiklal Caddesi,London,GB,SW1A,1987-09-02,2025-10-13,2026-03-06,8477.48,E0308
Support,SUP-00113,Kerem Celik,,5569253457,7 Ataturk Cd,Izmir,TR,35220,2002-08-24,2023-07-03,2026-02-27,1875.28,E0170
CRM,CRM-00279,ASLI BROWN,,,158 barbaros blv,Antalya,TR,07100,,2026-07-01,2026-07-15,375.9,A009
Support,SUP-00110,Zeynep Wislon,zeynep.wilson23@proton.me,5437650353,123 Cumhuriyet Cd,Ankara,TR,06510,2001-04-12,2026-01-17,2026-04-02,6379.6,E0164
Ecommerce,ECO-00197,Noah Ozdemir,noah.ozdemir43@proton.me,+90 514 497 6064,121 Bagdat Cd,Bursa,TR,,1989-08-15,2024-12-01,2026-05-18,1644.2,E0325
Support,SUP-00079,Mıa Wılson,mia.wilson20@proton.me,5547523680,7 Barbaros Blv,Antalya,TR,,1985-11-12,2025-06-10,2026-03-11,2938.12,E0114
Ecommerce,ECO-00083,Ozan Polat,ozan.polat40@yahoo.com,+90 526 996 2606,17 Park Lane,Izmir,TR,35220,1977-06-29,2023-10-04,2026-06-13,4943.26,E0134
Support,SUP-00295,Emma Sahın,,,100 Park Lane,Istanbul,TR,34340,,2026-07-01,2026-07-15,378.44,A008
CRM,CRM-00124,Oliver Miller,oliver.miller22@gmail.com,+90 588 777 4311,82 Cumhuriyet Cd,Antalya,TR,07100,1990-07-14,2023-02-03,2026-04-27,1820.91,E0210
Ecommerce,ECO-00037,Sofia Ozdemir, SOFIA.OZDEMIR15@GMAIL.COM ,5793577561,61 Park Lane,London,GB,SW1A,,2024-12-12,2026-03-03,6552.52,E0062
Ecommerce,ECO-00031,Ozan Aydin,,,173 Istiklal Cd,Istanbul,TR,34340,1982-08-30,2023-12-11,2026-02-09,1819.18,E0052
Ecommerce,ECO-00223,Can Aksoy,can.aksoy36@gmail.com,+90 549 210 3403,150 Park Lane,London,GB,SW1A,1968-05-06,2025-09-07,2026-01-23,8497.23,E0365
Support,SUP-00088,CAN YILMAZ,,5239152179,12 Istiklal Cd,Izmir,TR,35220,1989-07-05,2023-08-06,2026-04-15,3927.01,E0128
Support,SUP-00139,Oliver Miller,,+90 588 777 4311,82 Cumhuriyet Caddesi,Antalya,TR,07100,1990-07-14,2025-04-23,2026-06-29,1820.91,E0210
Ecommerce,ECO-00190,Derya Arslan, DERYA.ARSLAN32@OUTLOOK.COM ,+90 534 945 9660,125 Park Lane,Berlin,DE,10115,1970-06-26,2026-02-18,2026-06-01,824.51,E0314
CRM,CRM-00216,Deniz Demir, DENIZ.DEMIR26@YAHOO.COM ,+90 556 574 7831,41 Ataturk Cd,Bursa,TR,,,2023-10-29,2026-03-01,2854.54,E0355
Support,SUP-00031,CerenY ildiz,,5341630539,135 Cumhuriyet Cd,Ankara,TR,06510,1997-05-05,2023-03-10,2026-08-08,3258.46,E0039
CRM,CRM-00105,Kerem Yildiz,kerem.yildiz35@proton.me,+90 529 024 5504,42 Barbaros Blv,Bursa,TR,16050,1995-11-10,2023-04-07,2026-03-28,2904.28,E0176
Ecommerce,ECO-00258,Zeynep Kaya,zeynep.kaya45@yahoo.com,+90 577 890 7092,20 Cumhuriyet Cd,London,GB,,1993-08-11,2026-04-07,2026-06-23,3963.85,E0421
Ecommerce,ECO-00268,Ece Taylor,ece.taylor18@gmail.com,+90 576 855 1227,12 Istiklal Caddesi,Bursa,TR,16050,1977-11-30,2025-07-25,2026-06-09,6251.74,E0441
Support,SUP-00001,Elif Demir,,+90 593 418 1434,17 Bagdat Caddesi,Izmir,TR,35220,2002-01-24,2023-11-03,2026-03-28,7056.31,E0001
Ecommerce,ECO-00090,Tolga Odzemir,tolga.ozdemir1@gmail.com,+90 532 395 5896,141 Cumhuriyet Cd,Bursa,TR,16050,1995-06-24,2026-04-28,2026-06-08,1592.01,E0142
CRM,CRM-00193,Elif Taylor,elif.taylor36@yahoo.com,+90 578 006 0972,86 Cumhuriyet Cd,Berlin,DE,10115,2004-08-15,2023-02-04,2026-05-24,6003.92,E0318
Support,SUP-00149,Derya Celik,,,161 Ataturk Cd,London,GB,,1973-10-31,2024-07-07,2026-01-20,4980.98,E0224
Ecommerce,ECO-00046,Mehmet Celik,mehmet.celik28@proton.me,5714060282,147 Bagdat Cd,Izmir,TR,,1972-02-02,2023-07-24,2026-01-06,4751.43,E0075
CRM,CRM-00127,Mehmet Aksoy,mehmet.aksoy28@proton.me,+90 564 486 6049,166 Cumhuriyet Caddesi,Izmir,TR,35220,1966-06-28,2023-01-06,2026-03-16,4315.94,E0216
CRM,CRM-00254,Mia Brown,mia.brown36@proton.me,+90 526 964 5071,57 Cumhuriyet Cd,Bursa,TR,16050,1992-11-25,2023-05-23,2026-02-14,2951.46,E0412
Support,SUP-00141,Noah Brown,noah.brown24@yahoo.com,5305225244,5 Barbaros Blv,Berlin,DE,10115,1968-03-01,2025-02-01,2026-05-29,221.64,E0212
Support,SUP-00198,ASLI MILLER,asli.miller15@gmail.com,5137045476,67 Bagdat Caddesi,Berlin,DE,,1984-07-01,2024-02-23,2026-06-18,4413.72,E0297
Ecommerce,ECO-00022,Ceren Yildiz, CEREN.YILDIZ39@YAHOO.COM ,+90 534 163 0539,135 Cumhuriyet Cd,Ankara,TR,06510,,2023-12-12,2026-05-09,3258.46,E0039
Ecommerce,ECO-00170,SOFIA AYDIN,sofia.aydin42@yahoo.com,5308735063,101 Ataturk Caddesi,Antalya,TR,07100,1969-09-01,2024-09-04,2026-08-07,761.19,E0277
CRM,CRM-00177,Asli Yildiz,asli.yildiz7@outlook.com,+90 567 045 6165,153 Istiklal Caddesi,Bursa,TR,16050,1969-04-09,2026-03-11,2026-05-24,2774.94,E0289
CRM,CRM-00181,Selin Erdogan,selin.erdogan17@outlook.com,+90 568 511 2439,18 Cumhuriyet Cd,London,GB,SW1A,1968-03-27,2026-01-30,2026-01-12,5976.51,E0299
Support,SUP-00004,Mert Arslan,,5748473676,104 Cumhuriyet Cd,Istanbul,TR,34340,1976-07-16,2025-11-06,2026-05-12,8080.55,E0005
CRM,CRM-00214,Mia Brown,mia.brown19@yahoo.com,+90 513 429 3271,77 Park Lane,Antalya,TR,07100,1995-10-13,2024-12-13,2026-04-23,4817.61,E0348
Ecommerce,ECO-00189,Mert Polat,mert.polat30@yahoo.com,+90 563 276 8923,56 Istiklal Cd,Antalya,TR,07100,1980-10-05,2023-10-07,2026-07-26,4256.84,E0312
CRM,CRM-00205,Deniz Tas,deniz.tas7@outlook.com,+90 544 510 1541,132 ataturk cd,Istanbul,TR,34340,1989-03-06,2025-03-30,2026-08-05,1402.12,E0336
Ecommerce,ECO-00240,Leyla Wılson,leyla.wilson16@outlook.com,5761280650,147 Ataturk Cd,Bursa,TR,16050,,2024-04-03,2026-04-29,277.03,E0392
Support,SUP-00250,Aylin Taylor, AYLIN.TAYLOR2@GMAIL.COM ,5615472135,73 Ataturk Caddesi,Antalya,TR,07100,1973-09-12,2023-08-07,2026-01-27,1643.01,E0378
Ecommerce,ECO-00070,MEHMET WILSON,mehmet.wilson23@proton.me,5409146080,60 Ataturk Cd,Istanbul,TR,34340,1981-05-05,2024-10-30,2026-05-30,5990.27,E0117
CRM,CRM-00016,Oliver Celik,oliver.celik30@gmail.com,+90 557 277 9967,129 park lane,Ankara,TR,,1969-08-19,2024-10-01,2026-01-09,514.5,E0030
Ecommerce,ECO-00096,Derya Edrogan, DERYA.ERDOGAN9@OUTLOOK.COM ,5260186659,123 Istiklal Cd,London,GB,,2002-01-04,2026-06-22,2026-08-02,5990.59,E0150
Support,SUP-00095,Asli Celik,,+90 544 781 7561,151 Barbaros Blv,Ankara,TR,06510,1981-03-23,2025-10-31,2026-03-10,3704.89,E0138
CRM,CRM-00232,Aylin Taylor,aylin.taylor2@gmail.com,+90 561 547 2135,73 Ataturk Caddesi,Antalya,TR,07100,1973-09-12,2024-04-04,2026-01-24,1643.01,E0378
CRM,CRM-00187,Deniz Kilic, DENIZ.KILIC29@GMAIL.COM ,+90 513 987 2862,119 Hauptstrasse,Izmir,TR,35220,1970-07-18,2023-12-14,2026-05-20,3887.84,E0311
Ecommerce,ECO-00146,Burak Koc,burak.koc45@proton.me,+90 594 971 8995,69 Ataturk Cd,Istanbul,TR,34340,1971-10-19,2026-03-13,2026-05-02,1492.58,E0233
CRM,CRM-00021,Ceren Yildiz, CEREN.YILDIZ39@YAHOO.COM ,+90 534 163 0539,135 Cumhuriyet Caddesi,Ankara,TR,06510,1997-05-05,2023-09-07,2026-02-02,3258.46,E0039
Ecommerce,ECO-00132,Can Wılson,can.wilson20@outlook.com,+90 591 091 3163,22 Hauptstrasse,Ankara,TR,06510,1971-09-05,2023-01-03,2026-05-01,1374.49,E0208
Support,SUP-00045,Emre aTs,emre.tas12@gmail.com,+90 543 370 5500,16 Cumhuriyet Cd,Bursa,TR,16050,1995-07-31,2023-09-05,2026-01-27,5345.82,E0059
CRM,CRM-00023,Can Smith, CAN.SMITH43@YAHOO.COM ,+90 595 836 5383,15 Cumhuriyet Cd,Ankara,TR,06510,1972-04-03,2024-03-18,2026-07-18,6824.9,E0043
CRM,CRM-00144,Elif Kilic,elif.kilic7@yahoo.com,+90 571 843 2010,18 Istiklal Cd,Antalya,TR,,,2023-10-28,2026-04-23,2329.6,E0242
CRM,CRM-00004,Deniz Arslan,deniz.arslan9@gmail.com,+90 599 739 6951,134 Ataturk Cd,Istanbul,TR,34340,1988-08-16,2023-06-02,2026-02-02,5575.64,E0009
Support,SUP-00005,Burak Aydin,burak.aydin7@yahoo.com,+90 560 639 9847,3 Bagdat Caddesi,Ankara,TR,06510,1972-04-28,2026-04-04,2026-02-14,450.56,E0007
CRM,CRM-00100,Mehmet Aksoy,mehmet.aksoy26@outlook.com,+90 519 793 2682,40 Barbaros Blv,Istanbul,TR,,2003-07-19,2026-07-09,2026-07-03,7560.43,E0167
CRM,CRM-00058,Noah Celik,noah.celik3@yahoo.com,+90 574 883 5436,164 Hauptstrasse,Berlin,DE,10115,,2024-03-21,2026-01-10,3069.53,E0097
Support,SUP-00123,Arda Polat,arda.polat0@proton.me,5310760477,9 Hauptstrasse,Ankara,TR,06510,1967-10-15,2023-07-05,2026-05-21,4011.83,E0188
Support,SUP-00143,Mehmet Aksoy,mehmet.aksoy28@proton.me,+90 564 486 6049,166 Cumhuriyet Cd,Izmir,TR,35220,,2025-08-22,2026-07-31,4315.94,E0216
Ecommerce,ECO-00035,Asli Aksoy,asli.aksoy9@gmail.com,+90 552 403 3924,178 Park Lane,Bursa,TR,16050,1967-02-18,2024-06-18,2026-06-21,6695.32,E0056
CRM,CRM-00248,Arda Wilson,arda.wilson26@outlook.com,+90 562 210 5272,148 Barbaros Blv,Ankara,TR,06510,1986-05-29,2024-07-30,2026-07-18,1330.08,E0402
Ecommerce,ECO-00150,Dery aErdogan,derya.erdogan8@outlook.com,+90 570 449 8694,6 Barbaros Blv,Berlin,DE,10115,1989-12-09,2024-01-16,2026-01-30,5312.01,E0243
Support,SUP-00069,Can Celik, CAN.CELIK2@OUTLOOK.COM ,+90 586 186 9642,59 Barbaros Blv,Bursa,TR,16050,1990-12-23,2023-06-21,2026-02-12,3027.65,E0096
Ecommerce,ECO-00218,Noah Erdogan,noah.erdogan29@proton.me,+90 547 293 8579,170 Barbaros Blv,Berlin,DE,10115,1989-06-27,2023-09-07,2026-02-02,7162.84,E0358
Ecommerce,ECO-00093,Sofia Arslan,sofia.arslan5@yahoo.com,+90 551 211 5999,17 Cumhuriyet Cd,Izmir,TR,35220,1975-04-18,2024-10-24,2026-03-24,819.63,E0146
Support,SUP-00241,Arda Kılıc,,+90 519 960 1482,65 Park Lane,Bursa,TR,,1968-02-11,2024-07-27,2026-02-08,2655.11,E0364
Ecommerce,ECO-00238,Emma Polat,emma.polat13@proton.me,+90 518 873 0715,109 Hauptstrasse,Berlin,DE,,1972-05-06,2023-12-13,2026-06-02,7948.39,E0389
CRM,CRM-00031,Zeynep Kaya,zeynep.kaya10@yahoo.com,+90 587 894 9830,162 istiklal cd,Berlin,DE,10115,1969-08-05,2023-05-15,2026-06-29,6793.51,E0057
Support,SUP-00285,Asli Taylor,asli.taylor17@proton.me,+90 572 785 8281,99 Ataturk Cd,Ankara,TR,06510,2002-08-27,2026-05-06,2026-04-22,7570.46,E0440
CRM,CRM-00099,Irem Yilmaz,irem.yilmaz24@gmail.com,+90 517 492 6498,111 Bagdat Cd,Istanbul,TR,34340,1974-03-09,2026-01-02,2026-03-21,4948.69,E0165
Ecommerce,ECO-00246,Noah Polat,noah.polat27@gmail.com,+90 590 680 7861,2 istiklal cd,Istanbul,TR,34340,1993-03-28,2025-07-23,2026-02-11,1452.36,E0403
CRM,CRM-00150,Mert Arslan,mert.arslan13@gmail.com,+90 596 186 0758,14 cumhuriyet cd,Antalya,TR,07100,1972-01-03,2024-06-26,2026-02-22,4012.27,E0248
Support,SUP-00208,MERT KAYA,mert.kaya31@outlook.com,+90 574 274 9713,122 Cumhuriyet Cd,Antalya,TR,07100,,2023-03-20,2026-07-09,7104.25,E0313
Ecommerce,ECO-00115,Mehmet Demir,mehmet.demir40@outlook.com,5880617769,22 bagdat cd,Ankara,TR,06510,1999-02-15,2024-12-10,2026-07-11,1620.01,E0181
Ecommerce,ECO-00052,Oliver Tas,oliver.tas36@yahoo.com,+90 530 538 2099,125 Ataturk Cd,London,GB,SW1A,1980-09-26,2024-01-19,2026-07-11,1190.39,E0083
Ecommerce,ECO-00033,Mia Smith,,,66 Barbaros Blv,Istanbul,TR,34340,1982-04-30,2023-11-19,2026-04-16,1407.96,E0054
CRM,CRM-00203,Can Taylor,can.taylor4@outlook.com,+90 577 021 3119,155 Hauptstrasse,London,GB,,1993-01-15,2023-10-28,2026-03-31,1391.21,E0333
Support,SUP-00293,OLIVER AKSOY,,,159 Cumhuriyet Caddesi,Berlin,DE,10115,,2026-07-01,2026-07-15,203.25,A005
CRM,CRM-00121,Derya Polat,derya.polat17@yahoo.com,+90 560 113 4166,78 ataturk cd,Antalya,TR,07100,1991-06-16,2026-02-24,2026-06-23,347.5,E0205
CRM,CRM-00192,Leyla Yildiz, LEYLA.YILDIZ34@GMAIL.COM ,+90 555 624 2419,6 Ataturk Cd,Izmir,TR,35220,1974-11-04,2023-08-05,2026-01-22,351.96,E0316
CRM,CRM-00064,Tolga Aydin, TOLGA.AYDIN11@GMAIL.COM ,+90 574 903 0960,53 Cumhuriyet Caddesi,London,GB,,2002-07-10,2026-05-16,2026-04-08,4861.93,E0105
CRM,CRM-00117,Mert Kilic,mert.kilic6@yahoo.com,+90 538 061 6868,28 Istiklal Caddesi,Antalya,TR,07100,1965-02-22,2024-08-07,2026-04-26,1730.63,E0194
Support,SUP-00163,Liam Erdogan,liam.erdogan6@gmail.com,+90 576 846 5590,148 Hauptstrasse,London,GB,SW1A,1971-04-27,2024-06-01,2026-06-28,690.88,E0241
CRM,CRM-00085,Mehmet Kaya,mehmet.kaya2@outlook.com,+90 540 279 7273,158 Hauptstrasse,Izmir,TR,35220,,2026-02-10,2026-02-18,4472.16,E0143
CRM,CRM-00182,Emre Arslan,emre.arslan18@proton.me,+90 567 190 1597,168 Istiklal Cd,Istanbul,TR,34340,1998-11-05,2024-03-12,2026-07-14,3946.66,E0300
CRM,CRM-00008,Deniz Koc,deniz.koc16@gmail.com,+90 567 963 4700,171 Bagdat Cd,Istanbul,TR,,1971-05-25,2026-01-19,2026-07-02,6284.3,E0016
Ecommerce,ECO-00269,Selin Kaya,,,38 Ataturk Cd,Istanbul,TR,34340,,2026-07-19,2026-08-02,171.2,E0442
Support,SUP-00236,Noah Erdogan,,+90 547 293 8579,170 Barbaros Blv,Berlin,DE,,1989-06-27,2025-05-27,2026-05-25,7162.84,E0358
Support,SUP-00237,Tolga Yilmaz,tolga.yilmaz30@gmail.com,5545629961,10 Istiklal Caddesi,Antalya,TR,07100,1970-07-01,2025-12-02,2026-06-24,7399.63,E0359
Ecommerce,ECO-00026,Tolga Yilmaz,tolga.yilmaz45@yahoo.com,+90 533 071 0805,61 cumhuriyet cd,Izmir,TR,35220,1973-07-04,2024-12-22,2026-04-17,1471.17,E0045
CRM,CRM-00217,Sofia Tas,sofia.tas28@outlook.com,+90 512 354 7638,8 Istiklal Cd,Bursa,TR,16050,1982-06-15,2026-04-06,2026-07-29,3560.49,E0357
Support,SUP-00039,Liam Polat, LIAM.POLAT3@OUTLOOK.COM ,+90 548 599 6765,52 Park Lane,Ankara,TR,06510,1982-01-10,2026-03-02,2026-07-02,460.51,E0050
Support,SUP-00049,Mert Celik,mert.celik19@yahoo.com,5259026142,65 Istiklal Caddesi,Bursa,TR,16050,1968-04-11,2024-03-01,2026-04-15,7284.62,E0066
Support,SUP-00030,Liam Demir,liam.demir38@yahoo.com,5165890829,104 Park Lane,Antalya,TR,07100,1991-02-11,2025-03-13,2026-03-07,6794.04,E0038
Ecommerce,ECO-00194,Emma Taylor,emma.taylor40@proton.me,5676740888,68 Istiklal Cd,Berlin,DE,10115,1987-06-28,2025-01-08,2026-03-28,4345.92,E0322
CRM,CRM-00103,Kerem Celik,kerem.celik29@yahoo.com,+90 556 925 3457,7 Ataturk Cd,Izmir,TR,35220,2002-08-24,2025-07-11,2026-04-02,1875.28,E0170
Ecommerce,ECO-00216,MEHMET WILSON,mehmet.wilson23@outlook.com,5361699384,17 Istiklal Caddesi,Izmir,TR,35220,1966-12-11,2023-12-11,2026-07-22,4433.91,E0352
Ecommerce,ECO-00041,Tolga Erdogan,tolga.erdogan23@yahoo.com,+90 558 330 3009,76 hauptstrasse,Berlin,DE,10115,1987-10-01,2023-03-21,2026-07-06,480.47,E0070
CRM,CRM-00154,Liam Taylor,liam.taylor18@gmail.com,+90 522 639 1830,104 Istiklal Cd,Antalya,TR,07100,2002-04-28,2026-02-04,2026-04-01,5460.21,E0253
Support,SUP-00063,Mehmet Ozdemir, MEHMET.OZDEMIR41@OUTLOOK.COM ,+90 521 154 6929,143 Hauptstrasse,London,GB,SW1A,1998-12-14,2026-06-06,2026-02-04,8425.51,E0088
CRM,CRM-00139,Mert Smith,mert.smith0@proton.me,+90 560 006 5093,88 Cumhuriyet Cd,Antalya,TR,07100,1973-08-23,2023-07-02,2026-05-18,2618.22,E0235
CRM,CRM-00027,Arda Sahin,arda.sahin4@proton.me,+90 546 851 1507,118 Hauptstrasse,Berlin,DE,10115,1971-10-14,2023-03-26,2026-05-05,2028.54,E0051
Support,SUP-00003,MEHMET ERDOGAN,mehmet.erdogan4@outlook.com,5772542995,178 Park Lane,Izmir,TR,35220,,2025-12-04,2026-04-19,2801.03,E0004
Support,SUP-00081,Aylin Kaya,aylin.kaya22@proton.me,+90 529 835 1899,1 Cumhuriyet Cd,Bursa,TR,16050,1969-04-04,2025-01-25,2026-04-05,4237.69,E0116
CRM,CRM-00151,Derya Smith,derya.smith14@outlook.com,+90 566 073 1647,82 Ataturk Cd,Istanbul,TR,34340,1983-04-22,2026-04-15,2026-08-08,2126.42,E0249
Support,SUP-00158,Burak Koc,,+90 594 971 8995,69 Ataturk Cd,Istanbul,TR,34340,1971-10-19,2023-09-19,2026-01-27,1492.58,E0233
Support,SUP-00205,TOLGA POLAT,,+90 536 810 3026,38 Istiklal Cd,London,GB,SW1A,1987-09-02,2024-01-02,2026-03-25,8477.48,E0308
Ecommerce,ECO-00241,Asli Erdogan,asli.erdogan17@proton.me,+90 599 816 6998,118 Cumhuriyet Caddesi,Ankara,TR,06510,2000-04-14,2025-05-19,2026-03-04,7850.06,E0393
Ecommerce,ECO-00002,SOFIA YILMAZ,sofia.yilmaz8@outlook.com,+90 588 609 5419,115 Cumhuriyet Caddesi,Istanbul,TR,34340,1973-11-20,2024-03-12,2026-07-16,2925.26,E0008
CRM,CRM-00161,Can Miller,can.miller29@gmail.com,+90 589 330 0120,120 Istiklal Cd,Berlin,DE,10115,1967-03-09,2025-05-07,2026-07-21,7031.22,E0264
Ecommerce,ECO-00076,Tolga Wilson,tolga.wilson32@gmail.com,+90 558 638 0593,165 Bagdat Cd,Antalya,TR,,1966-04-21,2025-11-30,2026-04-12,2556.68,E0126
CRM,CRM-00204,Emre Erdogan,emre.erdogan6@proton.me,+90 516 538 3397,15 park lane,London,GB,SW1A,1969-01-29,2024-04-21,2026-03-31,7611.63,E0335
Ecommerce,ECO-00100,Mi aYildiz,mia.yildiz16@proton.me,+90 562 176 1292,158 Cumhuriyet Caddesi,Berlin,DE,10115,,2025-03-03,2026-02-20,7320.47,E0157
Ecommerce,ECO-00010,Sofia Miller,sofia.miller22@yahoo.com,+90 541 401 6481,84 Hauptstrasse,London,GB,SW1A,1965-07-10,2025-01-12,2026-01-27,1945.9,E0022
Ecommerce,ECO-00061,NOAH CELIK,noah.celik3@yahoo.com,+90 574 883 5436,164 Hauptstrasse,Berlin,DE,10115,1988-07-19,2026-03-20,2026-01-08,3069.53,E0097
Ecommerce,ECO-00039,MERT CELIK,mert.celik19@yahoo.com,+90 525 902 6142,65 istiklal cd,Bursa,TR,16050,1968-04-11,2025-04-07,2026-02-16,7284.62,E0066
Ecommerce,ECO-00099,Emre Ylidiz,emre.yildiz14@proton.me,+90 575 879 1047,137 Bagdat Cd,Berlin,DE,10115,1997-06-05,2023-01-11,2026-05-15,5277.87,E0155
Support,SUP-00284,Mia Kilic,,+90 575 144 4944,178 Park Lane,Berlin,DE,10115,1977-11-20,2025-10-20,2026-06-29,3838.65,E0439
CRM,CRM-00165,Arda Miller,arda.miller37@proton.me,+90 548 048 2817,65 Park Lane,Bursa,TR,16050,1975-03-01,2025-08-14,2026-07-02,2790.83,E0272
Support,SUP-00254,Emma Arslan,emma.arslan8@gmail.com,5926581187,16 Cumhuriyet Cd,Ankara,TR,06510,1965-08-26,2026-06-22,2026-02-25,4106.56,E0384
Ecommerce,ECO-00072,Mia Taylor,mia.taylor25@proton.me,+90 547 558 9454,47 Bagdat Cd,Istanbul,TR,34340,1989-08-13,2025-04-27,2026-07-07,5545.4,E0119
Support,SUP-00006,Sofia Yilmaz,,+90 588 609 5419,115 Cumhuriyet Cd,Istanbul,TR,34340,,2024-03-25,2026-03-30,2925.26,E0008
Support,SUP-00112,Elıf Tas,elif.tas27@yahoo.com,+90 556 428 6159,63 Barbaros Blv,Izmir,TR,35220,1987-02-01,2023-07-27,2026-07-27,2214.01,E0168
CRM,CRM-00020,Mia Aksoy,mia.aksoy37@gmail.com,+90 572 336 8421,179 Bagdat Caddesi,Istanbul,TR,34340,1990-05-08,2024-03-30,2026-07-24,8202.38,E0037
CRM,CRM-00231,Irem Yildiz,irem.yildiz1@outlook.com,+90 567 074 0164,158 Hauptstrasse,Bursa,TR,16050,1986-09-09,2023-07-15,2026-05-28,7228.21,E0377
Support,SUP-00074,Sfoia Polat,sofia.polat10@proton.me,+90 593 758 6843,97 Cumhuriyet Cd,Izmir,TR,35220,1993-06-27,2025-02-28,2026-07-17,8096.66,E0104
Support,SUP-00147,Derya Polat,,+90 546 374 1170,146 Cumhuriyet Cd,Ankara,TR,06510,1967-10-11,2024-10-16,2026-01-21,7103.29,E0221
Ecommerce,ECO-00267,Ozan Taylro,ozan.taylor13@yahoo.com,+90 538 555 2134,53 Cumhuriyet Cd,Istanbul,TR,34340,,2023-08-03,2026-07-14,6844.75,E0436
Support,SUP-00252,ZeynepS mith,,+90 515 327 1313,154 Istiklal Cd,Izmir,TR,35220,1988-09-12,2025-01-13,2026-02-18,2544.16,E0382
Support,SUP-00262,Leyla Brown,leyla.brown21@proton.me,+90 525 816 5331,150 Hauptstrasse,Bursa,TR,16050,1999-05-15,2025-05-20,2026-04-04,2002.96,E0397
Support,SUP-00082,Oliver Yildiz, OLIVER.YILDIZ24@YAHOO.COM ,5902664024,148 Cumhuriyet Cd,Berlin,DE,10115,1982-03-18,2026-02-04,2026-07-22,1668.4,E0118
CRM,CRM-00236,Zeynep Smith,zeynep.smith6@proton.me,+90 515 327 1313,154 Istiklal Cd,Izmir,TR,35220,1988-09-12,2023-04-22,2026-03-10,2544.16,E0382
CRM,CRM-00152,Mehmet Kaya,mehmet.kaya15@proton.me,+90 542 009 7583,20 Cumhuriyet Cd,Berlin,DE,10115,1990-03-21,2024-10-07,2026-06-19,2576.37,E0250
Support,SUP-00073,Tolga Ozdemir,tolga.ozdemir8@outlook.com,+90 598 880 2529,58 Barbaros Blv,Antalya,TR,07100,1997-11-13,2023-04-12,2026-07-06,2364.81,E0102
CRM,CRM-00240,Noah Demir, NOAH.DEMIR14@PROTON.ME ,+90 577 525 6441,146 Cumhuriyet Cd,London,GB,SW1A,1975-11-27,2025-11-03,2026-07-17,2150.21,E0390
Support,SUP-00068,Zeynep Sahin,zeynep.sahin46@proton.me,+90 517 743 3247,144 Cumhuriyet Cd,Antalya,TR,07100,1973-10-19,2025-11-07,2026-04-25,6273.98,E0093
CRM,CRM-00022,Deniz Polat,deniz.polat40@outlook.com,+90 556 184 8965,168 Bagdat Caddesi,Istanbul,TR,34340,1988-01-16,2025-08-09,2026-06-18,4395.64,E0040
Support,SUP-00203,Ece Demir,,,11 Hauptstrasse,Bursa,TR,,1996-04-03,2024-08-27,2026-04-24,891.9,E0303
Ecommerce,ECO-00231,Denız Polat,deniz.polat4@proton.me,5937601372,139 Hauptstrasse,Bursa,TR,,1995-10-31,2025-04-21,2026-07-19,1206.54,E0380
Support,SUP-00188,Denız Yıldız,,+90 554 548 7222,22 Barbaros Blv,London,GB,SW1A,1991-04-13,2023-10-02,2026-01-17,4680.1,E0285
CRM,CRM-00211,Leyla Arslan, LEYLA.ARSLAN13@GMAIL.COM ,+90 575 344 1742,39 Cumhuriyet Cd,London,GB,SW1A,1974-03-20,2023-06-12,2026-06-10,6237.13,E0342
Support,SUP-00042,Leyl aMiller, LEYLA.MILLER6@YAHOO.COM ,+90 528 602 0524,27 Istiklal Caddesi,London,GB,SW1A,1990-12-02,2025-06-13,2026-02-23,3584.25,E0053
CRM,CRM-00208,Can Aksoy,can.aksoy10@outlook.com,+90 580 455 5175,140 Cumhuriyet Caddesi,London,GB,SW1A,,2026-03-27,2026-04-05,4983.2,E0339
Support,SUP-00217,Mia Sahin, MIA.SAHIN44@GMAIL.COM ,+90 541 794 6168,14 Hauptstrasse,Istanbul,TR,34340,,2025-07-13,2026-04-07,6076.31,E0326
Support,SUP-00270,Mia Brown,mia.brown36@proton.me,+90 526 964 5071,57 cumhuriyet cd,Bursa,TR,,1992-11-25,2024-11-12,2026-02-25,2951.46,E0412
Ecommerce,ECO-00013,MERT POLAT,mert.polat26@yahoo.com,5648224975,30 Istiklal Cd,Ankara,TR,06510,1977-07-09,2026-02-28,2026-06-12,4539.76,E0026
Support,SUP-00235,Sofia Tas,,5123547638,8 Istiklal Cd,Bursa,TR,16050,1982-06-15,2024-06-30,2026-06-03,3560.49,E0357
CRM,CRM-00213,Mehmet Kilic,mehmet.kilic15@proton.me,+90 530 474 8408,63 Cumhuriyet Cd,Bursa,TR,16050,1980-07-29,2024-04-26,2026-03-18,5798.65,E0344
CRM,CRM-00170,Emma Miller,emma.miller43@gmail.com,+90 528 646 9087,86 Barbaros Blv,Izmir,TR,35220,1992-07-16,2025-08-08,2026-04-05,5271.05,E0278
Support,SUP-00014,LEYLA OZDEMIR,leyla.ozdemir18@proton.me,+90 571 207 6430,110 Barbaros Blv,Bursa,TR,16050,,2026-01-26,2026-03-03,1622.86,E0018
