attempt_id,shipment_id,attempt_number,attempt_at,attempt_result,failure_reason
1,1,1,2026-01-02 11:40:13.069197,Success,
2,2,1,2026-01-01 16:15:20.816370,Success,
3,3,1,2026-01-02 00:50:18.146479,Success,
4,4,1,2026-01-04 04:58:18.747424,Success,
5,5,1,2026-01-02 02:06:58.075737,Success,
6,6,1,2026-01-05 16:32:56.351194,Failed,Address Issue
7,6,2,2026-01-05 17:45:50.979128,Success,
8,7,1,2026-01-03 20:25:13.105270,Success,
9,8,1,2026-01-01 20:52:20.637165,Success,
10,9,1,2026-01-03 22:31:26.675348,Failed,None
11,9,2,2026-01-03 23:44:29.842573,Success,
12,10,1,2026-01-02 11:07:16.703307,Success,
13,11,1,2026-01-03 22:32:27.951994,Success,
14,12,1,2026-01-05 18:29:54.648376,Success,
15,13,1,2026-01-04 07:35:05.701031,Failed,None
16,13,2,2026-01-04 08:28:04.259892,Success,
17,14,1,2026-01-03 07:14:09.098539,Failed,Carrier Capacity
18,14,2,2026-01-03 09:00:50.759782,Success,
19,15,1,2026-01-04 12:58:55.826070,Success,
20,16,1,2026-01-02 08:27:22.305177,Failed,Address Issue
21,17,1,2026-01-06 00:44:19.124602,Success,
22,18,1,2026-01-05 02:26:55.665223,Success,
23,19,1,2026-01-04 23:46:29.233906,Success,
24,20,1,2026-01-05 21:58:20.250915,Success,
25,21,1,2026-01-02 01:35:58.782165,Success,
26,22,1,2026-01-05 09:44:25.744618,Success,
27,23,1,2026-01-05 10:34:23.714127,Failed,Address Issue
28,24,1,2026-01-03 06:44:31.469775,Success,
29,25,1,2026-01-05 01:45:00.520522,Success,
30,26,1,2026-01-03 12:08:08.289712,Success,
31,27,1,2026-01-07 03:43:27.622930,Success,
32,28,1,2026-01-06 05:24:20.999359,Success,
33,29,1,2026-01-05 09:29:24.364478,Success,
34,30,1,2026-01-05 10:05:46.008031,Success,
35,31,1,2026-01-05 05:26:00.419638,Success,
36,32,1,2026-01-02 22:33:49.976431,Success,
37,33,1,2026-01-06 09:11:59.341515,Success,
38,34,1,2026-01-05 11:06:56.772060,Success,
39,35,1,2026-01-04 00:49:14.389929,Success,
40,36,1,2026-01-04 22:03:44.281255,Success,
41,37,1,2026-01-02 17:18:28.806440,Success,
42,38,1,2026-01-05 04:26:57.588438,Success,
43,39,1,2026-01-05 02:29:38.619296,Success,
44,40,1,2026-01-03 09:05:36.495342,Success,
45,41,1,2026-01-05 23:22:11.764596,Failed,Hub Congestion
46,41,2,2026-01-06 00:21:11.553053,Success,
47,42,1,2026-01-07 23:03:56.219383,Success,
48,43,1,2026-01-05 13:51:13.700306,Success,
49,44,1,2026-01-06 12:49:44.414000,Success,
50,45,1,2026-01-05 05:58:07.930035,Success,
51,46,1,2026-01-05 22:47:54.779213,Success,
52,47,1,2026-01-05 23:29:19.090446,Success,
53,48,1,2026-01-08 02:40:52.801642,Success,
54,49,1,2026-01-06 01:09:53.234919,Success,
55,50,1,2026-01-06 18:06:09.901306,Success,
56,51,1,2026-01-07 22:27:20.748498,Success,
57,52,1,2026-01-06 02:29:12.302173,Success,
58,53,1,2026-01-05 15:24:57.339428,Failed,None
59,53,2,2026-01-05 17:22:19.985611,Success,
60,54,1,2026-01-04 15:53:32.160998,Success,
61,55,1,2026-01-04 01:28:30.513197,Success,
62,56,1,2026-01-06 02:09:41.142079,Success,
63,57,1,2026-01-08 13:58:44.385708,Success,
64,58,1,2026-01-06 16:54:48.413412,Success,
65,59,1,2026-01-05 21:30:53.929346,Success,
66,60,1,2026-01-08 14:49:39.554789,Success,
67,61,1,2026-01-07 09:17:36.229716,Success,
68,62,1,2026-01-06 21:48:22.788167,Success,
69,63,1,2026-01-06 21:20:32.378810,Failed,None
70,63,2,2026-01-06 22:59:45.624462,Success,
71,64,1,2026-01-05 13:57:42.018204,Success,
72,65,1,2026-01-07 05:43:57.731814,Success,
73,66,1,2026-01-05 13:17:12.153226,Success,
74,67,1,2026-01-07 00:02:02.899187,Success,
75,68,1,2026-01-09 23:51:02.110920,Failed,Hub Congestion
76,68,2,2026-01-10 01:12:47.123544,Success,
77,69,1,2026-01-06 06:59:54.168052,Failed,None
78,69,2,2026-01-06 08:35:48.855357,Success,
79,70,1,2026-01-07 19:59:01.837628,Success,
80,71,1,2026-01-08 07:29:43.804445,Success,
81,72,1,2026-01-07 21:12:23.487882,Success,
82,73,1,2026-01-08 00:57:00.377637,Success,
83,74,1,2026-01-08 16:57:39.919695,Success,
84,75,1,2026-01-07 18:15:06.381889,Success,
85,76,1,2026-01-10 04:03:30.688304,Success,
86,77,1,2026-01-08 01:19:39.705159,Success,
87,78,1,2026-01-06 06:42:49.339911,Success,
88,79,1,2026-01-07 23:42:29.229427,Failed,Carrier Capacity
89,79,2,2026-01-08 02:13:05.998267,Success,
90,80,1,2026-01-10 14:06:21.371540,Success,
91,81,1,2026-01-07 20:36:59.735346,Success,
92,82,1,2026-01-06 04:17:49.887961,Failed,None
93,82,2,2026-01-06 06:57:16.198410,Success,
94,83,1,2026-01-08 06:49:16.982214,Success,
95,84,1,2026-01-08 08:42:29.243646,Success,
96,85,1,2026-01-07 20:47:44.790103,Success,
97,86,1,2026-01-07 10:26:50.747162,Success,
98,87,1,2026-01-09 11:14:23.971396,Failed,Address Issue
99,87,2,2026-01-09 15:13:03.830113,Success,
100,88,1,2026-01-05 16:02:01.892674,Failed,None
101,88,2,2026-01-05 18:25:34.282543,Success,
102,89,1,2026-01-08 17:36:59.433916,Failed,Address Issue
103,89,2,2026-01-08 20:33:15.276805,Success,
104,90,1,2026-01-09 00:48:25.963082,Success,
105,91,1,2026-01-09 07:37:04.079462,Success,
106,92,1,2026-01-07 15:13:06.655626,Success,
107,93,1,2026-01-09 01:36:28.525163,Success,
108,94,1,2026-01-11 09:35:29.451817,Success,
109,95,1,2026-01-09 07:47:38.134066,Failed,None
110,95,2,2026-01-09 10:48:22.871063,Success,
111,96,1,2026-01-09 04:52:11.556603,Success,
112,97,1,2026-01-06 08:49:08.456978,Success,
113,98,1,2026-01-08 15:45:56.945431,Success,
114,99,1,2026-01-09 13:56:35.766216,Success,
115,100,1,2026-01-08 23:05:27.654141,Success,
116,101,1,2026-01-09 22:09:18.286434,Success,
117,102,1,2026-01-10 01:42:09.732610,Success,
118,103,1,2026-01-12 02:49:23.763488,Success,
119,104,1,2026-01-11 22:45:19.922073,Success,
120,105,1,2026-01-10 14:56:45.321629,Success,
121,106,1,2026-01-10 12:44:58.170729,Success,
122,107,1,2026-01-08 05:16:17.888188,Success,
123,108,1,2026-01-10 05:50:50.209558,Failed,Carrier Capacity
124,109,1,2026-01-10 16:22:26.943762,Success,
125,110,1,2026-01-09 17:17:54.088247,Success,
126,111,1,2026-01-08 16:06:17.848854,Success,
127,112,1,2026-01-10 21:04:28.908424,Success,
128,113,1,2026-01-10 12:13:29.291463,Failed,Address Issue
129,113,2,2026-01-10 15:29:54.491981,Success,
130,114,1,2026-01-10 08:21:36.672476,Success,
131,115,1,2026-01-07 15:09:55.999694,Success,
132,116,1,2026-01-08 01:51:04.740353,Success,
133,117,1,2026-01-08 14:00:55.485073,Success,
134,118,1,2026-01-08 15:48:42.707573,Success,
135,119,1,2026-01-11 06:49:07.680113,Success,
136,120,1,2026-01-11 03:39:43.164944,Success,
137,121,1,2026-01-09 06:38:08.512979,Success,
138,122,1,2026-01-11 00:26:05.800161,Success,
139,123,1,2026-01-10 19:04:18.918236,Success,
140,124,1,2026-01-09 21:11:41.845493,Success,
141,125,1,2026-01-09 01:55:17.063846,Success,
142,126,1,2026-01-09 05:58:28.357012,Success,
143,127,1,2026-01-11 00:51:21.909851,Success,
144,128,1,2026-01-10 21:54:21.509824,Success,
145,129,1,2026-01-09 08:36:12.611389,Success,
146,130,1,2026-01-10 03:40:45.349069,Success,
147,131,1,2026-01-12 05:08:28.432905,Success,
148,132,1,2026-01-11 22:09:49.273484,Success,
149,133,1,2026-01-10 09:37:45.770921,Success,
150,134,1,2026-01-12 11:24:34.188511,Success,
151,135,1,2026-01-11 21:08:39.650762,Failed,None
152,135,2,2026-01-11 22:34:06.775079,Success,
153,136,1,2026-01-10 09:01:47.368927,Success,
154,137,1,2026-01-09 10:19:59.128136,Success,
155,138,1,2026-01-12 08:01:04.483864,Success,
156,139,1,2026-01-10 07:49:46.169377,Success,
157,140,1,2026-01-12 01:11:22.384274,Success,
158,141,1,2026-01-10 07:18:03.460730,Success,
159,142,1,2026-01-10 02:40:46.210210,Success,
160,143,1,2026-01-13 02:28:57.726135,Success,
161,144,1,2026-01-09 04:51:38.176829,Success,
162,145,1,2026-01-09 15:53:23.177688,Success,
163,146,1,2026-01-14 01:33:40.050768,Failed,Hub Congestion
164,146,2,2026-01-14 04:51:29.933271,Success,
165,147,1,2026-01-10 23:41:55.962835,Success,
166,148,1,2026-01-13 17:11:55.150309,Success,
167,149,1,2026-01-13 03:04:31.637358,Success,
168,150,1,2026-01-13 10:23:12.118649,Success,
169,151,1,2026-01-11 19:31:40.916194,Success,
170,152,1,2026-01-13 10:21:39.267826,Success,
171,153,1,2026-01-13 19:01:46.954317,Failed,Address Issue
172,153,2,2026-01-13 21:38:55.337213,Success,
173,154,1,2026-01-12 17:35:05.600134,Success,
174,155,1,2026-01-12 19:03:02.625602,Success,
175,156,1,2026-01-14 15:03:59.421651,Success,
176,157,1,2026-01-13 11:22:55.749599,Failed,None
177,157,2,2026-01-13 11:43:17.483480,Success,
178,158,1,2026-01-12 22:54:48.546692,Success,
179,159,1,2026-01-12 19:54:03.785007,Failed,None
180,159,2,2026-01-12 23:31:16.895091,Success,
181,160,1,2026-01-13 00:38:42.021049,Failed,None
182,160,2,2026-01-13 01:32:07.505179,Success,
183,161,1,2026-01-11 15:19:01.413546,Success,
184,162,1,2026-01-11 07:00:49.049679,Success,
185,163,1,2026-01-10 19:48:16.153866,Success,
186,164,1,2026-01-11 11:49:33.981339,Success,
187,165,1,2026-01-12 14:18:29.145629,Failed,Address Issue
188,166,1,2026-01-13 21:01:31.618611,Success,
189,167,1,2026-01-11 08:07:07.268667,Failed,None
190,167,2,2026-01-11 10:01:49.087109,Success,
191,168,1,2026-01-12 09:45:05.243597,Success,
192,169,1,2026-01-14 06:11:51.238694,Success,
193,170,1,2026-01-12 12:43:17.436015,Success,
194,171,1,2026-01-11 22:03:27.337857,Success,
195,172,1,2026-01-14 21:02:23.971453,Success,
196,173,1,2026-01-15 11:01:00.383323,Success,
197,174,1,2026-01-13 05:05:59.814303,Success,
198,175,1,2026-01-13 21:47:45.480681,Success,
199,176,1,2026-01-13 18:37:51.112112,Success,
200,177,1,2026-01-14 10:12:06.014055,Success,
201,178,1,2026-01-14 05:52:40.189246,Success,
202,179,1,2026-01-11 19:34:00.799935,Success,
203,180,1,2026-01-13 17:04:47.248626,Success,
204,181,1,2026-01-14 01:45:12.091510,Success,
205,182,1,2026-01-14 01:22:03.891663,Success,
206,183,1,2026-01-15 09:38:17.907605,Success,
207,184,1,2026-01-15 05:03:52.863056,Success,
208,185,1,2026-01-15 15:52:09.476201,Success,
209,186,1,2026-01-15 09:39:26.785949,Success,
210,187,1,2026-01-13 12:45:45.717905,Success,
211,188,1,2026-01-13 11:21:26.821285,Success,
212,189,1,2026-01-12 03:57:26.198639,Success,
213,190,1,2026-01-15 10:30:56.071521,Success,
214,191,1,2026-01-15 11:50:38.114317,Success,
215,192,1,2026-01-15 16:25:59.831442,Success,
216,193,1,2026-01-16 19:54:37.450020,Success,
217,194,1,2026-01-12 23:21:37.414974,Success,
218,195,1,2026-01-15 08:02:22.704057,Success,
219,196,1,2026-01-16 20:47:19.300457,Success,
220,197,1,2026-01-13 13:32:07.013575,Success,
221,198,1,2026-01-12 19:53:23.714591,Success,
222,199,1,2026-01-14 11:54:43.733006,Failed,Address Issue
223,200,1,2026-01-16 12:27:21.561774,Success,
224,201,1,2026-01-16 08:02:04.973224,Failed,Address Issue
225,202,1,2026-01-13 02:44:02.760153,Success,
226,203,1,2026-01-13 10:11:39.161527,Success,
227,204,1,2026-01-14 07:04:39.907110,Success,
228,205,1,2026-01-16 18:40:14.224879,Success,
229,206,1,2026-01-16 01:22:58.536671,Success,
230,207,1,2026-01-14 02:01:59.202324,Failed,None
231,207,2,2026-01-14 04:48:28.126182,Success,
232,208,1,2026-01-14 03:39:19.732447,Success,
233,209,1,2026-01-14 19:49:10.637968,Success,
234,210,1,2026-01-16 15:40:59.783549,Success,
235,211,1,2026-01-17 09:39:21.367927,Success,
236,212,1,2026-01-17 06:56:25.956608,Success,
237,213,1,2026-01-18 21:13:30.341393,Success,
238,214,1,2026-01-17 06:03:09.139719,Failed,None
239,214,2,2026-01-17 07:31:43.317770,Success,
240,215,1,2026-01-15 06:21:51.434591,Success,
241,216,1,2026-01-17 09:41:12.276894,Success,
242,217,1,2026-01-15 20:50:03.598968,Success,
243,218,1,2026-01-16 01:01:28.202239,Failed,Customer Unavailable
244,218,2,2026-01-16 03:44:15.728863,Success,
245,219,1,2026-01-17 05:11:32.207185,Success,
246,220,1,2026-01-14 16:10:57.596659,Success,
247,221,1,2026-01-16 23:36:47.036325,Success,
248,222,1,2026-01-17 10:12:51.847872,Success,
249,223,1,2026-01-18 13:48:01.221924,Success,
250,224,1,2026-01-16 18:57:57.735350,Success,
251,225,1,2026-01-18 02:37:11.514158,Success,
252,226,1,2026-01-16 10:49:53.630811,Success,
253,227,1,2026-01-17 23:38:28.457974,Success,
254,228,1,2026-01-18 06:40:31.543456,Failed,None
255,228,2,2026-01-18 07:41:53.086954,Success,
256,229,1,2026-01-18 05:55:13.162925,Success,
257,230,1,2026-01-16 06:11:52.634275,Failed,Address Issue
258,231,1,2026-01-16 13:35:10.301201,Success,
259,232,1,2026-01-18 05:43:13.022145,Failed,None
260,232,2,2026-01-18 08:43:21.237556,Success,
261,233,1,2026-01-19 07:50:24.701163,Success,
262,234,1,2026-01-20 06:48:42.679549,Success,
263,235,1,2026-01-16 19:03:36.231038,Success,
264,236,1,2026-01-18 05:57:17.521579,Success,
265,237,1,2026-01-17 21:02:33.792156,Success,
266,238,1,2026-01-18 09:30:09.285687,Success,
267,239,1,2026-01-18 11:56:27.939871,Success,
268,240,1,2026-01-16 13:47:16.196502,Success,
269,241,1,2026-01-18 02:27:57.685359,Success,
270,242,1,2026-01-19 14:06:00.843672,Success,
271,243,1,2026-01-19 07:25:24.991017,Success,
272,244,1,2026-01-17 13:10:23.093302,Success,
273,245,1,2026-01-16 22:10:25.834921,Success,
274,246,1,2026-01-19 12:58:30.856916,Success,
275,247,1,2026-01-18 19:12:13.901368,Success,
276,248,1,2026-01-18 22:16:51.000749,Success,
277,249,1,2026-01-20 17:55:06.722127,Failed,Vehicle Breakdown
278,249,2,2026-01-20 18:54:38.751338,Success,
279,250,1,2026-01-19 02:19:07.959835,Success,
280,251,1,2026-01-17 10:02:05.524938,Success,
281,252,1,2026-01-16 09:09:32.093996,Failed,None
282,252,2,2026-01-16 11:49:04.548546,Success,
283,253,1,2026-01-19 08:00:59.292245,Success,
284,254,1,2026-01-17 08:19:04.632805,Success,
285,255,1,2026-01-16 08:03:40.691850,Success,
286,256,1,2026-01-16 08:21:47.596754,Success,
287,257,1,2026-01-17 05:52:44.257415,Success,
288,258,1,2026-01-19 00:04:31.362051,Failed,None
289,258,2,2026-01-19 03:03:28.122996,Success,
290,259,1,2026-01-18 06:41:52.047231,Success,
291,260,1,2026-01-18 13:27:06.988088,Success,
292,261,1,2026-01-17 21:27:54.675956,Success,
293,262,1,2026-01-17 09:05:20.654035,Success,
294,263,1,2026-01-22 00:31:31.198848,Success,
295,264,1,2026-01-20 05:15:14.540138,Success,
296,265,1,2026-01-17 23:15:39.557378,Success,
297,266,1,2026-01-20 11:28:04.484719,Success,
298,267,1,2026-01-20 15:39:54.474318,Failed,Address Issue
299,268,1,2026-01-20 06:02:15.016609,Success,
300,269,1,2026-01-18 19:34:47.332522,Success,
301,270,1,2026-01-18 10:21:27.476421,Success,
302,271,1,2026-01-20 11:07:46.043053,Success,
303,272,1,2026-01-20 05:35:31.066493,Success,
304,273,1,2026-01-20 09:42:18.907678,Success,
305,274,1,2026-01-22 00:46:15.879770,Failed,Address Issue
306,274,2,2026-01-22 03:31:35.258632,Success,
307,275,1,2026-01-17 16:30:10.528197,Success,
308,276,1,2026-01-18 03:10:14.851496,Success,
309,277,1,2026-01-20 23:25:22.068643,Success,
310,278,1,2026-01-19 03:50:10.231440,Success,
311,279,1,2026-01-21 07:18:01.204288,Success,
312,280,1,2026-01-18 06:47:30.592369,Success,
313,281,1,2026-01-19 16:48:03.857613,Success,
314,282,1,2026-01-21 10:37:09.910976,Success,
315,283,1,2026-01-21 03:32:19.902785,Success,
316,284,1,2026-01-18 16:57:41.646224,Success,
317,285,1,2026-01-19 23:48:22.811220,Success,
318,286,1,2026-01-18 12:56:14.374592,Success,
319,287,1,2026-01-22 21:54:46.483488,Success,
320,288,1,2026-01-23 07:22:53.968859,Success,
321,289,1,2026-01-21 04:47:04.827635,Success,
322,290,1,2026-01-19 17:00:48.222075,Success,
323,291,1,2026-01-19 17:33:41.234912,Success,
324,292,1,2026-01-23 10:05:45.178779,Success,
325,293,1,2026-01-21 21:22:52.652676,Success,
326,294,1,2026-01-21 19:29:47.631248,Success,
327,295,1,2026-01-21 21:16:01.885693,Success,
328,296,1,2026-01-20 13:39:22.348325,Failed,Address Issue
329,297,1,2026-01-24 05:25:35.323205,Failed,Address Issue
330,297,2,2026-01-24 08:21:54.274418,Success,
331,298,1,2026-01-22 01:16:27.389018,Success,
332,299,1,2026-01-24 11:53:18.725418,Success,
333,300,1,2026-01-19 08:00:07.837478,Success,
334,301,1,2026-01-19 14:31:34.484640,Success,
335,302,1,2026-01-20 09:40:16.981400,Success,
336,303,1,2026-01-21 17:38:42.251185,Success,
337,304,1,2026-01-21 12:07:30.801565,Success,
338,305,1,2026-01-20 14:54:19.631539,Success,
339,306,1,2026-01-20 08:12:28.478213,Success,
340,307,1,2026-01-21 04:30:47.497117,Failed,Customer Unavailable
341,307,2,2026-01-21 07:38:10.207504,Success,
342,308,1,2026-01-21 22:38:31.209995,Failed,None
343,308,2,2026-01-22 01:32:23.035381,Success,
344,309,1,2026-01-19 11:55:22.214485,Success,
345,310,1,2026-01-22 22:07:08.906862,Success,
346,311,1,2026-01-22 11:26:54.283781,Success,
347,312,1,2026-01-22 01:01:45.978914,Success,
348,313,1,2026-01-20 17:58:31.351812,Success,
349,314,1,2026-01-22 01:39:31.970123,Success,
350,315,1,2026-01-23 10:21:05.023027,Failed,None
351,315,2,2026-01-23 14:00:35.539526,Success,
352,316,1,2026-01-22 17:35:13.149390,Failed,None
353,316,2,2026-01-22 19:51:15.908761,Success,
354,317,1,2026-01-23 00:28:47.470259,Failed,None
355,317,2,2026-01-23 02:27:09.021338,Success,
356,318,1,2026-01-23 10:04:36.462454,Success,
357,319,1,2026-01-23 05:07:26.576902,Failed,Address Issue
358,320,1,2026-01-20 06:30:20.043092,Success,
359,321,1,2026-01-23 07:22:29.962273,Success,
360,322,1,2026-01-23 02:41:06.307382,Success,
361,323,1,2026-01-21 03:18:10.261067,Success,
362,324,1,2026-01-22 18:55:44.237402,Success,
363,325,1,2026-01-21 09:11:40.796769,Success,
364,326,1,2026-01-22 20:40:35.947900,Success,
365,327,1,2026-01-23 19:42:45.437365,Success,
366,328,1,2026-01-26 02:49:50.710163,Success,
367,329,1,2026-01-25 06:01:31.743836,Failed,Address Issue
368,329,2,2026-01-25 09:09:55.303584,Success,
369,330,1,2026-01-25 09:38:46.346324,Success,
370,331,1,2026-01-21 10:40:11.282442,Success,
371,332,1,2026-01-22 19:23:30.674341,Success,
372,333,1,2026-01-21 23:14:51.900552,Success,
373,334,1,2026-01-24 04:11:59.981173,Success,
374,335,1,2026-01-22 11:31:55.446979,Success,
375,336,1,2026-01-23 20:52:53.088821,Success,
376,337,1,2026-01-22 06:35:43.913342,Success,
377,338,1,2026-01-22 09:18:16.596653,Success,
378,339,1,2026-01-24 05:22:51.487175,Failed,None
379,339,2,2026-01-24 06:33:57.866628,Success,
380,340,1,2026-01-24 02:32:12.094315,Success,
381,341,1,2026-01-23 01:33:43.759232,Success,
382,342,1,2026-01-22 12:40:14.955102,Failed,None
383,342,2,2026-01-22 16:15:47.685766,Success,
384,343,1,2026-01-22 13:08:01.777404,Success,
385,344,1,2026-01-23 20:44:31.765473,Success,
386,345,1,2026-01-24 07:38:58.739584,Success,
387,346,1,2026-01-22 04:13:42.218795,Success,
388,347,1,2026-01-25 00:15:43.163289,Success,
389,348,1,2026-01-22 20:27:03.956507,Success,
390,349,1,2026-01-23 01:19:11.175128,Success,
391,350,1,2026-01-25 03:10:19.696107,Success,
392,351,1,2026-01-22 22:31:22.998516,Success,
393,352,1,2026-01-23 07:52:05.000230,Success,
394,353,1,2026-01-25 07:06:01.105767,Success,
395,354,1,2026-01-23 10:23:46.562808,Success,
396,355,1,2026-01-23 08:48:32.388749,Success,
397,356,1,2026-01-22 22:12:29.368720,Success,
398,357,1,2026-01-24 06:07:18.861536,Success,
399,358,1,2026-01-24 18:12:29.430191,Success,
400,359,1,2026-01-22 20:23:42.117211,Success,
401,360,1,2026-01-26 06:56:42.143051,Success,
402,361,1,2026-01-26 00:36:25.483949,Success,
403,362,1,2026-01-26 03:32:19.641167,Success,
404,363,1,2026-01-25 16:39:24.117701,Success,
405,364,1,2026-01-26 16:34:16.244509,Success,
406,365,1,2026-01-26 06:49:39.495938,Success,
407,366,1,2026-01-26 05:28:54.770584,Success,
408,367,1,2026-01-24 15:02:43.014283,Success,
409,368,1,2026-01-26 03:55:33.057765,Success,
410,369,1,2026-01-23 23:21:39.403072,Success,
411,370,1,2026-01-25 19:46:48.106081,Success,
412,371,1,2026-01-26 02:52:52.240636,Failed,None
413,371,2,2026-01-26 04:46:00.072877,Success,
414,372,1,2026-01-25 21:33:22.280059,Failed,Hub Congestion
415,373,1,2026-01-25 21:19:56.547897,Success,
416,374,1,2026-01-26 12:27:34.571702,Success,
417,375,1,2026-01-27 05:31:19.433582,Success,
418,376,1,2026-01-26 20:25:09.243094,Failed,Address Issue
419,377,1,2026-01-27 14:29:19.534544,Success,
420,378,1,2026-01-25 14:58:21.610786,Success,
421,379,1,2026-01-26 21:11:31.510114,Success,
422,380,1,2026-01-25 10:16:50.353717,Success,
423,381,1,2026-01-24 13:51:39.119056,Success,
424,382,1,2026-01-27 12:15:50.444256,Success,
425,383,1,2026-01-24 22:48:48.754347,Success,
426,384,1,2026-01-27 05:41:46.570935,Success,
427,385,1,2026-01-24 22:16:44.134314,Success,
428,386,1,2026-01-25 13:23:28.395877,Success,
429,387,1,2026-01-26 08:46:45.399146,Success,
430,388,1,2026-01-24 10:00:10.174787,Failed,None
431,388,2,2026-01-24 13:39:58.082839,Success,
432,389,1,2026-01-27 00:49:00.531614,Success,
433,390,1,2026-01-27 10:35:19.551180,Failed,None
434,390,2,2026-01-27 13:50:08.918374,Success,
435,391,1,2026-01-27 20:11:41.261001,Success,
436,392,1,2026-01-28 05:57:41.353889,Success,
437,393,1,2026-01-29 01:36:08.031794,Success,
438,394,1,2026-01-28 07:26:19.411209,Success,
439,395,1,2026-01-28 02:44:51.599035,Success,
440,396,1,2026-01-29 04:23:56.739017,Success,
441,397,1,2026-01-27 19:54:50.643641,Success,
442,398,1,2026-01-28 06:56:44.387651,Success,
443,399,1,2026-01-26 00:37:36.624149,Success,
444,400,1,2026-01-26 01:29:48.003977,Success,
445,401,1,2026-01-25 10:27:52.078037,Success,
446,402,1,2026-01-28 16:40:19.514658,Success,
447,403,1,2026-01-29 06:46:37.877406,Success,
448,404,1,2026-01-30 18:35:36.848741,Failed,Customer Unavailable
449,404,2,2026-01-30 20:54:36.716121,Success,
450,405,1,2026-01-27 07:49:22.568322,Failed,None
451,405,2,2026-01-27 08:51:43.457275,Success,
452,406,1,2026-01-29 02:46:47.057696,Failed,None
453,406,2,2026-01-29 03:15:45.188334,Success,
454,407,1,2026-01-28 22:54:03.342947,Success,
455,408,1,2026-01-27 15:17:41.948585,Success,
456,409,1,2026-01-28 15:46:12.068246,Failed,None
457,409,2,2026-01-28 17:49:02.373361,Success,
458,410,1,2026-01-27 04:47:00.608993,Success,
459,411,1,2026-01-31 09:15:59.884980,Success,
460,412,1,2026-01-29 11:20:21.144006,Success,
461,413,1,2026-01-31 05:50:31.324459,Success,
462,414,1,2026-01-26 21:55:37.866777,Success,
463,415,1,2026-01-27 11:48:18.451581,Success,
464,416,1,2026-01-29 11:10:04.532884,Success,
465,417,1,2026-01-28 23:32:24.219819,Success,
466,418,1,2026-01-27 06:07:08.371415,Failed,None
467,418,2,2026-01-27 09:07:03.162372,Success,
468,419,1,2026-01-29 08:30:33.072572,Success,
469,420,1,2026-01-29 06:21:49.576427,Success,
470,421,1,2026-01-30 06:37:46.123870,Success,
471,422,1,2026-01-30 05:55:27.143560,Success,
472,423,1,2026-01-28 15:35:03.823300,Success,
473,424,1,2026-01-30 19:51:45.683538,Success,
474,425,1,2026-01-30 02:14:57.711246,Success,
475,426,1,2026-01-29 16:49:01.735706,Success,
476,427,1,2026-01-30 15:53:38.090433,Success,
477,428,1,2026-01-30 11:40:13.302171,Success,
478,429,1,2026-01-28 09:47:27.893961,Success,
479,430,1,2026-01-27 13:40:00.240106,Success,
480,431,1,2026-01-29 20:57:01.601947,Success,
481,432,1,2026-01-29 23:42:21.803592,Success,
482,433,1,2026-01-29 18:09:16.580466,Success,
483,434,1,2026-01-27 22:56:37.604119,Failed,None
484,434,2,2026-01-28 02:26:12.767021,Success,
485,435,1,2026-01-28 22:15:06.644672,Success,
486,436,1,2026-01-28 08:40:48.935002,Success,
487,437,1,2026-01-30 23:51:39.084585,Success,
488,438,1,2026-02-01 03:46:15.693688,Success,
489,439,1,2026-01-29 22:26:15.259517,Success,
490,440,1,2026-01-30 02:44:28.792812,Success,
491,441,1,2026-01-29 03:05:39.602799,Success,
492,442,1,2026-01-31 21:05:26.878889,Success,
493,443,1,2026-01-29 07:39:46.473416,Success,
494,444,1,2026-01-31 00:05:04.533508,Success,
495,445,1,2026-01-29 13:43:30.581118,Success,
496,446,1,2026-01-30 19:22:04.554802,Success,
497,447,1,2026-01-30 12:17:14.409747,Success,
498,448,1,2026-01-31 07:41:03.717476,Success,
499,449,1,2026-01-31 07:05:20.777626,Success,
500,450,1,2026-01-28 09:42:45.941773,Success,
501,451,1,2026-01-28 21:16:56.131461,Failed,None
502,451,2,2026-01-28 21:57:23.109772,Success,
503,452,1,2026-01-29 02:04:49.864257,Failed,None
504,452,2,2026-01-29 03:31:10.160679,Success,
505,453,1,2026-01-30 21:48:12.204172,Success,
506,454,1,2026-01-29 22:21:16.811564,Success,
507,455,1,2026-01-30 10:24:54.893795,Success,
508,456,1,2026-01-30 14:04:15.332247,Success,
509,457,1,2026-02-01 05:53:23.022035,Failed,None
510,457,2,2026-02-01 09:13:19.032500,Success,
511,458,1,2026-01-31 14:22:58.272575,Success,
512,459,1,2026-01-29 09:27:59.543116,Success,
513,460,1,2026-02-01 00:35:53.524261,Success,
514,461,1,2026-02-01 18:02:31.157476,Success,
515,462,1,2026-01-30 08:31:08.653109,Success,
516,463,1,2026-01-30 07:36:27.776821,Success,
517,464,1,2026-02-01 01:53:17.171807,Success,
518,465,1,2026-02-01 10:37:39.456691,Success,
519,466,1,2026-02-01 07:45:12.457140,Success,
520,467,1,2026-02-02 11:18:21.074519,Failed,None
521,467,2,2026-02-02 11:54:12.842001,Success,
522,468,1,2026-02-02 09:21:30.653468,Success,
523,469,1,2026-01-30 14:22:42.154194,Success,
524,470,1,2026-02-02 04:45:32.895410,Success,
525,471,1,2026-01-31 09:26:29.917164,Failed,None
526,471,2,2026-01-31 12:01:25.776784,Success,
527,472,1,2026-01-31 14:55:17.972099,Success,
528,473,1,2026-02-04 04:04:03.100522,Success,
529,474,1,2026-02-01 01:47:20.929673,Success,
530,475,1,2026-01-31 07:43:05.064375,Success,
531,476,1,2026-02-02 01:52:17.839855,Success,
532,477,1,2026-02-02 12:04:29.694199,Failed,Hub Congestion
533,477,2,2026-02-02 15:41:54.365016,Success,
534,478,1,2026-02-01 16:31:54.875181,Success,
535,479,1,2026-02-02 02:00:33.089247,Success,
536,480,1,2026-02-02 06:31:31.232732,Success,
537,481,1,2026-01-31 14:44:11.951352,Success,
538,482,1,2026-01-31 14:07:45.944363,Success,
539,483,1,2026-02-02 08:37:11.419878,Success,
540,484,1,2026-02-02 06:16:49.144808,Success,
541,485,1,2026-01-31 20:08:52.402938,Success,
542,486,1,2026-02-02 02:34:26.448818,Failed,Address Issue
543,487,1,2026-02-01 21:28:43.105583,Success,
544,488,1,2026-01-31 10:33:38.584629,Success,
545,489,1,2026-02-03 16:57:51.557293,Success,
546,490,1,2026-02-03 01:27:18.583533,Success,
547,491,1,2026-02-03 15:29:22.889572,Success,
548,492,1,2026-02-03 02:31:30.869520,Failed,None
549,492,2,2026-02-03 05:45:38.626162,Success,
550,493,1,2026-02-02 13:26:18.139176,Failed,Hub Congestion
551,493,2,2026-02-02 17:00:52.789292,Success,
552,494,1,2026-02-01 18:46:29.317928,Failed,None
553,494,2,2026-02-01 21:26:34.697489,Success,
554,495,1,2026-01-31 23:41:11.766959,Success,
555,496,1,2026-02-01 18:18:18.714664,Failed,None
556,496,2,2026-02-01 22:11:10.729851,Success,
557,497,1,2026-02-03 11:13:11.476814,Success,
558,498,1,2026-02-03 06:21:25.960862,Success,
559,499,1,2026-02-01 07:24:09.215845,Success,
560,500,1,2026-01-31 08:11:03.961245,Failed,None
561,500,2,2026-01-31 09:13:56.627131,Success,
562,501,1,2026-02-03 09:10:58.803324,Success,
563,502,1,2026-02-05 05:45:32.532563,Failed,Address Issue
564,502,2,2026-02-05 06:13:38.274077,Success,
565,503,1,2026-01-31 23:15:37.459695,Success,
566,504,1,2026-02-02 16:09:18.202235,Success,
567,505,1,2026-02-02 17:44:45.370048,Failed,None
568,505,2,2026-02-02 18:09:02.217888,Success,
569,506,1,2026-02-01 08:25:39.316240,Success,
570,507,1,2026-02-02 06:36:04.461787,Success,
571,508,1,2026-02-02 03:59:25.812379,Failed,Address Issue
572,508,2,2026-02-02 05:38:37.581183,Success,
573,509,1,2026-02-04 08:12:50.801181,Success,
574,510,1,2026-02-01 04:18:55.157661,Success,
575,511,1,2026-02-04 04:20:45.391377,Failed,Address Issue
576,511,2,2026-02-04 08:09:31.990558,Success,
577,512,1,2026-02-04 03:46:27.769732,Success,
578,513,1,2026-02-04 05:27:00.647100,Success,
579,514,1,2026-02-03 22:12:48.315123,Success,
580,515,1,2026-02-02 11:34:51.940411,Success,
581,516,1,2026-02-04 07:43:53.416790,Success,
582,517,1,2026-02-04 06:43:00.487157,Success,
583,518,1,2026-02-04 08:17:49.396256,Success,
584,519,1,2026-02-06 01:29:26.589113,Success,
585,520,1,2026-02-05 02:57:33.885269,Success,
586,521,1,2026-02-02 16:38:10.450299,Success,
587,522,1,2026-02-05 08:11:43.911800,Success,
588,523,1,2026-02-04 20:43:55.760002,Failed,Address Issue
589,523,2,2026-02-04 22:36:19.222747,Success,
590,524,1,2026-02-02 02:37:21.485201,Success,
591,525,1,2026-02-04 22:53:52.745846,Success,
592,526,1,2026-02-05 04:44:11.890211,Failed,None
593,526,2,2026-02-05 07:56:50.034133,Success,
594,527,1,2026-02-03 03:36:37.278722,Success,
595,528,1,2026-02-05 04:29:11.610329,Success,
596,529,1,2026-02-05 08:26:33.463385,Success,
597,530,1,2026-02-05 04:31:22.431389,Success,
598,531,1,2026-02-02 08:51:47.035041,Success,
599,532,1,2026-02-03 03:02:38.237845,Success,
600,533,1,2026-02-03 00:18:48.045776,Success,
601,534,1,2026-02-03 03:58:00.838547,Success,
602,535,1,2026-02-05 06:48:37.030616,Success,
603,536,1,2026-02-02 17:39:29.947949,Success,
604,537,1,2026-02-06 08:46:00.356910,Success,
605,538,1,2026-02-06 01:12:15.687847,Failed,Address Issue
606,539,1,2026-02-04 11:00:26.535126,Success,
607,540,1,2026-02-06 08:30:00.291429,Success,
608,541,1,2026-02-03 19:19:40.659489,Success,
609,542,1,2026-02-03 10:11:48.188167,Success,
610,543,1,2026-02-06 11:25:20.020008,Success,
611,544,1,2026-02-06 01:28:56.572220,Success,
612,545,1,2026-02-06 05:18:24.931157,Failed,Carrier Capacity
613,545,2,2026-02-06 07:40:08.888997,Success,
614,546,1,2026-02-05 20:39:22.529774,Success,
615,547,1,2026-02-06 03:04:01.105369,Failed,None
616,547,2,2026-02-06 06:42:48.221554,Success,
617,548,1,2026-02-05 22:37:40.453271,Failed,None
618,548,2,2026-02-05 23:09:49.880048,Success,
619,549,1,2026-02-05 20:33:31.419652,Success,
620,550,1,2026-02-03 19:33:47.798225,Success,
621,551,1,2026-02-04 13:51:57.799554,Failed,Address Issue
622,552,1,2026-02-04 13:57:15.848437,Success,
623,553,1,2026-02-06 00:19:01.532346,Success,
624,554,1,2026-02-06 03:09:14.039934,Success,
625,555,1,2026-02-07 06:21:56.539399,Success,
626,556,1,2026-02-06 20:17:34.134010,Success,
627,557,1,2026-02-05 13:39:49.798839,Success,
628,558,1,2026-02-07 08:20:26.944401,Success,
629,559,1,2026-02-07 02:56:23.880894,Success,
630,560,1,2026-02-05 03:41:47.089366,Failed,None
631,560,2,2026-02-05 04:24:20.259877,Success,
632,561,1,2026-02-07 07:29:59.111063,Success,
633,562,1,2026-02-05 18:12:10.475449,Success,
634,563,1,2026-02-07 01:02:51.143509,Success,
635,564,1,2026-02-07 08:02:50.426767,Success,
636,565,1,2026-02-06 23:01:15.747295,Failed,None
637,565,2,2026-02-07 00:50:47.096718,Success,
638,566,1,2026-02-07 15:04:38.173465,Success,
639,567,1,2026-02-06 23:49:31.471944,Success,
640,568,1,2026-02-07 06:34:49.380271,Success,
641,569,1,2026-02-04 16:50:40.944003,Success,
642,570,1,2026-02-07 11:34:51.127371,Success,
643,571,1,2026-02-06 09:16:59.230075,Success,
644,572,1,2026-02-06 16:20:06.152890,Success,
645,573,1,2026-02-07 21:01:58.654849,Success,
646,574,1,2026-02-06 18:06:09.518778,Success,
647,575,1,2026-02-06 00:36:04.073300,Success,
648,576,1,2026-02-08 07:48:03.888730,Success,
649,577,1,2026-02-06 05:01:43.427938,Success,
650,578,1,2026-02-06 19:38:25.798266,Success,
651,579,1,2026-02-07 23:35:41.732628,Success,
652,580,1,2026-02-06 19:56:06.675655,Success,
653,581,1,2026-02-07 23:53:40.744380,Success,
654,582,1,2026-02-08 01:33:53.908787,Success,
655,583,1,2026-02-06 13:52:49.464491,Success,
656,584,1,2026-02-05 15:04:21.908654,Success,
657,585,1,2026-02-11 02:06:46.088909,Failed,Carrier Capacity
658,585,2,2026-02-11 05:25:15.205625,Success,
659,586,1,2026-02-09 04:13:21.952450,Success,
660,587,1,2026-02-09 01:23:08.881965,Failed,None
661,587,2,2026-02-09 03:47:25.135154,Success,
662,588,1,2026-02-09 07:27:21.662876,Success,
663,589,1,2026-02-08 17:16:52.747393,Success,
664,590,1,2026-02-09 06:50:20.261114,Success,
665,591,1,2026-02-09 06:26:05.917228,Success,
666,592,1,2026-02-08 23:54:58.824041,Failed,None
667,592,2,2026-02-09 00:14:31.502808,Success,
668,593,1,2026-02-11 08:33:11.858449,Success,
669,594,1,2026-02-11 01:22:29.699329,Success,
670,595,1,2026-02-09 15:02:06.343873,Success,
671,596,1,2026-02-07 11:09:44.841694,Success,
672,597,1,2026-02-11 04:53:22.919725,Success,
673,598,1,2026-02-10 06:21:50.530041,Success,
674,599,1,2026-02-10 09:35:43.250129,Success,
675,600,1,2026-02-07 08:42:10.196273,Success,
676,601,1,2026-02-06 13:18:14.944571,Failed,None
677,601,2,2026-02-06 14:49:57.611149,Success,
678,602,1,2026-02-07 12:27:02.364121,Success,
679,603,1,2026-02-08 18:44:39.847423,Success,
680,604,1,2026-02-08 15:54:35.318740,Success,
681,605,1,2026-02-07 15:47:10.807096,Success,
682,606,1,2026-02-08 23:13:57.261496,Success,
683,607,1,2026-02-09 02:26:31.649838,Success,
684,608,1,2026-02-07 01:27:06.924791,Success,
685,609,1,2026-02-07 12:05:21.302159,Success,
686,610,1,2026-02-09 22:35:51.577461,Success,
687,611,1,2026-02-08 13:40:56.216847,Success,
688,612,1,2026-02-07 22:51:45.935006,Failed,None
689,612,2,2026-02-07 23:27:37.052744,Success,
690,613,1,2026-02-10 03:17:31.091868,Success,
691,614,1,2026-02-10 11:43:36.686577,Success,
692,615,1,2026-02-10 03:20:24.958723,Success,
693,616,1,2026-02-08 17:36:03.723528,Success,
694,617,1,2026-02-07 19:47:33.519511,Success,
695,618,1,2026-02-10 02:44:43.723181,Success,
696,619,1,2026-02-10 09:27:46.599150,Success,
697,620,1,2026-02-11 10:24:55.511185,Success,
698,621,1,2026-02-11 02:05:38.988393,Failed,Carrier Capacity
699,621,2,2026-02-11 03:11:53.850546,Success,
700,622,1,2026-02-10 22:23:06.166487,Success,
701,623,1,2026-02-09 17:44:10.974593,Failed,Address Issue
702,624,1,2026-02-08 14:59:30.452032,Success,
703,625,1,2026-02-08 04:53:10.586307,Success,
704,626,1,2026-02-08 08:18:38.186541,Success,
705,627,1,2026-02-10 07:36:57.052139,Success,
706,628,1,2026-02-09 11:54:10.490266,Success,
707,629,1,2026-02-10 21:58:17.702623,Success,
708,630,1,2026-02-12 13:02:35.306166,Success,
709,631,1,2026-02-10 21:33:25.515295,Success,
710,632,1,2026-02-13 04:29:12.767328,Success,
711,633,1,2026-02-11 13:08:45.401910,Success,
712,634,1,2026-02-11 09:31:22.224018,Failed,None
713,634,2,2026-02-11 10:48:36.002558,Success,
714,635,1,2026-02-10 18:07:09.068449,Success,
715,636,1,2026-02-09 11:38:07.986343,Success,
716,637,1,2026-02-09 01:46:14.187505,Success,
717,638,1,2026-02-09 05:11:37.311241,Success,
718,639,1,2026-02-11 01:34:33.501636,Failed,None
719,639,2,2026-02-11 04:31:42.141759,Success,
720,640,1,2026-02-11 10:07:59.963604,Success,
721,641,1,2026-02-09 08:22:55.857872,Success,
722,642,1,2026-02-11 10:39:12.643452,Failed,None
723,642,2,2026-02-11 11:29:44.284589,Success,
724,643,1,2026-02-09 17:43:12.505825,Success,
725,644,1,2026-02-10 13:44:02.124612,Success,
726,645,1,2026-02-11 08:25:16.880699,Success,
727,646,1,2026-02-12 08:51:58.258973,Success,
728,647,1,2026-02-10 03:41:55.678752,Success,
729,648,1,2026-02-10 08:34:07.272839,Success,
730,649,1,2026-02-12 09:22:56.772016,Success,
731,650,1,2026-02-12 01:23:40.914652,Success,
732,651,1,2026-02-11 21:59:08.712122,Success,
733,652,1,2026-02-10 09:33:23.564195,Success,
734,653,1,2026-02-10 06:58:54.134974,Success,
735,654,1,2026-02-13 02:54:15.315361,Success,
736,655,1,2026-02-11 16:39:35.605711,Success,
737,656,1,2026-02-10 15:56:38.904273,Success,
738,657,1,2026-02-11 22:19:03.587415,Success,
739,658,1,2026-02-10 09:25:32.977102,Failed,None
740,658,2,2026-02-10 10:50:04.534210,Success,
741,659,1,2026-02-14 06:21:39.892548,Success,
742,660,1,2026-02-12 10:21:02.398090,Success,
743,661,1,2026-02-09 22:06:11.743608,Success,
744,662,1,2026-02-12 09:00:58.489207,Success,
745,663,1,2026-02-10 10:34:57.775992,Success,
746,664,1,2026-02-09 14:46:10.593052,Success,
747,665,1,2026-02-15 05:46:22.796494,Success,
748,666,1,2026-02-11 19:05:51.790876,Success,
749,667,1,2026-02-12 17:48:02.648769,Success,
750,668,1,2026-02-11 03:41:23.966958,Failed,None
751,668,2,2026-02-11 04:32:10.848328,Success,
752,669,1,2026-02-14 21:25:57.866223,Failed,Carrier Capacity
753,670,1,2026-02-10 13:27:46.113443,Failed,Address Issue
754,671,1,2026-02-14 16:44:53.180856,Failed,Hub Congestion
755,671,2,2026-02-14 17:42:21.178938,Success,
756,672,1,2026-02-13 10:19:30.475361,Success,
757,673,1,2026-02-10 12:02:53.050943,Success,
758,674,1,2026-02-10 06:02:29.335051,Success,
759,675,1,2026-02-13 10:08:38.240674,Success,
760,676,1,2026-02-13 03:34:41.324836,Success,
761,677,1,2026-02-13 01:32:50.786255,Success,
762,678,1,2026-02-14 11:51:29.993176,Success,
763,679,1,2026-02-14 23:37:49.234843,Success,
764,680,1,2026-02-14 00:42:59.818292,Success,
765,681,1,2026-02-13 18:33:55.268399,Success,
766,682,1,2026-02-11 05:32:50.026424,Failed,None
767,682,2,2026-02-11 08:12:39.439107,Success,
768,683,1,2026-02-12 21:16:28.593051,Success,
769,684,1,2026-02-14 02:45:55.098182,Success,
770,685,1,2026-02-12 14:48:43.459458,Success,
771,686,1,2026-02-14 08:43:03.939169,Failed,None
772,686,2,2026-02-14 11:53:09.532341,Success,
773,687,1,2026-02-13 16:32:06.465610,Failed,Weather
774,687,2,2026-02-13 18:07:22.922022,Success,
775,688,1,2026-02-12 10:00:50.554265,Success,
776,689,1,2026-02-12 16:31:10.638014,Success,
777,690,1,2026-02-15 02:08:54.419454,Success,
778,691,1,2026-02-16 15:11:11.240067,Success,
779,692,1,2026-02-14 21:23:23.496003,Success,
780,693,1,2026-02-13 00:46:29.886556,Success,
781,694,1,2026-02-13 15:44:11.234371,Success,
782,695,1,2026-02-15 04:03:54.101613,Success,
783,696,1,2026-02-16 11:37:57.182570,Success,
784,697,1,2026-02-14 18:55:26.307294,Success,
785,698,1,2026-02-15 09:14:51.308012,Success,
786,699,1,2026-02-15 05:14:11.546954,Success,
787,700,1,2026-02-15 05:11:34.525765,Success,
788,701,1,2026-02-14 06:51:03.584955,Success,
789,702,1,2026-02-14 21:09:19.996059,Success,
790,703,1,2026-02-15 01:33:26.548100,Failed,None
791,703,2,2026-02-15 04:45:00.158947,Success,
792,704,1,2026-02-14 07:19:01.176821,Failed,None
793,704,2,2026-02-14 09:33:58.322186,Success,
794,705,1,2026-02-13 17:06:31.861221,Success,
795,706,1,2026-02-16 08:17:10.667065,Success,
796,707,1,2026-02-18 10:35:46.000831,Failed,Hub Congestion
797,707,2,2026-02-18 12:29:50.660544,Success,
798,708,1,2026-02-17 23:53:44.668222,Success,
799,709,1,2026-02-14 03:22:44.181123,Success,
800,710,1,2026-02-14 03:15:14.286713,Success,
801,711,1,2026-02-13 09:27:51.911482,Success,
802,712,1,2026-02-13 15:21:15.044079,Success,
803,713,1,2026-02-16 09:53:52.141955,Success,
804,714,1,2026-02-14 02:10:30.375639,Success,
805,715,1,2026-02-18 16:49:38.464185,Success,
806,716,1,2026-02-17 18:52:20.412618,Failed,Address Issue
807,716,2,2026-02-17 20:15:54.670717,Success,
808,717,1,2026-02-16 05:42:16.627629,Success,
809,718,1,2026-02-18 15:42:08.898437,Failed,Hub Congestion
810,718,2,2026-02-18 19:33:41.523075,Success,
811,719,1,2026-02-15 10:02:14.819302,Success,
812,720,1,2026-02-15 15:26:49.840912,Success,
813,721,1,2026-02-15 10:30:48.881498,Success,
814,722,1,2026-02-14 19:06:08.148847,Success,
815,723,1,2026-02-17 01:15:48.134530,Success,
816,724,1,2026-02-14 14:38:57.749963,Success,
817,725,1,2026-02-15 04:10:06.190149,Success,
818,726,1,2026-02-14 06:45:23.756814,Success,
819,727,1,2026-02-15 15:38:00.885721,Success,
820,728,1,2026-02-15 08:11:47.749207,Failed,None
821,728,2,2026-02-15 11:00:19.025999,Success,
822,729,1,2026-02-15 01:20:14.495626,Success,
823,730,1,2026-02-16 19:25:27.935700,Success,
824,731,1,2026-02-15 04:18:57.713039,Success,
825,732,1,2026-02-16 20:08:24.109323,Success,
826,733,1,2026-02-14 14:31:43.822688,Success,
827,734,1,2026-02-17 11:04:20.017452,Success,
828,735,1,2026-02-17 11:59:04.239255,Success,
829,736,1,2026-02-15 11:32:11.236578,Success,
830,737,1,2026-02-15 19:14:49.087039,Success,
831,738,1,2026-02-17 05:05:11.219946,Success,
832,739,1,2026-02-15 05:45:02.465045,Success,
833,740,1,2026-02-16 15:59:45.130097,Success,
834,741,1,2026-02-16 09:40:50.327977,Success,
835,742,1,2026-02-15 22:13:35.521186,Success,
836,743,1,2026-02-19 23:00:13.284952,Success,
837,744,1,2026-02-17 21:22:09.768130,Failed,Address Issue
838,744,2,2026-02-17 22:58:51.817015,Success,
839,745,1,2026-02-20 06:20:07.050023,Success,
840,746,1,2026-02-17 21:47:34.802493,Success,
841,747,1,2026-02-18 02:01:01.997451,Success,
842,748,1,2026-02-17 20:10:43.945578,Success,
843,749,1,2026-02-16 01:22:14.902957,Success,
844,750,1,2026-02-17 18:51:28.081165,Failed,None
845,750,2,2026-02-17 22:05:53.810409,Success,
846,751,1,2026-02-16 22:04:33.752932,Success,
847,752,1,2026-02-18 16:23:41.397628,Failed,Hub Congestion
848,752,2,2026-02-18 19:45:07.803630,Success,
849,753,1,2026-02-17 17:15:17.901726,Success,
850,754,1,2026-02-17 07:29:41.778838,Success,
851,755,1,2026-02-17 06:46:14.201157,Success,
852,756,1,2026-02-16 19:38:30.933359,Success,
853,757,1,2026-02-19 05:29:16.120780,Success,
854,758,1,2026-02-17 15:43:11.880441,Failed,None
855,758,2,2026-02-17 17:58:54.531954,Success,
856,759,1,2026-02-19 10:09:52.392073,Success,
857,760,1,2026-02-16 11:40:01.581066,Success,
858,761,1,2026-02-17 13:03:42.689419,Success,
859,762,1,2026-02-19 11:15:58.091069,Failed,None
860,762,2,2026-02-19 13:07:29.322249,Success,
861,763,1,2026-02-19 05:05:56.609131,Success,
862,764,1,2026-02-17 05:51:57.609860,Success,
863,765,1,2026-02-19 18:49:52.748598,Failed,Weather
864,765,2,2026-02-19 21:56:36.451519,Success,
865,766,1,2026-02-19 13:24:27.804445,Success,
866,767,1,2026-02-21 19:19:28.663668,Success,
867,768,1,2026-02-19 23:40:50.180632,Failed,Customer Unavailable
868,768,2,2026-02-20 00:14:59.035427,Success,
869,769,1,2026-02-17 23:10:50.124943,Failed,Address Issue
870,769,2,2026-02-18 00:40:43.313950,Success,
871,770,1,2026-02-19 18:45:02.706494,Success,
872,771,1,2026-02-19 22:49:29.449251,Success,
873,772,1,2026-02-20 14:32:24.916463,Success,
874,773,1,2026-02-20 04:31:10.719693,Success,
875,774,1,2026-02-17 12:22:49.516759,Failed,None
876,774,2,2026-02-17 15:16:52.451256,Success,
877,775,1,2026-02-19 23:08:27.565758,Success,
878,776,1,2026-02-20 02:38:08.201318,Success,
879,777,1,2026-02-18 02:45:05.578780,Success,
880,778,1,2026-02-20 13:58:51.837751,Success,
881,779,1,2026-02-18 06:44:22.859009,Success,
882,780,1,2026-02-17 23:12:58.226294,Success,
883,781,1,2026-02-20 06:32:05.317644,Success,
884,782,1,2026-02-18 09:15:40.396375,Success,
885,783,1,2026-02-17 13:37:47.026536,Success,
886,784,1,2026-02-19 21:35:35.366213,Failed,Address Issue
887,784,2,2026-02-20 00:00:56.618574,Success,
888,785,1,2026-02-18 22:30:36.377842,Failed,None
889,785,2,2026-02-18 23:39:34.470566,Success,
890,786,1,2026-02-20 22:06:20.928300,Success,
891,787,1,2026-02-21 07:48:13.353382,Success,
892,788,1,2026-02-19 09:03:49.096753,Success,
893,789,1,2026-02-20 16:43:06.430029,Success,
894,790,1,2026-02-20 19:27:29.562620,Success,
895,791,1,2026-02-21 14:01:55.196862,Failed,Hub Congestion
896,791,2,2026-02-21 15:52:20.497364,Success,
897,792,1,2026-02-21 01:03:53.400598,Success,
898,793,1,2026-02-21 02:28:49.287460,Success,
899,794,1,2026-02-20 11:49:30.767169,Success,
900,795,1,2026-02-20 18:27:56.174175,Failed,None
901,795,2,2026-02-20 20:13:27.627785,Success,
902,796,1,2026-02-19 16:21:01.741541,Success,
903,797,1,2026-02-21 03:34:00.095230,Success,
904,798,1,2026-02-22 08:52:03.986570,Success,
905,799,1,2026-02-23 05:13:29.783572,Success,
906,800,1,2026-02-19 03:58:02.921578,Failed,None
907,800,2,2026-02-19 06:17:08.628771,Success,
908,801,1,2026-02-22 00:07:36.892318,Success,
909,802,1,2026-02-21 21:18:47.235335,Success,
910,803,1,2026-02-20 03:47:43.370927,Success,
911,804,1,2026-02-20 11:20:55.093706,Success,
912,805,1,2026-02-21 02:03:34.394505,Success,
913,806,1,2026-02-23 07:50:35.262337,Success,
914,807,1,2026-02-24 16:55:55.710974,Success,
915,808,1,2026-02-20 09:30:27.594085,Success,
916,809,1,2026-02-20 04:39:16.872411,Success,
917,810,1,2026-02-22 00:30:55.531055,Failed,None
918,810,2,2026-02-22 01:46:33.798532,Success,
919,811,1,2026-02-20 15:50:59.192963,Success,
920,812,1,2026-02-22 01:50:55.351614,Success,
921,813,1,2026-02-21 23:51:54.638450,Success,
922,814,1,2026-02-23 08:46:38.697693,Success,
923,815,1,2026-02-23 05:22:57.473335,Success,
924,816,1,2026-02-22 23:33:16.958262,Success,
925,817,1,2026-02-23 16:47:29.881938,Success,
926,818,1,2026-02-21 01:50:53.584973,Success,
927,819,1,2026-02-23 04:55:14.930995,Success,
928,820,1,2026-02-21 15:37:31.645864,Success,
929,821,1,2026-02-21 02:13:29.077468,Success,
930,822,1,2026-02-23 08:12:18.054920,Failed,None
931,822,2,2026-02-23 12:01:31.669883,Success,
932,823,1,2026-02-21 04:34:53.891160,Failed,None
933,823,2,2026-02-21 06:59:11.764905,Success,
934,824,1,2026-02-22 22:19:49.775994,Success,
935,825,1,2026-02-21 07:22:55.248412,Success,
936,826,1,2026-02-20 19:05:12.284817,Success,
937,827,1,2026-02-22 19:35:58.711641,Success,
938,828,1,2026-02-23 15:45:16.361735,Success,
939,829,1,2026-02-23 12:48:39.011769,Failed,Address Issue
940,829,2,2026-02-23 13:19:25.591988,Success,
941,830,1,2026-02-22 00:10:13.820893,Failed,Customer Unavailable
942,830,2,2026-02-22 01:18:10.566922,Success,
943,831,1,2026-02-23 07:49:54.183522,Success,
944,832,1,2026-02-23 06:57:48.530936,Success,
945,833,1,2026-02-22 19:36:56.769213,Success,
946,834,1,2026-02-22 23:02:41.812565,Success,
947,835,1,2026-02-21 03:07:56.364828,Success,
948,836,1,2026-02-22 17:31:24.607367,Success,
949,837,1,2026-02-22 22:47:28.747946,Failed,None
950,837,2,2026-02-22 23:23:47.453130,Success,
951,838,1,2026-02-23 14:21:53.742138,Success,
952,839,1,2026-02-22 09:11:51.730950,Success,
953,840,1,2026-02-24 09:38:43.278259,Success,
954,841,1,2026-02-22 07:10:49.747265,Success,
955,842,1,2026-02-24 08:28:02.497313,Success,
956,843,1,2026-02-24 14:45:28.252881,Success,
957,844,1,2026-02-24 04:57:38.889396,Success,
958,845,1,2026-02-24 08:04:12.057386,Success,
959,846,1,2026-02-24 02:26:35.910626,Failed,None
960,846,2,2026-02-24 04:25:47.235081,Success,
961,847,1,2026-02-22 12:04:48.079723,Success,
962,848,1,2026-02-24 03:50:49.317753,Success,
963,849,1,2026-02-24 08:08:51.882808,Failed,Weather
964,849,2,2026-02-24 10:14:24.590294,Success,
965,850,1,2026-02-22 10:42:12.338427,Success,
966,851,1,2026-02-23 21:51:48.662337,Success,
967,852,1,2026-02-24 05:55:16.538957,Success,
968,853,1,2026-02-24 09:42:38.678375,Failed,None
969,853,2,2026-02-24 11:13:58.515133,Success,
970,854,1,2026-02-24 05:46:36.379947,Success,
971,855,1,2026-02-24 05:13:53.253181,Success,
972,856,1,2026-02-25 05:36:13.679610,Success,
973,857,1,2026-02-22 23:22:46.764647,Success,
974,858,1,2026-02-23 03:41:24.810192,Success,
975,859,1,2026-02-23 15:04:45.740171,Success,
976,860,1,2026-02-24 18:38:23.900969,Success,
977,861,1,2026-02-23 06:59:37.691880,Success,
978,862,1,2026-02-25 02:04:29.082946,Success,
979,863,1,2026-02-26 20:07:41.060592,Failed,Address Issue
980,863,2,2026-02-26 21:53:10.442263,Success,
981,864,1,2026-02-23 22:58:54.168001,Success,
982,865,1,2026-02-25 08:34:30.469154,Success,
983,866,1,2026-02-25 21:59:29.049817,Success,
984,867,1,2026-02-24 08:23:15.019404,Success,
985,868,1,2026-02-23 01:00:41.831109,Failed,None
986,868,2,2026-02-23 03:01:55.229377,Success,
987,869,1,2026-02-25 07:24:27.576461,Success,
988,870,1,2026-02-25 14:28:10.620509,Failed,Address Issue
989,870,2,2026-02-25 17:03:13.543162,Success,
990,871,1,2026-02-24 22:19:27.394332,Failed,None
991,871,2,2026-02-24 22:44:59.129293,Success,
992,872,1,2026-02-24 04:40:57.495859,Success,
993,873,1,2026-02-26 07:21:54.011329,Failed,None
994,873,2,2026-02-26 09:53:36.187439,Success,
995,874,1,2026-02-26 03:27:16.683893,Success,
996,875,1,2026-02-26 04:54:28.972021,Failed,None
997,875,2,2026-02-26 06:20:44.941426,Success,
998,876,1,2026-02-23 23:02:02.528086,Success,
999,877,1,2026-02-23 15:02:33.086464,Success,
1000,878,1,2026-02-23 13:32:09.770758,Success,
1001,879,1,2026-02-25 18:48:42.259959,Success,
1002,880,1,2026-02-26 05:05:11.204511,Success,
1003,881,1,2026-02-26 04:12:55.510463,Success,
1004,882,1,2026-02-23 11:58:07.353653,Success,
1005,883,1,2026-02-25 13:59:32.944958,Failed,Address Issue
1006,883,2,2026-02-25 15:28:08.522312,Success,
1007,884,1,2026-02-25 23:28:10.261572,Success,
1008,885,1,2026-02-24 06:16:46.673805,Success,
1009,886,1,2026-02-24 08:54:25.953442,Success,
1010,887,1,2026-02-24 05:12:40.524349,Failed,None
1011,887,2,2026-02-24 08:12:01.500971,Success,
1012,888,1,2026-02-28 05:33:31.116810,Success,
1013,889,1,2026-02-25 22:00:53.364925,Success,
1014,890,1,2026-02-25 18:04:07.754659,Success,
1015,891,1,2026-02-26 06:11:07.200593,Success,
1016,892,1,2026-02-27 04:20:01.649736,Success,
1017,893,1,2026-02-24 14:42:54.508131,Success,
1018,894,1,2026-02-27 12:03:14.848795,Failed,Carrier Capacity
1019,894,2,2026-02-27 12:43:16.274981,Success,
1020,895,1,2026-02-28 12:05:17.456288,Success,
1021,896,1,2026-02-24 20:33:35.729135,Failed,None
1022,896,2,2026-02-24 23:13:35.019316,Success,
1023,897,1,2026-02-25 20:54:29.795483,Success,
1024,898,1,2026-02-26 23:56:10.522369,Success,
1025,899,1,2026-02-27 01:06:02.475669,Failed,Address Issue
1026,900,1,2026-02-24 12:02:36.030886,Success,
1027,901,1,2026-02-25 13:57:14.919967,Success,
1028,902,1,2026-02-27 05:27:25.120270,Success,
1029,903,1,2026-02-27 09:33:15.898531,Success,
1030,904,1,2026-02-25 15:59:32.511993,Success,
1031,905,1,2026-02-26 20:41:38.536155,Success,
1032,906,1,2026-03-01 03:35:53.512067,Success,
1033,907,1,2026-02-26 06:11:32.100888,Success,
1034,908,1,2026-02-26 12:47:33.148868,Success,
1035,909,1,2026-02-28 04:44:58.821259,Success,
1036,910,1,2026-02-26 12:47:32.707277,Success,
1037,911,1,2026-02-26 02:15:29.337284,Success,
1038,912,1,2026-03-01 05:32:35.023200,Success,
1039,913,1,2026-02-28 06:40:39.402447,Success,
1040,914,1,2026-02-26 08:59:18.495003,Success,
1041,915,1,2026-02-26 14:18:02.661289,Success,
1042,916,1,2026-02-28 15:12:07.964663,Success,
1043,917,1,2026-02-28 14:14:04.667497,Success,
1044,918,1,2026-02-26 01:36:26.791740,Success,
1045,919,1,2026-02-26 15:32:36.666204,Failed,None
1046,919,2,2026-02-26 17:55:44.215625,Success,
1047,920,1,2026-02-26 14:10:44.667516,Failed,Address Issue
1048,921,1,2026-02-28 01:05:14.910269,Failed,None
1049,921,2,2026-02-28 02:56:24.818637,Success,
1050,922,1,2026-02-27 08:06:34.925446,Success,
1051,923,1,2026-02-26 11:51:49.258502,Success,
1052,924,1,2026-02-28 05:40:39.867865,Success,
1053,925,1,2026-03-02 03:18:06.736670,Success,
1054,926,1,2026-02-27 08:29:46.281612,Success,
1055,927,1,2026-02-27 19:07:15.709418,Success,
1056,928,1,2026-02-28 16:59:21.278137,Success,
1057,929,1,2026-02-27 04:58:34.021557,Success,
1058,930,1,2026-03-01 08:00:03.868358,Success,
1059,931,1,2026-02-27 11:25:42.802837,Success,
1060,932,1,2026-02-26 06:46:53.251781,Success,
1061,933,1,2026-02-28 12:38:21.032720,Success,
1062,934,1,2026-03-01 05:54:58.136239,Failed,None
1063,934,2,2026-03-01 09:43:34.689736,Success,
1064,935,1,2026-02-27 08:14:35.765030,Success,
1065,936,1,2026-02-28 21:24:08.218288,Success,
1066,937,1,2026-02-27 15:20:38.752054,Success,
1067,938,1,2026-02-27 16:09:48.280248,Success,
1068,939,1,2026-03-01 20:32:43.989360,Failed,Customer Unavailable
1069,939,2,2026-03-01 22:34:00.026870,Success,
1070,940,1,2026-02-28 19:31:51.658289,Success,
1071,941,1,2026-02-26 23:14:36.199488,Success,
1072,942,1,2026-02-28 23:07:38.620506,Success,
1073,943,1,2026-03-01 12:57:38.041708,Success,
1074,944,1,2026-02-27 03:56:45.974052,Success,
1075,945,1,2026-03-04 05:35:29.869030,Success,
1076,946,1,2026-03-03 10:31:21.148625,Failed,Address Issue
1077,946,2,2026-03-03 13:59:23.622267,Success,
1078,947,1,2026-03-02 06:02:59.252927,Success,
1079,948,1,2026-02-28 04:15:00.980946,Success,
1080,949,1,2026-03-02 11:40:06.597295,Success,
1081,950,1,2026-03-01 23:04:57.445586,Success,
1082,951,1,2026-03-02 06:11:19.021090,Success,
1083,952,1,2026-03-02 09:15:37.674927,Success,
1084,953,1,2026-03-01 14:22:30.686423,Failed,Weather
1085,953,2,2026-03-01 16:19:53.328431,Success,
1086,954,1,2026-03-01 23:57:57.210517,Success,
1087,955,1,2026-02-27 16:52:33.645123,Success,
1088,956,1,2026-02-27 23:57:55.905870,Failed,None
1089,956,2,2026-02-28 03:35:04.019217,Success,
1090,957,1,2026-03-02 02:37:02.341195,Success,
1091,958,1,2026-03-01 13:50:56.362134,Success,
1092,959,1,2026-02-28 11:37:35.692880,Success,
1093,960,1,2026-03-03 07:36:27.066883,Failed,Hub Congestion
1094,961,1,2026-02-28 01:50:47.943101,Success,
1095,962,1,2026-03-02 01:01:38.001093,Success,
1096,963,1,2026-03-02 04:10:06.331037,Success,
1097,964,1,2026-03-01 00:23:33.081876,Failed,None
1098,964,2,2026-03-01 02:50:42.097817,Success,
1099,965,1,2026-03-02 23:50:04.855145,Success,
1100,966,1,2026-02-28 09:49:53.179906,Success,
1101,967,1,2026-03-02 15:41:57.681982,Success,
1102,968,1,2026-03-01 18:40:48.493279,Success,
1103,969,1,2026-03-03 20:52:31.202352,Success,
1104,970,1,2026-03-01 09:13:15.014902,Success,
1105,971,1,2026-03-02 00:52:18.156085,Success,
1106,972,1,2026-03-01 09:11:39.754449,Success,
1107,973,1,2026-02-28 11:31:34.769986,Success,
1108,974,1,2026-03-01 16:40:18.751749,Success,
1109,975,1,2026-03-04 08:18:04.018385,Success,
1110,976,1,2026-03-02 14:04:30.246491,Success,
1111,977,1,2026-03-02 16:12:04.080309,Success,
1112,978,1,2026-03-03 20:52:17.822083,Success,
1113,979,1,2026-03-03 07:14:27.695809,Failed,Address Issue
1114,979,2,2026-03-03 09:38:31.413644,Success,
1115,980,1,2026-03-02 06:50:47.782335,Success,
1116,981,1,2026-03-01 05:29:52.406279,Success,
1117,982,1,2026-03-03 18:22:13.090523,Success,
1118,983,1,2026-03-04 05:56:10.679360,Success,
1119,984,1,2026-03-04 02:05:56.949357,Success,
1120,985,1,2026-03-04 11:57:59.233342,Success,
1121,986,1,2026-03-02 15:57:18.969902,Failed,Customer Unavailable
1122,986,2,2026-03-02 19:04:08.907536,Success,
1123,987,1,2026-03-01 12:44:27.888891,Success,
1124,988,1,2026-03-03 23:38:18.824845,Success,
1125,989,1,2026-03-04 02:17:37.084632,Success,
1126,990,1,2026-03-04 08:11:06.653689,Success,
1127,991,1,2026-03-03 18:00:10.870386,Success,
1128,992,1,2026-03-05 11:20:34.124425,Success,
1129,993,1,2026-03-03 06:14:46.881742,Success,
1130,994,1,2026-03-05 02:05:06.815278,Success,
1131,995,1,2026-03-05 00:11:59.252609,Success,
1132,996,1,2026-03-04 23:29:47.547792,Success,
1133,997,1,2026-03-04 23:01:04.808083,Success,
1134,998,1,2026-03-03 10:20:41.628685,Failed,None
1135,998,2,2026-03-03 14:18:06.180343,Success,
1136,999,1,2026-03-03 12:55:50.735230,Success,
1137,1000,1,2026-03-02 21:16:45.801442,Failed,Address Issue
1138,1001,1,2026-03-05 00:20:01.780492,Success,
1139,1002,1,2026-03-05 08:27:53.758100,Success,
1140,1003,1,2026-03-05 05:07:15.690393,Success,
1141,1004,1,2026-03-05 00:56:40.977838,Success,
1142,1005,1,2026-03-04 19:06:26.732821,Success,
1143,1006,1,2026-03-03 17:51:15.985962,Success,
1144,1007,1,2026-03-05 06:35:20.592732,Success,
1145,1008,1,2026-03-03 15:54:40.225109,Success,
1146,1009,1,2026-03-04 15:55:25.422836,Success,
1147,1010,1,2026-03-03 12:46:28.737086,Success,
1148,1011,1,2026-03-05 06:12:25.647913,Success,
1149,1012,1,2026-03-03 07:04:21.896415,Failed,None
1150,1012,2,2026-03-03 07:31:21.913777,Success,
1151,1013,1,2026-03-07 01:37:07.105601,Success,
1152,1014,1,2026-03-06 18:50:01.169814,Failed,Customer Unavailable
1153,1014,2,2026-03-06 20:26:25.923566,Success,
1154,1015,1,2026-03-06 06:15:58.094442,Success,
1155,1016,1,2026-03-05 18:08:02.306287,Success,
1156,1017,1,2026-03-04 03:54:48.176206,Success,
1157,1018,1,2026-03-06 12:01:32.852662,Success,
1158,1019,1,2026-03-07 18:11:03.953694,Failed,Hub Congestion
1159,1019,2,2026-03-07 19:53:35.003327,Success,
1160,1020,1,2026-03-04 18:11:48.357001,Success,
1161,1021,1,2026-03-05 23:11:45.614272,Success,
1162,1022,1,2026-03-04 14:50:11.859571,Success,
1163,1023,1,2026-03-06 09:08:47.492232,Success,
1164,1024,1,2026-03-05 12:23:36.990494,Failed,None
1165,1024,2,2026-03-05 15:36:03.422597,Success,
1166,1025,1,2026-03-04 06:02:44.631299,Failed,None
1167,1025,2,2026-03-04 07:23:28.635851,Success,
1168,1026,1,2026-03-05 19:40:36.742956,Success,
1169,1027,1,2026-03-06 00:41:47.949715,Success,
1170,1028,1,2026-03-04 10:57:41.245392,Success,
1171,1029,1,2026-03-05 20:38:29.961448,Success,
1172,1030,1,2026-03-04 13:19:54.709119,Failed,Address Issue
1173,1031,1,2026-03-07 04:49:23.808254,Success,
1174,1032,1,2026-03-05 10:19:41.148684,Success,
1175,1033,1,2026-03-07 11:28:14.290728,Success,
1176,1034,1,2026-03-07 00:13:02.816350,Success,
1177,1035,1,2026-03-07 05:21:17.757140,Success,
1178,1036,1,2026-03-06 20:07:55.289211,Success,
1179,1037,1,2026-03-08 08:42:31.192715,Success,
1180,1038,1,2026-03-06 18:01:54.092378,Success,
1181,1039,1,2026-03-05 12:42:26.582962,Success,
1182,1040,1,2026-03-05 12:36:50.968420,Success,
1183,1041,1,2026-03-05 14:32:29.659168,Success,
1184,1042,1,2026-03-07 03:56:46.385040,Success,
1185,1043,1,2026-03-06 23:09:49.238975,Success,
1186,1044,1,2026-03-06 23:28:53.165231,Success,
1187,1045,1,2026-03-05 03:51:06.874985,Success,
1188,1046,1,2026-03-05 14:04:11.383109,Success,
1189,1047,1,2026-03-06 22:11:34.736585,Success,
1190,1048,1,2026-03-08 05:01:36.037070,Success,
1191,1049,1,2026-03-06 13:40:52.394618,Success,
1192,1050,1,2026-03-06 10:49:51.662080,Success,
1193,1051,1,2026-03-05 13:10:07.953390,Success,
1194,1052,1,2026-03-06 17:36:01.900535,Success,
1195,1053,1,2026-03-08 00:22:34.709535,Success,
1196,1054,1,2026-03-08 10:00:52.024335,Success,
1197,1055,1,2026-03-07 20:09:08.535256,Success,
1198,1056,1,2026-03-06 03:02:51.120696,Success,
1199,1057,1,2026-03-06 09:39:09.566155,Success,
1200,1058,1,2026-03-07 19:11:52.470617,Success,
1201,1059,1,2026-03-07 15:40:09.037453,Success,
1202,1060,1,2026-03-07 13:41:57.224526,Failed,None
1203,1060,2,2026-03-07 17:20:52.607590,Success,
1204,1061,1,2026-03-08 19:50:44.801074,Success,
1205,1062,1,2026-03-08 04:09:17.874644,Success,
1206,1063,1,2026-03-09 12:33:29.317833,Success,
1207,1064,1,2026-03-07 07:52:09.310002,Success,
1208,1065,1,2026-03-09 04:45:00.097047,Success,
1209,1066,1,2026-03-09 01:24:09.510730,Success,
1210,1067,1,2026-03-06 10:43:50.392060,Success,
1211,1068,1,2026-03-06 19:12:48.974431,Success,
1212,1069,1,2026-03-06 18:31:03.626721,Success,
1213,1070,1,2026-03-07 16:20:51.316952,Success,
1214,1071,1,2026-03-09 10:51:33.607454,Success,
1215,1072,1,2026-03-09 08:20:14.412094,Success,
1216,1073,1,2026-03-06 10:37:00.358529,Success,
1217,1074,1,2026-03-09 21:57:14.413678,Success,
1218,1075,1,2026-03-09 12:48:21.876047,Success,
1219,1076,1,2026-03-09 16:51:03.479824,Success,
1220,1077,1,2026-03-07 19:48:18.838996,Success,
1221,1078,1,2026-03-08 13:01:11.256032,Success,
1222,1079,1,2026-03-08 14:48:40.974649,Success,
1223,1080,1,2026-03-08 03:17:03.701628,Success,
1224,1081,1,2026-03-08 07:47:14.791093,Failed,None
1225,1081,2,2026-03-08 10:06:45.202855,Success,
1226,1082,1,2026-03-10 01:04:44.378424,Success,
1227,1083,1,2026-03-12 08:14:03.226231,Success,
1228,1084,1,2026-03-10 00:00:03.067960,Success,
1229,1085,1,2026-03-08 09:01:38.200066,Failed,None
1230,1085,2,2026-03-08 10:06:00.883680,Success,
1231,1086,1,2026-03-08 08:13:43.750271,Success,
1232,1087,1,2026-03-07 15:35:40.553979,Success,
1233,1088,1,2026-03-10 01:44:53.507195,Success,
1234,1089,1,2026-03-08 03:46:03.796564,Success,
1235,1090,1,2026-03-08 11:12:12.500950,Success,
1236,1091,1,2026-03-08 15:08:22.228617,Success,
1237,1092,1,2026-03-08 08:41:05.742224,Success,
1238,1093,1,2026-03-11 07:40:20.457646,Success,
1239,1094,1,2026-03-08 12:54:47.810711,Success,
1240,1095,1,2026-03-11 00:43:38.215593,Failed,None
1241,1095,2,2026-03-11 02:02:26.524193,Success,
1242,1096,1,2026-03-08 07:18:54.453217,Success,
1243,1097,1,2026-03-11 03:37:54.880254,Success,
1244,1098,1,2026-03-08 03:05:52.741658,Success,
1245,1099,1,2026-03-09 03:15:23.386499,Success,
1246,1100,1,2026-03-10 19:52:07.754303,Success,
1247,1101,1,2026-03-09 08:33:34.945774,Success,
1248,1102,1,2026-03-11 06:05:40.799418,Success,
1249,1103,1,2026-03-10 21:04:04.493484,Success,
1250,1104,1,2026-03-11 01:14:36.587959,Success,
1251,1105,1,2026-03-09 08:40:35.702955,Success,
1252,1106,1,2026-03-09 09:57:31.026338,Success,
1253,1107,1,2026-03-12 03:52:43.684111,Success,
1254,1108,1,2026-03-09 14:23:47.010502,Success,
1255,1109,1,2026-03-10 16:01:13.230763,Success,
1256,1110,1,2026-03-12 02:21:33.287945,Success,
1257,1111,1,2026-03-10 07:12:53.058433,Success,
1258,1112,1,2026-03-11 23:39:01.914540,Success,
1259,1113,1,2026-03-10 09:59:19.150584,Success,
1260,1114,1,2026-03-09 10:39:49.160234,Success,
1261,1115,1,2026-03-09 14:15:09.347081,Success,
1262,1116,1,2026-03-12 11:16:56.630300,Success,
1263,1117,1,2026-03-12 07:18:17.178670,Success,
1264,1118,1,2026-03-11 18:56:51.587451,Success,
1265,1119,1,2026-03-12 09:40:58.137156,Success,
1266,1120,1,2026-03-11 16:10:39.323652,Success,
1267,1121,1,2026-03-12 04:34:36.107527,Success,
1268,1122,1,2026-03-12 16:02:59.018486,Success,
1269,1123,1,2026-03-10 13:32:09.479380,Success,
1270,1124,1,2026-03-12 10:11:38.626983,Success,
1271,1125,1,2026-03-11 14:57:04.077735,Failed,Customer Unavailable
1272,1126,1,2026-03-13 03:02:15.184104,Success,
1273,1127,1,2026-03-10 21:07:56.476641,Failed,None
1274,1127,2,2026-03-10 23:43:59.012512,Success,
1275,1128,1,2026-03-11 11:33:16.913421,Success,
1276,1129,1,2026-03-12 07:44:40.861413,Failed,Weather
1277,1130,1,2026-03-12 09:41:41.349864,Failed,Customer Unavailable
1278,1130,2,2026-03-12 10:18:38.245765,Success,
1279,1131,1,2026-03-10 12:08:31.608787,Success,
1280,1132,1,2026-03-11 08:23:51.090832,Success,
1281,1133,1,2026-03-11 17:51:04.628404,Success,
1282,1134,1,2026-03-13 03:27:01.911255,Failed,None
1283,1134,2,2026-03-13 04:56:53.664908,Success,
1284,1135,1,2026-03-10 17:59:09.114974,Success,
1285,1136,1,2026-03-11 00:22:00.382714,Success,
1286,1137,1,2026-03-11 13:40:32.253819,Success,
1287,1138,1,2026-03-14 06:14:04.277792,Success,
1288,1139,1,2026-03-12 12:26:17.182822,Success,
1289,1140,1,2026-03-11 06:44:25.586262,Success,
1290,1141,1,2026-03-12 19:51:30.319831,Success,
1291,1142,1,2026-03-12 05:30:01.106060,Success,
1292,1143,1,2026-03-14 02:17:32.817924,Success,
1293,1144,1,2026-03-13 15:30:50.851861,Success,
1294,1145,1,2026-03-14 00:02:44.146585,Failed,None
1295,1145,2,2026-03-14 02:01:25.998135,Success,
1296,1146,1,2026-03-12 08:13:45.934004,Success,
1297,1147,1,2026-03-11 11:48:12.602092,Success,
1298,1148,1,2026-03-12 22:41:09.717747,Failed,Address Issue
1299,1148,2,2026-03-12 23:08:35.007331,Success,
1300,1149,1,2026-03-12 06:34:13.437960,Success,
1301,1150,1,2026-03-12 01:28:30.033034,Success,
1302,1151,1,2026-03-14 13:07:40.731275,Success,
1303,1152,1,2026-03-14 21:14:10.728262,Success,
1304,1153,1,2026-03-13 18:55:12.803845,Success,
1305,1154,1,2026-03-14 20:16:09.032556,Success,
1306,1155,1,2026-03-14 21:01:37.660077,Success,
1307,1156,1,2026-03-13 22:30:13.177509,Failed,Address Issue
1308,1156,2,2026-03-14 01:31:21.303606,Success,
1309,1157,1,2026-03-15 07:48:00.633469,Success,
1310,1158,1,2026-03-14 13:19:28.994647,Success,
1311,1159,1,2026-03-13 10:15:46.768951,Success,
1312,1160,1,2026-03-13 19:52:05.154895,Success,
1313,1161,1,2026-03-13 03:05:51.254962,Success,
1314,1162,1,2026-03-14 23:46:42.015091,Failed,Address Issue
1315,1163,1,2026-03-17 04:53:29.837553,Success,
1316,1164,1,2026-03-14 18:00:04.942925,Success,
1317,1165,1,2026-03-15 21:33:21.865634,Success,
1318,1166,1,2026-03-16 12:28:44.036880,Success,
1319,1167,1,2026-03-17 09:02:05.507926,Success,
1320,1168,1,2026-03-16 13:32:42.114415,Success,
1321,1169,1,2026-03-14 09:13:05.353723,Failed,Address Issue
1322,1170,1,2026-03-15 00:32:35.045180,Success,
1323,1171,1,2026-03-16 08:59:39.731023,Success,
1324,1172,1,2026-03-18 02:08:20.283225,Success,
1325,1173,1,2026-03-13 23:30:47.588993,Failed,None
1326,1173,2,2026-03-14 01:54:49.103340,Success,
1327,1174,1,2026-03-16 03:23:30.924371,Success,
1328,1175,1,2026-03-14 13:06:56.881485,Success,
1329,1176,1,2026-03-16 02:49:40.490321,Success,
1330,1177,1,2026-03-15 17:18:38.846652,Success,
1331,1178,1,2026-03-14 16:06:29.625170,Success,
1332,1179,1,2026-03-17 04:20:49.416612,Success,
1333,1180,1,2026-03-14 10:57:57.090970,Success,
1334,1181,1,2026-03-17 15:10:46.197138,Success,
1335,1182,1,2026-03-17 07:56:02.908146,Success,
1336,1183,1,2026-03-15 00:34:41.123224,Success,
1337,1184,1,2026-03-15 09:32:35.609453,Failed,Address Issue
1338,1185,1,2026-03-17 02:38:16.736775,Success,
1339,1186,1,2026-03-15 12:23:57.305771,Failed,None
1340,1186,2,2026-03-15 14:29:04.986364,Success,
1341,1187,1,2026-03-17 15:27:34.804871,Success,
1342,1188,1,2026-03-15 22:35:28.437917,Success,
1343,1189,1,2026-03-14 12:20:40.639701,Success,
1344,1190,1,2026-03-15 11:44:54.478397,Success,
1345,1191,1,2026-03-15 15:56:49.614148,Success,
1346,1192,1,2026-03-15 08:47:37.494625,Success,
1347,1193,1,2026-03-14 23:55:26.357151,Success,
1348,1194,1,2026-03-15 19:25:24.350132,Failed,None
1349,1194,2,2026-03-15 23:14:16.596799,Success,
1350,1195,1,2026-03-16 05:17:38.746424,Success,
1351,1196,1,2026-03-17 22:51:39.559252,Success,
1352,1197,1,2026-03-16 10:25:51.322140,Success,
1353,1198,1,2026-03-16 01:42:54.748951,Success,
1354,1199,1,2026-03-19 06:41:46.460177,Success,
1355,1200,1,2026-03-17 21:20:15.914976,Success,
1356,1201,1,2026-03-16 07:16:12.624525,Success,
1357,1202,1,2026-03-15 17:31:03.297239,Success,
1358,1203,1,2026-03-16 15:45:09.395554,Success,
1359,1204,1,2026-03-18 02:40:56.700797,Failed,Address Issue
1360,1205,1,2026-03-18 02:03:24.932501,Success,
1361,1206,1,2026-03-16 14:45:14.614220,Failed,None
1362,1206,2,2026-03-16 16:13:44.221328,Success,
1363,1207,1,2026-03-20 08:36:04.363369,Success,
1364,1208,1,2026-03-15 18:35:49.085277,Success,
1365,1209,1,2026-03-17 18:18:37.175451,Success,
1366,1210,1,2026-03-19 06:08:06.559397,Success,
1367,1211,1,2026-03-16 12:10:12.728823,Success,
1368,1212,1,2026-03-20 10:49:43.339929,Success,
1369,1213,1,2026-03-19 03:35:25.333950,Failed,None
1370,1213,2,2026-03-19 07:20:11.058327,Success,
1371,1214,1,2026-03-17 17:45:58.086403,Success,
1372,1215,1,2026-03-18 23:20:32.383135,Success,
1373,1216,1,2026-03-16 12:55:15.799373,Success,
1374,1217,1,2026-03-17 15:15:44.977903,Success,
1375,1218,1,2026-03-17 01:53:33.793588,Success,
1376,1219,1,2026-03-16 20:14:18.797798,Success,
1377,1220,1,2026-03-19 10:07:39.824626,Success,
1378,1221,1,2026-03-17 01:52:18.329624,Success,
1379,1222,1,2026-03-16 16:17:26.417032,Success,
1380,1223,1,2026-03-19 03:42:04.391122,Success,
1381,1224,1,2026-03-17 21:35:14.657820,Failed,Address Issue
1382,1224,2,2026-03-18 01:06:27.391609,Success,
1383,1225,1,2026-03-17 10:04:59.272530,Failed,None
1384,1225,2,2026-03-17 12:36:56.623532,Success,
1385,1226,1,2026-03-18 17:04:57.062411,Success,
1386,1227,1,2026-03-18 18:38:35.943196,Success,
1387,1228,1,2026-03-17 07:17:45.060284,Success,
1388,1229,1,2026-03-17 13:22:16.944060,Success,
1389,1230,1,2026-03-19 15:56:10.440186,Success,
1390,1231,1,2026-03-21 02:13:09.972268,Success,
1391,1232,1,2026-03-18 05:16:21.178718,Success,
1392,1233,1,2026-03-18 12:22:17.194465,Success,
1393,1234,1,2026-03-17 17:02:20.526086,Success,
1394,1235,1,2026-03-17 21:30:31.955078,Failed,None
1395,1235,2,2026-03-18 01:16:45.029336,Success,
1396,1236,1,2026-03-20 04:22:39.265975,Success,
1397,1237,1,2026-03-21 13:26:44.717052,Success,
1398,1238,1,2026-03-18 09:25:05.768911,Success,
1399,1239,1,2026-03-20 11:59:31.727907,Success,
1400,1240,1,2026-03-18 07:25:05.647590,Success,
1401,1241,1,2026-03-19 15:06:22.674771,Success,
1402,1242,1,2026-03-22 01:36:34.618050,Success,
1403,1243,1,2026-03-18 06:10:42.024522,Success,
1404,1244,1,2026-03-17 21:12:52.454916,Success,
1405,1245,1,2026-03-22 07:36:17.758038,Failed,Carrier Capacity
1406,1245,2,2026-03-22 10:00:44.669216,Success,
1407,1246,1,2026-03-19 18:56:27.178001,Success,
1408,1247,1,2026-03-20 06:59:30.959686,Success,
1409,1248,1,2026-03-19 12:51:05.354511,Failed,None
1410,1248,2,2026-03-19 14:41:36.428011,Success,
1411,1249,1,2026-03-20 21:54:01.376460,Success,
1412,1250,1,2026-03-21 12:36:42.616131,Success,
1413,1251,1,2026-03-21 05:24:14.103191,Success,
1414,1252,1,2026-03-20 20:23:33.088092,Failed,None
1415,1252,2,2026-03-20 20:54:12.502501,Success,
1416,1253,1,2026-03-21 05:04:45.871674,Success,
1417,1254,1,2026-03-19 14:04:14.938055,Success,
1418,1255,1,2026-03-19 14:03:47.477437,Success,
1419,1256,1,2026-03-19 19:47:27.016502,Success,
1420,1257,1,2026-03-19 07:15:38.041970,Failed,None
1421,1257,2,2026-03-19 07:44:07.657940,Success,
1422,1258,1,2026-03-22 22:18:36.821952,Failed,Customer Unavailable
1423,1258,2,2026-03-23 00:42:22.333830,Success,
1424,1259,1,2026-03-19 07:19:52.990427,Failed,None
1425,1259,2,2026-03-19 10:38:08.933252,Success,
1426,1260,1,2026-03-19 16:33:35.514415,Success,
1427,1261,1,2026-03-20 22:20:37.006103,Success,
1428,1262,1,2026-03-22 22:00:50.982137,Success,
1429,1263,1,2026-03-18 10:50:03.471232,Success,
1430,1264,1,2026-03-21 02:07:37.035707,Success,
1431,1265,1,2026-03-18 20:47:49.203211,Success,
1432,1266,1,2026-03-21 11:16:01.662420,Success,
1433,1267,1,2026-03-21 15:14:06.350015,Failed,None
1434,1267,2,2026-03-21 16:31:40.233956,Success,
1435,1268,1,2026-03-19 13:27:42.067608,Failed,None
1436,1268,2,2026-03-19 14:00:03.945094,Success,
1437,1269,1,2026-03-21 23:41:00.739833,Success,
1438,1270,1,2026-03-21 15:06:55.505509,Success,
1439,1271,1,2026-03-19 16:23:58.745837,Failed,Address Issue
1440,1272,1,2026-03-21 01:56:29.092403,Success,
1441,1273,1,2026-03-20 07:27:37.615648,Success,
1442,1274,1,2026-03-20 10:52:09.634178,Success,
1443,1275,1,2026-03-22 13:54:26.299816,Success,
1444,1276,1,2026-03-22 21:31:13.461915,Success,
1445,1277,1,2026-03-20 16:39:33.271662,Success,
1446,1278,1,2026-03-20 14:42:37.891179,Success,
1447,1279,1,2026-03-22 01:41:28.124501,Success,
1448,1280,1,2026-03-21 10:54:07.148063,Success,
1449,1281,1,2026-03-22 11:20:34.416404,Success,
1450,1282,1,2026-03-20 05:15:11.035206,Success,
1451,1283,1,2026-03-22 10:54:09.668234,Success,
1452,1284,1,2026-03-23 10:01:32.692750,Success,
1453,1285,1,2026-03-21 07:25:39.634229,Success,
1454,1286,1,2026-03-23 09:24:54.399290,Success,
1455,1287,1,2026-03-21 00:02:46.299627,Failed,None
1456,1287,2,2026-03-21 02:44:48.146371,Success,
1457,1288,1,2026-03-20 18:41:28.840797,Success,
1458,1289,1,2026-03-21 04:48:46.680379,Success,
1459,1290,1,2026-03-23 02:50:08.793197,Success,
1460,1291,1,2026-03-22 18:04:17.719230,Success,
1461,1292,1,2026-03-21 01:35:22.377454,Success,
1462,1293,1,2026-03-20 21:11:25.232043,Success,
1463,1294,1,2026-03-22 22:17:55.355605,Success,
1464,1295,1,2026-03-21 09:17:36.914356,Success,
1465,1296,1,2026-03-25 15:46:12.357399,Failed,Vehicle Breakdown
1466,1296,2,2026-03-25 19:36:01.767154,Success,
1467,1297,1,2026-03-21 06:07:44.617951,Failed,None
1468,1297,2,2026-03-21 08:40:10.776738,Success,
1469,1298,1,2026-03-23 08:55:02.710430,Success,
1470,1299,1,2026-03-21 20:13:13.706308,Failed,None
1471,1299,2,2026-03-21 21:00:28.644875,Success,
1472,1300,1,2026-03-23 01:18:53.403446,Success,
1473,1301,1,2026-03-21 07:43:26.004063,Success,
1474,1302,1,2026-03-20 13:11:52.456372,Success,
1475,1303,1,2026-03-22 12:35:14.004656,Success,
1476,1304,1,2026-03-21 12:05:17.577998,Success,
1477,1305,1,2026-03-24 08:26:51.374176,Success,
1478,1306,1,2026-03-22 18:37:38.765280,Success,
1479,1307,1,2026-03-21 06:23:40.929275,Success,
1480,1308,1,2026-03-24 06:02:56.005105,Success,
1481,1309,1,2026-03-21 10:49:33.904840,Success,
1482,1310,1,2026-03-22 14:16:49.923664,Success,
1483,1311,1,2026-03-24 13:37:56.929221,Success,
1484,1312,1,2026-03-23 17:32:21.037991,Success,
1485,1313,1,2026-03-24 03:02:16.707167,Success,
1486,1314,1,2026-03-22 12:41:04.382088,Success,
1487,1315,1,2026-03-23 23:21:46.100395,Success,
1488,1316,1,2026-03-25 15:18:07.246429,Success,
1489,1317,1,2026-03-21 09:35:18.179372,Success,
1490,1318,1,2026-03-22 20:43:10.192048,Success,
1491,1319,1,2026-03-24 09:53:26.957123,Success,
1492,1320,1,2026-03-23 14:34:37.169150,Success,
1493,1321,1,2026-03-25 16:04:15.949937,Success,
1494,1322,1,2026-03-25 08:52:48.776550,Success,
1495,1323,1,2026-03-24 19:09:25.634035,Success,
1496,1324,1,2026-03-22 06:09:18.424233,Success,
1497,1325,1,2026-03-26 20:19:50.430718,Failed,Customer Unavailable
1498,1325,2,2026-03-26 22:02:00.929584,Success,
1499,1326,1,2026-03-22 21:34:39.655922,Success,
1500,1327,1,2026-03-23 06:00:57.569131,Success,
1501,1328,1,2026-03-25 08:08:22.790398,Success,
1502,1329,1,2026-03-24 07:29:26.379851,Failed,Hub Congestion
1503,1329,2,2026-03-24 08:29:16.524168,Success,
1504,1330,1,2026-03-25 16:37:37.657888,Failed,Address Issue
1505,1330,2,2026-03-25 17:59:14.140759,Success,
1506,1331,1,2026-03-23 09:01:05.148223,Success,
1507,1332,1,2026-03-25 01:47:28.115147,Success,
1508,1333,1,2026-03-25 11:24:37.624849,Success,
1509,1334,1,2026-03-25 02:10:16.782912,Success,
1510,1335,1,2026-03-26 02:20:53.293900,Success,
1511,1336,1,2026-03-25 00:48:23.352838,Success,
1512,1337,1,2026-03-25 23:42:55.344415,Success,
1513,1338,1,2026-03-24 00:53:43.013883,Success,
1514,1339,1,2026-03-24 07:03:44.162081,Success,
1515,1340,1,2026-03-26 03:49:17.900594,Success,
1516,1341,1,2026-03-27 02:00:49.573350,Failed,Customer Unavailable
1517,1341,2,2026-03-27 02:43:08.709252,Success,
1518,1342,1,2026-03-26 11:39:32.106068,Success,
1519,1343,1,2026-03-26 01:17:55.670074,Success,
1520,1344,1,2026-03-25 16:02:26.242681,Failed,None
1521,1344,2,2026-03-25 19:56:16.933562,Success,
1522,1345,1,2026-03-25 22:13:11.469548,Success,
1523,1346,1,2026-03-24 04:25:18.519729,Failed,None
1524,1346,2,2026-03-24 07:04:13.003811,Success,
1525,1347,1,2026-03-26 03:56:44.090520,Success,
1526,1348,1,2026-03-26 00:36:18.262522,Success,
1527,1349,1,2026-03-24 06:50:44.970094,Success,
1528,1350,1,2026-03-26 11:51:30.023759,Success,
1529,1351,1,2026-03-26 02:03:15.044230,Success,
1530,1352,1,2026-03-27 18:29:48.610416,Success,
1531,1353,1,2026-03-26 06:39:23.809989,Success,
1532,1354,1,2026-03-24 04:55:39.964967,Success,
1533,1355,1,2026-03-26 15:47:59.800315,Failed,None
1534,1355,2,2026-03-26 18:03:40.400776,Success,
1535,1356,1,2026-03-25 06:26:36.453627,Success,
1536,1357,1,2026-03-26 17:38:29.568714,Success,
1537,1358,1,2026-03-28 19:56:52.295208,Success,
1538,1359,1,2026-03-25 02:31:56.501030,Success,
1539,1360,1,2026-03-27 18:00:56.086626,Failed,Address Issue
1540,1360,2,2026-03-27 19:43:07.379986,Success,
1541,1361,1,2026-03-27 01:34:24.529490,Success,
1542,1362,1,2026-03-25 17:28:24.588113,Success,
1543,1363,1,2026-03-25 10:38:29.419075,Failed,Address Issue
1544,1364,1,2026-03-24 13:04:06.333084,Success,
1545,1365,1,2026-03-26 14:25:14.172636,Success,
1546,1366,1,2026-03-27 09:25:39.246100,Success,
1547,1367,1,2026-03-27 21:45:57.169079,Success,
1548,1368,1,2026-03-26 06:17:32.315617,Success,
1549,1369,1,2026-03-28 05:11:55.452665,Success,
1550,1370,1,2026-03-29 10:50:08.530380,Success,
1551,1371,1,2026-03-27 14:58:10.393391,Failed,Weather
1552,1371,2,2026-03-27 15:40:23.913214,Success,
1553,1372,1,2026-03-28 08:59:02.795921,Success,
1554,1373,1,2026-03-28 04:56:13.417729,Success,
1555,1374,1,2026-03-30 10:24:31.181756,Failed,Vehicle Breakdown
1556,1374,2,2026-03-30 13:14:23.909140,Success,
1557,1375,1,2026-03-26 11:21:29.309999,Failed,None
1558,1375,2,2026-03-26 13:15:22.338578,Success,
1559,1376,1,2026-03-29 08:29:16.498438,Success,
1560,1377,1,2026-03-28 02:31:46.273319,Success,
1561,1378,1,2026-03-26 09:53:57.853793,Success,
1562,1379,1,2026-03-26 07:59:27.391120,Success,
1563,1380,1,2026-03-28 15:00:47.935992,Success,
1564,1381,1,2026-03-26 12:22:39.064201,Success,
1565,1382,1,2026-03-26 16:38:20.057500,Success,
1566,1383,1,2026-03-28 10:10:27.874060,Success,
1567,1384,1,2026-03-25 22:07:53.444258,Failed,None
1568,1384,2,2026-03-25 23:58:14.025740,Success,
1569,1385,1,2026-03-27 16:48:14.499445,Success,
1570,1386,1,2026-03-25 22:17:04.079478,Success,
1571,1387,1,2026-03-26 22:53:56.889819,Success,
1572,1388,1,2026-03-27 14:56:33.423498,Success,
1573,1389,1,2026-03-27 02:22:48.218522,Failed,None
1574,1389,2,2026-03-27 03:52:51.628327,Success,
1575,1390,1,2026-03-27 07:14:44.771650,Success,
1576,1391,1,2026-03-26 08:33:31.809823,Success,
1577,1392,1,2026-03-26 19:49:33.417849,Success,
1578,1393,1,2026-03-28 10:50:39.067873,Success,
1579,1394,1,2026-03-27 14:58:20.557974,Failed,Address Issue
1580,1395,1,2026-03-28 16:50:54.752825,Success,
1581,1396,1,2026-03-27 12:24:28.703781,Success,
1582,1397,1,2026-03-28 23:10:27.344742,Failed,None
1583,1397,2,2026-03-29 02:32:19.270697,Success,
1584,1398,1,2026-03-29 00:34:26.949540,Success,
1585,1399,1,2026-03-27 17:35:03.012089,Success,
1586,1400,1,2026-03-28 21:20:40.597598,Success,
1587,1401,1,2026-03-29 15:20:59.917620,Failed,Carrier Capacity
1588,1401,2,2026-03-29 17:31:51.245567,Success,
1589,1402,1,2026-03-30 02:28:46.432285,Success,
1590,1403,1,2026-03-30 05:34:59.549962,Success,
1591,1404,1,2026-03-28 14:02:11.729805,Success,
1592,1405,1,2026-03-28 14:49:40.180699,Success,
1593,1406,1,2026-03-30 08:47:34.641250,Success,
1594,1407,1,2026-03-30 13:17:47.603955,Success,
1595,1408,1,2026-03-27 21:31:27.296185,Success,
1596,1409,1,2026-03-30 07:26:50.588672,Success,
1597,1410,1,2026-03-30 08:39:34.402201,Success,
1598,1411,1,2026-03-30 08:53:43.937238,Success,
1599,1412,1,2026-03-30 08:48:44.502327,Success,
1600,1413,1,2026-03-28 05:43:29.759732,Success,
1601,1414,1,2026-03-31 02:08:38.916380,Failed,Hub Congestion
1602,1414,2,2026-03-31 04:25:04.482333,Success,
1603,1415,1,2026-03-29 19:01:12.015855,Success,
1604,1416,1,2026-03-31 20:39:24.811470,Failed,Carrier Capacity
1605,1417,1,2026-03-30 15:54:27.479602,Success,
1606,1418,1,2026-03-27 02:37:39.974912,Success,
1607,1419,1,2026-03-30 10:19:47.015324,Success,
1608,1420,1,2026-03-29 10:31:26.938274,Success,
1609,1421,1,2026-03-31 02:06:18.416414,Success,
1610,1422,1,2026-03-28 23:45:08.130076,Success,
1611,1423,1,2026-03-31 02:06:12.326588,Success,
1612,1424,1,2026-03-29 00:10:51.946701,Success,
1613,1425,1,2026-03-31 05:16:12.307241,Success,
1614,1426,1,2026-03-29 05:39:11.646792,Success,
1615,1427,1,2026-03-30 05:49:35.139004,Success,
1616,1428,1,2026-03-31 03:08:11.609683,Success,
1617,1429,1,2026-03-29 03:35:35.688794,Success,
1618,1430,1,2026-03-31 11:08:43.277555,Success,
1619,1431,1,2026-03-30 05:59:10.861975,Success,
1620,1432,1,2026-04-01 06:24:31.585793,Success,
1621,1433,1,2026-04-01 01:51:05.221730,Success,
1622,1434,1,2026-03-31 23:58:45.099779,Success,
1623,1435,1,2026-03-31 21:49:27.044849,Failed,Address Issue
1624,1436,1,2026-04-01 10:52:42.773479,Success,
1625,1437,1,2026-03-30 11:27:57.286022,Success,
1626,1438,1,2026-04-01 13:32:13.302678,Success,
1627,1439,1,2026-04-01 00:02:38.457370,Failed,None
1628,1439,2,2026-04-01 02:30:00.874906,Success,
1629,1440,1,2026-03-29 20:39:10.471171,Success,
1630,1441,1,2026-03-31 14:15:22.192687,Failed,None
1631,1441,2,2026-03-31 16:02:10.768492,Success,
1632,1442,1,2026-04-01 09:20:30.731401,Success,
1633,1443,1,2026-03-30 03:37:16.789596,Success,
1634,1444,1,2026-03-29 01:46:34.751751,Success,
1635,1445,1,2026-04-03 19:39:55.661857,Success,
1636,1446,1,2026-03-29 15:50:37.866739,Success,
1637,1447,1,2026-04-02 03:21:41.362714,Failed,None
1638,1447,2,2026-04-02 06:51:48.867175,Success,
1639,1448,1,2026-04-01 06:07:30.253689,Success,
1640,1449,1,2026-04-02 12:37:27.640526,Success,
1641,1450,1,2026-04-03 08:27:36.409308,Success,
1642,1451,1,2026-04-02 06:20:33.854314,Success,
1643,1452,1,2026-04-02 13:40:43.101900,Success,
1644,1453,1,2026-04-03 03:28:27.370612,Success,
1645,1454,1,2026-04-01 23:47:32.002655,Success,
1646,1455,1,2026-04-02 03:51:19.326233,Failed,Address Issue
1647,1455,2,2026-04-02 05:50:03.641633,Success,
1648,1456,1,2026-04-01 13:27:54.704327,Success,
1649,1457,1,2026-04-01 23:58:28.719500,Success,
1650,1458,1,2026-04-03 02:13:57.870547,Success,
1651,1459,1,2026-04-01 20:38:54.822504,Success,
1652,1460,1,2026-04-01 23:14:42.947273,Success,
1653,1461,1,2026-03-31 18:39:17.961749,Success,
1654,1462,1,2026-04-02 23:07:55.986675,Failed,Address Issue
1655,1462,2,2026-04-02 23:47:47.705006,Success,
1656,1463,1,2026-04-01 14:56:24.469807,Success,
1657,1464,1,2026-03-30 19:08:08.850857,Success,
1658,1465,1,2026-04-02 00:45:12.639918,Success,
1659,1466,1,2026-04-02 14:14:37.689729,Success,
1660,1467,1,2026-04-03 18:22:37.380859,Failed,Weather
1661,1467,2,2026-04-03 20:04:33.998001,Success,
1662,1468,1,2026-03-31 07:41:03.140090,Success,
1663,1469,1,2026-03-30 14:49:05.049983,Success,
1664,1470,1,2026-04-01 01:00:14.431549,Success,
1665,1471,1,2026-04-01 06:46:18.639011,Failed,None
1666,1471,2,2026-04-01 07:30:51.388922,Success,
1667,1472,1,2026-04-01 10:29:53.421095,Success,
1668,1473,1,2026-04-01 05:06:35.708403,Failed,None
1669,1473,2,2026-04-01 07:46:38.758122,Success,
1670,1474,1,2026-04-01 10:29:58.416649,Success,
1671,1475,1,2026-04-01 22:57:13.279606,Success,
1672,1476,1,2026-04-02 21:16:18.671659,Success,
1673,1477,1,2026-04-01 15:17:38.877643,Success,
1674,1478,1,2026-04-03 07:51:45.845697,Success,
1675,1479,1,2026-03-31 16:56:19.030414,Success,
1676,1480,1,2026-04-03 11:22:13.250223,Success,
1677,1481,1,2026-04-03 11:42:37.097988,Success,
1678,1482,1,2026-04-01 09:09:49.890362,Success,
1679,1483,1,2026-04-02 00:27:59.896031,Failed,None
1680,1483,2,2026-04-02 04:24:51.171337,Success,
1681,1484,1,2026-04-03 20:59:44.943592,Success,
1682,1485,1,2026-04-04 06:03:51.315992,Success,
1683,1486,1,2026-04-03 21:18:33.797710,Failed,None
1684,1486,2,2026-04-04 00:47:05.558186,Success,
1685,1487,1,2026-04-02 09:43:49.136160,Success,
1686,1488,1,2026-04-04 07:28:31.002121,Success,
1687,1489,1,2026-04-01 19:39:06.346179,Success,
1688,1490,1,2026-04-01 18:56:30.542091,Success,
1689,1491,1,2026-04-03 19:26:07.380969,Success,
1690,1492,1,2026-04-04 14:02:57.738949,Success,
1691,1493,1,2026-04-02 10:08:49.284299,Success,
1692,1494,1,2026-04-02 12:12:27.697614,Success,
1693,1495,1,2026-04-03 10:50:05.178863,Success,
1694,1496,1,2026-04-05 03:16:58.737732,Success,
1695,1497,1,2026-04-04 21:13:56.955754,Success,
1696,1498,1,2026-04-03 09:38:38.464086,Success,
1697,1499,1,2026-04-03 08:57:04.440237,Success,
1698,1500,1,2026-04-05 04:58:28.407360,Success,
1699,1501,1,2026-04-07 00:39:23.171327,Success,
1700,1502,1,2026-04-04 18:09:18.402009,Success,
1701,1503,1,2026-04-03 19:13:23.646170,Failed,None
1702,1503,2,2026-04-03 22:13:56.556287,Success,
1703,1504,1,2026-04-03 03:43:04.788857,Failed,None
1704,1504,2,2026-04-03 04:04:35.482065,Success,
1705,1505,1,2026-04-05 02:39:10.955272,Failed,None
1706,1505,2,2026-04-05 06:11:17.849588,Success,
1707,1506,1,2026-04-04 18:07:28.966529,Success,
1708,1507,1,2026-04-06 11:11:31.155766,Success,
1709,1508,1,2026-04-06 00:06:33.693417,Success,
1710,1509,1,2026-04-05 21:30:29.328723,Success,
1711,1510,1,2026-04-05 14:17:59.423255,Failed,None
1712,1510,2,2026-04-05 16:54:26.463136,Success,
1713,1511,1,2026-04-04 13:42:37.551832,Failed,None
1714,1511,2,2026-04-04 15:44:23.433935,Success,
1715,1512,1,2026-04-06 05:10:51.723676,Success,
1716,1513,1,2026-04-04 20:43:49.175471,Success,
1717,1514,1,2026-04-05 18:51:02.133840,Success,
1718,1515,1,2026-04-04 16:14:16.606433,Success,
1719,1516,1,2026-04-06 14:55:40.060670,Success,
1720,1517,1,2026-04-04 06:02:43.850206,Success,
1721,1518,1,2026-04-06 11:51:01.478598,Success,
1722,1519,1,2026-04-06 08:06:25.005065,Success,
1723,1520,1,2026-04-05 09:11:13.348017,Success,
1724,1521,1,2026-04-03 15:32:25.610110,Success,
1725,1522,1,2026-04-04 12:33:56.096892,Success,
1726,1523,1,2026-04-06 15:12:46.866912,Success,
1727,1524,1,2026-04-05 03:54:25.448434,Success,
1728,1525,1,2026-04-07 01:49:11.438629,Failed,Address Issue
1729,1526,1,2026-04-07 00:32:35.217778,Success,
1730,1527,1,2026-04-05 18:24:52.557236,Success,
1731,1528,1,2026-04-07 05:45:27.698943,Success,
1732,1529,1,2026-04-04 07:32:09.864916,Success,
1733,1530,1,2026-04-07 07:20:44.942329,Success,
1734,1531,1,2026-04-05 00:49:15.081114,Success,
1735,1532,1,2026-04-04 14:49:51.488216,Success,
1736,1533,1,2026-04-07 03:01:14.477453,Success,
1737,1534,1,2026-04-06 13:44:22.988515,Success,
1738,1535,1,2026-04-09 17:52:13.512994,Success,
1739,1536,1,2026-04-08 06:47:13.380809,Failed,Address Issue
1740,1537,1,2026-04-07 18:12:38.690079,Success,
1741,1538,1,2026-04-08 07:44:07.637952,Success,
1742,1539,1,2026-04-09 18:14:01.241698,Success,
1743,1540,1,2026-04-06 11:21:02.550683,Success,
1744,1541,1,2026-04-08 19:32:47.687307,Success,
1745,1542,1,2026-04-08 01:03:29.062566,Success,
1746,1543,1,2026-04-08 01:18:26.190824,Success,
1747,1544,1,2026-04-09 05:40:45.882507,Success,
1748,1545,1,2026-04-07 05:55:34.152385,Success,
1749,1546,1,2026-04-08 22:29:35.803099,Success,
1750,1547,1,2026-04-09 12:14:25.039967,Success,
1751,1548,1,2026-04-10 05:51:10.962630,Success,
1752,1549,1,2026-04-07 14:45:34.021015,Success,
1753,1550,1,2026-04-06 22:09:02.031694,Success,
1754,1551,1,2026-04-07 09:31:53.271965,Success,
1755,1552,1,2026-04-07 09:34:48.057621,Success,
1756,1553,1,2026-04-08 20:45:04.693578,Success,
1757,1554,1,2026-04-06 02:41:27.378847,Success,
1758,1555,1,2026-04-07 08:05:47.333129,Success,
1759,1556,1,2026-04-06 03:33:01.057277,Success,
1760,1557,1,2026-04-07 20:06:35.613373,Success,
1761,1558,1,2026-04-09 02:08:44.086370,Failed,None
1762,1558,2,2026-04-09 05:30:55.229715,Success,
1763,1559,1,2026-04-07 10:56:43.891422,Success,
1764,1560,1,2026-04-07 18:22:53.838411,Success,
1765,1561,1,2026-04-08 04:24:45.727160,Success,
1766,1562,1,2026-04-07 14:11:44.154308,Success,
1767,1563,1,2026-04-06 08:13:57.472999,Failed,None
1768,1563,2,2026-04-06 10:34:41.149455,Success,
1769,1564,1,2026-04-09 06:53:04.025753,Success,
1770,1565,1,2026-04-10 00:08:37.597649,Success,
1771,1566,1,2026-04-08 12:20:21.400824,Success,
1772,1567,1,2026-04-07 06:36:43.169242,Success,
1773,1568,1,2026-04-10 02:09:28.535740,Success,
1774,1569,1,2026-04-07 17:20:51.773461,Success,
1775,1570,1,2026-04-10 02:30:08.448251,Success,
1776,1571,1,2026-04-10 07:15:51.031379,Success,
1777,1572,1,2026-04-08 16:40:10.623480,Success,
1778,1573,1,2026-04-08 13:26:50.020417,Success,
1779,1574,1,2026-04-09 22:19:45.241650,Success,
1780,1575,1,2026-04-10 02:33:34.073837,Success,
1781,1576,1,2026-04-08 08:40:44.477201,Success,
1782,1577,1,2026-04-08 13:34:43.840206,Success,
1783,1578,1,2026-04-08 03:47:46.420869,Success,
1784,1579,1,2026-04-09 08:33:17.564117,Failed,Weather
1785,1579,2,2026-04-09 12:23:22.879460,Success,
1786,1580,1,2026-04-10 10:13:42.694456,Success,
1787,1581,1,2026-04-08 17:11:40.603639,Success,
1788,1582,1,2026-04-11 03:28:35.971124,Success,
1789,1583,1,2026-04-09 09:04:12.862461,Success,
1790,1584,1,2026-04-09 12:05:35.196000,Success,
1791,1585,1,2026-04-10 21:09:51.025715,Success,
1792,1586,1,2026-04-11 07:05:28.014395,Success,
1793,1587,1,2026-04-10 20:30:30.559045,Success,
1794,1588,1,2026-04-11 06:41:56.427881,Success,
1795,1589,1,2026-04-11 02:05:25.111218,Success,
1796,1590,1,2026-04-11 08:21:06.275697,Success,
1797,1591,1,2026-04-10 23:57:10.954977,Success,
1798,1592,1,2026-04-09 10:19:52.674790,Success,
1799,1593,1,2026-04-09 11:58:03.971643,Success,
1800,1594,1,2026-04-07 23:18:29.194130,Success,
1801,1595,1,2026-04-11 01:01:01.687543,Success,
1802,1596,1,2026-04-11 03:07:21.941923,Success,
1803,1597,1,2026-04-09 19:05:32.416341,Success,
1804,1598,1,2026-04-11 15:34:47.447972,Success,
1805,1599,1,2026-04-11 14:19:49.047342,Success,
1806,1600,1,2026-04-12 08:25:33.600563,Success,
1807,1601,1,2026-04-12 11:57:31.164428,Success,
1808,1602,1,2026-04-11 14:01:28.688450,Success,
1809,1603,1,2026-04-12 07:37:30.829025,Success,
1810,1604,1,2026-04-12 03:18:27.662670,Failed,Address Issue
1811,1605,1,2026-04-09 12:28:48.298414,Success,
1812,1606,1,2026-04-09 14:54:44.077132,Success,
1813,1607,1,2026-04-09 16:05:39.426787,Success,
1814,1608,1,2026-04-10 15:34:23.310053,Success,
1815,1609,1,2026-04-12 11:17:04.295800,Success,
1816,1610,1,2026-04-10 06:23:57.823567,Failed,None
1817,1610,2,2026-04-10 07:47:01.832273,Success,
1818,1611,1,2026-04-10 13:42:21.144818,Success,
1819,1612,1,2026-04-11 22:09:35.359100,Success,
1820,1613,1,2026-04-10 21:29:37.108971,Failed,Carrier Capacity
1821,1613,2,2026-04-10 22:19:52.564830,Success,
1822,1614,1,2026-04-09 13:13:31.445959,Success,
1823,1615,1,2026-04-11 23:37:04.213470,Failed,None
1824,1615,2,2026-04-12 03:08:38.563199,Success,
1825,1616,1,2026-04-09 07:05:07.163979,Success,
1826,1617,1,2026-04-14 16:17:31.747855,Success,
1827,1618,1,2026-04-14 10:30:48.895043,Success,
1828,1619,1,2026-04-14 08:14:54.139338,Failed,Address Issue
1829,1619,2,2026-04-14 10:44:54.291432,Success,
1830,1620,1,2026-04-13 09:00:37.617298,Success,
1831,1621,1,2026-04-14 09:24:45.352756,Failed,Hub Congestion
1832,1622,1,2026-04-11 03:18:17.477799,Success,
1833,1623,1,2026-04-10 06:13:36.951355,Failed,None
1834,1623,2,2026-04-10 09:42:46.787273,Success,
1835,1624,1,2026-04-10 09:24:51.804714,Success,
1836,1625,1,2026-04-13 08:50:51.839668,Success,
1837,1626,1,2026-04-10 09:47:35.356433,Success,
1838,1627,1,2026-04-13 16:21:03.469199,Failed,Carrier Capacity
1839,1627,2,2026-04-13 20:18:39.724662,Success,
1840,1628,1,2026-04-11 14:54:07.004749,Success,
1841,1629,1,2026-04-12 20:03:19.996233,Success,
1842,1630,1,2026-04-13 02:17:34.978243,Success,
1843,1631,1,2026-04-12 09:46:39.245628,Failed,Carrier Capacity
1844,1631,2,2026-04-12 13:37:20.960122,Success,
1845,1632,1,2026-04-13 08:26:34.364492,Success,
1846,1633,1,2026-04-13 06:30:47.241329,Failed,None
1847,1633,2,2026-04-13 09:26:15.095808,Success,
1848,1634,1,2026-04-11 08:23:41.931211,Success,
1849,1635,1,2026-04-12 10:59:07.728281,Success,
1850,1636,1,2026-04-13 05:48:59.996191,Success,
1851,1637,1,2026-04-14 06:09:54.270489,Success,
1852,1638,1,2026-04-11 14:18:29.155814,Success,
1853,1639,1,2026-04-13 01:22:25.333266,Success,
1854,1640,1,2026-04-11 12:10:02.014853,Success,
1855,1641,1,2026-04-12 14:43:30.254210,Success,
1856,1642,1,2026-04-11 17:39:35.422509,Success,
1857,1643,1,2026-04-12 10:16:22.931733,Success,
1858,1644,1,2026-04-13 21:49:15.384211,Failed,None
1859,1644,2,2026-04-13 23:00:52.887649,Success,
1860,1645,1,2026-04-13 13:18:03.961149,Success,
1861,1646,1,2026-04-13 17:56:19.734523,Success,
1862,1647,1,2026-04-14 13:20:47.229648,Success,
1863,1648,1,2026-04-12 22:54:52.993234,Failed,Customer Unavailable
1864,1648,2,2026-04-13 01:31:13.799861,Success,
1865,1649,1,2026-04-11 20:16:18.221645,Success,
1866,1650,1,2026-04-13 21:41:07.780336,Success,
1867,1651,1,2026-04-11 03:08:46.786418,Success,
1868,1652,1,2026-04-13 07:36:09.904155,Failed,None
1869,1652,2,2026-04-13 11:33:41.977487,Success,
1870,1653,1,2026-04-13 01:39:43.205798,Success,
1871,1654,1,2026-04-13 04:31:02.395947,Success,
1872,1655,1,2026-04-13 18:53:42.517737,Success,
1873,1656,1,2026-04-13 16:40:02.252614,Success,
1874,1657,1,2026-04-13 18:37:27.440666,Success,
1875,1658,1,2026-04-14 17:37:49.788900,Success,
1876,1659,1,2026-04-15 09:43:43.491446,Success,
1877,1660,1,2026-04-13 00:06:47.886346,Failed,None
1878,1660,2,2026-04-13 04:05:29.886064,Success,
1879,1661,1,2026-04-13 00:16:58.505324,Success,
1880,1662,1,2026-04-12 15:52:07.614205,Success,
1881,1663,1,2026-04-13 15:39:03.262393,Failed,None
1882,1663,2,2026-04-13 16:40:49.486058,Success,
1883,1664,1,2026-04-15 12:59:46.541985,Success,
1884,1665,1,2026-04-12 10:14:03.656519,Failed,Address Issue
1885,1666,1,2026-04-16 04:05:33.574229,Success,
1886,1667,1,2026-04-16 02:36:33.127448,Success,
1887,1668,1,2026-04-16 07:02:32.265816,Success,
1888,1669,1,2026-04-14 10:58:57.802086,Success,
1889,1670,1,2026-04-14 09:25:09.603974,Success,
1890,1671,1,2026-04-16 11:31:06.986808,Success,
1891,1672,1,2026-04-16 13:25:40.465682,Success,
1892,1673,1,2026-04-13 19:20:28.348468,Success,
1893,1674,1,2026-04-15 21:49:48.857927,Success,
1894,1675,1,2026-04-17 12:14:15.236673,Failed,Hub Congestion
1895,1675,2,2026-04-17 15:02:10.516355,Success,
1896,1676,1,2026-04-14 01:12:49.507836,Failed,None
1897,1676,2,2026-04-14 02:22:19.108806,Success,
1898,1677,1,2026-04-16 09:36:58.219570,Success,
1899,1678,1,2026-04-13 01:51:48.033890,Success,
1900,1679,1,2026-04-15 18:13:38.250268,Success,
1901,1680,1,2026-04-15 17:43:23.358793,Success,
1902,1681,1,2026-04-15 01:54:44.917544,Failed,Address Issue
1903,1681,2,2026-04-15 05:48:48.334970,Success,
1904,1682,1,2026-04-16 05:56:36.732198,Success,
1905,1683,1,2026-04-15 17:45:31.098990,Failed,None
1906,1683,2,2026-04-15 19:22:27.142513,Success,
1907,1684,1,2026-04-16 08:41:06.648861,Success,
1908,1685,1,2026-04-14 11:12:27.085670,Success,
1909,1686,1,2026-04-13 23:14:23.730239,Success,
1910,1687,1,2026-04-14 03:48:10.162325,Failed,None
1911,1687,2,2026-04-14 06:58:10.132222,Success,
1912,1688,1,2026-04-17 05:58:01.931966,Success,
1913,1689,1,2026-04-17 06:26:48.577581,Success,
1914,1690,1,2026-04-15 01:20:21.692086,Success,
1915,1691,1,2026-04-17 08:36:03.813384,Failed,None
1916,1691,2,2026-04-17 11:27:53.319949,Success,
1917,1692,1,2026-04-16 23:18:54.835949,Success,
1918,1693,1,2026-04-16 17:30:47.135234,Success,
1919,1694,1,2026-04-15 15:26:49.322500,Success,
1920,1695,1,2026-04-14 15:56:13.737184,Success,
1921,1696,1,2026-04-17 13:56:38.606489,Success,
1922,1697,1,2026-04-18 17:29:00.909908,Success,
1923,1698,1,2026-04-16 22:48:29.473021,Success,
1924,1699,1,2026-04-14 21:56:22.949090,Failed,None
1925,1699,2,2026-04-15 00:26:54.291689,Success,
1926,1700,1,2026-04-15 03:48:11.800706,Success,
1927,1701,1,2026-04-15 09:11:49.478025,Success,
1928,1702,1,2026-04-16 22:19:08.944041,Success,
1929,1703,1,2026-04-14 19:57:50.002344,Failed,Address Issue
1930,1703,2,2026-04-14 23:14:45.893145,Success,
1931,1704,1,2026-04-14 22:08:07.418721,Success,
1932,1705,1,2026-04-14 23:14:05.337293,Success,
1933,1706,1,2026-04-15 18:05:57.937774,Success,
1934,1707,1,2026-04-19 12:48:02.499697,Success,
1935,1708,1,2026-04-18 02:13:12.234876,Success,
1936,1709,1,2026-04-17 21:12:56.031436,Success,
1937,1710,1,2026-04-16 04:28:30.696277,Success,
1938,1711,1,2026-04-18 01:57:43.799090,Success,
1939,1712,1,2026-04-19 07:48:11.703583,Success,
1940,1713,1,2026-04-16 08:10:46.527517,Success,
1941,1714,1,2026-04-17 23:50:37.065018,Success,
1942,1715,1,2026-04-17 22:23:50.662794,Success,
1943,1716,1,2026-04-16 14:04:21.028925,Success,
1944,1717,1,2026-04-17 17:35:27.821583,Failed,Customer Unavailable
1945,1717,2,2026-04-17 18:04:02.071465,Success,
1946,1718,1,2026-04-18 19:44:17.530911,Success,
1947,1719,1,2026-04-17 22:15:48.218272,Success,
1948,1720,1,2026-04-18 06:17:43.460059,Success,
1949,1721,1,2026-04-19 16:46:59.845182,Success,
1950,1722,1,2026-04-16 17:26:57.845622,Success,
1951,1723,1,2026-04-18 19:32:34.441114,Failed,None
1952,1723,2,2026-04-18 22:00:10.872794,Success,
1953,1724,1,2026-04-21 02:15:56.942501,Failed,Address Issue
1954,1724,2,2026-04-21 03:44:13.954362,Success,
1955,1725,1,2026-04-16 08:51:02.185965,Success,
1956,1726,1,2026-04-17 10:23:48.066353,Success,
1957,1727,1,2026-04-16 18:01:06.268030,Success,
1958,1728,1,2026-04-18 21:15:52.157498,Success,
1959,1729,1,2026-04-16 11:08:48.375573,Success,
1960,1730,1,2026-04-19 06:30:11.114814,Success,
1961,1731,1,2026-04-19 23:56:14.413020,Success,
1962,1732,1,2026-04-17 12:13:42.420611,Success,
1963,1733,1,2026-04-19 10:57:18.939690,Success,
1964,1734,1,2026-04-19 20:17:32.355706,Failed,Vehicle Breakdown
1965,1734,2,2026-04-20 00:02:52.879654,Success,
1966,1735,1,2026-04-17 05:59:34.041936,Success,
1967,1736,1,2026-04-18 23:23:50.676910,Success,
1968,1737,1,2026-04-17 04:52:44.168431,Success,
1969,1738,1,2026-04-20 10:39:04.464658,Success,
1970,1739,1,2026-04-17 08:17:05.886692,Success,
1971,1740,1,2026-04-20 09:48:06.635409,Success,
1972,1741,1,2026-04-22 01:42:40.825657,Success,
1973,1742,1,2026-04-19 14:26:41.769842,Success,
1974,1743,1,2026-04-20 08:25:40.282480,Failed,None
1975,1743,2,2026-04-20 08:48:55.701674,Success,
1976,1744,1,2026-04-21 09:30:16.476882,Failed,Address Issue
1977,1744,2,2026-04-21 13:10:00.336969,Success,
1978,1745,1,2026-04-22 01:04:27.186620,Failed,Weather
1979,1745,2,2026-04-22 03:25:21.383028,Success,
1980,1746,1,2026-04-19 20:41:28.599535,Success,
1981,1747,1,2026-04-20 03:01:01.917071,Success,
1982,1748,1,2026-04-22 00:04:50.647382,Success,
1983,1749,1,2026-04-18 21:07:23.121893,Success,
1984,1750,1,2026-04-18 09:05:43.836884,Success,
1985,1751,1,2026-04-20 04:45:35.585312,Success,
1986,1752,1,2026-04-17 11:06:42.032089,Failed,None
1987,1752,2,2026-04-17 13:09:32.573148,Success,
1988,1753,1,2026-04-18 14:48:59.090345,Failed,Customer Unavailable
1989,1753,2,2026-04-18 18:35:42.814454,Success,
1990,1754,1,2026-04-19 19:02:41.089832,Success,
1991,1755,1,2026-04-18 10:03:40.628325,Success,
1992,1756,1,2026-04-17 15:57:56.156830,Success,
1993,1757,1,2026-04-19 16:35:56.680413,Success,
1994,1758,1,2026-04-20 00:50:41.798635,Success,
1995,1759,1,2026-04-21 08:08:54.356996,Success,
1996,1760,1,2026-04-19 02:38:06.769472,Success,
1997,1761,1,2026-04-18 19:02:55.936880,Success,
1998,1762,1,2026-04-19 01:30:45.862493,Success,
1999,1763,1,2026-04-19 18:37:02.115820,Failed,None
2000,1763,2,2026-04-19 22:13:03.462721,Success,
2001,1764,1,2026-04-19 19:41:52.588189,Success,
2002,1765,1,2026-04-20 20:35:37.315415,Success,
2003,1766,1,2026-04-21 01:56:13.077741,Success,
2004,1767,1,2026-04-18 23:07:15.784132,Success,
2005,1768,1,2026-04-19 05:57:56.002826,Success,
2006,1769,1,2026-04-21 12:15:25.851314,Success,
2007,1770,1,2026-04-21 05:29:42.276263,Success,
2008,1771,1,2026-04-20 22:02:00.513540,Success,
2009,1772,1,2026-04-19 11:36:08.791163,Success,
2010,1773,1,2026-04-18 09:13:39.246869,Success,
2011,1774,1,2026-04-19 08:18:48.334172,Success,
2012,1775,1,2026-04-19 12:21:42.691823,Success,
2013,1776,1,2026-04-18 23:16:08.594035,Success,
2014,1777,1,2026-04-21 00:42:04.840524,Success,
2015,1778,1,2026-04-22 02:29:30.204577,Failed,None
2016,1778,2,2026-04-22 06:09:43.134855,Success,
2017,1779,1,2026-04-22 01:18:41.486075,Failed,None
2018,1779,2,2026-04-22 03:13:53.575266,Success,
2019,1780,1,2026-04-21 18:41:09.941173,Success,
2020,1781,1,2026-04-24 01:09:47.561605,Failed,Customer Unavailable
2021,1781,2,2026-04-24 02:16:50.724339,Success,
2022,1782,1,2026-04-19 06:51:41.289443,Success,
2023,1783,1,2026-04-21 21:37:15.078700,Success,
2024,1784,1,2026-04-20 17:36:51.732744,Success,
2025,1785,1,2026-04-19 09:29:13.649022,Success,
2026,1786,1,2026-04-21 16:22:24.555982,Success,
2027,1787,1,2026-04-22 06:30:14.825477,Success,
2028,1788,1,2026-04-20 06:09:31.063833,Success,
2029,1789,1,2026-04-22 14:39:27.205854,Success,
2030,1790,1,2026-04-21 19:57:25.321124,Success,
2031,1791,1,2026-04-22 06:36:49.667342,Success,
2032,1792,1,2026-04-20 01:12:41.712635,Failed,None
2033,1792,2,2026-04-20 02:58:55.543464,Success,
2034,1793,1,2026-04-21 22:34:19.047623,Failed,Customer Unavailable
2035,1793,2,2026-04-22 02:00:55.412090,Success,
2036,1794,1,2026-04-20 14:36:12.664999,Success,
2037,1795,1,2026-04-21 21:19:28.121471,Failed,Address Issue
2038,1796,1,2026-04-23 04:08:48.401464,Success,
2039,1797,1,2026-04-22 12:38:03.986900,Success,
2040,1798,1,2026-04-23 06:28:01.133729,Success,
2041,1799,1,2026-04-22 21:45:27.310572,Failed,None
2042,1799,2,2026-04-23 00:25:30.477097,Success,
2043,1800,1,2026-04-21 02:19:58.159368,Success,
2044,1801,1,2026-04-21 16:52:01.290169,Success,
2045,1802,1,2026-04-21 11:42:43.669657,Failed,Address Issue
2046,1803,1,2026-04-22 21:10:32.682239,Success,
2047,1804,1,2026-04-24 13:21:45.422068,Success,
2048,1805,1,2026-04-24 17:36:47.397745,Failed,Address Issue
2049,1805,2,2026-04-24 18:59:52.269971,Success,
2050,1806,1,2026-04-23 14:28:47.209833,Success,
2051,1807,1,2026-04-23 15:23:28.858368,Success,
2052,1808,1,2026-04-23 03:42:13.311620,Success,
2053,1809,1,2026-04-23 00:29:01.688799,Success,
2054,1810,1,2026-04-22 06:38:48.132356,Failed,Customer Unavailable
2055,1810,2,2026-04-22 09:00:14.503502,Success,
2056,1811,1,2026-04-20 02:05:52.127336,Success,
2057,1812,1,2026-04-24 22:11:25.557352,Success,
2058,1813,1,2026-04-21 08:24:24.483429,Success,
2059,1814,1,2026-04-21 13:41:04.756315,Success,
2060,1815,1,2026-04-23 14:24:07.354322,Success,
2061,1816,1,2026-04-21 01:04:09.419776,Failed,None
2062,1816,2,2026-04-21 04:28:42.048120,Success,
2063,1817,1,2026-04-21 07:24:13.682107,Success,
2064,1818,1,2026-04-24 11:40:57.574385,Success,
2065,1819,1,2026-04-22 07:07:49.575957,Success,
2066,1820,1,2026-04-23 23:57:58.193044,Success,
2067,1821,1,2026-04-24 06:48:17.333442,Success,
2068,1822,1,2026-04-24 01:39:13.727739,Success,
2069,1823,1,2026-04-24 04:02:34.939777,Success,
2070,1824,1,2026-04-22 11:18:00.749069,Success,
2071,1825,1,2026-04-23 22:14:07.262659,Success,
2072,1826,1,2026-04-22 08:51:09.271152,Success,
2073,1827,1,2026-04-24 00:40:46.628367,Success,
2074,1828,1,2026-04-23 17:34:19.374918,Failed,None
2075,1828,2,2026-04-23 18:37:44.459136,Success,
2076,1829,1,2026-04-24 08:53:25.875624,Success,
2077,1830,1,2026-04-21 14:20:55.511594,Success,
2078,1831,1,2026-04-24 18:05:24.264883,Success,
2079,1832,1,2026-04-25 02:39:40.315171,Success,
2080,1833,1,2026-04-25 04:59:48.970248,Failed,None
2081,1833,2,2026-04-25 05:47:39.513314,Success,
2082,1834,1,2026-04-23 09:06:02.798686,Success,
2083,1835,1,2026-04-25 01:39:35.754066,Success,
2084,1836,1,2026-04-24 20:37:52.612367,Success,
2085,1837,1,2026-04-24 21:44:49.152619,Success,
2086,1838,1,2026-04-24 21:33:44.499806,Success,
2087,1839,1,2026-04-25 11:31:00.125773,Success,
2088,1840,1,2026-04-23 03:02:56.633478,Success,
2089,1841,1,2026-04-22 19:15:26.700836,Success,
2090,1842,1,2026-04-22 21:31:38.924467,Success,
2091,1843,1,2026-04-24 03:32:13.906005,Success,
2092,1844,1,2026-04-25 00:32:12.178877,Success,
2093,1845,1,2026-04-24 15:15:52.033881,Success,
2094,1846,1,2026-04-23 00:36:43.942366,Success,
2095,1847,1,2026-04-25 20:02:07.281308,Failed,None
2096,1847,2,2026-04-25 22:03:09.825204,Success,
2097,1848,1,2026-04-24 10:06:01.201287,Success,
2098,1849,1,2026-04-26 12:14:20.616160,Success,
2099,1850,1,2026-04-26 21:34:45.579447,Failed,Address Issue
2100,1850,2,2026-04-27 00:47:12.672344,Success,
2101,1851,1,2026-04-26 06:17:11.163312,Success,
2102,1852,1,2026-04-23 10:45:40.512316,Success,
2103,1853,1,2026-04-25 09:33:16.395122,Success,
2104,1854,1,2026-04-24 19:14:43.976982,Success,
2105,1855,1,2026-04-26 02:35:13.774008,Failed,None
2106,1855,2,2026-04-26 05:48:53.716466,Success,
2107,1856,1,2026-04-28 02:35:36.079792,Success,
2108,1857,1,2026-04-25 15:42:39.694194,Failed,Address Issue
2109,1858,1,2026-04-25 21:53:00.120156,Success,
2110,1859,1,2026-04-28 10:45:30.619847,Success,
2111,1860,1,2026-04-24 07:52:29.802464,Success,
2112,1861,1,2026-04-26 11:09:14.838118,Success,
2113,1862,1,2026-04-25 13:23:40.730116,Success,
2114,1863,1,2026-04-27 02:39:44.249976,Success,
2115,1864,1,2026-04-26 10:53:23.381934,Success,
2116,1865,1,2026-04-28 14:09:21.023131,Success,
2117,1866,1,2026-04-27 12:52:47.588090,Success,
2118,1867,1,2026-04-25 00:23:56.258790,Success,
2119,1868,1,2026-04-27 08:44:16.280851,Success,
2120,1869,1,2026-04-25 06:58:09.241931,Success,
2121,1870,1,2026-04-28 01:37:13.071237,Success,
2122,1871,1,2026-04-27 10:02:01.534390,Success,
2123,1872,1,2026-04-26 21:59:53.693174,Success,
2124,1873,1,2026-04-29 06:20:11.999493,Success,
2125,1874,1,2026-04-27 02:45:23.934725,Success,
2126,1875,1,2026-04-26 17:38:42.206608,Failed,None
2127,1875,2,2026-04-26 19:56:09.039485,Success,
2128,1876,1,2026-04-27 00:53:39.358234,Success,
2129,1877,1,2026-04-25 20:07:45.442694,Success,
2130,1878,1,2026-04-25 05:12:58.006967,Success,
2131,1879,1,2026-04-27 05:59:53.094131,Success,
2132,1880,1,2026-04-27 20:15:47.476659,Success,
2133,1881,1,2026-04-28 15:19:17.507347,Success,
2134,1882,1,2026-04-28 12:26:59.704127,Success,
2135,1883,1,2026-04-26 09:06:12.845778,Success,
2136,1884,1,2026-04-28 07:33:04.978634,Success,
2137,1885,1,2026-04-27 14:41:47.971229,Failed,None
2138,1885,2,2026-04-27 16:56:13.319658,Success,
2139,1886,1,2026-04-25 04:34:33.744286,Failed,None
2140,1886,2,2026-04-25 06:21:26.366415,Success,
2141,1887,1,2026-04-28 02:07:42.910664,Success,
2142,1888,1,2026-04-29 08:49:14.189779,Failed,Address Issue
2143,1888,2,2026-04-29 11:07:07.601709,Success,
2144,1889,1,2026-04-27 18:49:16.617198,Failed,None
2145,1889,2,2026-04-27 19:52:53.719326,Success,
2146,1890,1,2026-04-26 06:42:11.345314,Success,
2147,1891,1,2026-04-25 16:34:07.933179,Success,
2148,1892,1,2026-04-26 09:00:14.828700,Success,
2149,1893,1,2026-04-28 06:41:41.415412,Success,
2150,1894,1,2026-04-26 02:44:27.639910,Success,
2151,1895,1,2026-04-27 03:51:27.225811,Failed,Customer Unavailable
2152,1896,1,2026-04-25 06:18:23.681414,Success,
2153,1897,1,2026-04-26 09:14:20.019286,Success,
2154,1898,1,2026-04-28 08:57:15.309857,Success,
2155,1899,1,2026-04-26 10:07:40.227063,Failed,Address Issue
2156,1900,1,2026-04-30 12:25:50.907777,Success,
2157,1901,1,2026-05-01 01:51:07.066864,Success,
2158,1902,1,2026-04-29 15:05:18.882345,Success,
2159,1903,1,2026-04-28 16:57:44.723911,Failed,Hub Congestion
2160,1903,2,2026-04-28 19:44:10.136898,Success,
2161,1904,1,2026-04-27 10:47:16.936895,Success,
2162,1905,1,2026-04-27 00:20:53.145610,Success,
2163,1906,1,2026-04-29 09:08:29.966519,Success,
2164,1907,1,2026-04-27 20:22:03.353178,Success,
2165,1908,1,2026-04-29 00:50:34.336997,Failed,None
2166,1908,2,2026-04-29 01:19:40.175515,Success,
2167,1909,1,2026-04-29 05:49:58.203694,Success,
2168,1910,1,2026-04-29 13:54:07.372435,Success,
2169,1911,1,2026-04-28 16:59:44.466961,Success,
2170,1912,1,2026-04-29 02:48:51.216363,Success,
2171,1913,1,2026-04-27 15:44:10.388033,Failed,None
2172,1913,2,2026-04-27 17:24:06.429186,Success,
2173,1914,1,2026-04-29 07:24:26.757140,Success,
2174,1915,1,2026-04-30 00:58:07.203707,Success,
2175,1916,1,2026-04-27 19:07:52.877381,Success,
2176,1917,1,2026-04-28 17:19:47.671150,Success,
2177,1918,1,2026-04-27 01:53:04.778324,Success,
2178,1919,1,2026-04-30 00:59:19.105998,Success,
2179,1920,1,2026-04-30 03:42:09.031502,Success,
2180,1921,1,2026-04-30 01:24:50.490219,Success,
2181,1922,1,2026-04-28 02:53:20.669788,Success,
2182,1923,1,2026-04-30 03:43:08.854920,Success,
2183,1924,1,2026-04-28 07:13:13.222246,Success,
2184,1925,1,2026-04-30 08:07:11.586529,Success,
2185,1926,1,2026-04-30 03:39:18.934628,Failed,None
2186,1926,2,2026-04-30 06:21:54.617613,Success,
2187,1927,1,2026-04-30 05:22:47.998762,Failed,None
2188,1927,2,2026-04-30 05:52:44.702805,Success,
2189,1928,1,2026-04-30 04:39:55.565203,Success,
2190,1929,1,2026-05-02 06:21:43.989407,Success,
2191,1930,1,2026-04-30 12:40:29.033627,Success,
2192,1931,1,2026-04-27 11:52:14.129630,Success,
2193,1932,1,2026-04-30 13:06:55.233283,Success,
2194,1933,1,2026-04-29 01:10:00.885100,Failed,Customer Unavailable
2195,1933,2,2026-04-29 03:26:50.006744,Success,
2196,1934,1,2026-04-28 09:55:35.464401,Success,
2197,1935,1,2026-04-28 07:36:36.504299,Success,
2198,1936,1,2026-04-29 23:46:55.999958,Failed,Customer Unavailable
2199,1936,2,2026-04-30 02:17:23.960256,Success,
2200,1937,1,2026-04-29 16:27:52.454310,Success,
2201,1938,1,2026-04-30 17:42:03.564209,Success,
2202,1939,1,2026-04-29 04:04:01.348721,Success,
2203,1940,1,2026-04-30 21:53:17.434887,Failed,None
2204,1940,2,2026-04-30 23:43:38.313654,Success,
2205,1941,1,2026-05-01 04:38:20.507277,Success,
2206,1942,1,2026-04-30 19:26:26.770772,Success,
2207,1943,1,2026-04-29 05:58:01.507423,Success,
2208,1944,1,2026-04-29 06:15:06.611394,Success,
2209,1945,1,2026-05-01 13:13:51.178738,Success,
2210,1946,1,2026-04-29 14:42:05.263392,Success,
2211,1947,1,2026-04-29 06:11:10.541214,Failed,None
2212,1947,2,2026-04-29 07:19:25.865942,Success,
2213,1948,1,2026-04-29 08:43:24.373755,Success,
2214,1949,1,2026-05-01 03:18:19.489327,Failed,None
2215,1949,2,2026-05-01 05:36:19.564956,Success,
2216,1950,1,2026-05-01 16:15:33.704366,Success,
2217,1951,1,2026-05-01 04:09:30.588162,Success,
2218,1952,1,2026-04-30 23:07:51.325489,Success,
2219,1953,1,2026-04-30 13:39:09.932825,Success,
2220,1954,1,2026-04-30 17:52:00.797264,Success,
2221,1955,1,2026-05-01 16:11:27.811460,Success,
2222,1956,1,2026-05-03 22:01:27.908048,Success,
2223,1957,1,2026-04-30 03:50:43.662586,Failed,None
2224,1957,2,2026-04-30 04:53:10.397835,Success,
2225,1958,1,2026-04-29 15:54:29.373462,Success,
2226,1959,1,2026-04-30 09:22:30.864677,Success,
2227,1960,1,2026-05-02 00:32:37.182523,Success,
2228,1961,1,2026-04-30 01:34:25.328648,Success,
2229,1962,1,2026-04-30 10:59:18.297242,Success,
2230,1963,1,2026-04-29 19:42:44.493196,Success,
2231,1964,1,2026-05-01 17:02:04.099077,Success,
2232,1965,1,2026-05-01 22:36:10.726422,Success,
2233,1966,1,2026-04-30 20:02:46.191499,Success,
2234,1967,1,2026-04-30 06:34:16.713052,Success,
2235,1968,1,2026-04-30 05:13:11.575599,Success,
2236,1969,1,2026-04-30 11:15:52.854083,Success,
2237,1970,1,2026-05-02 04:15:57.610497,Success,
2238,1971,1,2026-05-03 07:38:32.197893,Success,
2239,1972,1,2026-04-30 15:51:57.594686,Success,
2240,1973,1,2026-05-01 13:01:22.921072,Success,
2241,1974,1,2026-05-02 21:04:15.382913,Success,
2242,1975,1,2026-05-03 06:29:31.780720,Success,
2243,1976,1,2026-05-01 11:46:56.270337,Success,
2244,1977,1,2026-05-03 06:25:41.857881,Failed,None
2245,1977,2,2026-05-03 08:29:19.991162,Success,
2246,1978,1,2026-05-02 22:12:32.534203,Success,
2247,1979,1,2026-05-01 10:52:34.564248,Success,
2248,1980,1,2026-05-03 10:32:02.462519,Failed,Address Issue
2249,1981,1,2026-05-03 06:57:16.285364,Success,
2250,1982,1,2026-05-03 06:57:15.878058,Success,
2251,1983,1,2026-05-03 06:34:14.487681,Success,
2252,1984,1,2026-05-04 05:54:17.916131,Success,
2253,1985,1,2026-05-03 19:48:25.506513,Failed,None
2254,1985,2,2026-05-03 22:37:26.631048,Success,
2255,1986,1,2026-05-04 06:03:11.658224,Success,
2256,1987,1,2026-05-03 17:11:42.910877,Success,
2257,1988,1,2026-05-02 05:33:10.507962,Success,
2258,1989,1,2026-05-02 13:31:13.468158,Success,
2259,1990,1,2026-05-02 14:12:51.198559,Success,
2260,1991,1,2026-05-04 04:19:18.313245,Failed,Address Issue
2261,1992,1,2026-05-03 03:46:29.306241,Success,
2262,1993,1,2026-05-04 01:47:07.863690,Success,
2263,1994,1,2026-05-04 01:09:23.845669,Success,
2264,1995,1,2026-05-02 01:03:40.426533,Success,
2265,1996,1,2026-05-02 10:08:49.795449,Failed,None
2266,1996,2,2026-05-02 12:39:46.886304,Success,
2267,1997,1,2026-05-04 04:16:13.105354,Success,
2268,1998,1,2026-05-02 02:07:44.070924,Success,
2269,1999,1,2026-05-03 21:19:53.582050,Success,
2270,2000,1,2026-05-04 08:42:20.557205,Success,
2271,2001,1,2026-05-01 23:08:18.965832,Success,
2272,2002,1,2026-05-04 03:39:19.710551,Success,
2273,2003,1,2026-05-04 00:55:03.031327,Success,
2274,2004,1,2026-05-03 22:29:16.737106,Success,
2275,2005,1,2026-05-02 15:12:45.748848,Success,
2276,2006,1,2026-05-04 18:37:00.741610,Success,
2277,2007,1,2026-05-05 06:27:26.468273,Success,
2278,2008,1,2026-05-06 21:15:26.168261,Success,
2279,2009,1,2026-05-05 07:11:26.016496,Success,
2280,2010,1,2026-05-02 22:13:35.446299,Failed,None
2281,2010,2,2026-05-03 01:41:15.507125,Success,
2282,2011,1,2026-05-02 11:14:50.659376,Success,
2283,2012,1,2026-05-04 15:06:18.182987,Success,
2284,2013,1,2026-05-05 02:14:12.765363,Success,
2285,2014,1,2026-05-04 19:32:44.103363,Failed,None
2286,2014,2,2026-05-04 20:09:06.653715,Success,
2287,2015,1,2026-05-06 21:28:24.687050,Failed,Weather
2288,2015,2,2026-05-07 00:35:16.616991,Success,
2289,2016,1,2026-05-03 07:14:59.082742,Success,
2290,2017,1,2026-05-02 20:00:23.276213,Failed,None
2291,2017,2,2026-05-02 22:29:32.122469,Success,
2292,2018,1,2026-05-03 10:21:05.440874,Success,
2293,2019,1,2026-05-03 21:05:51.286125,Success,
2294,2020,1,2026-05-05 04:18:02.207357,Success,
2295,2021,1,2026-05-03 09:49:35.129336,Success,
2296,2022,1,2026-05-03 12:19:33.127752,Success,
2297,2023,1,2026-05-05 08:16:31.205511,Success,
2298,2024,1,2026-05-03 08:21:24.345796,Success,
2299,2025,1,2026-05-03 01:03:49.159742,Success,
2300,2026,1,2026-05-06 04:07:28.607414,Failed,None
2301,2026,2,2026-05-06 05:13:19.398468,Success,
2302,2027,1,2026-05-06 05:22:58.651608,Success,
2303,2028,1,2026-05-06 04:42:45.421422,Success,
2304,2029,1,2026-05-03 16:31:25.981801,Success,
2305,2030,1,2026-05-06 17:34:15.454843,Success,
2306,2031,1,2026-05-04 14:03:06.411030,Success,
2307,2032,1,2026-05-04 09:03:58.898784,Success,
2308,2033,1,2026-05-03 03:59:11.399157,Success,
2309,2034,1,2026-05-05 15:43:37.053472,Success,
2310,2035,1,2026-05-06 05:17:46.038587,Success,
2311,2036,1,2026-05-04 01:56:48.736979,Success,
2312,2037,1,2026-05-04 02:52:15.958172,Success,
2313,2038,1,2026-05-04 12:41:50.248145,Success,
2314,2039,1,2026-05-06 12:13:45.701557,Failed,None
2315,2039,2,2026-05-06 13:57:19.458132,Success,
2316,2040,1,2026-05-04 08:27:52.915372,Success,
2317,2041,1,2026-05-05 08:23:03.755646,Failed,None
2318,2041,2,2026-05-05 11:53:04.408431,Success,
2319,2042,1,2026-05-05 12:48:44.074830,Success,
2320,2043,1,2026-05-05 07:34:55.530711,Success,
2321,2044,1,2026-05-07 00:04:57.760764,Failed,None
2322,2044,2,2026-05-07 02:26:27.401379,Success,
2323,2045,1,2026-05-05 04:44:25.534454,Success,
2324,2046,1,2026-05-06 23:35:52.754906,Success,
2325,2047,1,2026-05-05 07:06:33.866799,Success,
2326,2048,1,2026-05-08 00:00:37.130552,Failed,Hub Congestion
2327,2049,1,2026-05-05 08:37:47.829915,Failed,None
2328,2049,2,2026-05-05 11:52:15.570026,Success,
2329,2050,1,2026-05-05 15:31:59.544781,Success,
2330,2051,1,2026-05-07 05:50:08.715732,Success,
2331,2052,1,2026-05-09 09:16:34.997680,Success,
2332,2053,1,2026-05-04 06:26:45.079890,Success,
2333,2054,1,2026-05-06 20:43:29.489953,Success,
2334,2055,1,2026-05-06 23:56:33.603036,Success,
2335,2056,1,2026-05-07 13:24:21.305362,Success,
2336,2057,1,2026-05-06 17:44:00.809886,Success,
2337,2058,1,2026-05-07 02:12:12.783758,Success,
2338,2059,1,2026-05-08 04:47:18.455196,Success,
2339,2060,1,2026-05-08 10:48:08.290240,Success,
2340,2061,1,2026-05-08 05:21:14.044102,Success,
2341,2062,1,2026-05-05 04:31:35.167653,Success,
2342,2063,1,2026-05-07 18:22:05.710681,Success,
2343,2064,1,2026-05-06 06:27:32.310682,Success,
2344,2065,1,2026-05-07 20:02:21.844881,Success,
2345,2066,1,2026-05-08 06:22:45.518093,Success,
2346,2067,1,2026-05-05 23:47:48.651227,Success,
2347,2068,1,2026-05-08 04:22:35.412815,Success,
2348,2069,1,2026-05-07 18:17:43.129925,Failed,None
2349,2069,2,2026-05-07 21:36:25.805139,Success,
2350,2070,1,2026-05-06 09:39:55.862237,Success,
2351,2071,1,2026-05-07 20:20:25.061125,Success,
2352,2072,1,2026-05-06 06:44:27.765246,Success,
2353,2073,1,2026-05-05 23:18:49.776363,Success,
2354,2074,1,2026-05-08 10:28:53.751534,Success,
2355,2075,1,2026-05-06 01:00:43.482665,Success,
2356,2076,1,2026-05-06 05:31:11.091220,Success,
2357,2077,1,2026-05-08 12:06:26.031223,Success,
2358,2078,1,2026-05-07 06:41:57.636955,Success,
2359,2079,1,2026-05-07 06:00:27.772523,Success,
2360,2080,1,2026-05-08 19:22:22.103030,Success,
2361,2081,1,2026-05-08 14:30:39.789175,Failed,Address Issue
2362,2081,2,2026-05-08 15:50:30.413636,Success,
2363,2082,1,2026-05-09 02:50:03.673987,Success,
2364,2083,1,2026-05-07 21:15:43.618048,Success,
2365,2084,1,2026-05-11 04:39:10.169659,Success,
2366,2085,1,2026-05-09 08:50:49.612552,Success,
2367,2086,1,2026-05-07 08:45:50.711075,Failed,None
2368,2086,2,2026-05-07 12:07:09.728356,Success,
2369,2087,1,2026-05-07 23:50:16.737059,Success,
2370,2088,1,2026-05-08 15:38:51.862613,Success,
2371,2089,1,2026-05-09 04:25:28.192694,Success,
2372,2090,1,2026-05-07 12:33:35.518981,Success,
2373,2091,1,2026-05-08 23:32:53.880025,Success,
2374,2092,1,2026-05-06 18:24:16.442244,Success,
2375,2093,1,2026-05-08 01:24:53.465093,Failed,None
2376,2093,2,2026-05-08 05:22:15.623177,Success,
2377,2094,1,2026-05-07 07:33:03.441294,Success,
2378,2095,1,2026-05-10 14:17:13.295525,Success,
2379,2096,1,2026-05-09 21:58:46.404324,Success,
2380,2097,1,2026-05-10 08:41:10.952553,Success,
2381,2098,1,2026-05-11 11:31:25.820980,Success,
2382,2099,1,2026-05-11 09:04:05.315955,Success,
2383,2100,1,2026-05-11 14:17:02.466030,Success,
2384,2101,1,2026-05-09 21:11:46.220442,Success,
2385,2102,1,2026-05-08 12:35:43.471011,Success,
2386,2103,1,2026-05-09 23:08:57.989823,Success,
2387,2104,1,2026-05-10 12:04:39.712798,Success,
2388,2105,1,2026-05-10 06:37:43.570291,Success,
2389,2106,1,2026-05-07 09:34:06.740266,Success,
2390,2107,1,2026-05-08 06:22:40.845377,Success,
2391,2108,1,2026-05-08 12:18:12.885136,Success,
2392,2109,1,2026-05-08 19:04:55.355707,Success,
2393,2110,1,2026-05-08 08:07:54.173204,Success,
2394,2111,1,2026-05-11 03:46:32.265129,Success,
2395,2112,1,2026-05-10 22:44:35.762826,Success,
2396,2113,1,2026-05-11 01:10:42.830895,Success,
2397,2114,1,2026-05-09 09:32:49.634320,Success,
2398,2115,1,2026-05-10 23:58:33.055934,Failed,Address Issue
2399,2116,1,2026-05-11 08:07:48.500551,Success,
2400,2117,1,2026-05-09 03:35:07.940564,Failed,None
2401,2117,2,2026-05-09 06:57:01.158665,Success,
2402,2118,1,2026-05-10 19:30:21.032262,Success,
2403,2119,1,2026-05-11 13:12:09.221874,Success,
2404,2120,1,2026-05-11 03:19:28.336725,Success,
2405,2121,1,2026-05-11 11:46:13.791907,Success,
2406,2122,1,2026-05-08 08:12:16.083622,Success,
2407,2123,1,2026-05-09 11:04:14.213115,Success,
2408,2124,1,2026-05-12 06:22:11.148657,Failed,Customer Unavailable
2409,2124,2,2026-05-12 09:03:02.241774,Success,
2410,2125,1,2026-05-08 15:39:36.378254,Success,
2411,2126,1,2026-05-11 04:17:15.783885,Success,
2412,2127,1,2026-05-09 06:02:39.526145,Success,
2413,2128,1,2026-05-11 04:50:50.362266,Success,
2414,2129,1,2026-05-11 02:30:36.728090,Success,
2415,2130,1,2026-05-10 06:40:51.907056,Success,
2416,2131,1,2026-05-12 03:11:40.377758,Success,
2417,2132,1,2026-05-12 05:38:23.536693,Success,
2418,2133,1,2026-05-09 21:48:53.663255,Success,
2419,2134,1,2026-05-12 08:13:35.868254,Success,
2420,2135,1,2026-05-11 21:01:01.456413,Success,
2421,2136,1,2026-05-11 23:24:02.349111,Success,
2422,2137,1,2026-05-10 23:17:06.126561,Success,
2423,2138,1,2026-05-13 23:32:04.542542,Failed,Customer Unavailable
2424,2138,2,2026-05-14 02:04:20.555631,Success,
2425,2139,1,2026-05-11 01:54:20.267063,Success,
2426,2140,1,2026-05-10 14:31:38.647748,Success,
2427,2141,1,2026-05-10 15:00:18.050528,Success,
2428,2142,1,2026-05-08 23:12:08.439100,Failed,None
2429,2142,2,2026-05-09 01:45:25.837212,Success,
2430,2143,1,2026-05-09 04:47:59.990896,Failed,None
2431,2143,2,2026-05-09 06:33:17.949374,Success,
2432,2144,1,2026-05-10 05:53:58.903040,Success,
2433,2145,1,2026-05-10 08:01:00.495427,Success,
2434,2146,1,2026-05-11 09:12:01.864282,Success,
2435,2147,1,2026-05-14 02:37:36.250446,Success,
2436,2148,1,2026-05-12 22:01:09.298511,Failed,None
2437,2148,2,2026-05-13 01:28:08.967235,Success,
2438,2149,1,2026-05-10 12:01:34.343014,Success,
2439,2150,1,2026-05-13 05:09:17.059907,Success,
2440,2151,1,2026-05-13 02:59:54.095073,Success,
2441,2152,1,2026-05-15 06:17:21.624535,Success,
2442,2153,1,2026-05-11 06:20:03.569595,Success,
2443,2154,1,2026-05-13 11:34:32.876960,Success,
2444,2155,1,2026-05-13 00:25:18.137333,Success,
2445,2156,1,2026-05-11 00:48:03.995691,Success,
2446,2157,1,2026-05-10 22:21:35.062868,Success,
2447,2158,1,2026-05-11 16:39:52.119940,Failed,Address Issue
2448,2159,1,2026-05-12 05:21:55.098723,Success,
2449,2160,1,2026-05-11 08:54:52.517122,Success,
2450,2161,1,2026-05-13 01:26:04.820597,Success,
2451,2162,1,2026-05-13 03:57:51.086337,Success,
2452,2163,1,2026-05-12 10:56:55.927647,Success,
2453,2164,1,2026-05-11 10:14:55.616282,Success,
2454,2165,1,2026-05-12 18:51:20.410502,Success,
2455,2166,1,2026-05-12 18:24:42.172455,Success,
2456,2167,1,2026-05-14 09:58:38.640459,Success,
2457,2168,1,2026-05-12 12:42:23.978821,Success,
2458,2169,1,2026-05-12 10:10:17.815818,Success,
2459,2170,1,2026-05-13 21:05:03.881564,Failed,Customer Unavailable
2460,2170,2,2026-05-14 00:59:50.745001,Success,
2461,2171,1,2026-05-13 16:13:23.639530,Success,
2462,2172,1,2026-05-13 18:16:29.711688,Success,
2463,2173,1,2026-05-14 04:51:17.784524,Success,
2464,2174,1,2026-05-14 05:09:08.283745,Success,
2465,2175,1,2026-05-11 21:13:49.216724,Success,
2466,2176,1,2026-05-15 18:07:46.642999,Success,
2467,2177,1,2026-05-14 15:22:22.651142,Success,
2468,2178,1,2026-05-14 14:13:24.880420,Success,
2469,2179,1,2026-05-14 08:02:04.956793,Success,
2470,2180,1,2026-05-12 11:09:09.290352,Success,
2471,2181,1,2026-05-16 10:50:30.168648,Success,
2472,2182,1,2026-05-14 05:05:23.864855,Success,
2473,2183,1,2026-05-14 11:05:15.887609,Success,
2474,2184,1,2026-05-14 22:34:39.173788,Failed,None
2475,2184,2,2026-05-15 01:47:32.662153,Success,
2476,2185,1,2026-05-15 05:16:05.433830,Success,
2477,2186,1,2026-05-17 03:15:34.474490,Failed,Address Issue
2478,2186,2,2026-05-17 06:38:55.070805,Success,
2479,2187,1,2026-05-13 15:26:25.769745,Success,
2480,2188,1,2026-05-12 11:08:21.800680,Failed,None
2481,2188,2,2026-05-12 15:04:15.980695,Success,
2482,2189,1,2026-05-12 08:18:04.038751,Success,
2483,2190,1,2026-05-15 04:32:14.257981,Success,
2484,2191,1,2026-05-15 01:02:06.247597,Success,
2485,2192,1,2026-05-16 04:36:22.130049,Success,
2486,2193,1,2026-05-12 18:13:19.660888,Success,
2487,2194,1,2026-05-15 01:43:33.592673,Success,
2488,2195,1,2026-05-13 07:56:00.183923,Success,
2489,2196,1,2026-05-14 03:36:46.860583,Success,
2490,2197,1,2026-05-16 00:24:51.161694,Success,
2491,2198,1,2026-05-16 05:43:37.285284,Success,
2492,2199,1,2026-05-16 06:32:31.445587,Success,
2493,2200,1,2026-05-16 10:58:03.230064,Success,
2494,2201,1,2026-05-14 21:45:45.695072,Success,
2495,2202,1,2026-05-16 03:52:29.508455,Success,
2496,2203,1,2026-05-13 21:43:23.788637,Success,
2497,2204,1,2026-05-14 01:12:09.298668,Failed,None
2498,2204,2,2026-05-14 03:43:25.650724,Success,
2499,2205,1,2026-05-16 08:55:32.244448,Success,
2500,2206,1,2026-05-14 16:30:16.866377,Success,
2501,2207,1,2026-05-15 19:46:27.759037,Success,
2502,2208,1,2026-05-15 13:24:33.856107,Success,
2503,2209,1,2026-05-15 07:09:09.189294,Success,
2504,2210,1,2026-05-17 03:46:51.671484,Success,
2505,2211,1,2026-05-17 08:00:58.272742,Success,
2506,2212,1,2026-05-15 09:16:43.095010,Success,
2507,2213,1,2026-05-16 17:05:08.772375,Success,
2508,2214,1,2026-05-15 00:55:07.757552,Success,
2509,2215,1,2026-05-17 07:44:12.047640,Failed,None
2510,2215,2,2026-05-17 10:01:16.887920,Success,
2511,2216,1,2026-05-17 08:37:22.405812,Success,
2512,2217,1,2026-05-14 21:09:06.578806,Success,
2513,2218,1,2026-05-17 07:59:33.849684,Success,
2514,2219,1,2026-05-17 02:07:02.533150,Success,
2515,2220,1,2026-05-16 21:32:12.282948,Success,
2516,2221,1,2026-05-17 19:38:29.874090,Failed,Weather
2517,2222,1,2026-05-15 09:58:58.125244,Success,
2518,2223,1,2026-05-17 16:32:08.153280,Failed,None
2519,2223,2,2026-05-17 18:36:00.125243,Success,
2520,2224,1,2026-05-15 21:42:58.108464,Success,
2521,2225,1,2026-05-19 07:22:43.783008,Success,
2522,2226,1,2026-05-18 00:34:05.410068,Success,
2523,2227,1,2026-05-16 10:00:26.248849,Failed,None
2524,2227,2,2026-05-16 13:39:30.706368,Success,
2525,2228,1,2026-05-18 05:52:12.787694,Success,
2526,2229,1,2026-05-17 23:41:18.264460,Success,
2527,2230,1,2026-05-18 04:59:21.678740,Success,
2528,2231,1,2026-05-15 17:41:54.213931,Success,
2529,2232,1,2026-05-16 06:53:50.335333,Success,
2530,2233,1,2026-05-16 14:08:10.906887,Success,
2531,2234,1,2026-05-20 19:32:48.142288,Success,
2532,2235,1,2026-05-17 16:21:02.843593,Success,
2533,2236,1,2026-05-16 22:10:17.783661,Success,
2534,2237,1,2026-05-17 20:17:11.104309,Success,
2535,2238,1,2026-05-18 22:04:01.051363,Success,
2536,2239,1,2026-05-19 12:13:24.069061,Success,
2537,2240,1,2026-05-18 19:58:19.636094,Failed,None
2538,2240,2,2026-05-18 22:45:09.171067,Success,
2539,2241,1,2026-05-17 14:48:01.236033,Success,
2540,2242,1,2026-05-18 20:07:11.330539,Success,
2541,2243,1,2026-05-19 01:01:47.544006,Success,
2542,2244,1,2026-05-19 11:17:49.505403,Success,
2543,2245,1,2026-05-17 20:05:53.834402,Success,
2544,2246,1,2026-05-17 12:56:22.154619,Failed,None
2545,2246,2,2026-05-17 15:08:10.039536,Success,
2546,2247,1,2026-05-19 06:06:55.120217,Success,
2547,2248,1,2026-05-17 16:14:53.563969,Success,
2548,2249,1,2026-05-18 23:06:09.347464,Success,
2549,2250,1,2026-05-18 10:23:24.116708,Success,
2550,2251,1,2026-05-19 01:57:24.698467,Success,
2551,2252,1,2026-05-19 08:14:51.775901,Success,
2552,2253,1,2026-05-19 12:55:36.540430,Success,
2553,2254,1,2026-05-19 02:40:37.022052,Success,
2554,2255,1,2026-05-19 07:37:42.200290,Success,
2555,2256,1,2026-05-19 11:03:56.751583,Success,
2556,2257,1,2026-05-18 23:44:47.445213,Success,
2557,2258,1,2026-05-20 08:30:00.331211,Failed,None
2558,2258,2,2026-05-20 10:11:54.798724,Success,
2559,2259,1,2026-05-18 05:32:20.554767,Success,
2560,2260,1,2026-05-21 11:27:34.248985,Success,
2561,2261,1,2026-05-18 07:01:03.005715,Success,
2562,2262,1,2026-05-20 02:30:55.874908,Success,
2563,2263,1,2026-05-18 08:34:18.228356,Success,
2564,2264,1,2026-05-20 06:31:27.051225,Success,
2565,2265,1,2026-05-21 14:35:13.830294,Success,
2566,2266,1,2026-05-20 15:37:24.773002,Success,
2567,2267,1,2026-05-21 21:58:49.845851,Failed,Address Issue
2568,2267,2,2026-05-22 00:29:12.428166,Success,
2569,2268,1,2026-05-19 23:41:14.395093,Success,
2570,2269,1,2026-05-18 11:21:41.913271,Success,
2571,2270,1,2026-05-18 14:47:41.326125,Success,
2572,2271,1,2026-05-18 06:47:15.416429,Success,
2573,2272,1,2026-05-19 09:59:48.201940,Success,
2574,2273,1,2026-05-18 11:53:54.241767,Failed,Address Issue
2575,2274,1,2026-05-18 06:10:21.658316,Success,
2576,2275,1,2026-05-19 13:11:40.143380,Success,
2577,2276,1,2026-05-19 10:57:33.610421,Success,
2578,2277,1,2026-05-21 08:38:46.406482,Success,
2579,2278,1,2026-05-19 07:58:20.169387,Failed,None
2580,2278,2,2026-05-19 10:40:38.665842,Success,
2581,2279,1,2026-05-20 16:49:46.519421,Success,
2582,2280,1,2026-05-18 17:25:57.705450,Success,
2583,2281,1,2026-05-20 09:01:35.005277,Success,
2584,2282,1,2026-05-20 05:55:10.051860,Success,
2585,2283,1,2026-05-21 02:20:31.956064,Success,
2586,2284,1,2026-05-21 05:15:53.315291,Success,
2587,2285,1,2026-05-21 19:31:24.305365,Success,
2588,2286,1,2026-05-19 09:16:03.001394,Failed,None
2589,2286,2,2026-05-19 12:25:15.378777,Success,
2590,2287,1,2026-05-21 14:30:29.910995,Success,
2591,2288,1,2026-05-21 08:51:12.806409,Success,
2592,2289,1,2026-05-20 15:42:46.491639,Success,
2593,2290,1,2026-05-18 17:54:57.375454,Success,
2594,2291,1,2026-05-19 14:05:56.961147,Success,
2595,2292,1,2026-05-21 13:23:09.916524,Success,
2596,2293,1,2026-05-20 21:06:56.721846,Success,
2597,2294,1,2026-05-23 15:31:44.086454,Failed,Address Issue
2598,2294,2,2026-05-23 18:05:39.631280,Success,
2599,2295,1,2026-05-21 22:39:52.702183,Success,
2600,2296,1,2026-05-20 04:48:08.200892,Success,
2601,2297,1,2026-05-19 23:31:03.947961,Success,
2602,2298,1,2026-05-23 19:21:39.601278,Success,
2603,2299,1,2026-05-20 11:52:06.396072,Success,
2604,2300,1,2026-05-21 19:35:16.104747,Success,
2605,2301,1,2026-05-21 20:26:15.574058,Success,
2606,2302,1,2026-05-21 17:51:30.220526,Success,
2607,2303,1,2026-05-22 02:38:24.530272,Success,
2608,2304,1,2026-05-20 07:31:35.300738,Failed,None
2609,2304,2,2026-05-20 10:11:56.084859,Success,
2610,2305,1,2026-05-23 01:39:41.307703,Success,
2611,2306,1,2026-05-23 06:39:45.385715,Success,
2612,2307,1,2026-05-22 18:50:19.563543,Success,
2613,2308,1,2026-05-22 20:41:15.167491,Success,
2614,2309,1,2026-05-23 17:52:46.904884,Success,
2615,2310,1,2026-05-22 20:38:43.082044,Failed,Address Issue
2616,2311,1,2026-05-23 02:24:36.600064,Success,
2617,2312,1,2026-05-21 11:30:01.463037,Success,
2618,2313,1,2026-05-21 06:29:01.958910,Success,
2619,2314,1,2026-05-21 06:58:12.105409,Failed,None
2620,2314,2,2026-05-21 07:43:21.829559,Success,
2621,2315,1,2026-05-22 16:16:49.062929,Success,
2622,2316,1,2026-05-22 03:20:41.721492,Success,
2623,2317,1,2026-05-21 09:09:16.931189,Success,
2624,2318,1,2026-05-22 14:48:59.765220,Success,
2625,2319,1,2026-05-22 05:48:20.932665,Success,
2626,2320,1,2026-05-24 09:50:08.444960,Success,
2627,2321,1,2026-05-22 18:46:19.729180,Success,
2628,2322,1,2026-05-22 05:56:21.962702,Success,
2629,2323,1,2026-05-26 16:48:34.089434,Success,
2630,2324,1,2026-05-22 11:03:27.861548,Success,
2631,2325,1,2026-05-22 13:26:29.198530,Success,
2632,2326,1,2026-05-22 13:40:57.972869,Success,
2633,2327,1,2026-05-22 04:24:09.700772,Success,
2634,2328,1,2026-05-24 04:24:24.308978,Success,
2635,2329,1,2026-05-24 03:50:59.729425,Success,
2636,2330,1,2026-05-22 13:58:51.146328,Success,
2637,2331,1,2026-05-25 06:06:00.009497,Success,
2638,2332,1,2026-05-25 01:57:56.483192,Success,
2639,2333,1,2026-05-26 14:20:20.252504,Success,
2640,2334,1,2026-05-24 03:09:07.008752,Success,
2641,2335,1,2026-05-24 22:20:50.293277,Success,
2642,2336,1,2026-05-22 13:26:32.579587,Failed,Address Issue
2643,2337,1,2026-05-24 11:51:27.419501,Success,
2644,2338,1,2026-05-25 23:28:50.553919,Success,
2645,2339,1,2026-05-25 12:27:53.492607,Success,
2646,2340,1,2026-05-27 11:37:15.488914,Success,
2647,2341,1,2026-05-22 23:47:51.163476,Success,
2648,2342,1,2026-05-24 22:57:30.113696,Success,
2649,2343,1,2026-05-25 02:48:55.271610,Success,
2650,2344,1,2026-05-24 16:30:01.958793,Success,
2651,2345,1,2026-05-25 00:34:00.960510,Success,
2652,2346,1,2026-05-26 01:54:48.621768,Success,
2653,2347,1,2026-05-26 04:23:22.971863,Success,
2654,2348,1,2026-05-23 07:12:57.744559,Success,
2655,2349,1,2026-05-26 08:16:29.445379,Success,
2656,2350,1,2026-05-25 16:31:32.441902,Failed,Address Issue
2657,2350,2,2026-05-25 19:06:21.496567,Success,
2658,2351,1,2026-05-24 00:15:37.376956,Success,
2659,2352,1,2026-05-24 02:45:22.470532,Success,
2660,2353,1,2026-05-24 02:22:42.848726,Success,
2661,2354,1,2026-05-26 12:37:50.653733,Success,
2662,2355,1,2026-05-25 19:43:43.020419,Success,
2663,2356,1,2026-05-26 09:31:10.779899,Success,
2664,2357,1,2026-05-26 18:59:19.136047,Success,
2665,2358,1,2026-05-27 08:32:20.115848,Success,
2666,2359,1,2026-05-27 21:49:02.398692,Success,
2667,2360,1,2026-05-24 11:11:58.576245,Success,
2668,2361,1,2026-05-26 21:56:42.816412,Success,
2669,2362,1,2026-05-27 06:46:57.492400,Success,
2670,2363,1,2026-05-25 00:40:55.475736,Success,
2671,2364,1,2026-05-27 03:53:29.351219,Success,
2672,2365,1,2026-05-24 12:01:34.620757,Success,
2673,2366,1,2026-05-29 09:31:20.627490,Failed,Address Issue
2674,2366,2,2026-05-29 12:11:06.144081,Success,
2675,2367,1,2026-05-26 21:09:10.492933,Failed,None
2676,2367,2,2026-05-26 22:53:10.965960,Success,
2677,2368,1,2026-05-29 05:08:56.155225,Success,
2678,2369,1,2026-05-26 18:06:34.476814,Success,
2679,2370,1,2026-05-26 08:01:29.515644,Failed,None
2680,2370,2,2026-05-26 10:26:13.412725,Success,
2681,2371,1,2026-05-26 01:35:22.415681,Success,
2682,2372,1,2026-05-28 09:22:46.140894,Failed,Address Issue
2683,2373,1,2026-05-26 14:56:53.520053,Success,
2684,2374,1,2026-05-28 06:28:33.027907,Success,
2685,2375,1,2026-05-27 17:01:51.878811,Success,
2686,2376,1,2026-05-28 07:18:33.437590,Success,
2687,2377,1,2026-05-26 12:00:14.153587,Success,
2688,2378,1,2026-05-28 01:17:19.822666,Success,
2689,2379,1,2026-05-25 11:35:25.751687,Success,
2690,2380,1,2026-05-26 16:58:35.211427,Success,
2691,2381,1,2026-05-30 09:12:55.635106,Success,
2692,2382,1,2026-05-26 06:59:16.409649,Failed,None
2693,2382,2,2026-05-26 10:11:31.991503,Success,
2694,2383,1,2026-05-26 09:40:42.483388,Failed,None
2695,2383,2,2026-05-26 12:51:23.968810,Success,
2696,2384,1,2026-05-28 04:59:22.922805,Success,
2697,2385,1,2026-05-26 14:52:54.592182,Success,
2698,2386,1,2026-05-26 07:17:00.599565,Failed,None
2699,2386,2,2026-05-26 07:37:20.725262,Success,
2700,2387,1,2026-05-29 02:48:20.726050,Success,
2701,2388,1,2026-05-29 01:29:15.447380,Success,
2702,2389,1,2026-05-29 00:17:02.306784,Success,
2703,2390,1,2026-05-27 03:42:33.750538,Success,
2704,2391,1,2026-05-27 16:26:10.370680,Success,
2705,2392,1,2026-05-27 20:18:06.540377,Success,
2706,2393,1,2026-05-27 15:15:30.512566,Success,
2707,2394,1,2026-05-28 19:05:39.213912,Success,
2708,2395,1,2026-05-29 03:30:07.202601,Success,
2709,2396,1,2026-05-27 07:39:28.934558,Success,
2710,2397,1,2026-05-27 00:03:01.464272,Failed,None
2711,2397,2,2026-05-27 01:27:44.228082,Success,
2712,2398,1,2026-05-27 11:22:43.377834,Success,
2713,2399,1,2026-05-26 09:02:49.243604,Success,
2714,2400,1,2026-05-28 21:42:26.436967,Success,
2715,2401,1,2026-05-29 07:25:54.755683,Success,
2716,2402,1,2026-05-30 04:12:48.670124,Failed,None
2717,2402,2,2026-05-30 07:45:53.239537,Success,
2718,2403,1,2026-05-30 04:58:01.228252,Success,
2719,2404,1,2026-05-29 15:11:41.538679,Failed,None
2720,2404,2,2026-05-29 17:50:43.831653,Success,
2721,2405,1,2026-05-30 00:56:08.705584,Success,
2722,2406,1,2026-05-29 01:41:16.939488,Success,
2723,2407,1,2026-05-28 12:16:41.711998,Success,
2724,2408,1,2026-05-27 13:19:56.336604,Success,
2725,2409,1,2026-05-28 03:24:22.426458,Failed,Address Issue
2726,2410,1,2026-05-29 21:03:06.698303,Success,
2727,2411,1,2026-05-31 16:46:04.118390,Success,
2728,2412,1,2026-05-30 01:23:22.304351,Success,
2729,2413,1,2026-05-31 18:46:20.541221,Failed,Address Issue
2730,2413,2,2026-05-31 19:54:35.478490,Success,
2731,2414,1,2026-05-27 23:12:15.534557,Failed,None
2732,2414,2,2026-05-28 00:32:18.422134,Success,
2733,2415,1,2026-05-28 18:48:28.485889,Success,
2734,2416,1,2026-05-30 13:32:16.889360,Success,
2735,2417,1,2026-05-28 00:15:03.616128,Success,
2736,2418,1,2026-05-30 14:58:39.268437,Success,
2737,2419,1,2026-05-30 06:48:04.517989,Success,
2738,2420,1,2026-05-29 18:10:06.446122,Success,
2739,2421,1,2026-05-29 04:31:22.434792,Success,
2740,2422,1,2026-05-30 18:04:03.872259,Failed,None
2741,2422,2,2026-05-30 21:19:36.574508,Success,
2742,2423,1,2026-05-30 15:43:04.222998,Success,
2743,2424,1,2026-05-28 17:38:12.766681,Success,
2744,2425,1,2026-05-31 07:01:22.782352,Failed,Carrier Capacity
2745,2425,2,2026-05-31 08:09:14.145516,Success,
2746,2426,1,2026-05-29 06:43:40.241482,Failed,Address Issue
2747,2426,2,2026-05-29 07:33:31.479790,Success,
2748,2427,1,2026-05-29 10:36:17.390457,Success,
2749,2428,1,2026-05-31 18:15:52.835859,Failed,Address Issue
2750,2428,2,2026-05-31 19:50:02.394240,Success,
2751,2429,1,2026-05-28 23:56:12.009929,Failed,None
2752,2429,2,2026-05-29 00:48:54.970544,Success,
2753,2430,1,2026-05-29 04:34:42.648440,Success,
2754,2431,1,2026-05-29 10:21:22.450544,Failed,None
2755,2431,2,2026-05-29 10:48:52.835461,Success,
2756,2432,1,2026-05-31 06:27:14.128963,Success,
2757,2433,1,2026-05-30 23:39:59.006155,Failed,None
2758,2433,2,2026-05-31 02:16:22.718059,Success,
2759,2434,1,2026-05-30 23:06:08.570368,Success,
2760,2435,1,2026-05-28 10:27:33.217396,Success,
2761,2436,1,2026-05-31 09:04:31.461072,Success,
2762,2437,1,2026-05-29 15:45:54.192595,Success,
2763,2438,1,2026-06-01 12:49:54.214047,Success,
2764,2439,1,2026-05-30 08:49:39.655585,Success,
2765,2440,1,2026-05-31 01:37:28.601618,Failed,Address Issue
2766,2440,2,2026-05-31 03:08:19.858872,Success,
2767,2441,1,2026-05-30 01:31:53.975486,Success,
2768,2442,1,2026-06-01 02:04:39.840353,Success,
2769,2443,1,2026-06-01 08:14:25.334204,Success,
2770,2444,1,2026-05-30 15:18:32.699888,Success,
2771,2445,1,2026-05-30 05:53:57.913304,Success,
2772,2446,1,2026-06-01 01:17:06.818833,Success,
2773,2447,1,2026-05-30 05:29:00.186987,Success,
2774,2448,1,2026-05-29 02:27:16.742490,Success,
2775,2449,1,2026-06-01 00:24:34.577414,Success,
2776,2450,1,2026-05-31 21:27:22.354708,Success,
2777,2451,1,2026-06-01 06:12:37.460349,Success,
2778,2452,1,2026-05-30 02:37:55.427058,Success,
2779,2453,1,2026-05-31 14:23:24.725584,Success,
2780,2454,1,2026-05-31 11:49:54.014340,Failed,None
2781,2454,2,2026-05-31 14:48:54.336281,Success,
2782,2455,1,2026-06-01 08:39:48.072948,Success,
2783,2456,1,2026-05-30 08:03:38.306712,Success,
2784,2457,1,2026-05-31 16:54:00.122394,Success,
2785,2458,1,2026-05-31 20:09:27.695423,Success,
2786,2459,1,2026-05-31 10:17:36.259211,Success,
2787,2460,1,2026-05-31 01:02:11.620629,Success,
2788,2461,1,2026-06-02 21:53:13.095438,Success,
2789,2462,1,2026-06-01 22:33:12.652611,Success,
2790,2463,1,2026-05-31 08:49:58.398509,Success,
2791,2464,1,2026-05-30 18:41:26.799353,Success,
2792,2465,1,2026-05-31 18:05:43.147044,Success,
2793,2466,1,2026-06-04 15:48:03.622195,Success,
2794,2467,1,2026-06-02 02:58:09.335644,Success,
2795,2468,1,2026-05-31 09:51:06.412402,Success,
2796,2469,1,2026-05-30 13:07:37.805994,Success,
2797,2470,1,2026-05-31 16:13:20.011352,Success,
2798,2471,1,2026-06-02 02:56:30.088970,Success,
2799,2472,1,2026-05-31 11:23:23.135260,Success,
2800,2473,1,2026-06-01 15:12:29.331102,Success,
2801,2474,1,2026-06-01 04:27:28.383126,Success,
2802,2475,1,2026-06-03 11:16:55.459167,Success,
2803,2476,1,2026-06-03 02:17:14.483775,Success,
2804,2477,1,2026-05-31 07:06:19.700449,Success,
2805,2478,1,2026-06-04 12:58:27.374635,Success,
2806,2479,1,2026-06-03 08:19:24.971147,Success,
2807,2480,1,2026-06-02 22:04:24.676263,Failed,Hub Congestion
2808,2480,2,2026-06-03 00:04:31.769380,Success,
2809,2481,1,2026-06-02 18:22:32.412618,Success,
2810,2482,1,2026-06-01 09:34:04.632753,Success,
2811,2483,1,2026-06-02 16:34:18.126302,Success,
2812,2484,1,2026-06-03 00:23:40.923527,Success,
2813,2485,1,2026-06-01 11:04:33.805295,Success,
2814,2486,1,2026-06-02 19:58:41.153931,Success,
2815,2487,1,2026-06-01 09:07:57.730122,Failed,None
2816,2487,2,2026-06-01 09:35:27.232179,Success,
2817,2488,1,2026-06-03 13:57:21.611861,Success,
2818,2489,1,2026-05-31 02:19:21.880559,Failed,None
2819,2489,2,2026-05-31 05:56:27.140618,Success,
2820,2490,1,2026-06-01 09:34:43.658498,Success,
2821,2491,1,2026-06-03 04:59:38.575463,Success,
2822,2492,1,2026-06-01 07:11:49.515175,Success,
2823,2493,1,2026-06-04 04:38:25.566160,Success,
2824,2494,1,2026-06-04 13:04:06.709438,Success,
2825,2495,1,2026-06-04 01:06:34.204340,Success,
2826,2496,1,2026-06-04 06:43:11.445327,Success,
2827,2497,1,2026-06-05 08:52:31.246145,Failed,Hub Congestion
2828,2497,2,2026-06-05 09:48:40.243447,Success,
2829,2498,1,2026-06-02 07:57:06.081946,Success,
2830,2499,1,2026-06-04 05:15:41.004405,Success,
2831,2500,1,2026-06-03 17:14:02.906677,Success,
2832,2501,1,2026-06-02 12:46:10.246822,Failed,Address Issue
2833,2502,1,2026-06-02 01:46:07.953454,Success,
2834,2503,1,2026-06-04 08:48:33.426640,Success,
2835,2504,1,2026-06-04 12:26:58.555241,Success,
2836,2505,1,2026-06-01 01:24:20.969921,Success,
2837,2506,1,2026-06-04 07:03:12.824817,Success,
2838,2507,1,2026-06-04 07:16:27.845596,Success,
2839,2508,1,2026-06-04 09:10:53.313426,Success,
2840,2509,1,2026-06-02 05:58:24.111142,Success,
2841,2510,1,2026-06-02 05:48:31.170512,Success,
2842,2511,1,2026-06-04 11:26:32.234607,Success,
2843,2512,1,2026-06-04 03:02:35.093628,Failed,None
2844,2512,2,2026-06-04 03:56:38.989476,Success,
2845,2513,1,2026-06-01 20:40:29.689608,Success,
2846,2514,1,2026-06-04 02:00:03.757482,Success,
2847,2515,1,2026-06-04 03:20:17.999902,Success,
2848,2516,1,2026-06-03 14:13:44.795074,Success,
2849,2517,1,2026-06-02 16:04:44.935230,Success,
2850,2518,1,2026-06-03 09:42:21.220920,Success,
2851,2519,1,2026-06-05 02:57:34.246548,Success,
2852,2520,1,2026-06-02 17:51:28.463596,Success,
2853,2521,1,2026-06-05 01:46:14.077435,Success,
2854,2522,1,2026-06-04 23:18:59.803576,Success,
2855,2523,1,2026-06-05 05:29:02.004353,Success,
2856,2524,1,2026-06-04 23:27:24.047737,Success,
2857,2525,1,2026-06-03 06:14:39.726574,Success,
2858,2526,1,2026-06-03 06:06:39.706433,Success,
2859,2527,1,2026-06-03 04:02:54.776593,Success,
2860,2528,1,2026-06-05 06:34:06.213816,Failed,Weather
2861,2528,2,2026-06-05 10:10:01.232176,Success,
2862,2529,1,2026-06-04 06:01:48.058037,Success,
2863,2530,1,2026-06-05 08:21:20.943398,Success,
2864,2531,1,2026-06-06 00:26:06.100944,Success,
2865,2532,1,2026-06-06 08:05:16.129840,Success,
2866,2533,1,2026-06-05 18:39:53.421131,Failed,Address Issue
2867,2534,1,2026-06-04 13:37:10.393562,Success,
2868,2535,1,2026-06-04 19:35:07.414632,Failed,Address Issue
2869,2536,1,2026-06-05 15:34:56.918655,Failed,Hub Congestion
2870,2536,2,2026-06-05 18:31:12.841854,Success,
2871,2537,1,2026-06-04 13:17:47.671491,Success,
2872,2538,1,2026-06-06 06:10:13.090053,Success,
2873,2539,1,2026-06-07 10:18:55.582543,Success,
2874,2540,1,2026-06-06 06:11:15.856633,Success,
2875,2541,1,2026-06-03 15:09:51.355933,Failed,None
2876,2541,2,2026-06-03 17:05:58.306067,Success,
2877,2542,1,2026-06-06 09:01:58.585289,Success,
2878,2543,1,2026-06-06 22:07:59.471384,Failed,Hub Congestion
2879,2543,2,2026-06-06 23:12:29.102024,Success,
2880,2544,1,2026-06-06 22:15:45.531232,Success,
2881,2545,1,2026-06-05 10:40:15.748968,Success,
2882,2546,1,2026-06-08 02:21:47.574135,Failed,Carrier Capacity
2883,2546,2,2026-06-08 05:18:54.032588,Success,
2884,2547,1,2026-06-06 23:04:16.172387,Success,
2885,2548,1,2026-06-04 21:58:58.178699,Success,
2886,2549,1,2026-06-08 01:21:44.925795,Success,
2887,2550,1,2026-06-04 13:46:01.074481,Failed,None
2888,2550,2,2026-06-04 16:08:54.207784,Success,
2889,2551,1,2026-06-05 04:17:33.967123,Success,
2890,2552,1,2026-06-05 15:04:33.006031,Success,
2891,2553,1,2026-06-05 13:51:01.399789,Failed,None
2892,2553,2,2026-06-05 15:15:42.808261,Success,
2893,2554,1,2026-06-05 13:58:05.711892,Success,
2894,2555,1,2026-06-06 21:19:26.231221,Success,
2895,2556,1,2026-06-06 14:22:59.609724,Success,
2896,2557,1,2026-06-06 18:03:03.101513,Success,
2897,2558,1,2026-06-07 06:06:49.931649,Success,
2898,2559,1,2026-06-08 05:05:27.504958,Success,
2899,2560,1,2026-06-06 08:50:39.845465,Success,
2900,2561,1,2026-06-09 01:34:57.156882,Success,
2901,2562,1,2026-06-08 00:06:31.564802,Success,
2902,2563,1,2026-06-07 17:24:05.833401,Success,
2903,2564,1,2026-06-10 10:50:01.296261,Failed,Customer Unavailable
2904,2564,2,2026-06-10 13:53:39.415824,Success,
2905,2565,1,2026-06-10 10:02:46.156868,Success,
2906,2566,1,2026-06-08 09:06:18.977194,Success,
2907,2567,1,2026-06-05 21:43:13.777925,Failed,None
2908,2567,2,2026-06-06 01:38:07.825427,Success,
2909,2568,1,2026-06-06 08:46:11.773539,Success,
2910,2569,1,2026-06-08 04:13:53.773051,Failed,Address Issue
2911,2569,2,2026-06-08 06:46:21.225512,Success,
2912,2570,1,2026-06-08 05:18:12.576317,Success,
2913,2571,1,2026-06-05 14:18:05.842304,Failed,None
2914,2571,2,2026-06-05 15:34:25.627153,Success,
2915,2572,1,2026-06-08 10:16:27.907394,Success,
2916,2573,1,2026-06-07 22:33:45.533751,Success,
2917,2574,1,2026-06-09 17:32:58.228818,Success,
2918,2575,1,2026-06-05 17:27:16.321411,Success,
2919,2576,1,2026-06-08 14:01:24.574749,Success,
2920,2577,1,2026-06-06 16:46:01.510317,Success,
2921,2578,1,2026-06-09 02:40:11.631706,Success,
2922,2579,1,2026-06-08 01:35:44.723444,Success,
2923,2580,1,2026-06-06 00:53:57.191344,Failed,None
2924,2580,2,2026-06-06 01:18:45.793718,Success,
2925,2581,1,2026-06-05 21:55:04.780807,Success,
2926,2582,1,2026-06-09 04:05:53.052559,Success,
2927,2583,1,2026-06-07 11:16:36.414545,Failed,None
2928,2583,2,2026-06-07 13:56:29.345235,Success,
2929,2584,1,2026-06-09 00:05:14.103206,Success,
2930,2585,1,2026-06-08 16:49:20.457224,Success,
2931,2586,1,2026-06-10 14:14:51.560238,Failed,Address Issue
2932,2586,2,2026-06-10 16:35:17.618063,Success,
2933,2587,1,2026-06-08 17:12:39.959904,Success,
2934,2588,1,2026-06-06 13:09:22.424724,Success,
2935,2589,1,2026-06-07 05:36:13.816438,Success,
2936,2590,1,2026-06-08 15:49:41.923772,Success,
2937,2591,1,2026-06-07 09:14:20.854954,Success,
2938,2592,1,2026-06-07 23:41:48.481320,Failed,Address Issue
2939,2592,2,2026-06-08 00:53:48.896567,Success,
2940,2593,1,2026-06-08 16:29:42.302740,Success,
2941,2594,1,2026-06-09 04:08:20.752229,Failed,None
2942,2594,2,2026-06-09 06:08:08.888782,Success,
2943,2595,1,2026-06-07 12:17:03.673167,Success,
2944,2596,1,2026-06-09 06:11:45.494976,Failed,None
2945,2596,2,2026-06-09 09:31:46.133081,Success,
2946,2597,1,2026-06-07 21:31:37.099225,Success,
2947,2598,1,2026-06-10 10:39:26.572740,Success,
2948,2599,1,2026-06-07 18:40:42.530154,Success,
2949,2600,1,2026-06-08 09:55:35.594287,Success,
2950,2601,1,2026-06-11 14:59:00.548165,Success,
2951,2602,1,2026-06-08 11:17:21.030949,Success,
2952,2603,1,2026-06-10 00:35:16.881591,Success,
2953,2604,1,2026-06-07 09:41:20.133092,Success,
2954,2605,1,2026-06-09 22:40:31.009668,Success,
2955,2606,1,2026-06-10 06:24:36.395057,Success,
2956,2607,1,2026-06-10 01:51:12.710825,Success,
2957,2608,1,2026-06-10 07:35:41.547409,Success,
2958,2609,1,2026-06-10 03:39:07.548207,Success,
2959,2610,1,2026-06-08 11:45:48.918747,Success,
2960,2611,1,2026-06-08 04:52:39.115257,Failed,None
2961,2611,2,2026-06-08 06:47:44.514259,Success,
2962,2612,1,2026-06-08 12:18:04.236497,Success,
2963,2613,1,2026-06-09 18:03:04.079126,Success,
2964,2614,1,2026-06-11 20:00:55.998466,Success,
2965,2615,1,2026-06-11 22:24:52.827907,Success,
2966,2616,1,2026-06-10 08:12:13.969879,Success,
2967,2617,1,2026-06-11 07:35:19.167489,Success,
2968,2618,1,2026-06-09 07:42:33.159233,Failed,Address Issue
2969,2619,1,2026-06-08 10:23:13.172055,Success,
2970,2620,1,2026-06-09 01:24:08.091141,Success,
2971,2621,1,2026-06-11 04:27:10.394094,Success,
2972,2622,1,2026-06-11 00:50:59.242574,Success,
2973,2623,1,2026-06-10 16:22:10.088639,Failed,None
2974,2623,2,2026-06-10 19:02:16.629871,Success,
2975,2624,1,2026-06-09 14:54:45.375553,Success,
2976,2625,1,2026-06-11 03:19:35.329910,Success,
2977,2626,1,2026-06-09 08:45:21.740132,Success,
2978,2627,1,2026-06-11 17:26:29.364629,Success,
2979,2628,1,2026-06-11 17:18:39.528711,Success,
2980,2629,1,2026-06-09 09:58:03.165112,Success,
2981,2630,1,2026-06-09 17:35:19.368688,Success,
2982,2631,1,2026-06-09 15:56:34.953602,Failed,Address Issue
2983,2631,2,2026-06-09 16:38:05.207220,Success,
2984,2632,1,2026-06-08 14:58:53.777318,Success,
2985,2633,1,2026-06-11 00:29:06.951790,Success,
2986,2634,1,2026-06-11 03:00:20.681068,Success,
2987,2635,1,2026-06-10 15:10:51.083024,Failed,Hub Congestion
2988,2635,2,2026-06-10 16:25:24.745929,Success,
2989,2636,1,2026-06-10 19:44:15.835787,Success,
2990,2637,1,2026-06-10 14:55:31.001365,Success,
2991,2638,1,2026-06-13 16:18:47.992100,Failed,Carrier Capacity
2992,2638,2,2026-06-13 20:11:19.358694,Success,
2993,2639,1,2026-06-11 17:08:34.920012,Success,
2994,2640,1,2026-06-10 16:36:48.857055,Success,
2995,2641,1,2026-06-12 11:01:33.261770,Failed,None
2996,2641,2,2026-06-12 14:11:08.432266,Success,
2997,2642,1,2026-06-09 23:26:43.530504,Success,
2998,2643,1,2026-06-09 02:52:33.679880,Success,
2999,2644,1,2026-06-11 19:02:50.188760,Success,
3000,2645,1,2026-06-12 08:35:03.218268,Success,
3001,2646,1,2026-06-12 16:10:55.164645,Success,
3002,2647,1,2026-06-12 03:06:01.720538,Success,
3003,2648,1,2026-06-11 15:34:41.705838,Success,
3004,2649,1,2026-06-12 02:37:31.831063,Success,
3005,2650,1,2026-06-12 11:15:29.845302,Success,
3006,2651,1,2026-06-10 06:14:03.377048,Success,
3007,2652,1,2026-06-12 01:29:54.826660,Success,
3008,2653,1,2026-06-10 09:33:44.309962,Success,
3009,2654,1,2026-06-11 15:54:29.590191,Success,
3010,2655,1,2026-06-13 05:02:21.961295,Success,
3011,2656,1,2026-06-12 20:47:15.233239,Success,
3012,2657,1,2026-06-11 10:42:41.001937,Success,
3013,2658,1,2026-06-11 07:56:32.205747,Success,
3014,2659,1,2026-06-12 23:24:41.804014,Success,
3015,2660,1,2026-06-12 16:33:23.956667,Failed,Weather
3016,2660,2,2026-06-12 17:45:05.732101,Success,
3017,2661,1,2026-06-11 00:35:14.688047,Success,
3018,2662,1,2026-06-12 22:03:05.085808,Success,
3019,2663,1,2026-06-12 12:05:01.901397,Failed,Customer Unavailable
3020,2663,2,2026-06-12 12:24:50.265360,Success,
3021,2664,1,2026-06-11 09:42:54.804461,Success,
3022,2665,1,2026-06-12 16:54:07.278815,Failed,Vehicle Breakdown
3023,2665,2,2026-06-12 18:27:24.690850,Success,
3024,2666,1,2026-06-11 06:21:06.461711,Success,
3025,2667,1,2026-06-13 01:31:34.363420,Success,
3026,2668,1,2026-06-10 22:10:35.726501,Success,
3027,2669,1,2026-06-11 10:36:22.887135,Success,
3028,2670,1,2026-06-14 07:11:03.356268,Success,
3029,2671,1,2026-06-14 04:06:08.373706,Success,
3030,2672,1,2026-06-14 04:29:10.435836,Success,
3031,2673,1,2026-06-14 07:02:51.204510,Failed,None
3032,2673,2,2026-06-14 10:20:45.017200,Success,
3033,2674,1,2026-06-13 22:48:18.670183,Success,
3034,2675,1,2026-06-14 13:13:43.848829,Success,
3035,2676,1,2026-06-12 13:49:24.535678,Success,
3036,2677,1,2026-06-11 18:21:56.706272,Success,
3037,2678,1,2026-06-14 12:58:53.320512,Success,
3038,2679,1,2026-06-14 11:35:20.253339,Success,
3039,2680,1,2026-06-13 21:18:44.349166,Success,
3040,2681,1,2026-06-13 21:25:01.908175,Success,
3041,2682,1,2026-06-11 13:20:56.495610,Success,
3042,2683,1,2026-06-12 12:26:45.096707,Success,
3043,2684,1,2026-06-12 17:41:33.387521,Success,
3044,2685,1,2026-06-11 16:15:07.735129,Failed,Address Issue
3045,2686,1,2026-06-13 21:10:52.542921,Success,
3046,2687,1,2026-06-12 01:52:56.869060,Success,
3047,2688,1,2026-06-13 23:44:52.473534,Success,
3048,2689,1,2026-06-13 12:49:37.834443,Success,
3049,2690,1,2026-06-13 05:38:22.155458,Success,
3050,2691,1,2026-06-14 14:18:47.944129,Success,
3051,2692,1,2026-06-13 05:58:36.016990,Success,
3052,2693,1,2026-06-15 08:06:24.844117,Failed,None
3053,2693,2,2026-06-15 11:13:46.746497,Success,
3054,2694,1,2026-06-14 21:39:20.252460,Success,
3055,2695,1,2026-06-14 23:19:15.517811,Success,
3056,2696,1,2026-06-12 14:27:54.800575,Success,
3057,2697,1,2026-06-14 19:31:30.974080,Success,
3058,2698,1,2026-06-15 09:40:18.121830,Success,
3059,2699,1,2026-06-14 15:05:33.708653,Success,
3060,2700,1,2026-06-12 13:18:03.549491,Success,
3061,2701,1,2026-06-12 19:53:18.846659,Success,
3062,2702,1,2026-06-15 00:45:48.799439,Success,
3063,2703,1,2026-06-16 17:04:09.103481,Success,
3064,2704,1,2026-06-15 11:57:11.668713,Success,
3065,2705,1,2026-06-13 15:08:03.117546,Success,
3066,2706,1,2026-06-14 20:57:05.555653,Success,
3067,2707,1,2026-06-16 08:20:23.300393,Success,
3068,2708,1,2026-06-14 00:52:52.986376,Success,
3069,2709,1,2026-06-16 00:52:26.349319,Success,
3070,2710,1,2026-06-15 23:43:59.262914,Success,
3071,2711,1,2026-06-14 21:20:04.050452,Success,
3072,2712,1,2026-06-15 21:51:17.736841,Success,
3073,2713,1,2026-06-16 10:19:41.141288,Success,
3074,2714,1,2026-06-14 01:51:55.554944,Success,
3075,2715,1,2026-06-16 11:37:31.805289,Success,
3076,2716,1,2026-06-15 16:21:14.067632,Success,
3077,2717,1,2026-06-14 09:06:55.182376,Success,
3078,2718,1,2026-06-15 19:05:14.525588,Success,
3079,2719,1,2026-06-14 07:08:02.401668,Success,
3080,2720,1,2026-06-16 02:19:55.427100,Success,
3081,2721,1,2026-06-15 08:53:07.747190,Success,
3082,2722,1,2026-06-16 19:12:51.159968,Success,
3083,2723,1,2026-06-17 01:08:19.115911,Success,
3084,2724,1,2026-06-14 21:00:06.307515,Success,
3085,2725,1,2026-06-16 17:04:40.628074,Success,
3086,2726,1,2026-06-14 11:20:25.599895,Success,
3087,2727,1,2026-06-15 06:25:31.380626,Success,
3088,2728,1,2026-06-15 08:57:27.059375,Success,
3089,2729,1,2026-06-17 05:23:54.486414,Success,
3090,2730,1,2026-06-17 07:22:37.644947,Success,
3091,2731,1,2026-06-15 12:16:33.860265,Success,
3092,2732,1,2026-06-18 14:50:38.287237,Success,
3093,2733,1,2026-06-15 02:21:30.903171,Success,
3094,2734,1,2026-06-16 22:23:09.413259,Success,
3095,2735,1,2026-06-17 08:38:08.600495,Success,
3096,2736,1,2026-06-15 21:26:00.525627,Success,
3097,2737,1,2026-06-15 18:02:38.606278,Success,
3098,2738,1,2026-06-18 02:19:07.867776,Success,
3099,2739,1,2026-06-18 01:42:08.072221,Success,
3100,2740,1,2026-06-16 12:37:03.452430,Success,
3101,2741,1,2026-06-16 18:21:28.093538,Success,
3102,2742,1,2026-06-18 12:40:25.816042,Success,
3103,2743,1,2026-06-17 14:59:30.258386,Success,
3104,2744,1,2026-06-17 18:49:22.788096,Failed,Customer Unavailable
3105,2744,2,2026-06-17 20:37:53.743816,Success,
3106,2745,1,2026-06-16 04:01:41.724808,Success,
3107,2746,1,2026-06-16 04:20:50.589852,Failed,None
3108,2746,2,2026-06-16 05:18:07.360029,Success,
3109,2747,1,2026-06-16 13:49:28.877654,Success,
3110,2748,1,2026-06-16 12:12:54.826052,Success,
3111,2749,1,2026-06-15 17:52:09.429384,Success,
3112,2750,1,2026-06-17 14:10:17.916306,Failed,None
3113,2750,2,2026-06-17 18:00:38.879641,Success,
3114,2751,1,2026-06-18 12:14:14.825989,Success,
3115,2752,1,2026-06-16 05:06:11.574165,Success,
3116,2753,1,2026-06-16 04:30:52.503561,Success,
3117,2754,1,2026-06-18 06:57:06.393815,Success,
3118,2755,1,2026-06-15 10:51:40.794520,Success,
3119,2756,1,2026-06-16 10:51:18.164665,Success,
3120,2757,1,2026-06-18 21:16:37.652661,Success,
3121,2758,1,2026-06-19 07:56:53.066854,Success,
3122,2759,1,2026-06-16 11:05:52.781382,Success,
3123,2760,1,2026-06-18 15:20:28.702960,Success,
3124,2761,1,2026-06-19 08:43:28.376746,Success,
3125,2762,1,2026-06-19 01:59:41.809301,Success,
3126,2763,1,2026-06-19 08:13:57.402204,Success,
3127,2764,1,2026-06-19 06:46:25.526721,Success,
3128,2765,1,2026-06-18 23:20:47.848651,Success,
3129,2766,1,2026-06-16 22:10:04.758868,Success,
3130,2767,1,2026-06-19 10:09:16.809633,Success,
3131,2768,1,2026-06-21 03:07:42.554333,Success,
3132,2769,1,2026-06-18 00:05:13.580826,Success,
3133,2770,1,2026-06-17 15:36:54.504449,Failed,None
3134,2770,2,2026-06-17 17:59:01.777562,Success,
3135,2771,1,2026-06-18 09:42:17.457679,Success,
3136,2772,1,2026-06-20 04:52:12.738994,Success,
3137,2773,1,2026-06-20 00:05:58.770498,Failed,None
3138,2773,2,2026-06-20 03:41:15.385570,Success,
3139,2774,1,2026-06-19 20:57:37.962099,Success,
3140,2775,1,2026-06-18 05:05:39.615104,Success,
3141,2776,1,2026-06-18 14:35:32.669740,Success,
3142,2777,1,2026-06-18 14:58:52.986442,Success,
3143,2778,1,2026-06-18 01:56:04.767012,Success,
3144,2779,1,2026-06-19 18:56:03.733333,Success,
3145,2780,1,2026-06-17 14:03:40.407027,Failed,None
3146,2780,2,2026-06-17 14:42:08.748096,Success,
3147,2781,1,2026-06-18 05:58:10.466433,Success,
3148,2782,1,2026-06-20 14:28:02.032060,Success,
3149,2783,1,2026-06-17 21:37:31.595871,Success,
3150,2784,1,2026-06-18 10:41:43.336381,Success,
3151,2785,1,2026-06-18 20:51:38.669068,Success,
3152,2786,1,2026-06-17 21:00:39.931464,Success,
3153,2787,1,2026-06-18 00:45:38.347932,Success,
3154,2788,1,2026-06-19 02:12:29.602785,Success,
3155,2789,1,2026-06-20 22:07:04.785022,Success,
3156,2790,1,2026-06-18 22:32:01.086779,Failed,None
3157,2790,2,2026-06-19 02:14:16.670542,Success,
3158,2791,1,2026-06-20 23:39:24.804445,Success,
3159,2792,1,2026-06-18 09:02:35.557845,Success,
3160,2793,1,2026-06-19 08:48:08.571601,Success,
3161,2794,1,2026-06-21 06:07:01.693339,Success,
3162,2795,1,2026-06-20 04:54:14.572007,Success,
3163,2796,1,2026-06-19 03:00:11.620038,Success,
3164,2797,1,2026-06-18 11:50:18.134574,Success,
3165,2798,1,2026-06-21 07:15:29.391565,Success,
3166,2799,1,2026-06-19 14:13:38.058792,Success,
3167,2800,1,2026-06-19 09:50:45.075885,Success,
3168,2801,1,2026-06-21 06:23:07.777333,Success,
3169,2802,1,2026-06-21 20:40:48.213965,Success,
3170,2803,1,2026-06-22 16:28:51.787124,Success,
3171,2804,1,2026-06-20 03:07:11.128688,Success,
3172,2805,1,2026-06-22 16:05:34.490416,Failed,Customer Unavailable
3173,2805,2,2026-06-22 19:10:27.718796,Success,
3174,2806,1,2026-06-19 11:07:42.750333,Failed,None
3175,2806,2,2026-06-19 12:49:48.524159,Success,
3176,2807,1,2026-06-20 06:52:52.953264,Success,
3177,2808,1,2026-06-20 00:51:26.157529,Success,
3178,2809,1,2026-06-21 16:54:39.345025,Success,
3179,2810,1,2026-06-20 18:13:02.660241,Success,
3180,2811,1,2026-06-22 02:11:09.347365,Success,
3181,2812,1,2026-06-22 10:42:12.645277,Success,
3182,2813,1,2026-06-20 16:53:01.958690,Failed,None
3183,2813,2,2026-06-20 19:35:35.515962,Success,
3184,2814,1,2026-06-20 08:32:55.667389,Success,
3185,2815,1,2026-06-21 19:23:45.586830,Failed,None
3186,2815,2,2026-06-21 20:27:33.501566,Success,
3187,2816,1,2026-06-20 05:16:10.869457,Success,
3188,2817,1,2026-06-21 20:28:28.561179,Success,
3189,2818,1,2026-06-20 09:24:01.789314,Success,
3190,2819,1,2026-06-21 21:22:21.724107,Failed,None
3191,2819,2,2026-06-21 23:49:53.982723,Success,
3192,2820,1,2026-06-21 17:06:28.707001,Success,
3193,2821,1,2026-06-20 21:53:09.651487,Success,
3194,2822,1,2026-06-20 11:50:29.132900,Success,
3195,2823,1,2026-06-20 21:03:39.827719,Success,
3196,2824,1,2026-06-21 18:24:02.428882,Success,
3197,2825,1,2026-06-21 14:19:37.297685,Success,
3198,2826,1,2026-06-21 03:31:01.993949,Success,
3199,2827,1,2026-06-23 05:26:21.807005,Success,
3200,2828,1,2026-06-23 01:51:19.374899,Success,
3201,2829,1,2026-06-25 06:51:23.476525,Success,
3202,2830,1,2026-06-21 17:09:29.332610,Success,
3203,2831,1,2026-06-20 06:41:17.561834,Failed,None
3204,2831,2,2026-06-20 08:55:15.379956,Success,
3205,2832,1,2026-06-23 07:55:29.665156,Success,
3206,2833,1,2026-06-21 16:01:19.507611,Failed,None
3207,2833,2,2026-06-21 18:53:35.824017,Success,
3208,2834,1,2026-06-21 09:24:37.499788,Success,
3209,2835,1,2026-06-21 11:19:37.253748,Failed,Address Issue
3210,2835,2,2026-06-21 12:13:47.003605,Success,
3211,2836,1,2026-06-23 13:13:08.544197,Success,
3212,2837,1,2026-06-22 03:01:12.021988,Failed,Address Issue
3213,2837,2,2026-06-22 04:10:11.302154,Success,
3214,2838,1,2026-06-21 10:27:14.521405,Success,
3215,2839,1,2026-06-21 05:10:07.083412,Success,
3216,2840,1,2026-06-21 15:16:29.042591,Success,
3217,2841,1,2026-06-22 09:31:59.934685,Success,
3218,2842,1,2026-06-21 17:14:03.901798,Success,
3219,2843,1,2026-06-24 00:19:29.971182,Failed,Customer Unavailable
3220,2843,2,2026-06-24 02:41:17.891796,Success,
3221,2844,1,2026-06-22 13:08:02.061416,Success,
3222,2845,1,2026-06-24 00:19:05.245793,Success,
3223,2846,1,2026-06-21 14:14:24.023235,Success,
3224,2847,1,2026-06-24 07:34:58.995792,Success,
3225,2848,1,2026-06-22 07:29:42.218202,Success,
3226,2849,1,2026-06-23 22:13:34.575211,Success,
3227,2850,1,2026-06-24 06:15:28.047054,Failed,Address Issue
3228,2851,1,2026-06-22 14:46:08.646987,Success,
3229,2852,1,2026-06-23 22:13:39.338489,Failed,None
3230,2852,2,2026-06-24 02:08:36.927142,Success,
3231,2853,1,2026-06-21 17:49:23.439702,Success,
3232,2854,1,2026-06-24 17:22:08.450598,Success,
3233,2855,1,2026-06-21 11:02:48.725859,Success,
3234,2856,1,2026-06-22 19:48:50.286804,Success,
3235,2857,1,2026-06-24 01:04:53.092282,Success,
3236,2858,1,2026-06-24 11:29:08.748140,Failed,None
3237,2858,2,2026-06-24 12:15:56.891765,Success,
3238,2859,1,2026-06-23 13:22:30.118299,Success,
3239,2860,1,2026-06-22 10:02:47.709502,Failed,None
3240,2860,2,2026-06-22 10:39:42.322784,Success,
3241,2861,1,2026-06-25 08:34:58.870134,Success,
3242,2862,1,2026-06-25 00:05:34.667204,Success,
3243,2863,1,2026-06-23 10:51:56.402273,Success,
3244,2864,1,2026-06-26 09:09:26.307413,Success,
3245,2865,1,2026-06-25 18:54:58.423825,Failed,Address Issue
3246,2865,2,2026-06-25 19:53:45.249942,Success,
3247,2866,1,2026-06-24 10:12:45.624975,Success,
3248,2867,1,2026-06-25 00:50:34.022181,Success,
3249,2868,1,2026-06-25 07:09:25.831853,Success,
3250,2869,1,2026-06-25 00:39:15.208614,Success,
3251,2870,1,2026-06-25 11:30:02.481636,Success,
3252,2871,1,2026-06-24 23:27:33.157658,Failed,Address Issue
3253,2872,1,2026-06-25 06:18:22.179589,Success,
3254,2873,1,2026-06-25 03:55:32.771320,Success,
3255,2874,1,2026-06-26 08:12:12.944866,Failed,Address Issue
3256,2874,2,2026-06-26 12:09:48.334462,Success,
3257,2875,1,2026-06-23 22:05:02.502589,Failed,Weather
3258,2876,1,2026-06-23 05:25:07.856847,Success,
3259,2877,1,2026-06-26 11:49:20.916867,Success,
3260,2878,1,2026-06-23 00:49:11.968178,Success,
3261,2879,1,2026-06-22 01:08:17.414295,Success,
3262,2880,1,2026-06-22 23:06:18.840794,Success,
3263,2881,1,2026-06-25 13:25:10.531318,Success,
3264,2882,1,2026-06-25 03:50:45.884534,Success,
3265,2883,1,2026-06-24 11:19:15.045630,Success,
3266,2884,1,2026-06-26 04:12:10.015932,Failed,None
3267,2884,2,2026-06-26 04:43:34.212407,Success,
3268,2885,1,2026-06-26 04:45:47.885213,Success,
3269,2886,1,2026-06-25 17:34:37.260320,Success,
3270,2887,1,2026-06-24 04:13:41.486247,Success,
3271,2888,1,2026-06-24 06:48:02.595587,Failed,Address Issue
3272,2889,1,2026-06-24 03:31:47.294605,Success,
3273,2890,1,2026-06-24 05:47:01.696515,Success,
3274,2891,1,2026-06-24 09:53:50.819916,Success,
3275,2892,1,2026-06-25 22:54:38.926719,Success,
3276,2893,1,2026-06-26 03:41:32.395185,Success,
3277,2894,1,2026-06-26 13:21:51.201984,Success,
3278,2895,1,2026-06-24 07:13:37.539228,Success,
3279,2896,1,2026-06-25 01:25:53.523750,Success,
3280,2897,1,2026-06-26 00:27:48.419127,Success,
3281,2898,1,2026-06-24 02:41:32.481586,Success,
3282,2899,1,2026-06-25 13:27:07.686203,Failed,None
3283,2899,2,2026-06-25 14:47:34.407797,Success,
3284,2900,1,2026-06-24 16:59:57.042486,Success,
3285,2901,1,2026-06-27 08:10:39.226098,Success,
3286,2902,1,2026-06-25 14:10:11.377046,Success,
3287,2903,1,2026-06-27 06:06:33.807372,Success,
3288,2904,1,2026-06-25 02:57:02.955027,Success,
3289,2905,1,2026-06-28 12:05:32.223278,Success,
3290,2906,1,2026-06-28 01:32:46.948432,Success,
3291,2907,1,2026-06-26 22:53:19.078267,Success,
3292,2908,1,2026-06-26 22:48:26.571453,Success,
3293,2909,1,2026-06-24 15:56:26.598115,Success,
3294,2910,1,2026-06-25 03:36:52.944582,Failed,None
3295,2910,2,2026-06-25 05:49:13.765560,Success,
3296,2911,1,2026-06-25 15:01:43.637102,Success,
3297,2912,1,2026-06-27 20:45:20.536127,Success,
3298,2913,1,2026-06-28 03:25:24.058781,Success,
3299,2914,1,2026-06-27 21:24:56.174267,Success,
3300,2915,1,2026-06-27 23:29:24.081850,Success,
3301,2916,1,2026-06-26 04:16:45.494191,Failed,None
3302,2916,2,2026-06-26 06:40:49.984038,Success,
3303,2917,1,2026-06-25 04:48:24.051725,Success,
3304,2918,1,2026-06-28 10:06:40.261866,Success,
3305,2919,1,2026-06-26 02:11:09.071759,Failed,None
3306,2919,2,2026-06-26 05:40:34.240698,Success,
3307,2920,1,2026-06-26 01:02:21.246114,Success,
3308,2921,1,2026-06-26 02:22:17.496155,Success,
3309,2922,1,2026-06-27 04:29:51.509778,Success,
3310,2923,1,2026-06-29 07:00:19.321081,Failed,None
3311,2923,2,2026-06-29 10:16:12.036715,Success,
3312,2924,1,2026-06-29 07:39:20.482812,Success,
3313,2925,1,2026-06-27 08:32:15.466542,Success,
3314,2926,1,2026-06-26 23:04:37.727811,Success,
3315,2927,1,2026-06-30 01:11:39.866411,Success,
3316,2928,1,2026-06-29 07:02:49.463317,Success,
3317,2929,1,2026-06-26 23:29:29.641974,Success,
3318,2930,1,2026-06-28 20:15:22.249582,Success,
3319,2931,1,2026-06-27 00:34:46.845426,Success,
3320,2932,1,2026-06-29 08:18:56.656732,Failed,Address Issue
3321,2933,1,2026-07-01 19:24:57.771291,Success,
3322,2934,1,2026-06-28 13:45:27.391830,Success,
3323,2935,1,2026-06-27 10:27:08.822955,Success,
3324,2936,1,2026-06-27 03:49:39.366911,Success,
3325,2937,1,2026-06-28 08:34:50.727359,Success,
3326,2938,1,2026-06-30 07:32:15.823904,Success,
3327,2939,1,2026-06-28 00:12:06.188333,Failed,None
3328,2939,2,2026-06-28 03:04:14.801180,Success,
3329,2940,1,2026-06-30 03:28:16.625010,Success,
3330,2941,1,2026-06-30 04:02:02.435292,Success,
3331,2942,1,2026-06-30 03:43:56.403642,Success,
3332,2943,1,2026-06-30 07:29:51.100083,Failed,None
3333,2943,2,2026-06-30 08:25:36.464125,Success,
3334,2944,1,2026-06-28 03:34:14.502257,Success,
3335,2945,1,2026-06-30 10:31:01.262570,Success,
3336,2946,1,2026-06-30 00:49:51.877388,Success,
3337,2947,1,2026-06-29 04:25:25.186949,Success,
3338,2948,1,2026-06-28 08:15:46.111811,Success,
3339,2949,1,2026-06-29 02:46:37.683703,Success,
3340,2950,1,2026-06-28 13:52:25.293094,Success,
3341,2951,1,2026-06-29 15:13:24.720070,Failed,Carrier Capacity
3342,2951,2,2026-06-29 16:51:20.924179,Success,
3343,2952,1,2026-06-30 23:13:16.181992,Success,
3344,2953,1,2026-06-29 07:08:25.200511,Failed,None
3345,2953,2,2026-06-29 08:43:06.525191,Success,
3346,2954,1,2026-07-01 03:30:27.669089,Success,
3347,2955,1,2026-06-29 08:57:13.217268,Success,
3348,2956,1,2026-06-29 12:09:20.831913,Success,
3349,2957,1,2026-06-30 16:05:49.866066,Failed,None
3350,2957,2,2026-06-30 17:23:58.843268,Success,
3351,2958,1,2026-07-01 11:23:17.967826,Success,
3352,2959,1,2026-06-29 14:09:36.956289,Success,
3353,2960,1,2026-07-01 00:24:16.454572,Success,
3354,2961,1,2026-07-01 03:56:41.325071,Success,
3355,2962,1,2026-06-30 19:24:18.857009,Success,
3356,2963,1,2026-07-04 04:57:12.117176,Success,
3357,2964,1,2026-07-02 02:04:01.872456,Success,
3358,2965,1,2026-07-01 23:13:54.768853,Success,
3359,2966,1,2026-06-30 12:58:30.102934,Success,
3360,2967,1,2026-06-30 17:02:39.392066,Success,
3361,2968,1,2026-06-30 04:08:03.696061,Success,
3362,2969,1,2026-07-02 02:26:33.148730,Failed,None
3363,2969,2,2026-07-02 03:29:37.495684,Success,
3364,2970,1,2026-07-02 11:14:52.507747,Success,
3365,2971,1,2026-06-29 05:39:02.910914,Success,
3366,2972,1,2026-07-02 00:19:22.976576,Success,
3367,2973,1,2026-06-29 10:57:29.987437,Success,
3368,2974,1,2026-06-30 16:23:57.185025,Success,
3369,2975,1,2026-07-02 01:07:00.955070,Success,
3370,2976,1,2026-06-30 02:34:10.008230,Success,
3371,2977,1,2026-07-02 11:25:24.034441,Success,
3372,2978,1,2026-07-01 11:41:22.762618,Failed,None
3373,2978,2,2026-07-01 14:53:50.589941,Success,
3374,2979,1,2026-07-02 16:01:54.020767,Success,
3375,2980,1,2026-06-30 17:35:16.600559,Success,
3376,2981,1,2026-07-01 23:15:40.018813,Success,
3377,2982,1,2026-07-03 08:24:33.772540,Success,
3378,2983,1,2026-06-30 10:29:28.409203,Success,
3379,2984,1,2026-07-02 11:43:02.800662,Success,
3380,2985,1,2026-06-30 07:05:23.904613,Success,
3381,2986,1,2026-07-02 17:06:46.410779,Success,
3382,2987,1,2026-07-03 01:42:55.424121,Success,
3383,2988,1,2026-07-01 09:19:21.234039,Success,
3384,2989,1,2026-07-01 14:39:01.339894,Success,
3385,2990,1,2026-07-03 03:31:40.581449,Success,
3386,2991,1,2026-07-01 05:31:08.240758,Success,
3387,2992,1,2026-07-01 20:15:40.908277,Success,
3388,2993,1,2026-07-01 06:39:13.761386,Failed,None
3389,2993,2,2026-07-01 07:30:41.606993,Success,
3390,2994,1,2026-06-30 21:43:10.483102,Success,
3391,2995,1,2026-07-01 12:21:47.313090,Success,
3392,2996,1,2026-06-30 12:37:42.290776,Success,
3393,2997,1,2026-07-01 20:58:14.757562,Success,
3394,2998,1,2026-07-02 21:03:09.985260,Success,
3395,2999,1,2026-07-03 02:26:01.269363,Success,
3396,3000,1,2026-07-03 19:46:20.921906,Success,
3397,3001,1,2026-07-06 12:44:13.883790,Success,
3398,3002,1,2026-07-02 17:22:17.971396,Success,
3399,3003,1,2026-07-04 08:13:57.218576,Success,
3400,3004,1,2026-07-02 04:18:19.940275,Success,
3401,3005,1,2026-07-02 05:34:51.869976,Success,
3402,3006,1,2026-07-01 23:49:38.095830,Failed,None
3403,3006,2,2026-07-02 02:58:13.499159,Success,
3404,3007,1,2026-07-06 05:28:02.885794,Success,
3405,3008,1,2026-07-02 17:58:29.828464,Success,
3406,3009,1,2026-07-04 13:06:28.371225,Success,
3407,3010,1,2026-07-05 10:46:11.109212,Success,
3408,3011,1,2026-07-05 07:35:47.169726,Success,
3409,3012,1,2026-07-02 00:01:15.222241,Success,
3410,3013,1,2026-07-03 21:40:13.361554,Failed,Address Issue
3411,3014,1,2026-07-02 07:44:10.462312,Success,
3412,3015,1,2026-07-05 06:38:03.859456,Failed,Vehicle Breakdown
3413,3015,2,2026-07-05 09:24:09.157947,Success,
3414,3016,1,2026-07-02 00:48:01.449087,Failed,None
3415,3016,2,2026-07-02 02:32:29.202182,Success,
3416,3017,1,2026-07-03 22:48:46.183995,Success,
3417,3018,1,2026-07-05 10:19:19.863103,Success,
3418,3019,1,2026-07-03 23:16:51.797328,Success,
3419,3020,1,2026-07-03 16:46:34.120045,Success,
3420,3021,1,2026-07-07 08:32:55.551695,Success,
3421,3022,1,2026-07-03 13:24:33.641336,Success,
3422,3023,1,2026-07-05 02:48:01.141226,Success,
3423,3024,1,2026-07-05 00:33:06.710255,Success,
3424,3025,1,2026-07-03 11:20:59.873355,Success,
3425,3026,1,2026-07-04 20:30:44.874215,Success,
3426,3027,1,2026-07-03 04:22:54.816683,Failed,None
3427,3027,2,2026-07-03 05:17:08.178688,Success,
3428,3028,1,2026-07-05 05:12:12.454356,Success,
3429,3029,1,2026-07-02 08:30:07.248318,Failed,None
3430,3029,2,2026-07-02 08:50:12.127635,Success,
3431,3030,1,2026-07-05 07:36:38.186512,Success,
3432,3031,1,2026-07-02 22:30:41.483814,Success,
3433,3032,1,2026-07-03 16:45:20.005657,Success,
3434,3033,1,2026-07-05 08:56:22.937466,Failed,None
3435,3033,2,2026-07-05 11:54:10.849663,Success,
3436,3034,1,2026-07-05 13:07:42.032400,Success,
3437,3035,1,2026-07-02 13:59:02.836935,Success,
3438,3036,1,2026-07-06 07:12:18.064592,Success,
3439,3037,1,2026-07-06 09:27:35.581596,Success,
3440,3038,1,2026-07-06 06:54:01.960799,Success,
3441,3039,1,2026-07-06 08:52:52.894597,Success,
3442,3040,1,2026-07-03 06:10:20.116980,Failed,None
3443,3040,2,2026-07-03 07:20:50.478414,Success,
3444,3041,1,2026-07-08 23:09:56.773116,Success,
3445,3042,1,2026-07-06 12:45:55.053283,Success,
3446,3043,1,2026-07-03 07:13:20.157653,Success,
3447,3044,1,2026-07-06 17:24:45.311191,Success,
3448,3045,1,2026-07-04 12:55:31.922803,Success,
3449,3046,1,2026-07-06 01:26:04.696875,Failed,None
3450,3046,2,2026-07-06 03:54:41.269926,Success,
3451,3047,1,2026-07-06 04:35:30.751287,Success,
3452,3048,1,2026-07-04 01:15:01.332751,Success,
3453,3049,1,2026-07-06 07:33:23.910125,Success,
3454,3050,1,2026-07-06 03:52:07.300849,Success,
3455,3051,1,2026-07-04 14:18:48.437591,Success,
3456,3052,1,2026-07-05 18:31:24.453211,Success,
3457,3053,1,2026-07-07 00:43:40.029960,Success,
3458,3054,1,2026-07-06 23:44:04.110005,Success,
3459,3055,1,2026-07-06 17:22:47.270242,Success,
3460,3056,1,2026-07-04 17:48:45.999817,Success,
3461,3057,1,2026-07-07 06:43:15.659687,Success,
3462,3058,1,2026-07-07 06:53:20.172198,Failed,None
3463,3058,2,2026-07-07 09:06:01.282184,Success,
3464,3059,1,2026-07-06 15:18:55.186534,Success,
3465,3060,1,2026-07-06 16:25:55.001958,Success,
3466,3061,1,2026-07-05 05:13:12.635599,Success,
3467,3062,1,2026-07-05 03:53:51.076547,Success,
3468,3063,1,2026-07-05 06:57:57.682818,Success,
3469,3064,1,2026-07-05 06:57:12.028885,Success,
3470,3065,1,2026-07-05 17:35:55.449289,Success,
3471,3066,1,2026-07-08 14:13:04.784741,Success,
3472,3067,1,2026-07-06 01:28:41.687554,Success,
3473,3068,1,2026-07-08 17:00:00.529565,Success,
3474,3069,1,2026-07-08 03:10:54.157768,Success,
3475,3070,1,2026-07-08 00:08:24.077515,Success,
3476,3071,1,2026-07-08 07:53:04.334465,Success,
3477,3072,1,2026-07-08 05:07:36.970424,Failed,Address Issue
3478,3073,1,2026-07-06 19:02:45.892398,Success,
3479,3074,1,2026-07-05 23:51:42.056063,Failed,None
3480,3074,2,2026-07-06 02:01:23.572617,Success,
3481,3075,1,2026-07-06 06:29:04.189576,Success,
3482,3076,1,2026-07-08 07:20:30.894827,Success,
3483,3077,1,2026-07-06 00:59:00.271285,Success,
3484,3078,1,2026-07-09 00:47:09.454589,Success,
3485,3079,1,2026-07-06 07:33:15.404091,Failed,None
3486,3079,2,2026-07-06 09:04:37.786850,Success,
3487,3080,1,2026-07-08 07:17:03.384101,Success,
3488,3081,1,2026-07-08 07:23:49.304771,Success,
3489,3082,1,2026-07-08 21:51:31.444158,Success,
3490,3083,1,2026-07-09 19:44:17.646825,Failed,Hub Congestion
3491,3083,2,2026-07-09 23:09:45.201684,Success,
3492,3084,1,2026-07-09 05:18:10.897648,Success,
3493,3085,1,2026-07-07 14:30:05.931627,Success,
3494,3086,1,2026-07-09 05:39:28.658470,Success,
3495,3087,1,2026-07-10 06:40:03.172448,Success,
3496,3088,1,2026-07-07 00:00:54.987732,Success,
3497,3089,1,2026-07-07 01:06:14.176109,Success,
3498,3090,1,2026-07-07 16:30:27.052997,Success,
3499,3091,1,2026-07-09 03:16:43.713222,Failed,None
3500,3091,2,2026-07-09 07:16:33.983458,Success,
3501,3092,1,2026-07-06 06:04:52.166108,Success,
3502,3093,1,2026-07-08 17:00:11.155035,Success,
3503,3094,1,2026-07-06 21:12:18.245525,Success,
3504,3095,1,2026-07-09 00:41:32.781177,Success,
3505,3096,1,2026-07-09 03:51:10.797646,Success,
3506,3097,1,2026-07-09 04:27:33.197939,Success,
3507,3098,1,2026-07-09 12:30:46.834375,Success,
3508,3099,1,2026-07-07 08:36:51.464842,Success,
3509,3100,1,2026-07-10 02:29:57.232338,Success,
3510,3101,1,2026-07-07 10:13:04.568180,Success,
3511,3102,1,2026-07-08 06:26:13.710921,Success,
3512,3103,1,2026-07-08 20:31:32.913974,Success,
3513,3104,1,2026-07-10 04:58:40.412283,Success,
3514,3105,1,2026-07-08 07:54:43.727373,Success,
3515,3106,1,2026-07-08 10:31:16.370528,Success,
3516,3107,1,2026-07-10 00:32:14.986072,Success,
3517,3108,1,2026-07-07 16:55:28.704218,Success,
3518,3109,1,2026-07-08 07:42:18.565118,Success,
3519,3110,1,2026-07-10 07:45:30.237779,Success,
3520,3111,1,2026-07-10 03:07:03.172655,Success,
3521,3112,1,2026-07-10 04:57:49.887638,Success,
3522,3113,1,2026-07-08 04:37:26.023870,Success,
3523,3114,1,2026-07-08 16:41:48.675998,Success,
3524,3115,1,2026-07-10 16:08:28.953817,Success,
3525,3116,1,2026-07-10 06:34:04.222248,Success,
3526,3117,1,2026-07-10 06:02:41.113176,Success,
3527,3118,1,2026-07-08 05:30:42.166967,Success,
3528,3119,1,2026-07-11 12:12:10.655472,Success,
3529,3120,1,2026-07-09 09:05:39.584998,Success,
3530,3121,1,2026-07-11 03:08:34.469034,Success,
3531,3122,1,2026-07-08 14:00:42.555795,Success,
3532,3123,1,2026-07-11 13:37:17.462997,Success,
3533,3124,1,2026-07-11 00:16:13.739941,Success,
3534,3125,1,2026-07-10 23:02:00.125724,Success,
3535,3126,1,2026-07-09 02:32:15.246349,Success,
3536,3127,1,2026-07-11 03:22:44.252174,Success,
3537,3128,1,2026-07-09 18:41:23.641712,Success,
3538,3129,1,2026-07-11 07:12:31.532642,Success,
3539,3130,1,2026-07-11 03:43:00.452558,Success,
3540,3131,1,2026-07-10 21:44:54.488590,Success,
3541,3132,1,2026-07-09 06:51:12.765279,Success,
3542,3133,1,2026-07-09 12:33:39.571289,Success,
3543,3134,1,2026-07-08 10:35:17.149668,Failed,None
3544,3134,2,2026-07-08 14:16:13.111697,Success,
3545,3135,1,2026-07-10 14:40:34.368064,Success,
3546,3136,1,2026-07-11 15:36:28.060989,Success,
3547,3137,1,2026-07-10 11:34:32.697554,Success,
3548,3138,1,2026-07-09 22:01:10.451070,Success,
3549,3139,1,2026-07-10 11:44:27.612076,Success,
3550,3140,1,2026-07-10 17:30:03.554596,Success,
3551,3141,1,2026-07-12 03:40:34.249641,Success,
3552,3142,1,2026-07-10 15:14:06.938227,Success,
3553,3143,1,2026-07-10 08:08:18.211327,Success,
3554,3144,1,2026-07-09 20:33:29.804093,Success,
3555,3145,1,2026-07-10 10:00:30.146580,Success,
3556,3146,1,2026-07-12 02:59:00.021101,Success,
3557,3147,1,2026-07-10 06:57:44.714304,Success,
3558,3148,1,2026-07-12 14:30:33.881447,Success,
3559,3149,1,2026-07-10 04:07:56.846332,Failed,None
3560,3149,2,2026-07-10 07:39:29.425247,Success,
3561,3150,1,2026-07-10 00:42:46.627806,Success,
3562,3151,1,2026-07-11 07:35:56.070469,Success,
3563,3152,1,2026-07-13 03:36:01.927537,Success,
3564,3153,1,2026-07-11 07:59:28.916734,Success,
3565,3154,1,2026-07-11 04:23:51.498422,Success,
3566,3155,1,2026-07-13 14:37:37.961300,Success,
3567,3156,1,2026-07-11 16:30:11.877939,Success,
3568,3157,1,2026-07-10 12:25:28.567241,Success,
3569,3158,1,2026-07-13 09:36:36.753421,Success,
3570,3159,1,2026-07-12 18:44:03.384860,Failed,Address Issue
3571,3160,1,2026-07-13 08:45:57.032156,Success,
3572,3161,1,2026-07-12 13:48:58.948711,Success,
3573,3162,1,2026-07-13 02:38:00.635086,Success,
3574,3163,1,2026-07-10 23:56:57.184949,Success,
3575,3164,1,2026-07-11 05:01:11.583640,Success,
3576,3165,1,2026-07-11 11:05:40.853838,Success,
3577,3166,1,2026-07-11 13:22:02.575984,Success,
3578,3167,1,2026-07-13 14:45:25.186945,Success,
3579,3168,1,2026-07-12 13:56:34.428728,Success,
3580,3169,1,2026-07-12 07:35:53.522654,Success,
3581,3170,1,2026-07-12 03:32:01.290848,Failed,None
3582,3170,2,2026-07-12 07:00:30.963508,Success,
3583,3171,1,2026-07-14 06:01:53.263981,Success,
3584,3172,1,2026-07-14 00:38:28.149254,Failed,None
3585,3172,2,2026-07-14 03:46:11.132173,Success,
3586,3173,1,2026-07-14 07:07:55.186898,Success,
3587,3174,1,2026-07-12 03:12:10.736040,Success,
3588,3175,1,2026-07-13 14:55:13.135974,Failed,None
3589,3175,2,2026-07-13 16:52:48.019192,Success,
3590,3176,1,2026-07-13 17:48:27.274738,Failed,None
3591,3176,2,2026-07-13 19:44:32.762498,Success,
3592,3177,1,2026-07-12 19:24:59.858861,Success,
3593,3178,1,2026-07-14 12:04:24.141867,Success,
3594,3179,1,2026-07-12 02:46:06.892761,Success,
3595,3180,1,2026-07-14 05:38:15.460808,Success,
3596,3181,1,2026-07-13 14:24:55.493861,Success,
3597,3182,1,2026-07-13 18:36:54.757245,Success,
3598,3183,1,2026-07-12 21:54:52.198914,Success,
3599,3184,1,2026-07-11 21:16:55.168764,Failed,None
3600,3184,2,2026-07-12 01:02:23.503980,Success,
3601,3185,1,2026-07-14 06:41:55.795808,Success,
3602,3186,1,2026-07-12 01:18:58.647070,Success,
3603,3187,1,2026-07-14 19:19:11.671935,Success,
3604,3188,1,2026-07-13 01:15:02.116292,Success,
3605,3189,1,2026-07-13 13:34:38.263430,Failed,Address Issue
3606,3190,1,2026-07-13 03:40:22.453982,Success,
3607,3191,1,2026-07-13 14:21:42.592279,Success,
3608,3192,1,2026-07-15 06:41:03.656697,Failed,Address Issue
3609,3193,1,2026-07-12 22:52:51.214735,Failed,None
3610,3193,2,2026-07-13 00:04:19.148413,Success,
3611,3194,1,2026-07-13 07:40:35.359698,Success,
3612,3195,1,2026-07-15 00:19:03.933796,Success,
3613,3196,1,2026-07-14 20:56:33.960311,Success,
3614,3197,1,2026-07-14 07:43:47.937064,Success,
3615,3198,1,2026-07-16 03:33:49.835869,Success,
3616,3199,1,2026-07-14 22:42:26.099873,Failed,Weather
3617,3199,2,2026-07-14 23:57:34.501632,Success,
3618,3200,1,2026-07-16 03:13:06.588428,Success,
3619,3201,1,2026-07-16 01:20:17.755680,Success,
3620,3202,1,2026-07-16 04:44:57.305008,Success,
3621,3203,1,2026-07-15 15:28:59.607754,Success,
3622,3204,1,2026-07-14 07:26:48.918944,Success,
3623,3205,1,2026-07-14 12:08:58.476603,Success,
3624,3206,1,2026-07-15 23:48:44.190931,Failed,None
3625,3206,2,2026-07-16 03:34:07.837257,Success,
3626,3207,1,2026-07-14 10:30:01.802613,Success,
3627,3208,1,2026-07-16 08:17:36.895117,Success,
3628,3209,1,2026-07-15 17:23:28.132864,Success,
3629,3210,1,2026-07-16 03:23:03.757366,Success,
3630,3211,1,2026-07-14 04:59:31.726969,Success,
3631,3212,1,2026-07-14 09:28:57.427875,Success,
3632,3213,1,2026-07-16 01:13:50.586025,Failed,None
3633,3213,2,2026-07-16 02:22:02.480217,Success,
3634,3214,1,2026-07-16 10:46:12.854361,Success,
3635,3215,1,2026-07-13 03:48:13.622113,Success,
3636,3216,1,2026-07-14 05:38:43.043640,Success,
3637,3217,1,2026-07-17 13:33:32.066049,Success,
3638,3218,1,2026-07-17 02:13:35.265772,Success,
3639,3219,1,2026-07-17 04:36:57.902835,Success,
3640,3220,1,2026-07-14 10:05:28.014782,Success,
3641,3221,1,2026-07-16 19:53:21.185504,Success,
3642,3222,1,2026-07-17 06:06:54.765217,Failed,None
3643,3222,2,2026-07-17 06:29:50.148474,Success,
3644,3223,1,2026-07-17 10:52:53.863450,Success,
3645,3224,1,2026-07-18 10:05:20.451484,Success,
3646,3225,1,2026-07-15 18:39:33.000733,Success,
3647,3226,1,2026-07-16 22:52:15.264101,Failed,Address Issue
3648,3227,1,2026-07-14 23:47:13.689068,Failed,None
3649,3227,2,2026-07-15 01:34:00.723289,Success,
3650,3228,1,2026-07-16 21:26:08.471533,Success,
3651,3229,1,2026-07-18 01:02:02.561210,Success,
3652,3230,1,2026-07-16 08:50:58.603760,Success,
3653,3231,1,2026-07-18 09:37:00.663801,Success,
3654,3232,1,2026-07-18 08:31:25.076669,Success,
3655,3233,1,2026-07-18 05:29:44.781398,Success,
3656,3234,1,2026-07-15 16:16:28.316572,Success,
3657,3235,1,2026-07-16 14:51:29.050746,Failed,None
3658,3235,2,2026-07-16 15:30:19.412296,Success,
3659,3236,1,2026-07-15 03:42:31.023242,Success,
3660,3237,1,2026-07-17 22:33:59.558894,Success,
3661,3238,1,2026-07-18 01:38:49.072532,Success,
3662,3239,1,2026-07-18 07:01:49.561911,Success,
3663,3240,1,2026-07-16 04:55:42.039339,Success,
3664,3241,1,2026-07-17 03:14:10.109709,Success,
3665,3242,1,2026-07-17 03:55:41.773851,Success,
3666,3243,1,2026-07-17 13:57:35.636277,Success,
3667,3244,1,2026-07-17 16:59:09.133509,Success,
3668,3245,1,2026-07-20 18:18:35.652151,Failed,Vehicle Breakdown
3669,3245,2,2026-07-20 18:56:59.980019,Success,
3670,3246,1,2026-07-18 22:38:54.409313,Failed,Address Issue
3671,3247,1,2026-07-19 13:26:55.491468,Failed,Weather
3672,3247,2,2026-07-19 15:37:31.091252,Success,
3673,3248,1,2026-07-19 06:35:39.928886,Success,
3674,3249,1,2026-07-17 08:19:55.800697,Failed,Address Issue
3675,3249,2,2026-07-17 10:34:33.949486,Success,
3676,3250,1,2026-07-19 01:12:12.203938,Success,
3677,3251,1,2026-07-17 08:04:22.170165,Success,
3678,3252,1,2026-07-17 20:38:43.600846,Success,
3679,3253,1,2026-07-19 05:50:32.622814,Failed,None
3680,3253,2,2026-07-19 07:38:36.531428,Success,
3681,3254,1,2026-07-17 04:47:29.374837,Success,
3682,3255,1,2026-07-19 12:50:44.420126,Success,
3683,3256,1,2026-07-18 18:30:13.648236,Success,
3684,3257,1,2026-07-18 09:47:20.298227,Success,
3685,3258,1,2026-07-18 15:32:43.947376,Success,
3686,3259,1,2026-07-18 13:37:18.240419,Success,
3687,3260,1,2026-07-20 03:20:49.248210,Success,
3688,3261,1,2026-07-19 16:45:53.206492,Success,
3689,3262,1,2026-07-19 18:54:07.221923,Success,
3690,3263,1,2026-07-18 07:07:12.502756,Success,
3691,3264,1,2026-07-20 08:24:30.019593,Success,
3692,3265,1,2026-07-20 02:41:02.278226,Success,
3693,3266,1,2026-07-20 03:28:01.245204,Success,
3694,3267,1,2026-07-20 05:44:37.635115,Success,
3695,3268,1,2026-07-18 02:20:20.788815,Success,
3696,3269,1,2026-07-20 09:19:14.464992,Success,
3697,3270,1,2026-07-18 16:39:27.204895,Success,
3698,3271,1,2026-07-22 09:22:15.767807,Success,
3699,3272,1,2026-07-18 07:35:25.582809,Success,
3700,3273,1,2026-07-18 09:47:54.221033,Success,
3701,3274,1,2026-07-18 02:22:28.982980,Success,
3702,3275,1,2026-07-18 06:29:38.953419,Success,
3703,3276,1,2026-07-20 01:44:54.093459,Success,
3704,3277,1,2026-07-21 00:30:22.206978,Failed,None
3705,3277,2,2026-07-21 02:45:13.202157,Success,
3706,3278,1,2026-07-21 05:38:39.562055,Success,
3707,3279,1,2026-07-19 03:58:19.345595,Success,
3708,3280,1,2026-07-20 22:22:26.202718,Success,
3709,3281,1,2026-07-19 09:54:03.412629,Failed,None
3710,3281,2,2026-07-19 12:00:35.000718,Success,
3711,3282,1,2026-07-21 02:37:55.748915,Success,
3712,3283,1,2026-07-21 06:59:27.688315,Success,
3713,3284,1,2026-07-21 03:59:45.536524,Success,
3714,3285,1,2026-07-23 03:33:47.337195,Success,
3715,3286,1,2026-07-20 04:47:52.836524,Success,
3716,3287,1,2026-07-21 16:41:03.086316,Success,
3717,3288,1,2026-07-19 02:06:08.716407,Success,
3718,3289,1,2026-07-19 01:38:03.050928,Success,
3719,3290,1,2026-07-19 12:23:50.562451,Success,
3720,3291,1,2026-07-21 13:39:31.924037,Success,
3721,3292,1,2026-07-19 00:53:52.991034,Failed,None
3722,3292,2,2026-07-19 04:48:55.014449,Success,
3723,3293,1,2026-07-21 05:41:29.280127,Success,
3724,3294,1,2026-07-20 13:35:36.009034,Success,
3725,3295,1,2026-07-19 19:05:18.733852,Success,
3726,3296,1,2026-07-22 08:55:12.548896,Success,
3727,3297,1,2026-07-22 07:27:22.264129,Success,
3728,3298,1,2026-07-20 15:26:40.898415,Success,
3729,3299,1,2026-07-19 19:16:04.412840,Success,
3730,3300,1,2026-07-22 13:54:35.192182,Success,
3731,3301,1,2026-07-22 02:10:53.500092,Success,
3732,3302,1,2026-07-22 05:59:52.249841,Success,
3733,3303,1,2026-07-21 16:15:31.251851,Success,
3734,3304,1,2026-07-20 06:54:34.027071,Success,
3735,3305,1,2026-07-20 11:23:48.300334,Success,
3736,3306,1,2026-07-20 05:39:49.940530,Success,
3737,3307,1,2026-07-22 00:32:54.240635,Success,
3738,3308,1,2026-07-22 16:08:50.128937,Success,
3739,3309,1,2026-07-20 08:16:12.117539,Success,
3740,3310,1,2026-07-22 13:19:16.786984,Failed,Customer Unavailable
3741,3310,2,2026-07-22 14:08:18.474342,Success,
3742,3311,1,2026-07-20 02:21:41.382711,Failed,None
3743,3311,2,2026-07-20 04:38:24.722336,Success,
3744,3312,1,2026-07-20 13:55:09.143644,Success,
3745,3313,1,2026-07-20 21:24:49.754937,Success,
3746,3314,1,2026-07-21 12:06:19.434312,Success,
3747,3315,1,2026-07-23 00:32:59.943798,Success,
3748,3316,1,2026-07-21 07:11:34.738415,Success,
3749,3317,1,2026-07-23 05:36:33.199883,Success,
3750,3318,1,2026-07-22 16:52:05.415875,Success,
3751,3319,1,2026-07-23 08:01:20.382530,Success,
3752,3320,1,2026-07-23 13:49:56.920158,Success,
3753,3321,1,2026-07-21 05:16:30.647019,Success,
3754,3322,1,2026-07-20 22:58:48.277100,Success,
3755,3323,1,2026-07-22 17:23:11.605085,Success,
3756,3324,1,2026-07-21 00:34:02.039654,Success,
3757,3325,1,2026-07-23 02:04:34.920832,Success,
3758,3326,1,2026-07-23 03:56:56.657843,Success,
3759,3327,1,2026-07-20 03:52:06.861480,Success,
3760,3328,1,2026-07-23 00:20:06.173204,Success,
3761,3329,1,2026-07-20 12:12:59.379739,Success,
3762,3330,1,2026-07-24 02:11:41.721463,Success,
3763,3331,1,2026-07-22 03:47:30.547284,Success,
3764,3332,1,2026-07-21 15:45:46.091914,Success,
3765,3333,1,2026-07-21 04:22:04.080206,Success,
3766,3334,1,2026-07-23 20:54:41.153527,Success,
3767,3335,1,2026-07-22 06:02:25.119414,Success,
3768,3336,1,2026-07-26 03:12:10.196442,Success,
3769,3337,1,2026-07-24 00:41:15.295044,Success,
3770,3338,1,2026-07-22 09:11:29.387146,Success,
3771,3339,1,2026-07-24 10:45:57.962445,Success,
3772,3340,1,2026-07-23 17:27:32.824701,Success,
3773,3341,1,2026-07-26 01:57:51.626063,Success,
3774,3342,1,2026-07-22 18:40:34.562142,Success,
3775,3343,1,2026-07-23 13:57:27.240725,Success,
3776,3344,1,2026-07-22 05:42:20.200671,Success,
3777,3345,1,2026-07-25 16:19:13.744927,Failed,Customer Unavailable
3778,3345,2,2026-07-25 19:09:27.745147,Success,
3779,3346,1,2026-07-23 20:27:56.387653,Success,
3780,3347,1,2026-07-23 20:10:17.721938,Success,
3781,3348,1,2026-07-22 04:52:58.588409,Success,
3782,3349,1,2026-07-24 17:21:23.948196,Success,
3783,3350,1,2026-07-23 02:17:33.921443,Success,
3784,3351,1,2026-07-25 03:09:32.115300,Success,
3785,3352,1,2026-07-24 20:19:53.955357,Success,
3786,3353,1,2026-07-24 14:48:48.264219,Success,
3787,3354,1,2026-07-26 08:52:58.350551,Failed,Address Issue
3788,3354,2,2026-07-26 12:50:48.345597,Success,
3789,3355,1,2026-07-24 18:17:46.793286,Failed,Customer Unavailable
3790,3355,2,2026-07-24 19:33:27.946253,Success,
3791,3356,1,2026-07-25 00:09:44.890119,Success,
3792,3357,1,2026-07-24 22:49:22.644976,Success,
3793,3358,1,2026-07-23 13:39:34.198142,Success,
3794,3359,1,2026-07-23 10:45:16.633565,Success,
3795,3360,1,2026-07-25 15:38:36.664079,Success,
3796,3361,1,2026-07-26 09:56:13.312121,Failed,Hub Congestion
3797,3361,2,2026-07-26 10:25:58.189618,Success,
3798,3362,1,2026-07-26 08:32:59.393429,Success,
3799,3363,1,2026-07-25 23:02:47.026841,Success,
3800,3364,1,2026-07-24 05:33:45.528736,Failed,None
3801,3364,2,2026-07-24 07:25:12.582690,Success,
3802,3365,1,2026-07-25 01:51:26.546469,Success,
3803,3366,1,2026-07-26 04:45:49.917010,Failed,None
3804,3366,2,2026-07-26 08:19:35.129549,Success,
3805,3367,1,2026-07-26 01:11:20.467940,Success,
3806,3368,1,2026-07-26 01:08:47.306797,Success,
3807,3369,1,2026-07-23 21:18:35.977868,Success,
3808,3370,1,2026-07-28 06:10:19.315644,Failed,Hub Congestion
3809,3370,2,2026-07-28 09:57:23.545860,Success,
3810,3371,1,2026-07-24 14:39:12.738829,Success,
3811,3372,1,2026-07-25 22:07:27.952644,Success,
3812,3373,1,2026-07-24 06:40:02.284266,Failed,None
3813,3373,2,2026-07-24 08:02:48.662796,Success,
3814,3374,1,2026-07-26 21:23:21.318930,Failed,Address Issue
3815,3375,1,2026-07-25 19:46:55.125780,Success,
3816,3376,1,2026-07-27 06:13:46.430183,Success,
3817,3377,1,2026-07-25 02:26:02.124822,Success,
3818,3378,1,2026-07-25 17:02:56.999205,Success,
3819,3379,1,2026-07-25 10:16:01.606595,Success,
3820,3380,1,2026-07-27 05:46:12.392693,Success,
3821,3381,1,2026-07-28 14:34:01.494390,Success,
3822,3382,1,2026-07-27 03:37:44.484470,Success,
3823,3383,1,2026-07-27 13:46:05.483588,Success,
3824,3384,1,2026-07-27 18:50:01.988331,Success,
3825,3385,1,2026-07-27 10:03:19.693905,Success,
3826,3386,1,2026-07-28 15:41:51.653316,Success,
3827,3387,1,2026-07-25 07:25:48.197156,Success,
3828,3388,1,2026-07-26 17:25:16.732596,Success,
3829,3389,1,2026-07-27 05:19:30.493587,Success,
3830,3390,1,2026-07-24 00:48:35.005330,Success,
3831,3391,1,2026-07-24 13:33:30.389870,Success,
3832,3392,1,2026-07-29 06:54:21.261456,Success,
3833,3393,1,2026-07-25 16:14:47.554465,Success,
3834,3394,1,2026-07-29 08:47:46.650518,Success,
3835,3395,1,2026-07-26 20:05:49.799364,Failed,None
3836,3395,2,2026-07-26 23:27:45.936503,Success,
3837,3396,1,2026-07-25 14:13:00.994429,Success,
3838,3397,1,2026-07-25 01:46:09.569651,Success,
3839,3398,1,2026-07-26 05:46:46.455033,Failed,None
3840,3398,2,2026-07-26 06:35:21.746552,Success,
3841,3399,1,2026-07-26 16:48:54.577226,Success,
3842,3400,1,2026-07-26 00:48:35.310978,Success,
3843,3401,1,2026-07-26 13:09:37.874358,Success,
3844,3402,1,2026-07-29 11:16:21.188765,Success,
3845,3403,1,2026-07-28 02:37:17.114765,Success,
3846,3404,1,2026-07-26 14:20:57.101569,Failed,Weather
3847,3404,2,2026-07-26 15:07:52.060262,Success,
3848,3405,1,2026-07-28 00:24:20.777461,Failed,None
3849,3405,2,2026-07-28 04:18:16.150431,Success,
3850,3406,1,2026-07-25 18:28:30.031472,Failed,Address Issue
3851,3407,1,2026-07-28 01:08:10.334823,Success,
3852,3408,1,2026-07-30 03:24:37.912314,Success,
3853,3409,1,2026-07-28 07:09:19.229902,Success,
3854,3410,1,2026-07-26 18:49:26.348714,Success,
3855,3411,1,2026-07-27 03:52:45.843848,Failed,Address Issue
3856,3411,2,2026-07-27 07:50:42.386278,Success,
3857,3412,1,2026-07-26 04:01:52.363722,Success,
3858,3413,1,2026-07-29 13:54:34.103015,Failed,Address Issue
3859,3413,2,2026-07-29 14:17:33.244884,Success,
3860,3414,1,2026-07-28 03:28:50.759483,Success,
3861,3415,1,2026-07-29 06:40:11.192432,Success,
3862,3416,1,2026-07-30 02:10:12.449211,Success,
3863,3417,1,2026-07-26 22:55:35.067167,Success,
3864,3418,1,2026-07-26 14:07:11.130772,Success,
3865,3419,1,2026-07-29 07:36:25.879367,Success,
3866,3420,1,2026-07-29 06:11:18.892456,Success,
3867,3421,1,2026-07-28 17:14:43.710661,Success,
3868,3422,1,2026-07-29 05:32:43.913035,Success,
3869,3423,1,2026-07-29 03:27:01.882686,Failed,None
3870,3423,2,2026-07-29 06:18:48.547718,Success,
3871,3424,1,2026-07-28 15:35:25.949212,Success,
3872,3425,1,2026-07-27 13:17:16.514200,Failed,None
3873,3425,2,2026-07-27 16:40:19.800484,Success,
3874,3426,1,2026-07-30 13:52:45.919837,Success,
3875,3427,1,2026-07-28 19:25:05.811956,Success,
3876,3428,1,2026-07-28 20:55:54.929849,Success,
3877,3429,1,2026-07-30 08:28:45.877170,Success,
3878,3430,1,2026-07-28 10:26:55.636402,Success,
3879,3431,1,2026-07-28 01:19:38.524740,Success,
3880,3432,1,2026-07-30 03:19:30.132281,Failed,None
3881,3432,2,2026-07-30 07:04:31.462986,Success,
3882,3433,1,2026-07-30 13:12:22.258264,Success,
3883,3434,1,2026-07-29 18:34:26.942545,Success,
3884,3435,1,2026-07-30 03:41:07.608474,Success,
3885,3436,1,2026-07-28 19:47:26.186127,Success,
3886,3437,1,2026-07-29 21:56:40.901169,Failed,Address Issue
3887,3438,1,2026-07-28 07:37:15.275538,Failed,None
3888,3438,2,2026-07-28 10:37:29.061407,Success,
3889,3439,1,2026-07-28 00:32:56.563760,Success,
3890,3440,1,2026-07-30 12:01:07.959635,Success,
3891,3441,1,2026-07-28 14:50:09.139918,Success,
3892,3442,1,2026-07-28 17:30:59.300122,Success,
3893,3443,1,2026-07-29 15:52:43.446099,Success,
3894,3444,1,2026-07-28 13:11:34.858668,Success,
3895,3445,1,2026-07-27 16:04:40.757244,Failed,None
3896,3445,2,2026-07-27 19:49:14.642229,Success,
3897,3446,1,2026-07-29 10:40:33.094362,Success,
3898,3447,1,2026-07-31 07:16:20.230938,Success,
3899,3448,1,2026-07-30 19:33:11.787216,Success,
3900,3449,1,2026-07-31 12:01:59.850607,Success,
3901,3450,1,2026-07-29 17:27:40.310458,Success,
3902,3451,1,2026-07-31 12:08:44.420425,Success,
3903,3452,1,2026-07-30 19:17:24.461182,Success,
3904,3453,1,2026-07-29 01:32:05.431641,Success,
3905,3454,1,2026-07-29 10:57:07.455883,Success,
3906,3455,1,2026-07-30 22:00:05.075065,Success,
3907,3456,1,2026-07-28 04:22:28.304995,Success,
3908,3457,1,2026-07-29 12:30:27.448732,Success,
3909,3458,1,2026-07-29 06:07:08.200228,Success,
3910,3459,1,2026-07-31 00:39:13.168087,Success,
3911,3460,1,2026-07-30 23:22:32.773118,Success,
3912,3461,1,2026-07-31 08:08:28.568163,Success,
3913,3462,1,2026-07-30 15:47:11.782442,Success,
3914,3463,1,2026-07-30 13:07:24.892553,Failed,Customer Unavailable
3915,3464,1,2026-07-29 03:24:22.615906,Success,
3916,3465,1,2026-07-31 14:04:54.131457,Success,
3917,3466,1,2026-07-31 02:57:06.820815,Failed,None
3918,3466,2,2026-07-31 04:44:45.170769,Success,
3919,3467,1,2026-07-29 16:23:28.303177,Failed,None
3920,3467,2,2026-07-29 17:06:11.615492,Success,
3921,3468,1,2026-07-30 05:00:56.561592,Success,
3922,3469,1,2026-07-29 08:54:10.518675,Success,
3923,3470,1,2026-07-31 23:13:20.612813,Success,
3924,3471,1,2026-08-02 14:17:31.403968,Failed,Carrier Capacity
3925,3471,2,2026-08-02 15:47:28.271094,Success,
3926,3472,1,2026-07-31 20:14:14.580165,Success,
3927,3473,1,2026-08-01 00:51:32.687070,Success,
3928,3474,1,2026-08-01 05:02:18.627966,Success,
3929,3475,1,2026-07-31 20:40:58.547770,Success,
3930,3476,1,2026-07-31 20:14:41.821932,Failed,Address Issue
3931,3476,2,2026-07-31 23:36:11.931430,Success,
3932,3477,1,2026-07-31 18:20:39.030309,Success,
3933,3478,1,2026-07-30 13:37:35.397392,Success,
3934,3479,1,2026-08-01 14:02:20.663640,Success,
3935,3480,1,2026-07-31 13:51:32.326334,Failed,Carrier Capacity
3936,3480,2,2026-07-31 16:30:09.970951,Success,
3937,3482,1,2026-08-01 00:08:12.990902,Success,
3938,3483,1,2026-07-29 21:49:28.888537,Success,
3939,3485,1,2026-07-30 04:58:18.635141,Success,
3940,3486,1,2026-07-30 18:43:01.121810,Success,
3941,3487,1,2026-07-31 23:05:13.685497,Success,
3942,3488,1,2026-08-02 05:26:25.653202,Success,
3943,3489,1,2026-07-30 09:11:43.610614,Success,
3944,3490,1,2026-08-02 06:13:30.394160,Success,
3945,3492,1,2026-08-02 06:07:59.489423,Success,
3946,3493,1,2026-08-02 10:40:43.509126,Success,
3947,3495,1,2026-07-31 13:50:41.787460,Success,
3948,3496,1,2026-07-31 05:56:13.245120,Success,
3949,3498,1,2026-08-02 04:59:15.666036,Success,
3950,3499,1,2026-08-03 16:39:25.998237,Success,
3951,3500,1,2026-08-03 09:29:00.525610,Failed,None
3952,3500,2,2026-08-03 11:26:10.326972,Success,
3953,3501,1,2026-08-03 01:17:48.031399,Success,
3954,3502,1,2026-08-01 15:28:44.881855,Success,
3955,3503,1,2026-08-02 00:35:10.931158,Success,
3956,3504,1,2026-08-01 05:49:25.303775,Success,
3957,3506,1,2026-08-02 19:30:20.642450,Success,
3958,3507,1,2026-08-01 16:38:33.792672,Success,
3959,3508,1,2026-08-01 06:33:13.052918,Success,
3960,3509,1,2026-08-03 16:25:36.506842,Success,
3961,3510,1,2026-08-03 14:00:11.143059,Failed,Customer Unavailable
3962,3510,2,2026-08-03 14:53:10.460611,Success,
3963,3511,1,2026-08-03 02:06:41.945533,Success,
3964,3512,1,2026-07-31 04:17:34.608141,Success,
3965,3513,1,2026-08-03 07:22:11.275267,Success,
3966,3514,1,2026-08-05 04:30:24.196226,Success,
3967,3515,1,2026-08-01 13:32:31.622001,Success,
3968,3516,1,2026-08-03 13:53:46.334710,Success,
3969,3517,1,2026-08-02 16:28:24.730514,Success,
3970,3518,1,2026-08-03 13:23:46.574631,Success,
3971,3519,1,2026-08-03 03:14:58.358231,Success,
3972,3520,1,2026-08-03 03:31:59.219444,Success,
3973,3521,1,2026-08-03 04:49:39.732658,Success,
