shipment_id,created_at,promised_at,delivered_at,status,origin_hub_id,carrier_id,service_level,destination_city,distance_km,shipping_fee,order_value,delay_reason
1,2026-01-01 15:15:00,2026-01-02 21:15:00,2026-01-02 11:40:13.069197,Delivered,6,3,Next Day,Antalya,635,14.88,201.32,None
2,2026-01-01 14:00:00,2026-01-02 00:00:00,2026-01-01 16:15:20.816370,Delivered,1,1,Same Day,Ankara,780,16.05,176.53,None
3,2026-01-01 11:45:00,2026-01-02 17:45:00,2026-01-02 00:50:18.146479,Delivered,3,2,Next Day,Istanbul,646,10.12,162.33,None
4,2026-01-01 17:15:00,2026-01-04 17:15:00,2026-01-04 04:58:18.747424,Delivered,5,3,Standard,Adana,626,15.63,199.6,None
5,2026-01-01 12:45:00,2026-01-02 18:45:00,2026-01-02 02:06:58.075737,Delivered,1,3,Next Day,Mersin,10,10.04,100.09,None
6,2026-01-01 07:45:00,2026-01-04 07:45:00,2026-01-05 17:45:50.979128,Delivered,4,3,Standard,Istanbul,23,10.27,68.07,Address Issue
7,2026-01-01 08:45:00,2026-01-04 08:45:00,2026-01-03 20:25:13.105270,Delivered,6,1,Standard,Gaziantep,634,15.85,101.67,None
8,2026-01-01 08:15:00,2026-01-02 14:15:00,2026-01-01 20:52:20.637165,Delivered,1,1,Next Day,Ankara,101,15.41,87.24,None
9,2026-01-01 16:00:00,2026-01-04 16:00:00,2026-01-03 23:44:29.842573,Delivered,1,3,Standard,Mersin,715,5.19,283.72,None
10,2026-01-01 12:30:00,2026-01-02 18:30:00,2026-01-02 11:07:16.703307,Delivered,1,3,Next Day,Antalya,479,5.41,125.71,None
11,2026-01-01 15:00:00,2026-01-04 15:00:00,2026-01-03 22:32:27.951994,Delivered,2,1,Standard,Bursa,411,13.23,139.52,None
12,2026-01-01 16:30:00,2026-01-04 16:30:00,2026-01-05 18:29:54.648376,Delivered,6,3,Standard,Adana,51,16.45,191.29,Carrier Capacity
13,2026-01-01 14:15:00,2026-01-04 14:15:00,2026-01-04 08:28:04.259892,Delivered,4,4,Standard,Adana,327,5.65,302.97,None
14,2026-01-01 15:15:00,2026-01-02 21:15:00,2026-01-03 09:00:50.759782,Delivered,4,4,Next Day,Izmir,384,13.36,313.03,Carrier Capacity
15,2026-01-01 13:30:00,2026-01-02 19:30:00,2026-01-04 12:58:55.826070,Delivered,1,1,Next Day,Ankara,692,7.22,139.3,Vehicle Breakdown
16,2026-01-01 11:30:00,2026-01-02 17:30:00,,Failed,3,1,Next Day,Antalya,194,6.5,250.94,None
17,2026-01-02 18:45:00,2026-01-05 18:45:00,2026-01-06 00:44:19.124602,Delivered,3,4,Standard,Bursa,599,9.98,279.48,Carrier Capacity
18,2026-01-02 16:15:00,2026-01-05 16:15:00,2026-01-05 02:26:55.665223,Delivered,4,1,Standard,Konya,257,8.31,90.12,None
19,2026-01-02 13:45:00,2026-01-05 13:45:00,2026-01-04 23:46:29.233906,Delivered,3,4,Standard,Eskisehir,97,16.09,281.57,None
20,2026-01-02 16:15:00,2026-01-05 16:15:00,2026-01-05 21:58:20.250915,Delivered,3,3,Standard,Izmir,160,11.26,236.12,Weather
21,2026-01-02 09:15:00,2026-01-02 19:15:00,2026-01-02 01:35:58.782165,Delivered,1,4,Same Day,Mersin,139,12.99,174.59,None
22,2026-01-02 10:45:00,2026-01-05 10:45:00,2026-01-05 09:44:25.744618,Delivered,2,2,Standard,Konya,330,4.62,68.51,None
23,2026-01-02 18:00:00,2026-01-05 18:00:00,,Failed,1,3,Standard,Antalya,238,6.65,177.97,None
24,2026-01-02 14:15:00,2026-01-03 20:15:00,2026-01-03 06:44:31.469775,Delivered,1,2,Next Day,Mersin,357,7.41,146.44,None
25,2026-01-02 13:45:00,2026-01-05 13:45:00,2026-01-05 01:45:00.520522,Delivered,6,4,Standard,Izmir,110,15.29,270.24,None
26,2026-01-02 11:45:00,2026-01-03 17:45:00,2026-01-03 12:08:08.289712,Delivered,3,1,Next Day,Istanbul,595,9.45,286.7,None
27,2026-01-02 09:30:00,2026-01-05 09:30:00,2026-01-07 03:43:27.622930,Delivered,4,1,Standard,Istanbul,569,11.9,18.69,Carrier Capacity
28,2026-01-02 14:30:00,2026-01-05 14:30:00,2026-01-06 05:24:20.999359,Delivered,4,2,Standard,Konya,326,7.88,244.16,Weather
29,2026-01-02 10:30:00,2026-01-05 10:30:00,2026-01-05 09:29:24.364478,Delivered,1,1,Standard,Eskisehir,352,11.85,47.65,None
30,2026-01-02 14:00:00,2026-01-05 14:00:00,2026-01-05 10:05:46.008031,Delivered,5,3,Standard,Mersin,181,16.05,37.09,None
31,2026-01-02 15:00:00,2026-01-03 01:00:00,2026-01-05 05:26:00.419638,Delivered,5,2,Same Day,Adana,652,14.57,281.37,Vehicle Breakdown
32,2026-01-02 10:00:00,2026-01-03 16:00:00,2026-01-02 22:33:49.976431,Delivered,4,3,Next Day,Ankara,766,11.38,102.98,None
33,2026-01-02 09:00:00,2026-01-05 09:00:00,2026-01-06 09:11:59.341515,Delivered,4,4,Standard,Gaziantep,112,5.98,176.19,Vehicle Breakdown
34,2026-01-02 12:45:00,2026-01-05 12:45:00,2026-01-05 11:06:56.772060,Delivered,3,3,Standard,Bursa,500,13.91,130.44,None
35,2026-01-02 14:30:00,2026-01-03 20:30:00,2026-01-04 00:49:14.389929,Delivered,1,4,Next Day,Mersin,710,9.32,229.56,Carrier Capacity
36,2026-01-02 13:15:00,2026-01-05 13:15:00,2026-01-04 22:03:44.281255,Delivered,6,3,Standard,Antalya,726,10.38,238.33,None
37,2026-01-02 16:30:00,2026-01-03 02:30:00,2026-01-02 17:18:28.806440,Delivered,3,3,Same Day,Bursa,217,16.87,281.02,None
38,2026-01-02 08:00:00,2026-01-05 08:00:00,2026-01-05 04:26:57.588438,Delivered,5,3,Standard,Antalya,647,9.8,121.4,None
39,2026-01-02 10:45:00,2026-01-05 10:45:00,2026-01-05 02:29:38.619296,Delivered,1,1,Standard,Mersin,263,11.42,256.63,None
40,2026-01-02 16:00:00,2026-01-03 22:00:00,2026-01-03 09:05:36.495342,Delivered,1,1,Next Day,Konya,773,12.47,257.06,None
41,2026-01-03 16:15:00,2026-01-04 22:15:00,2026-01-06 00:21:11.553053,Delivered,4,1,Next Day,Izmir,337,6.68,37.3,Hub Congestion
42,2026-01-03 14:45:00,2026-01-06 14:45:00,2026-01-07 23:03:56.219383,Delivered,6,4,Standard,Antalya,79,15.12,93.99,Hub Congestion
43,2026-01-03 10:45:00,2026-01-03 20:45:00,2026-01-05 13:51:13.700306,Delivered,1,2,Same Day,Antalya,317,15.89,227.94,Hub Congestion
44,2026-01-03 15:30:00,2026-01-06 15:30:00,2026-01-06 12:49:44.414000,Delivered,1,4,Standard,Gaziantep,538,5.22,98.31,None
45,2026-01-03 10:45:00,2026-01-04 16:45:00,2026-01-05 05:58:07.930035,Delivered,4,2,Next Day,Eskisehir,268,7.09,84.19,Carrier Capacity
46,2026-01-03 09:15:00,2026-01-06 09:15:00,2026-01-05 22:47:54.779213,Delivered,2,4,Standard,Konya,429,9.0,30.52,None
47,2026-01-03 12:45:00,2026-01-06 12:45:00,2026-01-05 23:29:19.090446,Delivered,1,2,Standard,Gaziantep,145,15.88,272.63,None
48,2026-01-03 14:15:00,2026-01-06 14:15:00,2026-01-08 02:40:52.801642,Delivered,2,1,Standard,Antalya,286,13.57,46.67,Hub Congestion
49,2026-01-03 08:15:00,2026-01-06 08:15:00,2026-01-06 01:09:53.234919,Delivered,4,1,Standard,Antalya,469,15.56,237.34,None
50,2026-01-03 08:00:00,2026-01-06 08:00:00,2026-01-06 18:06:09.901306,Delivered,4,2,Standard,Mersin,488,13.38,26.0,Customer Unavailable
51,2026-01-03 11:00:00,2026-01-06 11:00:00,2026-01-07 22:27:20.748498,Delivered,4,4,Standard,Konya,659,13.03,54.95,Hub Congestion
52,2026-01-03 12:00:00,2026-01-06 12:00:00,2026-01-06 02:29:12.302173,Delivered,5,4,Standard,Gaziantep,752,8.83,131.0,None
53,2026-01-03 08:00:00,2026-01-06 08:00:00,2026-01-05 17:22:19.985611,Delivered,1,3,Standard,Gaziantep,44,6.48,190.29,None
54,2026-01-03 14:15:00,2026-01-04 20:15:00,2026-01-04 15:53:32.160998,Delivered,1,3,Next Day,Gaziantep,57,12.31,244.25,None
55,2026-01-03 07:30:00,2026-01-04 13:30:00,2026-01-04 01:28:30.513197,Delivered,1,4,Next Day,Adana,472,15.23,194.42,None
56,2026-01-04 07:30:00,2026-01-05 13:30:00,2026-01-06 02:09:41.142079,Delivered,3,1,Next Day,Antalya,488,7.28,44.91,Hub Congestion
57,2026-01-04 10:45:00,2026-01-07 10:45:00,2026-01-08 13:58:44.385708,Delivered,1,3,Standard,Konya,692,12.57,181.1,Carrier Capacity
58,2026-01-04 16:00:00,2026-01-05 22:00:00,2026-01-06 16:54:48.413412,Delivered,4,1,Next Day,Adana,299,10.39,131.24,Vehicle Breakdown
59,2026-01-04 17:45:00,2026-01-05 23:45:00,2026-01-05 21:30:53.929346,Delivered,1,1,Next Day,Istanbul,556,12.71,116.83,None
60,2026-01-04 15:45:00,2026-01-07 15:45:00,2026-01-08 14:49:39.554789,Delivered,5,2,Standard,Konya,123,6.62,246.84,Carrier Capacity
61,2026-01-04 14:30:00,2026-01-07 14:30:00,2026-01-07 09:17:36.229716,Delivered,3,4,Standard,Adana,469,6.08,319.13,None
62,2026-01-04 09:30:00,2026-01-07 09:30:00,2026-01-06 21:48:22.788167,Delivered,1,3,Standard,Bursa,429,8.78,316.97,None
63,2026-01-04 15:15:00,2026-01-07 15:15:00,2026-01-06 22:59:45.624462,Delivered,1,3,Standard,Izmir,717,4.83,38.67,None
64,2026-01-04 10:15:00,2026-01-05 16:15:00,2026-01-05 13:57:42.018204,Delivered,6,2,Next Day,Istanbul,115,4.97,135.37,None
65,2026-01-04 09:45:00,2026-01-07 09:45:00,2026-01-07 05:43:57.731814,Delivered,6,3,Standard,Istanbul,249,5.37,45.28,None
66,2026-01-04 15:45:00,2026-01-05 21:45:00,2026-01-05 13:17:12.153226,Delivered,6,4,Next Day,Ankara,37,10.23,173.51,None
67,2026-01-04 11:15:00,2026-01-07 11:15:00,2026-01-07 00:02:02.899187,Delivered,1,2,Standard,Konya,566,16.13,165.91,None
68,2026-01-05 15:30:00,2026-01-08 15:30:00,2026-01-10 01:12:47.123544,Delivered,4,3,Standard,Mersin,737,6.6,253.63,Hub Congestion
69,2026-01-05 18:00:00,2026-01-07 00:00:00,2026-01-06 08:35:48.855357,Delivered,1,3,Next Day,Konya,693,5.4,158.56,None
70,2026-01-05 13:30:00,2026-01-06 19:30:00,2026-01-07 19:59:01.837628,Delivered,2,3,Next Day,Antalya,534,12.91,111.73,Carrier Capacity
71,2026-01-05 18:45:00,2026-01-08 18:45:00,2026-01-08 07:29:43.804445,Delivered,4,3,Standard,Mersin,533,11.47,50.03,None
72,2026-01-05 14:45:00,2026-01-08 14:45:00,2026-01-07 21:12:23.487882,Delivered,3,4,Standard,Antalya,275,3.98,288.36,None
73,2026-01-05 15:30:00,2026-01-08 15:30:00,2026-01-08 00:57:00.377637,Delivered,1,1,Standard,Eskisehir,89,15.26,182.11,None
74,2026-01-05 11:15:00,2026-01-08 11:15:00,2026-01-08 16:57:39.919695,Delivered,1,4,Standard,Mersin,170,6.1,269.74,Customer Unavailable
75,2026-01-05 10:30:00,2026-01-08 10:30:00,2026-01-07 18:15:06.381889,Delivered,4,4,Standard,Konya,650,6.14,291.61,None
76,2026-01-05 17:15:00,2026-01-08 17:15:00,2026-01-10 04:03:30.688304,Delivered,6,4,Standard,Ankara,663,5.51,250.41,Weather
77,2026-01-05 07:30:00,2026-01-08 07:30:00,2026-01-08 01:19:39.705159,Delivered,4,4,Standard,Eskisehir,593,14.06,58.52,None
78,2026-01-05 17:45:00,2026-01-06 23:45:00,2026-01-06 06:42:49.339911,Delivered,1,1,Next Day,Istanbul,709,15.1,236.41,None
79,2026-01-05 18:45:00,2026-01-07 00:45:00,2026-01-08 02:13:05.998267,Delivered,4,3,Next Day,Istanbul,373,15.43,256.58,Carrier Capacity
80,2026-01-05 11:30:00,2026-01-08 11:30:00,2026-01-10 14:06:21.371540,Delivered,1,2,Standard,Eskisehir,583,15.19,129.16,Hub Congestion
81,2026-01-05 12:30:00,2026-01-08 12:30:00,2026-01-07 20:36:59.735346,Delivered,3,1,Standard,Bursa,747,9.75,64.31,None
82,2026-01-05 10:00:00,2026-01-06 16:00:00,2026-01-06 06:57:16.198410,Delivered,3,3,Next Day,Ankara,708,6.91,128.01,None
83,2026-01-05 08:30:00,2026-01-08 08:30:00,2026-01-08 06:49:16.982214,Delivered,4,2,Standard,Antalya,382,15.59,74.21,None
84,2026-01-05 13:30:00,2026-01-08 13:30:00,2026-01-08 08:42:29.243646,Delivered,4,2,Standard,Eskisehir,158,14.77,312.67,None
85,2026-01-05 08:30:00,2026-01-08 08:30:00,2026-01-07 20:47:44.790103,Delivered,4,2,Standard,Mersin,741,15.03,211.26,None
86,2026-01-05 08:30:00,2026-01-05 18:30:00,2026-01-07 10:26:50.747162,Delivered,5,2,Same Day,Eskisehir,681,15.63,233.75,Hub Congestion
87,2026-01-05 17:30:00,2026-01-08 17:30:00,2026-01-09 15:13:03.830113,Delivered,4,1,Standard,Ankara,698,10.67,142.4,Address Issue
88,2026-01-05 17:45:00,2026-01-06 03:45:00,2026-01-05 18:25:34.282543,Delivered,4,3,Same Day,Adana,304,19.08,64.85,None
89,2026-01-05 11:30:00,2026-01-08 11:30:00,2026-01-08 20:33:15.276805,Delivered,1,4,Standard,Istanbul,355,13.85,87.05,Address Issue
90,2026-01-06 08:00:00,2026-01-09 08:00:00,2026-01-09 00:48:25.963082,Delivered,1,3,Standard,Konya,510,15.38,123.58,None
91,2026-01-06 15:15:00,2026-01-09 15:15:00,2026-01-09 07:37:04.079462,Delivered,1,3,Standard,Izmir,156,14.51,22.06,None
92,2026-01-06 12:15:00,2026-01-07 18:15:00,2026-01-07 15:13:06.655626,Delivered,3,3,Next Day,Ankara,671,10.1,268.9,None
93,2026-01-06 12:30:00,2026-01-09 12:30:00,2026-01-09 01:36:28.525163,Delivered,1,4,Standard,Izmir,303,8.08,103.93,None
94,2026-01-06 16:00:00,2026-01-09 16:00:00,2026-01-11 09:35:29.451817,Delivered,4,2,Standard,Mersin,372,8.51,276.64,Weather
95,2026-01-06 16:30:00,2026-01-09 16:30:00,2026-01-09 10:48:22.871063,Delivered,1,1,Standard,Konya,609,12.64,199.58,None
96,2026-01-06 08:15:00,2026-01-09 08:15:00,2026-01-09 04:52:11.556603,Delivered,5,2,Standard,Izmir,85,9.78,95.24,None
97,2026-01-06 14:15:00,2026-01-07 00:15:00,2026-01-06 08:49:08.456978,Delivered,1,2,Same Day,Eskisehir,386,18.97,61.01,None
98,2026-01-06 09:00:00,2026-01-09 09:00:00,2026-01-08 15:45:56.945431,Delivered,2,4,Standard,Izmir,244,9.84,106.61,None
99,2026-01-06 17:15:00,2026-01-07 23:15:00,2026-01-09 13:56:35.766216,Delivered,6,4,Next Day,Ankara,286,8.25,72.54,Address Issue
100,2026-01-06 11:45:00,2026-01-09 11:45:00,2026-01-08 23:05:27.654141,Delivered,1,3,Standard,Antalya,239,9.13,319.74,None
101,2026-01-07 15:15:00,2026-01-10 15:15:00,2026-01-09 22:09:18.286434,Delivered,1,1,Standard,Gaziantep,18,4.12,67.81,None
102,2026-01-07 15:45:00,2026-01-10 15:45:00,2026-01-10 01:42:09.732610,Delivered,1,4,Standard,Konya,612,6.22,238.79,None
103,2026-01-07 11:00:00,2026-01-10 11:00:00,2026-01-12 02:49:23.763488,Delivered,2,3,Standard,Antalya,618,5.52,274.33,Hub Congestion
104,2026-01-07 16:00:00,2026-01-10 16:00:00,2026-01-11 22:45:19.922073,Delivered,3,1,Standard,Bursa,477,10.41,47.26,Carrier Capacity
105,2026-01-07 18:45:00,2026-01-10 18:45:00,2026-01-10 14:56:45.321629,Delivered,1,1,Standard,Eskisehir,761,8.45,203.0,None
106,2026-01-07 17:30:00,2026-01-10 17:30:00,2026-01-10 12:44:58.170729,Delivered,1,1,Standard,Adana,43,9.11,104.52,None
107,2026-01-07 15:15:00,2026-01-08 21:15:00,2026-01-08 05:16:17.888188,Delivered,1,2,Next Day,Istanbul,655,6.92,293.1,None
108,2026-01-07 09:15:00,2026-01-08 15:15:00,,Failed,1,2,Next Day,Izmir,123,6.47,74.71,Carrier Capacity
109,2026-01-07 18:00:00,2026-01-10 18:00:00,2026-01-10 16:22:26.943762,Delivered,5,2,Standard,Istanbul,731,7.88,114.1,None
110,2026-01-07 12:45:00,2026-01-08 18:45:00,2026-01-09 17:17:54.088247,Delivered,4,1,Next Day,Gaziantep,755,12.11,176.21,Address Issue
111,2026-01-07 17:45:00,2026-01-08 23:45:00,2026-01-08 16:06:17.848854,Delivered,1,3,Next Day,Gaziantep,647,5.49,100.14,None
112,2026-01-07 17:15:00,2026-01-10 17:15:00,2026-01-10 21:04:28.908424,Delivered,5,1,Standard,Konya,43,5.63,241.15,Address Issue
113,2026-01-07 07:00:00,2026-01-10 07:00:00,2026-01-10 15:29:54.491981,Delivered,3,1,Standard,Izmir,677,14.78,141.9,Address Issue
114,2026-01-07 16:00:00,2026-01-10 16:00:00,2026-01-10 08:21:36.672476,Delivered,1,2,Standard,Konya,518,12.25,264.93,None
115,2026-01-07 16:30:00,2026-01-08 02:30:00,2026-01-07 15:09:55.999694,Delivered,1,4,Same Day,Adana,400,19.13,39.17,None
116,2026-01-07 13:45:00,2026-01-08 19:45:00,2026-01-08 01:51:04.740353,Delivered,3,3,Next Day,Bursa,202,11.11,294.51,None
117,2026-01-07 16:15:00,2026-01-08 22:15:00,2026-01-08 14:00:55.485073,Delivered,2,2,Next Day,Gaziantep,563,16.05,219.34,None
118,2026-01-07 12:15:00,2026-01-08 18:15:00,2026-01-08 15:48:42.707573,Delivered,5,2,Next Day,Bursa,689,14.95,210.61,None
119,2026-01-08 13:45:00,2026-01-11 13:45:00,2026-01-11 06:49:07.680113,Delivered,6,1,Standard,Izmir,351,10.94,89.15,None
120,2026-01-08 16:15:00,2026-01-11 16:15:00,2026-01-11 03:39:43.164944,Delivered,4,2,Standard,Gaziantep,583,5.95,94.02,None
121,2026-01-08 08:45:00,2026-01-09 14:45:00,2026-01-09 06:38:08.512979,Delivered,5,4,Next Day,Konya,397,7.56,42.2,None
122,2026-01-08 13:30:00,2026-01-11 13:30:00,2026-01-11 00:26:05.800161,Delivered,1,2,Standard,Adana,548,10.81,156.66,None
123,2026-01-08 12:00:00,2026-01-11 12:00:00,2026-01-10 19:04:18.918236,Delivered,1,2,Standard,Mersin,339,12.77,43.07,None
124,2026-01-08 17:00:00,2026-01-09 23:00:00,2026-01-09 21:11:41.845493,Delivered,6,2,Next Day,Gaziantep,161,14.49,118.77,None
125,2026-01-08 10:45:00,2026-01-09 16:45:00,2026-01-09 01:55:17.063846,Delivered,1,2,Next Day,Antalya,154,4.9,52.28,None
126,2026-01-08 13:45:00,2026-01-09 19:45:00,2026-01-09 05:58:28.357012,Delivered,3,1,Next Day,Izmir,290,3.52,274.2,None
127,2026-01-08 17:00:00,2026-01-11 17:00:00,2026-01-11 00:51:21.909851,Delivered,2,4,Standard,Antalya,689,8.56,270.33,None
128,2026-01-08 13:30:00,2026-01-11 13:30:00,2026-01-10 21:54:21.509824,Delivered,1,2,Standard,Bursa,630,11.4,252.72,None
129,2026-01-08 12:00:00,2026-01-09 18:00:00,2026-01-09 08:36:12.611389,Delivered,4,2,Next Day,Bursa,672,14.8,284.17,None
130,2026-01-09 15:15:00,2026-01-10 21:15:00,2026-01-10 03:40:45.349069,Delivered,1,4,Next Day,Gaziantep,434,6.62,117.46,None
131,2026-01-09 13:45:00,2026-01-12 13:45:00,2026-01-12 05:08:28.432905,Delivered,4,1,Standard,Adana,267,4.25,97.76,None
132,2026-01-09 12:30:00,2026-01-12 12:30:00,2026-01-11 22:09:49.273484,Delivered,3,1,Standard,Ankara,244,11.99,283.31,None
133,2026-01-09 09:00:00,2026-01-10 15:00:00,2026-01-10 09:37:45.770921,Delivered,3,1,Next Day,Mersin,351,8.42,75.13,None
134,2026-01-09 11:15:00,2026-01-10 17:15:00,2026-01-12 11:24:34.188511,Delivered,4,4,Next Day,Mersin,726,14.24,138.39,Weather
135,2026-01-09 14:15:00,2026-01-12 14:15:00,2026-01-11 22:34:06.775079,Delivered,6,1,Standard,Eskisehir,49,4.51,207.18,None
136,2026-01-09 18:30:00,2026-01-11 00:30:00,2026-01-10 09:01:47.368927,Delivered,5,1,Next Day,Mersin,292,11.36,83.11,None
137,2026-01-09 09:15:00,2026-01-09 19:15:00,2026-01-09 10:19:59.128136,Delivered,4,4,Same Day,Antalya,334,17.76,284.24,None
138,2026-01-09 11:15:00,2026-01-12 11:15:00,2026-01-12 08:01:04.483864,Delivered,3,4,Standard,Istanbul,277,4.76,231.94,None
139,2026-01-09 16:30:00,2026-01-10 22:30:00,2026-01-10 07:49:46.169377,Delivered,1,2,Next Day,Antalya,335,16.21,56.22,None
140,2026-01-09 15:15:00,2026-01-12 15:15:00,2026-01-12 01:11:22.384274,Delivered,1,2,Standard,Izmir,724,10.17,297.57,None
141,2026-01-09 10:15:00,2026-01-10 16:15:00,2026-01-10 07:18:03.460730,Delivered,3,4,Next Day,Ankara,36,5.06,185.07,None
142,2026-01-09 18:15:00,2026-01-10 04:15:00,2026-01-10 02:40:46.210210,Delivered,2,1,Same Day,Eskisehir,44,22.19,266.26,None
143,2026-01-09 11:15:00,2026-01-12 11:15:00,2026-01-13 02:28:57.726135,Delivered,4,1,Standard,Ankara,288,10.44,36.98,Weather
144,2026-01-09 12:45:00,2026-01-09 22:45:00,2026-01-09 04:51:38.176829,Delivered,6,1,Same Day,Eskisehir,639,12.02,26.72,None
145,2026-01-09 17:45:00,2026-01-10 03:45:00,2026-01-09 15:53:23.177688,Delivered,1,2,Same Day,Mersin,570,18.66,195.83,None
146,2026-01-09 12:00:00,2026-01-12 12:00:00,2026-01-14 04:51:29.933271,Delivered,6,4,Standard,Ankara,299,7.74,150.67,Hub Congestion
147,2026-01-09 08:45:00,2026-01-10 14:45:00,2026-01-10 23:41:55.962835,Delivered,1,2,Next Day,Eskisehir,510,3.99,156.99,Customer Unavailable
148,2026-01-10 18:30:00,2026-01-13 18:30:00,2026-01-13 17:11:55.150309,Delivered,6,4,Standard,Konya,148,4.67,114.19,None
149,2026-01-10 18:00:00,2026-01-13 18:00:00,2026-01-13 03:04:31.637358,Delivered,1,2,Standard,Mersin,425,13.99,170.34,None
150,2026-01-10 13:15:00,2026-01-13 13:15:00,2026-01-13 10:23:12.118649,Delivered,1,3,Standard,Istanbul,80,10.75,238.13,None
151,2026-01-10 16:45:00,2026-01-11 22:45:00,2026-01-11 19:31:40.916194,Delivered,2,1,Next Day,Izmir,21,4.92,291.69,None
152,2026-01-10 15:00:00,2026-01-13 15:00:00,2026-01-13 10:21:39.267826,Delivered,2,3,Standard,Istanbul,45,10.06,33.97,None
153,2026-01-10 08:00:00,2026-01-13 08:00:00,2026-01-13 21:38:55.337213,Delivered,5,2,Standard,Eskisehir,89,3.7,142.35,Address Issue
154,2026-01-10 07:45:00,2026-01-13 07:45:00,2026-01-12 17:35:05.600134,Delivered,6,2,Standard,Antalya,482,6.85,114.98,None
155,2026-01-10 12:45:00,2026-01-13 12:45:00,2026-01-12 19:03:02.625602,Delivered,2,4,Standard,Istanbul,374,4.66,140.44,None
156,2026-01-10 10:30:00,2026-01-13 10:30:00,2026-01-14 15:03:59.421651,Delivered,2,1,Standard,Mersin,404,6.7,240.57,Hub Congestion
157,2026-01-10 14:30:00,2026-01-13 14:30:00,2026-01-13 11:43:17.483480,Delivered,1,1,Standard,Istanbul,513,13.89,250.77,None
158,2026-01-10 15:30:00,2026-01-13 15:30:00,2026-01-12 22:54:48.546692,Delivered,3,1,Standard,Adana,229,14.98,162.76,None
159,2026-01-10 12:45:00,2026-01-13 12:45:00,2026-01-12 23:31:16.895091,Delivered,1,2,Standard,Gaziantep,161,10.81,241.29,None
160,2026-01-10 16:45:00,2026-01-13 16:45:00,2026-01-13 01:32:07.505179,Delivered,3,1,Standard,Konya,695,14.77,186.97,None
161,2026-01-10 16:45:00,2026-01-11 22:45:00,2026-01-11 15:19:01.413546,Delivered,1,3,Next Day,Gaziantep,545,5.54,166.55,None
162,2026-01-10 09:45:00,2026-01-11 15:45:00,2026-01-11 07:00:49.049679,Delivered,4,2,Next Day,Izmir,55,7.81,312.92,None
163,2026-01-10 13:00:00,2026-01-10 23:00:00,2026-01-10 19:48:16.153866,Delivered,1,2,Same Day,Gaziantep,753,18.6,81.51,None
164,2026-01-11 11:15:00,2026-01-11 21:15:00,2026-01-11 11:49:33.981339,Delivered,1,3,Same Day,Mersin,418,18.36,262.59,None
165,2026-01-11 12:45:00,2026-01-12 18:45:00,,Failed,5,1,Next Day,Eskisehir,385,6.34,237.91,None
166,2026-01-11 13:15:00,2026-01-14 13:15:00,2026-01-13 21:01:31.618611,Delivered,4,2,Standard,Konya,659,12.26,109.87,None
167,2026-01-11 12:15:00,2026-01-11 22:15:00,2026-01-11 10:01:49.087109,Delivered,1,1,Same Day,Izmir,577,13.81,266.59,None
168,2026-01-11 11:30:00,2026-01-12 17:30:00,2026-01-12 09:45:05.243597,Delivered,1,2,Next Day,Mersin,154,10.97,177.08,None
169,2026-01-11 15:15:00,2026-01-14 15:15:00,2026-01-14 06:11:51.238694,Delivered,2,1,Standard,Bursa,108,6.59,137.73,None
170,2026-01-11 16:00:00,2026-01-12 22:00:00,2026-01-12 12:43:17.436015,Delivered,4,1,Next Day,Konya,322,12.57,285.2,None
171,2026-01-11 07:30:00,2026-01-12 13:30:00,2026-01-11 22:03:27.337857,Delivered,1,2,Next Day,Izmir,274,8.08,92.19,None
172,2026-01-11 12:45:00,2026-01-14 12:45:00,2026-01-14 21:02:23.971453,Delivered,4,3,Standard,Istanbul,240,6.77,147.73,Address Issue
173,2026-01-11 10:00:00,2026-01-14 10:00:00,2026-01-15 11:01:00.383323,Delivered,2,2,Standard,Konya,538,4.37,64.15,Carrier Capacity
174,2026-01-11 14:00:00,2026-01-12 20:00:00,2026-01-13 05:05:59.814303,Delivered,6,3,Next Day,Adana,749,15.81,72.87,Carrier Capacity
175,2026-01-11 12:30:00,2026-01-14 12:30:00,2026-01-13 21:47:45.480681,Delivered,5,3,Standard,Bursa,32,10.61,246.95,None
176,2026-01-11 12:15:00,2026-01-14 12:15:00,2026-01-13 18:37:51.112112,Delivered,2,2,Standard,Bursa,426,16.4,179.33,None
177,2026-01-11 13:30:00,2026-01-14 13:30:00,2026-01-14 10:12:06.014055,Delivered,4,4,Standard,Bursa,617,9.73,145.03,None
178,2026-01-11 16:15:00,2026-01-14 16:15:00,2026-01-14 05:52:40.189246,Delivered,6,3,Standard,Eskisehir,738,10.82,150.19,None
179,2026-01-11 18:15:00,2026-01-12 04:15:00,2026-01-11 19:34:00.799935,Delivered,2,1,Same Day,Konya,114,21.51,57.88,None
180,2026-01-11 10:45:00,2026-01-14 10:45:00,2026-01-13 17:04:47.248626,Delivered,1,1,Standard,Izmir,313,12.64,293.9,None
181,2026-01-11 14:30:00,2026-01-14 14:30:00,2026-01-14 01:45:12.091510,Delivered,2,2,Standard,Eskisehir,572,7.76,32.59,None
182,2026-01-11 12:15:00,2026-01-14 12:15:00,2026-01-14 01:22:03.891663,Delivered,6,2,Standard,Istanbul,518,12.61,202.44,None
183,2026-01-12 11:15:00,2026-01-15 11:15:00,2026-01-15 09:38:17.907605,Delivered,1,1,Standard,Gaziantep,427,14.38,86.58,None
184,2026-01-12 12:15:00,2026-01-15 12:15:00,2026-01-15 05:03:52.863056,Delivered,3,1,Standard,Izmir,485,5.78,18.99,None
185,2026-01-12 17:00:00,2026-01-15 17:00:00,2026-01-15 15:52:09.476201,Delivered,5,1,Standard,Eskisehir,197,14.24,208.45,None
186,2026-01-12 15:00:00,2026-01-15 15:00:00,2026-01-15 09:39:26.785949,Delivered,2,1,Standard,Gaziantep,595,5.18,138.78,None
187,2026-01-12 17:45:00,2026-01-13 23:45:00,2026-01-13 12:45:45.717905,Delivered,1,4,Next Day,Istanbul,173,14.77,285.37,None
188,2026-01-12 07:00:00,2026-01-13 13:00:00,2026-01-13 11:21:26.821285,Delivered,3,1,Next Day,Ankara,77,5.12,38.01,None
189,2026-01-12 08:30:00,2026-01-12 18:30:00,2026-01-12 03:57:26.198639,Delivered,5,1,Same Day,Ankara,238,21.24,137.23,None
190,2026-01-12 12:00:00,2026-01-15 12:00:00,2026-01-15 10:30:56.071521,Delivered,2,1,Standard,Istanbul,520,12.12,82.17,None
191,2026-01-12 14:15:00,2026-01-15 14:15:00,2026-01-15 11:50:38.114317,Delivered,1,3,Standard,Bursa,30,4.09,224.08,None
192,2026-01-12 17:30:00,2026-01-15 17:30:00,2026-01-15 16:25:59.831442,Delivered,5,3,Standard,Antalya,372,15.78,242.75,None
193,2026-01-12 15:15:00,2026-01-15 15:15:00,2026-01-16 19:54:37.450020,Delivered,4,3,Standard,Izmir,160,14.97,245.21,Customer Unavailable
194,2026-01-12 08:00:00,2026-01-13 14:00:00,2026-01-12 23:21:37.414974,Delivered,1,3,Next Day,Mersin,659,6.71,39.35,None
195,2026-01-12 12:00:00,2026-01-15 12:00:00,2026-01-15 08:02:22.704057,Delivered,1,2,Standard,Konya,258,3.51,306.38,None
196,2026-01-12 07:45:00,2026-01-15 07:45:00,2026-01-16 20:47:19.300457,Delivered,4,2,Standard,Bursa,90,3.97,167.18,Carrier Capacity
197,2026-01-12 12:45:00,2026-01-13 18:45:00,2026-01-13 13:32:07.013575,Delivered,3,1,Next Day,Gaziantep,720,11.29,141.02,None
198,2026-01-12 11:00:00,2026-01-12 21:00:00,2026-01-12 19:53:23.714591,Delivered,1,4,Same Day,Izmir,8,18.69,63.03,None
199,2026-01-13 07:45:00,2026-01-14 13:45:00,,Failed,5,4,Next Day,Bursa,700,3.98,157.2,None
200,2026-01-13 15:00:00,2026-01-16 15:00:00,2026-01-16 12:27:21.561774,Delivered,2,3,Standard,Izmir,590,15.46,95.8,None
201,2026-01-13 17:30:00,2026-01-16 17:30:00,,Failed,2,1,Standard,Antalya,53,12.02,117.5,None
202,2026-01-13 08:15:00,2026-01-13 18:15:00,2026-01-13 02:44:02.760153,Delivered,1,2,Same Day,Izmir,398,16.95,121.91,None
203,2026-01-13 11:45:00,2026-01-13 21:45:00,2026-01-13 10:11:39.161527,Delivered,6,1,Same Day,Izmir,100,21.85,115.7,None
204,2026-01-13 12:15:00,2026-01-14 18:15:00,2026-01-14 07:04:39.907110,Delivered,6,2,Next Day,Mersin,642,4.28,105.52,None
205,2026-01-13 18:00:00,2026-01-15 00:00:00,2026-01-16 18:40:14.224879,Delivered,3,4,Next Day,Istanbul,215,7.29,63.45,Carrier Capacity
206,2026-01-13 12:00:00,2026-01-16 12:00:00,2026-01-16 01:22:58.536671,Delivered,1,4,Standard,Istanbul,618,11.62,153.79,None
207,2026-01-13 07:15:00,2026-01-14 13:15:00,2026-01-14 04:48:28.126182,Delivered,4,4,Next Day,Bursa,199,7.58,299.87,None
208,2026-01-13 08:30:00,2026-01-14 14:30:00,2026-01-14 03:39:19.732447,Delivered,2,3,Next Day,Bursa,304,11.54,119.01,None
209,2026-01-13 08:45:00,2026-01-13 18:45:00,2026-01-14 19:49:10.637968,Delivered,1,3,Same Day,Konya,403,10.97,247.16,Hub Congestion
210,2026-01-14 09:15:00,2026-01-17 09:15:00,2026-01-16 15:40:59.783549,Delivered,1,1,Standard,Bursa,39,16.2,284.29,None
211,2026-01-14 16:30:00,2026-01-17 16:30:00,2026-01-17 09:39:21.367927,Delivered,1,2,Standard,Adana,100,5.86,21.08,None
212,2026-01-14 14:45:00,2026-01-17 14:45:00,2026-01-17 06:56:25.956608,Delivered,3,2,Standard,Antalya,102,12.56,262.27,None
213,2026-01-14 17:30:00,2026-01-17 17:30:00,2026-01-18 21:13:30.341393,Delivered,4,4,Standard,Ankara,342,8.46,277.32,Hub Congestion
214,2026-01-14 15:15:00,2026-01-17 15:15:00,2026-01-17 07:31:43.317770,Delivered,1,3,Standard,Istanbul,730,7.3,80.07,None
215,2026-01-14 11:15:00,2026-01-15 17:15:00,2026-01-15 06:21:51.434591,Delivered,6,3,Next Day,Bursa,192,6.1,246.58,None
216,2026-01-14 15:00:00,2026-01-17 15:00:00,2026-01-17 09:41:12.276894,Delivered,6,4,Standard,Konya,624,15.26,38.02,None
217,2026-01-14 07:00:00,2026-01-15 13:00:00,2026-01-15 20:50:03.598968,Delivered,1,3,Next Day,Adana,276,9.54,256.16,Address Issue
218,2026-01-14 18:00:00,2026-01-15 04:00:00,2026-01-16 03:44:15.728863,Delivered,2,4,Same Day,Bursa,527,18.53,305.27,Customer Unavailable
219,2026-01-14 17:45:00,2026-01-15 23:45:00,2026-01-17 05:11:32.207185,Delivered,1,4,Next Day,Bursa,543,9.15,160.66,Vehicle Breakdown
220,2026-01-14 16:30:00,2026-01-15 02:30:00,2026-01-14 16:10:57.596659,Delivered,1,2,Same Day,Bursa,13,16.56,186.25,None
221,2026-01-14 17:00:00,2026-01-17 17:00:00,2026-01-16 23:36:47.036325,Delivered,5,2,Standard,Antalya,381,6.72,57.85,None
222,2026-01-14 17:15:00,2026-01-17 17:15:00,2026-01-17 10:12:51.847872,Delivered,4,4,Standard,Konya,451,5.9,229.38,None
223,2026-01-15 15:15:00,2026-01-18 15:15:00,2026-01-18 13:48:01.221924,Delivered,3,3,Standard,Eskisehir,227,11.6,301.37,None
224,2026-01-15 18:45:00,2026-01-16 04:45:00,2026-01-16 18:57:57.735350,Delivered,1,3,Same Day,Ankara,266,16.66,119.71,Hub Congestion
225,2026-01-15 17:45:00,2026-01-16 23:45:00,2026-01-18 02:37:11.514158,Delivered,5,2,Next Day,Bursa,594,15.32,124.98,Hub Congestion
226,2026-01-15 11:15:00,2026-01-16 17:15:00,2026-01-16 10:49:53.630811,Delivered,1,3,Next Day,Adana,417,9.78,211.45,None
227,2026-01-15 12:00:00,2026-01-18 12:00:00,2026-01-17 23:38:28.457974,Delivered,2,1,Standard,Ankara,237,15.07,64.38,None
228,2026-01-15 11:15:00,2026-01-18 11:15:00,2026-01-18 07:41:53.086954,Delivered,2,3,Standard,Adana,347,13.51,185.33,None
229,2026-01-15 10:15:00,2026-01-18 10:15:00,2026-01-18 05:55:13.162925,Delivered,1,1,Standard,Gaziantep,210,11.44,65.04,None
230,2026-01-15 14:30:00,2026-01-16 20:30:00,,Failed,4,4,Next Day,Mersin,32,8.69,140.46,None
231,2026-01-15 10:45:00,2026-01-16 16:45:00,2026-01-16 13:35:10.301201,Delivered,4,1,Next Day,Konya,149,14.23,300.67,None
232,2026-01-15 12:45:00,2026-01-18 12:45:00,2026-01-18 08:43:21.237556,Delivered,5,2,Standard,Istanbul,264,6.69,275.8,None
233,2026-01-15 09:30:00,2026-01-18 09:30:00,2026-01-19 07:50:24.701163,Delivered,3,3,Standard,Antalya,267,11.6,296.11,Weather
234,2026-01-15 11:15:00,2026-01-18 11:15:00,2026-01-20 06:48:42.679549,Delivered,3,2,Standard,Eskisehir,479,11.94,168.25,Carrier Capacity
235,2026-01-15 17:15:00,2026-01-16 23:15:00,2026-01-16 19:03:36.231038,Delivered,2,4,Next Day,Gaziantep,568,12.26,285.62,None
236,2026-01-15 17:45:00,2026-01-18 17:45:00,2026-01-18 05:57:17.521579,Delivered,1,1,Standard,Izmir,609,12.41,96.4,None
237,2026-01-15 12:00:00,2026-01-18 12:00:00,2026-01-17 21:02:33.792156,Delivered,1,3,Standard,Gaziantep,94,12.62,263.33,None
238,2026-01-15 14:15:00,2026-01-18 14:15:00,2026-01-18 09:30:09.285687,Delivered,1,2,Standard,Konya,139,10.9,48.62,None
239,2026-01-15 18:45:00,2026-01-18 18:45:00,2026-01-18 11:56:27.939871,Delivered,5,2,Standard,Ankara,467,5.66,225.56,None
240,2026-01-15 10:00:00,2026-01-16 16:00:00,2026-01-16 13:47:16.196502,Delivered,1,2,Next Day,Konya,414,9.72,261.81,None
241,2026-01-15 15:30:00,2026-01-18 15:30:00,2026-01-18 02:27:57.685359,Delivered,3,1,Standard,Bursa,746,10.56,70.79,None
242,2026-01-15 07:00:00,2026-01-18 07:00:00,2026-01-19 14:06:00.843672,Delivered,1,2,Standard,Konya,330,5.38,255.31,Carrier Capacity
243,2026-01-16 18:00:00,2026-01-19 18:00:00,2026-01-19 07:25:24.991017,Delivered,1,1,Standard,Mersin,107,8.89,57.98,None
244,2026-01-16 15:00:00,2026-01-17 21:00:00,2026-01-17 13:10:23.093302,Delivered,2,2,Next Day,Mersin,417,9.72,223.13,None
245,2026-01-16 07:00:00,2026-01-17 13:00:00,2026-01-16 22:10:25.834921,Delivered,1,1,Next Day,Konya,196,13.96,124.95,None
246,2026-01-16 15:30:00,2026-01-19 15:30:00,2026-01-19 12:58:30.856916,Delivered,1,3,Standard,Eskisehir,540,9.4,146.02,None
247,2026-01-16 12:15:00,2026-01-19 12:15:00,2026-01-18 19:12:13.901368,Delivered,4,2,Standard,Izmir,131,7.7,219.12,None
248,2026-01-16 16:00:00,2026-01-19 16:00:00,2026-01-18 22:16:51.000749,Delivered,4,1,Standard,Izmir,304,10.11,121.85,None
249,2026-01-16 13:00:00,2026-01-19 13:00:00,2026-01-20 18:54:38.751338,Delivered,2,4,Standard,Antalya,41,15.54,158.6,Vehicle Breakdown
250,2026-01-16 17:15:00,2026-01-19 17:15:00,2026-01-19 02:19:07.959835,Delivered,2,4,Standard,Antalya,142,7.53,185.65,None
251,2026-01-16 18:00:00,2026-01-18 00:00:00,2026-01-17 10:02:05.524938,Delivered,2,2,Next Day,Bursa,432,12.39,168.16,None
252,2026-01-16 16:30:00,2026-01-17 02:30:00,2026-01-16 11:49:04.548546,Delivered,1,1,Same Day,Istanbul,27,15.31,241.82,None
253,2026-01-16 18:30:00,2026-01-19 18:30:00,2026-01-19 08:00:59.292245,Delivered,2,3,Standard,Adana,418,9.97,88.62,None
254,2026-01-16 10:15:00,2026-01-17 16:15:00,2026-01-17 08:19:04.632805,Delivered,2,4,Next Day,Istanbul,51,8.11,138.13,None
255,2026-01-16 09:30:00,2026-01-16 19:30:00,2026-01-16 08:03:40.691850,Delivered,4,2,Same Day,Antalya,719,15.23,201.98,None
256,2026-01-16 12:45:00,2026-01-16 22:45:00,2026-01-16 08:21:47.596754,Delivered,1,3,Same Day,Adana,45,11.81,149.99,None
257,2026-01-16 08:45:00,2026-01-17 14:45:00,2026-01-17 05:52:44.257415,Delivered,1,2,Next Day,Gaziantep,580,14.37,176.87,None
258,2026-01-16 13:45:00,2026-01-19 13:45:00,2026-01-19 03:03:28.122996,Delivered,4,1,Standard,Istanbul,184,14.65,180.61,None
259,2026-01-17 12:30:00,2026-01-18 18:30:00,2026-01-18 06:41:52.047231,Delivered,3,3,Next Day,Gaziantep,270,4.21,258.14,None
260,2026-01-17 13:15:00,2026-01-18 19:15:00,2026-01-18 13:27:06.988088,Delivered,2,3,Next Day,Mersin,133,12.25,259.36,None
261,2026-01-17 09:00:00,2026-01-18 15:00:00,2026-01-17 21:27:54.675956,Delivered,5,2,Next Day,Istanbul,545,9.92,114.16,None
262,2026-01-17 10:15:00,2026-01-17 20:15:00,2026-01-17 09:05:20.654035,Delivered,4,2,Same Day,Ankara,677,11.12,34.88,None
263,2026-01-17 13:45:00,2026-01-20 13:45:00,2026-01-22 00:31:31.198848,Delivered,1,1,Standard,Adana,736,4.99,276.81,Customer Unavailable
264,2026-01-17 13:45:00,2026-01-20 13:45:00,2026-01-20 05:15:14.540138,Delivered,1,2,Standard,Adana,138,11.81,76.94,None
265,2026-01-17 10:00:00,2026-01-18 16:00:00,2026-01-17 23:15:39.557378,Delivered,6,4,Next Day,Istanbul,16,5.74,267.38,None
266,2026-01-17 15:00:00,2026-01-20 15:00:00,2026-01-20 11:28:04.484719,Delivered,5,3,Standard,Mersin,555,14.93,176.11,None
267,2026-01-17 18:00:00,2026-01-20 18:00:00,,Failed,4,4,Standard,Mersin,225,8.51,216.12,None
268,2026-01-17 09:15:00,2026-01-18 15:15:00,2026-01-20 06:02:15.016609,Delivered,4,4,Next Day,Izmir,530,9.85,272.16,Carrier Capacity
269,2026-01-17 16:00:00,2026-01-18 22:00:00,2026-01-18 19:34:47.332522,Delivered,1,3,Next Day,Adana,711,8.59,117.76,None
270,2026-01-17 08:00:00,2026-01-17 18:00:00,2026-01-18 10:21:27.476421,Delivered,1,1,Same Day,Izmir,415,13.49,138.7,Carrier Capacity
271,2026-01-17 14:15:00,2026-01-20 14:15:00,2026-01-20 11:07:46.043053,Delivered,4,1,Standard,Ankara,728,4.12,281.22,None
272,2026-01-17 16:00:00,2026-01-20 16:00:00,2026-01-20 05:35:31.066493,Delivered,1,1,Standard,Antalya,507,6.5,210.27,None
273,2026-01-17 13:00:00,2026-01-20 13:00:00,2026-01-20 09:42:18.907678,Delivered,3,1,Standard,Gaziantep,15,12.89,165.35,None
274,2026-01-17 10:00:00,2026-01-20 10:00:00,2026-01-22 03:31:35.258632,Delivered,2,3,Standard,Izmir,680,13.32,38.8,Address Issue
275,2026-01-17 17:30:00,2026-01-18 03:30:00,2026-01-17 16:30:10.528197,Delivered,1,2,Same Day,Istanbul,411,19.22,316.43,None
276,2026-01-17 13:00:00,2026-01-18 19:00:00,2026-01-18 03:10:14.851496,Delivered,1,1,Next Day,Mersin,736,6.31,74.73,None
277,2026-01-18 11:30:00,2026-01-21 11:30:00,2026-01-20 23:25:22.068643,Delivered,3,4,Standard,Ankara,611,3.73,171.21,None
278,2026-01-18 12:00:00,2026-01-19 18:00:00,2026-01-19 03:50:10.231440,Delivered,3,2,Next Day,Gaziantep,654,5.03,142.23,None
279,2026-01-18 18:30:00,2026-01-21 18:30:00,2026-01-21 07:18:01.204288,Delivered,5,1,Standard,Eskisehir,283,6.19,171.71,None
280,2026-01-18 12:30:00,2026-01-18 22:30:00,2026-01-18 06:47:30.592369,Delivered,2,2,Same Day,Bursa,471,16.62,21.27,None
281,2026-01-18 17:45:00,2026-01-19 23:45:00,2026-01-19 16:48:03.857613,Delivered,1,3,Next Day,Mersin,381,9.7,98.54,None
282,2026-01-18 13:45:00,2026-01-21 13:45:00,2026-01-21 10:37:09.910976,Delivered,1,2,Standard,Antalya,234,8.99,29.2,None
283,2026-01-18 08:00:00,2026-01-21 08:00:00,2026-01-21 03:32:19.902785,Delivered,1,2,Standard,Ankara,25,16.26,273.36,None
284,2026-01-18 10:30:00,2026-01-18 20:30:00,2026-01-18 16:57:41.646224,Delivered,1,1,Same Day,Eskisehir,98,21.7,91.05,None
285,2026-01-18 15:00:00,2026-01-19 01:00:00,2026-01-19 23:48:22.811220,Delivered,4,3,Same Day,Eskisehir,324,15.14,231.3,Carrier Capacity
286,2026-01-18 10:00:00,2026-01-18 20:00:00,2026-01-18 12:56:14.374592,Delivered,5,1,Same Day,Eskisehir,183,14.46,183.9,None
287,2026-01-18 14:00:00,2026-01-21 14:00:00,2026-01-22 21:54:46.483488,Delivered,1,2,Standard,Izmir,644,12.8,299.56,Hub Congestion
288,2026-01-18 17:15:00,2026-01-21 17:15:00,2026-01-23 07:22:53.968859,Delivered,1,3,Standard,Eskisehir,267,5.2,47.02,Carrier Capacity
289,2026-01-18 13:30:00,2026-01-21 13:30:00,2026-01-21 04:47:04.827635,Delivered,2,4,Standard,Antalya,778,10.24,166.92,None
290,2026-01-18 16:15:00,2026-01-19 02:15:00,2026-01-19 17:00:48.222075,Delivered,3,4,Same Day,Adana,594,14.7,211.24,Hub Congestion
291,2026-01-19 12:45:00,2026-01-19 22:45:00,2026-01-19 17:33:41.234912,Delivered,1,1,Same Day,Izmir,525,19.26,247.97,None
292,2026-01-19 16:30:00,2026-01-22 16:30:00,2026-01-23 10:05:45.178779,Delivered,1,3,Standard,Istanbul,369,4.25,48.9,Carrier Capacity
293,2026-01-19 09:15:00,2026-01-22 09:15:00,2026-01-21 21:22:52.652676,Delivered,2,3,Standard,Antalya,122,11.86,96.45,None
294,2026-01-19 09:00:00,2026-01-22 09:00:00,2026-01-21 19:29:47.631248,Delivered,1,1,Standard,Mersin,588,5.82,119.26,None
295,2026-01-19 07:15:00,2026-01-22 07:15:00,2026-01-21 21:16:01.885693,Delivered,3,2,Standard,Istanbul,774,10.98,27.73,None
296,2026-01-19 11:15:00,2026-01-20 17:15:00,,Failed,1,3,Next Day,Bursa,19,10.61,38.38,None
297,2026-01-19 16:30:00,2026-01-22 16:30:00,2026-01-24 08:21:54.274418,Delivered,6,4,Standard,Adana,134,11.6,315.6,Address Issue
298,2026-01-19 14:30:00,2026-01-22 14:30:00,2026-01-22 01:16:27.389018,Delivered,2,2,Standard,Mersin,717,7.21,252.84,None
299,2026-01-19 13:45:00,2026-01-22 13:45:00,2026-01-24 11:53:18.725418,Delivered,6,3,Standard,Bursa,272,13.8,215.68,Hub Congestion
300,2026-01-19 10:15:00,2026-01-19 20:15:00,2026-01-19 08:00:07.837478,Delivered,2,3,Same Day,Antalya,404,17.18,114.39,None
301,2026-01-19 15:15:00,2026-01-20 01:15:00,2026-01-19 14:31:34.484640,Delivered,4,2,Same Day,Bursa,390,18.4,271.3,None
302,2026-01-19 08:00:00,2026-01-20 14:00:00,2026-01-20 09:40:16.981400,Delivered,2,3,Next Day,Ankara,106,4.42,113.45,None
303,2026-01-19 07:00:00,2026-01-22 07:00:00,2026-01-21 17:38:42.251185,Delivered,1,2,Standard,Izmir,462,5.03,82.51,None
304,2026-01-19 15:45:00,2026-01-20 21:45:00,2026-01-21 12:07:30.801565,Delivered,3,1,Next Day,Bursa,525,8.03,78.44,Weather
305,2026-01-19 11:45:00,2026-01-20 17:45:00,2026-01-20 14:54:19.631539,Delivered,1,1,Next Day,Bursa,580,7.56,213.16,None
306,2026-01-19 10:00:00,2026-01-20 16:00:00,2026-01-20 08:12:28.478213,Delivered,3,3,Next Day,Konya,131,13.83,260.37,None
307,2026-01-19 10:00:00,2026-01-20 16:00:00,2026-01-21 07:38:10.207504,Delivered,6,4,Next Day,Adana,265,5.48,225.8,Customer Unavailable
308,2026-01-19 09:15:00,2026-01-22 09:15:00,2026-01-22 01:32:23.035381,Delivered,2,3,Standard,Izmir,674,15.53,45.63,None
309,2026-01-19 17:45:00,2026-01-20 03:45:00,2026-01-19 11:55:22.214485,Delivered,2,1,Same Day,Gaziantep,145,12.24,237.49,None
310,2026-01-19 10:45:00,2026-01-22 10:45:00,2026-01-22 22:07:08.906862,Delivered,1,4,Standard,Konya,594,14.69,116.86,Hub Congestion
311,2026-01-19 16:45:00,2026-01-22 16:45:00,2026-01-22 11:26:54.283781,Delivered,2,4,Standard,Adana,215,3.57,73.71,None
312,2026-01-19 07:30:00,2026-01-22 07:30:00,2026-01-22 01:01:45.978914,Delivered,6,1,Standard,Adana,617,11.89,129.09,None
313,2026-01-19 16:45:00,2026-01-20 22:45:00,2026-01-20 17:58:31.351812,Delivered,2,2,Next Day,Izmir,109,7.67,21.47,None
314,2026-01-19 08:45:00,2026-01-22 08:45:00,2026-01-22 01:39:31.970123,Delivered,4,1,Standard,Istanbul,409,7.49,195.05,None
315,2026-01-20 18:15:00,2026-01-23 18:15:00,2026-01-23 14:00:35.539526,Delivered,4,3,Standard,Adana,136,11.61,145.99,None
316,2026-01-20 12:45:00,2026-01-23 12:45:00,2026-01-22 19:51:15.908761,Delivered,2,3,Standard,Gaziantep,649,8.57,123.21,None
317,2026-01-20 17:45:00,2026-01-23 17:45:00,2026-01-23 02:27:09.021338,Delivered,5,1,Standard,Izmir,419,3.99,167.79,None
318,2026-01-20 09:45:00,2026-01-21 15:45:00,2026-01-23 10:04:36.462454,Delivered,5,1,Next Day,Konya,273,5.25,52.48,Carrier Capacity
319,2026-01-20 15:15:00,2026-01-23 15:15:00,,Failed,6,2,Standard,Mersin,90,9.83,265.53,None
320,2026-01-20 11:45:00,2026-01-20 21:45:00,2026-01-20 06:30:20.043092,Delivered,2,3,Same Day,Gaziantep,765,10.8,62.78,None
321,2026-01-20 09:30:00,2026-01-23 09:30:00,2026-01-23 07:22:29.962273,Delivered,3,4,Standard,Adana,42,11.73,274.14,None
322,2026-01-20 17:30:00,2026-01-23 17:30:00,2026-01-23 02:41:06.307382,Delivered,4,3,Standard,Adana,364,5.81,40.79,None
323,2026-01-20 08:45:00,2026-01-21 14:45:00,2026-01-21 03:18:10.261067,Delivered,4,3,Next Day,Antalya,537,14.44,47.58,None
324,2026-01-20 10:15:00,2026-01-23 10:15:00,2026-01-22 18:55:44.237402,Delivered,3,1,Standard,Mersin,306,7.14,164.41,None
325,2026-01-20 07:45:00,2026-01-21 13:45:00,2026-01-21 09:11:40.796769,Delivered,3,2,Next Day,Antalya,317,11.5,21.08,None
326,2026-01-20 14:00:00,2026-01-23 14:00:00,2026-01-22 20:40:35.947900,Delivered,1,2,Standard,Konya,130,9.03,203.28,None
327,2026-01-21 09:15:00,2026-01-24 09:15:00,2026-01-23 19:42:45.437365,Delivered,1,1,Standard,Konya,497,9.62,302.8,None
328,2026-01-21 17:45:00,2026-01-24 17:45:00,2026-01-26 02:49:50.710163,Delivered,5,1,Standard,Adana,33,4.7,207.66,Hub Congestion
329,2026-01-21 13:45:00,2026-01-24 13:45:00,2026-01-25 09:09:55.303584,Delivered,6,1,Standard,Eskisehir,622,10.93,252.78,Address Issue
330,2026-01-21 11:15:00,2026-01-24 11:15:00,2026-01-25 09:38:46.346324,Delivered,3,2,Standard,Antalya,177,8.56,118.81,Hub Congestion
331,2026-01-21 15:15:00,2026-01-22 01:15:00,2026-01-21 10:40:11.282442,Delivered,2,4,Same Day,Istanbul,335,19.78,194.78,None
332,2026-01-21 18:45:00,2026-01-23 00:45:00,2026-01-22 19:23:30.674341,Delivered,1,2,Next Day,Mersin,137,7.7,299.78,None
333,2026-01-21 16:15:00,2026-01-22 02:15:00,2026-01-21 23:14:51.900552,Delivered,5,4,Same Day,Antalya,729,21.29,189.29,None
334,2026-01-21 10:15:00,2026-01-24 10:15:00,2026-01-24 04:11:59.981173,Delivered,2,2,Standard,Ankara,627,8.98,77.84,None
335,2026-01-21 13:45:00,2026-01-22 19:45:00,2026-01-22 11:31:55.446979,Delivered,5,4,Next Day,Adana,643,14.44,247.38,None
336,2026-01-21 13:45:00,2026-01-24 13:45:00,2026-01-23 20:52:53.088821,Delivered,5,2,Standard,Bursa,401,15.06,51.65,None
337,2026-01-21 16:45:00,2026-01-22 22:45:00,2026-01-22 06:35:43.913342,Delivered,2,1,Next Day,Izmir,704,8.17,59.81,None
338,2026-01-21 10:00:00,2026-01-22 16:00:00,2026-01-22 09:18:16.596653,Delivered,3,1,Next Day,Mersin,424,15.68,53.24,None
339,2026-01-21 15:30:00,2026-01-24 15:30:00,2026-01-24 06:33:57.866628,Delivered,6,4,Standard,Izmir,762,5.79,267.18,None
340,2026-01-21 12:15:00,2026-01-24 12:15:00,2026-01-24 02:32:12.094315,Delivered,6,3,Standard,Bursa,21,9.43,40.85,None
341,2026-01-21 07:45:00,2026-01-22 13:45:00,2026-01-23 01:33:43.759232,Delivered,3,3,Next Day,Ankara,272,5.72,233.03,Address Issue
342,2026-01-21 18:00:00,2026-01-23 00:00:00,2026-01-22 16:15:47.685766,Delivered,5,4,Next Day,Antalya,175,11.53,266.92,None
343,2026-01-21 17:45:00,2026-01-22 23:45:00,2026-01-22 13:08:01.777404,Delivered,3,2,Next Day,Istanbul,762,15.07,69.48,None
344,2026-01-21 14:15:00,2026-01-24 14:15:00,2026-01-23 20:44:31.765473,Delivered,3,4,Standard,Gaziantep,460,10.31,85.14,None
345,2026-01-21 14:45:00,2026-01-24 14:45:00,2026-01-24 07:38:58.739584,Delivered,4,3,Standard,Konya,624,14.64,207.75,None
346,2026-01-22 07:45:00,2026-01-22 17:45:00,2026-01-22 04:13:42.218795,Delivered,3,3,Same Day,Eskisehir,632,11.28,170.9,None
347,2026-01-22 15:15:00,2026-01-25 15:15:00,2026-01-25 00:15:43.163289,Delivered,3,3,Standard,Gaziantep,608,15.98,161.1,None
348,2026-01-22 08:15:00,2026-01-23 14:15:00,2026-01-22 20:27:03.956507,Delivered,6,1,Next Day,Izmir,709,13.8,167.79,None
349,2026-01-22 07:30:00,2026-01-23 13:30:00,2026-01-23 01:19:11.175128,Delivered,1,3,Next Day,Izmir,552,12.53,275.27,None
350,2026-01-22 15:30:00,2026-01-25 15:30:00,2026-01-25 03:10:19.696107,Delivered,1,3,Standard,Eskisehir,113,8.47,114.38,None
351,2026-01-22 16:15:00,2026-01-23 02:15:00,2026-01-22 22:31:22.998516,Delivered,1,3,Same Day,Izmir,74,17.31,83.96,None
352,2026-01-22 18:15:00,2026-01-24 00:15:00,2026-01-23 07:52:05.000230,Delivered,1,4,Next Day,Antalya,326,7.82,155.33,None
353,2026-01-22 18:15:00,2026-01-25 18:15:00,2026-01-25 07:06:01.105767,Delivered,4,3,Standard,Bursa,690,12.29,150.34,None
354,2026-01-22 08:30:00,2026-01-23 14:30:00,2026-01-23 10:23:46.562808,Delivered,1,3,Next Day,Adana,266,6.46,210.01,None
355,2026-01-22 16:15:00,2026-01-23 22:15:00,2026-01-23 08:48:32.388749,Delivered,5,4,Next Day,Izmir,83,14.16,283.61,None
356,2026-01-22 16:00:00,2026-01-23 02:00:00,2026-01-22 22:12:29.368720,Delivered,1,2,Same Day,Eskisehir,313,11.11,290.33,None
357,2026-01-22 12:15:00,2026-01-23 18:15:00,2026-01-24 06:07:18.861536,Delivered,1,3,Next Day,Adana,352,8.68,303.84,Carrier Capacity
358,2026-01-22 13:15:00,2026-01-23 19:15:00,2026-01-24 18:12:29.430191,Delivered,1,1,Next Day,Mersin,679,13.6,66.1,Hub Congestion
359,2026-01-22 07:30:00,2026-01-23 13:30:00,2026-01-22 20:23:42.117211,Delivered,3,2,Next Day,Gaziantep,270,15.11,189.98,None
360,2026-01-23 08:15:00,2026-01-26 08:15:00,2026-01-26 06:56:42.143051,Delivered,1,1,Standard,Antalya,755,12.44,53.01,None
361,2026-01-23 17:45:00,2026-01-26 17:45:00,2026-01-26 00:36:25.483949,Delivered,4,4,Standard,Konya,415,7.94,220.02,None
362,2026-01-23 13:30:00,2026-01-24 19:30:00,2026-01-26 03:32:19.641167,Delivered,2,2,Next Day,Eskisehir,289,11.01,184.48,Vehicle Breakdown
363,2026-01-23 07:15:00,2026-01-26 07:15:00,2026-01-25 16:39:24.117701,Delivered,3,1,Standard,Mersin,187,10.13,207.59,None
364,2026-01-23 14:15:00,2026-01-24 20:15:00,2026-01-26 16:34:16.244509,Delivered,2,1,Next Day,Konya,716,8.47,194.94,Hub Congestion
365,2026-01-23 12:30:00,2026-01-24 18:30:00,2026-01-26 06:49:39.495938,Delivered,1,4,Next Day,Antalya,722,5.61,79.54,Carrier Capacity
366,2026-01-23 11:45:00,2026-01-26 11:45:00,2026-01-26 05:28:54.770584,Delivered,4,2,Standard,Istanbul,539,7.98,162.95,None
367,2026-01-23 18:15:00,2026-01-25 00:15:00,2026-01-24 15:02:43.014283,Delivered,2,2,Next Day,Mersin,191,7.49,45.46,None
368,2026-01-23 12:00:00,2026-01-26 12:00:00,2026-01-26 03:55:33.057765,Delivered,2,3,Standard,Eskisehir,212,15.72,79.84,None
369,2026-01-23 09:00:00,2026-01-24 15:00:00,2026-01-23 23:21:39.403072,Delivered,1,4,Next Day,Antalya,234,5.33,149.77,None
370,2026-01-23 13:45:00,2026-01-26 13:45:00,2026-01-25 19:46:48.106081,Delivered,6,2,Standard,Adana,90,15.86,207.78,None
371,2026-01-23 13:30:00,2026-01-26 13:30:00,2026-01-26 04:46:00.072877,Delivered,3,3,Standard,Adana,61,4.8,207.75,None
372,2026-01-23 09:00:00,2026-01-24 15:00:00,,Failed,6,4,Next Day,Antalya,108,14.49,98.5,Hub Congestion
373,2026-01-23 11:00:00,2026-01-26 11:00:00,2026-01-25 21:19:56.547897,Delivered,2,2,Standard,Adana,286,7.78,119.43,None
374,2026-01-23 16:30:00,2026-01-26 16:30:00,2026-01-26 12:27:34.571702,Delivered,2,2,Standard,Izmir,555,9.22,240.75,None
375,2026-01-24 07:30:00,2026-01-27 07:30:00,2026-01-27 05:31:19.433582,Delivered,6,1,Standard,Mersin,23,9.71,52.08,None
376,2026-01-24 11:15:00,2026-01-27 11:15:00,,Failed,5,1,Standard,Antalya,551,10.05,142.81,None
377,2026-01-24 15:30:00,2026-01-27 15:30:00,2026-01-27 14:29:19.534544,Delivered,3,3,Standard,Adana,218,5.41,227.6,None
378,2026-01-24 17:30:00,2026-01-25 23:30:00,2026-01-25 14:58:21.610786,Delivered,5,2,Next Day,Adana,361,5.2,295.44,None
379,2026-01-24 07:30:00,2026-01-27 07:30:00,2026-01-26 21:11:31.510114,Delivered,3,1,Standard,Konya,173,13.55,192.42,None
380,2026-01-24 07:00:00,2026-01-24 17:00:00,2026-01-25 10:16:50.353717,Delivered,1,1,Same Day,Gaziantep,138,22.23,37.81,Vehicle Breakdown
381,2026-01-24 08:30:00,2026-01-24 18:30:00,2026-01-24 13:51:39.119056,Delivered,4,3,Same Day,Eskisehir,245,13.97,177.26,None
382,2026-01-24 15:30:00,2026-01-27 15:30:00,2026-01-27 12:15:50.444256,Delivered,2,1,Standard,Bursa,263,7.67,291.29,None
383,2026-01-24 15:15:00,2026-01-25 01:15:00,2026-01-24 22:48:48.754347,Delivered,1,2,Same Day,Antalya,202,17.52,154.61,None
384,2026-01-24 08:30:00,2026-01-27 08:30:00,2026-01-27 05:41:46.570935,Delivered,6,4,Standard,Mersin,517,14.33,285.39,None
385,2026-01-24 07:45:00,2026-01-25 13:45:00,2026-01-24 22:16:44.134314,Delivered,2,3,Next Day,Gaziantep,421,9.23,165.01,None
386,2026-01-24 10:30:00,2026-01-25 16:30:00,2026-01-25 13:23:28.395877,Delivered,3,4,Next Day,Eskisehir,734,11.01,251.09,None
387,2026-01-24 17:45:00,2026-01-25 23:45:00,2026-01-26 08:46:45.399146,Delivered,6,2,Next Day,Adana,227,9.05,236.76,Carrier Capacity
388,2026-01-24 08:15:00,2026-01-24 18:15:00,2026-01-24 13:39:58.082839,Delivered,1,2,Same Day,Izmir,294,13.53,107.41,None
389,2026-01-24 17:15:00,2026-01-27 17:15:00,2026-01-27 00:49:00.531614,Delivered,6,2,Standard,Istanbul,447,10.35,30.53,None
390,2026-01-24 16:00:00,2026-01-27 16:00:00,2026-01-27 13:50:08.918374,Delivered,2,3,Standard,Bursa,27,12.03,56.81,None
391,2026-01-25 08:00:00,2026-01-28 08:00:00,2026-01-27 20:11:41.261001,Delivered,2,1,Standard,Antalya,151,16.41,259.09,None
392,2026-01-25 14:45:00,2026-01-28 14:45:00,2026-01-28 05:57:41.353889,Delivered,2,2,Standard,Gaziantep,770,15.89,162.83,None
393,2026-01-25 18:00:00,2026-01-28 18:00:00,2026-01-29 01:36:08.031794,Delivered,5,4,Standard,Istanbul,737,6.77,38.3,Carrier Capacity
394,2026-01-25 10:45:00,2026-01-28 10:45:00,2026-01-28 07:26:19.411209,Delivered,3,3,Standard,Bursa,656,15.49,68.42,None
395,2026-01-25 12:45:00,2026-01-28 12:45:00,2026-01-28 02:44:51.599035,Delivered,4,1,Standard,Antalya,296,15.78,255.44,None
396,2026-01-25 12:45:00,2026-01-28 12:45:00,2026-01-29 04:23:56.739017,Delivered,6,4,Standard,Bursa,457,9.03,206.74,Address Issue
397,2026-01-25 10:45:00,2026-01-28 10:45:00,2026-01-27 19:54:50.643641,Delivered,1,3,Standard,Eskisehir,663,6.18,247.76,None
398,2026-01-25 14:00:00,2026-01-28 14:00:00,2026-01-28 06:56:44.387651,Delivered,2,2,Standard,Ankara,521,14.52,119.64,None
399,2026-01-25 10:45:00,2026-01-26 16:45:00,2026-01-26 00:37:36.624149,Delivered,2,1,Next Day,Gaziantep,484,6.11,167.85,None
400,2026-01-25 12:00:00,2026-01-26 18:00:00,2026-01-26 01:29:48.003977,Delivered,3,3,Next Day,Izmir,24,11.9,215.24,None
401,2026-01-25 07:45:00,2026-01-25 17:45:00,2026-01-25 10:27:52.078037,Delivered,1,4,Same Day,Izmir,765,21.34,63.45,None
402,2026-01-26 17:45:00,2026-01-27 23:45:00,2026-01-28 16:40:19.514658,Delivered,5,4,Next Day,Izmir,259,9.13,233.4,Weather
403,2026-01-26 18:15:00,2026-01-29 18:15:00,2026-01-29 06:46:37.877406,Delivered,2,3,Standard,Konya,558,13.88,206.72,None
404,2026-01-26 14:15:00,2026-01-29 14:15:00,2026-01-30 20:54:36.716121,Delivered,2,1,Standard,Ankara,276,10.68,132.9,Customer Unavailable
405,2026-01-26 14:00:00,2026-01-27 20:00:00,2026-01-27 08:51:43.457275,Delivered,2,3,Next Day,Gaziantep,689,4.76,313.45,None
406,2026-01-26 08:45:00,2026-01-29 08:45:00,2026-01-29 03:15:45.188334,Delivered,3,2,Standard,Konya,476,8.25,229.75,None
407,2026-01-26 09:45:00,2026-01-29 09:45:00,2026-01-28 22:54:03.342947,Delivered,5,2,Standard,Gaziantep,225,6.44,216.81,None
408,2026-01-26 14:45:00,2026-01-27 20:45:00,2026-01-27 15:17:41.948585,Delivered,6,2,Next Day,Mersin,271,11.84,47.44,None
409,2026-01-26 09:00:00,2026-01-29 09:00:00,2026-01-28 17:49:02.373361,Delivered,2,2,Standard,Mersin,308,4.82,317.61,None
410,2026-01-26 14:45:00,2026-01-27 20:45:00,2026-01-27 04:47:00.608993,Delivered,3,3,Next Day,Mersin,607,6.76,18.94,None
411,2026-01-26 12:15:00,2026-01-29 12:15:00,2026-01-31 09:15:59.884980,Delivered,3,4,Standard,Konya,700,15.03,161.81,Hub Congestion
412,2026-01-26 18:30:00,2026-01-29 18:30:00,2026-01-29 11:20:21.144006,Delivered,4,2,Standard,Bursa,210,9.87,295.57,None
413,2026-01-26 14:45:00,2026-01-29 14:45:00,2026-01-31 05:50:31.324459,Delivered,4,4,Standard,Bursa,231,13.5,117.19,Carrier Capacity
414,2026-01-26 09:00:00,2026-01-27 15:00:00,2026-01-26 21:55:37.866777,Delivered,3,3,Next Day,Istanbul,71,8.25,317.18,None
415,2026-01-26 16:15:00,2026-01-27 22:15:00,2026-01-27 11:48:18.451581,Delivered,2,2,Next Day,Istanbul,242,13.24,292.46,None
416,2026-01-26 15:30:00,2026-01-29 15:30:00,2026-01-29 11:10:04.532884,Delivered,3,4,Standard,Adana,170,13.34,225.32,None
417,2026-01-26 09:45:00,2026-01-29 09:45:00,2026-01-28 23:32:24.219819,Delivered,4,2,Standard,Izmir,769,14.91,66.52,None
418,2026-01-26 12:45:00,2026-01-27 18:45:00,2026-01-27 09:07:03.162372,Delivered,3,3,Next Day,Ankara,558,16.29,199.96,None
419,2026-01-26 10:15:00,2026-01-27 16:15:00,2026-01-29 08:30:33.072572,Delivered,4,4,Next Day,Eskisehir,210,8.45,61.26,Hub Congestion
420,2026-01-26 11:30:00,2026-01-29 11:30:00,2026-01-29 06:21:49.576427,Delivered,1,3,Standard,Bursa,647,7.54,32.94,None
421,2026-01-27 17:15:00,2026-01-30 17:15:00,2026-01-30 06:37:46.123870,Delivered,1,2,Standard,Gaziantep,129,16.35,231.92,None
422,2026-01-27 15:45:00,2026-01-30 15:45:00,2026-01-30 05:55:27.143560,Delivered,6,1,Standard,Konya,135,7.98,237.21,None
423,2026-01-27 18:30:00,2026-01-29 00:30:00,2026-01-28 15:35:03.823300,Delivered,6,4,Next Day,Antalya,212,15.7,129.08,None
424,2026-01-27 16:30:00,2026-01-30 16:30:00,2026-01-30 19:51:45.683538,Delivered,6,3,Standard,Istanbul,359,14.45,126.6,Weather
425,2026-01-27 08:45:00,2026-01-30 08:45:00,2026-01-30 02:14:57.711246,Delivered,6,2,Standard,Bursa,188,8.32,279.33,None
426,2026-01-27 08:45:00,2026-01-30 08:45:00,2026-01-29 16:49:01.735706,Delivered,1,3,Standard,Gaziantep,453,13.35,188.87,None
427,2026-01-27 17:45:00,2026-01-30 17:45:00,2026-01-30 15:53:38.090433,Delivered,3,1,Standard,Eskisehir,551,7.6,193.46,None
428,2026-01-27 17:00:00,2026-01-30 17:00:00,2026-01-30 11:40:13.302171,Delivered,1,1,Standard,Adana,424,9.98,129.59,None
429,2026-01-27 13:30:00,2026-01-28 19:30:00,2026-01-28 09:47:27.893961,Delivered,1,1,Next Day,Gaziantep,774,9.99,71.61,None
430,2026-01-27 16:30:00,2026-01-28 02:30:00,2026-01-27 13:40:00.240106,Delivered,3,3,Same Day,Eskisehir,99,11.58,317.29,None
431,2026-01-27 12:45:00,2026-01-30 12:45:00,2026-01-29 20:57:01.601947,Delivered,1,1,Standard,Antalya,760,13.5,182.55,None
432,2026-01-27 12:30:00,2026-01-30 12:30:00,2026-01-29 23:42:21.803592,Delivered,2,4,Standard,Ankara,14,12.97,128.39,None
433,2026-01-27 16:30:00,2026-01-28 02:30:00,2026-01-29 18:09:16.580466,Delivered,2,2,Same Day,Ankara,493,18.23,118.58,Hub Congestion
434,2026-01-27 11:45:00,2026-01-28 17:45:00,2026-01-28 02:26:12.767021,Delivered,1,3,Next Day,Antalya,319,3.59,87.16,None
435,2026-01-28 09:30:00,2026-01-29 15:30:00,2026-01-28 22:15:06.644672,Delivered,4,1,Next Day,Istanbul,125,12.98,132.4,None
436,2026-01-28 07:00:00,2026-01-28 17:00:00,2026-01-28 08:40:48.935002,Delivered,2,2,Same Day,Adana,116,23.28,261.93,None
437,2026-01-28 07:45:00,2026-01-31 07:45:00,2026-01-30 23:51:39.084585,Delivered,1,2,Standard,Adana,39,10.51,258.62,None
438,2026-01-28 17:15:00,2026-01-31 17:15:00,2026-02-01 03:46:15.693688,Delivered,3,4,Standard,Adana,741,14.81,277.12,Weather
439,2026-01-28 10:00:00,2026-01-29 16:00:00,2026-01-29 22:26:15.259517,Delivered,4,1,Next Day,Gaziantep,620,4.43,121.77,Carrier Capacity
440,2026-01-28 07:00:00,2026-01-28 17:00:00,2026-01-30 02:44:28.792812,Delivered,6,4,Same Day,Bursa,145,13.06,210.36,Address Issue
441,2026-01-28 10:45:00,2026-01-29 16:45:00,2026-01-29 03:05:39.602799,Delivered,4,4,Next Day,Izmir,497,12.3,176.67,None
442,2026-01-28 09:15:00,2026-01-31 09:15:00,2026-01-31 21:05:26.878889,Delivered,2,1,Standard,Izmir,416,6.31,49.86,Weather
443,2026-01-28 11:15:00,2026-01-29 17:15:00,2026-01-29 07:39:46.473416,Delivered,2,1,Next Day,Gaziantep,413,15.65,77.43,None
444,2026-01-28 08:45:00,2026-01-31 08:45:00,2026-01-31 00:05:04.533508,Delivered,5,1,Standard,Mersin,469,6.88,316.67,None
445,2026-01-28 07:30:00,2026-01-28 17:30:00,2026-01-29 13:43:30.581118,Delivered,2,4,Same Day,Istanbul,728,14.6,67.17,Weather
446,2026-01-28 11:30:00,2026-01-31 11:30:00,2026-01-30 19:22:04.554802,Delivered,2,3,Standard,Antalya,169,10.64,219.4,None
447,2026-01-28 17:45:00,2026-01-29 03:45:00,2026-01-30 12:17:14.409747,Delivered,2,1,Same Day,Konya,341,16.71,83.41,Weather
448,2026-01-28 10:30:00,2026-01-31 10:30:00,2026-01-31 07:41:03.717476,Delivered,5,3,Standard,Ankara,64,7.73,186.25,None
449,2026-01-28 09:00:00,2026-01-31 09:00:00,2026-01-31 07:05:20.777626,Delivered,5,2,Standard,Adana,402,13.12,165.32,None
450,2026-01-28 16:45:00,2026-01-29 02:45:00,2026-01-28 09:42:45.941773,Delivered,6,3,Same Day,Adana,109,11.07,283.68,None
451,2026-01-28 14:30:00,2026-01-29 00:30:00,2026-01-28 21:57:23.109772,Delivered,1,2,Same Day,Antalya,309,11.06,203.47,None
452,2026-01-28 11:45:00,2026-01-29 17:45:00,2026-01-29 03:31:10.160679,Delivered,2,4,Next Day,Antalya,47,8.17,292.84,None
453,2026-01-28 13:30:00,2026-01-31 13:30:00,2026-01-30 21:48:12.204172,Delivered,6,4,Standard,Izmir,489,12.93,186.98,None
454,2026-01-29 15:30:00,2026-01-30 01:30:00,2026-01-29 22:21:16.811564,Delivered,3,2,Same Day,Mersin,52,13.96,18.79,None
455,2026-01-29 16:30:00,2026-01-30 22:30:00,2026-01-30 10:24:54.893795,Delivered,6,2,Next Day,Eskisehir,397,12.21,168.38,None
456,2026-01-29 09:15:00,2026-01-30 15:15:00,2026-01-30 14:04:15.332247,Delivered,5,2,Next Day,Izmir,128,12.48,276.13,None
457,2026-01-29 16:45:00,2026-02-01 16:45:00,2026-02-01 09:13:19.032500,Delivered,3,4,Standard,Eskisehir,614,11.98,118.56,None
458,2026-01-29 12:30:00,2026-01-30 18:30:00,2026-01-31 14:22:58.272575,Delivered,4,2,Next Day,Antalya,144,11.88,171.21,Carrier Capacity
459,2026-01-29 14:15:00,2026-01-30 00:15:00,2026-01-29 09:27:59.543116,Delivered,1,2,Same Day,Bursa,24,17.31,188.27,None
460,2026-01-29 08:00:00,2026-02-01 08:00:00,2026-02-01 00:35:53.524261,Delivered,1,3,Standard,Istanbul,206,6.63,18.59,None
461,2026-01-29 15:00:00,2026-02-01 15:00:00,2026-02-01 18:02:31.157476,Delivered,1,4,Standard,Adana,107,4.49,137.15,Carrier Capacity
462,2026-01-29 11:00:00,2026-01-30 17:00:00,2026-01-30 08:31:08.653109,Delivered,5,4,Next Day,Izmir,511,11.29,132.4,None
463,2026-01-29 16:30:00,2026-01-30 22:30:00,2026-01-30 07:36:27.776821,Delivered,5,2,Next Day,Bursa,127,4.92,192.54,None
464,2026-01-29 12:45:00,2026-02-01 12:45:00,2026-02-01 01:53:17.171807,Delivered,3,1,Standard,Konya,514,15.55,295.81,None
465,2026-01-29 15:45:00,2026-02-01 15:45:00,2026-02-01 10:37:39.456691,Delivered,4,2,Standard,Adana,659,11.91,91.52,None
466,2026-01-29 09:15:00,2026-02-01 09:15:00,2026-02-01 07:45:12.457140,Delivered,1,1,Standard,Antalya,236,6.93,312.57,None
467,2026-01-30 15:30:00,2026-02-02 15:30:00,2026-02-02 11:54:12.842001,Delivered,1,2,Standard,Bursa,466,8.02,205.47,None
468,2026-01-30 13:45:00,2026-02-02 13:45:00,2026-02-02 09:21:30.653468,Delivered,3,3,Standard,Bursa,230,3.85,220.67,None
469,2026-01-30 12:15:00,2026-01-30 22:15:00,2026-01-30 14:22:42.154194,Delivered,5,2,Same Day,Gaziantep,155,17.7,177.63,None
470,2026-01-30 15:45:00,2026-02-02 15:45:00,2026-02-02 04:45:32.895410,Delivered,2,3,Standard,Adana,595,3.53,70.95,None
471,2026-01-30 17:30:00,2026-01-31 23:30:00,2026-01-31 12:01:25.776784,Delivered,2,2,Next Day,Mersin,652,7.89,59.05,None
472,2026-01-30 10:30:00,2026-01-31 16:30:00,2026-01-31 14:55:17.972099,Delivered,4,4,Next Day,Eskisehir,373,15.09,68.14,None
473,2026-01-30 12:00:00,2026-02-02 12:00:00,2026-02-04 04:04:03.100522,Delivered,4,2,Standard,Konya,273,4.84,220.19,Carrier Capacity
474,2026-01-30 16:00:00,2026-01-31 22:00:00,2026-02-01 01:47:20.929673,Delivered,1,3,Next Day,Gaziantep,744,12.74,163.38,Address Issue
475,2026-01-30 11:30:00,2026-01-31 17:30:00,2026-01-31 07:43:05.064375,Delivered,1,2,Next Day,Antalya,520,13.81,153.61,None
476,2026-01-30 16:30:00,2026-02-02 16:30:00,2026-02-02 01:52:17.839855,Delivered,1,4,Standard,Konya,124,10.85,292.57,None
477,2026-01-30 18:15:00,2026-02-01 00:15:00,2026-02-02 15:41:54.365016,Delivered,2,1,Next Day,Ankara,470,12.65,115.27,Hub Congestion
478,2026-01-30 08:30:00,2026-02-02 08:30:00,2026-02-01 16:31:54.875181,Delivered,6,3,Standard,Bursa,321,15.67,275.24,None
479,2026-01-30 15:15:00,2026-02-02 15:15:00,2026-02-02 02:00:33.089247,Delivered,1,3,Standard,Ankara,20,3.59,174.43,None
480,2026-01-30 11:30:00,2026-02-02 11:30:00,2026-02-02 06:31:31.232732,Delivered,2,1,Standard,Antalya,665,12.8,99.76,None
481,2026-01-30 14:00:00,2026-01-31 20:00:00,2026-01-31 14:44:11.951352,Delivered,3,3,Next Day,Mersin,12,13.95,93.84,None
482,2026-01-30 17:00:00,2026-01-31 23:00:00,2026-01-31 14:07:45.944363,Delivered,5,3,Next Day,Adana,530,11.21,134.81,None
483,2026-01-30 15:15:00,2026-02-02 15:15:00,2026-02-02 08:37:11.419878,Delivered,2,1,Standard,Ankara,591,7.73,124.8,None
484,2026-01-30 09:00:00,2026-02-02 09:00:00,2026-02-02 06:16:49.144808,Delivered,3,3,Standard,Istanbul,341,10.34,176.4,None
485,2026-01-30 18:00:00,2026-02-01 00:00:00,2026-01-31 20:08:52.402938,Delivered,2,3,Next Day,Adana,367,6.46,69.02,None
486,2026-01-30 18:30:00,2026-02-02 18:30:00,,Failed,3,4,Standard,Konya,189,6.74,115.94,None
487,2026-01-30 11:15:00,2026-02-02 11:15:00,2026-02-01 21:28:43.105583,Delivered,1,2,Standard,Ankara,710,7.3,76.59,None
488,2026-01-30 11:30:00,2026-01-31 17:30:00,2026-01-31 10:33:38.584629,Delivered,5,3,Next Day,Antalya,517,12.47,101.13,None
489,2026-01-31 18:30:00,2026-02-03 18:30:00,2026-02-03 16:57:51.557293,Delivered,1,2,Standard,Antalya,446,16.36,135.93,None
490,2026-01-31 11:00:00,2026-02-03 11:00:00,2026-02-03 01:27:18.583533,Delivered,3,4,Standard,Eskisehir,129,7.77,18.87,None
491,2026-01-31 17:00:00,2026-02-03 17:00:00,2026-02-03 15:29:22.889572,Delivered,1,3,Standard,Ankara,568,13.02,218.92,None
492,2026-01-31 07:30:00,2026-02-03 07:30:00,2026-02-03 05:45:38.626162,Delivered,4,2,Standard,Bursa,278,4.88,313.85,None
493,2026-01-31 13:30:00,2026-01-31 23:30:00,2026-02-02 17:00:52.789292,Delivered,3,1,Same Day,Izmir,18,15.26,263.21,Hub Congestion
494,2026-01-31 16:30:00,2026-02-01 22:30:00,2026-02-01 21:26:34.697489,Delivered,3,1,Next Day,Ankara,286,4.25,44.49,None
495,2026-01-31 11:15:00,2026-02-01 17:15:00,2026-01-31 23:41:11.766959,Delivered,3,2,Next Day,Istanbul,437,11.23,128.59,None
496,2026-01-31 18:45:00,2026-02-02 00:45:00,2026-02-01 22:11:10.729851,Delivered,1,2,Next Day,Ankara,140,4.04,251.62,None
497,2026-01-31 17:00:00,2026-02-03 17:00:00,2026-02-03 11:13:11.476814,Delivered,4,2,Standard,Istanbul,604,5.94,175.12,None
498,2026-01-31 15:45:00,2026-02-03 15:45:00,2026-02-03 06:21:25.960862,Delivered,1,2,Standard,Istanbul,405,15.95,143.83,None
499,2026-01-31 12:00:00,2026-02-01 18:00:00,2026-02-01 07:24:09.215845,Delivered,1,2,Next Day,Adana,24,4.23,96.01,None
500,2026-01-31 16:15:00,2026-02-01 02:15:00,2026-01-31 09:13:56.627131,Delivered,2,3,Same Day,Istanbul,222,13.57,136.76,None
501,2026-01-31 10:45:00,2026-02-03 10:45:00,2026-02-03 09:10:58.803324,Delivered,6,1,Standard,Mersin,670,8.78,130.44,None
502,2026-01-31 13:45:00,2026-02-03 13:45:00,2026-02-05 06:13:38.274077,Delivered,5,2,Standard,Gaziantep,635,10.51,210.66,Address Issue
503,2026-01-31 08:45:00,2026-02-01 14:45:00,2026-01-31 23:15:37.459695,Delivered,4,3,Next Day,Mersin,104,5.59,279.86,None
504,2026-01-31 07:00:00,2026-02-03 07:00:00,2026-02-02 16:09:18.202235,Delivered,6,4,Standard,Izmir,117,4.69,107.83,None
505,2026-01-31 11:30:00,2026-02-03 11:30:00,2026-02-02 18:09:02.217888,Delivered,5,4,Standard,Bursa,51,3.62,266.68,None
506,2026-01-31 11:00:00,2026-02-01 17:00:00,2026-02-01 08:25:39.316240,Delivered,5,1,Next Day,Mersin,41,5.33,79.5,None
507,2026-02-01 15:15:00,2026-02-02 01:15:00,2026-02-02 06:36:04.461787,Delivered,4,4,Same Day,Mersin,317,22.46,287.88,Carrier Capacity
508,2026-02-01 15:15:00,2026-02-02 01:15:00,2026-02-02 05:38:37.581183,Delivered,2,4,Same Day,Istanbul,246,17.7,283.33,Address Issue
509,2026-02-01 16:00:00,2026-02-04 16:00:00,2026-02-04 08:12:50.801181,Delivered,6,3,Standard,Istanbul,322,7.47,31.17,None
510,2026-02-01 08:15:00,2026-02-01 18:15:00,2026-02-01 04:18:55.157661,Delivered,1,1,Same Day,Mersin,668,14.6,316.17,None
511,2026-02-01 13:15:00,2026-02-02 19:15:00,2026-02-04 08:09:31.990558,Delivered,4,3,Next Day,Eskisehir,476,3.98,69.81,Address Issue
512,2026-02-01 11:30:00,2026-02-04 11:30:00,2026-02-04 03:46:27.769732,Delivered,4,4,Standard,Konya,734,5.89,54.75,None
513,2026-02-01 16:00:00,2026-02-04 16:00:00,2026-02-04 05:27:00.647100,Delivered,2,2,Standard,Istanbul,258,13.82,44.75,None
514,2026-02-01 10:15:00,2026-02-04 10:15:00,2026-02-03 22:12:48.315123,Delivered,5,1,Standard,Antalya,544,12.89,277.62,None
515,2026-02-01 18:15:00,2026-02-03 00:15:00,2026-02-02 11:34:51.940411,Delivered,2,2,Next Day,Izmir,332,4.21,44.15,None
516,2026-02-01 18:15:00,2026-02-04 18:15:00,2026-02-04 07:43:53.416790,Delivered,1,2,Standard,Istanbul,396,4.83,149.57,None
517,2026-02-01 08:30:00,2026-02-04 08:30:00,2026-02-04 06:43:00.487157,Delivered,4,2,Standard,Konya,156,10.12,260.95,None
518,2026-02-01 17:45:00,2026-02-04 17:45:00,2026-02-04 08:17:49.396256,Delivered,6,1,Standard,Mersin,711,11.75,35.61,None
519,2026-02-02 18:30:00,2026-02-05 18:30:00,2026-02-06 01:29:26.589113,Delivered,1,1,Standard,Ankara,234,5.4,195.06,Weather
520,2026-02-02 16:45:00,2026-02-05 16:45:00,2026-02-05 02:57:33.885269,Delivered,1,1,Standard,Gaziantep,219,5.47,107.22,None
521,2026-02-02 08:45:00,2026-02-02 18:45:00,2026-02-02 16:38:10.450299,Delivered,1,3,Same Day,Gaziantep,650,21.23,162.39,None
522,2026-02-02 17:15:00,2026-02-05 17:15:00,2026-02-05 08:11:43.911800,Delivered,5,2,Standard,Konya,470,4.0,221.02,None
523,2026-02-02 17:30:00,2026-02-03 03:30:00,2026-02-04 22:36:19.222747,Delivered,6,4,Same Day,Bursa,488,21.92,253.46,Address Issue
524,2026-02-02 08:45:00,2026-02-02 18:45:00,2026-02-02 02:37:21.485201,Delivered,6,1,Same Day,Konya,82,18.9,261.98,None
525,2026-02-02 15:30:00,2026-02-05 15:30:00,2026-02-04 22:53:52.745846,Delivered,4,4,Standard,Gaziantep,775,11.09,114.96,None
526,2026-02-02 12:00:00,2026-02-05 12:00:00,2026-02-05 07:56:50.034133,Delivered,5,4,Standard,Gaziantep,577,12.61,231.86,None
527,2026-02-02 10:45:00,2026-02-03 16:45:00,2026-02-03 03:36:37.278722,Delivered,4,3,Next Day,Gaziantep,478,16.01,238.89,None
528,2026-02-02 15:30:00,2026-02-05 15:30:00,2026-02-05 04:29:11.610329,Delivered,2,3,Standard,Ankara,584,5.2,165.93,None
529,2026-02-02 11:00:00,2026-02-05 11:00:00,2026-02-05 08:26:33.463385,Delivered,4,4,Standard,Istanbul,14,11.26,245.01,None
530,2026-02-02 14:30:00,2026-02-05 14:30:00,2026-02-05 04:31:22.431389,Delivered,1,3,Standard,Mersin,615,15.37,165.87,None
531,2026-02-02 09:00:00,2026-02-02 19:00:00,2026-02-02 08:51:47.035041,Delivered,5,2,Same Day,Eskisehir,481,12.46,67.09,None
532,2026-02-02 14:30:00,2026-02-03 20:30:00,2026-02-03 03:02:38.237845,Delivered,4,2,Next Day,Adana,241,10.77,31.33,None
533,2026-02-02 07:00:00,2026-02-03 13:00:00,2026-02-03 00:18:48.045776,Delivered,3,2,Next Day,Eskisehir,39,13.27,114.84,None
534,2026-02-02 11:15:00,2026-02-03 17:15:00,2026-02-03 03:58:00.838547,Delivered,6,1,Next Day,Eskisehir,701,9.27,299.92,None
535,2026-02-02 16:45:00,2026-02-05 16:45:00,2026-02-05 06:48:37.030616,Delivered,5,2,Standard,Adana,76,7.65,231.76,None
536,2026-02-02 17:30:00,2026-02-03 03:30:00,2026-02-02 17:39:29.947949,Delivered,5,2,Same Day,Antalya,693,18.02,265.86,None
537,2026-02-03 15:00:00,2026-02-04 21:00:00,2026-02-06 08:46:00.356910,Delivered,4,3,Next Day,Eskisehir,110,10.93,236.18,Vehicle Breakdown
538,2026-02-03 14:45:00,2026-02-06 14:45:00,,Failed,1,4,Standard,Istanbul,53,4.35,209.93,None
539,2026-02-03 17:45:00,2026-02-04 23:45:00,2026-02-04 11:00:26.535126,Delivered,1,3,Next Day,Bursa,434,10.52,255.17,None
540,2026-02-03 17:45:00,2026-02-06 17:45:00,2026-02-06 08:30:00.291429,Delivered,3,3,Standard,Eskisehir,481,13.13,252.28,None
541,2026-02-03 18:45:00,2026-02-04 04:45:00,2026-02-03 19:19:40.659489,Delivered,3,2,Same Day,Istanbul,394,17.16,168.32,None
542,2026-02-03 17:15:00,2026-02-04 03:15:00,2026-02-03 10:11:48.188167,Delivered,1,1,Same Day,Istanbul,500,18.26,316.41,None
543,2026-02-03 14:00:00,2026-02-06 14:00:00,2026-02-06 11:25:20.020008,Delivered,3,3,Standard,Adana,285,10.88,103.96,None
544,2026-02-03 11:15:00,2026-02-06 11:15:00,2026-02-06 01:28:56.572220,Delivered,3,1,Standard,Mersin,531,4.44,154.78,None
545,2026-02-03 11:15:00,2026-02-04 17:15:00,2026-02-06 07:40:08.888997,Delivered,5,1,Next Day,Istanbul,317,4.19,69.22,Carrier Capacity
546,2026-02-03 09:00:00,2026-02-06 09:00:00,2026-02-05 20:39:22.529774,Delivered,4,3,Standard,Istanbul,397,13.03,66.59,None
547,2026-02-03 10:30:00,2026-02-06 10:30:00,2026-02-06 06:42:48.221554,Delivered,3,2,Standard,Bursa,574,12.67,242.23,None
548,2026-02-03 13:45:00,2026-02-06 13:45:00,2026-02-05 23:09:49.880048,Delivered,3,3,Standard,Gaziantep,721,6.6,134.55,None
549,2026-02-03 08:30:00,2026-02-06 08:30:00,2026-02-05 20:33:31.419652,Delivered,4,2,Standard,Istanbul,705,14.61,145.51,None
550,2026-02-03 07:15:00,2026-02-04 13:15:00,2026-02-03 19:33:47.798225,Delivered,5,3,Next Day,Bursa,538,8.89,304.31,None
551,2026-02-03 09:45:00,2026-02-04 15:45:00,,Failed,1,4,Next Day,Mersin,467,13.68,41.49,None
552,2026-02-03 16:45:00,2026-02-04 22:45:00,2026-02-04 13:57:15.848437,Delivered,1,1,Next Day,Gaziantep,50,13.21,37.58,None
553,2026-02-03 15:00:00,2026-02-06 15:00:00,2026-02-06 00:19:01.532346,Delivered,1,4,Standard,Konya,241,6.84,255.05,None
554,2026-02-03 13:15:00,2026-02-06 13:15:00,2026-02-06 03:09:14.039934,Delivered,2,2,Standard,Eskisehir,40,8.73,129.07,None
555,2026-02-04 18:15:00,2026-02-07 18:15:00,2026-02-07 06:21:56.539399,Delivered,4,1,Standard,Ankara,137,7.62,294.73,None
556,2026-02-04 09:30:00,2026-02-07 09:30:00,2026-02-06 20:17:34.134010,Delivered,6,1,Standard,Mersin,604,12.86,229.4,None
557,2026-02-04 13:45:00,2026-02-05 19:45:00,2026-02-05 13:39:49.798839,Delivered,6,1,Next Day,Mersin,347,4.89,62.84,None
558,2026-02-04 12:45:00,2026-02-07 12:45:00,2026-02-07 08:20:26.944401,Delivered,5,2,Standard,Gaziantep,378,6.12,110.47,None
559,2026-02-04 17:45:00,2026-02-07 17:45:00,2026-02-07 02:56:23.880894,Delivered,5,1,Standard,Eskisehir,113,11.7,103.56,None
560,2026-02-04 10:30:00,2026-02-05 16:30:00,2026-02-05 04:24:20.259877,Delivered,1,1,Next Day,Antalya,625,12.63,96.47,None
561,2026-02-04 14:00:00,2026-02-07 14:00:00,2026-02-07 07:29:59.111063,Delivered,6,4,Standard,Ankara,628,8.31,208.07,None
562,2026-02-04 16:45:00,2026-02-05 22:45:00,2026-02-05 18:12:10.475449,Delivered,3,3,Next Day,Mersin,209,8.54,146.83,None
563,2026-02-04 18:00:00,2026-02-07 18:00:00,2026-02-07 01:02:51.143509,Delivered,3,2,Standard,Istanbul,408,7.18,188.0,None
564,2026-02-04 09:15:00,2026-02-05 15:15:00,2026-02-07 08:02:50.426767,Delivered,4,2,Next Day,Konya,268,5.97,89.72,Weather
565,2026-02-04 17:00:00,2026-02-07 17:00:00,2026-02-07 00:50:47.096718,Delivered,5,3,Standard,Mersin,320,13.31,148.28,None
566,2026-02-04 07:30:00,2026-02-07 07:30:00,2026-02-07 15:04:38.173465,Delivered,4,4,Standard,Adana,557,13.29,265.09,Address Issue
567,2026-02-04 16:00:00,2026-02-07 16:00:00,2026-02-06 23:49:31.471944,Delivered,6,1,Standard,Gaziantep,462,7.66,186.99,None
568,2026-02-04 17:45:00,2026-02-07 17:45:00,2026-02-07 06:34:49.380271,Delivered,2,2,Standard,Mersin,229,5.84,243.95,None
569,2026-02-04 08:45:00,2026-02-04 18:45:00,2026-02-04 16:50:40.944003,Delivered,2,2,Same Day,Eskisehir,546,16.42,262.15,None
570,2026-02-04 13:30:00,2026-02-07 13:30:00,2026-02-07 11:34:51.127371,Delivered,1,4,Standard,Adana,482,6.93,70.67,None
571,2026-02-04 07:30:00,2026-02-05 13:30:00,2026-02-06 09:16:59.230075,Delivered,6,3,Next Day,Gaziantep,523,13.67,199.05,Hub Congestion
572,2026-02-04 09:15:00,2026-02-07 09:15:00,2026-02-06 16:20:06.152890,Delivered,6,2,Standard,Ankara,729,10.59,258.19,None
573,2026-02-05 15:45:00,2026-02-06 21:45:00,2026-02-07 21:01:58.654849,Delivered,6,4,Next Day,Bursa,175,10.38,250.37,Hub Congestion
574,2026-02-05 14:45:00,2026-02-06 20:45:00,2026-02-06 18:06:09.518778,Delivered,2,2,Next Day,Izmir,621,8.8,191.28,None
575,2026-02-05 07:15:00,2026-02-06 13:15:00,2026-02-06 00:36:04.073300,Delivered,1,1,Next Day,Bursa,331,10.13,211.91,None
576,2026-02-05 14:15:00,2026-02-08 14:15:00,2026-02-08 07:48:03.888730,Delivered,1,1,Standard,Konya,733,7.87,81.65,None
577,2026-02-05 08:30:00,2026-02-06 14:30:00,2026-02-06 05:01:43.427938,Delivered,3,1,Next Day,Eskisehir,567,9.48,133.97,None
578,2026-02-05 15:45:00,2026-02-06 21:45:00,2026-02-06 19:38:25.798266,Delivered,5,1,Next Day,Gaziantep,412,6.34,247.03,None
579,2026-02-05 09:30:00,2026-02-08 09:30:00,2026-02-07 23:35:41.732628,Delivered,3,2,Standard,Izmir,479,13.18,47.48,None
580,2026-02-05 17:30:00,2026-02-06 23:30:00,2026-02-06 19:56:06.675655,Delivered,1,4,Next Day,Istanbul,297,12.47,224.13,None
581,2026-02-05 07:45:00,2026-02-08 07:45:00,2026-02-07 23:53:40.744380,Delivered,2,3,Standard,Izmir,303,14.09,181.76,None
582,2026-02-05 07:30:00,2026-02-08 07:30:00,2026-02-08 01:33:53.908787,Delivered,2,2,Standard,Bursa,624,7.29,60.75,None
583,2026-02-05 15:00:00,2026-02-06 21:00:00,2026-02-06 13:52:49.464491,Delivered,2,1,Next Day,Eskisehir,441,4.75,232.34,None
584,2026-02-05 16:30:00,2026-02-06 02:30:00,2026-02-05 15:04:21.908654,Delivered,2,1,Same Day,Gaziantep,447,13.29,129.67,None
585,2026-02-06 16:15:00,2026-02-09 16:15:00,2026-02-11 05:25:15.205625,Delivered,6,4,Standard,Izmir,371,4.02,188.28,Carrier Capacity
586,2026-02-06 15:00:00,2026-02-09 15:00:00,2026-02-09 04:13:21.952450,Delivered,5,3,Standard,Izmir,430,10.71,31.34,None
587,2026-02-06 18:15:00,2026-02-09 18:15:00,2026-02-09 03:47:25.135154,Delivered,4,1,Standard,Adana,326,12.59,150.43,None
588,2026-02-06 12:45:00,2026-02-09 12:45:00,2026-02-09 07:27:21.662876,Delivered,1,1,Standard,Ankara,393,8.62,61.22,None
589,2026-02-06 10:15:00,2026-02-09 10:15:00,2026-02-08 17:16:52.747393,Delivered,5,1,Standard,Mersin,506,7.95,222.21,None
590,2026-02-06 10:15:00,2026-02-09 10:15:00,2026-02-09 06:50:20.261114,Delivered,6,2,Standard,Eskisehir,519,8.61,104.23,None
591,2026-02-06 10:00:00,2026-02-09 10:00:00,2026-02-09 06:26:05.917228,Delivered,2,1,Standard,Adana,720,12.24,194.11,None
592,2026-02-06 10:45:00,2026-02-09 10:45:00,2026-02-09 00:14:31.502808,Delivered,2,4,Standard,Antalya,553,15.73,136.69,None
593,2026-02-06 17:45:00,2026-02-09 17:45:00,2026-02-11 08:33:11.858449,Delivered,4,4,Standard,Adana,397,3.9,198.58,Hub Congestion
594,2026-02-06 07:45:00,2026-02-09 07:45:00,2026-02-11 01:22:29.699329,Delivered,4,3,Standard,Adana,55,7.71,304.11,Hub Congestion
595,2026-02-06 16:15:00,2026-02-09 16:15:00,2026-02-09 15:02:06.343873,Delivered,2,2,Standard,Antalya,711,14.65,99.63,None
596,2026-02-06 08:45:00,2026-02-07 14:45:00,2026-02-07 11:09:44.841694,Delivered,4,2,Next Day,Istanbul,683,11.34,29.05,None
597,2026-02-06 14:15:00,2026-02-09 14:15:00,2026-02-11 04:53:22.919725,Delivered,6,4,Standard,Antalya,771,3.99,166.47,Hub Congestion
598,2026-02-06 07:30:00,2026-02-09 07:30:00,2026-02-10 06:21:50.530041,Delivered,4,4,Standard,Gaziantep,48,15.12,51.62,Carrier Capacity
599,2026-02-06 17:15:00,2026-02-09 17:15:00,2026-02-10 09:35:43.250129,Delivered,1,2,Standard,Adana,701,10.03,153.28,Carrier Capacity
600,2026-02-06 08:00:00,2026-02-07 14:00:00,2026-02-07 08:42:10.196273,Delivered,2,3,Next Day,Eskisehir,331,10.84,20.11,None
601,2026-02-06 12:00:00,2026-02-06 22:00:00,2026-02-06 14:49:57.611149,Delivered,4,3,Same Day,Bursa,173,18.46,92.96,None
602,2026-02-06 10:00:00,2026-02-07 16:00:00,2026-02-07 12:27:02.364121,Delivered,5,1,Next Day,Antalya,252,9.91,174.57,None
603,2026-02-06 11:15:00,2026-02-09 11:15:00,2026-02-08 18:44:39.847423,Delivered,4,1,Standard,Antalya,735,13.58,86.95,None
604,2026-02-06 07:15:00,2026-02-09 07:15:00,2026-02-08 15:54:35.318740,Delivered,3,3,Standard,Eskisehir,463,11.25,302.64,None
605,2026-02-06 11:30:00,2026-02-07 17:30:00,2026-02-07 15:47:10.807096,Delivered,5,1,Next Day,Bursa,297,9.69,228.95,None
606,2026-02-06 14:30:00,2026-02-09 14:30:00,2026-02-08 23:13:57.261496,Delivered,5,4,Standard,Konya,540,13.86,30.71,None
607,2026-02-06 13:45:00,2026-02-09 13:45:00,2026-02-09 02:26:31.649838,Delivered,1,1,Standard,Adana,284,10.12,184.88,None
608,2026-02-07 08:00:00,2026-02-07 18:00:00,2026-02-07 01:27:06.924791,Delivered,4,1,Same Day,Adana,642,18.78,235.33,None
609,2026-02-07 13:15:00,2026-02-07 23:15:00,2026-02-07 12:05:21.302159,Delivered,5,3,Same Day,Izmir,283,17.06,263.63,None
610,2026-02-07 07:00:00,2026-02-10 07:00:00,2026-02-09 22:35:51.577461,Delivered,6,2,Standard,Konya,352,14.77,201.77,None
611,2026-02-07 16:00:00,2026-02-08 22:00:00,2026-02-08 13:40:56.216847,Delivered,1,2,Next Day,Istanbul,456,10.23,253.19,None
612,2026-02-07 07:00:00,2026-02-08 13:00:00,2026-02-07 23:27:37.052744,Delivered,1,1,Next Day,Izmir,183,14.26,281.41,None
613,2026-02-07 15:30:00,2026-02-10 15:30:00,2026-02-10 03:17:31.091868,Delivered,1,3,Standard,Adana,666,13.37,71.25,None
614,2026-02-07 15:15:00,2026-02-10 15:15:00,2026-02-10 11:43:36.686577,Delivered,1,4,Standard,Mersin,522,4.97,87.96,None
615,2026-02-07 10:00:00,2026-02-10 10:00:00,2026-02-10 03:20:24.958723,Delivered,6,1,Standard,Istanbul,92,13.39,169.59,None
616,2026-02-07 17:30:00,2026-02-08 23:30:00,2026-02-08 17:36:03.723528,Delivered,6,4,Next Day,Antalya,399,14.68,188.28,None
617,2026-02-07 12:30:00,2026-02-07 22:30:00,2026-02-07 19:47:33.519511,Delivered,5,2,Same Day,Istanbul,281,15.1,109.46,None
618,2026-02-07 17:45:00,2026-02-10 17:45:00,2026-02-10 02:44:43.723181,Delivered,3,4,Standard,Izmir,430,9.69,140.28,None
619,2026-02-07 18:15:00,2026-02-10 18:15:00,2026-02-10 09:27:46.599150,Delivered,6,2,Standard,Adana,591,7.75,38.37,None
620,2026-02-07 14:00:00,2026-02-10 14:00:00,2026-02-11 10:24:55.511185,Delivered,1,4,Standard,Antalya,460,15.22,29.53,Hub Congestion
621,2026-02-07 14:00:00,2026-02-10 14:00:00,2026-02-11 03:11:53.850546,Delivered,6,2,Standard,Adana,55,10.75,173.77,Carrier Capacity
622,2026-02-07 08:00:00,2026-02-10 08:00:00,2026-02-10 22:23:06.166487,Delivered,3,2,Standard,Bursa,198,6.65,105.61,Weather
623,2026-02-07 10:15:00,2026-02-10 10:15:00,,Failed,1,1,Standard,Istanbul,670,13.62,68.97,None
624,2026-02-07 14:15:00,2026-02-08 20:15:00,2026-02-08 14:59:30.452032,Delivered,3,2,Next Day,Istanbul,644,9.83,160.82,None
625,2026-02-07 15:00:00,2026-02-08 21:00:00,2026-02-08 04:53:10.586307,Delivered,4,2,Next Day,Izmir,391,9.79,116.94,None
626,2026-02-07 09:45:00,2026-02-08 15:45:00,2026-02-08 08:18:38.186541,Delivered,1,4,Next Day,Antalya,426,14.33,240.72,None
627,2026-02-07 11:15:00,2026-02-08 17:15:00,2026-02-10 07:36:57.052139,Delivered,5,4,Next Day,Istanbul,385,3.57,214.54,Carrier Capacity
628,2026-02-08 18:00:00,2026-02-10 00:00:00,2026-02-09 11:54:10.490266,Delivered,1,3,Next Day,Ankara,466,7.68,258.41,None
629,2026-02-08 12:15:00,2026-02-11 12:15:00,2026-02-10 21:58:17.702623,Delivered,6,4,Standard,Adana,490,10.01,156.79,None
630,2026-02-08 09:00:00,2026-02-11 09:00:00,2026-02-12 13:02:35.306166,Delivered,3,2,Standard,Antalya,780,8.49,277.57,Weather
631,2026-02-08 13:15:00,2026-02-11 13:15:00,2026-02-10 21:33:25.515295,Delivered,1,2,Standard,Antalya,477,7.75,145.07,None
632,2026-02-08 12:15:00,2026-02-11 12:15:00,2026-02-13 04:29:12.767328,Delivered,2,2,Standard,Eskisehir,523,10.68,235.7,Carrier Capacity
633,2026-02-08 15:45:00,2026-02-11 15:45:00,2026-02-11 13:08:45.401910,Delivered,6,2,Standard,Istanbul,362,7.77,308.58,None
634,2026-02-08 17:45:00,2026-02-11 17:45:00,2026-02-11 10:48:36.002558,Delivered,6,2,Standard,Izmir,661,13.61,204.07,None
635,2026-02-08 09:45:00,2026-02-11 09:45:00,2026-02-10 18:07:09.068449,Delivered,1,1,Standard,Konya,470,11.83,272.15,None
636,2026-02-08 16:00:00,2026-02-09 22:00:00,2026-02-09 11:38:07.986343,Delivered,1,3,Next Day,Eskisehir,331,10.71,49.06,None
637,2026-02-08 11:30:00,2026-02-09 17:30:00,2026-02-09 01:46:14.187505,Delivered,6,1,Next Day,Konya,699,11.74,118.27,None
638,2026-02-08 07:00:00,2026-02-09 13:00:00,2026-02-09 05:11:37.311241,Delivered,6,1,Next Day,Konya,540,13.95,179.69,None
639,2026-02-08 12:00:00,2026-02-11 12:00:00,2026-02-11 04:31:42.141759,Delivered,6,3,Standard,Bursa,277,15.22,66.81,None
640,2026-02-08 11:15:00,2026-02-11 11:15:00,2026-02-11 10:07:59.963604,Delivered,1,3,Standard,Mersin,441,16.12,120.09,None
641,2026-02-08 11:30:00,2026-02-09 17:30:00,2026-02-09 08:22:55.857872,Delivered,2,4,Next Day,Mersin,322,12.76,42.79,None
642,2026-02-08 18:15:00,2026-02-11 18:15:00,2026-02-11 11:29:44.284589,Delivered,2,1,Standard,Adana,302,6.3,65.73,None
643,2026-02-09 11:30:00,2026-02-09 21:30:00,2026-02-09 17:43:12.505825,Delivered,2,1,Same Day,Ankara,586,12.49,127.13,None
644,2026-02-09 11:15:00,2026-02-10 17:15:00,2026-02-10 13:44:02.124612,Delivered,6,2,Next Day,Ankara,210,11.85,218.0,None
645,2026-02-09 12:45:00,2026-02-10 18:45:00,2026-02-11 08:25:16.880699,Delivered,4,1,Next Day,Mersin,372,3.99,186.62,Weather
646,2026-02-09 12:30:00,2026-02-12 12:30:00,2026-02-12 08:51:58.258973,Delivered,2,3,Standard,Eskisehir,324,7.19,254.52,None
647,2026-02-09 09:30:00,2026-02-10 15:30:00,2026-02-10 03:41:55.678752,Delivered,4,3,Next Day,Bursa,599,12.85,264.64,None
648,2026-02-09 10:15:00,2026-02-10 16:15:00,2026-02-10 08:34:07.272839,Delivered,5,3,Next Day,Izmir,657,10.68,258.48,None
649,2026-02-09 16:30:00,2026-02-12 16:30:00,2026-02-12 09:22:56.772016,Delivered,1,1,Standard,Ankara,610,9.79,98.51,None
650,2026-02-09 12:30:00,2026-02-12 12:30:00,2026-02-12 01:23:40.914652,Delivered,3,1,Standard,Ankara,213,13.13,130.61,None
651,2026-02-09 12:00:00,2026-02-12 12:00:00,2026-02-11 21:59:08.712122,Delivered,2,3,Standard,Adana,224,13.14,291.92,None
652,2026-02-09 09:45:00,2026-02-10 15:45:00,2026-02-10 09:33:23.564195,Delivered,1,3,Next Day,Konya,727,9.18,73.04,None
653,2026-02-09 09:30:00,2026-02-10 15:30:00,2026-02-10 06:58:54.134974,Delivered,1,1,Next Day,Antalya,29,6.17,54.93,None
654,2026-02-09 07:45:00,2026-02-12 07:45:00,2026-02-13 02:54:15.315361,Delivered,1,3,Standard,Ankara,129,3.99,192.18,Weather
655,2026-02-09 07:00:00,2026-02-12 07:00:00,2026-02-11 16:39:35.605711,Delivered,1,1,Standard,Mersin,127,10.41,38.92,None
656,2026-02-09 14:15:00,2026-02-10 20:15:00,2026-02-10 15:56:38.904273,Delivered,2,1,Next Day,Bursa,608,6.05,18.6,None
657,2026-02-09 13:15:00,2026-02-12 13:15:00,2026-02-11 22:19:03.587415,Delivered,4,3,Standard,Izmir,657,11.05,39.75,None
658,2026-02-09 08:30:00,2026-02-10 14:30:00,2026-02-10 10:50:04.534210,Delivered,1,1,Next Day,Eskisehir,95,4.98,278.71,None
659,2026-02-09 11:15:00,2026-02-12 11:15:00,2026-02-14 06:21:39.892548,Delivered,3,4,Standard,Bursa,480,6.59,19.94,Hub Congestion
660,2026-02-09 16:15:00,2026-02-12 16:15:00,2026-02-12 10:21:02.398090,Delivered,3,2,Standard,Istanbul,394,8.19,40.27,None
661,2026-02-09 07:45:00,2026-02-10 13:45:00,2026-02-09 22:06:11.743608,Delivered,5,4,Next Day,Adana,519,9.9,168.97,None
662,2026-02-09 12:30:00,2026-02-12 12:30:00,2026-02-12 09:00:58.489207,Delivered,6,2,Standard,Konya,438,12.39,44.81,None
663,2026-02-09 09:30:00,2026-02-10 15:30:00,2026-02-10 10:34:57.775992,Delivered,1,2,Next Day,Istanbul,334,4.84,180.11,None
664,2026-02-09 14:30:00,2026-02-10 00:30:00,2026-02-09 14:46:10.593052,Delivered,1,1,Same Day,Konya,204,13.64,79.65,None
665,2026-02-10 14:15:00,2026-02-13 14:15:00,2026-02-15 05:46:22.796494,Delivered,4,1,Standard,Bursa,732,12.37,154.84,Weather
666,2026-02-10 17:15:00,2026-02-11 23:15:00,2026-02-11 19:05:51.790876,Delivered,6,2,Next Day,Istanbul,644,11.76,47.53,None
667,2026-02-10 11:30:00,2026-02-13 11:30:00,2026-02-12 17:48:02.648769,Delivered,4,1,Standard,Mersin,586,6.5,310.29,None
668,2026-02-10 10:30:00,2026-02-11 16:30:00,2026-02-11 04:32:10.848328,Delivered,4,2,Next Day,Eskisehir,129,10.21,72.57,None
669,2026-02-10 14:45:00,2026-02-13 14:45:00,,Failed,3,1,Standard,Eskisehir,412,13.29,109.26,Carrier Capacity
670,2026-02-10 15:30:00,2026-02-11 01:30:00,,Failed,1,4,Same Day,Antalya,456,16.61,239.75,None
671,2026-02-10 09:30:00,2026-02-13 09:30:00,2026-02-14 17:42:21.178938,Delivered,3,4,Standard,Konya,400,8.12,244.87,Hub Congestion
672,2026-02-10 13:00:00,2026-02-13 13:00:00,2026-02-13 10:19:30.475361,Delivered,1,1,Standard,Adana,216,11.25,133.96,None
673,2026-02-10 08:00:00,2026-02-10 18:00:00,2026-02-10 12:02:53.050943,Delivered,6,2,Same Day,Izmir,424,22.23,252.71,None
674,2026-02-10 10:15:00,2026-02-10 20:15:00,2026-02-10 06:02:29.335051,Delivered,6,3,Same Day,Adana,290,17.71,166.03,None
675,2026-02-10 07:45:00,2026-02-11 13:45:00,2026-02-13 10:08:38.240674,Delivered,4,4,Next Day,Eskisehir,725,5.75,218.14,Hub Congestion
676,2026-02-10 17:15:00,2026-02-13 17:15:00,2026-02-13 03:34:41.324836,Delivered,2,1,Standard,Bursa,548,13.94,44.41,None
677,2026-02-10 14:15:00,2026-02-13 14:15:00,2026-02-13 01:32:50.786255,Delivered,2,1,Standard,Antalya,103,10.44,153.73,None
678,2026-02-10 12:30:00,2026-02-13 12:30:00,2026-02-14 11:51:29.993176,Delivered,2,1,Standard,Konya,480,15.42,275.07,Hub Congestion
679,2026-02-11 10:45:00,2026-02-14 10:45:00,2026-02-14 23:37:49.234843,Delivered,2,4,Standard,Gaziantep,621,7.8,60.4,Carrier Capacity
680,2026-02-11 12:00:00,2026-02-14 12:00:00,2026-02-14 00:42:59.818292,Delivered,1,2,Standard,Antalya,114,12.52,143.46,None
681,2026-02-11 09:30:00,2026-02-14 09:30:00,2026-02-13 18:33:55.268399,Delivered,3,2,Standard,Gaziantep,755,13.76,88.38,None
682,2026-02-11 09:15:00,2026-02-11 19:15:00,2026-02-11 08:12:39.439107,Delivered,6,4,Same Day,Antalya,30,23.14,229.62,None
683,2026-02-11 16:45:00,2026-02-12 22:45:00,2026-02-12 21:16:28.593051,Delivered,3,1,Next Day,Bursa,33,9.23,256.33,None
684,2026-02-11 09:00:00,2026-02-14 09:00:00,2026-02-14 02:45:55.098182,Delivered,5,2,Standard,Bursa,181,4.59,225.92,None
685,2026-02-11 11:00:00,2026-02-12 17:00:00,2026-02-12 14:48:43.459458,Delivered,1,3,Next Day,Antalya,291,10.2,42.17,None
686,2026-02-11 14:45:00,2026-02-14 14:45:00,2026-02-14 11:53:09.532341,Delivered,1,1,Standard,Istanbul,632,6.04,319.44,None
687,2026-02-11 09:30:00,2026-02-12 15:30:00,2026-02-13 18:07:22.922022,Delivered,5,1,Next Day,Bursa,271,16.44,50.85,Weather
688,2026-02-11 17:45:00,2026-02-12 23:45:00,2026-02-12 10:00:50.554265,Delivered,3,2,Next Day,Antalya,690,13.41,68.83,None
689,2026-02-11 14:15:00,2026-02-12 20:15:00,2026-02-12 16:31:10.638014,Delivered,3,4,Next Day,Antalya,733,12.07,198.53,None
690,2026-02-12 10:15:00,2026-02-15 10:15:00,2026-02-15 02:08:54.419454,Delivered,6,2,Standard,Gaziantep,398,4.98,196.43,None
691,2026-02-12 09:00:00,2026-02-15 09:00:00,2026-02-16 15:11:11.240067,Delivered,1,3,Standard,Istanbul,9,7.95,129.45,Hub Congestion
692,2026-02-12 10:30:00,2026-02-15 10:30:00,2026-02-14 21:23:23.496003,Delivered,2,2,Standard,Istanbul,560,4.69,237.12,None
693,2026-02-12 17:00:00,2026-02-13 03:00:00,2026-02-13 00:46:29.886556,Delivered,6,1,Same Day,Antalya,596,12.35,181.26,None
694,2026-02-12 10:45:00,2026-02-13 16:45:00,2026-02-13 15:44:11.234371,Delivered,1,3,Next Day,Gaziantep,629,9.93,250.04,None
695,2026-02-12 13:00:00,2026-02-15 13:00:00,2026-02-15 04:03:54.101613,Delivered,2,2,Standard,Adana,150,8.45,51.86,None
696,2026-02-12 11:15:00,2026-02-15 11:15:00,2026-02-16 11:37:57.182570,Delivered,4,3,Standard,Adana,273,14.88,232.73,Weather
697,2026-02-12 12:15:00,2026-02-15 12:15:00,2026-02-14 18:55:26.307294,Delivered,1,1,Standard,Izmir,383,7.64,45.23,None
698,2026-02-12 13:45:00,2026-02-15 13:45:00,2026-02-15 09:14:51.308012,Delivered,2,3,Standard,Eskisehir,752,4.87,35.7,None
699,2026-02-12 11:45:00,2026-02-15 11:45:00,2026-02-15 05:14:11.546954,Delivered,2,4,Standard,Eskisehir,181,4.84,107.34,None
700,2026-02-12 18:15:00,2026-02-15 18:15:00,2026-02-15 05:11:34.525765,Delivered,1,2,Standard,Adana,585,5.25,306.77,None
701,2026-02-12 07:00:00,2026-02-13 13:00:00,2026-02-14 06:51:03.584955,Delivered,4,4,Next Day,Istanbul,392,13.62,24.82,Vehicle Breakdown
702,2026-02-12 08:00:00,2026-02-15 08:00:00,2026-02-14 21:09:19.996059,Delivered,1,2,Standard,Eskisehir,200,15.73,76.16,None
703,2026-02-12 11:45:00,2026-02-15 11:45:00,2026-02-15 04:45:00.158947,Delivered,1,1,Standard,Gaziantep,599,4.27,111.44,None
704,2026-02-13 14:45:00,2026-02-14 20:45:00,2026-02-14 09:33:58.322186,Delivered,4,3,Next Day,Izmir,573,16.31,210.4,None
705,2026-02-13 13:00:00,2026-02-13 23:00:00,2026-02-13 17:06:31.861221,Delivered,4,4,Same Day,Antalya,540,22.32,119.83,None
706,2026-02-13 13:30:00,2026-02-16 13:30:00,2026-02-16 08:17:10.667065,Delivered,4,1,Standard,Konya,693,9.57,27.02,None
707,2026-02-13 17:45:00,2026-02-16 17:45:00,2026-02-18 12:29:50.660544,Delivered,2,2,Standard,Konya,604,6.15,67.13,Hub Congestion
708,2026-02-13 12:30:00,2026-02-16 12:30:00,2026-02-17 23:53:44.668222,Delivered,3,3,Standard,Gaziantep,679,4.96,135.38,Carrier Capacity
709,2026-02-13 07:00:00,2026-02-14 13:00:00,2026-02-14 03:22:44.181123,Delivered,3,2,Next Day,Gaziantep,135,10.5,60.99,None
710,2026-02-13 08:00:00,2026-02-14 14:00:00,2026-02-14 03:15:14.286713,Delivered,4,3,Next Day,Adana,24,11.03,168.34,None
711,2026-02-13 15:30:00,2026-02-14 01:30:00,2026-02-13 09:27:51.911482,Delivered,3,1,Same Day,Antalya,755,19.92,110.11,None
712,2026-02-13 13:00:00,2026-02-13 23:00:00,2026-02-13 15:21:15.044079,Delivered,4,1,Same Day,Adana,769,16.34,237.66,None
713,2026-02-13 14:30:00,2026-02-16 14:30:00,2026-02-16 09:53:52.141955,Delivered,5,2,Standard,Ankara,443,10.7,256.05,None
714,2026-02-13 12:00:00,2026-02-14 18:00:00,2026-02-14 02:10:30.375639,Delivered,1,2,Next Day,Mersin,105,14.65,207.08,None
715,2026-02-13 10:45:00,2026-02-16 10:45:00,2026-02-18 16:49:38.464185,Delivered,6,4,Standard,Antalya,169,12.13,308.94,Vehicle Breakdown
716,2026-02-13 15:30:00,2026-02-16 15:30:00,2026-02-17 20:15:54.670717,Delivered,1,1,Standard,Adana,779,4.11,158.68,Address Issue
717,2026-02-13 11:45:00,2026-02-16 11:45:00,2026-02-16 05:42:16.627629,Delivered,5,2,Standard,Eskisehir,392,3.99,243.45,None
718,2026-02-13 16:30:00,2026-02-16 16:30:00,2026-02-18 19:33:41.523075,Delivered,2,1,Standard,Izmir,87,10.06,145.23,Hub Congestion
719,2026-02-14 12:15:00,2026-02-15 18:15:00,2026-02-15 10:02:14.819302,Delivered,6,1,Next Day,Izmir,692,12.0,280.76,None
720,2026-02-14 15:00:00,2026-02-15 21:00:00,2026-02-15 15:26:49.840912,Delivered,3,4,Next Day,Mersin,13,6.2,139.96,None
721,2026-02-14 11:00:00,2026-02-15 17:00:00,2026-02-15 10:30:48.881498,Delivered,5,2,Next Day,Istanbul,246,8.08,138.75,None
722,2026-02-14 15:15:00,2026-02-15 01:15:00,2026-02-14 19:06:08.148847,Delivered,1,4,Same Day,Bursa,420,17.5,262.69,None
723,2026-02-14 08:15:00,2026-02-17 08:15:00,2026-02-17 01:15:48.134530,Delivered,6,1,Standard,Ankara,107,16.35,242.42,None
724,2026-02-14 07:30:00,2026-02-14 17:30:00,2026-02-14 14:38:57.749963,Delivered,3,1,Same Day,Mersin,67,21.35,293.48,None
725,2026-02-14 11:15:00,2026-02-15 17:15:00,2026-02-15 04:10:06.190149,Delivered,3,1,Next Day,Istanbul,397,7.34,189.09,None
726,2026-02-14 12:45:00,2026-02-14 22:45:00,2026-02-14 06:45:23.756814,Delivered,1,4,Same Day,Gaziantep,693,22.88,200.23,None
727,2026-02-14 11:00:00,2026-02-15 17:00:00,2026-02-15 15:38:00.885721,Delivered,4,3,Next Day,Eskisehir,400,10.27,165.93,None
728,2026-02-14 15:45:00,2026-02-15 21:45:00,2026-02-15 11:00:19.025999,Delivered,5,3,Next Day,Antalya,592,12.3,290.66,None
729,2026-02-14 12:00:00,2026-02-15 18:00:00,2026-02-15 01:20:14.495626,Delivered,1,3,Next Day,Istanbul,450,9.44,41.03,None
730,2026-02-14 07:30:00,2026-02-17 07:30:00,2026-02-16 19:25:27.935700,Delivered,3,4,Standard,Izmir,698,15.78,299.05,None
731,2026-02-14 10:15:00,2026-02-15 16:15:00,2026-02-15 04:18:57.713039,Delivered,6,4,Next Day,Izmir,325,8.61,276.59,None
732,2026-02-14 14:00:00,2026-02-17 14:00:00,2026-02-16 20:08:24.109323,Delivered,1,3,Standard,Istanbul,432,6.15,311.73,None
733,2026-02-14 11:00:00,2026-02-14 21:00:00,2026-02-14 14:31:43.822688,Delivered,2,1,Same Day,Eskisehir,669,10.55,287.13,None
734,2026-02-14 12:30:00,2026-02-17 12:30:00,2026-02-17 11:04:20.017452,Delivered,1,3,Standard,Adana,343,15.26,96.83,None
735,2026-02-14 14:30:00,2026-02-17 14:30:00,2026-02-17 11:59:04.239255,Delivered,1,2,Standard,Adana,299,14.51,297.05,None
736,2026-02-15 17:30:00,2026-02-16 03:30:00,2026-02-15 11:32:11.236578,Delivered,1,1,Same Day,Ankara,576,22.93,91.79,None
737,2026-02-15 18:00:00,2026-02-16 04:00:00,2026-02-15 19:14:49.087039,Delivered,2,2,Same Day,Konya,276,21.75,175.03,None
738,2026-02-15 18:30:00,2026-02-17 00:30:00,2026-02-17 05:05:11.219946,Delivered,1,2,Next Day,Bursa,217,4.93,19.11,Weather
739,2026-02-15 07:00:00,2026-02-15 17:00:00,2026-02-15 05:45:02.465045,Delivered,5,2,Same Day,Istanbul,8,12.47,29.41,None
740,2026-02-15 14:00:00,2026-02-16 20:00:00,2026-02-16 15:59:45.130097,Delivered,2,2,Next Day,Eskisehir,457,11.38,201.78,None
741,2026-02-15 17:15:00,2026-02-16 23:15:00,2026-02-16 09:40:50.327977,Delivered,3,3,Next Day,Antalya,299,3.53,49.15,None
742,2026-02-15 07:00:00,2026-02-16 13:00:00,2026-02-15 22:13:35.521186,Delivered,1,2,Next Day,Bursa,196,15.58,99.86,None
743,2026-02-15 09:30:00,2026-02-18 09:30:00,2026-02-19 23:00:13.284952,Delivered,5,4,Standard,Antalya,411,13.91,256.12,Weather
744,2026-02-15 10:30:00,2026-02-16 16:30:00,2026-02-17 22:58:51.817015,Delivered,4,2,Next Day,Eskisehir,413,13.8,90.63,Address Issue
745,2026-02-15 17:30:00,2026-02-18 17:30:00,2026-02-20 06:20:07.050023,Delivered,1,4,Standard,Ankara,751,13.93,35.26,Weather
746,2026-02-15 09:30:00,2026-02-18 09:30:00,2026-02-17 21:47:34.802493,Delivered,1,2,Standard,Eskisehir,730,15.95,64.84,None
747,2026-02-15 12:00:00,2026-02-16 18:00:00,2026-02-18 02:01:01.997451,Delivered,1,4,Next Day,Mersin,370,5.99,276.34,Hub Congestion
748,2026-02-15 07:00:00,2026-02-16 13:00:00,2026-02-17 20:10:43.945578,Delivered,5,3,Next Day,Eskisehir,739,16.12,87.5,Hub Congestion
749,2026-02-15 07:30:00,2026-02-16 13:30:00,2026-02-16 01:22:14.902957,Delivered,6,1,Next Day,Konya,750,10.05,284.76,None
750,2026-02-15 11:00:00,2026-02-18 11:00:00,2026-02-17 22:05:53.810409,Delivered,2,1,Standard,Konya,198,5.91,211.79,None
751,2026-02-16 07:45:00,2026-02-17 13:45:00,2026-02-16 22:04:33.752932,Delivered,2,2,Next Day,Antalya,675,7.73,299.63,None
752,2026-02-16 08:30:00,2026-02-17 14:30:00,2026-02-18 19:45:07.803630,Delivered,1,1,Next Day,Eskisehir,290,11.01,81.45,Hub Congestion
753,2026-02-16 12:30:00,2026-02-17 18:30:00,2026-02-17 17:15:17.901726,Delivered,3,1,Next Day,Antalya,156,12.32,38.02,None
754,2026-02-16 16:30:00,2026-02-17 22:30:00,2026-02-17 07:29:41.778838,Delivered,1,4,Next Day,Adana,356,8.32,126.73,None
755,2026-02-16 09:00:00,2026-02-17 15:00:00,2026-02-17 06:46:14.201157,Delivered,3,1,Next Day,Bursa,161,10.92,18.3,None
756,2026-02-16 12:15:00,2026-02-16 22:15:00,2026-02-16 19:38:30.933359,Delivered,2,4,Same Day,Eskisehir,201,21.99,257.39,None
757,2026-02-16 10:00:00,2026-02-19 10:00:00,2026-02-19 05:29:16.120780,Delivered,1,2,Standard,Antalya,303,4.32,77.38,None
758,2026-02-16 18:45:00,2026-02-18 00:45:00,2026-02-17 17:58:54.531954,Delivered,5,3,Next Day,Gaziantep,104,10.9,146.33,None
759,2026-02-16 12:45:00,2026-02-19 12:45:00,2026-02-19 10:09:52.392073,Delivered,4,4,Standard,Izmir,517,10.31,26.66,None
760,2026-02-16 16:30:00,2026-02-17 02:30:00,2026-02-16 11:40:01.581066,Delivered,6,2,Same Day,Eskisehir,71,13.66,151.28,None
761,2026-02-16 18:30:00,2026-02-18 00:30:00,2026-02-17 13:03:42.689419,Delivered,2,2,Next Day,Konya,55,7.79,61.57,None
762,2026-02-16 14:45:00,2026-02-19 14:45:00,2026-02-19 13:07:29.322249,Delivered,2,1,Standard,Mersin,407,14.54,211.33,None
763,2026-02-16 10:45:00,2026-02-19 10:45:00,2026-02-19 05:05:56.609131,Delivered,5,1,Standard,Konya,467,15.59,205.8,None
764,2026-02-16 08:45:00,2026-02-17 14:45:00,2026-02-17 05:51:57.609860,Delivered,6,2,Next Day,Ankara,451,7.47,68.38,None
765,2026-02-16 08:00:00,2026-02-19 08:00:00,2026-02-19 21:56:36.451519,Delivered,4,3,Standard,Istanbul,674,6.25,249.39,Weather
766,2026-02-17 07:15:00,2026-02-20 07:15:00,2026-02-19 13:24:27.804445,Delivered,3,1,Standard,Eskisehir,503,15.98,185.15,None
767,2026-02-17 08:45:00,2026-02-20 08:45:00,2026-02-21 19:19:28.663668,Delivered,4,2,Standard,Mersin,72,9.55,50.81,Carrier Capacity
768,2026-02-17 09:00:00,2026-02-18 15:00:00,2026-02-20 00:14:59.035427,Delivered,1,1,Next Day,Eskisehir,311,6.98,129.39,Customer Unavailable
769,2026-02-17 10:30:00,2026-02-17 20:30:00,2026-02-18 00:40:43.313950,Delivered,3,4,Same Day,Bursa,652,23.33,102.93,Address Issue
770,2026-02-17 10:30:00,2026-02-20 10:30:00,2026-02-19 18:45:02.706494,Delivered,4,4,Standard,Adana,437,14.87,26.19,None
771,2026-02-17 10:00:00,2026-02-20 10:00:00,2026-02-19 22:49:29.449251,Delivered,1,1,Standard,Bursa,662,4.39,29.68,None
772,2026-02-17 18:30:00,2026-02-20 18:30:00,2026-02-20 14:32:24.916463,Delivered,6,2,Standard,Bursa,289,12.32,316.54,None
773,2026-02-17 07:30:00,2026-02-20 07:30:00,2026-02-20 04:31:10.719693,Delivered,3,2,Standard,Konya,740,11.89,180.67,None
774,2026-02-17 16:30:00,2026-02-18 02:30:00,2026-02-17 15:16:52.451256,Delivered,4,3,Same Day,Eskisehir,528,11.64,51.73,None
775,2026-02-17 14:15:00,2026-02-20 14:15:00,2026-02-19 23:08:27.565758,Delivered,5,2,Standard,Konya,529,7.88,207.62,None
776,2026-02-17 10:00:00,2026-02-20 10:00:00,2026-02-20 02:38:08.201318,Delivered,6,3,Standard,Izmir,207,8.94,49.12,None
777,2026-02-17 09:45:00,2026-02-18 15:45:00,2026-02-18 02:45:05.578780,Delivered,5,3,Next Day,Konya,82,9.33,51.01,None
778,2026-02-17 17:30:00,2026-02-20 17:30:00,2026-02-20 13:58:51.837751,Delivered,1,4,Standard,Eskisehir,260,6.9,291.87,None
779,2026-02-17 16:45:00,2026-02-18 22:45:00,2026-02-18 06:44:22.859009,Delivered,1,1,Next Day,Eskisehir,271,4.61,94.69,None
780,2026-02-17 15:00:00,2026-02-18 01:00:00,2026-02-17 23:12:58.226294,Delivered,1,4,Same Day,Konya,519,14.28,211.73,None
781,2026-02-17 17:45:00,2026-02-18 23:45:00,2026-02-20 06:32:05.317644,Delivered,2,1,Next Day,Ankara,320,15.81,265.0,Hub Congestion
782,2026-02-17 18:15:00,2026-02-19 00:15:00,2026-02-18 09:15:40.396375,Delivered,6,2,Next Day,Adana,163,15.48,185.65,None
783,2026-02-17 12:30:00,2026-02-17 22:30:00,2026-02-17 13:37:47.026536,Delivered,6,1,Same Day,Izmir,114,21.47,106.99,None
784,2026-02-18 17:45:00,2026-02-19 03:45:00,2026-02-20 00:00:56.618574,Delivered,4,2,Same Day,Ankara,225,20.33,303.64,Address Issue
785,2026-02-18 09:30:00,2026-02-19 15:30:00,2026-02-18 23:39:34.470566,Delivered,5,1,Next Day,Bursa,86,15.92,248.72,None
786,2026-02-18 09:45:00,2026-02-19 15:45:00,2026-02-20 22:06:20.928300,Delivered,3,3,Next Day,Bursa,550,11.15,276.26,Hub Congestion
787,2026-02-18 15:45:00,2026-02-21 15:45:00,2026-02-21 07:48:13.353382,Delivered,1,1,Standard,Bursa,259,5.07,175.28,None
788,2026-02-18 14:15:00,2026-02-19 20:15:00,2026-02-19 09:03:49.096753,Delivered,1,3,Next Day,Eskisehir,507,10.44,129.38,None
789,2026-02-18 10:15:00,2026-02-21 10:15:00,2026-02-20 16:43:06.430029,Delivered,3,1,Standard,Antalya,92,8.9,294.54,None
790,2026-02-18 10:00:00,2026-02-21 10:00:00,2026-02-20 19:27:29.562620,Delivered,2,1,Standard,Antalya,202,12.29,55.52,None
791,2026-02-18 13:00:00,2026-02-19 19:00:00,2026-02-21 15:52:20.497364,Delivered,1,4,Next Day,Gaziantep,332,8.96,188.52,Hub Congestion
792,2026-02-18 13:30:00,2026-02-21 13:30:00,2026-02-21 01:03:53.400598,Delivered,3,4,Standard,Antalya,647,10.7,138.42,None
793,2026-02-18 15:45:00,2026-02-21 15:45:00,2026-02-21 02:28:49.287460,Delivered,6,2,Standard,Eskisehir,136,13.08,85.35,None
794,2026-02-18 16:30:00,2026-02-19 02:30:00,2026-02-20 11:49:30.767169,Delivered,4,2,Same Day,Bursa,664,14.89,135.74,Weather
795,2026-02-18 11:15:00,2026-02-21 11:15:00,2026-02-20 20:13:27.627785,Delivered,1,2,Standard,Eskisehir,754,12.65,72.5,None
796,2026-02-18 11:45:00,2026-02-19 17:45:00,2026-02-19 16:21:01.741541,Delivered,3,3,Next Day,Antalya,743,14.27,82.12,None
797,2026-02-18 12:00:00,2026-02-21 12:00:00,2026-02-21 03:34:00.095230,Delivered,3,4,Standard,Ankara,775,11.76,47.97,None
798,2026-02-19 14:00:00,2026-02-22 14:00:00,2026-02-22 08:52:03.986570,Delivered,1,1,Standard,Adana,89,6.14,35.21,None
799,2026-02-19 11:45:00,2026-02-22 11:45:00,2026-02-23 05:13:29.783572,Delivered,1,2,Standard,Ankara,252,6.95,229.21,Hub Congestion
800,2026-02-19 08:15:00,2026-02-19 18:15:00,2026-02-19 06:17:08.628771,Delivered,2,2,Same Day,Bursa,391,21.78,251.62,None
801,2026-02-19 11:30:00,2026-02-22 11:30:00,2026-02-22 00:07:36.892318,Delivered,4,1,Standard,Ankara,231,14.53,28.25,None
802,2026-02-19 07:30:00,2026-02-22 07:30:00,2026-02-21 21:18:47.235335,Delivered,3,3,Standard,Istanbul,582,12.25,193.95,None
803,2026-02-19 10:00:00,2026-02-20 16:00:00,2026-02-20 03:47:43.370927,Delivered,5,2,Next Day,Konya,182,9.18,77.97,None
804,2026-02-19 16:00:00,2026-02-20 22:00:00,2026-02-20 11:20:55.093706,Delivered,4,1,Next Day,Eskisehir,147,7.47,235.87,None
805,2026-02-19 09:15:00,2026-02-19 19:15:00,2026-02-21 02:03:34.394505,Delivered,2,4,Same Day,Izmir,538,18.43,315.15,Hub Congestion
806,2026-02-19 08:00:00,2026-02-22 08:00:00,2026-02-23 07:50:35.262337,Delivered,5,2,Standard,Antalya,641,5.35,291.26,Address Issue
807,2026-02-19 13:15:00,2026-02-22 13:15:00,2026-02-24 16:55:55.710974,Delivered,2,2,Standard,Adana,185,14.42,278.18,Hub Congestion
808,2026-02-19 13:00:00,2026-02-20 19:00:00,2026-02-20 09:30:27.594085,Delivered,6,1,Next Day,Antalya,192,11.04,164.6,None
809,2026-02-19 16:30:00,2026-02-20 22:30:00,2026-02-20 04:39:16.872411,Delivered,1,3,Next Day,Ankara,126,8.5,268.64,None
810,2026-02-19 10:45:00,2026-02-22 10:45:00,2026-02-22 01:46:33.798532,Delivered,3,2,Standard,Mersin,596,12.48,38.74,None
811,2026-02-19 17:00:00,2026-02-20 23:00:00,2026-02-20 15:50:59.192963,Delivered,1,2,Next Day,Antalya,729,16.38,132.88,None
812,2026-02-19 09:00:00,2026-02-22 09:00:00,2026-02-22 01:50:55.351614,Delivered,2,1,Standard,Adana,687,13.62,194.45,None
813,2026-02-19 09:15:00,2026-02-22 09:15:00,2026-02-21 23:51:54.638450,Delivered,5,1,Standard,Gaziantep,298,9.61,72.39,None
814,2026-02-20 17:00:00,2026-02-23 17:00:00,2026-02-23 08:46:38.697693,Delivered,5,1,Standard,Mersin,510,14.5,302.6,None
815,2026-02-20 14:30:00,2026-02-23 14:30:00,2026-02-23 05:22:57.473335,Delivered,5,3,Standard,Eskisehir,391,12.92,110.06,None
816,2026-02-20 13:00:00,2026-02-23 13:00:00,2026-02-22 23:33:16.958262,Delivered,1,2,Standard,Konya,296,9.04,120.14,None
817,2026-02-20 10:30:00,2026-02-23 10:30:00,2026-02-23 16:47:29.881938,Delivered,4,2,Standard,Konya,617,5.83,29.54,Carrier Capacity
818,2026-02-20 13:00:00,2026-02-21 19:00:00,2026-02-21 01:50:53.584973,Delivered,1,3,Next Day,Istanbul,628,12.76,289.75,None
819,2026-02-20 18:30:00,2026-02-23 18:30:00,2026-02-23 04:55:14.930995,Delivered,2,1,Standard,Antalya,132,14.85,251.22,None
820,2026-02-20 15:30:00,2026-02-21 21:30:00,2026-02-21 15:37:31.645864,Delivered,5,2,Next Day,Ankara,217,14.64,73.2,None
821,2026-02-20 09:45:00,2026-02-21 15:45:00,2026-02-21 02:13:29.077468,Delivered,2,1,Next Day,Konya,15,16.23,270.89,None
822,2026-02-20 16:45:00,2026-02-23 16:45:00,2026-02-23 12:01:31.669883,Delivered,3,2,Standard,Konya,128,14.37,233.38,None
823,2026-02-20 15:15:00,2026-02-21 21:15:00,2026-02-21 06:59:11.764905,Delivered,5,3,Next Day,Antalya,757,8.12,317.91,None
824,2026-02-20 07:45:00,2026-02-21 13:45:00,2026-02-22 22:19:49.775994,Delivered,4,4,Next Day,Ankara,636,13.28,276.7,Weather
825,2026-02-20 14:15:00,2026-02-21 20:15:00,2026-02-21 07:22:55.248412,Delivered,1,2,Next Day,Konya,49,13.64,83.34,None
826,2026-02-20 16:00:00,2026-02-21 02:00:00,2026-02-20 19:05:12.284817,Delivered,6,1,Same Day,Izmir,59,23.35,162.42,None
827,2026-02-20 08:15:00,2026-02-23 08:15:00,2026-02-22 19:35:58.711641,Delivered,4,4,Standard,Adana,184,5.08,20.45,None
828,2026-02-20 18:15:00,2026-02-23 18:15:00,2026-02-23 15:45:16.361735,Delivered,2,1,Standard,Konya,776,5.43,102.66,None
829,2026-02-20 10:15:00,2026-02-23 10:15:00,2026-02-23 13:19:25.591988,Delivered,4,2,Standard,Adana,292,12.3,178.42,Address Issue
830,2026-02-20 15:00:00,2026-02-21 21:00:00,2026-02-22 01:18:10.566922,Delivered,4,1,Next Day,Gaziantep,22,7.73,55.77,Customer Unavailable
831,2026-02-20 15:45:00,2026-02-23 15:45:00,2026-02-23 07:49:54.183522,Delivered,1,4,Standard,Ankara,633,15.68,247.57,None
832,2026-02-20 17:00:00,2026-02-23 17:00:00,2026-02-23 06:57:48.530936,Delivered,1,1,Standard,Adana,379,3.6,74.94,None
833,2026-02-20 11:30:00,2026-02-23 11:30:00,2026-02-22 19:36:56.769213,Delivered,4,3,Standard,Antalya,297,4.22,85.49,None
834,2026-02-20 12:45:00,2026-02-23 12:45:00,2026-02-22 23:02:41.812565,Delivered,1,4,Standard,Konya,36,13.03,268.88,None
835,2026-02-20 11:45:00,2026-02-21 17:45:00,2026-02-21 03:07:56.364828,Delivered,2,3,Next Day,Antalya,56,5.52,293.39,None
836,2026-02-20 10:15:00,2026-02-23 10:15:00,2026-02-22 17:31:24.607367,Delivered,1,1,Standard,Eskisehir,518,8.4,174.6,None
837,2026-02-21 18:45:00,2026-02-23 00:45:00,2026-02-22 23:23:47.453130,Delivered,2,3,Next Day,Adana,611,9.58,302.88,None
838,2026-02-21 16:30:00,2026-02-22 02:30:00,2026-02-23 14:21:53.742138,Delivered,1,1,Same Day,Izmir,678,13.91,303.93,Carrier Capacity
839,2026-02-21 12:45:00,2026-02-22 18:45:00,2026-02-22 09:11:51.730950,Delivered,3,4,Next Day,Eskisehir,771,16.42,266.64,None
840,2026-02-21 14:30:00,2026-02-24 14:30:00,2026-02-24 09:38:43.278259,Delivered,1,3,Standard,Bursa,389,7.42,227.69,None
841,2026-02-21 14:45:00,2026-02-22 20:45:00,2026-02-22 07:10:49.747265,Delivered,1,1,Next Day,Antalya,370,12.97,165.95,None
842,2026-02-21 13:00:00,2026-02-24 13:00:00,2026-02-24 08:28:02.497313,Delivered,6,2,Standard,Mersin,617,11.32,129.47,None
843,2026-02-21 17:30:00,2026-02-24 17:30:00,2026-02-24 14:45:28.252881,Delivered,3,1,Standard,Eskisehir,575,4.54,84.05,None
844,2026-02-21 13:00:00,2026-02-24 13:00:00,2026-02-24 04:57:38.889396,Delivered,5,3,Standard,Mersin,606,4.47,82.26,None
845,2026-02-21 14:15:00,2026-02-24 14:15:00,2026-02-24 08:04:12.057386,Delivered,5,2,Standard,Eskisehir,103,3.76,128.7,None
846,2026-02-21 13:15:00,2026-02-24 13:15:00,2026-02-24 04:25:47.235081,Delivered,1,2,Standard,Gaziantep,316,10.37,191.23,None
847,2026-02-21 16:00:00,2026-02-22 22:00:00,2026-02-22 12:04:48.079723,Delivered,1,3,Next Day,Istanbul,584,12.45,159.9,None
848,2026-02-21 16:30:00,2026-02-24 16:30:00,2026-02-24 03:50:49.317753,Delivered,1,2,Standard,Mersin,398,3.98,29.49,None
849,2026-02-21 18:15:00,2026-02-23 00:15:00,2026-02-24 10:14:24.590294,Delivered,2,1,Next Day,Konya,162,15.16,53.93,Weather
850,2026-02-21 17:45:00,2026-02-22 23:45:00,2026-02-22 10:42:12.338427,Delivered,3,2,Next Day,Konya,648,16.47,198.23,None
851,2026-02-21 13:15:00,2026-02-22 19:15:00,2026-02-23 21:51:48.662337,Delivered,4,4,Next Day,Adana,16,13.05,90.77,Carrier Capacity
852,2026-02-21 11:00:00,2026-02-24 11:00:00,2026-02-24 05:55:16.538957,Delivered,2,1,Standard,Konya,302,13.92,143.8,None
853,2026-02-21 17:30:00,2026-02-24 17:30:00,2026-02-24 11:13:58.515133,Delivered,4,1,Standard,Adana,261,9.01,170.43,None
854,2026-02-21 17:00:00,2026-02-24 17:00:00,2026-02-24 05:46:36.379947,Delivered,1,2,Standard,Gaziantep,536,12.13,76.86,None
855,2026-02-21 17:45:00,2026-02-24 17:45:00,2026-02-24 05:13:53.253181,Delivered,1,3,Standard,Antalya,362,16.33,300.35,None
856,2026-02-22 15:45:00,2026-02-25 15:45:00,2026-02-25 05:36:13.679610,Delivered,4,3,Standard,Bursa,155,14.61,110.79,None
857,2026-02-22 07:00:00,2026-02-23 13:00:00,2026-02-22 23:22:46.764647,Delivered,1,4,Next Day,Eskisehir,382,12.68,88.27,None
858,2026-02-22 10:00:00,2026-02-23 16:00:00,2026-02-23 03:41:24.810192,Delivered,3,1,Next Day,Ankara,372,8.13,305.15,None
859,2026-02-22 13:15:00,2026-02-23 19:15:00,2026-02-23 15:04:45.740171,Delivered,3,2,Next Day,Bursa,206,5.71,46.17,None
860,2026-02-22 16:45:00,2026-02-23 22:45:00,2026-02-24 18:38:23.900969,Delivered,2,4,Next Day,Antalya,413,8.98,27.42,Address Issue
861,2026-02-22 09:30:00,2026-02-23 15:30:00,2026-02-23 06:59:37.691880,Delivered,5,2,Next Day,Gaziantep,761,14.41,197.04,None
862,2026-02-22 14:45:00,2026-02-25 14:45:00,2026-02-25 02:04:29.082946,Delivered,6,2,Standard,Antalya,409,3.62,90.75,None
863,2026-02-22 17:00:00,2026-02-25 17:00:00,2026-02-26 21:53:10.442263,Delivered,1,3,Standard,Mersin,236,3.92,101.43,Address Issue
864,2026-02-22 07:15:00,2026-02-23 13:15:00,2026-02-23 22:58:54.168001,Delivered,3,2,Next Day,Istanbul,90,6.96,303.68,Carrier Capacity
865,2026-02-22 12:30:00,2026-02-25 12:30:00,2026-02-25 08:34:30.469154,Delivered,2,1,Standard,Mersin,502,8.96,99.75,None
866,2026-02-22 14:15:00,2026-02-25 14:15:00,2026-02-25 21:59:29.049817,Delivered,5,2,Standard,Ankara,751,7.84,254.08,Carrier Capacity
867,2026-02-22 17:15:00,2026-02-23 23:15:00,2026-02-24 08:23:15.019404,Delivered,3,2,Next Day,Konya,54,14.33,31.0,Carrier Capacity
868,2026-02-22 08:30:00,2026-02-23 14:30:00,2026-02-23 03:01:55.229377,Delivered,6,1,Next Day,Eskisehir,377,9.76,214.04,None
869,2026-02-22 12:15:00,2026-02-25 12:15:00,2026-02-25 07:24:27.576461,Delivered,1,2,Standard,Konya,218,9.6,96.52,None
870,2026-02-22 16:15:00,2026-02-23 22:15:00,2026-02-25 17:03:13.543162,Delivered,3,1,Next Day,Konya,164,5.32,181.43,Address Issue
871,2026-02-22 10:45:00,2026-02-25 10:45:00,2026-02-24 22:44:59.129293,Delivered,1,2,Standard,Ankara,98,13.34,153.45,None
872,2026-02-23 08:30:00,2026-02-24 14:30:00,2026-02-24 04:40:57.495859,Delivered,1,1,Next Day,Konya,468,15.83,193.07,None
873,2026-02-23 13:00:00,2026-02-26 13:00:00,2026-02-26 09:53:36.187439,Delivered,5,4,Standard,Antalya,308,15.94,70.71,None
874,2026-02-23 13:00:00,2026-02-26 13:00:00,2026-02-26 03:27:16.683893,Delivered,2,3,Standard,Adana,316,12.34,149.42,None
875,2026-02-23 14:00:00,2026-02-26 14:00:00,2026-02-26 06:20:44.941426,Delivered,3,1,Standard,Bursa,588,7.85,277.11,None
876,2026-02-23 18:45:00,2026-02-24 04:45:00,2026-02-23 23:02:02.528086,Delivered,1,2,Same Day,Izmir,483,10.81,243.06,None
877,2026-02-23 15:15:00,2026-02-24 01:15:00,2026-02-23 15:02:33.086464,Delivered,2,2,Same Day,Bursa,304,19.22,253.33,None
878,2026-02-23 07:45:00,2026-02-23 17:45:00,2026-02-23 13:32:09.770758,Delivered,3,4,Same Day,Eskisehir,260,12.98,314.75,None
879,2026-02-23 10:45:00,2026-02-26 10:45:00,2026-02-25 18:48:42.259959,Delivered,2,4,Standard,Konya,463,12.92,298.87,None
880,2026-02-23 16:30:00,2026-02-26 16:30:00,2026-02-26 05:05:11.204511,Delivered,1,3,Standard,Istanbul,503,14.51,253.75,None
881,2026-02-23 18:15:00,2026-02-26 18:15:00,2026-02-26 04:12:55.510463,Delivered,2,4,Standard,Eskisehir,427,8.87,42.64,None
882,2026-02-23 12:45:00,2026-02-23 22:45:00,2026-02-23 11:58:07.353653,Delivered,2,1,Same Day,Bursa,217,14.15,84.81,None
883,2026-02-23 11:45:00,2026-02-23 21:45:00,2026-02-25 15:28:08.522312,Delivered,1,3,Same Day,Gaziantep,92,12.4,288.68,Address Issue
884,2026-02-23 16:15:00,2026-02-26 16:15:00,2026-02-25 23:28:10.261572,Delivered,1,1,Standard,Konya,197,8.44,175.48,None
885,2026-02-23 12:15:00,2026-02-24 18:15:00,2026-02-24 06:16:46.673805,Delivered,1,1,Next Day,Mersin,444,3.87,24.19,None
886,2026-02-23 14:30:00,2026-02-24 20:30:00,2026-02-24 08:54:25.953442,Delivered,1,2,Next Day,Bursa,522,12.31,94.58,None
887,2026-02-23 07:00:00,2026-02-24 13:00:00,2026-02-24 08:12:01.500971,Delivered,6,4,Next Day,Gaziantep,647,5.52,64.37,None
888,2026-02-23 07:15:00,2026-02-26 07:15:00,2026-02-28 05:33:31.116810,Delivered,2,3,Standard,Gaziantep,348,4.05,297.31,Hub Congestion
889,2026-02-23 15:30:00,2026-02-26 15:30:00,2026-02-25 22:00:53.364925,Delivered,3,2,Standard,Konya,741,4.99,254.31,None
890,2026-02-23 08:00:00,2026-02-26 08:00:00,2026-02-25 18:04:07.754659,Delivered,5,3,Standard,Ankara,392,6.33,179.07,None
891,2026-02-23 11:15:00,2026-02-26 11:15:00,2026-02-26 06:11:07.200593,Delivered,5,2,Standard,Eskisehir,422,4.83,130.92,None
892,2026-02-24 08:00:00,2026-02-27 08:00:00,2026-02-27 04:20:01.649736,Delivered,2,2,Standard,Mersin,143,11.33,131.26,None
893,2026-02-24 10:15:00,2026-02-24 20:15:00,2026-02-24 14:42:54.508131,Delivered,1,3,Same Day,Antalya,337,13.84,259.61,None
894,2026-02-24 17:30:00,2026-02-25 23:30:00,2026-02-27 12:43:16.274981,Delivered,4,2,Next Day,Bursa,331,14.75,259.48,Carrier Capacity
895,2026-02-24 15:15:00,2026-02-27 15:15:00,2026-02-28 12:05:17.456288,Delivered,1,1,Standard,Antalya,9,8.28,199.99,Weather
896,2026-02-24 08:15:00,2026-02-25 14:15:00,2026-02-24 23:13:35.019316,Delivered,6,4,Next Day,Ankara,626,12.96,162.38,None
897,2026-02-24 16:15:00,2026-02-25 22:15:00,2026-02-25 20:54:29.795483,Delivered,5,2,Next Day,Adana,36,13.62,183.6,None
898,2026-02-24 08:45:00,2026-02-27 08:45:00,2026-02-26 23:56:10.522369,Delivered,6,2,Standard,Izmir,404,13.11,86.98,None
899,2026-02-24 08:30:00,2026-02-27 08:30:00,,Failed,1,1,Standard,Konya,514,10.04,189.21,None
900,2026-02-24 16:15:00,2026-02-25 02:15:00,2026-02-24 12:02:36.030886,Delivered,1,4,Same Day,Konya,478,16.09,160.43,None
901,2026-02-24 09:30:00,2026-02-25 15:30:00,2026-02-25 13:57:14.919967,Delivered,1,2,Next Day,Ankara,536,4.17,111.76,None
902,2026-02-24 08:15:00,2026-02-27 08:15:00,2026-02-27 05:27:25.120270,Delivered,2,2,Standard,Gaziantep,267,14.27,240.07,None
903,2026-02-24 10:45:00,2026-02-27 10:45:00,2026-02-27 09:33:15.898531,Delivered,4,4,Standard,Izmir,474,11.81,209.57,None
904,2026-02-24 17:30:00,2026-02-25 23:30:00,2026-02-25 15:59:32.511993,Delivered,4,2,Next Day,Mersin,318,5.31,148.37,None
905,2026-02-24 12:00:00,2026-02-27 12:00:00,2026-02-26 20:41:38.536155,Delivered,4,4,Standard,Antalya,263,9.53,289.94,None
906,2026-02-25 16:15:00,2026-02-28 16:15:00,2026-03-01 03:35:53.512067,Delivered,2,3,Standard,Izmir,712,11.24,20.61,Carrier Capacity
907,2026-02-25 08:15:00,2026-02-26 14:15:00,2026-02-26 06:11:32.100888,Delivered,2,3,Next Day,Konya,596,5.74,150.46,None
908,2026-02-25 10:15:00,2026-02-26 16:15:00,2026-02-26 12:47:33.148868,Delivered,1,3,Next Day,Mersin,205,14.25,250.88,None
909,2026-02-25 14:15:00,2026-02-28 14:15:00,2026-02-28 04:44:58.821259,Delivered,5,2,Standard,Antalya,68,5.38,68.76,None
910,2026-02-25 17:30:00,2026-02-26 23:30:00,2026-02-26 12:47:32.707277,Delivered,6,1,Next Day,Mersin,346,5.72,112.11,None
911,2026-02-25 07:00:00,2026-02-26 13:00:00,2026-02-26 02:15:29.337284,Delivered,1,1,Next Day,Bursa,55,3.98,179.08,None
912,2026-02-25 12:00:00,2026-02-28 12:00:00,2026-03-01 05:32:35.023200,Delivered,2,1,Standard,Antalya,506,6.07,114.06,Weather
913,2026-02-25 11:00:00,2026-02-28 11:00:00,2026-02-28 06:40:39.402447,Delivered,3,1,Standard,Istanbul,556,7.28,151.64,None
914,2026-02-25 17:45:00,2026-02-26 23:45:00,2026-02-26 08:59:18.495003,Delivered,4,2,Next Day,Konya,508,10.07,256.4,None
915,2026-02-25 17:00:00,2026-02-26 23:00:00,2026-02-26 14:18:02.661289,Delivered,5,1,Next Day,Gaziantep,374,10.25,110.1,None
916,2026-02-25 11:45:00,2026-02-26 17:45:00,2026-02-28 15:12:07.964663,Delivered,2,2,Next Day,Konya,496,11.95,28.22,Hub Congestion
917,2026-02-25 16:15:00,2026-02-28 16:15:00,2026-02-28 14:14:04.667497,Delivered,1,2,Standard,Mersin,230,6.03,131.38,None
918,2026-02-25 08:00:00,2026-02-26 14:00:00,2026-02-26 01:36:26.791740,Delivered,1,2,Next Day,Izmir,577,13.61,160.33,None
919,2026-02-25 16:15:00,2026-02-26 22:15:00,2026-02-26 17:55:44.215625,Delivered,5,3,Next Day,Konya,415,8.28,144.07,None
920,2026-02-25 17:00:00,2026-02-26 23:00:00,,Failed,2,1,Next Day,Antalya,274,14.99,101.13,None
921,2026-02-25 11:15:00,2026-02-28 11:15:00,2026-02-28 02:56:24.818637,Delivered,5,1,Standard,Konya,269,13.26,175.72,None
922,2026-02-25 08:00:00,2026-02-26 14:00:00,2026-02-27 08:06:34.925446,Delivered,5,2,Next Day,Eskisehir,399,5.18,289.51,Weather
923,2026-02-25 15:00:00,2026-02-26 21:00:00,2026-02-26 11:51:49.258502,Delivered,2,1,Next Day,Adana,153,9.63,247.16,None
924,2026-02-25 15:30:00,2026-02-28 15:30:00,2026-02-28 05:40:39.867865,Delivered,2,1,Standard,Ankara,576,6.51,318.91,None
925,2026-02-26 16:15:00,2026-03-01 16:15:00,2026-03-02 03:18:06.736670,Delivered,6,2,Standard,Ankara,330,14.66,204.64,Weather
926,2026-02-26 17:45:00,2026-02-27 23:45:00,2026-02-27 08:29:46.281612,Delivered,1,2,Next Day,Adana,409,11.7,199.82,None
927,2026-02-26 18:45:00,2026-02-28 00:45:00,2026-02-27 19:07:15.709418,Delivered,4,4,Next Day,Antalya,90,5.19,268.0,None
928,2026-02-26 07:15:00,2026-03-01 07:15:00,2026-02-28 16:59:21.278137,Delivered,5,1,Standard,Bursa,402,5.21,194.14,None
929,2026-02-26 10:45:00,2026-02-27 16:45:00,2026-02-27 04:58:34.021557,Delivered,6,4,Next Day,Gaziantep,191,13.82,165.03,None
930,2026-02-26 11:00:00,2026-03-01 11:00:00,2026-03-01 08:00:03.868358,Delivered,3,4,Standard,Konya,80,6.53,292.09,None
931,2026-02-26 17:15:00,2026-02-27 23:15:00,2026-02-27 11:25:42.802837,Delivered,4,3,Next Day,Eskisehir,463,13.25,18.27,None
932,2026-02-26 09:30:00,2026-02-26 19:30:00,2026-02-26 06:46:53.251781,Delivered,1,2,Same Day,Istanbul,293,14.53,237.36,None
933,2026-02-26 13:15:00,2026-02-27 19:15:00,2026-02-28 12:38:21.032720,Delivered,3,2,Next Day,Istanbul,12,6.87,160.26,Weather
934,2026-02-26 14:00:00,2026-03-01 14:00:00,2026-03-01 09:43:34.689736,Delivered,4,1,Standard,Antalya,705,7.76,153.68,None
935,2026-02-26 07:45:00,2026-02-27 13:45:00,2026-02-27 08:14:35.765030,Delivered,5,1,Next Day,Antalya,243,12.2,57.63,None
936,2026-02-26 09:00:00,2026-03-01 09:00:00,2026-02-28 21:24:08.218288,Delivered,3,3,Standard,Istanbul,293,8.69,292.21,None
937,2026-02-26 16:00:00,2026-02-27 22:00:00,2026-02-27 15:20:38.752054,Delivered,2,4,Next Day,Eskisehir,266,8.62,300.17,None
938,2026-02-26 14:30:00,2026-02-27 20:30:00,2026-02-27 16:09:48.280248,Delivered,3,2,Next Day,Istanbul,85,4.87,167.05,None
939,2026-02-26 14:45:00,2026-03-01 14:45:00,2026-03-01 22:34:00.026870,Delivered,1,4,Standard,Bursa,363,13.49,300.66,Customer Unavailable
940,2026-02-26 08:30:00,2026-03-01 08:30:00,2026-02-28 19:31:51.658289,Delivered,5,4,Standard,Istanbul,596,3.79,80.49,None
941,2026-02-26 07:15:00,2026-02-27 13:15:00,2026-02-26 23:14:36.199488,Delivered,3,3,Next Day,Izmir,626,11.19,140.32,None
942,2026-02-26 11:15:00,2026-03-01 11:15:00,2026-02-28 23:07:38.620506,Delivered,1,3,Standard,Antalya,396,10.23,267.55,None
943,2026-02-26 15:45:00,2026-03-01 15:45:00,2026-03-01 12:57:38.041708,Delivered,6,3,Standard,Antalya,434,15.89,113.33,None
944,2026-02-26 11:30:00,2026-02-27 17:30:00,2026-02-27 03:56:45.974052,Delivered,5,1,Next Day,Adana,23,10.72,266.02,None
945,2026-02-27 12:15:00,2026-03-02 12:15:00,2026-03-04 05:35:29.869030,Delivered,2,3,Standard,Adana,289,5.75,269.78,Hub Congestion
946,2026-02-27 15:15:00,2026-03-02 15:15:00,2026-03-03 13:59:23.622267,Delivered,4,4,Standard,Mersin,567,16.46,276.85,Address Issue
947,2026-02-27 13:45:00,2026-03-02 13:45:00,2026-03-02 06:02:59.252927,Delivered,2,2,Standard,Antalya,34,11.67,66.64,None
948,2026-02-27 09:00:00,2026-02-28 15:00:00,2026-02-28 04:15:00.980946,Delivered,2,4,Next Day,Izmir,301,11.04,48.23,None
949,2026-02-27 18:00:00,2026-03-02 18:00:00,2026-03-02 11:40:06.597295,Delivered,6,4,Standard,Adana,663,7.18,83.63,None
950,2026-02-27 16:00:00,2026-03-02 16:00:00,2026-03-01 23:04:57.445586,Delivered,5,1,Standard,Konya,118,5.48,254.95,None
951,2026-02-27 10:00:00,2026-03-02 10:00:00,2026-03-02 06:11:19.021090,Delivered,6,2,Standard,Ankara,735,3.81,305.74,None
952,2026-02-27 13:15:00,2026-03-02 13:15:00,2026-03-02 09:15:37.674927,Delivered,2,2,Standard,Eskisehir,211,11.16,138.84,None
953,2026-02-27 16:00:00,2026-02-28 22:00:00,2026-03-01 16:19:53.328431,Delivered,1,2,Next Day,Gaziantep,343,3.77,303.24,Weather
954,2026-02-27 13:00:00,2026-03-02 13:00:00,2026-03-01 23:57:57.210517,Delivered,5,3,Standard,Bursa,457,15.0,184.1,None
955,2026-02-27 10:30:00,2026-02-27 20:30:00,2026-02-27 16:52:33.645123,Delivered,2,3,Same Day,Konya,330,19.48,213.63,None
956,2026-02-27 15:30:00,2026-02-28 21:30:00,2026-02-28 03:35:04.019217,Delivered,2,1,Next Day,Mersin,310,16.12,267.19,None
957,2026-02-27 18:30:00,2026-03-02 18:30:00,2026-03-02 02:37:02.341195,Delivered,5,4,Standard,Eskisehir,768,12.95,319.05,None
958,2026-02-27 07:45:00,2026-03-02 07:45:00,2026-03-01 13:50:56.362134,Delivered,1,1,Standard,Bursa,739,3.76,45.04,None
959,2026-02-27 16:00:00,2026-02-28 22:00:00,2026-02-28 11:37:35.692880,Delivered,4,1,Next Day,Eskisehir,623,4.61,214.21,None
960,2026-02-27 18:00:00,2026-03-02 18:00:00,,Failed,4,2,Standard,Ankara,119,4.0,284.53,Hub Congestion
961,2026-02-27 18:30:00,2026-02-28 04:30:00,2026-02-28 01:50:47.943101,Delivered,5,2,Same Day,Antalya,400,18.91,57.63,None
962,2026-02-27 12:30:00,2026-03-02 12:30:00,2026-03-02 01:01:38.001093,Delivered,4,2,Standard,Gaziantep,197,13.78,67.05,None
963,2026-02-27 14:00:00,2026-03-02 14:00:00,2026-03-02 04:10:06.331037,Delivered,2,1,Standard,Mersin,733,15.73,244.34,None
964,2026-02-28 10:00:00,2026-03-01 16:00:00,2026-03-01 02:50:42.097817,Delivered,1,1,Next Day,Konya,662,7.08,30.68,None
965,2026-02-28 11:00:00,2026-03-03 11:00:00,2026-03-02 23:50:04.855145,Delivered,5,1,Standard,Adana,420,7.51,21.57,None
966,2026-02-28 14:30:00,2026-03-01 00:30:00,2026-02-28 09:49:53.179906,Delivered,3,3,Same Day,Ankara,436,11.97,148.51,None
967,2026-02-28 18:00:00,2026-03-02 00:00:00,2026-03-02 15:41:57.681982,Delivered,4,2,Next Day,Antalya,525,5.82,193.7,Carrier Capacity
968,2026-02-28 15:15:00,2026-03-01 21:15:00,2026-03-01 18:40:48.493279,Delivered,4,4,Next Day,Gaziantep,442,13.78,75.01,None
969,2026-02-28 07:00:00,2026-03-03 07:00:00,2026-03-03 20:52:31.202352,Delivered,2,4,Standard,Bursa,456,6.13,140.45,Address Issue
970,2026-02-28 09:30:00,2026-03-01 15:30:00,2026-03-01 09:13:15.014902,Delivered,1,1,Next Day,Bursa,660,14.56,290.51,None
971,2026-02-28 12:15:00,2026-02-28 22:15:00,2026-03-02 00:52:18.156085,Delivered,5,3,Same Day,Eskisehir,599,15.06,48.59,Vehicle Breakdown
972,2026-02-28 12:15:00,2026-03-01 18:15:00,2026-03-01 09:11:39.754449,Delivered,1,3,Next Day,Izmir,559,4.47,306.29,None
973,2026-02-28 08:15:00,2026-02-28 18:15:00,2026-02-28 11:31:34.769986,Delivered,1,1,Same Day,Eskisehir,526,15.71,139.45,None
974,2026-02-28 12:00:00,2026-03-01 18:00:00,2026-03-01 16:40:18.751749,Delivered,4,2,Next Day,Gaziantep,87,9.57,243.53,None
975,2026-03-01 18:45:00,2026-03-04 18:45:00,2026-03-04 08:18:04.018385,Delivered,3,3,Standard,Istanbul,750,11.09,123.84,None
976,2026-03-01 12:15:00,2026-03-02 18:15:00,2026-03-02 14:04:30.246491,Delivered,3,4,Next Day,Mersin,28,13.39,274.92,None
977,2026-03-01 18:45:00,2026-03-03 00:45:00,2026-03-02 16:12:04.080309,Delivered,1,1,Next Day,Adana,54,11.25,126.45,None
978,2026-03-01 07:15:00,2026-03-02 13:15:00,2026-03-03 20:52:17.822083,Delivered,3,2,Next Day,Adana,427,13.82,178.89,Carrier Capacity
979,2026-03-01 15:45:00,2026-03-02 21:45:00,2026-03-03 09:38:31.413644,Delivered,1,1,Next Day,Gaziantep,284,11.11,163.47,Address Issue
980,2026-03-01 08:00:00,2026-03-02 14:00:00,2026-03-02 06:50:47.782335,Delivered,1,4,Next Day,Konya,581,7.17,45.69,None
981,2026-03-01 08:30:00,2026-03-01 18:30:00,2026-03-01 05:29:52.406279,Delivered,4,3,Same Day,Istanbul,702,12.25,141.56,None
982,2026-03-01 07:30:00,2026-03-04 07:30:00,2026-03-03 18:22:13.090523,Delivered,1,2,Standard,Adana,379,14.31,203.04,None
983,2026-03-01 08:45:00,2026-03-04 08:45:00,2026-03-04 05:56:10.679360,Delivered,4,4,Standard,Gaziantep,186,5.19,299.8,None
984,2026-03-01 12:00:00,2026-03-04 12:00:00,2026-03-04 02:05:56.949357,Delivered,1,1,Standard,Adana,458,5.47,267.15,None
985,2026-03-01 15:00:00,2026-03-04 15:00:00,2026-03-04 11:57:59.233342,Delivered,4,1,Standard,Istanbul,221,14.68,276.86,None
986,2026-03-01 08:45:00,2026-03-01 18:45:00,2026-03-02 19:04:08.907536,Delivered,5,2,Same Day,Gaziantep,65,14.95,271.78,Customer Unavailable
987,2026-03-01 08:30:00,2026-03-01 18:30:00,2026-03-01 12:44:27.888891,Delivered,6,3,Same Day,Bursa,709,15.05,220.42,None
988,2026-03-01 15:45:00,2026-03-04 15:45:00,2026-03-03 23:38:18.824845,Delivered,6,1,Standard,Gaziantep,186,15.56,244.04,None
989,2026-03-01 12:45:00,2026-03-04 12:45:00,2026-03-04 02:17:37.084632,Delivered,2,1,Standard,Adana,691,8.92,299.11,None
990,2026-03-01 10:15:00,2026-03-04 10:15:00,2026-03-04 08:11:06.653689,Delivered,6,3,Standard,Konya,736,11.01,56.36,None
991,2026-03-02 13:30:00,2026-03-03 19:30:00,2026-03-03 18:00:10.870386,Delivered,3,3,Next Day,Ankara,72,5.33,159.19,None
992,2026-03-02 15:30:00,2026-03-05 15:30:00,2026-03-05 11:20:34.124425,Delivered,1,2,Standard,Mersin,195,13.89,211.9,None
993,2026-03-02 09:15:00,2026-03-03 15:15:00,2026-03-03 06:14:46.881742,Delivered,5,4,Next Day,Antalya,567,9.76,68.86,None
994,2026-03-02 10:15:00,2026-03-05 10:15:00,2026-03-05 02:05:06.815278,Delivered,5,4,Standard,Ankara,416,10.73,75.15,None
995,2026-03-02 17:45:00,2026-03-05 17:45:00,2026-03-05 00:11:59.252609,Delivered,2,3,Standard,Bursa,61,14.33,50.34,None
996,2026-03-02 12:15:00,2026-03-05 12:15:00,2026-03-04 23:29:47.547792,Delivered,2,1,Standard,Istanbul,695,5.19,184.92,None
997,2026-03-02 13:45:00,2026-03-05 13:45:00,2026-03-04 23:01:04.808083,Delivered,3,3,Standard,Antalya,269,9.9,244.79,None
998,2026-03-02 15:15:00,2026-03-03 21:15:00,2026-03-03 14:18:06.180343,Delivered,2,4,Next Day,Bursa,190,7.87,148.94,None
999,2026-03-02 08:15:00,2026-03-02 18:15:00,2026-03-03 12:55:50.735230,Delivered,1,4,Same Day,Adana,695,14.04,267.77,Hub Congestion
1000,2026-03-02 08:15:00,2026-03-03 14:15:00,,Failed,5,3,Next Day,Eskisehir,578,9.88,220.49,None
1001,2026-03-02 07:45:00,2026-03-05 07:45:00,2026-03-05 00:20:01.780492,Delivered,4,3,Standard,Bursa,617,4.59,303.58,None
1002,2026-03-02 18:30:00,2026-03-05 18:30:00,2026-03-05 08:27:53.758100,Delivered,2,2,Standard,Ankara,651,13.44,301.92,None
1003,2026-03-02 17:45:00,2026-03-05 17:45:00,2026-03-05 05:07:15.690393,Delivered,1,2,Standard,Antalya,348,12.39,21.86,None
1004,2026-03-02 12:30:00,2026-03-05 12:30:00,2026-03-05 00:56:40.977838,Delivered,1,2,Standard,Ankara,148,9.09,177.93,None
1005,2026-03-02 11:30:00,2026-03-05 11:30:00,2026-03-04 19:06:26.732821,Delivered,3,4,Standard,Adana,569,10.67,203.39,None
1006,2026-03-02 14:00:00,2026-03-03 20:00:00,2026-03-03 17:51:15.985962,Delivered,4,4,Next Day,Bursa,635,11.79,243.13,None
1007,2026-03-02 16:45:00,2026-03-05 16:45:00,2026-03-05 06:35:20.592732,Delivered,1,1,Standard,Izmir,775,9.1,307.3,None
1008,2026-03-02 14:30:00,2026-03-03 20:30:00,2026-03-03 15:54:40.225109,Delivered,3,3,Next Day,Istanbul,575,8.36,29.02,None
1009,2026-03-02 08:45:00,2026-03-05 08:45:00,2026-03-04 15:55:25.422836,Delivered,1,1,Standard,Bursa,45,4.36,49.68,None
1010,2026-03-02 17:15:00,2026-03-03 23:15:00,2026-03-03 12:46:28.737086,Delivered,1,2,Next Day,Eskisehir,656,7.36,125.37,None
1011,2026-03-02 17:30:00,2026-03-05 17:30:00,2026-03-05 06:12:25.647913,Delivered,6,2,Standard,Istanbul,20,12.0,295.91,None
1012,2026-03-02 16:15:00,2026-03-03 22:15:00,2026-03-03 07:31:21.913777,Delivered,2,2,Next Day,Izmir,432,9.8,170.87,None
1013,2026-03-03 10:15:00,2026-03-06 10:15:00,2026-03-07 01:37:07.105601,Delivered,2,4,Standard,Izmir,162,4.55,30.26,Carrier Capacity
1014,2026-03-03 12:15:00,2026-03-06 12:15:00,2026-03-06 20:26:25.923566,Delivered,2,1,Standard,Eskisehir,704,6.75,173.09,Customer Unavailable
1015,2026-03-03 14:30:00,2026-03-06 14:30:00,2026-03-06 06:15:58.094442,Delivered,5,1,Standard,Eskisehir,722,9.9,22.52,None
1016,2026-03-03 10:15:00,2026-03-06 10:15:00,2026-03-05 18:08:02.306287,Delivered,1,3,Standard,Bursa,296,9.27,315.87,None
1017,2026-03-03 09:00:00,2026-03-04 15:00:00,2026-03-04 03:54:48.176206,Delivered,5,4,Next Day,Mersin,509,13.92,161.17,None
1018,2026-03-03 15:30:00,2026-03-04 21:30:00,2026-03-06 12:01:32.852662,Delivered,4,3,Next Day,Izmir,369,4.49,235.13,Carrier Capacity
1019,2026-03-03 14:00:00,2026-03-06 14:00:00,2026-03-07 19:53:35.003327,Delivered,1,2,Standard,Adana,650,15.98,285.81,Hub Congestion
1020,2026-03-03 16:45:00,2026-03-04 22:45:00,2026-03-04 18:11:48.357001,Delivered,5,1,Next Day,Bursa,200,8.21,87.83,None
1021,2026-03-03 08:15:00,2026-03-06 08:15:00,2026-03-05 23:11:45.614272,Delivered,2,1,Standard,Gaziantep,319,14.16,62.73,None
1022,2026-03-03 17:45:00,2026-03-04 23:45:00,2026-03-04 14:50:11.859571,Delivered,6,3,Next Day,Eskisehir,345,8.88,146.12,None
1023,2026-03-03 15:30:00,2026-03-06 15:30:00,2026-03-06 09:08:47.492232,Delivered,6,1,Standard,Konya,696,13.29,283.21,None
1024,2026-03-03 07:15:00,2026-03-06 07:15:00,2026-03-05 15:36:03.422597,Delivered,3,1,Standard,Mersin,333,5.4,66.19,None
1025,2026-03-03 18:15:00,2026-03-05 00:15:00,2026-03-04 07:23:28.635851,Delivered,1,3,Next Day,Ankara,57,16.38,191.41,None
1026,2026-03-03 09:00:00,2026-03-06 09:00:00,2026-03-05 19:40:36.742956,Delivered,4,2,Standard,Izmir,206,13.17,202.48,None
1027,2026-03-03 10:45:00,2026-03-06 10:45:00,2026-03-06 00:41:47.949715,Delivered,1,2,Standard,Adana,422,15.42,38.64,None
1028,2026-03-03 18:00:00,2026-03-05 00:00:00,2026-03-04 10:57:41.245392,Delivered,6,4,Next Day,Konya,241,7.25,224.99,None
1029,2026-03-03 07:45:00,2026-03-06 07:45:00,2026-03-05 20:38:29.961448,Delivered,1,1,Standard,Adana,709,6.77,284.54,None
1030,2026-03-03 16:45:00,2026-03-04 22:45:00,,Failed,3,4,Next Day,Ankara,457,10.78,64.7,None
1031,2026-03-04 12:30:00,2026-03-07 12:30:00,2026-03-07 04:49:23.808254,Delivered,6,4,Standard,Mersin,245,3.73,300.2,None
1032,2026-03-04 16:30:00,2026-03-05 22:30:00,2026-03-05 10:19:41.148684,Delivered,1,2,Next Day,Bursa,732,4.25,288.51,None
1033,2026-03-04 12:30:00,2026-03-07 12:30:00,2026-03-07 11:28:14.290728,Delivered,3,4,Standard,Eskisehir,251,5.34,245.86,None
1034,2026-03-04 18:30:00,2026-03-06 00:30:00,2026-03-07 00:13:02.816350,Delivered,1,2,Next Day,Bursa,656,11.79,172.0,Weather
1035,2026-03-04 07:30:00,2026-03-07 07:30:00,2026-03-07 05:21:17.757140,Delivered,2,1,Standard,Adana,754,9.03,289.56,None
1036,2026-03-04 14:15:00,2026-03-05 20:15:00,2026-03-06 20:07:55.289211,Delivered,1,4,Next Day,Izmir,151,11.68,257.53,Customer Unavailable
1037,2026-03-04 16:45:00,2026-03-07 16:45:00,2026-03-08 08:42:31.192715,Delivered,4,2,Standard,Ankara,44,6.5,121.61,Hub Congestion
1038,2026-03-04 12:00:00,2026-03-07 12:00:00,2026-03-06 18:01:54.092378,Delivered,1,2,Standard,Konya,107,14.77,244.63,None
1039,2026-03-04 08:15:00,2026-03-05 14:15:00,2026-03-05 12:42:26.582962,Delivered,5,2,Next Day,Konya,709,6.42,282.09,None
1040,2026-03-04 16:30:00,2026-03-05 22:30:00,2026-03-05 12:36:50.968420,Delivered,2,1,Next Day,Eskisehir,663,15.16,122.98,None
1041,2026-03-04 18:15:00,2026-03-06 00:15:00,2026-03-05 14:32:29.659168,Delivered,1,2,Next Day,Adana,489,5.37,52.31,None
1042,2026-03-04 09:30:00,2026-03-07 09:30:00,2026-03-07 03:56:46.385040,Delivered,1,4,Standard,Konya,346,4.81,40.68,None
1043,2026-03-04 11:15:00,2026-03-07 11:15:00,2026-03-06 23:09:49.238975,Delivered,4,4,Standard,Antalya,227,12.09,71.8,None
1044,2026-03-04 14:45:00,2026-03-07 14:45:00,2026-03-06 23:28:53.165231,Delivered,1,3,Standard,Bursa,62,10.18,299.72,None
1045,2026-03-04 10:30:00,2026-03-05 16:30:00,2026-03-05 03:51:06.874985,Delivered,2,3,Next Day,Adana,290,5.93,156.69,None
1046,2026-03-04 13:00:00,2026-03-05 19:00:00,2026-03-05 14:04:11.383109,Delivered,1,1,Next Day,Gaziantep,678,14.91,213.46,None
1047,2026-03-04 13:45:00,2026-03-07 13:45:00,2026-03-06 22:11:34.736585,Delivered,1,1,Standard,Antalya,265,15.21,41.21,None
1048,2026-03-05 14:45:00,2026-03-08 14:45:00,2026-03-08 05:01:36.037070,Delivered,4,3,Standard,Eskisehir,268,12.13,169.92,None
1049,2026-03-05 10:30:00,2026-03-06 16:30:00,2026-03-06 13:40:52.394618,Delivered,1,4,Next Day,Istanbul,34,13.08,150.83,None
1050,2026-03-05 17:45:00,2026-03-06 23:45:00,2026-03-06 10:49:51.662080,Delivered,1,1,Next Day,Konya,590,14.02,222.09,None
1051,2026-03-05 07:00:00,2026-03-05 17:00:00,2026-03-05 13:10:07.953390,Delivered,3,2,Same Day,Ankara,446,10.64,297.13,None
1052,2026-03-05 16:45:00,2026-03-06 02:45:00,2026-03-06 17:36:01.900535,Delivered,4,4,Same Day,Izmir,515,21.84,54.08,Hub Congestion
1053,2026-03-05 15:15:00,2026-03-08 15:15:00,2026-03-08 00:22:34.709535,Delivered,2,2,Standard,Gaziantep,330,5.98,203.97,None
1054,2026-03-05 11:45:00,2026-03-08 11:45:00,2026-03-08 10:00:52.024335,Delivered,3,1,Standard,Izmir,63,6.33,240.99,None
1055,2026-03-05 08:15:00,2026-03-08 08:15:00,2026-03-07 20:09:08.535256,Delivered,2,4,Standard,Izmir,31,11.29,135.04,None
1056,2026-03-05 09:45:00,2026-03-06 15:45:00,2026-03-06 03:02:51.120696,Delivered,1,2,Next Day,Konya,12,9.39,180.46,None
1057,2026-03-05 15:45:00,2026-03-06 21:45:00,2026-03-06 09:39:09.566155,Delivered,1,1,Next Day,Eskisehir,583,8.37,141.97,None
1058,2026-03-05 08:15:00,2026-03-08 08:15:00,2026-03-07 19:11:52.470617,Delivered,1,2,Standard,Ankara,528,16.46,213.58,None
1059,2026-03-05 07:45:00,2026-03-08 07:45:00,2026-03-07 15:40:09.037453,Delivered,5,2,Standard,Eskisehir,563,3.82,104.93,None
1060,2026-03-06 15:00:00,2026-03-07 21:00:00,2026-03-07 17:20:52.607590,Delivered,5,2,Next Day,Izmir,197,7.7,283.54,None
1061,2026-03-06 11:15:00,2026-03-09 11:15:00,2026-03-08 19:50:44.801074,Delivered,3,2,Standard,Izmir,314,7.5,255.76,None
1062,2026-03-06 17:00:00,2026-03-07 03:00:00,2026-03-08 04:09:17.874644,Delivered,5,2,Same Day,Istanbul,711,12.92,156.84,Hub Congestion
1063,2026-03-06 15:00:00,2026-03-09 15:00:00,2026-03-09 12:33:29.317833,Delivered,5,3,Standard,Gaziantep,571,9.7,314.44,None
1064,2026-03-06 17:15:00,2026-03-07 23:15:00,2026-03-07 07:52:09.310002,Delivered,2,1,Next Day,Gaziantep,772,5.68,209.08,None
1065,2026-03-06 09:45:00,2026-03-09 09:45:00,2026-03-09 04:45:00.097047,Delivered,2,4,Standard,Istanbul,232,10.0,75.81,None
1066,2026-03-06 10:00:00,2026-03-09 10:00:00,2026-03-09 01:24:09.510730,Delivered,3,3,Standard,Eskisehir,342,10.74,23.02,None
1067,2026-03-06 10:30:00,2026-03-06 20:30:00,2026-03-06 10:43:50.392060,Delivered,2,3,Same Day,Gaziantep,757,18.66,85.93,None
1068,2026-03-06 16:15:00,2026-03-07 02:15:00,2026-03-06 19:12:48.974431,Delivered,1,3,Same Day,Istanbul,191,11.69,129.63,None
1069,2026-03-06 15:00:00,2026-03-07 01:00:00,2026-03-06 18:31:03.626721,Delivered,1,4,Same Day,Mersin,340,13.07,147.66,None
1070,2026-03-06 12:15:00,2026-03-07 18:15:00,2026-03-07 16:20:51.316952,Delivered,1,2,Next Day,Izmir,490,7.96,275.46,None
1071,2026-03-06 14:45:00,2026-03-09 14:45:00,2026-03-09 10:51:33.607454,Delivered,6,4,Standard,Antalya,680,11.3,142.72,None
1072,2026-03-06 14:15:00,2026-03-09 14:15:00,2026-03-09 08:20:14.412094,Delivered,6,3,Standard,Antalya,599,14.71,143.78,None
1073,2026-03-06 07:30:00,2026-03-06 17:30:00,2026-03-06 10:37:00.358529,Delivered,2,2,Same Day,Mersin,634,12.23,67.18,None
1074,2026-03-06 17:30:00,2026-03-09 17:30:00,2026-03-09 21:57:14.413678,Delivered,4,2,Standard,Izmir,377,5.78,146.82,Weather
1075,2026-03-06 17:00:00,2026-03-09 17:00:00,2026-03-09 12:48:21.876047,Delivered,1,1,Standard,Gaziantep,570,13.39,159.01,None
1076,2026-03-07 07:30:00,2026-03-10 07:30:00,2026-03-09 16:51:03.479824,Delivered,4,2,Standard,Adana,381,9.9,33.47,None
1077,2026-03-07 17:15:00,2026-03-08 03:15:00,2026-03-07 19:48:18.838996,Delivered,3,2,Same Day,Bursa,321,20.05,198.47,None
1078,2026-03-07 10:30:00,2026-03-08 16:30:00,2026-03-08 13:01:11.256032,Delivered,1,2,Next Day,Ankara,287,5.39,73.77,None
1079,2026-03-07 17:30:00,2026-03-08 23:30:00,2026-03-08 14:48:40.974649,Delivered,3,1,Next Day,Ankara,454,10.02,219.73,None
1080,2026-03-07 12:30:00,2026-03-08 18:30:00,2026-03-08 03:17:03.701628,Delivered,3,4,Next Day,Ankara,631,13.87,161.55,None
1081,2026-03-07 09:30:00,2026-03-08 15:30:00,2026-03-08 10:06:45.202855,Delivered,2,3,Next Day,Gaziantep,55,13.47,225.19,None
1082,2026-03-07 15:30:00,2026-03-10 15:30:00,2026-03-10 01:04:44.378424,Delivered,1,3,Standard,Bursa,665,8.09,246.76,None
1083,2026-03-07 09:30:00,2026-03-10 09:30:00,2026-03-12 08:14:03.226231,Delivered,1,3,Standard,Eskisehir,625,14.67,316.82,Hub Congestion
1084,2026-03-07 10:45:00,2026-03-10 10:45:00,2026-03-10 00:00:03.067960,Delivered,6,2,Standard,Eskisehir,230,5.97,128.04,None
1085,2026-03-07 07:45:00,2026-03-08 13:45:00,2026-03-08 10:06:00.883680,Delivered,1,1,Next Day,Adana,275,12.17,287.07,None
1086,2026-03-07 17:30:00,2026-03-08 23:30:00,2026-03-08 08:13:43.750271,Delivered,3,1,Next Day,Gaziantep,429,15.71,193.32,None
1087,2026-03-07 15:00:00,2026-03-08 01:00:00,2026-03-07 15:35:40.553979,Delivered,2,4,Same Day,Adana,745,16.04,63.46,None
1088,2026-03-07 14:15:00,2026-03-10 14:15:00,2026-03-10 01:44:53.507195,Delivered,1,3,Standard,Konya,91,11.63,296.41,None
1089,2026-03-07 12:15:00,2026-03-08 18:15:00,2026-03-08 03:46:03.796564,Delivered,5,1,Next Day,Bursa,725,4.34,214.97,None
1090,2026-03-07 18:45:00,2026-03-09 00:45:00,2026-03-08 11:12:12.500950,Delivered,6,1,Next Day,Mersin,483,8.23,126.54,None
1091,2026-03-07 12:15:00,2026-03-08 18:15:00,2026-03-08 15:08:22.228617,Delivered,3,2,Next Day,Konya,522,12.34,168.35,None
1092,2026-03-07 15:00:00,2026-03-08 21:00:00,2026-03-08 08:41:05.742224,Delivered,1,1,Next Day,Bursa,486,6.33,140.58,None
1093,2026-03-08 13:45:00,2026-03-11 13:45:00,2026-03-11 07:40:20.457646,Delivered,3,2,Standard,Antalya,102,7.92,49.38,None
1094,2026-03-08 17:45:00,2026-03-09 03:45:00,2026-03-08 12:54:47.810711,Delivered,2,3,Same Day,Mersin,79,21.44,79.75,None
1095,2026-03-08 07:30:00,2026-03-11 07:30:00,2026-03-11 02:02:26.524193,Delivered,5,4,Standard,Izmir,510,12.85,99.73,None
1096,2026-03-08 12:45:00,2026-03-08 22:45:00,2026-03-08 07:18:54.453217,Delivered,1,3,Same Day,Konya,504,18.17,266.54,None
1097,2026-03-08 17:45:00,2026-03-11 17:45:00,2026-03-11 03:37:54.880254,Delivered,6,2,Standard,Izmir,242,6.7,128.81,None
1098,2026-03-08 09:45:00,2026-03-08 19:45:00,2026-03-08 03:05:52.741658,Delivered,4,1,Same Day,Ankara,74,16.07,259.87,None
1099,2026-03-08 14:45:00,2026-03-09 20:45:00,2026-03-09 03:15:23.386499,Delivered,1,3,Next Day,Ankara,405,9.52,110.38,None
1100,2026-03-08 09:00:00,2026-03-09 15:00:00,2026-03-10 19:52:07.754303,Delivered,2,2,Next Day,Bursa,493,5.43,271.93,Weather
1101,2026-03-08 17:00:00,2026-03-09 23:00:00,2026-03-09 08:33:34.945774,Delivered,1,1,Next Day,Adana,676,9.67,145.92,None
1102,2026-03-08 13:15:00,2026-03-11 13:15:00,2026-03-11 06:05:40.799418,Delivered,6,3,Standard,Mersin,295,4.19,100.86,None
1103,2026-03-08 13:15:00,2026-03-11 13:15:00,2026-03-10 21:04:04.493484,Delivered,5,4,Standard,Izmir,315,10.9,103.52,None
1104,2026-03-08 08:15:00,2026-03-11 08:15:00,2026-03-11 01:14:36.587959,Delivered,6,3,Standard,Antalya,770,10.64,209.6,None
1105,2026-03-08 18:15:00,2026-03-10 00:15:00,2026-03-09 08:40:35.702955,Delivered,2,1,Next Day,Gaziantep,596,9.74,24.76,None
1106,2026-03-09 10:00:00,2026-03-09 20:00:00,2026-03-09 09:57:31.026338,Delivered,2,3,Same Day,Konya,160,13.43,73.95,None
1107,2026-03-09 16:00:00,2026-03-12 16:00:00,2026-03-12 03:52:43.684111,Delivered,3,4,Standard,Izmir,635,5.15,93.71,None
1108,2026-03-09 09:45:00,2026-03-09 19:45:00,2026-03-09 14:23:47.010502,Delivered,2,1,Same Day,Gaziantep,747,17.69,69.64,None
1109,2026-03-09 08:45:00,2026-03-09 18:45:00,2026-03-10 16:01:13.230763,Delivered,4,3,Same Day,Gaziantep,775,15.71,189.26,Address Issue
1110,2026-03-09 12:15:00,2026-03-12 12:15:00,2026-03-12 02:21:33.287945,Delivered,2,1,Standard,Adana,767,7.15,74.53,None
1111,2026-03-09 10:30:00,2026-03-10 16:30:00,2026-03-10 07:12:53.058433,Delivered,3,1,Next Day,Eskisehir,170,14.86,71.01,None
1112,2026-03-09 16:45:00,2026-03-12 16:45:00,2026-03-11 23:39:01.914540,Delivered,5,2,Standard,Istanbul,203,7.79,168.5,None
1113,2026-03-09 09:00:00,2026-03-10 15:00:00,2026-03-10 09:59:19.150584,Delivered,3,3,Next Day,Izmir,756,7.53,293.84,None
1114,2026-03-09 15:00:00,2026-03-10 01:00:00,2026-03-09 10:39:49.160234,Delivered,1,3,Same Day,Konya,645,19.11,244.59,None
1115,2026-03-09 14:45:00,2026-03-10 00:45:00,2026-03-09 14:15:09.347081,Delivered,2,2,Same Day,Gaziantep,72,17.51,208.62,None
1116,2026-03-09 15:15:00,2026-03-12 15:15:00,2026-03-12 11:16:56.630300,Delivered,6,2,Standard,Mersin,403,12.47,58.83,None
1117,2026-03-09 16:15:00,2026-03-12 16:15:00,2026-03-12 07:18:17.178670,Delivered,2,1,Standard,Ankara,288,14.34,290.12,None
1118,2026-03-09 12:00:00,2026-03-12 12:00:00,2026-03-11 18:56:51.587451,Delivered,2,2,Standard,Eskisehir,711,11.16,194.2,None
1119,2026-03-09 13:45:00,2026-03-12 13:45:00,2026-03-12 09:40:58.137156,Delivered,2,3,Standard,Ankara,75,14.97,297.52,None
1120,2026-03-09 07:30:00,2026-03-12 07:30:00,2026-03-11 16:10:39.323652,Delivered,3,1,Standard,Eskisehir,668,11.96,51.4,None
1121,2026-03-09 18:30:00,2026-03-12 18:30:00,2026-03-12 04:34:36.107527,Delivered,2,2,Standard,Mersin,236,11.43,80.53,None
1122,2026-03-09 18:30:00,2026-03-11 00:30:00,2026-03-12 16:02:59.018486,Delivered,5,2,Next Day,Istanbul,94,7.39,71.93,Hub Congestion
1123,2026-03-09 18:15:00,2026-03-11 00:15:00,2026-03-10 13:32:09.479380,Delivered,2,4,Next Day,Ankara,338,15.05,173.61,None
1124,2026-03-09 18:30:00,2026-03-12 18:30:00,2026-03-12 10:11:38.626983,Delivered,3,2,Standard,Istanbul,338,9.05,267.43,None
1125,2026-03-09 13:30:00,2026-03-09 23:30:00,,Failed,1,4,Same Day,Bursa,535,13.16,313.05,Customer Unavailable
1126,2026-03-10 07:00:00,2026-03-13 07:00:00,2026-03-13 03:02:15.184104,Delivered,5,3,Standard,Mersin,76,7.32,56.29,None
1127,2026-03-10 11:30:00,2026-03-11 17:30:00,2026-03-10 23:43:59.012512,Delivered,1,1,Next Day,Antalya,31,8.97,261.18,None
1128,2026-03-10 17:45:00,2026-03-11 23:45:00,2026-03-11 11:33:16.913421,Delivered,1,2,Next Day,Eskisehir,658,11.95,127.1,None
1129,2026-03-10 14:00:00,2026-03-11 00:00:00,,Failed,4,1,Same Day,Mersin,87,16.38,300.42,Weather
1130,2026-03-10 13:30:00,2026-03-10 23:30:00,2026-03-12 10:18:38.245765,Delivered,1,1,Same Day,Istanbul,406,22.95,158.07,Customer Unavailable
1131,2026-03-10 15:30:00,2026-03-11 01:30:00,2026-03-10 12:08:31.608787,Delivered,1,2,Same Day,Antalya,708,21.97,89.06,None
1132,2026-03-10 17:15:00,2026-03-11 23:15:00,2026-03-11 08:23:51.090832,Delivered,2,3,Next Day,Gaziantep,771,6.49,255.97,None
1133,2026-03-10 15:45:00,2026-03-11 21:45:00,2026-03-11 17:51:04.628404,Delivered,4,3,Next Day,Istanbul,155,12.57,195.0,None
1134,2026-03-10 13:30:00,2026-03-13 13:30:00,2026-03-13 04:56:53.664908,Delivered,3,1,Standard,Istanbul,63,13.84,50.64,None
1135,2026-03-10 11:00:00,2026-03-10 21:00:00,2026-03-10 17:59:09.114974,Delivered,2,1,Same Day,Izmir,182,22.03,232.21,None
1136,2026-03-10 15:45:00,2026-03-11 01:45:00,2026-03-11 00:22:00.382714,Delivered,1,2,Same Day,Istanbul,19,15.83,107.69,None
1137,2026-03-10 15:45:00,2026-03-11 21:45:00,2026-03-11 13:40:32.253819,Delivered,5,3,Next Day,Gaziantep,98,6.8,32.15,None
1138,2026-03-11 12:15:00,2026-03-14 12:15:00,2026-03-14 06:14:04.277792,Delivered,2,2,Standard,Gaziantep,348,4.09,86.82,None
1139,2026-03-11 08:45:00,2026-03-12 14:45:00,2026-03-12 12:26:17.182822,Delivered,4,1,Next Day,Mersin,161,7.75,123.61,None
1140,2026-03-11 12:15:00,2026-03-11 22:15:00,2026-03-11 06:44:25.586262,Delivered,1,1,Same Day,Gaziantep,308,21.35,134.95,None
1141,2026-03-11 15:30:00,2026-03-12 21:30:00,2026-03-12 19:51:30.319831,Delivered,5,4,Next Day,Izmir,113,12.43,184.41,None
1142,2026-03-11 13:45:00,2026-03-12 19:45:00,2026-03-12 05:30:01.106060,Delivered,1,2,Next Day,Adana,506,15.49,75.78,None
1143,2026-03-11 07:45:00,2026-03-14 07:45:00,2026-03-14 02:17:32.817924,Delivered,6,1,Standard,Bursa,362,10.0,212.81,None
1144,2026-03-11 08:45:00,2026-03-14 08:45:00,2026-03-13 15:30:50.851861,Delivered,1,3,Standard,Adana,729,8.66,130.95,None
1145,2026-03-11 14:45:00,2026-03-14 14:45:00,2026-03-14 02:01:25.998135,Delivered,6,4,Standard,Konya,386,15.16,126.53,None
1146,2026-03-11 13:45:00,2026-03-12 19:45:00,2026-03-12 08:13:45.934004,Delivered,2,4,Next Day,Eskisehir,693,9.42,148.71,None
1147,2026-03-11 17:00:00,2026-03-12 03:00:00,2026-03-11 11:48:12.602092,Delivered,1,3,Same Day,Konya,493,12.45,215.53,None
1148,2026-03-11 12:00:00,2026-03-12 18:00:00,2026-03-12 23:08:35.007331,Delivered,6,1,Next Day,Gaziantep,685,14.56,93.1,Address Issue
1149,2026-03-11 17:30:00,2026-03-12 23:30:00,2026-03-12 06:34:13.437960,Delivered,2,1,Next Day,Ankara,527,4.66,247.93,None
1150,2026-03-11 11:15:00,2026-03-12 17:15:00,2026-03-12 01:28:30.033034,Delivered,6,3,Next Day,Izmir,614,15.72,317.01,None
1151,2026-03-11 15:15:00,2026-03-14 15:15:00,2026-03-14 13:07:40.731275,Delivered,4,2,Standard,Adana,164,15.55,313.75,None
1152,2026-03-12 08:45:00,2026-03-15 08:45:00,2026-03-14 21:14:10.728262,Delivered,2,1,Standard,Eskisehir,699,7.72,197.83,None
1153,2026-03-12 14:45:00,2026-03-13 20:45:00,2026-03-13 18:55:12.803845,Delivered,5,2,Next Day,Antalya,699,15.19,293.03,None
1154,2026-03-12 13:30:00,2026-03-15 13:30:00,2026-03-14 20:16:09.032556,Delivered,4,2,Standard,Bursa,674,6.18,246.54,None
1155,2026-03-12 09:45:00,2026-03-15 09:45:00,2026-03-14 21:01:37.660077,Delivered,5,2,Standard,Konya,22,10.22,140.59,None
1156,2026-03-12 13:30:00,2026-03-12 23:30:00,2026-03-14 01:31:21.303606,Delivered,3,4,Same Day,Gaziantep,251,11.29,66.3,Address Issue
1157,2026-03-12 17:30:00,2026-03-15 17:30:00,2026-03-15 07:48:00.633469,Delivered,3,2,Standard,Konya,611,12.05,72.98,None
1158,2026-03-12 17:15:00,2026-03-13 03:15:00,2026-03-14 13:19:28.994647,Delivered,1,1,Same Day,Konya,751,18.19,169.56,Carrier Capacity
1159,2026-03-12 13:30:00,2026-03-13 19:30:00,2026-03-13 10:15:46.768951,Delivered,3,4,Next Day,Mersin,52,14.84,165.74,None
1160,2026-03-12 09:00:00,2026-03-13 15:00:00,2026-03-13 19:52:05.154895,Delivered,3,2,Next Day,Bursa,74,12.53,253.02,Carrier Capacity
1161,2026-03-12 10:45:00,2026-03-13 16:45:00,2026-03-13 03:05:51.254962,Delivered,3,3,Next Day,Eskisehir,192,14.47,197.29,None
1162,2026-03-12 08:00:00,2026-03-15 08:00:00,,Failed,1,2,Standard,Eskisehir,471,12.04,234.54,None
1163,2026-03-12 18:30:00,2026-03-15 18:30:00,2026-03-17 04:53:29.837553,Delivered,6,3,Standard,Mersin,750,9.81,197.76,Weather
1164,2026-03-13 16:30:00,2026-03-14 22:30:00,2026-03-14 18:00:04.942925,Delivered,1,4,Next Day,Mersin,450,14.82,170.5,None
1165,2026-03-13 15:00:00,2026-03-16 15:00:00,2026-03-15 21:33:21.865634,Delivered,3,1,Standard,Konya,268,6.8,50.64,None
1166,2026-03-13 14:15:00,2026-03-16 14:15:00,2026-03-16 12:28:44.036880,Delivered,4,4,Standard,Izmir,146,16.01,128.25,None
1167,2026-03-13 14:30:00,2026-03-16 14:30:00,2026-03-17 09:02:05.507926,Delivered,3,1,Standard,Mersin,458,9.86,271.66,Carrier Capacity
1168,2026-03-13 16:15:00,2026-03-16 16:15:00,2026-03-16 13:32:42.114415,Delivered,2,4,Standard,Mersin,304,14.58,32.84,None
1169,2026-03-13 18:15:00,2026-03-15 00:15:00,,Failed,4,4,Next Day,Antalya,191,10.71,86.82,None
1170,2026-03-13 10:15:00,2026-03-13 20:15:00,2026-03-15 00:32:35.045180,Delivered,5,4,Same Day,Mersin,438,15.68,65.04,Carrier Capacity
1171,2026-03-13 12:45:00,2026-03-16 12:45:00,2026-03-16 08:59:39.731023,Delivered,1,3,Standard,Adana,36,8.38,303.51,None
1172,2026-03-13 07:15:00,2026-03-16 07:15:00,2026-03-18 02:08:20.283225,Delivered,4,1,Standard,Gaziantep,253,8.16,117.96,Carrier Capacity
1173,2026-03-13 09:00:00,2026-03-14 15:00:00,2026-03-14 01:54:49.103340,Delivered,1,1,Next Day,Adana,46,14.89,149.74,None
1174,2026-03-13 09:45:00,2026-03-16 09:45:00,2026-03-16 03:23:30.924371,Delivered,5,3,Standard,Bursa,738,12.13,129.75,None
1175,2026-03-13 14:00:00,2026-03-14 20:00:00,2026-03-14 13:06:56.881485,Delivered,4,2,Next Day,Antalya,683,15.4,128.97,None
1176,2026-03-13 14:45:00,2026-03-16 14:45:00,2026-03-16 02:49:40.490321,Delivered,1,1,Standard,Istanbul,651,13.43,196.26,None
1177,2026-03-13 08:00:00,2026-03-16 08:00:00,2026-03-15 17:18:38.846652,Delivered,2,3,Standard,Gaziantep,594,5.38,93.2,None
1178,2026-03-13 14:00:00,2026-03-14 20:00:00,2026-03-14 16:06:29.625170,Delivered,4,4,Next Day,Bursa,313,15.22,223.02,None
1179,2026-03-14 14:30:00,2026-03-17 14:30:00,2026-03-17 04:20:49.416612,Delivered,4,2,Standard,Istanbul,10,9.36,221.81,None
1180,2026-03-14 14:30:00,2026-03-15 00:30:00,2026-03-14 10:57:57.090970,Delivered,3,1,Same Day,Eskisehir,451,17.73,87.6,None
1181,2026-03-14 17:45:00,2026-03-17 17:45:00,2026-03-17 15:10:46.197138,Delivered,6,3,Standard,Adana,746,8.73,51.92,None
1182,2026-03-14 18:30:00,2026-03-17 18:30:00,2026-03-17 07:56:02.908146,Delivered,5,3,Standard,Bursa,467,15.5,114.59,None
1183,2026-03-14 11:45:00,2026-03-15 17:45:00,2026-03-15 00:34:41.123224,Delivered,5,2,Next Day,Antalya,421,6.74,88.06,None
1184,2026-03-14 15:45:00,2026-03-15 21:45:00,,Failed,1,1,Next Day,Istanbul,764,15.53,283.59,None
1185,2026-03-14 11:15:00,2026-03-17 11:15:00,2026-03-17 02:38:16.736775,Delivered,3,1,Standard,Konya,14,4.52,218.74,None
1186,2026-03-14 18:45:00,2026-03-16 00:45:00,2026-03-15 14:29:04.986364,Delivered,3,1,Next Day,Adana,768,11.59,167.35,None
1187,2026-03-14 18:30:00,2026-03-17 18:30:00,2026-03-17 15:27:34.804871,Delivered,3,2,Standard,Eskisehir,575,14.96,91.92,None
1188,2026-03-14 07:15:00,2026-03-15 13:15:00,2026-03-15 22:35:28.437917,Delivered,1,4,Next Day,Ankara,564,13.87,240.51,Weather
1189,2026-03-14 18:30:00,2026-03-15 04:30:00,2026-03-14 12:20:40.639701,Delivered,1,3,Same Day,Mersin,666,23.02,146.21,None
1190,2026-03-14 15:45:00,2026-03-15 21:45:00,2026-03-15 11:44:54.478397,Delivered,2,3,Next Day,Ankara,192,11.97,319.03,None
1191,2026-03-14 18:30:00,2026-03-16 00:30:00,2026-03-15 15:56:49.614148,Delivered,1,2,Next Day,Adana,128,7.43,278.38,None
1192,2026-03-14 13:15:00,2026-03-15 19:15:00,2026-03-15 08:47:37.494625,Delivered,2,4,Next Day,Ankara,234,15.48,244.09,None
1193,2026-03-15 07:30:00,2026-03-15 17:30:00,2026-03-14 23:55:26.357151,Delivered,2,2,Same Day,Gaziantep,502,21.69,76.7,None
1194,2026-03-15 07:15:00,2026-03-16 13:15:00,2026-03-15 23:14:16.596799,Delivered,3,2,Next Day,Istanbul,766,6.41,215.72,None
1195,2026-03-15 11:30:00,2026-03-16 17:30:00,2026-03-16 05:17:38.746424,Delivered,3,1,Next Day,Izmir,156,14.77,26.37,None
1196,2026-03-15 10:30:00,2026-03-18 10:30:00,2026-03-17 22:51:39.559252,Delivered,2,3,Standard,Antalya,632,15.72,308.96,None
1197,2026-03-15 16:45:00,2026-03-16 22:45:00,2026-03-16 10:25:51.322140,Delivered,1,3,Next Day,Bursa,327,4.1,295.48,None
1198,2026-03-15 10:15:00,2026-03-16 16:15:00,2026-03-16 01:42:54.748951,Delivered,4,2,Next Day,Bursa,450,11.55,46.34,None
1199,2026-03-15 10:45:00,2026-03-18 10:45:00,2026-03-19 06:41:46.460177,Delivered,4,2,Standard,Izmir,258,6.93,265.04,Weather
1200,2026-03-15 11:15:00,2026-03-18 11:15:00,2026-03-17 21:20:15.914976,Delivered,1,1,Standard,Bursa,177,16.3,130.98,None
1201,2026-03-15 11:15:00,2026-03-16 17:15:00,2026-03-16 07:16:12.624525,Delivered,5,2,Next Day,Antalya,334,7.36,244.87,None
1202,2026-03-15 10:15:00,2026-03-15 20:15:00,2026-03-15 17:31:03.297239,Delivered,1,3,Same Day,Gaziantep,618,18.34,233.4,None
1203,2026-03-15 11:30:00,2026-03-15 21:30:00,2026-03-16 15:45:09.395554,Delivered,3,3,Same Day,Adana,197,15.16,75.28,Vehicle Breakdown
1204,2026-03-15 12:00:00,2026-03-18 12:00:00,,Failed,1,3,Standard,Konya,530,6.88,118.41,None
1205,2026-03-15 09:00:00,2026-03-18 09:00:00,2026-03-18 02:03:24.932501,Delivered,1,1,Standard,Izmir,746,11.48,58.55,None
1206,2026-03-15 12:15:00,2026-03-16 18:15:00,2026-03-16 16:13:44.221328,Delivered,6,2,Next Day,Istanbul,37,9.82,309.91,None
1207,2026-03-15 07:45:00,2026-03-18 07:45:00,2026-03-20 08:36:04.363369,Delivered,2,1,Standard,Antalya,717,7.89,182.07,Hub Congestion
1208,2026-03-15 16:30:00,2026-03-16 02:30:00,2026-03-15 18:35:49.085277,Delivered,1,4,Same Day,Bursa,759,19.74,319.74,None
1209,2026-03-15 12:00:00,2026-03-18 12:00:00,2026-03-17 18:18:37.175451,Delivered,4,2,Standard,Gaziantep,606,9.21,232.68,None
1210,2026-03-15 12:30:00,2026-03-18 12:30:00,2026-03-19 06:08:06.559397,Delivered,5,4,Standard,Eskisehir,127,9.95,184.3,Address Issue
1211,2026-03-15 17:45:00,2026-03-16 23:45:00,2026-03-16 12:10:12.728823,Delivered,2,2,Next Day,Konya,507,6.45,219.8,None
1212,2026-03-16 18:45:00,2026-03-19 18:45:00,2026-03-20 10:49:43.339929,Delivered,2,3,Standard,Antalya,629,5.81,135.05,Weather
1213,2026-03-16 16:30:00,2026-03-19 16:30:00,2026-03-19 07:20:11.058327,Delivered,3,1,Standard,Izmir,243,13.58,127.91,None
1214,2026-03-16 14:15:00,2026-03-17 20:15:00,2026-03-17 17:45:58.086403,Delivered,1,2,Next Day,Konya,533,7.1,317.49,None
1215,2026-03-16 15:30:00,2026-03-19 15:30:00,2026-03-18 23:20:32.383135,Delivered,3,2,Standard,Istanbul,661,4.01,112.87,None
1216,2026-03-16 16:30:00,2026-03-17 02:30:00,2026-03-16 12:55:15.799373,Delivered,5,1,Same Day,Antalya,170,13.85,37.76,None
1217,2026-03-16 18:30:00,2026-03-18 00:30:00,2026-03-17 15:15:44.977903,Delivered,1,1,Next Day,Adana,548,10.96,216.28,None
1218,2026-03-16 13:30:00,2026-03-17 19:30:00,2026-03-17 01:53:33.793588,Delivered,2,3,Next Day,Antalya,64,15.3,146.59,None
1219,2026-03-16 16:30:00,2026-03-17 02:30:00,2026-03-16 20:14:18.797798,Delivered,1,2,Same Day,Antalya,626,18.14,135.64,None
1220,2026-03-16 18:45:00,2026-03-19 18:45:00,2026-03-19 10:07:39.824626,Delivered,1,1,Standard,Gaziantep,778,8.41,27.58,None
1221,2026-03-16 11:15:00,2026-03-17 17:15:00,2026-03-17 01:52:18.329624,Delivered,4,1,Next Day,Izmir,305,16.25,177.08,None
1222,2026-03-16 15:15:00,2026-03-17 01:15:00,2026-03-16 16:17:26.417032,Delivered,3,1,Same Day,Konya,415,10.67,219.73,None
1223,2026-03-16 15:45:00,2026-03-19 15:45:00,2026-03-19 03:42:04.391122,Delivered,2,3,Standard,Istanbul,218,8.12,296.82,None
1224,2026-03-16 15:30:00,2026-03-17 01:30:00,2026-03-18 01:06:27.391609,Delivered,3,1,Same Day,Mersin,66,15.56,143.77,Address Issue
1225,2026-03-16 08:30:00,2026-03-17 14:30:00,2026-03-17 12:36:56.623532,Delivered,3,2,Next Day,Izmir,549,5.03,72.81,None
1226,2026-03-16 08:00:00,2026-03-19 08:00:00,2026-03-18 17:04:57.062411,Delivered,2,4,Standard,Bursa,251,10.6,317.12,None
1227,2026-03-16 10:00:00,2026-03-19 10:00:00,2026-03-18 18:38:35.943196,Delivered,4,3,Standard,Istanbul,177,6.98,175.06,None
1228,2026-03-16 18:15:00,2026-03-18 00:15:00,2026-03-17 07:17:45.060284,Delivered,1,3,Next Day,Adana,93,5.71,245.51,None
1229,2026-03-16 13:00:00,2026-03-17 19:00:00,2026-03-17 13:22:16.944060,Delivered,2,3,Next Day,Bursa,748,9.99,223.85,None
1230,2026-03-17 15:45:00,2026-03-18 21:45:00,2026-03-19 15:56:10.440186,Delivered,3,3,Next Day,Izmir,477,9.41,269.31,Weather
1231,2026-03-17 14:00:00,2026-03-20 14:00:00,2026-03-21 02:13:09.972268,Delivered,4,4,Standard,Bursa,651,13.34,59.23,Address Issue
1232,2026-03-17 11:45:00,2026-03-18 17:45:00,2026-03-18 05:16:21.178718,Delivered,6,4,Next Day,Konya,560,11.11,118.76,None
1233,2026-03-17 11:00:00,2026-03-18 17:00:00,2026-03-18 12:22:17.194465,Delivered,3,1,Next Day,Adana,590,9.74,233.21,None
1234,2026-03-17 09:00:00,2026-03-17 19:00:00,2026-03-17 17:02:20.526086,Delivered,3,1,Same Day,Antalya,217,18.1,77.25,None
1235,2026-03-17 13:00:00,2026-03-18 19:00:00,2026-03-18 01:16:45.029336,Delivered,3,1,Next Day,Ankara,104,9.7,280.96,None
1236,2026-03-17 13:15:00,2026-03-20 13:15:00,2026-03-20 04:22:39.265975,Delivered,3,2,Standard,Mersin,91,14.71,60.23,None
1237,2026-03-17 15:45:00,2026-03-20 15:45:00,2026-03-21 13:26:44.717052,Delivered,4,1,Standard,Mersin,28,8.92,240.45,Carrier Capacity
1238,2026-03-17 17:45:00,2026-03-18 23:45:00,2026-03-18 09:25:05.768911,Delivered,1,3,Next Day,Bursa,479,16.41,165.45,None
1239,2026-03-17 14:30:00,2026-03-20 14:30:00,2026-03-20 11:59:31.727907,Delivered,2,1,Standard,Istanbul,619,3.71,285.43,None
1240,2026-03-17 18:00:00,2026-03-19 00:00:00,2026-03-18 07:25:05.647590,Delivered,5,2,Next Day,Bursa,346,14.48,248.81,None
1241,2026-03-17 14:15:00,2026-03-18 20:15:00,2026-03-19 15:06:22.674771,Delivered,1,2,Next Day,Izmir,375,12.52,181.63,Hub Congestion
1242,2026-03-17 16:45:00,2026-03-20 16:45:00,2026-03-22 01:36:34.618050,Delivered,4,1,Standard,Antalya,610,15.4,98.64,Carrier Capacity
1243,2026-03-17 14:15:00,2026-03-18 20:15:00,2026-03-18 06:10:42.024522,Delivered,3,1,Next Day,Eskisehir,143,8.26,29.98,None
1244,2026-03-17 07:45:00,2026-03-18 13:45:00,2026-03-17 21:12:52.454916,Delivered,1,2,Next Day,Gaziantep,641,6.49,125.46,None
1245,2026-03-17 16:15:00,2026-03-20 16:15:00,2026-03-22 10:00:44.669216,Delivered,4,4,Standard,Izmir,156,11.97,270.47,Carrier Capacity
1246,2026-03-17 11:15:00,2026-03-20 11:15:00,2026-03-19 18:56:27.178001,Delivered,1,3,Standard,Adana,328,16.29,68.47,None
1247,2026-03-17 15:00:00,2026-03-18 21:00:00,2026-03-20 06:59:30.959686,Delivered,2,4,Next Day,Izmir,738,10.68,278.22,Vehicle Breakdown
1248,2026-03-18 18:45:00,2026-03-20 00:45:00,2026-03-19 14:41:36.428011,Delivered,6,2,Next Day,Mersin,421,9.66,154.44,None
1249,2026-03-18 11:00:00,2026-03-21 11:00:00,2026-03-20 21:54:01.376460,Delivered,2,4,Standard,Istanbul,165,15.97,183.44,None
1250,2026-03-18 16:45:00,2026-03-21 16:45:00,2026-03-21 12:36:42.616131,Delivered,4,3,Standard,Adana,297,8.58,123.73,None
1251,2026-03-18 16:45:00,2026-03-21 16:45:00,2026-03-21 05:24:14.103191,Delivered,3,1,Standard,Mersin,208,10.65,185.49,None
1252,2026-03-18 07:15:00,2026-03-21 07:15:00,2026-03-20 20:54:12.502501,Delivered,6,2,Standard,Bursa,709,10.97,259.76,None
1253,2026-03-18 11:45:00,2026-03-21 11:45:00,2026-03-21 05:04:45.871674,Delivered,3,3,Standard,Antalya,675,3.69,26.87,None
1254,2026-03-18 16:00:00,2026-03-19 22:00:00,2026-03-19 14:04:14.938055,Delivered,1,1,Next Day,Gaziantep,641,4.31,110.66,None
1255,2026-03-18 09:45:00,2026-03-19 15:45:00,2026-03-19 14:03:47.477437,Delivered,3,3,Next Day,Gaziantep,143,7.09,163.77,None
1256,2026-03-18 18:15:00,2026-03-20 00:15:00,2026-03-19 19:47:27.016502,Delivered,6,4,Next Day,Istanbul,713,15.34,59.06,None
1257,2026-03-18 07:30:00,2026-03-19 13:30:00,2026-03-19 07:44:07.657940,Delivered,1,1,Next Day,Eskisehir,496,7.59,142.69,None
1258,2026-03-18 15:30:00,2026-03-21 15:30:00,2026-03-23 00:42:22.333830,Delivered,3,3,Standard,Izmir,486,16.04,112.37,Customer Unavailable
1259,2026-03-18 15:45:00,2026-03-19 21:45:00,2026-03-19 10:38:08.933252,Delivered,3,1,Next Day,Adana,381,4.37,68.09,None
1260,2026-03-18 15:45:00,2026-03-19 21:45:00,2026-03-19 16:33:35.514415,Delivered,4,3,Next Day,Bursa,273,6.41,139.72,None
1261,2026-03-18 14:30:00,2026-03-21 14:30:00,2026-03-20 22:20:37.006103,Delivered,1,1,Standard,Ankara,574,15.44,156.53,None
1262,2026-03-18 15:30:00,2026-03-21 15:30:00,2026-03-22 22:00:50.982137,Delivered,5,4,Standard,Izmir,243,8.86,283.97,Vehicle Breakdown
1263,2026-03-18 14:45:00,2026-03-19 00:45:00,2026-03-18 10:50:03.471232,Delivered,1,1,Same Day,Adana,158,19.32,100.01,None
1264,2026-03-18 17:15:00,2026-03-21 17:15:00,2026-03-21 02:07:37.035707,Delivered,6,1,Standard,Konya,608,4.05,246.1,None
1265,2026-03-18 12:15:00,2026-03-18 22:15:00,2026-03-18 20:47:49.203211,Delivered,2,4,Same Day,Istanbul,457,15.12,116.91,None
1266,2026-03-18 16:30:00,2026-03-19 22:30:00,2026-03-21 11:16:01.662420,Delivered,2,2,Next Day,Izmir,560,7.32,61.49,Carrier Capacity
1267,2026-03-19 07:45:00,2026-03-22 07:45:00,2026-03-21 16:31:40.233956,Delivered,5,4,Standard,Mersin,264,8.32,82.07,None
1268,2026-03-19 07:30:00,2026-03-19 17:30:00,2026-03-19 14:00:03.945094,Delivered,3,2,Same Day,Bursa,639,16.74,136.61,None
1269,2026-03-19 07:00:00,2026-03-22 07:00:00,2026-03-21 23:41:00.739833,Delivered,4,2,Standard,Izmir,762,9.27,221.55,None
1270,2026-03-19 09:00:00,2026-03-22 09:00:00,2026-03-21 15:06:55.505509,Delivered,2,4,Standard,Mersin,740,13.28,182.48,None
1271,2026-03-19 12:00:00,2026-03-19 22:00:00,,Failed,2,1,Same Day,Adana,116,19.22,80.79,None
1272,2026-03-19 10:00:00,2026-03-20 16:00:00,2026-03-21 01:56:29.092403,Delivered,3,1,Next Day,Mersin,317,10.7,289.59,Carrier Capacity
1273,2026-03-19 10:45:00,2026-03-20 16:45:00,2026-03-20 07:27:37.615648,Delivered,6,2,Next Day,Izmir,533,11.98,259.83,None
1274,2026-03-19 09:30:00,2026-03-20 15:30:00,2026-03-20 10:52:09.634178,Delivered,1,2,Next Day,Istanbul,445,10.24,163.15,None
1275,2026-03-19 15:00:00,2026-03-22 15:00:00,2026-03-22 13:54:26.299816,Delivered,3,1,Standard,Eskisehir,747,7.49,280.64,None
1276,2026-03-19 14:45:00,2026-03-20 20:45:00,2026-03-22 21:31:13.461915,Delivered,2,4,Next Day,Mersin,282,8.15,102.73,Hub Congestion
1277,2026-03-19 14:45:00,2026-03-20 20:45:00,2026-03-20 16:39:33.271662,Delivered,6,2,Next Day,Antalya,451,7.41,319.84,None
1278,2026-03-19 17:30:00,2026-03-20 23:30:00,2026-03-20 14:42:37.891179,Delivered,4,4,Next Day,Adana,760,4.67,296.01,None
1279,2026-03-19 15:30:00,2026-03-22 15:30:00,2026-03-22 01:41:28.124501,Delivered,1,1,Standard,Konya,747,9.76,22.49,None
1280,2026-03-19 11:30:00,2026-03-20 17:30:00,2026-03-21 10:54:07.148063,Delivered,2,2,Next Day,Gaziantep,460,6.28,127.53,Address Issue
1281,2026-03-19 17:45:00,2026-03-22 17:45:00,2026-03-22 11:20:34.416404,Delivered,2,2,Standard,Adana,318,15.21,93.19,None
1282,2026-03-19 11:30:00,2026-03-19 21:30:00,2026-03-20 05:15:11.035206,Delivered,3,4,Same Day,Adana,595,21.79,19.92,Customer Unavailable
1283,2026-03-20 17:00:00,2026-03-21 23:00:00,2026-03-22 10:54:09.668234,Delivered,4,1,Next Day,Bursa,731,14.87,173.96,Carrier Capacity
1284,2026-03-20 17:00:00,2026-03-23 17:00:00,2026-03-23 10:01:32.692750,Delivered,2,1,Standard,Ankara,306,11.54,81.86,None
1285,2026-03-20 17:45:00,2026-03-21 23:45:00,2026-03-21 07:25:39.634229,Delivered,1,2,Next Day,Izmir,467,11.56,144.21,None
1286,2026-03-20 16:30:00,2026-03-21 22:30:00,2026-03-23 09:24:54.399290,Delivered,1,4,Next Day,Istanbul,679,4.05,131.98,Address Issue
1287,2026-03-20 11:30:00,2026-03-21 17:30:00,2026-03-21 02:44:48.146371,Delivered,3,3,Next Day,Mersin,104,13.7,68.35,None
1288,2026-03-20 18:15:00,2026-03-21 04:15:00,2026-03-20 18:41:28.840797,Delivered,3,2,Same Day,Konya,348,16.53,145.29,None
1289,2026-03-20 07:30:00,2026-03-21 13:30:00,2026-03-21 04:48:46.680379,Delivered,1,1,Next Day,Konya,475,4.5,104.47,None
1290,2026-03-20 08:00:00,2026-03-23 08:00:00,2026-03-23 02:50:08.793197,Delivered,6,4,Standard,Konya,282,5.33,251.17,None
1291,2026-03-20 11:45:00,2026-03-23 11:45:00,2026-03-22 18:04:17.719230,Delivered,2,3,Standard,Gaziantep,272,6.39,18.2,None
1292,2026-03-20 09:15:00,2026-03-21 15:15:00,2026-03-21 01:35:22.377454,Delivered,4,3,Next Day,Eskisehir,182,10.81,207.84,None
1293,2026-03-20 16:15:00,2026-03-21 02:15:00,2026-03-20 21:11:25.232043,Delivered,2,3,Same Day,Ankara,624,10.76,201.79,None
1294,2026-03-20 08:15:00,2026-03-23 08:15:00,2026-03-22 22:17:55.355605,Delivered,2,3,Standard,Eskisehir,649,15.5,149.03,None
1295,2026-03-20 09:30:00,2026-03-21 15:30:00,2026-03-21 09:17:36.914356,Delivered,4,1,Next Day,Antalya,418,3.7,268.47,None
1296,2026-03-20 18:45:00,2026-03-23 18:45:00,2026-03-25 19:36:01.767154,Delivered,5,4,Standard,Ankara,684,13.32,169.67,Vehicle Breakdown
1297,2026-03-20 17:15:00,2026-03-21 23:15:00,2026-03-21 08:40:10.776738,Delivered,4,2,Next Day,Ankara,262,14.09,305.28,None
1298,2026-03-20 12:00:00,2026-03-23 12:00:00,2026-03-23 08:55:02.710430,Delivered,1,1,Standard,Istanbul,149,10.98,102.48,None
1299,2026-03-20 18:45:00,2026-03-22 00:45:00,2026-03-21 21:00:28.644875,Delivered,1,3,Next Day,Istanbul,346,5.56,182.15,None
1300,2026-03-20 10:00:00,2026-03-23 10:00:00,2026-03-23 01:18:53.403446,Delivered,3,2,Standard,Gaziantep,24,14.88,290.08,None
1301,2026-03-20 18:30:00,2026-03-22 00:30:00,2026-03-21 07:43:26.004063,Delivered,6,1,Next Day,Adana,728,11.27,203.59,None
1302,2026-03-20 17:00:00,2026-03-21 03:00:00,2026-03-20 13:11:52.456372,Delivered,2,2,Same Day,Gaziantep,571,17.82,33.57,None
1303,2026-03-21 10:00:00,2026-03-22 16:00:00,2026-03-22 12:35:14.004656,Delivered,4,4,Next Day,Bursa,179,14.92,206.48,None
1304,2026-03-21 15:15:00,2026-03-22 01:15:00,2026-03-21 12:05:17.577998,Delivered,3,2,Same Day,Izmir,633,14.23,89.75,None
1305,2026-03-21 13:15:00,2026-03-24 13:15:00,2026-03-24 08:26:51.374176,Delivered,1,1,Standard,Konya,597,4.38,124.04,None
1306,2026-03-21 13:45:00,2026-03-22 19:45:00,2026-03-22 18:37:38.765280,Delivered,5,2,Next Day,Izmir,751,11.05,166.22,None
1307,2026-03-21 07:45:00,2026-03-21 17:45:00,2026-03-21 06:23:40.929275,Delivered,5,4,Same Day,Izmir,347,17.86,126.0,None
1308,2026-03-21 11:15:00,2026-03-24 11:15:00,2026-03-24 06:02:56.005105,Delivered,5,4,Standard,Bursa,272,7.92,158.6,None
1309,2026-03-21 09:00:00,2026-03-21 19:00:00,2026-03-21 10:49:33.904840,Delivered,5,3,Same Day,Eskisehir,88,13.6,149.62,None
1310,2026-03-21 10:30:00,2026-03-22 16:30:00,2026-03-22 14:16:49.923664,Delivered,6,3,Next Day,Mersin,347,14.63,255.45,None
1311,2026-03-21 17:45:00,2026-03-24 17:45:00,2026-03-24 13:37:56.929221,Delivered,2,3,Standard,Ankara,605,5.26,205.89,None
1312,2026-03-21 07:45:00,2026-03-24 07:45:00,2026-03-23 17:32:21.037991,Delivered,3,2,Standard,Mersin,612,16.14,144.31,None
1313,2026-03-21 11:15:00,2026-03-24 11:15:00,2026-03-24 03:02:16.707167,Delivered,5,3,Standard,Konya,777,5.16,220.96,None
1314,2026-03-21 09:15:00,2026-03-22 15:15:00,2026-03-22 12:41:04.382088,Delivered,3,3,Next Day,Mersin,191,6.74,287.82,None
1315,2026-03-21 09:30:00,2026-03-24 09:30:00,2026-03-23 23:21:46.100395,Delivered,5,3,Standard,Eskisehir,60,7.14,315.64,None
1316,2026-03-21 10:30:00,2026-03-24 10:30:00,2026-03-25 15:18:07.246429,Delivered,2,4,Standard,Istanbul,26,13.31,88.04,Weather
1317,2026-03-21 09:45:00,2026-03-21 19:45:00,2026-03-21 09:35:18.179372,Delivered,2,1,Same Day,Eskisehir,624,22.35,195.08,None
1318,2026-03-21 18:00:00,2026-03-23 00:00:00,2026-03-22 20:43:10.192048,Delivered,4,1,Next Day,Istanbul,773,12.73,180.65,None
1319,2026-03-21 14:15:00,2026-03-24 14:15:00,2026-03-24 09:53:26.957123,Delivered,1,2,Standard,Istanbul,633,13.03,57.06,None
1320,2026-03-22 11:30:00,2026-03-23 17:30:00,2026-03-23 14:34:37.169150,Delivered,1,3,Next Day,Gaziantep,146,13.64,267.13,None
1321,2026-03-22 17:45:00,2026-03-25 17:45:00,2026-03-25 16:04:15.949937,Delivered,1,3,Standard,Adana,555,14.24,264.35,None
1322,2026-03-22 11:15:00,2026-03-23 17:15:00,2026-03-25 08:52:48.776550,Delivered,3,3,Next Day,Konya,137,5.98,283.53,Hub Congestion
1323,2026-03-22 09:00:00,2026-03-25 09:00:00,2026-03-24 19:09:25.634035,Delivered,5,2,Standard,Gaziantep,673,7.19,218.5,None
1324,2026-03-22 10:45:00,2026-03-22 20:45:00,2026-03-22 06:09:18.424233,Delivered,3,1,Same Day,Ankara,179,22.56,306.74,None
1325,2026-03-22 12:00:00,2026-03-25 12:00:00,2026-03-26 22:02:00.929584,Delivered,4,4,Standard,Bursa,27,6.89,143.38,Customer Unavailable
1326,2026-03-22 07:30:00,2026-03-23 13:30:00,2026-03-22 21:34:39.655922,Delivered,3,2,Next Day,Adana,112,10.14,135.45,None
1327,2026-03-22 14:30:00,2026-03-23 20:30:00,2026-03-23 06:00:57.569131,Delivered,3,4,Next Day,Mersin,92,6.18,58.24,None
1328,2026-03-22 16:45:00,2026-03-25 16:45:00,2026-03-25 08:08:22.790398,Delivered,5,3,Standard,Bursa,606,16.03,42.16,None
1329,2026-03-22 08:45:00,2026-03-23 14:45:00,2026-03-24 08:29:16.524168,Delivered,4,3,Next Day,Gaziantep,136,15.33,155.25,Hub Congestion
1330,2026-03-22 14:45:00,2026-03-25 14:45:00,2026-03-25 17:59:14.140759,Delivered,2,1,Standard,Adana,267,8.03,230.36,Address Issue
1331,2026-03-22 17:00:00,2026-03-23 23:00:00,2026-03-23 09:01:05.148223,Delivered,1,1,Next Day,Konya,407,6.29,217.6,None
1332,2026-03-22 08:45:00,2026-03-25 08:45:00,2026-03-25 01:47:28.115147,Delivered,1,1,Standard,Bursa,748,9.53,276.07,None
1333,2026-03-22 15:45:00,2026-03-25 15:45:00,2026-03-25 11:24:37.624849,Delivered,4,4,Standard,Izmir,765,14.79,185.48,None
1334,2026-03-22 07:00:00,2026-03-25 07:00:00,2026-03-25 02:10:16.782912,Delivered,4,2,Standard,Istanbul,345,7.82,32.31,None
1335,2026-03-23 08:15:00,2026-03-26 08:15:00,2026-03-26 02:20:53.293900,Delivered,4,3,Standard,Gaziantep,502,7.56,207.12,None
1336,2026-03-23 12:00:00,2026-03-23 22:00:00,2026-03-25 00:48:23.352838,Delivered,3,1,Same Day,Konya,555,15.21,169.81,Hub Congestion
1337,2026-03-23 11:00:00,2026-03-26 11:00:00,2026-03-25 23:42:55.344415,Delivered,6,3,Standard,Eskisehir,201,14.33,60.47,None
1338,2026-03-23 12:45:00,2026-03-24 18:45:00,2026-03-24 00:53:43.013883,Delivered,1,1,Next Day,Ankara,40,7.18,158.72,None
1339,2026-03-23 07:00:00,2026-03-24 13:00:00,2026-03-24 07:03:44.162081,Delivered,3,4,Next Day,Antalya,271,11.53,250.26,None
1340,2026-03-23 16:45:00,2026-03-26 16:45:00,2026-03-26 03:49:17.900594,Delivered,1,4,Standard,Bursa,57,16.01,303.34,None
1341,2026-03-23 17:00:00,2026-03-26 17:00:00,2026-03-27 02:43:08.709252,Delivered,3,3,Standard,Izmir,180,11.44,272.54,Customer Unavailable
1342,2026-03-23 14:00:00,2026-03-26 14:00:00,2026-03-26 11:39:32.106068,Delivered,4,4,Standard,Bursa,36,16.42,87.6,None
1343,2026-03-23 12:15:00,2026-03-26 12:15:00,2026-03-26 01:17:55.670074,Delivered,6,2,Standard,Gaziantep,232,15.92,212.1,None
1344,2026-03-23 10:30:00,2026-03-26 10:30:00,2026-03-25 19:56:16.933562,Delivered,6,1,Standard,Eskisehir,284,11.55,104.79,None
1345,2026-03-23 14:00:00,2026-03-26 14:00:00,2026-03-25 22:13:11.469548,Delivered,5,3,Standard,Mersin,317,5.78,115.29,None
1346,2026-03-23 12:00:00,2026-03-24 18:00:00,2026-03-24 07:04:13.003811,Delivered,1,1,Next Day,Antalya,629,10.08,313.61,None
1347,2026-03-23 09:30:00,2026-03-26 09:30:00,2026-03-26 03:56:44.090520,Delivered,1,1,Standard,Izmir,615,5.93,174.11,None
1348,2026-03-23 15:00:00,2026-03-26 15:00:00,2026-03-26 00:36:18.262522,Delivered,5,3,Standard,Eskisehir,79,6.0,84.85,None
1349,2026-03-23 08:15:00,2026-03-24 14:15:00,2026-03-24 06:50:44.970094,Delivered,1,2,Next Day,Adana,382,4.65,81.91,None
1350,2026-03-23 17:30:00,2026-03-26 17:30:00,2026-03-26 11:51:30.023759,Delivered,2,3,Standard,Konya,277,4.93,246.45,None
1351,2026-03-23 13:15:00,2026-03-26 13:15:00,2026-03-26 02:03:15.044230,Delivered,2,2,Standard,Eskisehir,657,8.24,120.19,None
1352,2026-03-23 10:30:00,2026-03-26 10:30:00,2026-03-27 18:29:48.610416,Delivered,2,2,Standard,Mersin,235,15.7,152.87,Hub Congestion
1353,2026-03-23 09:00:00,2026-03-26 09:00:00,2026-03-26 06:39:23.809989,Delivered,5,3,Standard,Eskisehir,85,11.24,149.55,None
1354,2026-03-23 07:45:00,2026-03-24 13:45:00,2026-03-24 04:55:39.964967,Delivered,1,2,Next Day,Bursa,614,8.17,237.73,None
1355,2026-03-24 07:00:00,2026-03-27 07:00:00,2026-03-26 18:03:40.400776,Delivered,3,2,Standard,Istanbul,616,6.09,108.14,None
1356,2026-03-24 10:45:00,2026-03-25 16:45:00,2026-03-25 06:26:36.453627,Delivered,4,2,Next Day,Istanbul,385,7.89,254.58,None
1357,2026-03-24 10:15:00,2026-03-27 10:15:00,2026-03-26 17:38:29.568714,Delivered,1,1,Standard,Eskisehir,575,15.43,63.52,None
1358,2026-03-24 15:15:00,2026-03-27 15:15:00,2026-03-28 19:56:52.295208,Delivered,4,2,Standard,Gaziantep,732,5.93,52.63,Vehicle Breakdown
1359,2026-03-24 08:15:00,2026-03-25 14:15:00,2026-03-25 02:31:56.501030,Delivered,4,2,Next Day,Ankara,389,13.56,134.0,None
1360,2026-03-24 09:45:00,2026-03-27 09:45:00,2026-03-27 19:43:07.379986,Delivered,2,3,Standard,Antalya,641,5.4,86.59,Address Issue
1361,2026-03-24 13:15:00,2026-03-27 13:15:00,2026-03-27 01:34:24.529490,Delivered,2,2,Standard,Mersin,268,5.69,43.63,None
1362,2026-03-24 12:45:00,2026-03-25 18:45:00,2026-03-25 17:28:24.588113,Delivered,3,1,Next Day,Adana,649,16.42,165.83,None
1363,2026-03-24 14:15:00,2026-03-25 20:15:00,,Failed,1,4,Next Day,Eskisehir,268,9.56,185.25,None
1364,2026-03-24 11:30:00,2026-03-24 21:30:00,2026-03-24 13:04:06.333084,Delivered,5,2,Same Day,Istanbul,279,18.82,264.44,None
1365,2026-03-24 09:45:00,2026-03-25 15:45:00,2026-03-26 14:25:14.172636,Delivered,4,3,Next Day,Konya,485,12.15,276.28,Hub Congestion
1366,2026-03-24 13:30:00,2026-03-27 13:30:00,2026-03-27 09:25:39.246100,Delivered,2,1,Standard,Bursa,137,10.85,66.91,None
1367,2026-03-24 13:00:00,2026-03-25 19:00:00,2026-03-27 21:45:57.169079,Delivered,4,1,Next Day,Istanbul,448,12.3,172.87,Hub Congestion
1368,2026-03-25 09:15:00,2026-03-26 15:15:00,2026-03-26 06:17:32.315617,Delivered,5,1,Next Day,Izmir,281,6.9,161.49,None
1369,2026-03-25 16:15:00,2026-03-28 16:15:00,2026-03-28 05:11:55.452665,Delivered,1,2,Standard,Ankara,76,11.82,78.62,None
1370,2026-03-25 07:45:00,2026-03-28 07:45:00,2026-03-29 10:50:08.530380,Delivered,4,1,Standard,Adana,255,6.27,56.29,Customer Unavailable
1371,2026-03-25 12:00:00,2026-03-25 22:00:00,2026-03-27 15:40:23.913214,Delivered,4,3,Same Day,Istanbul,236,22.4,124.47,Weather
1372,2026-03-25 10:00:00,2026-03-28 10:00:00,2026-03-28 08:59:02.795921,Delivered,2,1,Standard,Adana,559,11.16,182.56,None
1373,2026-03-25 14:30:00,2026-03-28 14:30:00,2026-03-28 04:56:13.417729,Delivered,1,2,Standard,Konya,402,4.86,223.72,None
1374,2026-03-25 09:00:00,2026-03-28 09:00:00,2026-03-30 13:14:23.909140,Delivered,4,1,Standard,Bursa,191,16.38,235.98,Vehicle Breakdown
1375,2026-03-25 15:30:00,2026-03-26 21:30:00,2026-03-26 13:15:22.338578,Delivered,4,2,Next Day,Ankara,398,10.23,44.86,None
1376,2026-03-25 12:30:00,2026-03-28 12:30:00,2026-03-29 08:29:16.498438,Delivered,6,1,Standard,Eskisehir,351,8.34,315.43,Address Issue
1377,2026-03-25 12:00:00,2026-03-28 12:00:00,2026-03-28 02:31:46.273319,Delivered,1,3,Standard,Ankara,509,4.42,171.73,None
1378,2026-03-25 13:45:00,2026-03-26 19:45:00,2026-03-26 09:53:57.853793,Delivered,2,4,Next Day,Gaziantep,84,13.72,90.08,None
1379,2026-03-25 09:45:00,2026-03-26 15:45:00,2026-03-26 07:59:27.391120,Delivered,5,2,Next Day,Gaziantep,384,11.05,204.85,None
1380,2026-03-25 16:15:00,2026-03-28 16:15:00,2026-03-28 15:00:47.935992,Delivered,5,1,Standard,Izmir,112,6.58,93.09,None
1381,2026-03-25 17:45:00,2026-03-26 23:45:00,2026-03-26 12:22:39.064201,Delivered,2,1,Next Day,Mersin,295,5.05,141.4,None
1382,2026-03-25 12:15:00,2026-03-26 18:15:00,2026-03-26 16:38:20.057500,Delivered,2,2,Next Day,Adana,41,10.04,59.2,None
1383,2026-03-25 11:30:00,2026-03-28 11:30:00,2026-03-28 10:10:27.874060,Delivered,1,4,Standard,Antalya,296,11.28,124.47,None
1384,2026-03-25 10:30:00,2026-03-26 16:30:00,2026-03-25 23:58:14.025740,Delivered,1,3,Next Day,Antalya,680,13.4,236.06,None
1385,2026-03-25 10:00:00,2026-03-28 10:00:00,2026-03-27 16:48:14.499445,Delivered,6,1,Standard,Mersin,778,8.96,60.37,None
1386,2026-03-25 14:15:00,2026-03-26 00:15:00,2026-03-25 22:17:04.079478,Delivered,2,4,Same Day,Mersin,481,19.96,120.29,None
1387,2026-03-26 07:45:00,2026-03-27 13:45:00,2026-03-26 22:53:56.889819,Delivered,3,1,Next Day,Eskisehir,669,7.46,44.89,None
1388,2026-03-26 10:00:00,2026-03-27 16:00:00,2026-03-27 14:56:33.423498,Delivered,1,2,Next Day,Bursa,526,6.78,239.04,None
1389,2026-03-26 15:15:00,2026-03-27 21:15:00,2026-03-27 03:52:51.628327,Delivered,2,3,Next Day,Eskisehir,734,6.4,189.11,None
1390,2026-03-26 12:00:00,2026-03-27 18:00:00,2026-03-27 07:14:44.771650,Delivered,1,2,Next Day,Izmir,492,10.25,264.35,None
1391,2026-03-26 11:00:00,2026-03-26 21:00:00,2026-03-26 08:33:31.809823,Delivered,1,1,Same Day,Mersin,226,17.67,128.49,None
1392,2026-03-26 16:30:00,2026-03-27 02:30:00,2026-03-26 19:49:33.417849,Delivered,2,2,Same Day,Adana,115,17.89,42.17,None
1393,2026-03-26 18:00:00,2026-03-28 00:00:00,2026-03-28 10:50:39.067873,Delivered,4,1,Next Day,Gaziantep,642,10.23,295.57,Weather
1394,2026-03-26 14:15:00,2026-03-27 20:15:00,,Failed,3,4,Next Day,Antalya,252,5.43,226.72,None
1395,2026-03-26 08:30:00,2026-03-29 08:30:00,2026-03-28 16:50:54.752825,Delivered,1,3,Standard,Adana,727,8.14,213.95,None
1396,2026-03-26 17:00:00,2026-03-27 23:00:00,2026-03-27 12:24:28.703781,Delivered,6,3,Next Day,Gaziantep,752,7.11,46.82,None
1397,2026-03-26 14:30:00,2026-03-29 14:30:00,2026-03-29 02:32:19.270697,Delivered,2,1,Standard,Ankara,319,5.99,302.88,None
1398,2026-03-26 18:30:00,2026-03-29 18:30:00,2026-03-29 00:34:26.949540,Delivered,1,1,Standard,Konya,348,6.83,156.98,None
1399,2026-03-26 17:30:00,2026-03-27 23:30:00,2026-03-27 17:35:03.012089,Delivered,3,3,Next Day,Ankara,126,9.86,238.07,None
1400,2026-03-26 08:30:00,2026-03-29 08:30:00,2026-03-28 21:20:40.597598,Delivered,2,3,Standard,Istanbul,240,16.33,36.15,None
1401,2026-03-27 08:00:00,2026-03-28 14:00:00,2026-03-29 17:31:51.245567,Delivered,2,4,Next Day,Konya,276,10.53,243.74,Carrier Capacity
1402,2026-03-27 13:00:00,2026-03-30 13:00:00,2026-03-30 02:28:46.432285,Delivered,3,1,Standard,Istanbul,214,7.44,169.96,None
1403,2026-03-27 07:45:00,2026-03-30 07:45:00,2026-03-30 05:34:59.549962,Delivered,5,2,Standard,Bursa,562,12.53,61.37,None
1404,2026-03-27 17:00:00,2026-03-28 23:00:00,2026-03-28 14:02:11.729805,Delivered,1,2,Next Day,Gaziantep,761,7.58,182.22,None
1405,2026-03-27 15:45:00,2026-03-28 21:45:00,2026-03-28 14:49:40.180699,Delivered,3,2,Next Day,Mersin,389,9.8,70.87,None
1406,2026-03-27 14:00:00,2026-03-30 14:00:00,2026-03-30 08:47:34.641250,Delivered,2,2,Standard,Konya,241,6.41,99.56,None
1407,2026-03-27 16:00:00,2026-03-30 16:00:00,2026-03-30 13:17:47.603955,Delivered,1,2,Standard,Ankara,369,15.51,128.15,None
1408,2026-03-27 15:30:00,2026-03-28 01:30:00,2026-03-27 21:31:27.296185,Delivered,1,2,Same Day,Istanbul,444,19.46,62.52,None
1409,2026-03-27 13:00:00,2026-03-30 13:00:00,2026-03-30 07:26:50.588672,Delivered,1,2,Standard,Eskisehir,485,10.27,72.85,None
1410,2026-03-27 16:45:00,2026-03-30 16:45:00,2026-03-30 08:39:34.402201,Delivered,6,3,Standard,Mersin,641,6.41,252.67,None
1411,2026-03-27 15:00:00,2026-03-30 15:00:00,2026-03-30 08:53:43.937238,Delivered,1,2,Standard,Ankara,241,11.42,26.57,None
1412,2026-03-27 13:15:00,2026-03-30 13:15:00,2026-03-30 08:48:44.502327,Delivered,2,2,Standard,Konya,619,5.41,72.75,None
1413,2026-03-27 10:15:00,2026-03-28 16:15:00,2026-03-28 05:43:29.759732,Delivered,2,2,Next Day,Bursa,151,16.12,207.4,None
1414,2026-03-27 18:30:00,2026-03-29 00:30:00,2026-03-31 04:25:04.482333,Delivered,1,2,Next Day,Istanbul,178,6.94,199.93,Hub Congestion
1415,2026-03-27 18:15:00,2026-03-28 04:15:00,2026-03-29 19:01:12.015855,Delivered,4,3,Same Day,Mersin,70,14.65,207.22,Vehicle Breakdown
1416,2026-03-27 07:30:00,2026-03-30 07:30:00,,Failed,1,4,Standard,Eskisehir,64,9.61,76.18,Carrier Capacity
1417,2026-03-27 17:45:00,2026-03-30 17:45:00,2026-03-30 15:54:27.479602,Delivered,2,1,Standard,Bursa,579,10.92,282.2,None
1418,2026-03-27 07:45:00,2026-03-27 17:45:00,2026-03-27 02:37:39.974912,Delivered,6,2,Same Day,Ankara,248,21.9,61.71,None
1419,2026-03-27 12:15:00,2026-03-30 12:15:00,2026-03-30 10:19:47.015324,Delivered,5,4,Standard,Adana,465,13.94,161.34,None
1420,2026-03-28 14:30:00,2026-03-29 20:30:00,2026-03-29 10:31:26.938274,Delivered,3,3,Next Day,Istanbul,778,14.67,72.51,None
1421,2026-03-28 13:00:00,2026-03-31 13:00:00,2026-03-31 02:06:18.416414,Delivered,3,2,Standard,Eskisehir,460,6.58,258.78,None
1422,2026-03-28 11:00:00,2026-03-29 17:00:00,2026-03-28 23:45:08.130076,Delivered,1,2,Next Day,Istanbul,565,9.28,20.09,None
1423,2026-03-28 18:30:00,2026-03-31 18:30:00,2026-03-31 02:06:12.326588,Delivered,2,1,Standard,Gaziantep,735,6.56,208.72,None
1424,2026-03-28 09:45:00,2026-03-29 15:45:00,2026-03-29 00:10:51.946701,Delivered,2,4,Next Day,Ankara,409,15.85,108.25,None
1425,2026-03-28 14:45:00,2026-03-31 14:45:00,2026-03-31 05:16:12.307241,Delivered,1,2,Standard,Bursa,257,6.98,27.15,None
1426,2026-03-28 09:00:00,2026-03-29 15:00:00,2026-03-29 05:39:11.646792,Delivered,1,1,Next Day,Adana,430,13.46,280.54,None
1427,2026-03-28 15:15:00,2026-03-29 21:15:00,2026-03-30 05:49:35.139004,Delivered,1,2,Next Day,Antalya,563,9.28,151.8,Carrier Capacity
1428,2026-03-28 14:30:00,2026-03-31 14:30:00,2026-03-31 03:08:11.609683,Delivered,6,4,Standard,Istanbul,45,7.08,35.16,None
1429,2026-03-28 13:30:00,2026-03-29 19:30:00,2026-03-29 03:35:35.688794,Delivered,2,4,Next Day,Bursa,681,11.56,20.84,None
1430,2026-03-28 15:00:00,2026-03-31 15:00:00,2026-03-31 11:08:43.277555,Delivered,4,3,Standard,Ankara,668,7.39,283.83,None
1431,2026-03-29 14:00:00,2026-03-30 20:00:00,2026-03-30 05:59:10.861975,Delivered,5,2,Next Day,Antalya,20,10.8,54.1,None
1432,2026-03-29 16:30:00,2026-04-01 16:30:00,2026-04-01 06:24:31.585793,Delivered,1,4,Standard,Antalya,461,8.09,22.61,None
1433,2026-03-29 11:00:00,2026-04-01 11:00:00,2026-04-01 01:51:05.221730,Delivered,1,1,Standard,Bursa,731,5.74,85.31,None
1434,2026-03-29 13:15:00,2026-04-01 13:15:00,2026-03-31 23:58:45.099779,Delivered,1,4,Standard,Gaziantep,348,14.85,120.45,None
1435,2026-03-29 09:30:00,2026-04-01 09:30:00,,Failed,3,3,Standard,Bursa,443,10.9,24.91,None
1436,2026-03-29 18:45:00,2026-04-01 18:45:00,2026-04-01 10:52:42.773479,Delivered,3,3,Standard,Istanbul,127,12.89,37.43,None
1437,2026-03-29 12:00:00,2026-03-30 18:00:00,2026-03-30 11:27:57.286022,Delivered,4,1,Next Day,Bursa,741,16.3,193.46,None
1438,2026-03-29 16:00:00,2026-04-01 16:00:00,2026-04-01 13:32:13.302678,Delivered,4,3,Standard,Konya,253,11.25,87.68,None
1439,2026-03-29 13:00:00,2026-04-01 13:00:00,2026-04-01 02:30:00.874906,Delivered,3,4,Standard,Bursa,777,4.67,125.44,None
1440,2026-03-29 08:00:00,2026-03-30 14:00:00,2026-03-29 20:39:10.471171,Delivered,1,3,Next Day,Eskisehir,74,13.19,125.0,None
1441,2026-03-29 08:00:00,2026-04-01 08:00:00,2026-03-31 16:02:10.768492,Delivered,2,2,Standard,Antalya,416,4.61,62.29,None
1442,2026-03-29 16:00:00,2026-04-01 16:00:00,2026-04-01 09:20:30.731401,Delivered,2,3,Standard,Istanbul,600,5.3,307.95,None
1443,2026-03-29 15:15:00,2026-03-30 21:15:00,2026-03-30 03:37:16.789596,Delivered,3,2,Next Day,Konya,349,5.95,125.15,None
1444,2026-03-29 07:15:00,2026-03-29 17:15:00,2026-03-29 01:46:34.751751,Delivered,4,2,Same Day,Konya,403,19.62,91.04,None
1445,2026-03-29 14:45:00,2026-04-01 14:45:00,2026-04-03 19:39:55.661857,Delivered,4,2,Standard,Eskisehir,593,10.72,276.58,Vehicle Breakdown
1446,2026-03-29 07:45:00,2026-03-29 17:45:00,2026-03-29 15:50:37.866739,Delivered,5,4,Same Day,Bursa,666,22.14,149.28,None
1447,2026-03-30 13:15:00,2026-04-02 13:15:00,2026-04-02 06:51:48.867175,Delivered,3,4,Standard,Adana,48,8.0,297.45,None
1448,2026-03-30 07:15:00,2026-03-31 13:15:00,2026-04-01 06:07:30.253689,Delivered,2,4,Next Day,Antalya,487,13.0,76.48,Vehicle Breakdown
1449,2026-03-30 15:00:00,2026-04-02 15:00:00,2026-04-02 12:37:27.640526,Delivered,2,1,Standard,Istanbul,695,3.87,301.36,None
1450,2026-03-30 09:30:00,2026-04-02 09:30:00,2026-04-03 08:27:36.409308,Delivered,1,3,Standard,Konya,170,9.24,261.78,Carrier Capacity
1451,2026-03-30 15:15:00,2026-04-02 15:15:00,2026-04-02 06:20:33.854314,Delivered,2,1,Standard,Mersin,322,8.85,105.94,None
1452,2026-03-30 18:45:00,2026-04-02 18:45:00,2026-04-02 13:40:43.101900,Delivered,1,3,Standard,Mersin,764,10.25,152.27,None
1453,2026-03-30 08:00:00,2026-04-02 08:00:00,2026-04-03 03:28:27.370612,Delivered,4,2,Standard,Mersin,235,16.45,248.8,Address Issue
1454,2026-03-30 11:45:00,2026-04-02 11:45:00,2026-04-01 23:47:32.002655,Delivered,6,3,Standard,Istanbul,442,15.91,33.38,None
1455,2026-03-30 14:45:00,2026-03-31 20:45:00,2026-04-02 05:50:03.641633,Delivered,6,1,Next Day,Eskisehir,543,4.36,45.15,Address Issue
1456,2026-03-30 18:15:00,2026-03-31 04:15:00,2026-04-01 13:27:54.704327,Delivered,1,3,Same Day,Mersin,94,11.83,20.18,Hub Congestion
1457,2026-03-30 14:00:00,2026-04-02 14:00:00,2026-04-01 23:58:28.719500,Delivered,4,2,Standard,Antalya,36,13.92,203.89,None
1458,2026-03-30 14:45:00,2026-04-02 14:45:00,2026-04-03 02:13:57.870547,Delivered,4,1,Standard,Izmir,350,11.24,270.41,Hub Congestion
1459,2026-03-30 13:45:00,2026-04-02 13:45:00,2026-04-01 20:38:54.822504,Delivered,5,2,Standard,Adana,615,3.96,250.28,None
1460,2026-03-30 12:15:00,2026-04-02 12:15:00,2026-04-01 23:14:42.947273,Delivered,6,4,Standard,Gaziantep,296,6.12,82.46,None
1461,2026-03-30 17:15:00,2026-03-31 23:15:00,2026-03-31 18:39:17.961749,Delivered,1,1,Next Day,Adana,133,8.78,207.19,None
1462,2026-03-30 17:00:00,2026-04-02 17:00:00,2026-04-02 23:47:47.705006,Delivered,3,3,Standard,Konya,550,14.41,181.64,Address Issue
1463,2026-03-30 08:00:00,2026-04-02 08:00:00,2026-04-01 14:56:24.469807,Delivered,1,1,Standard,Istanbul,348,10.13,278.56,None
1464,2026-03-30 16:00:00,2026-03-31 02:00:00,2026-03-30 19:08:08.850857,Delivered,3,2,Same Day,Antalya,166,19.72,157.6,None
1465,2026-03-30 14:15:00,2026-04-02 14:15:00,2026-04-02 00:45:12.639918,Delivered,3,1,Standard,Ankara,549,6.17,255.47,None
1466,2026-03-30 17:45:00,2026-04-02 17:45:00,2026-04-02 14:14:37.689729,Delivered,1,2,Standard,Mersin,172,12.82,254.46,None
1467,2026-03-30 16:45:00,2026-04-02 16:45:00,2026-04-03 20:04:33.998001,Delivered,4,1,Standard,Konya,140,13.91,53.6,Weather
1468,2026-03-30 17:30:00,2026-03-31 23:30:00,2026-03-31 07:41:03.140090,Delivered,6,3,Next Day,Bursa,620,12.57,223.95,None
1469,2026-03-30 15:45:00,2026-03-31 01:45:00,2026-03-30 14:49:05.049983,Delivered,4,2,Same Day,Konya,696,14.77,59.47,None
1470,2026-03-31 07:15:00,2026-04-01 13:15:00,2026-04-01 01:00:14.431549,Delivered,1,2,Next Day,Istanbul,253,15.35,163.8,None
1471,2026-03-31 11:00:00,2026-04-01 17:00:00,2026-04-01 07:30:51.388922,Delivered,6,1,Next Day,Eskisehir,727,7.42,30.79,None
1472,2026-03-31 07:15:00,2026-04-01 13:15:00,2026-04-01 10:29:53.421095,Delivered,1,2,Next Day,Eskisehir,764,11.37,26.61,None
1473,2026-03-31 08:15:00,2026-04-01 14:15:00,2026-04-01 07:46:38.758122,Delivered,5,4,Next Day,Bursa,340,15.08,32.38,None
1474,2026-03-31 11:00:00,2026-04-01 17:00:00,2026-04-01 10:29:58.416649,Delivered,1,3,Next Day,Izmir,225,8.25,255.23,None
1475,2026-03-31 18:15:00,2026-04-02 00:15:00,2026-04-01 22:57:13.279606,Delivered,3,3,Next Day,Bursa,217,14.89,315.89,None
1476,2026-03-31 14:15:00,2026-04-03 14:15:00,2026-04-02 21:16:18.671659,Delivered,1,3,Standard,Ankara,640,10.14,67.21,None
1477,2026-03-31 14:15:00,2026-04-01 20:15:00,2026-04-01 15:17:38.877643,Delivered,6,4,Next Day,Izmir,261,10.66,272.25,None
1478,2026-03-31 16:00:00,2026-04-01 22:00:00,2026-04-03 07:51:45.845697,Delivered,1,1,Next Day,Konya,437,10.32,278.9,Weather
1479,2026-03-31 09:00:00,2026-03-31 19:00:00,2026-03-31 16:56:19.030414,Delivered,4,1,Same Day,Eskisehir,413,10.86,35.36,None
1480,2026-03-31 13:45:00,2026-04-03 13:45:00,2026-04-03 11:22:13.250223,Delivered,4,1,Standard,Gaziantep,403,9.51,40.94,None
1481,2026-03-31 17:30:00,2026-04-01 23:30:00,2026-04-03 11:42:37.097988,Delivered,5,1,Next Day,Istanbul,765,10.0,101.81,Weather
1482,2026-03-31 18:45:00,2026-04-02 00:45:00,2026-04-01 09:09:49.890362,Delivered,2,2,Next Day,Izmir,221,8.49,214.46,None
1483,2026-04-01 09:15:00,2026-04-02 15:15:00,2026-04-02 04:24:51.171337,Delivered,6,1,Next Day,Gaziantep,247,10.51,233.34,None
1484,2026-04-01 10:30:00,2026-04-01 20:30:00,2026-04-03 20:59:44.943592,Delivered,6,4,Same Day,Antalya,231,16.49,72.87,Hub Congestion
1485,2026-04-01 17:00:00,2026-04-04 17:00:00,2026-04-04 06:03:51.315992,Delivered,1,3,Standard,Eskisehir,519,7.98,202.98,None
1486,2026-04-01 10:30:00,2026-04-04 10:30:00,2026-04-04 00:47:05.558186,Delivered,2,3,Standard,Mersin,295,9.95,236.39,None
1487,2026-04-01 07:00:00,2026-04-02 13:00:00,2026-04-02 09:43:49.136160,Delivered,2,2,Next Day,Ankara,496,13.08,202.09,None
1488,2026-04-01 13:15:00,2026-04-04 13:15:00,2026-04-04 07:28:31.002121,Delivered,2,4,Standard,Mersin,316,3.91,264.96,None
1489,2026-04-01 17:15:00,2026-04-02 03:15:00,2026-04-01 19:39:06.346179,Delivered,1,3,Same Day,Ankara,662,21.47,86.81,None
1490,2026-04-01 13:00:00,2026-04-01 23:00:00,2026-04-01 18:56:30.542091,Delivered,1,3,Same Day,Gaziantep,718,14.53,278.33,None
1491,2026-04-01 12:30:00,2026-04-04 12:30:00,2026-04-03 19:26:07.380969,Delivered,3,4,Standard,Antalya,504,10.35,102.07,None
1492,2026-04-01 15:45:00,2026-04-04 15:45:00,2026-04-04 14:02:57.738949,Delivered,6,2,Standard,Antalya,521,5.09,193.8,None
1493,2026-04-01 17:30:00,2026-04-02 23:30:00,2026-04-02 10:08:49.284299,Delivered,5,3,Next Day,Mersin,639,6.76,85.49,None
1494,2026-04-01 11:45:00,2026-04-02 17:45:00,2026-04-02 12:12:27.697614,Delivered,6,4,Next Day,Antalya,149,15.74,148.09,None
1495,2026-04-02 12:00:00,2026-04-03 18:00:00,2026-04-03 10:50:05.178863,Delivered,3,4,Next Day,Eskisehir,83,16.5,241.27,None
1496,2026-04-02 11:15:00,2026-04-05 11:15:00,2026-04-05 03:16:58.737732,Delivered,1,1,Standard,Adana,506,12.38,106.64,None
1497,2026-04-02 11:45:00,2026-04-05 11:45:00,2026-04-04 21:13:56.955754,Delivered,1,2,Standard,Konya,559,6.2,23.45,None
1498,2026-04-02 08:15:00,2026-04-03 14:15:00,2026-04-03 09:38:38.464086,Delivered,1,2,Next Day,Gaziantep,362,4.9,145.4,None
1499,2026-04-02 09:45:00,2026-04-02 19:45:00,2026-04-03 08:57:04.440237,Delivered,1,2,Same Day,Eskisehir,26,13.45,246.03,Hub Congestion
1500,2026-04-02 15:00:00,2026-04-05 15:00:00,2026-04-05 04:58:28.407360,Delivered,4,2,Standard,Izmir,601,12.01,101.56,None
1501,2026-04-02 13:00:00,2026-04-05 13:00:00,2026-04-07 00:39:23.171327,Delivered,2,1,Standard,Mersin,389,16.33,223.94,Address Issue
1502,2026-04-02 10:00:00,2026-04-05 10:00:00,2026-04-04 18:09:18.402009,Delivered,4,1,Standard,Istanbul,685,4.92,61.28,None
1503,2026-04-02 17:45:00,2026-04-03 23:45:00,2026-04-03 22:13:56.556287,Delivered,1,3,Next Day,Istanbul,71,7.11,75.05,None
1504,2026-04-02 09:45:00,2026-04-03 15:45:00,2026-04-03 04:04:35.482065,Delivered,1,3,Next Day,Bursa,466,15.49,162.28,None
1505,2026-04-02 11:45:00,2026-04-05 11:45:00,2026-04-05 06:11:17.849588,Delivered,6,3,Standard,Antalya,681,9.46,57.51,None
1506,2026-04-03 16:30:00,2026-04-04 22:30:00,2026-04-04 18:07:28.966529,Delivered,3,3,Next Day,Mersin,111,6.35,291.88,None
1507,2026-04-03 16:30:00,2026-04-06 16:30:00,2026-04-06 11:11:31.155766,Delivered,3,3,Standard,Izmir,758,11.88,212.79,None
1508,2026-04-03 09:30:00,2026-04-06 09:30:00,2026-04-06 00:06:33.693417,Delivered,1,3,Standard,Izmir,323,13.15,274.1,None
1509,2026-04-03 15:30:00,2026-04-06 15:30:00,2026-04-05 21:30:29.328723,Delivered,6,2,Standard,Bursa,616,11.8,247.82,None
1510,2026-04-03 07:00:00,2026-04-06 07:00:00,2026-04-05 16:54:26.463136,Delivered,1,3,Standard,Antalya,599,6.08,261.53,None
1511,2026-04-03 15:15:00,2026-04-04 21:15:00,2026-04-04 15:44:23.433935,Delivered,2,3,Next Day,Gaziantep,465,12.84,65.76,None
1512,2026-04-03 08:00:00,2026-04-06 08:00:00,2026-04-06 05:10:51.723676,Delivered,1,1,Standard,Adana,373,11.21,39.84,None
1513,2026-04-03 16:30:00,2026-04-04 22:30:00,2026-04-04 20:43:49.175471,Delivered,4,1,Next Day,Antalya,376,4.13,196.73,None
1514,2026-04-03 10:30:00,2026-04-06 10:30:00,2026-04-05 18:51:02.133840,Delivered,2,2,Standard,Mersin,409,3.64,102.73,None
1515,2026-04-03 12:30:00,2026-04-04 18:30:00,2026-04-04 16:14:16.606433,Delivered,5,2,Next Day,Ankara,126,4.21,260.54,None
1516,2026-04-03 15:15:00,2026-04-04 21:15:00,2026-04-06 14:55:40.060670,Delivered,2,1,Next Day,Istanbul,602,14.77,44.06,Hub Congestion
1517,2026-04-03 09:00:00,2026-04-04 15:00:00,2026-04-04 06:02:43.850206,Delivered,2,2,Next Day,Ankara,315,6.53,227.2,None
1518,2026-04-03 14:00:00,2026-04-06 14:00:00,2026-04-06 11:51:01.478598,Delivered,5,4,Standard,Mersin,704,5.09,62.42,None
1519,2026-04-03 14:15:00,2026-04-06 14:15:00,2026-04-06 08:06:25.005065,Delivered,2,3,Standard,Izmir,112,10.5,313.77,None
1520,2026-04-03 07:00:00,2026-04-03 17:00:00,2026-04-05 09:11:13.348017,Delivered,2,4,Same Day,Eskisehir,349,10.71,132.6,Carrier Capacity
1521,2026-04-03 11:15:00,2026-04-03 21:15:00,2026-04-03 15:32:25.610110,Delivered,1,4,Same Day,Ankara,206,11.19,232.09,None
1522,2026-04-03 15:00:00,2026-04-04 21:00:00,2026-04-04 12:33:56.096892,Delivered,2,2,Next Day,Konya,742,11.14,149.93,None
1523,2026-04-04 17:30:00,2026-04-05 03:30:00,2026-04-06 15:12:46.866912,Delivered,3,1,Same Day,Izmir,17,17.77,108.82,Weather
1524,2026-04-04 08:00:00,2026-04-05 14:00:00,2026-04-05 03:54:25.448434,Delivered,3,1,Next Day,Adana,357,6.95,176.91,None
1525,2026-04-04 17:30:00,2026-04-07 17:30:00,,Failed,5,1,Standard,Gaziantep,409,16.12,176.97,None
1526,2026-04-04 07:15:00,2026-04-07 07:15:00,2026-04-07 00:32:35.217778,Delivered,4,2,Standard,Izmir,26,10.64,256.08,None
1527,2026-04-04 14:45:00,2026-04-05 20:45:00,2026-04-05 18:24:52.557236,Delivered,1,1,Next Day,Istanbul,140,4.03,80.68,None
1528,2026-04-04 13:30:00,2026-04-07 13:30:00,2026-04-07 05:45:27.698943,Delivered,4,2,Standard,Bursa,523,16.41,199.36,None
1529,2026-04-04 07:00:00,2026-04-04 17:00:00,2026-04-04 07:32:09.864916,Delivered,6,2,Same Day,Adana,254,11.8,134.34,None
1530,2026-04-04 16:45:00,2026-04-07 16:45:00,2026-04-07 07:20:44.942329,Delivered,1,1,Standard,Bursa,403,9.73,152.07,None
1531,2026-04-04 09:30:00,2026-04-05 15:30:00,2026-04-05 00:49:15.081114,Delivered,3,1,Next Day,Istanbul,482,12.73,279.29,None
1532,2026-04-04 10:45:00,2026-04-04 20:45:00,2026-04-04 14:49:51.488216,Delivered,5,4,Same Day,Izmir,198,16.98,184.15,None
1533,2026-04-04 11:45:00,2026-04-07 11:45:00,2026-04-07 03:01:14.477453,Delivered,2,3,Standard,Izmir,370,3.55,260.2,None
1534,2026-04-05 16:15:00,2026-04-06 22:15:00,2026-04-06 13:44:22.988515,Delivered,6,4,Next Day,Istanbul,333,9.44,220.76,None
1535,2026-04-05 13:30:00,2026-04-08 13:30:00,2026-04-09 17:52:13.512994,Delivered,2,1,Standard,Mersin,281,9.03,290.54,Carrier Capacity
1536,2026-04-05 17:30:00,2026-04-08 17:30:00,,Failed,2,1,Standard,Ankara,338,5.76,183.24,None
1537,2026-04-05 09:15:00,2026-04-08 09:15:00,2026-04-07 18:12:38.690079,Delivered,4,1,Standard,Izmir,712,3.61,133.41,None
1538,2026-04-05 10:00:00,2026-04-08 10:00:00,2026-04-08 07:44:07.637952,Delivered,2,1,Standard,Ankara,287,16.18,105.44,None
1539,2026-04-05 16:45:00,2026-04-08 16:45:00,2026-04-09 18:14:01.241698,Delivered,4,1,Standard,Ankara,638,12.78,104.97,Hub Congestion
1540,2026-04-05 18:15:00,2026-04-07 00:15:00,2026-04-06 11:21:02.550683,Delivered,6,2,Next Day,Mersin,747,15.79,46.44,None
1541,2026-04-05 07:15:00,2026-04-08 07:15:00,2026-04-08 19:32:47.687307,Delivered,4,4,Standard,Bursa,779,11.25,41.55,Weather
1542,2026-04-05 07:45:00,2026-04-08 07:45:00,2026-04-08 01:03:29.062566,Delivered,1,4,Standard,Konya,74,8.82,258.5,None
1543,2026-04-05 14:45:00,2026-04-08 14:45:00,2026-04-08 01:18:26.190824,Delivered,5,3,Standard,Izmir,637,7.52,263.77,None
1544,2026-04-05 09:15:00,2026-04-08 09:15:00,2026-04-09 05:40:45.882507,Delivered,2,4,Standard,Eskisehir,687,5.41,119.22,Hub Congestion
1545,2026-04-06 13:30:00,2026-04-07 19:30:00,2026-04-07 05:55:34.152385,Delivered,3,2,Next Day,Bursa,58,9.27,225.49,None
1546,2026-04-06 13:00:00,2026-04-09 13:00:00,2026-04-08 22:29:35.803099,Delivered,5,2,Standard,Izmir,763,10.91,29.7,None
1547,2026-04-06 17:30:00,2026-04-09 17:30:00,2026-04-09 12:14:25.039967,Delivered,1,2,Standard,Antalya,290,15.39,89.45,None
1548,2026-04-06 10:15:00,2026-04-09 10:15:00,2026-04-10 05:51:10.962630,Delivered,4,4,Standard,Mersin,195,6.89,250.96,Hub Congestion
1549,2026-04-06 11:30:00,2026-04-07 17:30:00,2026-04-07 14:45:34.021015,Delivered,3,3,Next Day,Adana,720,8.61,268.49,None
1550,2026-04-06 08:00:00,2026-04-07 14:00:00,2026-04-06 22:09:02.031694,Delivered,1,2,Next Day,Adana,302,7.26,259.02,None
1551,2026-04-06 18:00:00,2026-04-08 00:00:00,2026-04-07 09:31:53.271965,Delivered,4,2,Next Day,Konya,695,8.65,138.24,None
1552,2026-04-06 16:45:00,2026-04-07 22:45:00,2026-04-07 09:34:48.057621,Delivered,3,3,Next Day,Adana,74,7.64,140.79,None
1553,2026-04-06 10:45:00,2026-04-09 10:45:00,2026-04-08 20:45:04.693578,Delivered,6,3,Standard,Istanbul,351,10.16,138.7,None
1554,2026-04-06 10:30:00,2026-04-06 20:30:00,2026-04-06 02:41:27.378847,Delivered,1,1,Same Day,Istanbul,220,13.62,205.05,None
1555,2026-04-06 07:45:00,2026-04-07 13:45:00,2026-04-07 08:05:47.333129,Delivered,6,3,Next Day,Ankara,88,6.33,67.97,None
1556,2026-04-06 09:30:00,2026-04-06 19:30:00,2026-04-06 03:33:01.057277,Delivered,2,2,Same Day,Izmir,515,22.57,157.3,None
1557,2026-04-06 18:45:00,2026-04-08 00:45:00,2026-04-07 20:06:35.613373,Delivered,3,2,Next Day,Eskisehir,201,9.73,184.93,None
1558,2026-04-06 16:45:00,2026-04-09 16:45:00,2026-04-09 05:30:55.229715,Delivered,1,4,Standard,Antalya,499,12.45,291.47,None
1559,2026-04-06 14:15:00,2026-04-07 20:15:00,2026-04-07 10:56:43.891422,Delivered,3,3,Next Day,Bursa,461,8.99,220.25,None
1560,2026-04-06 15:30:00,2026-04-07 21:30:00,2026-04-07 18:22:53.838411,Delivered,4,1,Next Day,Adana,117,15.54,253.83,None
1561,2026-04-06 09:00:00,2026-04-06 19:00:00,2026-04-08 04:24:45.727160,Delivered,2,2,Same Day,Istanbul,395,13.14,162.58,Carrier Capacity
1562,2026-04-06 17:45:00,2026-04-07 23:45:00,2026-04-07 14:11:44.154308,Delivered,2,3,Next Day,Antalya,609,14.67,121.42,None
1563,2026-04-06 11:15:00,2026-04-06 21:15:00,2026-04-06 10:34:41.149455,Delivered,2,3,Same Day,Izmir,133,21.39,277.48,None
1564,2026-04-06 15:00:00,2026-04-09 15:00:00,2026-04-09 06:53:04.025753,Delivered,1,4,Standard,Eskisehir,279,13.4,273.7,None
1565,2026-04-07 11:15:00,2026-04-10 11:15:00,2026-04-10 00:08:37.597649,Delivered,1,4,Standard,Bursa,206,5.51,117.66,None
1566,2026-04-07 18:30:00,2026-04-09 00:30:00,2026-04-08 12:20:21.400824,Delivered,1,3,Next Day,Ankara,528,16.49,212.8,None
1567,2026-04-07 14:30:00,2026-04-08 00:30:00,2026-04-07 06:36:43.169242,Delivered,5,3,Same Day,Mersin,325,18.11,143.9,None
1568,2026-04-07 11:30:00,2026-04-10 11:30:00,2026-04-10 02:09:28.535740,Delivered,4,2,Standard,Konya,647,12.61,51.0,None
1569,2026-04-07 17:00:00,2026-04-08 03:00:00,2026-04-07 17:20:51.773461,Delivered,1,2,Same Day,Eskisehir,687,14.22,271.59,None
1570,2026-04-07 09:00:00,2026-04-10 09:00:00,2026-04-10 02:30:08.448251,Delivered,1,1,Standard,Bursa,264,15.0,238.92,None
1571,2026-04-07 16:30:00,2026-04-10 16:30:00,2026-04-10 07:15:51.031379,Delivered,3,2,Standard,Izmir,316,9.17,46.87,None
1572,2026-04-07 12:45:00,2026-04-08 18:45:00,2026-04-08 16:40:10.623480,Delivered,1,3,Next Day,Gaziantep,47,7.21,91.28,None
1573,2026-04-07 16:15:00,2026-04-08 22:15:00,2026-04-08 13:26:50.020417,Delivered,5,4,Next Day,Izmir,119,15.33,170.73,None
1574,2026-04-07 09:45:00,2026-04-10 09:45:00,2026-04-09 22:19:45.241650,Delivered,5,1,Standard,Gaziantep,727,7.62,167.51,None
1575,2026-04-07 13:00:00,2026-04-10 13:00:00,2026-04-10 02:33:34.073837,Delivered,1,3,Standard,Gaziantep,286,12.46,259.77,None
1576,2026-04-07 15:45:00,2026-04-08 21:45:00,2026-04-08 08:40:44.477201,Delivered,2,1,Next Day,Antalya,204,4.42,318.05,None
1577,2026-04-07 09:30:00,2026-04-08 15:30:00,2026-04-08 13:34:43.840206,Delivered,5,3,Next Day,Eskisehir,405,8.67,281.6,None
1578,2026-04-07 08:00:00,2026-04-08 14:00:00,2026-04-08 03:47:46.420869,Delivered,4,4,Next Day,Bursa,739,4.74,169.71,None
1579,2026-04-07 14:00:00,2026-04-08 20:00:00,2026-04-09 12:23:22.879460,Delivered,2,4,Next Day,Mersin,53,14.13,307.24,Weather
1580,2026-04-07 17:45:00,2026-04-10 17:45:00,2026-04-10 10:13:42.694456,Delivered,2,3,Standard,Eskisehir,415,5.7,95.94,None
1581,2026-04-07 16:45:00,2026-04-08 22:45:00,2026-04-08 17:11:40.603639,Delivered,6,2,Next Day,Bursa,714,16.06,45.6,None
1582,2026-04-08 12:45:00,2026-04-11 12:45:00,2026-04-11 03:28:35.971124,Delivered,6,4,Standard,Adana,545,6.5,244.51,None
1583,2026-04-08 18:15:00,2026-04-10 00:15:00,2026-04-09 09:04:12.862461,Delivered,2,2,Next Day,Istanbul,678,10.85,224.71,None
1584,2026-04-08 10:30:00,2026-04-09 16:30:00,2026-04-09 12:05:35.196000,Delivered,2,2,Next Day,Eskisehir,29,13.79,33.29,None
1585,2026-04-08 07:15:00,2026-04-11 07:15:00,2026-04-10 21:09:51.025715,Delivered,5,1,Standard,Bursa,164,7.63,72.14,None
1586,2026-04-08 11:15:00,2026-04-11 11:15:00,2026-04-11 07:05:28.014395,Delivered,2,3,Standard,Antalya,211,4.77,209.23,None
1587,2026-04-08 14:15:00,2026-04-11 14:15:00,2026-04-10 20:30:30.559045,Delivered,5,2,Standard,Adana,400,8.74,78.07,None
1588,2026-04-08 18:15:00,2026-04-11 18:15:00,2026-04-11 06:41:56.427881,Delivered,3,3,Standard,Gaziantep,450,9.15,42.77,None
1589,2026-04-08 12:30:00,2026-04-11 12:30:00,2026-04-11 02:05:25.111218,Delivered,2,1,Standard,Istanbul,522,12.3,257.12,None
1590,2026-04-08 10:00:00,2026-04-11 10:00:00,2026-04-11 08:21:06.275697,Delivered,3,3,Standard,Konya,504,6.29,284.28,None
1591,2026-04-08 12:30:00,2026-04-11 12:30:00,2026-04-10 23:57:10.954977,Delivered,4,2,Standard,Konya,623,5.11,107.51,None
1592,2026-04-08 10:15:00,2026-04-09 16:15:00,2026-04-09 10:19:52.674790,Delivered,6,2,Next Day,Antalya,148,12.57,115.97,None
1593,2026-04-08 14:30:00,2026-04-09 20:30:00,2026-04-09 11:58:03.971643,Delivered,1,1,Next Day,Gaziantep,566,14.17,177.51,None
1594,2026-04-08 07:15:00,2026-04-08 17:15:00,2026-04-07 23:18:29.194130,Delivered,5,3,Same Day,Antalya,29,19.49,67.27,None
1595,2026-04-08 09:00:00,2026-04-11 09:00:00,2026-04-11 01:01:01.687543,Delivered,2,1,Standard,Mersin,593,11.87,207.62,None
1596,2026-04-08 17:15:00,2026-04-11 17:15:00,2026-04-11 03:07:21.941923,Delivered,1,1,Standard,Izmir,77,6.29,255.6,None
1597,2026-04-08 18:30:00,2026-04-10 00:30:00,2026-04-09 19:05:32.416341,Delivered,6,2,Next Day,Izmir,600,10.94,171.81,None
1598,2026-04-08 18:30:00,2026-04-11 18:30:00,2026-04-11 15:34:47.447972,Delivered,3,4,Standard,Adana,243,13.26,264.63,None
1599,2026-04-08 16:00:00,2026-04-11 16:00:00,2026-04-11 14:19:49.047342,Delivered,1,1,Standard,Istanbul,118,11.6,187.07,None
1600,2026-04-09 14:30:00,2026-04-12 14:30:00,2026-04-12 08:25:33.600563,Delivered,2,4,Standard,Antalya,555,4.38,171.15,None
1601,2026-04-09 17:00:00,2026-04-12 17:00:00,2026-04-12 11:57:31.164428,Delivered,5,3,Standard,Eskisehir,571,9.91,114.79,None
1602,2026-04-09 10:00:00,2026-04-10 16:00:00,2026-04-11 14:01:28.688450,Delivered,1,1,Next Day,Ankara,389,15.38,23.51,Carrier Capacity
1603,2026-04-09 15:30:00,2026-04-12 15:30:00,2026-04-12 07:37:30.829025,Delivered,1,3,Standard,Antalya,486,7.97,148.02,None
1604,2026-04-09 18:30:00,2026-04-12 18:30:00,,Failed,2,1,Standard,Istanbul,670,9.82,259.88,None
1605,2026-04-09 08:45:00,2026-04-09 18:45:00,2026-04-09 12:28:48.298414,Delivered,1,1,Same Day,Antalya,142,15.45,102.36,None
1606,2026-04-09 08:00:00,2026-04-09 18:00:00,2026-04-09 14:54:44.077132,Delivered,3,3,Same Day,Adana,98,20.35,202.05,None
1607,2026-04-09 16:30:00,2026-04-10 02:30:00,2026-04-09 16:05:39.426787,Delivered,2,4,Same Day,Izmir,726,10.96,85.51,None
1608,2026-04-09 14:00:00,2026-04-10 20:00:00,2026-04-10 15:34:23.310053,Delivered,2,2,Next Day,Adana,434,15.81,226.46,None
1609,2026-04-09 14:00:00,2026-04-12 14:00:00,2026-04-12 11:17:04.295800,Delivered,2,4,Standard,Izmir,206,7.18,236.39,None
1610,2026-04-09 15:45:00,2026-04-10 21:45:00,2026-04-10 07:47:01.832273,Delivered,4,3,Next Day,Mersin,211,13.5,301.65,None
1611,2026-04-09 13:45:00,2026-04-10 19:45:00,2026-04-10 13:42:21.144818,Delivered,2,4,Next Day,Bursa,406,3.57,315.5,None
1612,2026-04-09 07:00:00,2026-04-12 07:00:00,2026-04-11 22:09:35.359100,Delivered,3,4,Standard,Adana,359,15.65,241.85,None
1613,2026-04-09 17:00:00,2026-04-10 03:00:00,2026-04-10 22:19:52.564830,Delivered,3,2,Same Day,Eskisehir,618,11.32,190.37,Carrier Capacity
1614,2026-04-09 17:30:00,2026-04-10 03:30:00,2026-04-09 13:13:31.445959,Delivered,1,3,Same Day,Eskisehir,117,21.74,271.42,None
1615,2026-04-09 08:00:00,2026-04-12 08:00:00,2026-04-12 03:08:38.563199,Delivered,1,3,Standard,Gaziantep,143,3.98,29.32,None
1616,2026-04-09 11:15:00,2026-04-09 21:15:00,2026-04-09 07:05:07.163979,Delivered,1,2,Same Day,Antalya,458,20.14,263.18,None
1617,2026-04-10 13:15:00,2026-04-13 13:15:00,2026-04-14 16:17:31.747855,Delivered,1,3,Standard,Adana,397,12.53,239.26,Weather
1618,2026-04-10 15:30:00,2026-04-13 15:30:00,2026-04-14 10:30:48.895043,Delivered,5,3,Standard,Konya,386,14.13,69.74,Carrier Capacity
1619,2026-04-10 08:00:00,2026-04-13 08:00:00,2026-04-14 10:44:54.291432,Delivered,1,1,Standard,Antalya,139,11.05,200.4,Address Issue
1620,2026-04-10 15:45:00,2026-04-13 15:45:00,2026-04-13 09:00:37.617298,Delivered,3,2,Standard,Izmir,282,6.22,42.63,None
1621,2026-04-10 09:15:00,2026-04-13 09:15:00,,Failed,2,3,Standard,Istanbul,452,8.77,79.28,Hub Congestion
1622,2026-04-10 07:45:00,2026-04-11 13:45:00,2026-04-11 03:18:17.477799,Delivered,5,3,Next Day,Bursa,462,13.98,308.51,None
1623,2026-04-10 13:45:00,2026-04-10 23:45:00,2026-04-10 09:42:46.787273,Delivered,4,3,Same Day,Izmir,35,21.41,185.18,None
1624,2026-04-10 15:15:00,2026-04-11 01:15:00,2026-04-10 09:24:51.804714,Delivered,1,3,Same Day,Adana,16,20.27,298.97,None
1625,2026-04-10 18:00:00,2026-04-13 18:00:00,2026-04-13 08:50:51.839668,Delivered,3,3,Standard,Gaziantep,743,4.52,105.59,None
1626,2026-04-10 14:30:00,2026-04-11 00:30:00,2026-04-10 09:47:35.356433,Delivered,3,3,Same Day,Gaziantep,23,18.7,281.49,None
1627,2026-04-10 08:15:00,2026-04-13 08:15:00,2026-04-13 20:18:39.724662,Delivered,6,3,Standard,Gaziantep,10,12.09,176.77,Carrier Capacity
1628,2026-04-10 17:15:00,2026-04-11 23:15:00,2026-04-11 14:54:07.004749,Delivered,2,1,Next Day,Eskisehir,189,6.42,144.82,None
1629,2026-04-10 07:30:00,2026-04-13 07:30:00,2026-04-12 20:03:19.996233,Delivered,2,4,Standard,Gaziantep,576,13.93,22.57,None
1630,2026-04-10 16:45:00,2026-04-11 22:45:00,2026-04-13 02:17:34.978243,Delivered,5,2,Next Day,Konya,486,14.31,227.16,Weather
1631,2026-04-10 18:30:00,2026-04-12 00:30:00,2026-04-12 13:37:20.960122,Delivered,3,3,Next Day,Istanbul,691,6.05,75.4,Carrier Capacity
1632,2026-04-10 10:00:00,2026-04-13 10:00:00,2026-04-13 08:26:34.364492,Delivered,2,1,Standard,Istanbul,693,14.68,207.7,None
1633,2026-04-10 17:45:00,2026-04-13 17:45:00,2026-04-13 09:26:15.095808,Delivered,4,3,Standard,Ankara,358,10.99,115.41,None
1634,2026-04-10 17:45:00,2026-04-11 23:45:00,2026-04-11 08:23:41.931211,Delivered,1,1,Next Day,Izmir,389,5.49,178.42,None
1635,2026-04-11 07:00:00,2026-04-12 13:00:00,2026-04-12 10:59:07.728281,Delivered,2,4,Next Day,Izmir,498,4.88,298.16,None
1636,2026-04-11 16:45:00,2026-04-12 02:45:00,2026-04-13 05:48:59.996191,Delivered,3,4,Same Day,Ankara,554,19.11,204.22,Address Issue
1637,2026-04-11 15:30:00,2026-04-14 15:30:00,2026-04-14 06:09:54.270489,Delivered,2,1,Standard,Adana,56,16.14,311.92,None
1638,2026-04-11 18:15:00,2026-04-12 04:15:00,2026-04-11 14:18:29.155814,Delivered,3,1,Same Day,Mersin,145,16.1,169.59,None
1639,2026-04-11 12:45:00,2026-04-11 22:45:00,2026-04-13 01:22:25.333266,Delivered,4,2,Same Day,Adana,740,22.28,28.16,Hub Congestion
1640,2026-04-11 10:45:00,2026-04-11 20:45:00,2026-04-11 12:10:02.014853,Delivered,6,3,Same Day,Ankara,316,20.2,84.85,None
1641,2026-04-11 11:00:00,2026-04-12 17:00:00,2026-04-12 14:43:30.254210,Delivered,6,2,Next Day,Izmir,258,4.77,290.33,None
1642,2026-04-11 10:00:00,2026-04-11 20:00:00,2026-04-11 17:39:35.422509,Delivered,4,4,Same Day,Eskisehir,546,20.51,279.61,None
1643,2026-04-11 12:00:00,2026-04-12 18:00:00,2026-04-12 10:16:22.931733,Delivered,4,4,Next Day,Ankara,741,9.73,256.76,None
1644,2026-04-11 16:45:00,2026-04-14 16:45:00,2026-04-13 23:00:52.887649,Delivered,2,1,Standard,Antalya,296,4.54,259.81,None
1645,2026-04-11 14:30:00,2026-04-12 20:30:00,2026-04-13 13:18:03.961149,Delivered,1,3,Next Day,Izmir,627,14.52,40.26,Hub Congestion
1646,2026-04-11 08:45:00,2026-04-14 08:45:00,2026-04-13 17:56:19.734523,Delivered,5,2,Standard,Gaziantep,121,7.91,244.64,None
1647,2026-04-11 18:15:00,2026-04-14 18:15:00,2026-04-14 13:20:47.229648,Delivered,3,4,Standard,Istanbul,270,8.33,54.32,None
1648,2026-04-11 18:45:00,2026-04-12 04:45:00,2026-04-13 01:31:13.799861,Delivered,1,1,Same Day,Adana,323,18.28,289.77,Customer Unavailable
1649,2026-04-11 15:15:00,2026-04-12 01:15:00,2026-04-11 20:16:18.221645,Delivered,1,1,Same Day,Konya,40,13.98,108.73,None
1650,2026-04-11 14:15:00,2026-04-14 14:15:00,2026-04-13 21:41:07.780336,Delivered,2,1,Standard,Antalya,738,7.05,301.17,None
1651,2026-04-11 08:15:00,2026-04-11 18:15:00,2026-04-11 03:08:46.786418,Delivered,3,2,Same Day,Konya,80,16.46,202.66,None
1652,2026-04-12 16:30:00,2026-04-13 22:30:00,2026-04-13 11:33:41.977487,Delivered,5,3,Next Day,Eskisehir,762,14.22,72.14,None
1653,2026-04-12 10:45:00,2026-04-13 16:45:00,2026-04-13 01:39:43.205798,Delivered,5,3,Next Day,Gaziantep,710,3.61,116.0,None
1654,2026-04-12 15:45:00,2026-04-13 21:45:00,2026-04-13 04:31:02.395947,Delivered,1,2,Next Day,Antalya,678,10.34,107.94,None
1655,2026-04-12 15:45:00,2026-04-13 21:45:00,2026-04-13 18:53:42.517737,Delivered,3,2,Next Day,Adana,287,10.21,185.62,None
1656,2026-04-12 17:30:00,2026-04-13 23:30:00,2026-04-13 16:40:02.252614,Delivered,6,1,Next Day,Eskisehir,195,10.0,185.93,None
1657,2026-04-12 16:45:00,2026-04-13 22:45:00,2026-04-13 18:37:27.440666,Delivered,5,3,Next Day,Bursa,776,7.99,21.12,None
1658,2026-04-12 10:00:00,2026-04-15 10:00:00,2026-04-14 17:37:49.788900,Delivered,6,4,Standard,Gaziantep,529,3.91,48.47,None
1659,2026-04-12 16:15:00,2026-04-15 16:15:00,2026-04-15 09:43:43.491446,Delivered,1,2,Standard,Mersin,608,12.46,79.75,None
1660,2026-04-12 16:00:00,2026-04-13 22:00:00,2026-04-13 04:05:29.886064,Delivered,1,2,Next Day,Ankara,657,4.9,107.22,None
1661,2026-04-12 08:45:00,2026-04-13 14:45:00,2026-04-13 00:16:58.505324,Delivered,3,3,Next Day,Adana,58,16.44,216.76,None
1662,2026-04-12 11:15:00,2026-04-12 21:15:00,2026-04-12 15:52:07.614205,Delivered,2,1,Same Day,Gaziantep,697,19.77,91.15,None
1663,2026-04-12 18:00:00,2026-04-14 00:00:00,2026-04-13 16:40:49.486058,Delivered,3,1,Next Day,Gaziantep,341,9.74,96.72,None
1664,2026-04-12 17:00:00,2026-04-15 17:00:00,2026-04-15 12:59:46.541985,Delivered,2,3,Standard,Izmir,441,9.73,233.64,None
1665,2026-04-12 16:00:00,2026-04-13 02:00:00,,Failed,4,2,Same Day,Izmir,474,19.56,182.69,None
1666,2026-04-12 16:00:00,2026-04-15 16:00:00,2026-04-16 04:05:33.574229,Delivered,3,3,Standard,Izmir,128,11.74,33.02,Carrier Capacity
1667,2026-04-13 15:45:00,2026-04-16 15:45:00,2026-04-16 02:36:33.127448,Delivered,4,2,Standard,Konya,174,13.19,235.55,None
1668,2026-04-13 10:45:00,2026-04-16 10:45:00,2026-04-16 07:02:32.265816,Delivered,6,2,Standard,Istanbul,212,12.03,198.79,None
1669,2026-04-13 07:30:00,2026-04-14 13:30:00,2026-04-14 10:58:57.802086,Delivered,2,1,Next Day,Bursa,73,6.6,112.89,None
1670,2026-04-13 07:45:00,2026-04-14 13:45:00,2026-04-14 09:25:09.603974,Delivered,4,1,Next Day,Bursa,491,10.61,318.1,None
1671,2026-04-13 15:45:00,2026-04-16 15:45:00,2026-04-16 11:31:06.986808,Delivered,3,3,Standard,Gaziantep,341,12.25,158.17,None
1672,2026-04-13 18:45:00,2026-04-16 18:45:00,2026-04-16 13:25:40.465682,Delivered,4,2,Standard,Izmir,549,10.52,256.15,None
1673,2026-04-13 17:45:00,2026-04-14 03:45:00,2026-04-13 19:20:28.348468,Delivered,2,3,Same Day,Izmir,733,14.92,111.29,None
1674,2026-04-13 13:45:00,2026-04-16 13:45:00,2026-04-15 21:49:48.857927,Delivered,1,4,Standard,Adana,670,8.25,122.08,None
1675,2026-04-13 17:15:00,2026-04-16 17:15:00,2026-04-17 15:02:10.516355,Delivered,4,4,Standard,Istanbul,166,6.31,132.83,Hub Congestion
1676,2026-04-13 09:30:00,2026-04-14 15:30:00,2026-04-14 02:22:19.108806,Delivered,5,4,Next Day,Gaziantep,656,13.67,22.76,None
1677,2026-04-13 16:45:00,2026-04-16 16:45:00,2026-04-16 09:36:58.219570,Delivered,1,1,Standard,Antalya,505,7.61,307.5,None
1678,2026-04-13 09:45:00,2026-04-13 19:45:00,2026-04-13 01:51:48.033890,Delivered,4,1,Same Day,Ankara,222,13.43,159.83,None
1679,2026-04-13 07:45:00,2026-04-16 07:45:00,2026-04-15 18:13:38.250268,Delivered,1,2,Standard,Adana,529,13.28,205.08,None
1680,2026-04-13 10:30:00,2026-04-16 10:30:00,2026-04-15 17:43:23.358793,Delivered,6,1,Standard,Eskisehir,169,14.17,56.87,None
1681,2026-04-13 14:45:00,2026-04-14 20:45:00,2026-04-15 05:48:48.334970,Delivered,3,3,Next Day,Istanbul,209,10.49,80.14,Address Issue
1682,2026-04-13 09:45:00,2026-04-16 09:45:00,2026-04-16 05:56:36.732198,Delivered,6,3,Standard,Antalya,571,15.34,112.47,None
1683,2026-04-13 13:00:00,2026-04-16 13:00:00,2026-04-15 19:22:27.142513,Delivered,3,1,Standard,Ankara,674,12.29,107.74,None
1684,2026-04-13 18:30:00,2026-04-15 00:30:00,2026-04-16 08:41:06.648861,Delivered,4,1,Next Day,Ankara,534,4.44,52.33,Hub Congestion
1685,2026-04-13 09:15:00,2026-04-14 15:15:00,2026-04-14 11:12:27.085670,Delivered,3,2,Next Day,Adana,207,5.32,233.52,None
1686,2026-04-13 09:30:00,2026-04-14 15:30:00,2026-04-13 23:14:23.730239,Delivered,3,3,Next Day,Konya,232,14.3,191.21,None
1687,2026-04-13 16:00:00,2026-04-14 22:00:00,2026-04-14 06:58:10.132222,Delivered,2,1,Next Day,Ankara,384,13.89,61.3,None
1688,2026-04-14 15:00:00,2026-04-17 15:00:00,2026-04-17 05:58:01.931966,Delivered,5,1,Standard,Bursa,543,6.64,319.69,None
1689,2026-04-14 17:45:00,2026-04-17 17:45:00,2026-04-17 06:26:48.577581,Delivered,6,2,Standard,Ankara,315,7.03,223.91,None
1690,2026-04-14 16:30:00,2026-04-15 02:30:00,2026-04-15 01:20:21.692086,Delivered,6,4,Same Day,Eskisehir,266,19.35,235.6,None
1691,2026-04-14 15:00:00,2026-04-17 15:00:00,2026-04-17 11:27:53.319949,Delivered,4,3,Standard,Konya,350,5.2,20.27,None
1692,2026-04-14 14:45:00,2026-04-17 14:45:00,2026-04-16 23:18:54.835949,Delivered,6,1,Standard,Izmir,689,12.42,154.69,None
1693,2026-04-14 08:00:00,2026-04-17 08:00:00,2026-04-16 17:30:47.135234,Delivered,1,2,Standard,Konya,574,4.91,239.79,None
1694,2026-04-14 13:30:00,2026-04-15 19:30:00,2026-04-15 15:26:49.322500,Delivered,3,4,Next Day,Istanbul,170,7.85,247.87,None
1695,2026-04-14 17:15:00,2026-04-15 03:15:00,2026-04-14 15:56:13.737184,Delivered,2,4,Same Day,Gaziantep,758,20.43,233.98,None
1696,2026-04-14 16:15:00,2026-04-17 16:15:00,2026-04-17 13:56:38.606489,Delivered,1,3,Standard,Eskisehir,59,12.54,92.76,None
1697,2026-04-14 15:00:00,2026-04-17 15:00:00,2026-04-18 17:29:00.909908,Delivered,5,1,Standard,Antalya,409,4.4,319.68,Hub Congestion
1698,2026-04-14 08:15:00,2026-04-17 08:15:00,2026-04-16 22:48:29.473021,Delivered,1,3,Standard,Mersin,218,4.66,106.37,None
1699,2026-04-14 07:15:00,2026-04-15 13:15:00,2026-04-15 00:26:54.291689,Delivered,3,1,Next Day,Gaziantep,530,10.45,24.13,None
1700,2026-04-14 15:45:00,2026-04-15 21:45:00,2026-04-15 03:48:11.800706,Delivered,4,3,Next Day,Bursa,566,10.98,23.33,None
1701,2026-04-14 10:30:00,2026-04-15 16:30:00,2026-04-15 09:11:49.478025,Delivered,3,1,Next Day,Konya,746,15.13,97.17,None
1702,2026-04-14 17:45:00,2026-04-15 23:45:00,2026-04-16 22:19:08.944041,Delivered,4,2,Next Day,Eskisehir,653,10.22,152.15,Weather
1703,2026-04-14 07:00:00,2026-04-14 17:00:00,2026-04-14 23:14:45.893145,Delivered,2,2,Same Day,Konya,632,14.03,19.68,Address Issue
1704,2026-04-14 13:15:00,2026-04-14 23:15:00,2026-04-14 22:08:07.418721,Delivered,2,1,Same Day,Konya,542,15.82,89.09,None
1705,2026-04-14 08:00:00,2026-04-15 14:00:00,2026-04-14 23:14:05.337293,Delivered,1,2,Next Day,Ankara,656,4.94,155.94,None
1706,2026-04-14 15:30:00,2026-04-15 21:30:00,2026-04-15 18:05:57.937774,Delivered,1,4,Next Day,Adana,512,10.7,316.92,None
1707,2026-04-15 17:30:00,2026-04-18 17:30:00,2026-04-19 12:48:02.499697,Delivered,5,4,Standard,Gaziantep,428,15.17,134.5,Carrier Capacity
1708,2026-04-15 17:45:00,2026-04-18 17:45:00,2026-04-18 02:13:12.234876,Delivered,6,3,Standard,Konya,57,4.24,132.62,None
1709,2026-04-15 07:15:00,2026-04-18 07:15:00,2026-04-17 21:12:56.031436,Delivered,6,3,Standard,Mersin,776,4.74,86.84,None
1710,2026-04-15 08:45:00,2026-04-16 14:45:00,2026-04-16 04:28:30.696277,Delivered,1,4,Next Day,Eskisehir,615,13.77,281.3,None
1711,2026-04-15 10:30:00,2026-04-18 10:30:00,2026-04-18 01:57:43.799090,Delivered,1,1,Standard,Adana,458,9.35,147.44,None
1712,2026-04-15 16:45:00,2026-04-18 16:45:00,2026-04-19 07:48:11.703583,Delivered,6,2,Standard,Gaziantep,746,13.38,139.47,Weather
1713,2026-04-15 15:15:00,2026-04-16 21:15:00,2026-04-16 08:10:46.527517,Delivered,3,2,Next Day,Bursa,30,6.99,89.02,None
1714,2026-04-15 12:30:00,2026-04-18 12:30:00,2026-04-17 23:50:37.065018,Delivered,1,1,Standard,Istanbul,156,8.7,233.79,None
1715,2026-04-15 15:15:00,2026-04-18 15:15:00,2026-04-17 22:23:50.662794,Delivered,4,2,Standard,Konya,190,15.55,37.25,None
1716,2026-04-15 12:30:00,2026-04-16 18:30:00,2026-04-16 14:04:21.028925,Delivered,3,2,Next Day,Izmir,572,6.18,80.17,None
1717,2026-04-15 11:30:00,2026-04-16 17:30:00,2026-04-17 18:04:02.071465,Delivered,4,2,Next Day,Adana,19,14.34,96.43,Customer Unavailable
1718,2026-04-16 12:15:00,2026-04-19 12:15:00,2026-04-18 19:44:17.530911,Delivered,3,4,Standard,Gaziantep,334,15.15,232.2,None
1719,2026-04-16 18:30:00,2026-04-18 00:30:00,2026-04-17 22:15:48.218272,Delivered,1,1,Next Day,Gaziantep,666,6.86,192.06,None
1720,2026-04-16 08:30:00,2026-04-17 14:30:00,2026-04-18 06:17:43.460059,Delivered,1,2,Next Day,Eskisehir,729,5.08,242.43,Carrier Capacity
1721,2026-04-16 17:45:00,2026-04-17 23:45:00,2026-04-19 16:46:59.845182,Delivered,4,4,Next Day,Mersin,764,8.25,182.13,Carrier Capacity
1722,2026-04-16 08:30:00,2026-04-16 18:30:00,2026-04-16 17:26:57.845622,Delivered,1,4,Same Day,Eskisehir,536,20.38,86.96,None
1723,2026-04-16 11:15:00,2026-04-19 11:15:00,2026-04-18 22:00:10.872794,Delivered,2,3,Standard,Mersin,604,6.8,189.92,None
1724,2026-04-16 15:45:00,2026-04-19 15:45:00,2026-04-21 03:44:13.954362,Delivered,4,3,Standard,Antalya,606,6.28,32.6,Address Issue
1725,2026-04-16 11:00:00,2026-04-16 21:00:00,2026-04-16 08:51:02.185965,Delivered,5,3,Same Day,Mersin,151,22.38,50.25,None
1726,2026-04-16 11:45:00,2026-04-17 17:45:00,2026-04-17 10:23:48.066353,Delivered,3,1,Next Day,Bursa,625,3.73,233.63,None
1727,2026-04-16 09:45:00,2026-04-16 19:45:00,2026-04-16 18:01:06.268030,Delivered,4,2,Same Day,Ankara,335,16.63,296.33,None
1728,2026-04-16 10:15:00,2026-04-19 10:15:00,2026-04-18 21:15:52.157498,Delivered,6,3,Standard,Eskisehir,764,5.96,26.13,None
1729,2026-04-16 13:30:00,2026-04-16 23:30:00,2026-04-16 11:08:48.375573,Delivered,1,1,Same Day,Antalya,359,17.61,127.31,None
1730,2026-04-16 14:45:00,2026-04-17 20:45:00,2026-04-19 06:30:11.114814,Delivered,1,1,Next Day,Istanbul,179,13.18,178.33,Carrier Capacity
1731,2026-04-16 08:45:00,2026-04-19 08:45:00,2026-04-19 23:56:14.413020,Delivered,4,4,Standard,Adana,276,12.17,141.43,Carrier Capacity
1732,2026-04-16 18:45:00,2026-04-18 00:45:00,2026-04-17 12:13:42.420611,Delivered,6,1,Next Day,Ankara,725,15.86,228.48,None
1733,2026-04-16 13:30:00,2026-04-19 13:30:00,2026-04-19 10:57:18.939690,Delivered,5,1,Standard,Izmir,560,5.84,32.55,None
1734,2026-04-16 08:00:00,2026-04-19 08:00:00,2026-04-20 00:02:52.879654,Delivered,2,3,Standard,Gaziantep,77,12.24,139.72,Vehicle Breakdown
1735,2026-04-16 09:45:00,2026-04-17 15:45:00,2026-04-17 05:59:34.041936,Delivered,3,1,Next Day,Bursa,685,15.84,66.69,None
1736,2026-04-16 12:45:00,2026-04-19 12:45:00,2026-04-18 23:23:50.676910,Delivered,6,4,Standard,Istanbul,637,14.01,166.23,None
1737,2026-04-17 12:30:00,2026-04-17 22:30:00,2026-04-17 04:52:44.168431,Delivered,3,3,Same Day,Konya,692,22.9,251.13,None
1738,2026-04-17 14:45:00,2026-04-20 14:45:00,2026-04-20 10:39:04.464658,Delivered,1,1,Standard,Eskisehir,437,14.97,242.46,None
1739,2026-04-17 13:45:00,2026-04-17 23:45:00,2026-04-17 08:17:05.886692,Delivered,3,2,Same Day,Bursa,295,10.97,300.87,None
1740,2026-04-17 13:30:00,2026-04-20 13:30:00,2026-04-20 09:48:06.635409,Delivered,6,3,Standard,Istanbul,339,6.22,38.27,None
1741,2026-04-17 16:00:00,2026-04-20 16:00:00,2026-04-22 01:42:40.825657,Delivered,4,2,Standard,Antalya,496,4.05,108.94,Weather
1742,2026-04-17 08:00:00,2026-04-20 08:00:00,2026-04-19 14:26:41.769842,Delivered,3,2,Standard,Bursa,155,7.54,105.68,None
1743,2026-04-17 15:30:00,2026-04-20 15:30:00,2026-04-20 08:48:55.701674,Delivered,2,4,Standard,Izmir,561,14.37,260.91,None
1744,2026-04-17 16:15:00,2026-04-20 16:15:00,2026-04-21 13:10:00.336969,Delivered,2,1,Standard,Konya,225,9.18,199.22,Address Issue
1745,2026-04-17 15:00:00,2026-04-20 15:00:00,2026-04-22 03:25:21.383028,Delivered,4,2,Standard,Gaziantep,106,11.76,309.5,Weather
1746,2026-04-17 13:15:00,2026-04-20 13:15:00,2026-04-19 20:41:28.599535,Delivered,6,1,Standard,Izmir,248,12.75,107.82,None
1747,2026-04-17 07:15:00,2026-04-20 07:15:00,2026-04-20 03:01:01.917071,Delivered,6,1,Standard,Antalya,427,15.07,210.27,None
1748,2026-04-17 18:15:00,2026-04-20 18:15:00,2026-04-22 00:04:50.647382,Delivered,6,2,Standard,Gaziantep,482,4.8,283.25,Carrier Capacity
1749,2026-04-17 18:30:00,2026-04-19 00:30:00,2026-04-18 21:07:23.121893,Delivered,1,2,Next Day,Bursa,175,12.07,33.02,None
1750,2026-04-17 10:30:00,2026-04-18 16:30:00,2026-04-18 09:05:43.836884,Delivered,4,2,Next Day,Adana,247,4.42,225.65,None
1751,2026-04-17 16:15:00,2026-04-20 16:15:00,2026-04-20 04:45:35.585312,Delivered,2,2,Standard,Eskisehir,654,9.57,106.4,None
1752,2026-04-17 09:30:00,2026-04-17 19:30:00,2026-04-17 13:09:32.573148,Delivered,2,1,Same Day,Gaziantep,301,13.81,61.42,None
1753,2026-04-17 15:15:00,2026-04-18 01:15:00,2026-04-18 18:35:42.814454,Delivered,6,3,Same Day,Istanbul,174,15.89,66.88,Customer Unavailable
1754,2026-04-17 07:30:00,2026-04-20 07:30:00,2026-04-19 19:02:41.089832,Delivered,4,2,Standard,Bursa,224,12.68,85.19,None
1755,2026-04-17 13:00:00,2026-04-18 19:00:00,2026-04-18 10:03:40.628325,Delivered,5,3,Next Day,Antalya,104,4.87,24.62,None
1756,2026-04-17 13:15:00,2026-04-17 23:15:00,2026-04-17 15:57:56.156830,Delivered,1,2,Same Day,Gaziantep,285,11.97,76.34,None
1757,2026-04-17 07:45:00,2026-04-20 07:45:00,2026-04-19 16:35:56.680413,Delivered,5,2,Standard,Izmir,224,8.23,235.61,None
1758,2026-04-17 17:00:00,2026-04-20 17:00:00,2026-04-20 00:50:41.798635,Delivered,1,3,Standard,Antalya,460,12.7,58.67,None
1759,2026-04-18 11:45:00,2026-04-21 11:45:00,2026-04-21 08:08:54.356996,Delivered,4,1,Standard,Istanbul,632,14.63,85.16,None
1760,2026-04-18 17:45:00,2026-04-19 03:45:00,2026-04-19 02:38:06.769472,Delivered,4,1,Same Day,Mersin,526,18.89,73.88,None
1761,2026-04-18 15:00:00,2026-04-19 01:00:00,2026-04-18 19:02:55.936880,Delivered,2,1,Same Day,Gaziantep,622,23.17,202.7,None
1762,2026-04-18 16:45:00,2026-04-19 02:45:00,2026-04-19 01:30:45.862493,Delivered,4,1,Same Day,Konya,738,11.17,309.31,None
1763,2026-04-18 17:15:00,2026-04-19 23:15:00,2026-04-19 22:13:03.462721,Delivered,2,4,Next Day,Gaziantep,651,14.04,297.29,None
1764,2026-04-18 17:15:00,2026-04-19 23:15:00,2026-04-19 19:41:52.588189,Delivered,4,1,Next Day,Antalya,767,6.3,251.51,None
1765,2026-04-18 13:15:00,2026-04-21 13:15:00,2026-04-20 20:35:37.315415,Delivered,3,1,Standard,Adana,241,9.31,270.34,None
1766,2026-04-18 17:00:00,2026-04-21 17:00:00,2026-04-21 01:56:13.077741,Delivered,3,4,Standard,Konya,335,11.67,178.98,None
1767,2026-04-18 15:45:00,2026-04-19 01:45:00,2026-04-18 23:07:15.784132,Delivered,3,1,Same Day,Izmir,733,18.29,282.07,None
1768,2026-04-18 15:15:00,2026-04-19 21:15:00,2026-04-19 05:57:56.002826,Delivered,4,1,Next Day,Adana,414,14.55,314.88,None
1769,2026-04-18 14:00:00,2026-04-21 14:00:00,2026-04-21 12:15:25.851314,Delivered,5,3,Standard,Adana,139,12.84,304.27,None
1770,2026-04-18 16:00:00,2026-04-21 16:00:00,2026-04-21 05:29:42.276263,Delivered,4,2,Standard,Adana,145,10.99,259.73,None
1771,2026-04-18 18:30:00,2026-04-20 00:30:00,2026-04-20 22:02:00.513540,Delivered,1,4,Next Day,Izmir,209,13.02,235.81,Carrier Capacity
1772,2026-04-18 18:00:00,2026-04-20 00:00:00,2026-04-19 11:36:08.791163,Delivered,2,2,Next Day,Eskisehir,502,6.64,25.45,None
1773,2026-04-18 16:45:00,2026-04-19 02:45:00,2026-04-18 09:13:39.246869,Delivered,2,2,Same Day,Bursa,649,16.46,279.45,None
1774,2026-04-18 16:15:00,2026-04-19 22:15:00,2026-04-19 08:18:48.334172,Delivered,1,4,Next Day,Gaziantep,566,15.3,179.78,None
1775,2026-04-18 16:30:00,2026-04-19 22:30:00,2026-04-19 12:21:42.691823,Delivered,6,2,Next Day,Istanbul,113,4.22,125.45,None
1776,2026-04-18 09:00:00,2026-04-19 15:00:00,2026-04-18 23:16:08.594035,Delivered,4,3,Next Day,Gaziantep,49,14.8,229.36,None
1777,2026-04-18 13:45:00,2026-04-21 13:45:00,2026-04-21 00:42:04.840524,Delivered,5,2,Standard,Adana,114,4.54,116.72,None
1778,2026-04-19 08:30:00,2026-04-22 08:30:00,2026-04-22 06:09:43.134855,Delivered,1,1,Standard,Adana,633,12.18,294.26,None
1779,2026-04-19 12:15:00,2026-04-22 12:15:00,2026-04-22 03:13:53.575266,Delivered,6,1,Standard,Istanbul,682,14.05,88.62,None
1780,2026-04-19 12:30:00,2026-04-22 12:30:00,2026-04-21 18:41:09.941173,Delivered,1,2,Standard,Antalya,519,15.81,234.33,None
1781,2026-04-19 16:45:00,2026-04-22 16:45:00,2026-04-24 02:16:50.724339,Delivered,2,4,Standard,Bursa,189,15.72,149.83,Customer Unavailable
1782,2026-04-19 10:30:00,2026-04-19 20:30:00,2026-04-19 06:51:41.289443,Delivered,2,4,Same Day,Mersin,515,22.08,256.53,None
1783,2026-04-19 13:00:00,2026-04-22 13:00:00,2026-04-21 21:37:15.078700,Delivered,2,3,Standard,Bursa,407,15.83,214.73,None
1784,2026-04-19 14:00:00,2026-04-20 20:00:00,2026-04-20 17:36:51.732744,Delivered,2,2,Next Day,Izmir,174,7.41,266.1,None
1785,2026-04-19 10:15:00,2026-04-19 20:15:00,2026-04-19 09:29:13.649022,Delivered,1,1,Same Day,Istanbul,546,22.56,318.25,None
1786,2026-04-19 09:30:00,2026-04-22 09:30:00,2026-04-21 16:22:24.555982,Delivered,2,1,Standard,Konya,774,3.59,268.21,None
1787,2026-04-19 12:15:00,2026-04-22 12:15:00,2026-04-22 06:30:14.825477,Delivered,5,1,Standard,Antalya,603,5.04,182.06,None
1788,2026-04-19 07:30:00,2026-04-20 13:30:00,2026-04-20 06:09:31.063833,Delivered,5,3,Next Day,Ankara,370,6.27,267.44,None
1789,2026-04-19 16:15:00,2026-04-22 16:15:00,2026-04-22 14:39:27.205854,Delivered,3,1,Standard,Adana,193,16.06,124.94,None
1790,2026-04-19 07:45:00,2026-04-22 07:45:00,2026-04-21 19:57:25.321124,Delivered,1,4,Standard,Konya,293,5.41,167.26,None
1791,2026-04-19 16:30:00,2026-04-22 16:30:00,2026-04-22 06:36:49.667342,Delivered,6,1,Standard,Antalya,204,10.92,122.72,None
1792,2026-04-19 10:30:00,2026-04-20 16:30:00,2026-04-20 02:58:55.543464,Delivered,4,4,Next Day,Eskisehir,252,8.72,136.37,None
1793,2026-04-19 10:15:00,2026-04-20 16:15:00,2026-04-22 02:00:55.412090,Delivered,1,4,Next Day,Adana,58,14.51,227.5,Customer Unavailable
1794,2026-04-19 11:00:00,2026-04-20 17:00:00,2026-04-20 14:36:12.664999,Delivered,1,3,Next Day,Antalya,755,14.61,83.33,None
1795,2026-04-19 09:15:00,2026-04-22 09:15:00,,Failed,2,4,Standard,Izmir,298,3.59,22.64,None
1796,2026-04-20 11:45:00,2026-04-23 11:45:00,2026-04-23 04:08:48.401464,Delivered,4,4,Standard,Istanbul,349,5.14,125.94,None
1797,2026-04-20 18:15:00,2026-04-22 00:15:00,2026-04-22 12:38:03.986900,Delivered,6,2,Next Day,Adana,353,10.97,234.24,Hub Congestion
1798,2026-04-20 09:30:00,2026-04-23 09:30:00,2026-04-23 06:28:01.133729,Delivered,1,3,Standard,Mersin,685,7.26,46.45,None
1799,2026-04-20 11:00:00,2026-04-23 11:00:00,2026-04-23 00:25:30.477097,Delivered,5,1,Standard,Ankara,358,15.84,257.24,None
1800,2026-04-20 09:15:00,2026-04-21 15:15:00,2026-04-21 02:19:58.159368,Delivered,3,1,Next Day,Konya,280,13.28,49.11,None
1801,2026-04-20 14:45:00,2026-04-21 20:45:00,2026-04-21 16:52:01.290169,Delivered,1,2,Next Day,Bursa,294,5.03,228.23,None
1802,2026-04-20 08:15:00,2026-04-21 14:15:00,,Failed,5,2,Next Day,Eskisehir,75,9.13,315.37,None
1803,2026-04-20 07:00:00,2026-04-23 07:00:00,2026-04-22 21:10:32.682239,Delivered,2,4,Standard,Bursa,139,10.9,137.13,None
1804,2026-04-20 12:15:00,2026-04-23 12:15:00,2026-04-24 13:21:45.422068,Delivered,1,4,Standard,Antalya,203,13.19,311.33,Hub Congestion
1805,2026-04-20 10:45:00,2026-04-23 10:45:00,2026-04-24 18:59:52.269971,Delivered,2,4,Standard,Gaziantep,484,4.8,297.63,Address Issue
1806,2026-04-20 17:15:00,2026-04-23 17:15:00,2026-04-23 14:28:47.209833,Delivered,1,2,Standard,Ankara,324,11.54,39.39,None
1807,2026-04-20 16:45:00,2026-04-23 16:45:00,2026-04-23 15:23:28.858368,Delivered,3,2,Standard,Konya,498,11.69,146.16,None
1808,2026-04-20 12:15:00,2026-04-23 12:15:00,2026-04-23 03:42:13.311620,Delivered,5,2,Standard,Izmir,696,10.46,94.92,None
1809,2026-04-20 09:45:00,2026-04-23 09:45:00,2026-04-23 00:29:01.688799,Delivered,1,3,Standard,Ankara,540,4.24,189.49,None
1810,2026-04-20 14:15:00,2026-04-21 00:15:00,2026-04-22 09:00:14.503502,Delivered,3,2,Same Day,Mersin,239,15.14,253.27,Customer Unavailable
1811,2026-04-20 08:45:00,2026-04-20 18:45:00,2026-04-20 02:05:52.127336,Delivered,5,2,Same Day,Eskisehir,416,11.99,252.95,None
1812,2026-04-20 13:30:00,2026-04-23 13:30:00,2026-04-24 22:11:25.557352,Delivered,4,4,Standard,Izmir,683,9.3,42.14,Weather
1813,2026-04-20 15:00:00,2026-04-21 21:00:00,2026-04-21 08:24:24.483429,Delivered,4,4,Next Day,Gaziantep,147,5.0,144.08,None
1814,2026-04-20 14:45:00,2026-04-21 20:45:00,2026-04-21 13:41:04.756315,Delivered,1,4,Next Day,Izmir,477,11.78,267.69,None
1815,2026-04-20 10:00:00,2026-04-21 16:00:00,2026-04-23 14:24:07.354322,Delivered,4,2,Next Day,Bursa,477,12.52,218.78,Hub Congestion
1816,2026-04-20 11:30:00,2026-04-21 17:30:00,2026-04-21 04:28:42.048120,Delivered,4,1,Next Day,Antalya,237,4.82,61.4,None
1817,2026-04-20 18:15:00,2026-04-22 00:15:00,2026-04-21 07:24:13.682107,Delivered,2,1,Next Day,Izmir,305,10.72,89.47,None
1818,2026-04-21 16:15:00,2026-04-24 16:15:00,2026-04-24 11:40:57.574385,Delivered,6,4,Standard,Adana,273,6.85,223.71,None
1819,2026-04-21 09:45:00,2026-04-22 15:45:00,2026-04-22 07:07:49.575957,Delivered,1,1,Next Day,Adana,640,11.87,316.73,None
1820,2026-04-21 14:45:00,2026-04-24 14:45:00,2026-04-23 23:57:58.193044,Delivered,4,1,Standard,Izmir,351,16.19,128.53,None
1821,2026-04-21 11:00:00,2026-04-24 11:00:00,2026-04-24 06:48:17.333442,Delivered,2,1,Standard,Istanbul,223,10.47,210.01,None
1822,2026-04-21 09:15:00,2026-04-24 09:15:00,2026-04-24 01:39:13.727739,Delivered,4,3,Standard,Izmir,279,3.7,208.38,None
1823,2026-04-21 09:30:00,2026-04-24 09:30:00,2026-04-24 04:02:34.939777,Delivered,4,2,Standard,Mersin,329,14.6,280.96,None
1824,2026-04-21 07:30:00,2026-04-22 13:30:00,2026-04-22 11:18:00.749069,Delivered,6,2,Next Day,Konya,370,16.36,252.35,None
1825,2026-04-21 15:30:00,2026-04-24 15:30:00,2026-04-23 22:14:07.262659,Delivered,3,3,Standard,Antalya,466,6.49,38.48,None
1826,2026-04-21 09:45:00,2026-04-22 15:45:00,2026-04-22 08:51:09.271152,Delivered,4,3,Next Day,Mersin,317,15.08,294.62,None
1827,2026-04-21 13:30:00,2026-04-24 13:30:00,2026-04-24 00:40:46.628367,Delivered,2,2,Standard,Mersin,146,5.54,160.67,None
1828,2026-04-21 08:30:00,2026-04-24 08:30:00,2026-04-23 18:37:44.459136,Delivered,5,4,Standard,Gaziantep,199,12.47,72.99,None
1829,2026-04-21 15:00:00,2026-04-24 15:00:00,2026-04-24 08:53:25.875624,Delivered,1,4,Standard,Bursa,268,6.97,276.71,None
1830,2026-04-21 15:00:00,2026-04-22 01:00:00,2026-04-21 14:20:55.511594,Delivered,6,4,Same Day,Adana,572,13.5,310.48,None
1831,2026-04-22 08:30:00,2026-04-25 08:30:00,2026-04-24 18:05:24.264883,Delivered,2,4,Standard,Istanbul,379,7.15,215.83,None
1832,2026-04-22 08:00:00,2026-04-25 08:00:00,2026-04-25 02:39:40.315171,Delivered,2,3,Standard,Adana,326,15.9,209.11,None
1833,2026-04-22 12:30:00,2026-04-25 12:30:00,2026-04-25 05:47:39.513314,Delivered,6,3,Standard,Izmir,334,5.39,220.24,None
1834,2026-04-22 18:15:00,2026-04-24 00:15:00,2026-04-23 09:06:02.798686,Delivered,3,4,Next Day,Bursa,569,6.45,207.45,None
1835,2026-04-22 17:30:00,2026-04-25 17:30:00,2026-04-25 01:39:35.754066,Delivered,1,3,Standard,Adana,718,5.11,51.25,None
1836,2026-04-22 11:00:00,2026-04-25 11:00:00,2026-04-24 20:37:52.612367,Delivered,6,4,Standard,Konya,730,3.87,201.53,None
1837,2026-04-22 13:15:00,2026-04-25 13:15:00,2026-04-24 21:44:49.152619,Delivered,2,3,Standard,Istanbul,74,8.72,67.88,None
1838,2026-04-22 13:30:00,2026-04-25 13:30:00,2026-04-24 21:33:44.499806,Delivered,1,2,Standard,Konya,482,15.37,292.51,None
1839,2026-04-22 13:45:00,2026-04-25 13:45:00,2026-04-25 11:31:00.125773,Delivered,3,2,Standard,Adana,670,8.04,229.26,None
1840,2026-04-22 13:30:00,2026-04-22 23:30:00,2026-04-23 03:02:56.633478,Delivered,2,3,Same Day,Mersin,99,23.22,54.72,Carrier Capacity
1841,2026-04-22 16:45:00,2026-04-23 02:45:00,2026-04-22 19:15:26.700836,Delivered,5,1,Same Day,Konya,386,12.67,146.55,None
1842,2026-04-22 13:45:00,2026-04-22 23:45:00,2026-04-22 21:31:38.924467,Delivered,5,2,Same Day,Gaziantep,637,14.52,86.41,None
1843,2026-04-22 11:30:00,2026-04-23 17:30:00,2026-04-24 03:32:13.906005,Delivered,2,1,Next Day,Adana,393,15.65,171.64,Carrier Capacity
1844,2026-04-22 12:45:00,2026-04-25 12:45:00,2026-04-25 00:32:12.178877,Delivered,3,2,Standard,Ankara,409,13.85,120.43,None
1845,2026-04-23 17:45:00,2026-04-24 23:45:00,2026-04-24 15:15:52.033881,Delivered,2,3,Next Day,Antalya,185,9.24,296.71,None
1846,2026-04-23 07:45:00,2026-04-23 17:45:00,2026-04-23 00:36:43.942366,Delivered,1,2,Same Day,Mersin,598,22.01,259.92,None
1847,2026-04-23 14:15:00,2026-04-26 14:15:00,2026-04-25 22:03:09.825204,Delivered,3,4,Standard,Gaziantep,168,4.53,147.13,None
1848,2026-04-23 16:45:00,2026-04-24 22:45:00,2026-04-24 10:06:01.201287,Delivered,1,4,Next Day,Izmir,594,16.0,315.23,None
1849,2026-04-23 13:45:00,2026-04-26 13:45:00,2026-04-26 12:14:20.616160,Delivered,1,1,Standard,Mersin,364,5.72,227.29,None
1850,2026-04-23 12:15:00,2026-04-26 12:15:00,2026-04-27 00:47:12.672344,Delivered,1,3,Standard,Adana,499,5.2,221.43,Address Issue
1851,2026-04-23 13:45:00,2026-04-26 13:45:00,2026-04-26 06:17:11.163312,Delivered,5,4,Standard,Izmir,691,13.43,230.24,None
1852,2026-04-23 12:30:00,2026-04-23 22:30:00,2026-04-23 10:45:40.512316,Delivered,6,3,Same Day,Bursa,747,17.0,125.74,None
1853,2026-04-23 14:30:00,2026-04-24 00:30:00,2026-04-25 09:33:16.395122,Delivered,4,4,Same Day,Konya,236,18.32,274.57,Carrier Capacity
1854,2026-04-23 17:30:00,2026-04-24 23:30:00,2026-04-24 19:14:43.976982,Delivered,1,3,Next Day,Izmir,413,15.15,43.52,None
1855,2026-04-23 13:45:00,2026-04-26 13:45:00,2026-04-26 05:48:53.716466,Delivered,1,2,Standard,Mersin,687,11.12,185.77,None
1856,2026-04-23 10:00:00,2026-04-26 10:00:00,2026-04-28 02:35:36.079792,Delivered,5,4,Standard,Eskisehir,20,15.94,317.11,Hub Congestion
1857,2026-04-23 08:30:00,2026-04-26 08:30:00,,Failed,3,1,Standard,Mersin,694,4.0,168.79,None
1858,2026-04-23 12:45:00,2026-04-26 12:45:00,2026-04-25 21:53:00.120156,Delivered,6,1,Standard,Gaziantep,368,5.52,309.67,None
1859,2026-04-23 16:45:00,2026-04-26 16:45:00,2026-04-28 10:45:30.619847,Delivered,2,3,Standard,Bursa,699,12.45,44.29,Hub Congestion
1860,2026-04-23 11:30:00,2026-04-24 17:30:00,2026-04-24 07:52:29.802464,Delivered,6,4,Next Day,Izmir,415,11.12,234.89,None
1861,2026-04-23 13:30:00,2026-04-26 13:30:00,2026-04-26 11:09:14.838118,Delivered,3,3,Standard,Izmir,332,3.89,239.87,None
1862,2026-04-23 07:15:00,2026-04-26 07:15:00,2026-04-25 13:23:40.730116,Delivered,1,2,Standard,Istanbul,700,15.31,313.62,None
1863,2026-04-23 10:30:00,2026-04-26 10:30:00,2026-04-27 02:39:44.249976,Delivered,5,2,Standard,Konya,44,7.95,63.69,Hub Congestion
1864,2026-04-23 15:30:00,2026-04-26 15:30:00,2026-04-26 10:53:23.381934,Delivered,4,1,Standard,Antalya,740,14.64,208.62,None
1865,2026-04-24 15:30:00,2026-04-27 15:30:00,2026-04-28 14:09:21.023131,Delivered,1,1,Standard,Mersin,304,6.4,285.55,Carrier Capacity
1866,2026-04-24 17:00:00,2026-04-27 17:00:00,2026-04-27 12:52:47.588090,Delivered,6,2,Standard,Konya,408,10.74,250.94,None
1867,2026-04-24 12:15:00,2026-04-25 18:15:00,2026-04-25 00:23:56.258790,Delivered,6,1,Next Day,Ankara,605,11.93,207.23,None
1868,2026-04-24 07:45:00,2026-04-25 13:45:00,2026-04-27 08:44:16.280851,Delivered,3,4,Next Day,Istanbul,626,11.79,318.67,Hub Congestion
1869,2026-04-24 12:00:00,2026-04-25 18:00:00,2026-04-25 06:58:09.241931,Delivered,1,4,Next Day,Adana,207,4.04,196.03,None
1870,2026-04-24 12:45:00,2026-04-27 12:45:00,2026-04-28 01:37:13.071237,Delivered,5,1,Standard,Eskisehir,437,15.73,248.43,Carrier Capacity
1871,2026-04-24 16:45:00,2026-04-27 16:45:00,2026-04-27 10:02:01.534390,Delivered,5,1,Standard,Bursa,75,10.02,292.45,None
1872,2026-04-24 13:00:00,2026-04-27 13:00:00,2026-04-26 21:59:53.693174,Delivered,2,1,Standard,Bursa,178,8.79,307.63,None
1873,2026-04-24 16:15:00,2026-04-27 16:15:00,2026-04-29 06:20:11.999493,Delivered,1,4,Standard,Bursa,156,5.82,169.05,Customer Unavailable
1874,2026-04-24 18:45:00,2026-04-27 18:45:00,2026-04-27 02:45:23.934725,Delivered,3,1,Standard,Konya,38,5.49,277.77,None
1875,2026-04-24 09:30:00,2026-04-27 09:30:00,2026-04-26 19:56:09.039485,Delivered,1,2,Standard,Izmir,99,12.22,46.01,None
1876,2026-04-24 15:00:00,2026-04-27 15:00:00,2026-04-27 00:53:39.358234,Delivered,3,2,Standard,Konya,126,8.39,27.35,None
1877,2026-04-24 16:45:00,2026-04-25 22:45:00,2026-04-25 20:07:45.442694,Delivered,1,4,Next Day,Gaziantep,755,13.8,292.18,None
1878,2026-04-24 07:30:00,2026-04-25 13:30:00,2026-04-25 05:12:58.006967,Delivered,1,1,Next Day,Istanbul,453,9.86,280.44,None
1879,2026-04-24 12:00:00,2026-04-27 12:00:00,2026-04-27 05:59:53.094131,Delivered,2,2,Standard,Konya,191,6.93,206.79,None
1880,2026-04-25 09:45:00,2026-04-28 09:45:00,2026-04-27 20:15:47.476659,Delivered,2,3,Standard,Konya,271,5.27,101.08,None
1881,2026-04-25 17:30:00,2026-04-28 17:30:00,2026-04-28 15:19:17.507347,Delivered,1,2,Standard,Eskisehir,596,6.52,205.48,None
1882,2026-04-25 16:00:00,2026-04-28 16:00:00,2026-04-28 12:26:59.704127,Delivered,4,3,Standard,Bursa,132,3.78,222.13,None
1883,2026-04-25 11:45:00,2026-04-26 17:45:00,2026-04-26 09:06:12.845778,Delivered,3,3,Next Day,Eskisehir,299,15.92,48.27,None
1884,2026-04-25 17:30:00,2026-04-28 17:30:00,2026-04-28 07:33:04.978634,Delivered,3,1,Standard,Bursa,642,16.04,299.55,None
1885,2026-04-25 08:30:00,2026-04-28 08:30:00,2026-04-27 16:56:13.319658,Delivered,1,2,Standard,Istanbul,247,10.02,130.88,None
1886,2026-04-25 14:15:00,2026-04-26 00:15:00,2026-04-25 06:21:26.366415,Delivered,2,1,Same Day,Konya,480,12.02,85.21,None
1887,2026-04-25 18:00:00,2026-04-28 18:00:00,2026-04-28 02:07:42.910664,Delivered,1,2,Standard,Ankara,395,5.46,231.44,None
1888,2026-04-25 11:30:00,2026-04-28 11:30:00,2026-04-29 11:07:07.601709,Delivered,2,2,Standard,Izmir,98,14.61,245.76,Address Issue
1889,2026-04-25 12:45:00,2026-04-28 12:45:00,2026-04-27 19:52:53.719326,Delivered,2,1,Standard,Gaziantep,197,12.02,317.32,None
1890,2026-04-25 13:45:00,2026-04-26 19:45:00,2026-04-26 06:42:11.345314,Delivered,4,1,Next Day,Antalya,693,12.78,55.34,None
1891,2026-04-25 12:45:00,2026-04-25 22:45:00,2026-04-25 16:34:07.933179,Delivered,4,1,Same Day,Ankara,657,20.31,69.0,None
1892,2026-04-25 09:00:00,2026-04-26 15:00:00,2026-04-26 09:00:14.828700,Delivered,5,2,Next Day,Adana,358,13.85,225.63,None
1893,2026-04-25 16:15:00,2026-04-28 16:15:00,2026-04-28 06:41:41.415412,Delivered,5,3,Standard,Ankara,531,3.9,49.65,None
1894,2026-04-25 11:30:00,2026-04-26 17:30:00,2026-04-26 02:44:27.639910,Delivered,2,2,Next Day,Ankara,466,15.29,92.2,None
1895,2026-04-25 13:30:00,2026-04-25 23:30:00,,Failed,1,4,Same Day,Antalya,24,21.32,291.65,Customer Unavailable
1896,2026-04-25 12:00:00,2026-04-25 22:00:00,2026-04-25 06:18:23.681414,Delivered,1,3,Same Day,Ankara,364,20.88,265.43,None
1897,2026-04-25 18:45:00,2026-04-27 00:45:00,2026-04-26 09:14:20.019286,Delivered,3,1,Next Day,Konya,468,13.84,203.68,None
1898,2026-04-25 10:45:00,2026-04-28 10:45:00,2026-04-28 08:57:15.309857,Delivered,3,4,Standard,Mersin,329,3.53,186.12,None
1899,2026-04-25 09:30:00,2026-04-26 15:30:00,,Failed,6,3,Next Day,Antalya,771,7.54,54.2,None
1900,2026-04-26 09:15:00,2026-04-29 09:15:00,2026-04-30 12:25:50.907777,Delivered,2,4,Standard,Antalya,630,13.51,75.44,Weather
1901,2026-04-26 11:15:00,2026-04-29 11:15:00,2026-05-01 01:51:07.066864,Delivered,1,4,Standard,Izmir,93,8.3,152.25,Weather
1902,2026-04-26 17:15:00,2026-04-29 17:15:00,2026-04-29 15:05:18.882345,Delivered,4,2,Standard,Bursa,530,8.85,61.06,None
1903,2026-04-26 15:45:00,2026-04-27 21:45:00,2026-04-28 19:44:10.136898,Delivered,6,2,Next Day,Mersin,91,11.54,279.96,Hub Congestion
1904,2026-04-26 15:15:00,2026-04-27 21:15:00,2026-04-27 10:47:16.936895,Delivered,1,3,Next Day,Eskisehir,96,16.3,205.43,None
1905,2026-04-26 16:00:00,2026-04-27 02:00:00,2026-04-27 00:20:53.145610,Delivered,1,2,Same Day,Eskisehir,353,14.88,28.87,None
1906,2026-04-26 17:15:00,2026-04-27 23:15:00,2026-04-29 09:08:29.966519,Delivered,4,3,Next Day,Istanbul,13,8.96,175.47,Carrier Capacity
1907,2026-04-26 14:15:00,2026-04-27 00:15:00,2026-04-27 20:22:03.353178,Delivered,2,3,Same Day,Eskisehir,588,14.27,276.48,Hub Congestion
1908,2026-04-26 18:30:00,2026-04-29 18:30:00,2026-04-29 01:19:40.175515,Delivered,1,2,Standard,Adana,766,14.74,265.63,None
1909,2026-04-26 17:45:00,2026-04-29 17:45:00,2026-04-29 05:49:58.203694,Delivered,3,3,Standard,Mersin,85,10.66,57.59,None
1910,2026-04-26 17:30:00,2026-04-29 17:30:00,2026-04-29 13:54:07.372435,Delivered,3,3,Standard,Gaziantep,457,3.9,172.94,None
1911,2026-04-26 11:15:00,2026-04-26 21:15:00,2026-04-28 16:59:44.466961,Delivered,2,1,Same Day,Mersin,149,14.57,147.09,Carrier Capacity
1912,2026-04-26 15:45:00,2026-04-29 15:45:00,2026-04-29 02:48:51.216363,Delivered,2,2,Standard,Gaziantep,165,6.43,134.91,None
1913,2026-04-26 13:00:00,2026-04-27 19:00:00,2026-04-27 17:24:06.429186,Delivered,1,1,Next Day,Antalya,254,9.68,306.93,None
1914,2026-04-27 13:30:00,2026-04-27 23:30:00,2026-04-29 07:24:26.757140,Delivered,2,2,Same Day,Mersin,606,15.12,173.98,Hub Congestion
1915,2026-04-27 09:15:00,2026-04-30 09:15:00,2026-04-30 00:58:07.203707,Delivered,1,2,Standard,Ankara,78,11.96,195.25,None
1916,2026-04-27 14:15:00,2026-04-28 00:15:00,2026-04-27 19:07:52.877381,Delivered,2,3,Same Day,Konya,696,17.87,128.24,None
1917,2026-04-27 16:45:00,2026-04-28 22:45:00,2026-04-28 17:19:47.671150,Delivered,4,3,Next Day,Izmir,58,11.56,93.21,None
1918,2026-04-27 08:15:00,2026-04-27 18:15:00,2026-04-27 01:53:04.778324,Delivered,3,2,Same Day,Eskisehir,10,22.63,39.59,None
1919,2026-04-27 16:00:00,2026-04-30 16:00:00,2026-04-30 00:59:19.105998,Delivered,6,2,Standard,Bursa,642,6.32,182.46,None
1920,2026-04-27 11:00:00,2026-04-30 11:00:00,2026-04-30 03:42:09.031502,Delivered,1,2,Standard,Adana,639,12.29,141.74,None
1921,2026-04-27 11:45:00,2026-04-30 11:45:00,2026-04-30 01:24:50.490219,Delivered,1,2,Standard,Mersin,32,14.02,289.18,None
1922,2026-04-27 12:45:00,2026-04-28 18:45:00,2026-04-28 02:53:20.669788,Delivered,2,1,Next Day,Antalya,74,7.49,194.15,None
1923,2026-04-27 16:45:00,2026-04-30 16:45:00,2026-04-30 03:43:08.854920,Delivered,1,4,Standard,Adana,400,9.07,175.88,None
1924,2026-04-27 16:30:00,2026-04-28 22:30:00,2026-04-28 07:13:13.222246,Delivered,5,1,Next Day,Mersin,312,16.16,51.29,None
1925,2026-04-27 15:15:00,2026-04-30 15:15:00,2026-04-30 08:07:11.586529,Delivered,4,3,Standard,Ankara,380,9.43,263.82,None
1926,2026-04-27 09:00:00,2026-04-30 09:00:00,2026-04-30 06:21:54.617613,Delivered,1,2,Standard,Adana,421,15.03,87.22,None
1927,2026-04-27 17:30:00,2026-04-30 17:30:00,2026-04-30 05:52:44.702805,Delivered,6,2,Standard,Bursa,288,15.32,80.28,None
1928,2026-04-27 13:30:00,2026-04-30 13:30:00,2026-04-30 04:39:55.565203,Delivered,2,2,Standard,Bursa,427,14.26,316.2,None
1929,2026-04-27 11:00:00,2026-04-30 11:00:00,2026-05-02 06:21:43.989407,Delivered,3,1,Standard,Istanbul,328,13.05,220.1,Hub Congestion
1930,2026-04-27 17:30:00,2026-04-30 17:30:00,2026-04-30 12:40:29.033627,Delivered,1,3,Standard,Istanbul,452,9.37,145.28,None
1931,2026-04-27 16:00:00,2026-04-28 02:00:00,2026-04-27 11:52:14.129630,Delivered,4,2,Same Day,Bursa,127,18.6,252.21,None
1932,2026-04-27 17:15:00,2026-04-30 17:15:00,2026-04-30 13:06:55.233283,Delivered,5,2,Standard,Istanbul,58,7.87,89.91,None
1933,2026-04-27 11:45:00,2026-04-27 21:45:00,2026-04-29 03:26:50.006744,Delivered,4,2,Same Day,Izmir,41,19.77,188.31,Customer Unavailable
1934,2026-04-27 07:30:00,2026-04-28 13:30:00,2026-04-28 09:55:35.464401,Delivered,4,1,Next Day,Ankara,545,13.56,73.68,None
1935,2026-04-27 13:00:00,2026-04-28 19:00:00,2026-04-28 07:36:36.504299,Delivered,1,1,Next Day,Adana,141,11.73,298.03,None
1936,2026-04-27 18:00:00,2026-04-29 00:00:00,2026-04-30 02:17:23.960256,Delivered,1,3,Next Day,Konya,104,13.73,250.69,Customer Unavailable
1937,2026-04-27 07:45:00,2026-04-30 07:45:00,2026-04-29 16:27:52.454310,Delivered,2,2,Standard,Konya,665,3.57,188.49,None
1938,2026-04-28 11:15:00,2026-05-01 11:15:00,2026-04-30 17:42:03.564209,Delivered,2,2,Standard,Bursa,420,15.8,232.4,None
1939,2026-04-28 12:45:00,2026-04-29 18:45:00,2026-04-29 04:04:01.348721,Delivered,3,1,Next Day,Izmir,461,13.76,220.13,None
1940,2026-04-28 12:00:00,2026-05-01 12:00:00,2026-04-30 23:43:38.313654,Delivered,1,1,Standard,Adana,446,5.01,128.35,None
1941,2026-04-28 09:45:00,2026-05-01 09:45:00,2026-05-01 04:38:20.507277,Delivered,3,2,Standard,Bursa,511,15.62,272.91,None
1942,2026-04-28 08:30:00,2026-05-01 08:30:00,2026-04-30 19:26:26.770772,Delivered,2,2,Standard,Mersin,651,15.16,139.85,None
1943,2026-04-28 12:30:00,2026-04-29 18:30:00,2026-04-29 05:58:01.507423,Delivered,6,1,Next Day,Eskisehir,301,8.03,204.87,None
1944,2026-04-28 08:00:00,2026-04-29 14:00:00,2026-04-29 06:15:06.611394,Delivered,6,1,Next Day,Mersin,661,6.11,234.37,None
1945,2026-04-28 16:15:00,2026-04-29 22:15:00,2026-05-01 13:13:51.178738,Delivered,1,3,Next Day,Konya,387,10.96,192.68,Hub Congestion
1946,2026-04-28 12:00:00,2026-04-29 18:00:00,2026-04-29 14:42:05.263392,Delivered,6,3,Next Day,Ankara,242,10.79,29.2,None
1947,2026-04-28 15:15:00,2026-04-29 21:15:00,2026-04-29 07:19:25.865942,Delivered,5,2,Next Day,Gaziantep,533,11.85,167.3,None
1948,2026-04-28 12:00:00,2026-04-29 18:00:00,2026-04-29 08:43:24.373755,Delivered,2,4,Next Day,Adana,749,9.76,159.44,None
1949,2026-04-28 15:00:00,2026-05-01 15:00:00,2026-05-01 05:36:19.564956,Delivered,1,3,Standard,Antalya,119,3.77,206.65,None
1950,2026-04-28 18:30:00,2026-05-01 18:30:00,2026-05-01 16:15:33.704366,Delivered,3,2,Standard,Antalya,656,16.01,310.38,None
1951,2026-04-28 08:00:00,2026-05-01 08:00:00,2026-05-01 04:09:30.588162,Delivered,4,4,Standard,Mersin,395,7.56,60.63,None
1952,2026-04-28 08:30:00,2026-05-01 08:30:00,2026-04-30 23:07:51.325489,Delivered,1,3,Standard,Istanbul,175,5.04,198.04,None
1953,2026-04-29 14:15:00,2026-04-30 20:15:00,2026-04-30 13:39:09.932825,Delivered,2,3,Next Day,Mersin,431,10.77,101.41,None
1954,2026-04-29 13:15:00,2026-04-30 19:15:00,2026-04-30 17:52:00.797264,Delivered,1,3,Next Day,Mersin,169,15.34,102.85,None
1955,2026-04-29 18:30:00,2026-05-01 00:30:00,2026-05-01 16:11:27.811460,Delivered,2,3,Next Day,Izmir,522,11.82,203.98,Vehicle Breakdown
1956,2026-04-29 09:45:00,2026-05-02 09:45:00,2026-05-03 22:01:27.908048,Delivered,4,1,Standard,Ankara,565,7.23,114.58,Address Issue
1957,2026-04-29 11:45:00,2026-04-30 17:45:00,2026-04-30 04:53:10.397835,Delivered,1,1,Next Day,Bursa,407,9.34,174.02,None
1958,2026-04-29 12:45:00,2026-04-29 22:45:00,2026-04-29 15:54:29.373462,Delivered,3,3,Same Day,Gaziantep,580,19.72,59.85,None
1959,2026-04-29 10:15:00,2026-04-30 16:15:00,2026-04-30 09:22:30.864677,Delivered,1,2,Next Day,Antalya,444,4.9,306.23,None
1960,2026-04-29 12:00:00,2026-05-02 12:00:00,2026-05-02 00:32:37.182523,Delivered,3,3,Standard,Adana,745,4.41,207.15,None
1961,2026-04-29 13:00:00,2026-04-30 19:00:00,2026-04-30 01:34:25.328648,Delivered,4,2,Next Day,Izmir,429,15.52,302.7,None
1962,2026-04-29 14:15:00,2026-04-30 20:15:00,2026-04-30 10:59:18.297242,Delivered,2,3,Next Day,Ankara,414,16.48,184.57,None
1963,2026-04-29 14:00:00,2026-04-30 00:00:00,2026-04-29 19:42:44.493196,Delivered,2,1,Same Day,Bursa,655,16.61,251.06,None
1964,2026-04-29 09:30:00,2026-05-02 09:30:00,2026-05-01 17:02:04.099077,Delivered,1,3,Standard,Ankara,482,8.77,233.25,None
1965,2026-04-29 16:15:00,2026-05-02 16:15:00,2026-05-01 22:36:10.726422,Delivered,6,2,Standard,Mersin,185,8.29,218.34,None
1966,2026-04-29 17:00:00,2026-04-30 23:00:00,2026-04-30 20:02:46.191499,Delivered,3,4,Next Day,Istanbul,71,5.14,304.11,None
1967,2026-04-29 11:00:00,2026-04-30 17:00:00,2026-04-30 06:34:16.713052,Delivered,6,1,Next Day,Konya,428,8.46,32.11,None
1968,2026-04-29 07:15:00,2026-04-30 13:15:00,2026-04-30 05:13:11.575599,Delivered,1,1,Next Day,Izmir,455,4.48,196.24,None
1969,2026-04-29 17:00:00,2026-04-30 23:00:00,2026-04-30 11:15:52.854083,Delivered,2,2,Next Day,Izmir,470,12.94,85.8,None
1970,2026-04-29 12:15:00,2026-05-02 12:15:00,2026-05-02 04:15:57.610497,Delivered,6,4,Standard,Konya,134,13.04,187.28,None
1971,2026-04-29 12:15:00,2026-05-02 12:15:00,2026-05-03 07:38:32.197893,Delivered,2,2,Standard,Gaziantep,272,4.86,250.54,Carrier Capacity
1972,2026-04-29 17:30:00,2026-04-30 23:30:00,2026-04-30 15:51:57.594686,Delivered,4,2,Next Day,Eskisehir,457,15.55,119.79,None
1973,2026-04-30 11:15:00,2026-05-01 17:15:00,2026-05-01 13:01:22.921072,Delivered,1,2,Next Day,Konya,654,5.26,198.86,None
1974,2026-04-30 11:00:00,2026-05-03 11:00:00,2026-05-02 21:04:15.382913,Delivered,3,2,Standard,Mersin,725,5.0,303.28,None
1975,2026-04-30 18:45:00,2026-05-03 18:45:00,2026-05-03 06:29:31.780720,Delivered,2,2,Standard,Adana,625,3.57,298.78,None
1976,2026-04-30 15:45:00,2026-05-01 21:45:00,2026-05-01 11:46:56.270337,Delivered,2,3,Next Day,Bursa,575,5.13,286.67,None
1977,2026-04-30 18:45:00,2026-05-03 18:45:00,2026-05-03 08:29:19.991162,Delivered,2,4,Standard,Bursa,112,7.75,213.37,None
1978,2026-04-30 14:45:00,2026-05-03 14:45:00,2026-05-02 22:12:32.534203,Delivered,3,3,Standard,Eskisehir,159,5.67,195.47,None
1979,2026-04-30 16:30:00,2026-05-01 22:30:00,2026-05-01 10:52:34.564248,Delivered,1,3,Next Day,Antalya,35,4.57,281.31,None
1980,2026-04-30 12:00:00,2026-05-03 12:00:00,,Failed,2,2,Standard,Antalya,773,11.75,208.53,None
1981,2026-04-30 15:00:00,2026-05-03 15:00:00,2026-05-03 06:57:16.285364,Delivered,5,4,Standard,Istanbul,352,15.8,271.73,None
1982,2026-04-30 12:30:00,2026-05-03 12:30:00,2026-05-03 06:57:15.878058,Delivered,3,3,Standard,Eskisehir,454,10.29,21.98,None
1983,2026-04-30 08:00:00,2026-05-01 14:00:00,2026-05-03 06:34:14.487681,Delivered,4,3,Next Day,Konya,522,8.8,205.03,Carrier Capacity
1984,2026-05-01 11:30:00,2026-05-04 11:30:00,2026-05-04 05:54:17.916131,Delivered,2,1,Standard,Izmir,448,3.69,273.34,None
1985,2026-05-01 09:30:00,2026-05-04 09:30:00,2026-05-03 22:37:26.631048,Delivered,5,2,Standard,Adana,89,9.86,140.83,None
1986,2026-05-01 18:30:00,2026-05-04 18:30:00,2026-05-04 06:03:11.658224,Delivered,3,2,Standard,Istanbul,701,4.83,316.95,None
1987,2026-05-01 08:00:00,2026-05-04 08:00:00,2026-05-03 17:11:42.910877,Delivered,5,2,Standard,Konya,27,10.84,282.68,None
1988,2026-05-01 07:30:00,2026-05-02 13:30:00,2026-05-02 05:33:10.507962,Delivered,5,3,Next Day,Bursa,502,3.51,169.54,None
1989,2026-05-01 14:00:00,2026-05-02 20:00:00,2026-05-02 13:31:13.468158,Delivered,6,1,Next Day,Adana,70,16.12,45.04,None
1990,2026-05-01 12:00:00,2026-05-02 18:00:00,2026-05-02 14:12:51.198559,Delivered,2,3,Next Day,Eskisehir,249,12.38,126.37,None
1991,2026-05-01 15:30:00,2026-05-04 15:30:00,,Failed,1,4,Standard,Izmir,16,8.04,71.69,None
1992,2026-05-01 11:15:00,2026-05-02 17:15:00,2026-05-03 03:46:29.306241,Delivered,1,3,Next Day,Gaziantep,394,6.99,240.08,Weather
1993,2026-05-01 13:00:00,2026-05-04 13:00:00,2026-05-04 01:47:07.863690,Delivered,4,2,Standard,Izmir,25,15.05,297.11,None
1994,2026-05-01 18:45:00,2026-05-04 18:45:00,2026-05-04 01:09:23.845669,Delivered,1,2,Standard,Adana,460,13.66,189.54,None
1995,2026-05-01 07:30:00,2026-05-02 13:30:00,2026-05-02 01:03:40.426533,Delivered,5,3,Next Day,Mersin,233,9.26,30.67,None
1996,2026-05-01 17:00:00,2026-05-02 23:00:00,2026-05-02 12:39:46.886304,Delivered,2,1,Next Day,Izmir,145,14.86,34.77,None
1997,2026-05-01 14:30:00,2026-05-04 14:30:00,2026-05-04 04:16:13.105354,Delivered,1,3,Standard,Izmir,101,13.44,308.57,None
1998,2026-05-01 09:00:00,2026-05-02 15:00:00,2026-05-02 02:07:44.070924,Delivered,1,3,Next Day,Konya,244,6.03,284.02,None
1999,2026-05-01 07:15:00,2026-05-04 07:15:00,2026-05-03 21:19:53.582050,Delivered,6,3,Standard,Antalya,96,9.96,259.33,None
2000,2026-05-01 10:45:00,2026-05-04 10:45:00,2026-05-04 08:42:20.557205,Delivered,3,2,Standard,Antalya,756,10.71,205.17,None
2001,2026-05-01 18:45:00,2026-05-02 04:45:00,2026-05-01 23:08:18.965832,Delivered,1,1,Same Day,Izmir,360,19.51,300.88,None
2002,2026-05-01 14:15:00,2026-05-04 14:15:00,2026-05-04 03:39:19.710551,Delivered,3,3,Standard,Ankara,259,3.56,207.36,None
2003,2026-05-01 09:30:00,2026-05-04 09:30:00,2026-05-04 00:55:03.031327,Delivered,3,4,Standard,Ankara,475,15.57,270.85,None
2004,2026-05-01 10:15:00,2026-05-04 10:15:00,2026-05-03 22:29:16.737106,Delivered,1,4,Standard,Gaziantep,685,3.69,219.32,None
2005,2026-05-01 12:45:00,2026-05-02 18:45:00,2026-05-02 15:12:45.748848,Delivered,6,1,Next Day,Eskisehir,383,4.14,124.72,None
2006,2026-05-02 10:45:00,2026-05-05 10:45:00,2026-05-04 18:37:00.741610,Delivered,1,2,Standard,Eskisehir,241,13.77,48.37,None
2007,2026-05-02 18:00:00,2026-05-05 18:00:00,2026-05-05 06:27:26.468273,Delivered,6,4,Standard,Konya,114,3.93,30.58,None
2008,2026-05-02 16:15:00,2026-05-05 16:15:00,2026-05-06 21:15:26.168261,Delivered,2,2,Standard,Mersin,415,12.85,226.82,Carrier Capacity
2009,2026-05-02 12:15:00,2026-05-05 12:15:00,2026-05-05 07:11:26.016496,Delivered,2,3,Standard,Ankara,775,11.83,99.12,None
2010,2026-05-02 07:15:00,2026-05-03 13:15:00,2026-05-03 01:41:15.507125,Delivered,6,4,Next Day,Eskisehir,458,6.12,285.85,None
2011,2026-05-02 08:45:00,2026-05-02 18:45:00,2026-05-02 11:14:50.659376,Delivered,1,2,Same Day,Izmir,410,12.88,267.75,None
2012,2026-05-02 08:15:00,2026-05-05 08:15:00,2026-05-04 15:06:18.182987,Delivered,1,3,Standard,Bursa,548,11.96,220.61,None
2013,2026-05-02 12:00:00,2026-05-05 12:00:00,2026-05-05 02:14:12.765363,Delivered,1,2,Standard,Antalya,11,14.96,191.81,None
2014,2026-05-02 12:45:00,2026-05-05 12:45:00,2026-05-04 20:09:06.653715,Delivered,3,4,Standard,Ankara,458,9.33,225.13,None
2015,2026-05-02 09:30:00,2026-05-05 09:30:00,2026-05-07 00:35:16.616991,Delivered,4,3,Standard,Antalya,243,10.31,239.56,Weather
2016,2026-05-02 14:45:00,2026-05-03 20:45:00,2026-05-03 07:14:59.082742,Delivered,1,3,Next Day,Adana,395,4.51,192.84,None
2017,2026-05-02 10:15:00,2026-05-03 16:15:00,2026-05-02 22:29:32.122469,Delivered,5,3,Next Day,Konya,139,4.46,193.01,None
2018,2026-05-02 12:30:00,2026-05-03 18:30:00,2026-05-03 10:21:05.440874,Delivered,1,1,Next Day,Istanbul,360,14.47,90.94,None
2019,2026-05-02 17:00:00,2026-05-03 23:00:00,2026-05-03 21:05:51.286125,Delivered,1,3,Next Day,Mersin,589,10.36,315.55,None
2020,2026-05-02 17:15:00,2026-05-05 17:15:00,2026-05-05 04:18:02.207357,Delivered,4,4,Standard,Mersin,678,4.17,173.85,None
2021,2026-05-02 13:00:00,2026-05-03 19:00:00,2026-05-03 09:49:35.129336,Delivered,1,3,Next Day,Gaziantep,580,4.92,142.74,None
2022,2026-05-02 07:45:00,2026-05-03 13:45:00,2026-05-03 12:19:33.127752,Delivered,3,3,Next Day,Ankara,269,11.31,203.33,None
2023,2026-05-02 17:30:00,2026-05-05 17:30:00,2026-05-05 08:16:31.205511,Delivered,5,4,Standard,Antalya,770,6.06,150.74,None
2024,2026-05-02 11:00:00,2026-05-03 17:00:00,2026-05-03 08:21:24.345796,Delivered,6,3,Next Day,Gaziantep,30,6.38,250.98,None
2025,2026-05-02 10:45:00,2026-05-03 16:45:00,2026-05-03 01:03:49.159742,Delivered,3,4,Next Day,Konya,555,7.17,119.43,None
2026,2026-05-03 11:00:00,2026-05-06 11:00:00,2026-05-06 05:13:19.398468,Delivered,3,3,Standard,Istanbul,371,10.84,22.1,None
2027,2026-05-03 07:00:00,2026-05-06 07:00:00,2026-05-06 05:22:58.651608,Delivered,6,1,Standard,Adana,656,5.8,308.44,None
2028,2026-05-03 18:45:00,2026-05-06 18:45:00,2026-05-06 04:42:45.421422,Delivered,2,3,Standard,Bursa,263,10.75,240.63,None
2029,2026-05-03 16:15:00,2026-05-04 02:15:00,2026-05-03 16:31:25.981801,Delivered,2,3,Same Day,Mersin,17,10.81,298.46,None
2030,2026-05-03 18:45:00,2026-05-06 18:45:00,2026-05-06 17:34:15.454843,Delivered,1,2,Standard,Ankara,406,10.64,248.37,None
2031,2026-05-03 14:45:00,2026-05-04 20:45:00,2026-05-04 14:03:06.411030,Delivered,6,2,Next Day,Gaziantep,560,4.04,292.89,None
2032,2026-05-03 15:30:00,2026-05-04 21:30:00,2026-05-04 09:03:58.898784,Delivered,1,1,Next Day,Mersin,602,13.13,160.78,None
2033,2026-05-03 07:15:00,2026-05-03 17:15:00,2026-05-03 03:59:11.399157,Delivered,2,4,Same Day,Bursa,332,19.16,78.09,None
2034,2026-05-03 16:30:00,2026-05-04 02:30:00,2026-05-05 15:43:37.053472,Delivered,5,1,Same Day,Istanbul,551,22.95,175.83,Weather
2035,2026-05-03 08:45:00,2026-05-06 08:45:00,2026-05-06 05:17:46.038587,Delivered,1,1,Standard,Adana,190,16.27,99.62,None
2036,2026-05-03 10:15:00,2026-05-04 16:15:00,2026-05-04 01:56:48.736979,Delivered,1,2,Next Day,Gaziantep,403,5.35,224.47,None
2037,2026-05-03 18:15:00,2026-05-04 04:15:00,2026-05-04 02:52:15.958172,Delivered,6,1,Same Day,Gaziantep,553,20.32,46.82,None
2038,2026-05-03 12:15:00,2026-05-04 18:15:00,2026-05-04 12:41:50.248145,Delivered,1,3,Next Day,Antalya,409,12.79,145.54,None
2039,2026-05-03 16:15:00,2026-05-06 16:15:00,2026-05-06 13:57:19.458132,Delivered,3,3,Standard,Gaziantep,271,16.45,270.75,None
2040,2026-05-03 14:00:00,2026-05-04 20:00:00,2026-05-04 08:27:52.915372,Delivered,1,4,Next Day,Eskisehir,382,9.49,141.08,None
2041,2026-05-04 11:45:00,2026-05-05 17:45:00,2026-05-05 11:53:04.408431,Delivered,1,1,Next Day,Eskisehir,229,3.53,265.66,None
2042,2026-05-04 18:45:00,2026-05-06 00:45:00,2026-05-05 12:48:44.074830,Delivered,1,3,Next Day,Istanbul,548,6.82,89.25,None
2043,2026-05-04 17:45:00,2026-05-05 23:45:00,2026-05-05 07:34:55.530711,Delivered,4,3,Next Day,Ankara,8,12.18,78.18,None
2044,2026-05-04 09:00:00,2026-05-07 09:00:00,2026-05-07 02:26:27.401379,Delivered,1,2,Standard,Antalya,105,10.38,233.07,None
2045,2026-05-04 13:45:00,2026-05-05 19:45:00,2026-05-05 04:44:25.534454,Delivered,3,2,Next Day,Konya,280,4.61,45.29,None
2046,2026-05-04 12:00:00,2026-05-07 12:00:00,2026-05-06 23:35:52.754906,Delivered,1,3,Standard,Antalya,502,7.97,129.12,None
2047,2026-05-04 08:00:00,2026-05-05 14:00:00,2026-05-05 07:06:33.866799,Delivered,1,4,Next Day,Istanbul,370,13.36,170.74,None
2048,2026-05-04 07:30:00,2026-05-07 07:30:00,,Failed,1,1,Standard,Antalya,541,6.5,247.22,Hub Congestion
2049,2026-05-04 17:45:00,2026-05-05 23:45:00,2026-05-05 11:52:15.570026,Delivered,1,4,Next Day,Antalya,425,9.31,152.09,None
2050,2026-05-04 13:00:00,2026-05-05 19:00:00,2026-05-05 15:31:59.544781,Delivered,1,1,Next Day,Istanbul,661,6.31,179.08,None
2051,2026-05-04 11:00:00,2026-05-07 11:00:00,2026-05-07 05:50:08.715732,Delivered,6,3,Standard,Ankara,269,4.36,222.7,None
2052,2026-05-04 18:15:00,2026-05-07 18:15:00,2026-05-09 09:16:34.997680,Delivered,1,1,Standard,Eskisehir,650,10.92,164.86,Hub Congestion
2053,2026-05-04 11:00:00,2026-05-04 21:00:00,2026-05-04 06:26:45.079890,Delivered,6,2,Same Day,Izmir,323,18.22,184.79,None
2054,2026-05-04 14:15:00,2026-05-07 14:15:00,2026-05-06 20:43:29.489953,Delivered,4,2,Standard,Istanbul,687,8.76,59.02,None
2055,2026-05-04 08:45:00,2026-05-07 08:45:00,2026-05-06 23:56:33.603036,Delivered,3,1,Standard,Mersin,446,12.48,212.11,None
2056,2026-05-04 18:30:00,2026-05-07 18:30:00,2026-05-07 13:24:21.305362,Delivered,6,1,Standard,Bursa,23,5.91,239.14,None
2057,2026-05-04 14:45:00,2026-05-05 00:45:00,2026-05-06 17:44:00.809886,Delivered,4,3,Same Day,Eskisehir,60,16.86,76.99,Hub Congestion
2058,2026-05-04 18:15:00,2026-05-07 18:15:00,2026-05-07 02:12:12.783758,Delivered,2,4,Standard,Eskisehir,181,7.71,179.66,None
2059,2026-05-05 18:15:00,2026-05-08 18:15:00,2026-05-08 04:47:18.455196,Delivered,1,2,Standard,Antalya,657,9.55,216.22,None
2060,2026-05-05 17:30:00,2026-05-08 17:30:00,2026-05-08 10:48:08.290240,Delivered,2,2,Standard,Antalya,406,10.69,31.9,None
2061,2026-05-05 11:00:00,2026-05-08 11:00:00,2026-05-08 05:21:14.044102,Delivered,3,1,Standard,Mersin,558,5.31,93.18,None
2062,2026-05-05 11:15:00,2026-05-05 21:15:00,2026-05-05 04:31:35.167653,Delivered,1,1,Same Day,Adana,58,21.75,209.82,None
2063,2026-05-05 12:15:00,2026-05-08 12:15:00,2026-05-07 18:22:05.710681,Delivered,3,3,Standard,Konya,703,12.94,264.87,None
2064,2026-05-05 11:45:00,2026-05-06 17:45:00,2026-05-06 06:27:32.310682,Delivered,1,2,Next Day,Adana,537,3.97,183.46,None
2065,2026-05-05 07:45:00,2026-05-08 07:45:00,2026-05-07 20:02:21.844881,Delivered,2,2,Standard,Antalya,769,14.55,35.23,None
2066,2026-05-05 10:30:00,2026-05-08 10:30:00,2026-05-08 06:22:45.518093,Delivered,1,4,Standard,Adana,404,13.41,234.49,None
2067,2026-05-05 11:00:00,2026-05-06 17:00:00,2026-05-05 23:47:48.651227,Delivered,2,2,Next Day,Izmir,469,14.51,38.54,None
2068,2026-05-05 09:15:00,2026-05-08 09:15:00,2026-05-08 04:22:35.412815,Delivered,6,3,Standard,Antalya,689,5.28,104.12,None
2069,2026-05-05 10:00:00,2026-05-08 10:00:00,2026-05-07 21:36:25.805139,Delivered,2,2,Standard,Gaziantep,414,15.25,273.13,None
2070,2026-05-05 11:00:00,2026-05-06 17:00:00,2026-05-06 09:39:55.862237,Delivered,5,3,Next Day,Gaziantep,603,12.61,257.34,None
2071,2026-05-05 10:45:00,2026-05-08 10:45:00,2026-05-07 20:20:25.061125,Delivered,6,3,Standard,Bursa,175,7.29,116.65,None
2072,2026-05-05 17:30:00,2026-05-06 03:30:00,2026-05-06 06:44:27.765246,Delivered,2,3,Same Day,Izmir,532,12.88,274.82,Weather
2073,2026-05-05 09:45:00,2026-05-06 15:45:00,2026-05-05 23:18:49.776363,Delivered,1,1,Next Day,Izmir,465,15.17,264.02,None
2074,2026-05-05 12:00:00,2026-05-08 12:00:00,2026-05-08 10:28:53.751534,Delivered,1,1,Standard,Mersin,613,8.34,293.56,None
2075,2026-05-05 07:15:00,2026-05-06 13:15:00,2026-05-06 01:00:43.482665,Delivered,2,2,Next Day,Antalya,140,14.64,318.4,None
2076,2026-05-05 08:30:00,2026-05-06 14:30:00,2026-05-06 05:31:11.091220,Delivered,2,1,Next Day,Gaziantep,322,8.95,275.63,None
2077,2026-05-06 09:00:00,2026-05-07 15:00:00,2026-05-08 12:06:26.031223,Delivered,4,3,Next Day,Gaziantep,625,9.98,114.8,Address Issue
2078,2026-05-06 13:30:00,2026-05-07 19:30:00,2026-05-07 06:41:57.636955,Delivered,1,1,Next Day,Istanbul,646,10.04,232.7,None
2079,2026-05-06 12:00:00,2026-05-07 18:00:00,2026-05-07 06:00:27.772523,Delivered,2,1,Next Day,Mersin,226,7.35,222.0,None
2080,2026-05-06 10:45:00,2026-05-09 10:45:00,2026-05-08 19:22:22.103030,Delivered,6,3,Standard,Eskisehir,93,13.14,213.91,None
2081,2026-05-06 14:30:00,2026-05-07 00:30:00,2026-05-08 15:50:30.413636,Delivered,6,1,Same Day,Konya,663,11.62,273.66,Address Issue
2082,2026-05-06 12:30:00,2026-05-09 12:30:00,2026-05-09 02:50:03.673987,Delivered,2,1,Standard,Ankara,592,4.92,73.74,None
2083,2026-05-06 17:30:00,2026-05-07 23:30:00,2026-05-07 21:15:43.618048,Delivered,1,2,Next Day,Ankara,526,7.51,74.73,None
2084,2026-05-06 11:15:00,2026-05-09 11:15:00,2026-05-11 04:39:10.169659,Delivered,2,3,Standard,Adana,423,14.79,273.7,Carrier Capacity
2085,2026-05-06 11:30:00,2026-05-09 11:30:00,2026-05-09 08:50:49.612552,Delivered,3,2,Standard,Antalya,94,11.02,257.63,None
2086,2026-05-06 12:15:00,2026-05-07 18:15:00,2026-05-07 12:07:09.728356,Delivered,1,2,Next Day,Istanbul,20,9.85,282.94,None
2087,2026-05-06 16:30:00,2026-05-07 02:30:00,2026-05-07 23:50:16.737059,Delivered,5,2,Same Day,Mersin,250,16.87,220.78,Carrier Capacity
2088,2026-05-06 08:30:00,2026-05-09 08:30:00,2026-05-08 15:38:51.862613,Delivered,5,4,Standard,Bursa,169,16.27,288.17,None
2089,2026-05-06 07:00:00,2026-05-09 07:00:00,2026-05-09 04:25:28.192694,Delivered,3,2,Standard,Bursa,640,7.91,279.67,None
2090,2026-05-06 13:45:00,2026-05-07 19:45:00,2026-05-07 12:33:35.518981,Delivered,1,1,Next Day,Gaziantep,689,9.34,191.07,None
2091,2026-05-06 16:30:00,2026-05-09 16:30:00,2026-05-08 23:32:53.880025,Delivered,6,3,Standard,Konya,687,9.38,214.4,None
2092,2026-05-06 17:30:00,2026-05-07 03:30:00,2026-05-06 18:24:16.442244,Delivered,4,2,Same Day,Izmir,10,21.19,258.76,None
2093,2026-05-07 12:30:00,2026-05-08 18:30:00,2026-05-08 05:22:15.623177,Delivered,1,1,Next Day,Istanbul,696,8.17,160.99,None
2094,2026-05-07 09:30:00,2026-05-07 19:30:00,2026-05-07 07:33:03.441294,Delivered,3,1,Same Day,Antalya,729,11.44,188.3,None
2095,2026-05-07 16:00:00,2026-05-10 16:00:00,2026-05-10 14:17:13.295525,Delivered,6,2,Standard,Izmir,386,10.57,152.36,None
2096,2026-05-07 11:45:00,2026-05-10 11:45:00,2026-05-09 21:58:46.404324,Delivered,2,2,Standard,Bursa,717,15.64,218.71,None
2097,2026-05-07 14:00:00,2026-05-10 14:00:00,2026-05-10 08:41:10.952553,Delivered,1,2,Standard,Gaziantep,361,10.4,141.98,None
2098,2026-05-07 12:45:00,2026-05-10 12:45:00,2026-05-11 11:31:25.820980,Delivered,2,1,Standard,Istanbul,228,3.74,281.5,Vehicle Breakdown
2099,2026-05-07 16:30:00,2026-05-10 16:30:00,2026-05-11 09:04:05.315955,Delivered,2,2,Standard,Mersin,387,4.07,150.85,Carrier Capacity
2100,2026-05-07 09:30:00,2026-05-10 09:30:00,2026-05-11 14:17:02.466030,Delivered,1,4,Standard,Antalya,761,5.84,318.37,Carrier Capacity
2101,2026-05-07 10:15:00,2026-05-10 10:15:00,2026-05-09 21:11:46.220442,Delivered,5,1,Standard,Eskisehir,304,15.17,214.73,None
2102,2026-05-07 15:00:00,2026-05-08 21:00:00,2026-05-08 12:35:43.471011,Delivered,3,3,Next Day,Eskisehir,260,8.29,134.56,None
2103,2026-05-07 09:45:00,2026-05-10 09:45:00,2026-05-09 23:08:57.989823,Delivered,1,3,Standard,Gaziantep,465,6.72,213.08,None
2104,2026-05-07 15:30:00,2026-05-10 15:30:00,2026-05-10 12:04:39.712798,Delivered,6,2,Standard,Konya,11,7.08,55.54,None
2105,2026-05-07 07:00:00,2026-05-08 13:00:00,2026-05-10 06:37:43.570291,Delivered,3,1,Next Day,Mersin,515,5.22,209.03,Vehicle Breakdown
2106,2026-05-07 09:30:00,2026-05-07 19:30:00,2026-05-07 09:34:06.740266,Delivered,1,3,Same Day,Eskisehir,259,14.78,34.85,None
2107,2026-05-07 13:30:00,2026-05-08 19:30:00,2026-05-08 06:22:40.845377,Delivered,4,2,Next Day,Ankara,314,5.38,310.2,None
2108,2026-05-07 14:15:00,2026-05-08 20:15:00,2026-05-08 12:18:12.885136,Delivered,5,3,Next Day,Istanbul,58,7.37,82.93,None
2109,2026-05-07 15:45:00,2026-05-08 21:45:00,2026-05-08 19:04:55.355707,Delivered,2,1,Next Day,Ankara,481,15.65,128.85,None
2110,2026-05-08 09:15:00,2026-05-08 19:15:00,2026-05-08 08:07:54.173204,Delivered,2,1,Same Day,Bursa,422,12.19,309.83,None
2111,2026-05-08 07:15:00,2026-05-11 07:15:00,2026-05-11 03:46:32.265129,Delivered,6,2,Standard,Antalya,265,13.64,133.16,None
2112,2026-05-08 09:45:00,2026-05-11 09:45:00,2026-05-10 22:44:35.762826,Delivered,2,4,Standard,Adana,496,15.3,203.82,None
2113,2026-05-08 15:15:00,2026-05-11 15:15:00,2026-05-11 01:10:42.830895,Delivered,5,2,Standard,Gaziantep,573,14.02,156.04,None
2114,2026-05-08 14:45:00,2026-05-09 20:45:00,2026-05-09 09:32:49.634320,Delivered,1,4,Next Day,Istanbul,52,3.51,246.18,None
2115,2026-05-08 11:00:00,2026-05-11 11:00:00,,Failed,3,4,Standard,Gaziantep,773,15.97,163.98,None
2116,2026-05-08 17:00:00,2026-05-11 17:00:00,2026-05-11 08:07:48.500551,Delivered,3,3,Standard,Mersin,475,12.48,30.73,None
2117,2026-05-08 14:45:00,2026-05-09 20:45:00,2026-05-09 06:57:01.158665,Delivered,5,2,Next Day,Konya,274,9.79,283.86,None
2118,2026-05-08 07:30:00,2026-05-11 07:30:00,2026-05-10 19:30:21.032262,Delivered,6,4,Standard,Gaziantep,338,4.44,109.16,None
2119,2026-05-08 17:00:00,2026-05-11 17:00:00,2026-05-11 13:12:09.221874,Delivered,2,2,Standard,Izmir,380,11.99,184.18,None
2120,2026-05-08 15:45:00,2026-05-11 15:45:00,2026-05-11 03:19:28.336725,Delivered,2,2,Standard,Istanbul,320,13.31,119.49,None
2121,2026-05-08 16:30:00,2026-05-09 22:30:00,2026-05-11 11:46:13.791907,Delivered,2,3,Next Day,Ankara,392,16.3,211.35,Hub Congestion
2122,2026-05-08 13:15:00,2026-05-08 23:15:00,2026-05-08 08:12:16.083622,Delivered,4,1,Same Day,Konya,718,21.73,218.67,None
2123,2026-05-08 16:00:00,2026-05-09 22:00:00,2026-05-09 11:04:14.213115,Delivered,1,2,Next Day,Izmir,664,16.18,85.21,None
2124,2026-05-08 12:45:00,2026-05-11 12:45:00,2026-05-12 09:03:02.241774,Delivered,4,1,Standard,Izmir,323,10.58,166.97,Customer Unavailable
2125,2026-05-08 15:45:00,2026-05-09 01:45:00,2026-05-08 15:39:36.378254,Delivered,1,2,Same Day,Eskisehir,461,15.84,228.34,None
2126,2026-05-08 15:45:00,2026-05-11 15:45:00,2026-05-11 04:17:15.783885,Delivered,4,1,Standard,Adana,111,14.5,89.57,None
2127,2026-05-08 13:15:00,2026-05-09 19:15:00,2026-05-09 06:02:39.526145,Delivered,1,3,Next Day,Bursa,56,8.73,258.73,None
2128,2026-05-08 17:30:00,2026-05-09 23:30:00,2026-05-11 04:50:50.362266,Delivered,5,2,Next Day,Izmir,293,11.54,34.51,Vehicle Breakdown
2129,2026-05-08 16:45:00,2026-05-11 16:45:00,2026-05-11 02:30:36.728090,Delivered,5,2,Standard,Adana,422,11.8,223.88,None
2130,2026-05-09 18:30:00,2026-05-11 00:30:00,2026-05-10 06:40:51.907056,Delivered,3,1,Next Day,Gaziantep,157,10.53,91.97,None
2131,2026-05-09 18:15:00,2026-05-12 18:15:00,2026-05-12 03:11:40.377758,Delivered,4,2,Standard,Istanbul,596,13.33,121.07,None
2132,2026-05-09 08:15:00,2026-05-12 08:15:00,2026-05-12 05:38:23.536693,Delivered,5,3,Standard,Mersin,686,11.36,275.73,None
2133,2026-05-09 09:00:00,2026-05-10 15:00:00,2026-05-09 21:48:53.663255,Delivered,2,1,Next Day,Antalya,499,4.26,276.58,None
2134,2026-05-09 12:15:00,2026-05-12 12:15:00,2026-05-12 08:13:35.868254,Delivered,1,2,Standard,Izmir,543,16.26,152.74,None
2135,2026-05-09 14:45:00,2026-05-12 14:45:00,2026-05-11 21:01:01.456413,Delivered,1,3,Standard,Istanbul,75,9.56,76.65,None
2136,2026-05-09 13:00:00,2026-05-12 13:00:00,2026-05-11 23:24:02.349111,Delivered,2,2,Standard,Mersin,172,7.34,65.83,None
2137,2026-05-09 13:45:00,2026-05-10 19:45:00,2026-05-10 23:17:06.126561,Delivered,3,2,Next Day,Gaziantep,100,6.48,290.38,Weather
2138,2026-05-09 17:15:00,2026-05-12 17:15:00,2026-05-14 02:04:20.555631,Delivered,2,4,Standard,Izmir,185,5.14,48.23,Customer Unavailable
2139,2026-05-09 17:15:00,2026-05-10 03:15:00,2026-05-11 01:54:20.267063,Delivered,1,3,Same Day,Eskisehir,728,18.37,284.44,Hub Congestion
2140,2026-05-09 16:45:00,2026-05-10 22:45:00,2026-05-10 14:31:38.647748,Delivered,2,1,Next Day,Istanbul,188,14.1,291.08,None
2141,2026-05-09 10:15:00,2026-05-10 16:15:00,2026-05-10 15:00:18.050528,Delivered,1,1,Next Day,Izmir,394,11.13,237.8,None
2142,2026-05-09 07:15:00,2026-05-09 17:15:00,2026-05-09 01:45:25.837212,Delivered,6,4,Same Day,Izmir,436,10.52,248.99,None
2143,2026-05-09 07:00:00,2026-05-09 17:00:00,2026-05-09 06:33:17.949374,Delivered,4,1,Same Day,Mersin,546,20.9,73.23,None
2144,2026-05-09 10:45:00,2026-05-10 16:45:00,2026-05-10 05:53:58.903040,Delivered,6,3,Next Day,Ankara,176,10.32,263.61,None
2145,2026-05-10 15:15:00,2026-05-11 01:15:00,2026-05-10 08:01:00.495427,Delivered,1,2,Same Day,Eskisehir,71,19.78,315.67,None
2146,2026-05-10 13:15:00,2026-05-11 19:15:00,2026-05-11 09:12:01.864282,Delivered,1,3,Next Day,Izmir,582,13.11,264.42,None
2147,2026-05-10 10:00:00,2026-05-13 10:00:00,2026-05-14 02:37:36.250446,Delivered,1,3,Standard,Mersin,594,9.84,107.26,Address Issue
2148,2026-05-10 09:00:00,2026-05-13 09:00:00,2026-05-13 01:28:08.967235,Delivered,6,1,Standard,Mersin,436,15.72,68.46,None
2149,2026-05-10 10:45:00,2026-05-10 20:45:00,2026-05-10 12:01:34.343014,Delivered,1,2,Same Day,Bursa,202,16.83,247.98,None
2150,2026-05-10 15:45:00,2026-05-13 15:45:00,2026-05-13 05:09:17.059907,Delivered,5,3,Standard,Konya,364,8.27,298.25,None
2151,2026-05-10 18:15:00,2026-05-13 18:15:00,2026-05-13 02:59:54.095073,Delivered,6,2,Standard,Bursa,597,11.43,149.87,None
2152,2026-05-10 09:15:00,2026-05-13 09:15:00,2026-05-15 06:17:21.624535,Delivered,1,1,Standard,Izmir,77,9.92,237.94,Hub Congestion
2153,2026-05-10 17:30:00,2026-05-11 23:30:00,2026-05-11 06:20:03.569595,Delivered,2,1,Next Day,Antalya,509,11.59,54.92,None
2154,2026-05-10 15:15:00,2026-05-13 15:15:00,2026-05-13 11:34:32.876960,Delivered,2,4,Standard,Adana,703,4.53,265.03,None
2155,2026-05-10 07:00:00,2026-05-11 13:00:00,2026-05-13 00:25:18.137333,Delivered,6,4,Next Day,Antalya,206,12.98,150.96,Hub Congestion
2156,2026-05-10 12:30:00,2026-05-11 18:30:00,2026-05-11 00:48:03.995691,Delivered,3,3,Next Day,Antalya,180,13.64,114.19,None
2157,2026-05-10 13:30:00,2026-05-10 23:30:00,2026-05-10 22:21:35.062868,Delivered,1,3,Same Day,Mersin,411,17.63,100.56,None
2158,2026-05-10 15:00:00,2026-05-11 21:00:00,,Failed,1,1,Next Day,Konya,32,9.36,145.3,None
2159,2026-05-10 13:00:00,2026-05-10 23:00:00,2026-05-12 05:21:55.098723,Delivered,1,1,Same Day,Izmir,760,17.48,280.96,Vehicle Breakdown
2160,2026-05-10 13:15:00,2026-05-11 19:15:00,2026-05-11 08:54:52.517122,Delivered,5,3,Next Day,Gaziantep,350,6.4,222.18,None
2161,2026-05-10 17:15:00,2026-05-13 17:15:00,2026-05-13 01:26:04.820597,Delivered,1,3,Standard,Istanbul,725,9.21,283.3,None
2162,2026-05-10 17:00:00,2026-05-13 17:00:00,2026-05-13 03:57:51.086337,Delivered,1,2,Standard,Istanbul,282,13.18,233.33,None
2163,2026-05-11 13:45:00,2026-05-12 19:45:00,2026-05-12 10:56:55.927647,Delivered,1,3,Next Day,Istanbul,85,11.16,121.61,None
2164,2026-05-11 14:15:00,2026-05-12 00:15:00,2026-05-11 10:14:55.616282,Delivered,2,3,Same Day,Eskisehir,498,18.59,154.59,None
2165,2026-05-11 18:45:00,2026-05-13 00:45:00,2026-05-12 18:51:20.410502,Delivered,1,3,Next Day,Antalya,160,13.56,284.41,None
2166,2026-05-11 17:00:00,2026-05-12 23:00:00,2026-05-12 18:24:42.172455,Delivered,2,2,Next Day,Izmir,67,14.97,28.86,None
2167,2026-05-11 16:30:00,2026-05-14 16:30:00,2026-05-14 09:58:38.640459,Delivered,4,1,Standard,Konya,666,4.11,87.47,None
2168,2026-05-11 16:00:00,2026-05-12 22:00:00,2026-05-12 12:42:23.978821,Delivered,1,1,Next Day,Istanbul,690,4.67,151.57,None
2169,2026-05-11 11:45:00,2026-05-12 17:45:00,2026-05-12 10:10:17.815818,Delivered,3,2,Next Day,Adana,18,4.07,66.96,None
2170,2026-05-11 18:45:00,2026-05-13 00:45:00,2026-05-14 00:59:50.745001,Delivered,1,2,Next Day,Mersin,756,4.12,156.0,Customer Unavailable
2171,2026-05-11 08:15:00,2026-05-14 08:15:00,2026-05-13 16:13:23.639530,Delivered,5,3,Standard,Izmir,240,12.02,32.14,None
2172,2026-05-11 10:45:00,2026-05-14 10:45:00,2026-05-13 18:16:29.711688,Delivered,4,3,Standard,Antalya,196,15.5,295.5,None
2173,2026-05-11 17:00:00,2026-05-14 17:00:00,2026-05-14 04:51:17.784524,Delivered,6,2,Standard,Gaziantep,290,4.46,275.81,None
2174,2026-05-11 17:15:00,2026-05-14 17:15:00,2026-05-14 05:09:08.283745,Delivered,4,4,Standard,Bursa,490,10.43,195.69,None
2175,2026-05-11 15:00:00,2026-05-12 01:00:00,2026-05-11 21:13:49.216724,Delivered,6,1,Same Day,Izmir,75,15.52,317.55,None
2176,2026-05-11 10:30:00,2026-05-14 10:30:00,2026-05-15 18:07:46.642999,Delivered,4,1,Standard,Eskisehir,249,10.6,195.61,Carrier Capacity
2177,2026-05-11 10:30:00,2026-05-14 10:30:00,2026-05-14 15:22:22.651142,Delivered,1,4,Standard,Antalya,33,15.8,174.5,Address Issue
2178,2026-05-11 16:45:00,2026-05-14 16:45:00,2026-05-14 14:13:24.880420,Delivered,1,1,Standard,Ankara,416,8.91,278.55,None
2179,2026-05-11 13:15:00,2026-05-14 13:15:00,2026-05-14 08:02:04.956793,Delivered,1,2,Standard,Gaziantep,48,6.75,38.63,None
2180,2026-05-11 14:00:00,2026-05-12 20:00:00,2026-05-12 11:09:09.290352,Delivered,1,2,Next Day,Bursa,322,7.68,56.45,None
2181,2026-05-11 15:30:00,2026-05-14 15:30:00,2026-05-16 10:50:30.168648,Delivered,6,2,Standard,Izmir,269,16.12,214.34,Carrier Capacity
2182,2026-05-11 18:00:00,2026-05-14 18:00:00,2026-05-14 05:05:23.864855,Delivered,5,2,Standard,Bursa,115,4.55,49.72,None
2183,2026-05-11 17:30:00,2026-05-14 17:30:00,2026-05-14 11:05:15.887609,Delivered,5,2,Standard,Ankara,697,7.99,164.21,None
2184,2026-05-12 12:15:00,2026-05-15 12:15:00,2026-05-15 01:47:32.662153,Delivered,3,2,Standard,Ankara,242,10.33,306.26,None
2185,2026-05-12 09:00:00,2026-05-15 09:00:00,2026-05-15 05:16:05.433830,Delivered,2,2,Standard,Mersin,557,9.1,317.89,None
2186,2026-05-12 10:45:00,2026-05-15 10:45:00,2026-05-17 06:38:55.070805,Delivered,1,3,Standard,Bursa,74,3.5,25.68,Address Issue
2187,2026-05-12 15:45:00,2026-05-13 21:45:00,2026-05-13 15:26:25.769745,Delivered,1,3,Next Day,Ankara,144,8.98,255.83,None
2188,2026-05-12 07:45:00,2026-05-12 17:45:00,2026-05-12 15:04:15.980695,Delivered,1,2,Same Day,Adana,122,22.87,226.56,None
2189,2026-05-12 09:00:00,2026-05-12 19:00:00,2026-05-12 08:18:04.038751,Delivered,4,2,Same Day,Bursa,34,12.05,132.65,None
2190,2026-05-12 09:00:00,2026-05-15 09:00:00,2026-05-15 04:32:14.257981,Delivered,3,4,Standard,Ankara,348,13.17,35.99,None
2191,2026-05-12 08:00:00,2026-05-15 08:00:00,2026-05-15 01:02:06.247597,Delivered,1,4,Standard,Istanbul,356,13.63,171.86,None
2192,2026-05-12 11:15:00,2026-05-15 11:15:00,2026-05-16 04:36:22.130049,Delivered,2,3,Standard,Antalya,165,10.33,109.98,Hub Congestion
2193,2026-05-12 16:30:00,2026-05-13 02:30:00,2026-05-12 18:13:19.660888,Delivered,3,4,Same Day,Istanbul,220,22.15,97.24,None
2194,2026-05-12 13:30:00,2026-05-15 13:30:00,2026-05-15 01:43:33.592673,Delivered,6,4,Standard,Bursa,612,15.31,104.85,None
2195,2026-05-12 14:00:00,2026-05-13 20:00:00,2026-05-13 07:56:00.183923,Delivered,6,2,Next Day,Antalya,87,8.16,277.16,None
2196,2026-05-13 10:00:00,2026-05-14 16:00:00,2026-05-14 03:36:46.860583,Delivered,5,1,Next Day,Bursa,203,4.68,41.13,None
2197,2026-05-13 17:00:00,2026-05-16 17:00:00,2026-05-16 00:24:51.161694,Delivered,1,2,Standard,Konya,575,8.67,84.11,None
2198,2026-05-13 17:45:00,2026-05-16 17:45:00,2026-05-16 05:43:37.285284,Delivered,1,1,Standard,Konya,597,4.94,147.0,None
2199,2026-05-13 14:45:00,2026-05-16 14:45:00,2026-05-16 06:32:31.445587,Delivered,2,3,Standard,Gaziantep,584,12.49,31.23,None
2200,2026-05-13 18:30:00,2026-05-16 18:30:00,2026-05-16 10:58:03.230064,Delivered,1,3,Standard,Gaziantep,606,13.01,96.06,None
2201,2026-05-13 17:45:00,2026-05-14 23:45:00,2026-05-14 21:45:45.695072,Delivered,2,1,Next Day,Eskisehir,378,7.5,115.02,None
2202,2026-05-13 17:45:00,2026-05-16 17:45:00,2026-05-16 03:52:29.508455,Delivered,3,2,Standard,Mersin,725,6.75,160.83,None
2203,2026-05-13 09:00:00,2026-05-14 15:00:00,2026-05-13 21:43:23.788637,Delivered,6,3,Next Day,Mersin,161,15.97,138.49,None
2204,2026-05-13 12:00:00,2026-05-14 18:00:00,2026-05-14 03:43:25.650724,Delivered,5,1,Next Day,Ankara,255,8.45,187.62,None
2205,2026-05-13 12:00:00,2026-05-16 12:00:00,2026-05-16 08:55:32.244448,Delivered,4,2,Standard,Izmir,700,10.54,36.1,None
2206,2026-05-13 15:00:00,2026-05-14 21:00:00,2026-05-14 16:30:16.866377,Delivered,6,1,Next Day,Izmir,559,9.61,156.47,None
2207,2026-05-13 09:15:00,2026-05-16 09:15:00,2026-05-15 19:46:27.759037,Delivered,4,2,Standard,Gaziantep,562,3.86,249.79,None
2208,2026-05-14 14:30:00,2026-05-15 20:30:00,2026-05-15 13:24:33.856107,Delivered,3,3,Next Day,Gaziantep,260,7.54,87.31,None
2209,2026-05-14 11:30:00,2026-05-15 17:30:00,2026-05-15 07:09:09.189294,Delivered,1,2,Next Day,Bursa,689,15.09,168.86,None
2210,2026-05-14 09:30:00,2026-05-17 09:30:00,2026-05-17 03:46:51.671484,Delivered,1,1,Standard,Gaziantep,493,8.51,289.64,None
2211,2026-05-14 10:45:00,2026-05-17 10:45:00,2026-05-17 08:00:58.272742,Delivered,4,1,Standard,Eskisehir,368,15.23,160.86,None
2212,2026-05-14 07:00:00,2026-05-15 13:00:00,2026-05-15 09:16:43.095010,Delivered,5,3,Next Day,Gaziantep,685,15.44,134.46,None
2213,2026-05-14 10:15:00,2026-05-17 10:15:00,2026-05-16 17:05:08.772375,Delivered,4,3,Standard,Izmir,137,14.62,146.03,None
2214,2026-05-14 12:45:00,2026-05-15 18:45:00,2026-05-15 00:55:07.757552,Delivered,2,1,Next Day,Eskisehir,182,5.69,196.57,None
2215,2026-05-14 15:15:00,2026-05-17 15:15:00,2026-05-17 10:01:16.887920,Delivered,3,2,Standard,Eskisehir,758,6.5,75.47,None
2216,2026-05-14 14:00:00,2026-05-17 14:00:00,2026-05-17 08:37:22.405812,Delivered,4,1,Standard,Istanbul,328,4.95,75.45,None
2217,2026-05-14 15:00:00,2026-05-15 01:00:00,2026-05-14 21:09:06.578806,Delivered,2,2,Same Day,Istanbul,653,12.66,277.78,None
2218,2026-05-14 11:45:00,2026-05-17 11:45:00,2026-05-17 07:59:33.849684,Delivered,1,3,Standard,Antalya,358,6.21,175.2,None
2219,2026-05-14 15:45:00,2026-05-17 15:45:00,2026-05-17 02:07:02.533150,Delivered,2,3,Standard,Izmir,610,12.97,80.39,None
2220,2026-05-14 07:30:00,2026-05-17 07:30:00,2026-05-16 21:32:12.282948,Delivered,2,1,Standard,Bursa,305,12.17,62.94,None
2221,2026-05-15 13:15:00,2026-05-16 19:15:00,,Failed,5,1,Next Day,Bursa,511,6.58,203.38,Weather
2222,2026-05-15 13:15:00,2026-05-15 23:15:00,2026-05-15 09:58:58.125244,Delivered,5,2,Same Day,Konya,594,16.33,232.9,None
2223,2026-05-15 11:45:00,2026-05-18 11:45:00,2026-05-17 18:36:00.125243,Delivered,6,4,Standard,Ankara,741,7.06,218.02,None
2224,2026-05-15 13:45:00,2026-05-15 23:45:00,2026-05-15 21:42:58.108464,Delivered,4,2,Same Day,Izmir,465,12.53,190.55,None
2225,2026-05-15 12:15:00,2026-05-18 12:15:00,2026-05-19 07:22:43.783008,Delivered,2,1,Standard,Adana,736,5.88,313.54,Weather
2226,2026-05-15 16:30:00,2026-05-18 16:30:00,2026-05-18 00:34:05.410068,Delivered,1,4,Standard,Izmir,600,14.03,262.84,None
2227,2026-05-15 12:45:00,2026-05-16 18:45:00,2026-05-16 13:39:30.706368,Delivered,1,1,Next Day,Izmir,722,5.18,32.86,None
2228,2026-05-15 15:00:00,2026-05-18 15:00:00,2026-05-18 05:52:12.787694,Delivered,2,2,Standard,Ankara,629,9.5,145.82,None
2229,2026-05-15 07:00:00,2026-05-18 07:00:00,2026-05-17 23:41:18.264460,Delivered,5,1,Standard,Antalya,36,15.31,304.9,None
2230,2026-05-15 14:30:00,2026-05-16 20:30:00,2026-05-18 04:59:21.678740,Delivered,4,3,Next Day,Gaziantep,559,16.26,68.73,Hub Congestion
2231,2026-05-15 18:00:00,2026-05-16 04:00:00,2026-05-15 17:41:54.213931,Delivered,6,1,Same Day,Konya,452,21.8,178.56,None
2232,2026-05-15 09:00:00,2026-05-16 15:00:00,2026-05-16 06:53:50.335333,Delivered,2,1,Next Day,Antalya,748,4.82,31.51,None
2233,2026-05-15 18:15:00,2026-05-17 00:15:00,2026-05-16 14:08:10.906887,Delivered,1,2,Next Day,Bursa,256,10.22,50.07,None
2234,2026-05-15 15:00:00,2026-05-18 15:00:00,2026-05-20 19:32:48.142288,Delivered,4,3,Standard,Gaziantep,19,15.99,163.9,Vehicle Breakdown
2235,2026-05-15 08:15:00,2026-05-18 08:15:00,2026-05-17 16:21:02.843593,Delivered,5,4,Standard,Bursa,397,9.47,141.21,None
2236,2026-05-15 17:45:00,2026-05-16 23:45:00,2026-05-16 22:10:17.783661,Delivered,4,1,Next Day,Bursa,293,14.72,292.11,None
2237,2026-05-15 13:30:00,2026-05-18 13:30:00,2026-05-17 20:17:11.104309,Delivered,1,1,Standard,Bursa,187,6.02,199.74,None
2238,2026-05-15 15:15:00,2026-05-18 15:15:00,2026-05-18 22:04:01.051363,Delivered,2,4,Standard,Izmir,396,7.48,280.49,Carrier Capacity
2239,2026-05-16 17:45:00,2026-05-19 17:45:00,2026-05-19 12:13:24.069061,Delivered,1,3,Standard,Mersin,520,14.31,101.82,None
2240,2026-05-16 13:15:00,2026-05-19 13:15:00,2026-05-18 22:45:09.171067,Delivered,1,3,Standard,Istanbul,735,12.31,55.45,None
2241,2026-05-16 10:45:00,2026-05-17 16:45:00,2026-05-17 14:48:01.236033,Delivered,1,2,Next Day,Antalya,309,10.35,245.4,None
2242,2026-05-16 10:00:00,2026-05-19 10:00:00,2026-05-18 20:07:11.330539,Delivered,5,2,Standard,Mersin,142,9.99,255.06,None
2243,2026-05-16 10:30:00,2026-05-19 10:30:00,2026-05-19 01:01:47.544006,Delivered,1,2,Standard,Mersin,765,11.28,149.9,None
2244,2026-05-16 14:15:00,2026-05-19 14:15:00,2026-05-19 11:17:49.505403,Delivered,5,4,Standard,Konya,632,12.74,292.6,None
2245,2026-05-16 17:15:00,2026-05-17 23:15:00,2026-05-17 20:05:53.834402,Delivered,1,1,Next Day,Mersin,598,16.41,207.24,None
2246,2026-05-16 16:00:00,2026-05-17 22:00:00,2026-05-17 15:08:10.039536,Delivered,2,2,Next Day,Eskisehir,609,5.28,289.06,None
2247,2026-05-16 15:00:00,2026-05-19 15:00:00,2026-05-19 06:06:55.120217,Delivered,6,1,Standard,Antalya,752,14.38,75.14,None
2248,2026-05-16 12:15:00,2026-05-17 18:15:00,2026-05-17 16:14:53.563969,Delivered,4,4,Next Day,Ankara,318,4.64,300.71,None
2249,2026-05-16 13:00:00,2026-05-19 13:00:00,2026-05-18 23:06:09.347464,Delivered,2,4,Standard,Eskisehir,255,15.09,149.42,None
2250,2026-05-16 18:00:00,2026-05-18 00:00:00,2026-05-18 10:23:24.116708,Delivered,3,3,Next Day,Izmir,605,13.38,110.87,Carrier Capacity
2251,2026-05-16 15:45:00,2026-05-19 15:45:00,2026-05-19 01:57:24.698467,Delivered,1,3,Standard,Eskisehir,387,4.74,226.73,None
2252,2026-05-16 11:45:00,2026-05-19 11:45:00,2026-05-19 08:14:51.775901,Delivered,1,2,Standard,Ankara,191,7.01,69.94,None
2253,2026-05-16 18:00:00,2026-05-19 18:00:00,2026-05-19 12:55:36.540430,Delivered,6,4,Standard,Gaziantep,731,15.97,143.21,None
2254,2026-05-16 14:45:00,2026-05-19 14:45:00,2026-05-19 02:40:37.022052,Delivered,2,1,Standard,Gaziantep,236,5.21,294.08,None
2255,2026-05-16 09:00:00,2026-05-19 09:00:00,2026-05-19 07:37:42.200290,Delivered,1,2,Standard,Antalya,628,5.96,37.16,None
2256,2026-05-16 17:30:00,2026-05-19 17:30:00,2026-05-19 11:03:56.751583,Delivered,1,3,Standard,Antalya,614,8.56,88.09,None
2257,2026-05-16 14:00:00,2026-05-19 14:00:00,2026-05-18 23:44:47.445213,Delivered,3,4,Standard,Mersin,82,15.66,201.3,None
2258,2026-05-17 13:15:00,2026-05-20 13:15:00,2026-05-20 10:11:54.798724,Delivered,1,3,Standard,Gaziantep,762,3.85,76.27,None
2259,2026-05-17 07:15:00,2026-05-18 13:15:00,2026-05-18 05:32:20.554767,Delivered,4,3,Next Day,Eskisehir,261,15.97,20.64,None
2260,2026-05-17 09:30:00,2026-05-20 09:30:00,2026-05-21 11:27:34.248985,Delivered,1,4,Standard,Gaziantep,559,9.26,230.62,Hub Congestion
2261,2026-05-17 13:30:00,2026-05-18 19:30:00,2026-05-18 07:01:03.005715,Delivered,6,2,Next Day,Adana,293,12.99,207.97,None
2262,2026-05-17 14:00:00,2026-05-20 14:00:00,2026-05-20 02:30:55.874908,Delivered,5,3,Standard,Istanbul,385,6.8,160.27,None
2263,2026-05-17 09:15:00,2026-05-18 15:15:00,2026-05-18 08:34:18.228356,Delivered,6,3,Next Day,Mersin,429,9.16,289.7,None
2264,2026-05-17 08:30:00,2026-05-20 08:30:00,2026-05-20 06:31:27.051225,Delivered,3,2,Standard,Gaziantep,746,4.97,303.38,None
2265,2026-05-17 17:30:00,2026-05-20 17:30:00,2026-05-21 14:35:13.830294,Delivered,5,1,Standard,Istanbul,87,6.76,159.27,Weather
2266,2026-05-17 18:30:00,2026-05-20 18:30:00,2026-05-20 15:37:24.773002,Delivered,5,2,Standard,Konya,329,11.69,45.57,None
2267,2026-05-17 07:15:00,2026-05-20 07:15:00,2026-05-22 00:29:12.428166,Delivered,5,4,Standard,Bursa,661,4.78,91.05,Address Issue
2268,2026-05-17 15:45:00,2026-05-20 15:45:00,2026-05-19 23:41:14.395093,Delivered,3,1,Standard,Ankara,160,15.58,176.17,None
2269,2026-05-17 12:45:00,2026-05-18 18:45:00,2026-05-18 11:21:41.913271,Delivered,4,3,Next Day,Adana,599,6.58,55.93,None
2270,2026-05-17 15:45:00,2026-05-18 21:45:00,2026-05-18 14:47:41.326125,Delivered,6,3,Next Day,Adana,57,12.71,79.13,None
2271,2026-05-18 14:00:00,2026-05-19 00:00:00,2026-05-18 06:47:15.416429,Delivered,1,1,Same Day,Mersin,389,14.18,184.75,None
2272,2026-05-18 18:30:00,2026-05-20 00:30:00,2026-05-19 09:59:48.201940,Delivered,6,3,Next Day,Ankara,211,6.91,115.36,None
2273,2026-05-18 08:45:00,2026-05-18 18:45:00,,Failed,2,4,Same Day,Istanbul,191,21.17,263.5,None
2274,2026-05-18 10:45:00,2026-05-18 20:45:00,2026-05-18 06:10:21.658316,Delivered,1,1,Same Day,Adana,324,16.57,176.16,None
2275,2026-05-18 10:15:00,2026-05-18 20:15:00,2026-05-19 13:11:40.143380,Delivered,3,1,Same Day,Bursa,716,20.86,195.49,Hub Congestion
2276,2026-05-18 15:00:00,2026-05-19 21:00:00,2026-05-19 10:57:33.610421,Delivered,5,2,Next Day,Konya,703,12.44,63.76,None
2277,2026-05-18 13:30:00,2026-05-21 13:30:00,2026-05-21 08:38:46.406482,Delivered,5,2,Standard,Antalya,495,12.41,245.63,None
2278,2026-05-18 14:30:00,2026-05-19 20:30:00,2026-05-19 10:40:38.665842,Delivered,5,2,Next Day,Istanbul,510,15.09,108.77,None
2279,2026-05-18 10:15:00,2026-05-21 10:15:00,2026-05-20 16:49:46.519421,Delivered,4,4,Standard,Izmir,660,6.99,217.88,None
2280,2026-05-18 12:45:00,2026-05-18 22:45:00,2026-05-18 17:25:57.705450,Delivered,3,1,Same Day,Konya,172,17.65,310.25,None
2281,2026-05-18 07:15:00,2026-05-18 17:15:00,2026-05-20 09:01:35.005277,Delivered,2,4,Same Day,Ankara,591,11.5,274.4,Hub Congestion
2282,2026-05-18 07:00:00,2026-05-18 17:00:00,2026-05-20 05:55:10.051860,Delivered,3,4,Same Day,Bursa,360,15.67,162.44,Carrier Capacity
2283,2026-05-18 12:15:00,2026-05-21 12:15:00,2026-05-21 02:20:31.956064,Delivered,5,2,Standard,Izmir,708,9.87,255.75,None
2284,2026-05-18 07:00:00,2026-05-21 07:00:00,2026-05-21 05:15:53.315291,Delivered,1,1,Standard,Istanbul,466,8.13,136.63,None
2285,2026-05-18 08:30:00,2026-05-21 08:30:00,2026-05-21 19:31:24.305365,Delivered,1,2,Standard,Antalya,138,9.71,241.11,Carrier Capacity
2286,2026-05-18 17:00:00,2026-05-19 23:00:00,2026-05-19 12:25:15.378777,Delivered,3,3,Next Day,Gaziantep,329,13.59,225.38,None
2287,2026-05-18 17:00:00,2026-05-21 17:00:00,2026-05-21 14:30:29.910995,Delivered,6,1,Standard,Izmir,514,14.78,232.71,None
2288,2026-05-18 18:15:00,2026-05-21 18:15:00,2026-05-21 08:51:12.806409,Delivered,4,3,Standard,Izmir,535,14.68,83.55,None
2289,2026-05-18 07:45:00,2026-05-21 07:45:00,2026-05-20 15:42:46.491639,Delivered,6,2,Standard,Mersin,355,14.59,307.88,None
2290,2026-05-18 17:15:00,2026-05-19 03:15:00,2026-05-18 17:54:57.375454,Delivered,1,2,Same Day,Gaziantep,162,11.63,168.26,None
2291,2026-05-18 09:45:00,2026-05-19 15:45:00,2026-05-19 14:05:56.961147,Delivered,6,2,Next Day,Adana,479,12.14,40.25,None
2292,2026-05-18 17:00:00,2026-05-21 17:00:00,2026-05-21 13:23:09.916524,Delivered,5,2,Standard,Eskisehir,423,6.49,33.3,None
2293,2026-05-19 16:45:00,2026-05-20 22:45:00,2026-05-20 21:06:56.721846,Delivered,4,1,Next Day,Izmir,679,15.93,43.0,None
2294,2026-05-19 18:15:00,2026-05-22 18:15:00,2026-05-23 18:05:39.631280,Delivered,1,4,Standard,Bursa,452,12.1,276.48,Address Issue
2295,2026-05-19 12:30:00,2026-05-22 12:30:00,2026-05-21 22:39:52.702183,Delivered,5,1,Standard,Adana,612,13.08,305.72,None
2296,2026-05-19 08:45:00,2026-05-20 14:45:00,2026-05-20 04:48:08.200892,Delivered,1,2,Next Day,Adana,727,10.23,234.27,None
2297,2026-05-19 09:00:00,2026-05-20 15:00:00,2026-05-19 23:31:03.947961,Delivered,3,1,Next Day,Mersin,173,11.61,140.28,None
2298,2026-05-19 18:15:00,2026-05-22 18:15:00,2026-05-23 19:21:39.601278,Delivered,4,3,Standard,Bursa,402,15.09,156.36,Customer Unavailable
2299,2026-05-19 16:45:00,2026-05-20 22:45:00,2026-05-20 11:52:06.396072,Delivered,3,2,Next Day,Bursa,451,16.3,80.02,None
2300,2026-05-19 08:15:00,2026-05-22 08:15:00,2026-05-21 19:35:16.104747,Delivered,1,2,Standard,Antalya,311,13.93,234.93,None
2301,2026-05-19 08:00:00,2026-05-22 08:00:00,2026-05-21 20:26:15.574058,Delivered,2,1,Standard,Istanbul,415,8.28,60.17,None
2302,2026-05-19 08:15:00,2026-05-22 08:15:00,2026-05-21 17:51:30.220526,Delivered,2,4,Standard,Adana,222,10.44,58.72,None
2303,2026-05-19 12:30:00,2026-05-22 12:30:00,2026-05-22 02:38:24.530272,Delivered,3,2,Standard,Ankara,534,7.33,172.37,None
2304,2026-05-19 17:00:00,2026-05-20 23:00:00,2026-05-20 10:11:56.084859,Delivered,2,1,Next Day,Adana,408,14.39,64.14,None
2305,2026-05-20 13:15:00,2026-05-23 13:15:00,2026-05-23 01:39:41.307703,Delivered,1,4,Standard,Gaziantep,278,4.26,105.69,None
2306,2026-05-20 11:45:00,2026-05-23 11:45:00,2026-05-23 06:39:45.385715,Delivered,1,1,Standard,Ankara,304,15.09,156.97,None
2307,2026-05-20 07:00:00,2026-05-23 07:00:00,2026-05-22 18:50:19.563543,Delivered,6,2,Standard,Ankara,41,11.05,255.47,None
2308,2026-05-20 09:00:00,2026-05-23 09:00:00,2026-05-22 20:41:15.167491,Delivered,4,1,Standard,Adana,496,8.12,178.21,None
2309,2026-05-20 18:15:00,2026-05-22 00:15:00,2026-05-23 17:52:46.904884,Delivered,4,1,Next Day,Adana,767,3.77,150.01,Hub Congestion
2310,2026-05-20 14:15:00,2026-05-23 14:15:00,,Failed,4,1,Standard,Bursa,87,16.05,180.52,None
2311,2026-05-20 13:45:00,2026-05-23 13:45:00,2026-05-23 02:24:36.600064,Delivered,3,1,Standard,Bursa,20,15.16,286.15,None
2312,2026-05-20 07:15:00,2026-05-21 13:15:00,2026-05-21 11:30:01.463037,Delivered,5,3,Next Day,Mersin,724,8.35,209.12,None
2313,2026-05-20 17:15:00,2026-05-21 23:15:00,2026-05-21 06:29:01.958910,Delivered,3,3,Next Day,Eskisehir,305,10.29,78.08,None
2314,2026-05-20 15:15:00,2026-05-21 21:15:00,2026-05-21 07:43:21.829559,Delivered,6,4,Next Day,Mersin,334,8.15,211.01,None
2315,2026-05-20 08:30:00,2026-05-23 08:30:00,2026-05-22 16:16:49.062929,Delivered,4,2,Standard,Antalya,537,16.04,221.85,None
2316,2026-05-21 15:00:00,2026-05-22 21:00:00,2026-05-22 03:20:41.721492,Delivered,3,1,Next Day,Bursa,266,10.84,70.03,None
2317,2026-05-21 12:15:00,2026-05-21 22:15:00,2026-05-21 09:09:16.931189,Delivered,1,4,Same Day,Adana,212,19.55,36.61,None
2318,2026-05-21 10:45:00,2026-05-22 16:45:00,2026-05-22 14:48:59.765220,Delivered,1,4,Next Day,Mersin,244,14.57,204.15,None
2319,2026-05-21 14:00:00,2026-05-22 20:00:00,2026-05-22 05:48:20.932665,Delivered,5,4,Next Day,Antalya,417,15.19,199.26,None
2320,2026-05-21 11:00:00,2026-05-24 11:00:00,2026-05-24 09:50:08.444960,Delivered,5,1,Standard,Adana,728,10.41,179.96,None
2321,2026-05-21 16:15:00,2026-05-22 22:15:00,2026-05-22 18:46:19.729180,Delivered,5,1,Next Day,Mersin,510,14.01,298.17,None
2322,2026-05-21 16:45:00,2026-05-22 02:45:00,2026-05-22 05:56:21.962702,Delivered,2,1,Same Day,Ankara,649,15.28,277.4,Carrier Capacity
2323,2026-05-21 15:15:00,2026-05-24 15:15:00,2026-05-26 16:48:34.089434,Delivered,1,2,Standard,Eskisehir,409,3.58,54.61,Hub Congestion
2324,2026-05-21 13:30:00,2026-05-22 19:30:00,2026-05-22 11:03:27.861548,Delivered,4,1,Next Day,Bursa,339,15.47,263.24,None
2325,2026-05-21 17:45:00,2026-05-22 23:45:00,2026-05-22 13:26:29.198530,Delivered,6,3,Next Day,Ankara,46,13.0,233.1,None
2326,2026-05-21 17:30:00,2026-05-22 23:30:00,2026-05-22 13:40:57.972869,Delivered,1,3,Next Day,Konya,604,10.37,254.4,None
2327,2026-05-21 13:30:00,2026-05-22 19:30:00,2026-05-22 04:24:09.700772,Delivered,6,4,Next Day,Konya,492,6.86,246.51,None
2328,2026-05-21 12:45:00,2026-05-24 12:45:00,2026-05-24 04:24:24.308978,Delivered,2,1,Standard,Istanbul,580,16.16,204.95,None
2329,2026-05-21 13:45:00,2026-05-24 13:45:00,2026-05-24 03:50:59.729425,Delivered,2,2,Standard,Adana,712,10.89,248.97,None
2330,2026-05-21 16:45:00,2026-05-22 22:45:00,2026-05-22 13:58:51.146328,Delivered,3,2,Next Day,Ankara,207,8.92,240.35,None
2331,2026-05-22 14:00:00,2026-05-25 14:00:00,2026-05-25 06:06:00.009497,Delivered,6,2,Standard,Konya,161,14.86,288.69,None
2332,2026-05-22 11:00:00,2026-05-25 11:00:00,2026-05-25 01:57:56.483192,Delivered,5,4,Standard,Istanbul,524,13.87,122.04,None
2333,2026-05-22 09:00:00,2026-05-25 09:00:00,2026-05-26 14:20:20.252504,Delivered,1,3,Standard,Bursa,511,6.22,83.93,Hub Congestion
2334,2026-05-22 12:30:00,2026-05-23 18:30:00,2026-05-24 03:09:07.008752,Delivered,2,1,Next Day,Istanbul,156,8.16,124.12,Weather
2335,2026-05-22 12:45:00,2026-05-25 12:45:00,2026-05-24 22:20:50.293277,Delivered,1,2,Standard,Ankara,93,15.31,251.84,None
2336,2026-05-22 08:30:00,2026-05-22 18:30:00,,Failed,3,4,Same Day,Izmir,454,17.31,43.17,None
2337,2026-05-22 11:15:00,2026-05-23 17:15:00,2026-05-24 11:51:27.419501,Delivered,2,3,Next Day,Istanbul,544,5.73,243.93,Carrier Capacity
2338,2026-05-22 13:30:00,2026-05-25 13:30:00,2026-05-25 23:28:50.553919,Delivered,6,2,Standard,Eskisehir,562,5.79,58.89,Carrier Capacity
2339,2026-05-22 16:15:00,2026-05-25 16:15:00,2026-05-25 12:27:53.492607,Delivered,1,2,Standard,Adana,203,13.44,271.95,None
2340,2026-05-22 15:45:00,2026-05-25 15:45:00,2026-05-27 11:37:15.488914,Delivered,1,1,Standard,Eskisehir,433,6.84,210.7,Weather
2341,2026-05-22 08:45:00,2026-05-23 14:45:00,2026-05-22 23:47:51.163476,Delivered,4,3,Next Day,Istanbul,347,6.93,225.05,None
2342,2026-05-22 09:30:00,2026-05-25 09:30:00,2026-05-24 22:57:30.113696,Delivered,5,1,Standard,Konya,374,9.82,230.16,None
2343,2026-05-22 10:45:00,2026-05-25 10:45:00,2026-05-25 02:48:55.271610,Delivered,1,3,Standard,Izmir,84,11.49,261.38,None
2344,2026-05-22 08:15:00,2026-05-25 08:15:00,2026-05-24 16:30:01.958793,Delivered,6,3,Standard,Gaziantep,748,4.05,178.99,None
2345,2026-05-22 16:00:00,2026-05-25 16:00:00,2026-05-25 00:34:00.960510,Delivered,1,2,Standard,Konya,419,6.17,306.94,None
2346,2026-05-23 16:15:00,2026-05-26 16:15:00,2026-05-26 01:54:48.621768,Delivered,1,2,Standard,Ankara,386,12.31,258.69,None
2347,2026-05-23 12:30:00,2026-05-26 12:30:00,2026-05-26 04:23:22.971863,Delivered,1,2,Standard,Ankara,209,6.49,214.38,None
2348,2026-05-23 15:00:00,2026-05-24 01:00:00,2026-05-23 07:12:57.744559,Delivered,2,1,Same Day,Antalya,563,19.03,159.69,None
2349,2026-05-23 13:30:00,2026-05-26 13:30:00,2026-05-26 08:16:29.445379,Delivered,1,2,Standard,Ankara,648,15.28,223.54,None
2350,2026-05-23 15:30:00,2026-05-24 01:30:00,2026-05-25 19:06:21.496567,Delivered,2,4,Same Day,Istanbul,282,18.2,110.38,Address Issue
2351,2026-05-23 10:45:00,2026-05-24 16:45:00,2026-05-24 00:15:37.376956,Delivered,1,3,Next Day,Mersin,702,5.59,242.45,None
2352,2026-05-23 12:45:00,2026-05-24 18:45:00,2026-05-24 02:45:22.470532,Delivered,3,3,Next Day,Konya,543,14.35,315.1,None
2353,2026-05-23 13:00:00,2026-05-24 19:00:00,2026-05-24 02:22:42.848726,Delivered,1,2,Next Day,Ankara,19,13.48,192.18,None
2354,2026-05-23 14:30:00,2026-05-26 14:30:00,2026-05-26 12:37:50.653733,Delivered,2,3,Standard,Antalya,393,6.86,154.15,None
2355,2026-05-23 09:30:00,2026-05-24 15:30:00,2026-05-25 19:43:43.020419,Delivered,5,1,Next Day,Mersin,621,10.47,179.95,Hub Congestion
2356,2026-05-23 18:30:00,2026-05-26 18:30:00,2026-05-26 09:31:10.779899,Delivered,2,4,Standard,Bursa,250,5.53,34.73,None
2357,2026-05-24 09:00:00,2026-05-25 15:00:00,2026-05-26 18:59:19.136047,Delivered,1,4,Next Day,Bursa,324,10.19,50.66,Address Issue
2358,2026-05-24 16:15:00,2026-05-27 16:15:00,2026-05-27 08:32:20.115848,Delivered,2,3,Standard,Antalya,273,4.72,91.78,None
2359,2026-05-24 07:45:00,2026-05-27 07:45:00,2026-05-27 21:49:02.398692,Delivered,2,4,Standard,Bursa,552,14.18,210.64,Weather
2360,2026-05-24 12:00:00,2026-05-24 22:00:00,2026-05-24 11:11:58.576245,Delivered,4,4,Same Day,Bursa,152,13.09,203.04,None
2361,2026-05-24 13:45:00,2026-05-27 13:45:00,2026-05-26 21:56:42.816412,Delivered,4,2,Standard,Konya,177,16.19,256.41,None
2362,2026-05-24 11:30:00,2026-05-27 11:30:00,2026-05-27 06:46:57.492400,Delivered,1,3,Standard,Istanbul,667,12.48,65.47,None
2363,2026-05-24 09:00:00,2026-05-25 15:00:00,2026-05-25 00:40:55.475736,Delivered,5,4,Next Day,Antalya,15,6.13,24.23,None
2364,2026-05-24 17:45:00,2026-05-27 17:45:00,2026-05-27 03:53:29.351219,Delivered,2,3,Standard,Gaziantep,617,6.22,310.37,None
2365,2026-05-24 07:00:00,2026-05-24 17:00:00,2026-05-24 12:01:34.620757,Delivered,1,2,Same Day,Istanbul,112,17.84,271.41,None
2366,2026-05-24 18:45:00,2026-05-27 18:45:00,2026-05-29 12:11:06.144081,Delivered,4,1,Standard,Gaziantep,680,10.68,192.08,Address Issue
2367,2026-05-24 08:00:00,2026-05-27 08:00:00,2026-05-26 22:53:10.965960,Delivered,3,2,Standard,Adana,557,16.12,231.38,None
2368,2026-05-25 18:15:00,2026-05-28 18:15:00,2026-05-29 05:08:56.155225,Delivered,2,1,Standard,Eskisehir,441,12.77,208.16,Carrier Capacity
2369,2026-05-25 15:00:00,2026-05-26 21:00:00,2026-05-26 18:06:34.476814,Delivered,5,1,Next Day,Ankara,737,5.64,292.75,None
2370,2026-05-25 12:45:00,2026-05-26 18:45:00,2026-05-26 10:26:13.412725,Delivered,3,4,Next Day,Ankara,545,13.45,225.85,None
2371,2026-05-25 12:00:00,2026-05-26 18:00:00,2026-05-26 01:35:22.415681,Delivered,1,2,Next Day,Antalya,121,10.0,70.06,None
2372,2026-05-25 12:15:00,2026-05-28 12:15:00,,Failed,1,4,Standard,Bursa,634,9.89,203.18,None
2373,2026-05-25 14:30:00,2026-05-26 20:30:00,2026-05-26 14:56:53.520053,Delivered,4,4,Next Day,Ankara,351,7.92,134.92,None
2374,2026-05-25 13:30:00,2026-05-28 13:30:00,2026-05-28 06:28:33.027907,Delivered,6,2,Standard,Istanbul,169,6.26,220.33,None
2375,2026-05-25 10:30:00,2026-05-28 10:30:00,2026-05-27 17:01:51.878811,Delivered,5,4,Standard,Adana,247,13.19,153.92,None
2376,2026-05-25 08:30:00,2026-05-26 14:30:00,2026-05-28 07:18:33.437590,Delivered,4,4,Next Day,Bursa,77,11.91,60.12,Hub Congestion
2377,2026-05-25 17:45:00,2026-05-26 23:45:00,2026-05-26 12:00:14.153587,Delivered,4,3,Next Day,Antalya,289,6.66,295.41,None
2378,2026-05-25 11:30:00,2026-05-28 11:30:00,2026-05-28 01:17:19.822666,Delivered,2,2,Standard,Konya,386,13.93,181.58,None
2379,2026-05-25 12:00:00,2026-05-25 22:00:00,2026-05-25 11:35:25.751687,Delivered,1,3,Same Day,Antalya,497,10.98,124.96,None
2380,2026-05-25 18:30:00,2026-05-27 00:30:00,2026-05-26 16:58:35.211427,Delivered,5,2,Next Day,Mersin,334,13.63,191.85,None
2381,2026-05-25 07:45:00,2026-05-28 07:45:00,2026-05-30 09:12:55.635106,Delivered,6,4,Standard,Antalya,497,13.1,290.68,Vehicle Breakdown
2382,2026-05-25 09:00:00,2026-05-26 15:00:00,2026-05-26 10:11:31.991503,Delivered,1,2,Next Day,Bursa,552,7.53,174.25,None
2383,2026-05-25 08:00:00,2026-05-26 14:00:00,2026-05-26 12:51:23.968810,Delivered,3,1,Next Day,Eskisehir,663,5.11,243.1,None
2384,2026-05-25 07:00:00,2026-05-28 07:00:00,2026-05-28 04:59:22.922805,Delivered,2,2,Standard,Adana,158,5.31,307.37,None
2385,2026-05-25 12:00:00,2026-05-26 18:00:00,2026-05-26 14:52:54.592182,Delivered,2,3,Next Day,Istanbul,389,8.88,276.15,None
2386,2026-05-25 16:45:00,2026-05-26 22:45:00,2026-05-26 07:37:20.725262,Delivered,3,2,Next Day,Gaziantep,485,14.06,275.57,None
2387,2026-05-26 09:45:00,2026-05-29 09:45:00,2026-05-29 02:48:20.726050,Delivered,6,1,Standard,Eskisehir,675,7.74,104.25,None
2388,2026-05-26 10:15:00,2026-05-29 10:15:00,2026-05-29 01:29:15.447380,Delivered,1,1,Standard,Adana,53,5.89,110.05,None
2389,2026-05-26 10:00:00,2026-05-29 10:00:00,2026-05-29 00:17:02.306784,Delivered,6,2,Standard,Antalya,101,12.45,257.7,None
2390,2026-05-26 11:30:00,2026-05-27 17:30:00,2026-05-27 03:42:33.750538,Delivered,6,2,Next Day,Bursa,298,7.52,239.25,None
2391,2026-05-26 14:15:00,2026-05-27 20:15:00,2026-05-27 16:26:10.370680,Delivered,3,1,Next Day,Antalya,91,5.66,208.16,None
2392,2026-05-26 15:30:00,2026-05-27 21:30:00,2026-05-27 20:18:06.540377,Delivered,1,4,Next Day,Eskisehir,434,8.55,128.32,None
2393,2026-05-26 17:00:00,2026-05-27 23:00:00,2026-05-27 15:15:30.512566,Delivered,3,3,Next Day,Ankara,405,13.74,208.62,None
2394,2026-05-26 09:45:00,2026-05-29 09:45:00,2026-05-28 19:05:39.213912,Delivered,5,2,Standard,Adana,448,6.03,131.46,None
2395,2026-05-26 07:45:00,2026-05-27 13:45:00,2026-05-29 03:30:07.202601,Delivered,6,4,Next Day,Antalya,88,6.26,109.68,Weather
2396,2026-05-26 15:00:00,2026-05-27 21:00:00,2026-05-27 07:39:28.934558,Delivered,1,3,Next Day,Mersin,371,15.43,92.68,None
2397,2026-05-26 16:30:00,2026-05-27 02:30:00,2026-05-27 01:27:44.228082,Delivered,4,2,Same Day,Ankara,164,20.8,150.92,None
2398,2026-05-26 09:30:00,2026-05-27 15:30:00,2026-05-27 11:22:43.377834,Delivered,3,3,Next Day,Izmir,411,16.09,185.47,None
2399,2026-05-26 09:30:00,2026-05-26 19:30:00,2026-05-26 09:02:49.243604,Delivered,1,3,Same Day,Adana,772,17.87,66.21,None
2400,2026-05-26 08:00:00,2026-05-29 08:00:00,2026-05-28 21:42:26.436967,Delivered,1,2,Standard,Gaziantep,773,13.11,49.51,None
2401,2026-05-26 09:15:00,2026-05-29 09:15:00,2026-05-29 07:25:54.755683,Delivered,5,1,Standard,Istanbul,452,10.36,98.38,None
2402,2026-05-27 17:45:00,2026-05-30 17:45:00,2026-05-30 07:45:53.239537,Delivered,1,4,Standard,Eskisehir,564,14.32,273.48,None
2403,2026-05-27 12:45:00,2026-05-30 12:45:00,2026-05-30 04:58:01.228252,Delivered,2,2,Standard,Adana,372,7.69,227.48,None
2404,2026-05-27 10:00:00,2026-05-30 10:00:00,2026-05-29 17:50:43.831653,Delivered,6,1,Standard,Konya,727,12.68,126.1,None
2405,2026-05-27 11:30:00,2026-05-30 11:30:00,2026-05-30 00:56:08.705584,Delivered,5,3,Standard,Mersin,735,4.69,310.41,None
2406,2026-05-27 07:00:00,2026-05-27 17:00:00,2026-05-29 01:41:16.939488,Delivered,5,4,Same Day,Mersin,561,19.52,302.44,Weather
2407,2026-05-27 15:00:00,2026-05-28 21:00:00,2026-05-28 12:16:41.711998,Delivered,1,1,Next Day,Adana,760,4.91,291.1,None
2408,2026-05-27 13:00:00,2026-05-27 23:00:00,2026-05-27 13:19:56.336604,Delivered,3,3,Same Day,Ankara,126,22.36,50.76,None
2409,2026-05-27 11:30:00,2026-05-28 17:30:00,,Failed,5,4,Next Day,Bursa,605,13.28,302.0,None
2410,2026-05-27 07:00:00,2026-05-30 07:00:00,2026-05-29 21:03:06.698303,Delivered,1,2,Standard,Bursa,696,11.84,218.26,None
2411,2026-05-27 18:00:00,2026-05-30 18:00:00,2026-05-31 16:46:04.118390,Delivered,1,2,Standard,Adana,448,8.05,38.01,Carrier Capacity
2412,2026-05-27 09:00:00,2026-05-30 09:00:00,2026-05-30 01:23:22.304351,Delivered,2,2,Standard,Istanbul,673,8.9,72.76,None
2413,2026-05-27 15:15:00,2026-05-30 15:15:00,2026-05-31 19:54:35.478490,Delivered,1,3,Standard,Antalya,370,15.57,251.42,Address Issue
2414,2026-05-27 08:15:00,2026-05-28 14:15:00,2026-05-28 00:32:18.422134,Delivered,1,4,Next Day,Adana,721,15.05,166.23,None
2415,2026-05-27 16:15:00,2026-05-28 22:15:00,2026-05-28 18:48:28.485889,Delivered,1,1,Next Day,Istanbul,46,3.65,68.54,None
2416,2026-05-27 16:15:00,2026-05-30 16:15:00,2026-05-30 13:32:16.889360,Delivered,4,4,Standard,Ankara,298,7.28,156.08,None
2417,2026-05-27 11:15:00,2026-05-28 17:15:00,2026-05-28 00:15:03.616128,Delivered,1,1,Next Day,Istanbul,159,7.05,145.18,None
2418,2026-05-27 17:45:00,2026-05-30 17:45:00,2026-05-30 14:58:39.268437,Delivered,6,4,Standard,Gaziantep,525,9.03,131.47,None
2419,2026-05-27 14:30:00,2026-05-30 14:30:00,2026-05-30 06:48:04.517989,Delivered,3,2,Standard,Ankara,124,4.29,276.22,None
2420,2026-05-27 08:15:00,2026-05-30 08:15:00,2026-05-29 18:10:06.446122,Delivered,2,1,Standard,Izmir,388,14.34,33.16,None
2421,2026-05-28 16:00:00,2026-05-29 22:00:00,2026-05-29 04:31:22.434792,Delivered,2,1,Next Day,Istanbul,718,16.0,89.13,None
2422,2026-05-28 15:15:00,2026-05-31 15:15:00,2026-05-30 21:19:36.574508,Delivered,5,4,Standard,Konya,576,11.99,289.18,None
2423,2026-05-28 09:00:00,2026-05-31 09:00:00,2026-05-30 15:43:04.222998,Delivered,1,1,Standard,Konya,59,9.98,237.7,None
2424,2026-05-28 12:15:00,2026-05-28 22:15:00,2026-05-28 17:38:12.766681,Delivered,3,1,Same Day,Ankara,412,18.78,215.17,None
2425,2026-05-28 11:45:00,2026-05-29 17:45:00,2026-05-31 08:09:14.145516,Delivered,2,2,Next Day,Konya,691,12.54,251.13,Carrier Capacity
2426,2026-05-28 18:00:00,2026-05-29 04:00:00,2026-05-29 07:33:31.479790,Delivered,2,4,Same Day,Gaziantep,46,20.05,291.18,Address Issue
2427,2026-05-28 13:30:00,2026-05-29 19:30:00,2026-05-29 10:36:17.390457,Delivered,1,1,Next Day,Konya,84,9.17,93.99,None
2428,2026-05-28 07:45:00,2026-05-31 07:45:00,2026-05-31 19:50:02.394240,Delivered,1,2,Standard,Ankara,546,5.12,172.46,Address Issue
2429,2026-05-28 16:00:00,2026-05-29 02:00:00,2026-05-29 00:48:54.970544,Delivered,1,1,Same Day,Konya,552,19.09,185.36,None
2430,2026-05-28 13:30:00,2026-05-29 19:30:00,2026-05-29 04:34:42.648440,Delivered,4,4,Next Day,Istanbul,651,7.72,287.31,None
2431,2026-05-28 09:15:00,2026-05-29 15:15:00,2026-05-29 10:48:52.835461,Delivered,1,1,Next Day,Eskisehir,631,4.28,225.82,None
2432,2026-05-28 14:15:00,2026-05-31 14:15:00,2026-05-31 06:27:14.128963,Delivered,1,4,Standard,Adana,212,13.2,103.04,None
2433,2026-05-28 14:00:00,2026-05-31 14:00:00,2026-05-31 02:16:22.718059,Delivered,4,3,Standard,Gaziantep,386,16.25,269.04,None
2434,2026-05-28 16:45:00,2026-05-31 16:45:00,2026-05-30 23:06:08.570368,Delivered,1,4,Standard,Izmir,42,5.81,289.57,None
2435,2026-05-28 08:30:00,2026-05-28 18:30:00,2026-05-28 10:27:33.217396,Delivered,4,1,Same Day,Bursa,370,17.34,184.67,None
2436,2026-05-28 11:30:00,2026-05-29 17:30:00,2026-05-31 09:04:31.461072,Delivered,6,2,Next Day,Antalya,752,8.51,157.05,Hub Congestion
2437,2026-05-28 16:15:00,2026-05-29 22:15:00,2026-05-29 15:45:54.192595,Delivered,1,3,Next Day,Ankara,779,8.24,72.67,None
2438,2026-05-29 14:45:00,2026-06-01 14:45:00,2026-06-01 12:49:54.214047,Delivered,2,1,Standard,Ankara,730,14.5,259.17,None
2439,2026-05-29 14:30:00,2026-05-30 20:30:00,2026-05-30 08:49:39.655585,Delivered,2,1,Next Day,Eskisehir,560,10.54,193.88,None
2440,2026-05-29 18:45:00,2026-05-30 04:45:00,2026-05-31 03:08:19.858872,Delivered,1,4,Same Day,Mersin,9,16.67,295.37,Address Issue
2441,2026-05-29 10:15:00,2026-05-30 16:15:00,2026-05-30 01:31:53.975486,Delivered,2,2,Next Day,Konya,654,14.37,164.07,None
2442,2026-05-29 08:00:00,2026-06-01 08:00:00,2026-06-01 02:04:39.840353,Delivered,1,2,Standard,Antalya,557,4.52,220.01,None
2443,2026-05-29 11:45:00,2026-06-01 11:45:00,2026-06-01 08:14:25.334204,Delivered,3,2,Standard,Mersin,600,9.39,185.73,None
2444,2026-05-29 16:00:00,2026-05-30 22:00:00,2026-05-30 15:18:32.699888,Delivered,1,3,Next Day,Izmir,591,10.53,142.1,None
2445,2026-05-29 15:45:00,2026-05-30 21:45:00,2026-05-30 05:53:57.913304,Delivered,3,2,Next Day,Mersin,51,8.02,109.22,None
2446,2026-05-29 13:15:00,2026-06-01 13:15:00,2026-06-01 01:17:06.818833,Delivered,3,4,Standard,Adana,430,15.98,63.62,None
2447,2026-05-29 07:15:00,2026-05-30 13:15:00,2026-05-30 05:29:00.186987,Delivered,6,1,Next Day,Gaziantep,38,11.41,197.15,None
2448,2026-05-29 10:15:00,2026-05-29 20:15:00,2026-05-29 02:27:16.742490,Delivered,3,4,Same Day,Bursa,750,16.38,294.0,None
2449,2026-05-29 08:30:00,2026-06-01 08:30:00,2026-06-01 00:24:34.577414,Delivered,5,3,Standard,Gaziantep,741,3.89,188.11,None
2450,2026-05-29 14:30:00,2026-06-01 14:30:00,2026-05-31 21:27:22.354708,Delivered,3,3,Standard,Adana,241,3.6,133.12,None
2451,2026-05-29 13:30:00,2026-06-01 13:30:00,2026-06-01 06:12:37.460349,Delivered,1,1,Standard,Konya,694,8.48,122.37,None
2452,2026-05-29 14:15:00,2026-05-30 20:15:00,2026-05-30 02:37:55.427058,Delivered,5,2,Next Day,Ankara,479,10.35,151.05,None
2453,2026-05-29 07:30:00,2026-05-30 13:30:00,2026-05-31 14:23:24.725584,Delivered,3,3,Next Day,Izmir,667,14.87,198.95,Weather
2454,2026-05-29 07:30:00,2026-06-01 07:30:00,2026-05-31 14:48:54.336281,Delivered,1,2,Standard,Konya,397,4.45,148.3,None
2455,2026-05-29 13:00:00,2026-06-01 13:00:00,2026-06-01 08:39:48.072948,Delivered,2,3,Standard,Izmir,721,8.72,60.21,None
2456,2026-05-29 08:30:00,2026-05-30 14:30:00,2026-05-30 08:03:38.306712,Delivered,2,1,Next Day,Istanbul,50,7.71,152.32,None
2457,2026-05-30 16:00:00,2026-05-31 22:00:00,2026-05-31 16:54:00.122394,Delivered,4,1,Next Day,Gaziantep,471,5.2,154.0,None
2458,2026-05-30 07:00:00,2026-05-31 13:00:00,2026-05-31 20:09:27.695423,Delivered,3,4,Next Day,Konya,546,6.32,208.67,Address Issue
2459,2026-05-30 14:45:00,2026-05-31 20:45:00,2026-05-31 10:17:36.259211,Delivered,5,2,Next Day,Eskisehir,660,7.29,143.45,None
2460,2026-05-30 11:45:00,2026-05-31 17:45:00,2026-05-31 01:02:11.620629,Delivered,4,3,Next Day,Gaziantep,162,12.1,210.05,None
2461,2026-05-30 10:30:00,2026-06-02 10:30:00,2026-06-02 21:53:13.095438,Delivered,1,1,Standard,Ankara,523,16.08,29.43,Hub Congestion
2462,2026-05-30 10:45:00,2026-06-02 10:45:00,2026-06-01 22:33:12.652611,Delivered,6,2,Standard,Konya,53,15.27,30.33,None
2463,2026-05-30 18:15:00,2026-06-01 00:15:00,2026-05-31 08:49:58.398509,Delivered,2,1,Next Day,Eskisehir,215,15.04,226.95,None
2464,2026-05-30 13:30:00,2026-05-30 23:30:00,2026-05-30 18:41:26.799353,Delivered,3,1,Same Day,Bursa,335,23.08,80.37,None
2465,2026-05-30 13:15:00,2026-05-31 19:15:00,2026-05-31 18:05:43.147044,Delivered,1,1,Next Day,Mersin,625,4.12,142.18,None
2466,2026-05-30 12:15:00,2026-06-02 12:15:00,2026-06-04 15:48:03.622195,Delivered,3,2,Standard,Konya,171,5.26,151.73,Hub Congestion
2467,2026-05-30 10:00:00,2026-06-02 10:00:00,2026-06-02 02:58:09.335644,Delivered,5,3,Standard,Ankara,96,14.31,93.24,None
2468,2026-05-30 14:45:00,2026-05-31 20:45:00,2026-05-31 09:51:06.412402,Delivered,3,1,Next Day,Mersin,689,11.52,69.65,None
2469,2026-05-30 13:15:00,2026-05-30 23:15:00,2026-05-30 13:07:37.805994,Delivered,5,2,Same Day,Bursa,498,18.42,247.7,None
2470,2026-05-30 18:15:00,2026-06-01 00:15:00,2026-05-31 16:13:20.011352,Delivered,4,4,Next Day,Bursa,672,12.46,262.18,None
2471,2026-05-30 11:15:00,2026-06-02 11:15:00,2026-06-02 02:56:30.088970,Delivered,5,3,Standard,Izmir,310,8.48,74.65,None
2472,2026-05-30 17:45:00,2026-05-31 23:45:00,2026-05-31 11:23:23.135260,Delivered,1,2,Next Day,Ankara,531,4.26,102.09,None
2473,2026-05-31 12:45:00,2026-06-01 18:45:00,2026-06-01 15:12:29.331102,Delivered,5,1,Next Day,Bursa,26,15.75,306.82,None
2474,2026-05-31 08:00:00,2026-06-01 14:00:00,2026-06-01 04:27:28.383126,Delivered,4,1,Next Day,Izmir,409,15.84,46.13,None
2475,2026-05-31 16:15:00,2026-06-03 16:15:00,2026-06-03 11:16:55.459167,Delivered,3,2,Standard,Adana,110,13.38,155.37,None
2476,2026-05-31 17:00:00,2026-06-03 17:00:00,2026-06-03 02:17:14.483775,Delivered,6,3,Standard,Izmir,92,7.98,60.8,None
2477,2026-05-31 10:00:00,2026-05-31 20:00:00,2026-05-31 07:06:19.700449,Delivered,6,1,Same Day,Gaziantep,236,14.25,188.02,None
2478,2026-05-31 10:30:00,2026-06-03 10:30:00,2026-06-04 12:58:27.374635,Delivered,6,2,Standard,Gaziantep,217,9.41,163.29,Hub Congestion
2479,2026-05-31 18:45:00,2026-06-03 18:45:00,2026-06-03 08:19:24.971147,Delivered,2,1,Standard,Gaziantep,749,4.98,97.77,None
2480,2026-05-31 14:00:00,2026-06-01 20:00:00,2026-06-03 00:04:31.769380,Delivered,3,1,Next Day,Mersin,94,6.62,235.68,Hub Congestion
2481,2026-05-31 11:45:00,2026-06-01 17:45:00,2026-06-02 18:22:32.412618,Delivered,1,3,Next Day,Mersin,275,13.05,132.72,Hub Congestion
2482,2026-05-31 11:00:00,2026-06-01 17:00:00,2026-06-01 09:34:04.632753,Delivered,1,3,Next Day,Istanbul,64,10.09,41.1,None
2483,2026-05-31 08:15:00,2026-06-03 08:15:00,2026-06-02 16:34:18.126302,Delivered,1,3,Standard,Bursa,336,14.3,283.34,None
2484,2026-05-31 15:30:00,2026-06-03 15:30:00,2026-06-03 00:23:40.923527,Delivered,4,4,Standard,Adana,532,7.32,174.04,None
2485,2026-05-31 16:00:00,2026-06-01 22:00:00,2026-06-01 11:04:33.805295,Delivered,2,1,Next Day,Adana,566,12.46,46.99,None
2486,2026-05-31 13:00:00,2026-06-03 13:00:00,2026-06-02 19:58:41.153931,Delivered,1,4,Standard,Istanbul,398,11.14,90.69,None
2487,2026-05-31 18:30:00,2026-06-02 00:30:00,2026-06-01 09:35:27.232179,Delivered,4,3,Next Day,Eskisehir,686,7.45,139.94,None
2488,2026-05-31 17:00:00,2026-06-03 17:00:00,2026-06-03 13:57:21.611861,Delivered,2,4,Standard,Ankara,227,13.87,224.91,None
2489,2026-05-31 08:00:00,2026-05-31 18:00:00,2026-05-31 05:56:27.140618,Delivered,2,4,Same Day,Mersin,230,17.51,111.5,None
2490,2026-05-31 08:30:00,2026-06-01 14:30:00,2026-06-01 09:34:43.658498,Delivered,3,2,Next Day,Konya,652,9.01,217.48,None
2491,2026-05-31 15:15:00,2026-06-03 15:15:00,2026-06-03 04:59:38.575463,Delivered,3,2,Standard,Konya,742,12.02,31.11,None
2492,2026-06-01 09:00:00,2026-06-01 19:00:00,2026-06-01 07:11:49.515175,Delivered,5,3,Same Day,Izmir,104,18.69,84.41,None
2493,2026-06-01 11:45:00,2026-06-04 11:45:00,2026-06-04 04:38:25.566160,Delivered,5,1,Standard,Antalya,396,8.58,221.11,None
2494,2026-06-01 16:15:00,2026-06-04 16:15:00,2026-06-04 13:04:06.709438,Delivered,4,2,Standard,Ankara,119,4.06,238.84,None
2495,2026-06-01 15:00:00,2026-06-04 15:00:00,2026-06-04 01:06:34.204340,Delivered,2,1,Standard,Istanbul,115,4.82,56.72,None
2496,2026-06-01 11:15:00,2026-06-04 11:15:00,2026-06-04 06:43:11.445327,Delivered,5,2,Standard,Mersin,356,11.88,69.01,None
2497,2026-06-01 16:30:00,2026-06-04 16:30:00,2026-06-05 09:48:40.243447,Delivered,3,2,Standard,Adana,705,5.87,221.37,Hub Congestion
2498,2026-06-01 11:00:00,2026-06-02 17:00:00,2026-06-02 07:57:06.081946,Delivered,2,4,Next Day,Konya,526,6.97,263.24,None
2499,2026-06-01 07:15:00,2026-06-04 07:15:00,2026-06-04 05:15:41.004405,Delivered,2,2,Standard,Ankara,189,3.82,318.85,None
2500,2026-06-01 09:45:00,2026-06-04 09:45:00,2026-06-03 17:14:02.906677,Delivered,4,2,Standard,Istanbul,379,10.63,169.37,None
2501,2026-06-01 18:30:00,2026-06-03 00:30:00,,Failed,1,2,Next Day,Antalya,583,16.25,274.23,None
2502,2026-06-01 10:00:00,2026-06-02 16:00:00,2026-06-02 01:46:07.953454,Delivered,6,3,Next Day,Gaziantep,466,12.82,304.08,None
2503,2026-06-01 16:15:00,2026-06-04 16:15:00,2026-06-04 08:48:33.426640,Delivered,4,3,Standard,Izmir,338,5.64,125.98,None
2504,2026-06-01 15:00:00,2026-06-04 15:00:00,2026-06-04 12:26:58.555241,Delivered,1,2,Standard,Bursa,199,4.63,304.78,None
2505,2026-06-01 07:15:00,2026-06-01 17:15:00,2026-06-01 01:24:20.969921,Delivered,1,3,Same Day,Istanbul,522,13.75,222.36,None
2506,2026-06-01 12:15:00,2026-06-04 12:15:00,2026-06-04 07:03:12.824817,Delivered,1,4,Standard,Bursa,544,9.66,293.76,None
2507,2026-06-01 16:45:00,2026-06-04 16:45:00,2026-06-04 07:16:27.845596,Delivered,2,3,Standard,Izmir,270,4.99,57.18,None
2508,2026-06-01 15:00:00,2026-06-04 15:00:00,2026-06-04 09:10:53.313426,Delivered,1,2,Standard,Mersin,706,9.22,56.18,None
2509,2026-06-01 16:00:00,2026-06-02 22:00:00,2026-06-02 05:58:24.111142,Delivered,5,1,Next Day,Istanbul,679,15.79,123.5,None
2510,2026-06-01 08:45:00,2026-06-02 14:45:00,2026-06-02 05:48:31.170512,Delivered,4,1,Next Day,Bursa,460,15.47,68.21,None
2511,2026-06-01 16:30:00,2026-06-04 16:30:00,2026-06-04 11:26:32.234607,Delivered,6,4,Standard,Istanbul,612,15.92,302.72,None
2512,2026-06-01 08:15:00,2026-06-04 08:15:00,2026-06-04 03:56:38.989476,Delivered,3,2,Standard,Istanbul,748,9.38,110.69,None
2513,2026-06-01 07:45:00,2026-06-02 13:45:00,2026-06-01 20:40:29.689608,Delivered,3,2,Next Day,Istanbul,169,3.83,111.89,None
2514,2026-06-01 07:15:00,2026-06-04 07:15:00,2026-06-04 02:00:03.757482,Delivered,3,3,Standard,Antalya,331,4.03,135.25,None
2515,2026-06-01 14:15:00,2026-06-04 14:15:00,2026-06-04 03:20:17.999902,Delivered,4,4,Standard,Bursa,156,4.81,276.91,None
2516,2026-06-02 18:30:00,2026-06-04 00:30:00,2026-06-03 14:13:44.795074,Delivered,1,4,Next Day,Antalya,69,8.46,97.6,None
2517,2026-06-02 16:15:00,2026-06-03 02:15:00,2026-06-02 16:04:44.935230,Delivered,2,1,Same Day,Eskisehir,137,18.71,238.04,None
2518,2026-06-02 16:45:00,2026-06-03 22:45:00,2026-06-03 09:42:21.220920,Delivered,6,3,Next Day,Adana,443,11.32,83.92,None
2519,2026-06-02 08:30:00,2026-06-05 08:30:00,2026-06-05 02:57:34.246548,Delivered,3,4,Standard,Eskisehir,293,6.18,212.42,None
2520,2026-06-02 09:30:00,2026-06-02 19:30:00,2026-06-02 17:51:28.463596,Delivered,3,1,Same Day,Gaziantep,475,18.97,178.32,None
2521,2026-06-02 13:15:00,2026-06-05 13:15:00,2026-06-05 01:46:14.077435,Delivered,2,1,Standard,Antalya,389,6.83,249.47,None
2522,2026-06-02 12:45:00,2026-06-05 12:45:00,2026-06-04 23:18:59.803576,Delivered,4,3,Standard,Adana,237,5.86,283.2,None
2523,2026-06-02 17:30:00,2026-06-05 17:30:00,2026-06-05 05:29:02.004353,Delivered,6,2,Standard,Gaziantep,776,10.05,248.97,None
2524,2026-06-02 10:30:00,2026-06-05 10:30:00,2026-06-04 23:27:24.047737,Delivered,6,2,Standard,Izmir,656,11.16,305.67,None
2525,2026-06-02 17:30:00,2026-06-03 23:30:00,2026-06-03 06:14:39.726574,Delivered,1,3,Next Day,Ankara,418,11.73,120.67,None
2526,2026-06-02 17:15:00,2026-06-03 23:15:00,2026-06-03 06:06:39.706433,Delivered,1,4,Next Day,Bursa,704,3.93,191.6,None
2527,2026-06-03 10:45:00,2026-06-03 20:45:00,2026-06-03 04:02:54.776593,Delivered,6,2,Same Day,Ankara,523,12.76,40.29,None
2528,2026-06-03 18:45:00,2026-06-05 00:45:00,2026-06-05 10:10:01.232176,Delivered,2,4,Next Day,Adana,470,16.44,184.11,Weather
2529,2026-06-03 09:00:00,2026-06-04 15:00:00,2026-06-04 06:01:48.058037,Delivered,5,1,Next Day,Eskisehir,49,11.33,273.54,None
2530,2026-06-03 16:45:00,2026-06-04 22:45:00,2026-06-05 08:21:20.943398,Delivered,1,4,Next Day,Bursa,291,8.2,75.8,Address Issue
2531,2026-06-03 09:45:00,2026-06-06 09:45:00,2026-06-06 00:26:06.100944,Delivered,1,2,Standard,Istanbul,589,15.23,26.75,None
2532,2026-06-03 12:45:00,2026-06-06 12:45:00,2026-06-06 08:05:16.129840,Delivered,3,3,Standard,Gaziantep,613,9.76,93.07,None
2533,2026-06-03 08:30:00,2026-06-06 08:30:00,,Failed,2,4,Standard,Istanbul,290,5.91,194.14,None
2534,2026-06-03 13:45:00,2026-06-03 23:45:00,2026-06-04 13:37:10.393562,Delivered,2,1,Same Day,Adana,102,10.65,239.49,Hub Congestion
2535,2026-06-03 18:30:00,2026-06-05 00:30:00,,Failed,1,2,Next Day,Antalya,697,13.92,261.11,None
2536,2026-06-03 08:45:00,2026-06-04 14:45:00,2026-06-05 18:31:12.841854,Delivered,6,2,Next Day,Adana,263,6.76,231.33,Hub Congestion
2537,2026-06-03 12:15:00,2026-06-04 18:15:00,2026-06-04 13:17:47.671491,Delivered,3,1,Next Day,Izmir,666,7.24,72.78,None
2538,2026-06-03 09:45:00,2026-06-06 09:45:00,2026-06-06 06:10:13.090053,Delivered,1,2,Standard,Antalya,625,9.7,145.04,None
2539,2026-06-03 14:30:00,2026-06-06 14:30:00,2026-06-07 10:18:55.582543,Delivered,3,4,Standard,Antalya,56,8.62,181.21,Vehicle Breakdown
2540,2026-06-03 18:45:00,2026-06-06 18:45:00,2026-06-06 06:11:15.856633,Delivered,5,3,Standard,Gaziantep,65,7.94,301.18,None
2541,2026-06-03 09:30:00,2026-06-03 19:30:00,2026-06-03 17:05:58.306067,Delivered,5,1,Same Day,Istanbul,610,19.15,292.67,None
2542,2026-06-04 07:00:00,2026-06-04 17:00:00,2026-06-06 09:01:58.585289,Delivered,1,2,Same Day,Bursa,85,18.21,43.63,Weather
2543,2026-06-04 17:45:00,2026-06-05 23:45:00,2026-06-06 23:12:29.102024,Delivered,1,3,Next Day,Izmir,46,5.38,270.02,Hub Congestion
2544,2026-06-04 08:00:00,2026-06-07 08:00:00,2026-06-06 22:15:45.531232,Delivered,1,3,Standard,Antalya,182,11.56,184.5,None
2545,2026-06-04 10:30:00,2026-06-05 16:30:00,2026-06-05 10:40:15.748968,Delivered,4,2,Next Day,Adana,54,7.97,81.13,None
2546,2026-06-04 07:45:00,2026-06-07 07:45:00,2026-06-08 05:18:54.032588,Delivered,4,4,Standard,Eskisehir,12,7.29,94.0,Carrier Capacity
2547,2026-06-04 16:30:00,2026-06-07 16:30:00,2026-06-06 23:04:16.172387,Delivered,5,3,Standard,Eskisehir,232,9.19,84.9,None
2548,2026-06-04 07:45:00,2026-06-05 13:45:00,2026-06-04 21:58:58.178699,Delivered,3,3,Next Day,Izmir,465,8.01,71.02,None
2549,2026-06-04 11:45:00,2026-06-07 11:45:00,2026-06-08 01:21:44.925795,Delivered,3,2,Standard,Bursa,209,15.73,106.54,Address Issue
2550,2026-06-04 13:15:00,2026-06-04 23:15:00,2026-06-04 16:08:54.207784,Delivered,2,4,Same Day,Eskisehir,620,15.29,148.56,None
2551,2026-06-04 12:45:00,2026-06-05 18:45:00,2026-06-05 04:17:33.967123,Delivered,6,3,Next Day,Antalya,590,10.33,149.33,None
2552,2026-06-04 16:15:00,2026-06-05 22:15:00,2026-06-05 15:04:33.006031,Delivered,1,1,Next Day,Antalya,86,11.59,283.45,None
2553,2026-06-04 12:15:00,2026-06-05 18:15:00,2026-06-05 15:15:42.808261,Delivered,5,3,Next Day,Eskisehir,301,15.84,114.64,None
2554,2026-06-04 15:30:00,2026-06-05 21:30:00,2026-06-05 13:58:05.711892,Delivered,4,2,Next Day,Izmir,437,6.97,193.73,None
2555,2026-06-04 10:45:00,2026-06-07 10:45:00,2026-06-06 21:19:26.231221,Delivered,1,1,Standard,Mersin,377,10.85,270.82,None
2556,2026-06-04 09:30:00,2026-06-05 15:30:00,2026-06-06 14:22:59.609724,Delivered,4,4,Next Day,Konya,585,8.28,283.88,Weather
2557,2026-06-04 10:45:00,2026-06-07 10:45:00,2026-06-06 18:03:03.101513,Delivered,2,4,Standard,Eskisehir,71,4.17,279.6,None
2558,2026-06-04 16:30:00,2026-06-07 16:30:00,2026-06-07 06:06:49.931649,Delivered,1,3,Standard,Adana,121,13.86,130.2,None
2559,2026-06-05 17:00:00,2026-06-08 17:00:00,2026-06-08 05:05:27.504958,Delivered,3,3,Standard,Konya,648,11.32,98.06,None
2560,2026-06-05 10:15:00,2026-06-06 16:15:00,2026-06-06 08:50:39.845465,Delivered,2,2,Next Day,Bursa,678,4.88,184.22,None
2561,2026-06-05 13:45:00,2026-06-08 13:45:00,2026-06-09 01:34:57.156882,Delivered,1,4,Standard,Antalya,527,8.15,253.61,Hub Congestion
2562,2026-06-05 15:30:00,2026-06-08 15:30:00,2026-06-08 00:06:31.564802,Delivered,3,4,Standard,Gaziantep,198,3.59,90.33,None
2563,2026-06-05 11:00:00,2026-06-08 11:00:00,2026-06-07 17:24:05.833401,Delivered,2,1,Standard,Eskisehir,638,13.5,35.21,None
2564,2026-06-05 18:15:00,2026-06-08 18:15:00,2026-06-10 13:53:39.415824,Delivered,1,4,Standard,Izmir,399,9.34,210.72,Customer Unavailable
2565,2026-06-05 07:15:00,2026-06-08 07:15:00,2026-06-10 10:02:46.156868,Delivered,1,3,Standard,Antalya,540,9.16,265.3,Hub Congestion
2566,2026-06-05 15:00:00,2026-06-08 15:00:00,2026-06-08 09:06:18.977194,Delivered,6,2,Standard,Adana,136,16.16,247.51,None
2567,2026-06-05 11:45:00,2026-06-06 17:45:00,2026-06-06 01:38:07.825427,Delivered,2,1,Next Day,Gaziantep,730,6.53,230.58,None
2568,2026-06-05 09:00:00,2026-06-06 15:00:00,2026-06-06 08:46:11.773539,Delivered,1,3,Next Day,Izmir,354,14.8,63.49,None
2569,2026-06-05 15:30:00,2026-06-06 21:30:00,2026-06-08 06:46:21.225512,Delivered,3,3,Next Day,Gaziantep,166,6.24,53.04,Address Issue
2570,2026-06-05 12:45:00,2026-06-06 18:45:00,2026-06-08 05:18:12.576317,Delivered,3,4,Next Day,Istanbul,484,5.57,71.69,Carrier Capacity
2571,2026-06-05 17:30:00,2026-06-06 03:30:00,2026-06-05 15:34:25.627153,Delivered,5,2,Same Day,Gaziantep,681,15.07,65.01,None
2572,2026-06-05 17:30:00,2026-06-08 17:30:00,2026-06-08 10:16:27.907394,Delivered,1,3,Standard,Konya,298,13.48,53.15,None
2573,2026-06-05 15:00:00,2026-06-06 01:00:00,2026-06-07 22:33:45.533751,Delivered,4,2,Same Day,Mersin,128,16.26,222.11,Hub Congestion
2574,2026-06-05 11:00:00,2026-06-08 11:00:00,2026-06-09 17:32:58.228818,Delivered,5,4,Standard,Antalya,438,5.6,51.83,Carrier Capacity
2575,2026-06-05 12:00:00,2026-06-05 22:00:00,2026-06-05 17:27:16.321411,Delivered,2,3,Same Day,Ankara,282,17.14,245.87,None
2576,2026-06-05 17:30:00,2026-06-08 17:30:00,2026-06-08 14:01:24.574749,Delivered,5,1,Standard,Gaziantep,225,4.95,71.57,None
2577,2026-06-05 16:30:00,2026-06-06 22:30:00,2026-06-06 16:46:01.510317,Delivered,1,3,Next Day,Ankara,633,3.55,159.54,None
2578,2026-06-05 17:00:00,2026-06-08 17:00:00,2026-06-09 02:40:11.631706,Delivered,4,4,Standard,Eskisehir,559,10.68,94.32,Carrier Capacity
2579,2026-06-05 09:30:00,2026-06-08 09:30:00,2026-06-08 01:35:44.723444,Delivered,2,1,Standard,Izmir,220,7.12,266.09,None
2580,2026-06-05 10:00:00,2026-06-06 16:00:00,2026-06-06 01:18:45.793718,Delivered,6,4,Next Day,Izmir,63,6.01,50.37,None
2581,2026-06-05 09:45:00,2026-06-06 15:45:00,2026-06-05 21:55:04.780807,Delivered,4,2,Next Day,Konya,10,6.37,65.03,None
2582,2026-06-06 16:30:00,2026-06-09 16:30:00,2026-06-09 04:05:53.052559,Delivered,6,2,Standard,Istanbul,65,5.2,250.97,None
2583,2026-06-06 12:45:00,2026-06-07 18:45:00,2026-06-07 13:56:29.345235,Delivered,2,3,Next Day,Bursa,461,8.05,261.06,None
2584,2026-06-06 09:00:00,2026-06-09 09:00:00,2026-06-09 00:05:14.103206,Delivered,4,3,Standard,Bursa,750,15.73,45.61,None
2585,2026-06-06 09:00:00,2026-06-09 09:00:00,2026-06-08 16:49:20.457224,Delivered,1,1,Standard,Antalya,242,4.74,101.25,None
2586,2026-06-06 13:45:00,2026-06-09 13:45:00,2026-06-10 16:35:17.618063,Delivered,1,3,Standard,Antalya,238,8.65,122.66,Address Issue
2587,2026-06-06 10:00:00,2026-06-09 10:00:00,2026-06-08 17:12:39.959904,Delivered,3,3,Standard,Ankara,419,5.67,174.7,None
2588,2026-06-06 12:30:00,2026-06-06 22:30:00,2026-06-06 13:09:22.424724,Delivered,5,1,Same Day,Eskisehir,111,13.27,188.41,None
2589,2026-06-06 14:30:00,2026-06-07 20:30:00,2026-06-07 05:36:13.816438,Delivered,5,1,Next Day,Mersin,563,8.17,290.0,None
2590,2026-06-06 07:45:00,2026-06-09 07:45:00,2026-06-08 15:49:41.923772,Delivered,4,1,Standard,Konya,439,13.8,133.77,None
2591,2026-06-06 12:00:00,2026-06-07 18:00:00,2026-06-07 09:14:20.854954,Delivered,4,4,Next Day,Istanbul,550,14.33,147.38,None
2592,2026-06-06 08:45:00,2026-06-07 14:45:00,2026-06-08 00:53:48.896567,Delivered,4,3,Next Day,Konya,430,15.81,319.61,Address Issue
2593,2026-06-06 08:15:00,2026-06-09 08:15:00,2026-06-08 16:29:42.302740,Delivered,3,3,Standard,Adana,181,4.65,42.12,None
2594,2026-06-06 12:15:00,2026-06-09 12:15:00,2026-06-09 06:08:08.888782,Delivered,1,2,Standard,Izmir,162,8.12,165.03,None
2595,2026-06-06 18:30:00,2026-06-08 00:30:00,2026-06-07 12:17:03.673167,Delivered,4,3,Next Day,Konya,145,12.88,94.21,None
2596,2026-06-06 18:00:00,2026-06-09 18:00:00,2026-06-09 09:31:46.133081,Delivered,3,2,Standard,Istanbul,436,7.97,51.12,None
2597,2026-06-07 08:45:00,2026-06-08 14:45:00,2026-06-07 21:31:37.099225,Delivered,3,1,Next Day,Ankara,69,11.04,109.45,None
2598,2026-06-07 15:30:00,2026-06-10 15:30:00,2026-06-10 10:39:26.572740,Delivered,5,4,Standard,Mersin,767,11.87,226.76,None
2599,2026-06-07 14:15:00,2026-06-08 00:15:00,2026-06-07 18:40:42.530154,Delivered,6,4,Same Day,Konya,80,23.18,150.71,None
2600,2026-06-07 13:15:00,2026-06-08 19:15:00,2026-06-08 09:55:35.594287,Delivered,5,1,Next Day,Gaziantep,469,7.76,213.98,None
2601,2026-06-07 12:15:00,2026-06-10 12:15:00,2026-06-11 14:59:00.548165,Delivered,4,4,Standard,Bursa,180,6.72,143.39,Carrier Capacity
2602,2026-06-07 18:45:00,2026-06-09 00:45:00,2026-06-08 11:17:21.030949,Delivered,1,2,Next Day,Antalya,541,16.17,159.43,None
2603,2026-06-07 14:45:00,2026-06-10 14:45:00,2026-06-10 00:35:16.881591,Delivered,2,1,Standard,Eskisehir,114,5.46,34.05,None
2604,2026-06-07 16:00:00,2026-06-08 02:00:00,2026-06-07 09:41:20.133092,Delivered,1,2,Same Day,Antalya,712,18.88,253.84,None
2605,2026-06-07 16:15:00,2026-06-10 16:15:00,2026-06-09 22:40:31.009668,Delivered,1,3,Standard,Mersin,650,10.47,185.07,None
2606,2026-06-07 12:00:00,2026-06-10 12:00:00,2026-06-10 06:24:36.395057,Delivered,4,1,Standard,Mersin,35,8.48,219.75,None
2607,2026-06-07 13:45:00,2026-06-10 13:45:00,2026-06-10 01:51:12.710825,Delivered,6,1,Standard,Bursa,58,8.88,115.88,None
2608,2026-06-07 10:15:00,2026-06-10 10:15:00,2026-06-10 07:35:41.547409,Delivered,1,3,Standard,Adana,378,12.14,84.68,None
2609,2026-06-07 17:30:00,2026-06-10 17:30:00,2026-06-10 03:39:07.548207,Delivered,1,4,Standard,Ankara,422,4.62,132.77,None
2610,2026-06-07 11:00:00,2026-06-08 17:00:00,2026-06-08 11:45:48.918747,Delivered,4,2,Next Day,Adana,271,4.36,293.34,None
2611,2026-06-07 09:15:00,2026-06-08 15:15:00,2026-06-08 06:47:44.514259,Delivered,5,2,Next Day,Gaziantep,179,14.95,314.53,None
2612,2026-06-07 07:30:00,2026-06-08 13:30:00,2026-06-08 12:18:04.236497,Delivered,1,2,Next Day,Adana,752,16.36,204.3,None
2613,2026-06-07 08:30:00,2026-06-10 08:30:00,2026-06-09 18:03:04.079126,Delivered,1,4,Standard,Gaziantep,315,10.16,232.45,None
2614,2026-06-07 14:15:00,2026-06-10 14:15:00,2026-06-11 20:00:55.998466,Delivered,2,3,Standard,Gaziantep,519,9.18,33.59,Hub Congestion
2615,2026-06-07 08:15:00,2026-06-10 08:15:00,2026-06-11 22:24:52.827907,Delivered,4,4,Standard,Konya,461,3.65,103.85,Weather
2616,2026-06-07 14:00:00,2026-06-10 14:00:00,2026-06-10 08:12:13.969879,Delivered,1,1,Standard,Izmir,734,8.72,311.95,None
2617,2026-06-08 15:30:00,2026-06-11 15:30:00,2026-06-11 07:35:19.167489,Delivered,5,2,Standard,Gaziantep,70,16.21,149.23,None
2618,2026-06-08 08:15:00,2026-06-09 14:15:00,,Failed,6,1,Next Day,Ankara,579,11.36,159.41,None
2619,2026-06-08 08:00:00,2026-06-08 18:00:00,2026-06-08 10:23:13.172055,Delivered,2,4,Same Day,Konya,564,10.79,289.73,None
2620,2026-06-08 09:15:00,2026-06-09 15:15:00,2026-06-09 01:24:08.091141,Delivered,2,4,Next Day,Ankara,337,16.17,83.17,None
2621,2026-06-08 16:30:00,2026-06-11 16:30:00,2026-06-11 04:27:10.394094,Delivered,1,3,Standard,Konya,653,14.16,148.02,None
2622,2026-06-08 08:30:00,2026-06-09 14:30:00,2026-06-11 00:50:59.242574,Delivered,4,1,Next Day,Gaziantep,498,12.0,160.8,Carrier Capacity
2623,2026-06-08 09:15:00,2026-06-11 09:15:00,2026-06-10 19:02:16.629871,Delivered,2,1,Standard,Konya,505,5.04,304.87,None
2624,2026-06-08 16:15:00,2026-06-09 22:15:00,2026-06-09 14:54:45.375553,Delivered,2,2,Next Day,Mersin,450,5.54,192.16,None
2625,2026-06-08 10:30:00,2026-06-11 10:30:00,2026-06-11 03:19:35.329910,Delivered,1,2,Standard,Bursa,623,12.29,135.17,None
2626,2026-06-08 16:45:00,2026-06-09 22:45:00,2026-06-09 08:45:21.740132,Delivered,2,2,Next Day,Eskisehir,21,3.57,46.04,None
2627,2026-06-08 18:45:00,2026-06-11 18:45:00,2026-06-11 17:26:29.364629,Delivered,5,1,Standard,Istanbul,748,11.32,176.07,None
2628,2026-06-08 18:45:00,2026-06-11 18:45:00,2026-06-11 17:18:39.528711,Delivered,2,1,Standard,Eskisehir,683,7.24,227.73,None
2629,2026-06-08 09:15:00,2026-06-09 15:15:00,2026-06-09 09:58:03.165112,Delivered,1,1,Next Day,Adana,240,12.6,185.96,None
2630,2026-06-08 15:30:00,2026-06-09 21:30:00,2026-06-09 17:35:19.368688,Delivered,1,4,Next Day,Konya,276,5.28,221.31,None
2631,2026-06-08 08:00:00,2026-06-08 18:00:00,2026-06-09 16:38:05.207220,Delivered,2,1,Same Day,Eskisehir,134,17.22,29.93,Address Issue
2632,2026-06-08 12:45:00,2026-06-08 22:45:00,2026-06-08 14:58:53.777318,Delivered,2,4,Same Day,Konya,468,17.67,157.53,None
2633,2026-06-08 12:45:00,2026-06-11 12:45:00,2026-06-11 00:29:06.951790,Delivered,1,1,Standard,Eskisehir,400,15.79,131.76,None
2634,2026-06-08 07:30:00,2026-06-11 07:30:00,2026-06-11 03:00:20.681068,Delivered,5,3,Standard,Ankara,750,15.5,181.63,None
2635,2026-06-08 15:30:00,2026-06-09 01:30:00,2026-06-10 16:25:24.745929,Delivered,4,4,Same Day,Izmir,300,18.88,79.0,Hub Congestion
2636,2026-06-08 08:00:00,2026-06-11 08:00:00,2026-06-10 19:44:15.835787,Delivered,2,1,Standard,Ankara,365,12.92,245.89,None
2637,2026-06-09 12:45:00,2026-06-10 18:45:00,2026-06-10 14:55:31.001365,Delivered,4,2,Next Day,Mersin,599,4.32,313.47,None
2638,2026-06-09 17:30:00,2026-06-12 17:30:00,2026-06-13 20:11:19.358694,Delivered,4,4,Standard,Eskisehir,206,9.77,251.38,Carrier Capacity
2639,2026-06-09 11:00:00,2026-06-12 11:00:00,2026-06-11 17:08:34.920012,Delivered,1,1,Standard,Mersin,179,9.46,199.81,None
2640,2026-06-09 18:00:00,2026-06-11 00:00:00,2026-06-10 16:36:48.857055,Delivered,3,2,Next Day,Mersin,397,9.6,307.66,None
2641,2026-06-09 15:45:00,2026-06-12 15:45:00,2026-06-12 14:11:08.432266,Delivered,1,4,Standard,Konya,225,14.33,133.4,None
2642,2026-06-09 10:15:00,2026-06-10 16:15:00,2026-06-09 23:26:43.530504,Delivered,3,2,Next Day,Izmir,43,5.66,28.82,None
2643,2026-06-09 07:45:00,2026-06-09 17:45:00,2026-06-09 02:52:33.679880,Delivered,6,1,Same Day,Ankara,485,17.2,105.53,None
2644,2026-06-09 12:45:00,2026-06-10 18:45:00,2026-06-11 19:02:50.188760,Delivered,2,3,Next Day,Istanbul,114,8.73,76.5,Carrier Capacity
2645,2026-06-09 10:45:00,2026-06-12 10:45:00,2026-06-12 08:35:03.218268,Delivered,5,2,Standard,Gaziantep,269,7.73,170.3,None
2646,2026-06-09 10:45:00,2026-06-12 10:45:00,2026-06-12 16:10:55.164645,Delivered,1,2,Standard,Istanbul,673,9.64,32.03,Weather
2647,2026-06-09 12:45:00,2026-06-12 12:45:00,2026-06-12 03:06:01.720538,Delivered,3,3,Standard,Eskisehir,564,8.73,274.39,None
2648,2026-06-09 07:30:00,2026-06-12 07:30:00,2026-06-11 15:34:41.705838,Delivered,2,3,Standard,Ankara,163,6.66,209.6,None
2649,2026-06-09 17:00:00,2026-06-12 17:00:00,2026-06-12 02:37:31.831063,Delivered,5,1,Standard,Ankara,215,13.52,315.18,None
2650,2026-06-09 13:30:00,2026-06-12 13:30:00,2026-06-12 11:15:29.845302,Delivered,5,3,Standard,Bursa,262,11.52,30.14,None
2651,2026-06-09 14:15:00,2026-06-10 20:15:00,2026-06-10 06:14:03.377048,Delivered,6,3,Next Day,Konya,357,7.41,46.07,None
2652,2026-06-09 11:30:00,2026-06-12 11:30:00,2026-06-12 01:29:54.826660,Delivered,1,2,Standard,Bursa,659,15.97,40.36,None
2653,2026-06-09 07:45:00,2026-06-10 13:45:00,2026-06-10 09:33:44.309962,Delivered,2,4,Next Day,Ankara,114,6.95,205.08,None
2654,2026-06-10 16:15:00,2026-06-11 22:15:00,2026-06-11 15:54:29.590191,Delivered,6,2,Next Day,Antalya,636,5.76,160.91,None
2655,2026-06-10 16:00:00,2026-06-13 16:00:00,2026-06-13 05:02:21.961295,Delivered,5,3,Standard,Eskisehir,286,4.5,100.92,None
2656,2026-06-10 14:45:00,2026-06-13 14:45:00,2026-06-12 20:47:15.233239,Delivered,2,1,Standard,Mersin,350,8.08,57.81,None
2657,2026-06-10 07:00:00,2026-06-11 13:00:00,2026-06-11 10:42:41.001937,Delivered,5,2,Next Day,Antalya,294,6.74,67.72,None
2658,2026-06-10 18:15:00,2026-06-12 00:15:00,2026-06-11 07:56:32.205747,Delivered,3,1,Next Day,Antalya,38,7.61,249.87,None
2659,2026-06-10 07:45:00,2026-06-13 07:45:00,2026-06-12 23:24:41.804014,Delivered,1,3,Standard,Adana,388,11.88,104.36,None
2660,2026-06-10 07:00:00,2026-06-11 13:00:00,2026-06-12 17:45:05.732101,Delivered,1,4,Next Day,Istanbul,753,16.14,164.05,Weather
2661,2026-06-10 07:30:00,2026-06-11 13:30:00,2026-06-11 00:35:14.688047,Delivered,5,3,Next Day,Antalya,158,7.09,73.36,None
2662,2026-06-10 07:30:00,2026-06-13 07:30:00,2026-06-12 22:03:05.085808,Delivered,6,2,Standard,Istanbul,332,10.24,76.81,None
2663,2026-06-10 09:30:00,2026-06-11 15:30:00,2026-06-12 12:24:50.265360,Delivered,4,3,Next Day,Konya,234,13.88,98.04,Customer Unavailable
2664,2026-06-10 10:00:00,2026-06-11 16:00:00,2026-06-11 09:42:54.804461,Delivered,3,3,Next Day,Izmir,223,10.95,171.6,None
2665,2026-06-10 17:45:00,2026-06-11 23:45:00,2026-06-12 18:27:24.690850,Delivered,4,1,Next Day,Mersin,87,9.55,122.37,Vehicle Breakdown
2666,2026-06-10 15:45:00,2026-06-11 21:45:00,2026-06-11 06:21:06.461711,Delivered,1,1,Next Day,Ankara,47,9.2,82.91,None
2667,2026-06-10 15:45:00,2026-06-13 15:45:00,2026-06-13 01:31:34.363420,Delivered,5,3,Standard,Bursa,727,5.96,78.7,None
2668,2026-06-10 09:30:00,2026-06-11 15:30:00,2026-06-10 22:10:35.726501,Delivered,1,3,Next Day,Antalya,153,6.78,142.3,None
2669,2026-06-10 17:30:00,2026-06-11 23:30:00,2026-06-11 10:36:22.887135,Delivered,1,2,Next Day,Ankara,457,4.52,240.8,None
2670,2026-06-11 13:00:00,2026-06-14 13:00:00,2026-06-14 07:11:03.356268,Delivered,1,1,Standard,Mersin,484,5.3,257.35,None
2671,2026-06-11 17:30:00,2026-06-14 17:30:00,2026-06-14 04:06:08.373706,Delivered,6,3,Standard,Konya,739,9.76,191.86,None
2672,2026-06-11 10:00:00,2026-06-14 10:00:00,2026-06-14 04:29:10.435836,Delivered,4,1,Standard,Gaziantep,472,11.24,93.15,None
2673,2026-06-11 12:00:00,2026-06-14 12:00:00,2026-06-14 10:20:45.017200,Delivered,1,1,Standard,Konya,730,6.65,167.51,None
2674,2026-06-11 09:00:00,2026-06-14 09:00:00,2026-06-13 22:48:18.670183,Delivered,1,2,Standard,Gaziantep,517,3.66,269.35,None
2675,2026-06-11 15:15:00,2026-06-14 15:15:00,2026-06-14 13:13:43.848829,Delivered,2,1,Standard,Eskisehir,134,9.53,173.87,None
2676,2026-06-11 14:15:00,2026-06-12 20:15:00,2026-06-12 13:49:24.535678,Delivered,1,1,Next Day,Gaziantep,94,3.74,104.7,None
2677,2026-06-11 10:15:00,2026-06-11 20:15:00,2026-06-11 18:21:56.706272,Delivered,2,4,Same Day,Ankara,755,16.14,144.72,None
2678,2026-06-11 12:00:00,2026-06-12 18:00:00,2026-06-14 12:58:53.320512,Delivered,4,4,Next Day,Adana,156,7.22,235.59,Address Issue
2679,2026-06-11 17:45:00,2026-06-14 17:45:00,2026-06-14 11:35:20.253339,Delivered,5,2,Standard,Ankara,513,12.2,35.83,None
2680,2026-06-11 08:45:00,2026-06-14 08:45:00,2026-06-13 21:18:44.349166,Delivered,5,1,Standard,Izmir,128,5.54,199.49,None
2681,2026-06-11 14:30:00,2026-06-14 14:30:00,2026-06-13 21:25:01.908175,Delivered,2,2,Standard,Gaziantep,750,9.43,255.04,None
2682,2026-06-11 17:30:00,2026-06-12 03:30:00,2026-06-11 13:20:56.495610,Delivered,1,1,Same Day,Adana,47,22.6,267.29,None
2683,2026-06-11 15:30:00,2026-06-12 21:30:00,2026-06-12 12:26:45.096707,Delivered,4,3,Next Day,Mersin,294,16.1,209.09,None
2684,2026-06-11 16:15:00,2026-06-12 22:15:00,2026-06-12 17:41:33.387521,Delivered,1,3,Next Day,Mersin,431,10.9,150.15,None
2685,2026-06-11 17:30:00,2026-06-12 03:30:00,,Failed,1,3,Same Day,Antalya,391,23.41,301.12,None
2686,2026-06-11 11:45:00,2026-06-14 11:45:00,2026-06-13 21:10:52.542921,Delivered,2,2,Standard,Konya,712,8.38,151.4,None
2687,2026-06-11 13:15:00,2026-06-12 19:15:00,2026-06-12 01:52:56.869060,Delivered,5,3,Next Day,Bursa,459,5.24,255.56,None
2688,2026-06-11 14:30:00,2026-06-14 14:30:00,2026-06-13 23:44:52.473534,Delivered,4,1,Standard,Konya,169,11.4,88.25,None
2689,2026-06-12 14:45:00,2026-06-13 20:45:00,2026-06-13 12:49:37.834443,Delivered,2,1,Next Day,Adana,145,8.67,192.89,None
2690,2026-06-12 15:00:00,2026-06-13 21:00:00,2026-06-13 05:38:22.155458,Delivered,1,1,Next Day,Gaziantep,647,3.76,283.23,None
2691,2026-06-12 08:30:00,2026-06-13 14:30:00,2026-06-14 14:18:47.944129,Delivered,1,4,Next Day,Istanbul,500,14.8,309.07,Hub Congestion
2692,2026-06-12 10:00:00,2026-06-13 16:00:00,2026-06-13 05:58:36.016990,Delivered,5,2,Next Day,Mersin,75,13.92,107.31,None
2693,2026-06-12 17:45:00,2026-06-15 17:45:00,2026-06-15 11:13:46.746497,Delivered,5,1,Standard,Ankara,65,10.48,188.39,None
2694,2026-06-12 11:45:00,2026-06-15 11:45:00,2026-06-14 21:39:20.252460,Delivered,5,1,Standard,Konya,593,16.2,234.33,None
2695,2026-06-12 11:45:00,2026-06-15 11:45:00,2026-06-14 23:19:15.517811,Delivered,2,3,Standard,Ankara,148,7.83,306.43,None
2696,2026-06-12 18:30:00,2026-06-13 04:30:00,2026-06-12 14:27:54.800575,Delivered,5,2,Same Day,Gaziantep,54,10.96,194.24,None
2697,2026-06-12 13:30:00,2026-06-15 13:30:00,2026-06-14 19:31:30.974080,Delivered,1,3,Standard,Eskisehir,711,5.46,57.94,None
2698,2026-06-12 14:45:00,2026-06-15 14:45:00,2026-06-15 09:40:18.121830,Delivered,1,3,Standard,Istanbul,529,16.44,68.84,None
2699,2026-06-12 10:00:00,2026-06-13 16:00:00,2026-06-14 15:05:33.708653,Delivered,6,3,Next Day,Konya,486,5.12,66.82,Weather
2700,2026-06-12 13:45:00,2026-06-12 23:45:00,2026-06-12 13:18:03.549491,Delivered,5,2,Same Day,Konya,182,19.58,24.62,None
2701,2026-06-12 07:15:00,2026-06-13 13:15:00,2026-06-12 19:53:18.846659,Delivered,1,4,Next Day,Ankara,52,6.28,139.01,None
2702,2026-06-12 12:30:00,2026-06-12 22:30:00,2026-06-15 00:45:48.799439,Delivered,1,4,Same Day,Istanbul,520,14.62,248.61,Hub Congestion
2703,2026-06-12 13:30:00,2026-06-15 13:30:00,2026-06-16 17:04:09.103481,Delivered,4,3,Standard,Izmir,277,4.34,280.72,Hub Congestion
2704,2026-06-12 17:30:00,2026-06-15 17:30:00,2026-06-15 11:57:11.668713,Delivered,3,4,Standard,Ankara,769,14.71,133.67,None
2705,2026-06-12 15:45:00,2026-06-13 21:45:00,2026-06-13 15:08:03.117546,Delivered,2,3,Next Day,Konya,207,4.55,302.22,None
2706,2026-06-13 18:45:00,2026-06-15 00:45:00,2026-06-14 20:57:05.555653,Delivered,5,2,Next Day,Mersin,656,14.75,115.8,None
2707,2026-06-13 13:15:00,2026-06-16 13:15:00,2026-06-16 08:20:23.300393,Delivered,3,4,Standard,Gaziantep,92,9.14,88.95,None
2708,2026-06-13 17:45:00,2026-06-14 03:45:00,2026-06-14 00:52:52.986376,Delivered,5,2,Same Day,Istanbul,631,14.52,103.82,None
2709,2026-06-13 17:00:00,2026-06-14 23:00:00,2026-06-16 00:52:26.349319,Delivered,2,2,Next Day,Antalya,454,12.53,40.92,Weather
2710,2026-06-13 10:45:00,2026-06-16 10:45:00,2026-06-15 23:43:59.262914,Delivered,6,1,Standard,Istanbul,217,13.05,276.82,None
2711,2026-06-13 16:30:00,2026-06-14 22:30:00,2026-06-14 21:20:04.050452,Delivered,3,4,Next Day,Konya,64,12.82,21.52,None
2712,2026-06-13 07:30:00,2026-06-16 07:30:00,2026-06-15 21:51:17.736841,Delivered,1,4,Standard,Antalya,644,5.62,85.51,None
2713,2026-06-13 15:00:00,2026-06-16 15:00:00,2026-06-16 10:19:41.141288,Delivered,3,3,Standard,Mersin,521,11.52,38.61,None
2714,2026-06-13 08:15:00,2026-06-14 14:15:00,2026-06-14 01:51:55.554944,Delivered,4,4,Next Day,Mersin,227,5.78,238.52,None
2715,2026-06-13 17:15:00,2026-06-16 17:15:00,2026-06-16 11:37:31.805289,Delivered,4,3,Standard,Istanbul,125,7.11,190.09,None
2716,2026-06-13 08:30:00,2026-06-16 08:30:00,2026-06-15 16:21:14.067632,Delivered,4,3,Standard,Konya,581,5.11,126.35,None
2717,2026-06-13 07:15:00,2026-06-14 13:15:00,2026-06-14 09:06:55.182376,Delivered,1,2,Next Day,Izmir,144,15.1,140.61,None
2718,2026-06-13 08:15:00,2026-06-14 14:15:00,2026-06-15 19:05:14.525588,Delivered,5,1,Next Day,Antalya,34,15.2,242.26,Address Issue
2719,2026-06-13 08:00:00,2026-06-14 14:00:00,2026-06-14 07:08:02.401668,Delivered,6,2,Next Day,Mersin,433,7.58,204.33,None
2720,2026-06-13 16:30:00,2026-06-16 16:30:00,2026-06-16 02:19:55.427100,Delivered,1,2,Standard,Ankara,50,7.98,218.5,None
2721,2026-06-14 15:45:00,2026-06-15 21:45:00,2026-06-15 08:53:07.747190,Delivered,3,1,Next Day,Adana,46,16.43,92.18,None
2722,2026-06-14 08:30:00,2026-06-17 08:30:00,2026-06-16 19:12:51.159968,Delivered,4,1,Standard,Bursa,718,4.22,150.01,None
2723,2026-06-14 11:30:00,2026-06-17 11:30:00,2026-06-17 01:08:19.115911,Delivered,2,4,Standard,Adana,48,9.78,27.66,None
2724,2026-06-14 17:00:00,2026-06-15 03:00:00,2026-06-14 21:00:06.307515,Delivered,3,3,Same Day,Adana,228,14.85,116.12,None
2725,2026-06-14 09:15:00,2026-06-17 09:15:00,2026-06-16 17:04:40.628074,Delivered,2,2,Standard,Adana,201,14.15,301.81,None
2726,2026-06-14 18:15:00,2026-06-15 04:15:00,2026-06-14 11:20:25.599895,Delivered,1,3,Same Day,Adana,376,21.99,96.19,None
2727,2026-06-14 08:00:00,2026-06-15 14:00:00,2026-06-15 06:25:31.380626,Delivered,5,2,Next Day,Istanbul,117,15.97,50.64,None
2728,2026-06-14 09:30:00,2026-06-15 15:30:00,2026-06-15 08:57:27.059375,Delivered,1,2,Next Day,Istanbul,637,6.99,296.1,None
2729,2026-06-14 07:00:00,2026-06-17 07:00:00,2026-06-17 05:23:54.486414,Delivered,1,2,Standard,Istanbul,221,6.36,271.67,None
2730,2026-06-14 08:30:00,2026-06-17 08:30:00,2026-06-17 07:22:37.644947,Delivered,6,1,Standard,Istanbul,495,3.64,139.65,None
2731,2026-06-14 10:00:00,2026-06-15 16:00:00,2026-06-15 12:16:33.860265,Delivered,2,1,Next Day,Antalya,719,6.62,267.62,None
2732,2026-06-14 15:30:00,2026-06-17 15:30:00,2026-06-18 14:50:38.287237,Delivered,3,1,Standard,Izmir,11,6.55,69.34,Weather
2733,2026-06-14 07:30:00,2026-06-15 13:30:00,2026-06-15 02:21:30.903171,Delivered,1,4,Next Day,Bursa,144,15.35,23.39,None
2734,2026-06-14 14:15:00,2026-06-17 14:15:00,2026-06-16 22:23:09.413259,Delivered,3,4,Standard,Istanbul,121,13.18,150.06,None
2735,2026-06-14 10:30:00,2026-06-17 10:30:00,2026-06-17 08:38:08.600495,Delivered,5,1,Standard,Antalya,464,11.39,196.35,None
2736,2026-06-14 18:30:00,2026-06-16 00:30:00,2026-06-15 21:26:00.525627,Delivered,1,3,Next Day,Gaziantep,249,6.54,129.11,None
2737,2026-06-14 18:00:00,2026-06-16 00:00:00,2026-06-15 18:02:38.606278,Delivered,1,3,Next Day,Mersin,286,6.75,155.14,None
2738,2026-06-15 18:45:00,2026-06-18 18:45:00,2026-06-18 02:19:07.867776,Delivered,3,3,Standard,Mersin,694,10.07,148.85,None
2739,2026-06-15 12:00:00,2026-06-18 12:00:00,2026-06-18 01:42:08.072221,Delivered,5,3,Standard,Gaziantep,200,6.08,67.76,None
2740,2026-06-15 14:45:00,2026-06-16 20:45:00,2026-06-16 12:37:03.452430,Delivered,3,2,Next Day,Gaziantep,374,11.63,266.53,None
2741,2026-06-15 15:30:00,2026-06-16 21:30:00,2026-06-16 18:21:28.093538,Delivered,2,4,Next Day,Eskisehir,344,5.63,245.71,None
2742,2026-06-15 17:00:00,2026-06-18 17:00:00,2026-06-18 12:40:25.816042,Delivered,3,2,Standard,Gaziantep,48,9.99,54.07,None
2743,2026-06-15 08:30:00,2026-06-18 08:30:00,2026-06-17 14:59:30.258386,Delivered,2,2,Standard,Bursa,610,5.92,96.19,None
2744,2026-06-15 18:30:00,2026-06-17 00:30:00,2026-06-17 20:37:53.743816,Delivered,4,3,Next Day,Istanbul,679,12.89,196.63,Customer Unavailable
2745,2026-06-15 09:15:00,2026-06-16 15:15:00,2026-06-16 04:01:41.724808,Delivered,6,3,Next Day,Antalya,601,8.56,82.09,None
2746,2026-06-15 13:15:00,2026-06-16 19:15:00,2026-06-16 05:18:07.360029,Delivered,4,4,Next Day,Istanbul,661,16.12,270.76,None
2747,2026-06-15 18:00:00,2026-06-17 00:00:00,2026-06-16 13:49:28.877654,Delivered,4,4,Next Day,Konya,716,14.13,205.13,None
2748,2026-06-15 18:00:00,2026-06-17 00:00:00,2026-06-16 12:12:54.826052,Delivered,1,1,Next Day,Adana,451,14.17,103.75,None
2749,2026-06-15 16:45:00,2026-06-16 02:45:00,2026-06-15 17:52:09.429384,Delivered,5,1,Same Day,Eskisehir,573,21.97,92.53,None
2750,2026-06-15 08:15:00,2026-06-18 08:15:00,2026-06-17 18:00:38.879641,Delivered,1,1,Standard,Bursa,654,5.64,284.95,None
2751,2026-06-15 13:30:00,2026-06-18 13:30:00,2026-06-18 12:14:14.825989,Delivered,5,4,Standard,Adana,530,9.56,24.0,None
2752,2026-06-15 15:15:00,2026-06-16 21:15:00,2026-06-16 05:06:11.574165,Delivered,4,2,Next Day,Eskisehir,351,6.25,262.65,None
2753,2026-06-15 16:30:00,2026-06-16 22:30:00,2026-06-16 04:30:52.503561,Delivered,6,4,Next Day,Istanbul,131,9.79,198.37,None
2754,2026-06-15 14:30:00,2026-06-18 14:30:00,2026-06-18 06:57:06.393815,Delivered,6,4,Standard,Konya,702,7.55,37.16,None
2755,2026-06-15 11:30:00,2026-06-15 21:30:00,2026-06-15 10:51:40.794520,Delivered,5,4,Same Day,Gaziantep,680,21.13,213.4,None
2756,2026-06-15 10:45:00,2026-06-16 16:45:00,2026-06-16 10:51:18.164665,Delivered,1,3,Next Day,Eskisehir,188,6.32,278.01,None
2757,2026-06-16 09:00:00,2026-06-16 19:00:00,2026-06-18 21:16:37.652661,Delivered,3,3,Same Day,Antalya,301,19.89,182.53,Hub Congestion
2758,2026-06-16 15:30:00,2026-06-19 15:30:00,2026-06-19 07:56:53.066854,Delivered,4,2,Standard,Konya,440,4.5,48.11,None
2759,2026-06-16 18:30:00,2026-06-17 04:30:00,2026-06-16 11:05:52.781382,Delivered,5,1,Same Day,Ankara,689,13.1,90.61,None
2760,2026-06-16 07:15:00,2026-06-19 07:15:00,2026-06-18 15:20:28.702960,Delivered,3,2,Standard,Bursa,689,11.57,270.02,None
2761,2026-06-16 12:30:00,2026-06-19 12:30:00,2026-06-19 08:43:28.376746,Delivered,2,3,Standard,Eskisehir,96,4.04,178.98,None
2762,2026-06-16 07:00:00,2026-06-19 07:00:00,2026-06-19 01:59:41.809301,Delivered,3,3,Standard,Mersin,625,3.76,153.25,None
2763,2026-06-16 18:30:00,2026-06-19 18:30:00,2026-06-19 08:13:57.402204,Delivered,2,2,Standard,Konya,63,6.44,97.07,None
2764,2026-06-16 08:45:00,2026-06-19 08:45:00,2026-06-19 06:46:25.526721,Delivered,1,3,Standard,Antalya,656,14.27,286.75,None
2765,2026-06-16 13:00:00,2026-06-19 13:00:00,2026-06-18 23:20:47.848651,Delivered,5,3,Standard,Mersin,111,5.82,79.54,None
2766,2026-06-16 16:30:00,2026-06-17 02:30:00,2026-06-16 22:10:04.758868,Delivered,2,4,Same Day,Eskisehir,58,21.95,55.33,None
2767,2026-06-16 12:15:00,2026-06-19 12:15:00,2026-06-19 10:09:16.809633,Delivered,3,2,Standard,Gaziantep,412,13.14,134.12,None
2768,2026-06-17 15:30:00,2026-06-20 15:30:00,2026-06-21 03:07:42.554333,Delivered,4,4,Standard,Gaziantep,441,9.6,277.89,Carrier Capacity
2769,2026-06-17 18:30:00,2026-06-18 04:30:00,2026-06-18 00:05:13.580826,Delivered,4,4,Same Day,Adana,259,12.76,95.05,None
2770,2026-06-17 17:15:00,2026-06-18 03:15:00,2026-06-17 17:59:01.777562,Delivered,3,1,Same Day,Ankara,367,16.49,246.91,None
2771,2026-06-17 13:30:00,2026-06-18 19:30:00,2026-06-18 09:42:17.457679,Delivered,2,3,Next Day,Antalya,255,16.16,162.15,None
2772,2026-06-17 08:15:00,2026-06-20 08:15:00,2026-06-20 04:52:12.738994,Delivered,1,3,Standard,Gaziantep,33,15.97,247.37,None
2773,2026-06-17 09:30:00,2026-06-20 09:30:00,2026-06-20 03:41:15.385570,Delivered,3,1,Standard,Istanbul,385,11.56,102.24,None
2774,2026-06-17 12:45:00,2026-06-18 18:45:00,2026-06-19 20:57:37.962099,Delivered,6,4,Next Day,Konya,157,15.83,308.93,Hub Congestion
2775,2026-06-17 16:00:00,2026-06-18 22:00:00,2026-06-18 05:05:39.615104,Delivered,1,1,Next Day,Konya,379,13.23,220.68,None
2776,2026-06-17 15:00:00,2026-06-18 21:00:00,2026-06-18 14:35:32.669740,Delivered,6,3,Next Day,Izmir,684,9.18,113.46,None
2777,2026-06-17 14:45:00,2026-06-18 20:45:00,2026-06-18 14:58:52.986442,Delivered,4,2,Next Day,Mersin,33,7.03,265.46,None
2778,2026-06-17 18:45:00,2026-06-18 04:45:00,2026-06-18 01:56:04.767012,Delivered,2,4,Same Day,Antalya,97,21.86,200.86,None
2779,2026-06-17 11:00:00,2026-06-20 11:00:00,2026-06-19 18:56:03.733333,Delivered,1,3,Standard,Bursa,489,8.09,200.25,None
2780,2026-06-17 18:00:00,2026-06-18 04:00:00,2026-06-17 14:42:08.748096,Delivered,4,3,Same Day,Antalya,208,12.97,58.59,None
2781,2026-06-17 11:15:00,2026-06-18 17:15:00,2026-06-18 05:58:10.466433,Delivered,4,4,Next Day,Ankara,293,9.92,243.63,None
2782,2026-06-17 15:45:00,2026-06-20 15:45:00,2026-06-20 14:28:02.032060,Delivered,1,1,Standard,Bursa,36,11.17,98.28,None
2783,2026-06-17 16:30:00,2026-06-18 02:30:00,2026-06-17 21:37:31.595871,Delivered,4,3,Same Day,Izmir,688,11.94,104.65,None
2784,2026-06-17 17:45:00,2026-06-18 23:45:00,2026-06-18 10:41:43.336381,Delivered,5,2,Next Day,Gaziantep,706,14.53,180.72,None
2785,2026-06-17 16:30:00,2026-06-18 22:30:00,2026-06-18 20:51:38.669068,Delivered,6,2,Next Day,Izmir,402,13.35,121.03,None
2786,2026-06-17 17:45:00,2026-06-18 03:45:00,2026-06-17 21:00:39.931464,Delivered,3,1,Same Day,Eskisehir,386,18.81,86.61,None
2787,2026-06-17 11:45:00,2026-06-18 17:45:00,2026-06-18 00:45:38.347932,Delivered,1,1,Next Day,Izmir,562,15.88,19.1,None
2788,2026-06-18 08:30:00,2026-06-19 14:30:00,2026-06-19 02:12:29.602785,Delivered,6,2,Next Day,Adana,472,8.13,288.89,None
2789,2026-06-18 18:00:00,2026-06-20 00:00:00,2026-06-20 22:07:04.785022,Delivered,2,1,Next Day,Gaziantep,749,11.92,160.73,Carrier Capacity
2790,2026-06-18 11:45:00,2026-06-19 17:45:00,2026-06-19 02:14:16.670542,Delivered,6,4,Next Day,Eskisehir,646,11.96,99.97,None
2791,2026-06-18 13:15:00,2026-06-21 13:15:00,2026-06-20 23:39:24.804445,Delivered,1,4,Standard,Adana,706,5.68,239.31,None
2792,2026-06-18 10:45:00,2026-06-18 20:45:00,2026-06-18 09:02:35.557845,Delivered,6,2,Same Day,Izmir,614,20.75,217.85,None
2793,2026-06-18 15:45:00,2026-06-19 21:45:00,2026-06-19 08:48:08.571601,Delivered,2,4,Next Day,Istanbul,313,14.72,289.01,None
2794,2026-06-18 14:45:00,2026-06-21 14:45:00,2026-06-21 06:07:01.693339,Delivered,5,4,Standard,Eskisehir,130,11.77,215.63,None
2795,2026-06-18 10:00:00,2026-06-19 16:00:00,2026-06-20 04:54:14.572007,Delivered,4,3,Next Day,Adana,779,10.46,95.49,Carrier Capacity
2796,2026-06-18 10:00:00,2026-06-19 16:00:00,2026-06-19 03:00:11.620038,Delivered,2,2,Next Day,Eskisehir,760,5.04,40.77,None
2797,2026-06-18 08:00:00,2026-06-18 18:00:00,2026-06-18 11:50:18.134574,Delivered,4,1,Same Day,Ankara,507,14.88,318.4,None
2798,2026-06-18 09:00:00,2026-06-21 09:00:00,2026-06-21 07:15:29.391565,Delivered,3,2,Standard,Ankara,709,13.13,319.81,None
2799,2026-06-18 11:45:00,2026-06-19 17:45:00,2026-06-19 14:13:38.058792,Delivered,6,3,Next Day,Eskisehir,683,10.47,104.91,None
2800,2026-06-18 18:00:00,2026-06-20 00:00:00,2026-06-19 09:50:45.075885,Delivered,6,2,Next Day,Mersin,294,7.98,182.81,None
2801,2026-06-18 11:00:00,2026-06-21 11:00:00,2026-06-21 06:23:07.777333,Delivered,3,3,Standard,Eskisehir,160,7.89,136.32,None
2802,2026-06-19 11:00:00,2026-06-22 11:00:00,2026-06-21 20:40:48.213965,Delivered,3,4,Standard,Adana,148,9.55,24.73,None
2803,2026-06-19 17:30:00,2026-06-20 23:30:00,2026-06-22 16:28:51.787124,Delivered,4,1,Next Day,Konya,174,3.51,54.21,Weather
2804,2026-06-19 12:00:00,2026-06-20 18:00:00,2026-06-20 03:07:11.128688,Delivered,1,2,Next Day,Adana,501,8.76,267.04,None
2805,2026-06-19 18:00:00,2026-06-21 00:00:00,2026-06-22 19:10:27.718796,Delivered,3,1,Next Day,Gaziantep,556,5.33,18.46,Customer Unavailable
2806,2026-06-19 16:45:00,2026-06-20 02:45:00,2026-06-19 12:49:48.524159,Delivered,5,1,Same Day,Adana,125,10.58,52.53,None
2807,2026-06-19 14:00:00,2026-06-20 20:00:00,2026-06-20 06:52:52.953264,Delivered,4,1,Next Day,Konya,472,9.95,88.98,None
2808,2026-06-19 12:45:00,2026-06-20 18:45:00,2026-06-20 00:51:26.157529,Delivered,3,1,Next Day,Izmir,220,14.29,116.02,None
2809,2026-06-19 10:00:00,2026-06-22 10:00:00,2026-06-21 16:54:39.345025,Delivered,4,3,Standard,Gaziantep,244,13.95,272.04,None
2810,2026-06-19 14:45:00,2026-06-20 20:45:00,2026-06-20 18:13:02.660241,Delivered,5,2,Next Day,Istanbul,667,7.97,197.32,None
2811,2026-06-19 09:45:00,2026-06-22 09:45:00,2026-06-22 02:11:09.347365,Delivered,1,1,Standard,Ankara,603,5.41,100.25,None
2812,2026-06-19 17:30:00,2026-06-22 17:30:00,2026-06-22 10:42:12.645277,Delivered,5,3,Standard,Istanbul,108,15.52,313.9,None
2813,2026-06-19 15:45:00,2026-06-20 21:45:00,2026-06-20 19:35:35.515962,Delivered,6,1,Next Day,Ankara,261,14.52,187.51,None
2814,2026-06-19 14:45:00,2026-06-20 20:45:00,2026-06-20 08:32:55.667389,Delivered,1,1,Next Day,Mersin,751,5.85,204.4,None
2815,2026-06-19 14:15:00,2026-06-22 14:15:00,2026-06-21 20:27:33.501566,Delivered,4,4,Standard,Bursa,420,6.17,83.37,None
2816,2026-06-19 08:45:00,2026-06-20 14:45:00,2026-06-20 05:16:10.869457,Delivered,5,3,Next Day,Istanbul,643,14.09,182.52,None
2817,2026-06-19 12:30:00,2026-06-22 12:30:00,2026-06-21 20:28:28.561179,Delivered,3,2,Standard,Mersin,110,11.73,316.94,None
2818,2026-06-19 10:15:00,2026-06-20 16:15:00,2026-06-20 09:24:01.789314,Delivered,3,1,Next Day,Istanbul,529,16.43,248.11,None
2819,2026-06-19 17:30:00,2026-06-22 17:30:00,2026-06-21 23:49:53.982723,Delivered,6,2,Standard,Konya,438,7.68,67.52,None
2820,2026-06-19 10:00:00,2026-06-22 10:00:00,2026-06-21 17:06:28.707001,Delivered,3,4,Standard,Gaziantep,173,13.19,195.61,None
2821,2026-06-19 13:00:00,2026-06-19 23:00:00,2026-06-20 21:53:09.651487,Delivered,3,1,Same Day,Gaziantep,170,22.92,270.78,Weather
2822,2026-06-19 16:00:00,2026-06-20 22:00:00,2026-06-20 11:50:29.132900,Delivered,1,1,Next Day,Adana,604,7.86,117.65,None
2823,2026-06-19 13:45:00,2026-06-19 23:45:00,2026-06-20 21:03:39.827719,Delivered,4,2,Same Day,Antalya,646,19.66,249.29,Weather
2824,2026-06-19 10:00:00,2026-06-22 10:00:00,2026-06-21 18:24:02.428882,Delivered,6,2,Standard,Istanbul,760,6.84,209.42,None
2825,2026-06-20 10:15:00,2026-06-21 16:15:00,2026-06-21 14:19:37.297685,Delivered,1,2,Next Day,Eskisehir,367,6.03,28.04,None
2826,2026-06-20 12:30:00,2026-06-21 18:30:00,2026-06-21 03:31:01.993949,Delivered,2,3,Next Day,Konya,261,8.34,115.86,None
2827,2026-06-20 18:00:00,2026-06-23 18:00:00,2026-06-23 05:26:21.807005,Delivered,5,1,Standard,Mersin,117,9.73,240.13,None
2828,2026-06-20 16:00:00,2026-06-23 16:00:00,2026-06-23 01:51:19.374899,Delivered,5,3,Standard,Izmir,444,9.86,62.18,None
2829,2026-06-20 12:15:00,2026-06-23 12:15:00,2026-06-25 06:51:23.476525,Delivered,4,2,Standard,Adana,306,7.64,259.49,Hub Congestion
2830,2026-06-20 16:15:00,2026-06-21 22:15:00,2026-06-21 17:09:29.332610,Delivered,1,2,Next Day,Bursa,388,12.2,124.67,None
2831,2026-06-20 09:00:00,2026-06-20 19:00:00,2026-06-20 08:55:15.379956,Delivered,1,3,Same Day,Bursa,414,21.19,244.81,None
2832,2026-06-20 15:00:00,2026-06-23 15:00:00,2026-06-23 07:55:29.665156,Delivered,2,2,Standard,Konya,37,6.11,279.67,None
2833,2026-06-20 18:00:00,2026-06-22 00:00:00,2026-06-21 18:53:35.824017,Delivered,4,1,Next Day,Antalya,717,8.95,304.67,None
2834,2026-06-20 11:45:00,2026-06-21 17:45:00,2026-06-21 09:24:37.499788,Delivered,6,3,Next Day,Bursa,415,16.32,35.8,None
2835,2026-06-20 18:30:00,2026-06-21 04:30:00,2026-06-21 12:13:47.003605,Delivered,2,4,Same Day,Bursa,245,22.55,168.82,Address Issue
2836,2026-06-20 18:15:00,2026-06-23 18:15:00,2026-06-23 13:13:08.544197,Delivered,1,2,Standard,Istanbul,540,16.19,98.86,None
2837,2026-06-20 13:15:00,2026-06-21 19:15:00,2026-06-22 04:10:11.302154,Delivered,3,1,Next Day,Antalya,164,5.67,260.43,Address Issue
2838,2026-06-20 11:00:00,2026-06-21 17:00:00,2026-06-21 10:27:14.521405,Delivered,2,2,Next Day,Antalya,414,16.08,57.6,None
2839,2026-06-20 10:30:00,2026-06-21 16:30:00,2026-06-21 05:10:07.083412,Delivered,1,3,Next Day,Bursa,242,14.51,217.76,None
2840,2026-06-20 12:00:00,2026-06-21 18:00:00,2026-06-21 15:16:29.042591,Delivered,1,2,Next Day,Gaziantep,680,4.83,199.69,None
2841,2026-06-21 08:15:00,2026-06-22 14:15:00,2026-06-22 09:31:59.934685,Delivered,1,2,Next Day,Gaziantep,567,13.95,21.24,None
2842,2026-06-21 10:00:00,2026-06-21 20:00:00,2026-06-21 17:14:03.901798,Delivered,3,1,Same Day,Izmir,82,10.82,225.48,None
2843,2026-06-21 08:30:00,2026-06-22 14:30:00,2026-06-24 02:41:17.891796,Delivered,4,2,Next Day,Ankara,413,5.21,215.33,Customer Unavailable
2844,2026-06-21 13:30:00,2026-06-22 19:30:00,2026-06-22 13:08:02.061416,Delivered,1,3,Next Day,Antalya,40,14.53,86.47,None
2845,2026-06-21 12:15:00,2026-06-24 12:15:00,2026-06-24 00:19:05.245793,Delivered,2,1,Standard,Gaziantep,394,5.46,302.71,None
2846,2026-06-21 15:00:00,2026-06-22 01:00:00,2026-06-21 14:14:24.023235,Delivered,1,2,Same Day,Gaziantep,704,13.76,116.16,None
2847,2026-06-21 15:15:00,2026-06-24 15:15:00,2026-06-24 07:34:58.995792,Delivered,1,2,Standard,Konya,419,10.65,234.4,None
2848,2026-06-21 16:30:00,2026-06-22 22:30:00,2026-06-22 07:29:42.218202,Delivered,4,2,Next Day,Adana,633,4.69,188.67,None
2849,2026-06-21 08:15:00,2026-06-24 08:15:00,2026-06-23 22:13:34.575211,Delivered,1,4,Standard,Izmir,779,13.99,183.18,None
2850,2026-06-21 08:45:00,2026-06-24 08:45:00,,Failed,3,4,Standard,Konya,159,8.02,179.57,None
2851,2026-06-21 17:30:00,2026-06-22 03:30:00,2026-06-22 14:46:08.646987,Delivered,3,3,Same Day,Bursa,404,20.04,154.01,Hub Congestion
2852,2026-06-21 11:15:00,2026-06-24 11:15:00,2026-06-24 02:08:36.927142,Delivered,1,3,Standard,Bursa,551,15.6,125.22,None
2853,2026-06-21 13:45:00,2026-06-21 23:45:00,2026-06-21 17:49:23.439702,Delivered,1,4,Same Day,Gaziantep,501,12.33,169.99,None
2854,2026-06-21 18:30:00,2026-06-24 18:30:00,2026-06-24 17:22:08.450598,Delivered,1,2,Standard,Adana,605,15.7,308.19,None
2855,2026-06-21 07:30:00,2026-06-21 17:30:00,2026-06-21 11:02:48.725859,Delivered,1,1,Same Day,Izmir,775,17.23,149.81,None
2856,2026-06-21 16:45:00,2026-06-22 22:45:00,2026-06-22 19:48:50.286804,Delivered,1,4,Next Day,Istanbul,469,8.59,178.01,None
2857,2026-06-21 13:45:00,2026-06-24 13:45:00,2026-06-24 01:04:53.092282,Delivered,3,4,Standard,Adana,325,4.21,295.14,None
2858,2026-06-21 15:15:00,2026-06-24 15:15:00,2026-06-24 12:15:56.891765,Delivered,5,2,Standard,Izmir,393,5.27,22.97,None
2859,2026-06-21 10:00:00,2026-06-22 16:00:00,2026-06-23 13:22:30.118299,Delivered,2,1,Next Day,Adana,235,13.87,107.91,Carrier Capacity
2860,2026-06-21 17:30:00,2026-06-22 23:30:00,2026-06-22 10:39:42.322784,Delivered,4,2,Next Day,Mersin,509,4.5,239.6,None
2861,2026-06-22 13:00:00,2026-06-25 13:00:00,2026-06-25 08:34:58.870134,Delivered,2,1,Standard,Izmir,584,6.72,273.94,None
2862,2026-06-22 10:30:00,2026-06-25 10:30:00,2026-06-25 00:05:34.667204,Delivered,1,3,Standard,Mersin,533,5.19,69.12,None
2863,2026-06-22 13:15:00,2026-06-23 19:15:00,2026-06-23 10:51:56.402273,Delivered,1,4,Next Day,Eskisehir,712,7.87,60.06,None
2864,2026-06-22 07:15:00,2026-06-25 07:15:00,2026-06-26 09:09:26.307413,Delivered,3,3,Standard,Istanbul,280,6.81,209.57,Hub Congestion
2865,2026-06-22 07:00:00,2026-06-25 07:00:00,2026-06-25 19:53:45.249942,Delivered,4,3,Standard,Antalya,520,3.51,217.83,Address Issue
2866,2026-06-22 15:00:00,2026-06-23 01:00:00,2026-06-24 10:12:45.624975,Delivered,2,3,Same Day,Ankara,397,18.19,253.73,Hub Congestion
2867,2026-06-22 15:30:00,2026-06-25 15:30:00,2026-06-25 00:50:34.022181,Delivered,6,1,Standard,Konya,231,14.05,242.3,None
2868,2026-06-22 08:15:00,2026-06-25 08:15:00,2026-06-25 07:09:25.831853,Delivered,1,1,Standard,Eskisehir,689,9.68,123.78,None
2869,2026-06-22 09:15:00,2026-06-25 09:15:00,2026-06-25 00:39:15.208614,Delivered,5,1,Standard,Eskisehir,721,5.52,185.95,None
2870,2026-06-22 16:45:00,2026-06-25 16:45:00,2026-06-25 11:30:02.481636,Delivered,6,4,Standard,Bursa,578,7.5,78.49,None
2871,2026-06-22 07:00:00,2026-06-25 07:00:00,,Failed,6,2,Standard,Mersin,534,7.88,90.3,None
2872,2026-06-22 11:15:00,2026-06-25 11:15:00,2026-06-25 06:18:22.179589,Delivered,2,2,Standard,Izmir,471,9.81,302.56,None
2873,2026-06-22 12:00:00,2026-06-25 12:00:00,2026-06-25 03:55:32.771320,Delivered,3,3,Standard,Konya,11,12.39,284.81,None
2874,2026-06-22 12:45:00,2026-06-25 12:45:00,2026-06-26 12:09:48.334462,Delivered,2,3,Standard,Bursa,290,12.38,108.71,Address Issue
2875,2026-06-22 16:15:00,2026-06-23 02:15:00,,Failed,5,1,Same Day,Antalya,455,23.47,284.92,Weather
2876,2026-06-22 09:00:00,2026-06-23 15:00:00,2026-06-23 05:25:07.856847,Delivered,2,4,Next Day,Eskisehir,347,15.07,274.02,None
2877,2026-06-22 11:00:00,2026-06-25 11:00:00,2026-06-26 11:49:20.916867,Delivered,4,4,Standard,Istanbul,120,7.84,141.53,Hub Congestion
2878,2026-06-22 07:15:00,2026-06-23 13:15:00,2026-06-23 00:49:11.968178,Delivered,3,1,Next Day,Gaziantep,167,8.01,119.41,None
2879,2026-06-22 08:30:00,2026-06-22 18:30:00,2026-06-22 01:08:17.414295,Delivered,4,2,Same Day,Gaziantep,570,10.72,254.93,None
2880,2026-06-22 17:30:00,2026-06-23 03:30:00,2026-06-22 23:06:18.840794,Delivered,3,1,Same Day,Eskisehir,79,23.09,259.91,None
2881,2026-06-22 18:00:00,2026-06-25 18:00:00,2026-06-25 13:25:10.531318,Delivered,3,2,Standard,Antalya,208,10.68,32.53,None
2882,2026-06-22 12:00:00,2026-06-25 12:00:00,2026-06-25 03:50:45.884534,Delivered,1,1,Standard,Ankara,129,10.37,144.23,None
2883,2026-06-23 13:45:00,2026-06-24 19:45:00,2026-06-24 11:19:15.045630,Delivered,1,1,Next Day,Istanbul,520,12.75,261.24,None
2884,2026-06-23 09:00:00,2026-06-26 09:00:00,2026-06-26 04:43:34.212407,Delivered,2,3,Standard,Ankara,142,11.72,198.81,None
2885,2026-06-23 09:00:00,2026-06-26 09:00:00,2026-06-26 04:45:47.885213,Delivered,2,1,Standard,Bursa,705,14.05,89.37,None
2886,2026-06-23 07:15:00,2026-06-26 07:15:00,2026-06-25 17:34:37.260320,Delivered,2,2,Standard,Istanbul,86,9.03,250.48,None
2887,2026-06-23 12:00:00,2026-06-24 18:00:00,2026-06-24 04:13:41.486247,Delivered,3,2,Next Day,Antalya,404,9.42,52.09,None
2888,2026-06-23 15:45:00,2026-06-24 21:45:00,,Failed,2,1,Next Day,Izmir,557,12.92,61.1,None
2889,2026-06-23 14:00:00,2026-06-24 20:00:00,2026-06-24 03:31:47.294605,Delivered,3,1,Next Day,Istanbul,38,6.35,205.13,None
2890,2026-06-23 09:45:00,2026-06-24 15:45:00,2026-06-24 05:47:01.696515,Delivered,3,3,Next Day,Istanbul,380,15.18,160.29,None
2891,2026-06-23 08:15:00,2026-06-24 14:15:00,2026-06-24 09:53:50.819916,Delivered,2,1,Next Day,Mersin,76,9.05,171.39,None
2892,2026-06-23 12:00:00,2026-06-26 12:00:00,2026-06-25 22:54:38.926719,Delivered,2,2,Standard,Eskisehir,594,7.44,191.88,None
2893,2026-06-23 14:45:00,2026-06-26 14:45:00,2026-06-26 03:41:32.395185,Delivered,1,3,Standard,Gaziantep,111,12.44,265.03,None
2894,2026-06-23 14:45:00,2026-06-26 14:45:00,2026-06-26 13:21:51.201984,Delivered,1,1,Standard,Antalya,592,7.91,205.39,None
2895,2026-06-23 18:30:00,2026-06-25 00:30:00,2026-06-24 07:13:37.539228,Delivered,2,1,Next Day,Mersin,190,13.84,219.44,None
2896,2026-06-23 15:00:00,2026-06-24 01:00:00,2026-06-25 01:25:53.523750,Delivered,3,3,Same Day,Mersin,510,12.82,57.36,Hub Congestion
2897,2026-06-23 15:30:00,2026-06-26 15:30:00,2026-06-26 00:27:48.419127,Delivered,1,3,Standard,Mersin,328,3.7,94.45,None
2898,2026-06-23 10:45:00,2026-06-24 16:45:00,2026-06-24 02:41:32.481586,Delivered,1,1,Next Day,Antalya,229,9.18,154.08,None
2899,2026-06-23 07:45:00,2026-06-26 07:45:00,2026-06-25 14:47:34.407797,Delivered,1,2,Standard,Antalya,277,10.05,43.55,None
2900,2026-06-24 14:15:00,2026-06-25 00:15:00,2026-06-24 16:59:57.042486,Delivered,1,4,Same Day,Izmir,725,15.86,187.26,None
2901,2026-06-24 15:30:00,2026-06-25 21:30:00,2026-06-27 08:10:39.226098,Delivered,1,3,Next Day,Adana,657,5.42,169.43,Hub Congestion
2902,2026-06-24 12:00:00,2026-06-25 18:00:00,2026-06-25 14:10:11.377046,Delivered,3,2,Next Day,Istanbul,682,16.4,225.07,None
2903,2026-06-24 10:00:00,2026-06-27 10:00:00,2026-06-27 06:06:33.807372,Delivered,2,2,Standard,Eskisehir,609,10.0,152.58,None
2904,2026-06-24 14:15:00,2026-06-25 20:15:00,2026-06-25 02:57:02.955027,Delivered,1,1,Next Day,Istanbul,468,14.58,124.26,None
2905,2026-06-24 15:00:00,2026-06-27 15:00:00,2026-06-28 12:05:32.223278,Delivered,1,1,Standard,Gaziantep,112,10.57,54.49,Carrier Capacity
2906,2026-06-24 09:00:00,2026-06-27 09:00:00,2026-06-28 01:32:46.948432,Delivered,4,1,Standard,Istanbul,637,16.08,139.17,Address Issue
2907,2026-06-24 07:45:00,2026-06-27 07:45:00,2026-06-26 22:53:19.078267,Delivered,4,1,Standard,Adana,33,7.12,258.94,None
2908,2026-06-24 13:30:00,2026-06-27 13:30:00,2026-06-26 22:48:26.571453,Delivered,5,3,Standard,Konya,265,6.8,42.14,None
2909,2026-06-24 10:00:00,2026-06-24 20:00:00,2026-06-24 15:56:26.598115,Delivered,5,4,Same Day,Istanbul,248,21.68,83.83,None
2910,2026-06-24 13:45:00,2026-06-25 19:45:00,2026-06-25 05:49:13.765560,Delivered,5,1,Next Day,Eskisehir,271,15.77,48.11,None
2911,2026-06-25 18:30:00,2026-06-26 04:30:00,2026-06-25 15:01:43.637102,Delivered,1,1,Same Day,Ankara,174,13.76,215.93,None
2912,2026-06-25 11:30:00,2026-06-28 11:30:00,2026-06-27 20:45:20.536127,Delivered,1,3,Standard,Ankara,335,3.98,189.28,None
2913,2026-06-25 16:00:00,2026-06-26 22:00:00,2026-06-28 03:25:24.058781,Delivered,1,4,Next Day,Adana,654,16.18,68.64,Carrier Capacity
2914,2026-06-25 07:15:00,2026-06-28 07:15:00,2026-06-27 21:24:56.174267,Delivered,1,2,Standard,Eskisehir,256,9.78,252.22,None
2915,2026-06-25 07:45:00,2026-06-28 07:45:00,2026-06-27 23:29:24.081850,Delivered,1,2,Standard,Konya,672,14.15,265.13,None
2916,2026-06-25 17:15:00,2026-06-26 23:15:00,2026-06-26 06:40:49.984038,Delivered,4,2,Next Day,Antalya,755,13.73,107.95,None
2917,2026-06-25 09:15:00,2026-06-25 19:15:00,2026-06-25 04:48:24.051725,Delivered,3,3,Same Day,Istanbul,549,12.67,291.26,None
2918,2026-06-25 14:00:00,2026-06-28 14:00:00,2026-06-28 10:06:40.261866,Delivered,6,4,Standard,Adana,320,13.35,103.06,None
2919,2026-06-25 15:00:00,2026-06-26 21:00:00,2026-06-26 05:40:34.240698,Delivered,3,3,Next Day,Gaziantep,346,11.11,230.13,None
2920,2026-06-25 08:45:00,2026-06-26 14:45:00,2026-06-26 01:02:21.246114,Delivered,5,2,Next Day,Istanbul,676,11.12,157.56,None
2921,2026-06-25 07:00:00,2026-06-26 13:00:00,2026-06-26 02:22:17.496155,Delivered,5,2,Next Day,Ankara,682,6.55,249.58,None
2922,2026-06-26 10:15:00,2026-06-27 16:15:00,2026-06-27 04:29:51.509778,Delivered,1,1,Next Day,Ankara,610,4.01,63.04,None
2923,2026-06-26 17:00:00,2026-06-29 17:00:00,2026-06-29 10:16:12.036715,Delivered,2,3,Standard,Adana,611,8.55,142.81,None
2924,2026-06-26 16:45:00,2026-06-29 16:45:00,2026-06-29 07:39:20.482812,Delivered,2,3,Standard,Gaziantep,627,4.21,106.13,None
2925,2026-06-26 10:30:00,2026-06-27 16:30:00,2026-06-27 08:32:15.466542,Delivered,4,2,Next Day,Mersin,515,14.0,130.52,None
2926,2026-06-26 09:30:00,2026-06-27 15:30:00,2026-06-26 23:04:37.727811,Delivered,5,2,Next Day,Eskisehir,358,7.99,238.34,None
2927,2026-06-26 13:15:00,2026-06-29 13:15:00,2026-06-30 01:11:39.866411,Delivered,2,3,Standard,Antalya,403,14.81,233.86,Carrier Capacity
2928,2026-06-26 09:00:00,2026-06-29 09:00:00,2026-06-29 07:02:49.463317,Delivered,1,2,Standard,Izmir,135,5.73,241.86,None
2929,2026-06-26 17:00:00,2026-06-27 03:00:00,2026-06-26 23:29:29.641974,Delivered,4,2,Same Day,Konya,635,22.12,190.68,None
2930,2026-06-26 17:00:00,2026-06-27 23:00:00,2026-06-28 20:15:22.249582,Delivered,2,4,Next Day,Ankara,741,13.79,317.22,Vehicle Breakdown
2931,2026-06-26 17:00:00,2026-06-27 03:00:00,2026-06-27 00:34:46.845426,Delivered,5,2,Same Day,Konya,39,18.96,252.95,None
2932,2026-06-26 09:30:00,2026-06-29 09:30:00,,Failed,6,4,Standard,Antalya,269,9.19,65.83,None
2933,2026-06-26 15:30:00,2026-06-29 15:30:00,2026-07-01 19:24:57.771291,Delivered,2,1,Standard,Adana,589,16.06,164.74,Vehicle Breakdown
2934,2026-06-26 07:00:00,2026-06-29 07:00:00,2026-06-28 13:45:27.391830,Delivered,5,4,Standard,Konya,350,4.07,233.32,None
2935,2026-06-26 15:45:00,2026-06-27 01:45:00,2026-06-27 10:27:08.822955,Delivered,1,3,Same Day,Mersin,420,16.29,162.26,Carrier Capacity
2936,2026-06-26 14:00:00,2026-06-27 20:00:00,2026-06-27 03:49:39.366911,Delivered,6,2,Next Day,Izmir,562,5.48,160.64,None
2937,2026-06-27 12:30:00,2026-06-28 18:30:00,2026-06-28 08:34:50.727359,Delivered,5,3,Next Day,Ankara,217,9.61,91.17,None
2938,2026-06-27 14:30:00,2026-06-30 14:30:00,2026-06-30 07:32:15.823904,Delivered,4,1,Standard,Eskisehir,734,6.87,40.22,None
2939,2026-06-27 14:15:00,2026-06-28 20:15:00,2026-06-28 03:04:14.801180,Delivered,2,2,Next Day,Adana,172,14.35,82.61,None
2940,2026-06-27 16:45:00,2026-06-30 16:45:00,2026-06-30 03:28:16.625010,Delivered,3,2,Standard,Izmir,347,14.41,296.36,None
2941,2026-06-27 18:30:00,2026-06-30 18:30:00,2026-06-30 04:02:02.435292,Delivered,1,3,Standard,Gaziantep,499,6.28,130.16,None
2942,2026-06-27 17:00:00,2026-06-30 17:00:00,2026-06-30 03:43:56.403642,Delivered,6,2,Standard,Gaziantep,606,4.34,104.67,None
2943,2026-06-27 18:00:00,2026-06-30 18:00:00,2026-06-30 08:25:36.464125,Delivered,3,3,Standard,Bursa,331,13.95,290.62,None
2944,2026-06-27 12:00:00,2026-06-28 18:00:00,2026-06-28 03:34:14.502257,Delivered,3,1,Next Day,Ankara,358,13.09,101.38,None
2945,2026-06-27 13:45:00,2026-06-30 13:45:00,2026-06-30 10:31:01.262570,Delivered,2,3,Standard,Antalya,590,14.84,103.99,None
2946,2026-06-27 17:30:00,2026-06-28 23:30:00,2026-06-30 00:49:51.877388,Delivered,5,2,Next Day,Eskisehir,402,15.83,293.34,Weather
2947,2026-06-27 18:45:00,2026-06-28 04:45:00,2026-06-29 04:25:25.186949,Delivered,1,3,Same Day,Istanbul,297,15.72,201.05,Hub Congestion
2948,2026-06-27 07:30:00,2026-06-28 13:30:00,2026-06-28 08:15:46.111811,Delivered,2,1,Next Day,Gaziantep,277,6.42,290.44,None
2949,2026-06-27 08:45:00,2026-06-28 14:45:00,2026-06-29 02:46:37.683703,Delivered,2,4,Next Day,Konya,164,14.78,309.56,Carrier Capacity
2950,2026-06-27 17:30:00,2026-06-28 23:30:00,2026-06-28 13:52:25.293094,Delivered,3,1,Next Day,Eskisehir,633,10.18,227.74,None
2951,2026-06-27 17:15:00,2026-06-28 23:15:00,2026-06-29 16:51:20.924179,Delivered,4,3,Next Day,Antalya,199,10.55,131.77,Carrier Capacity
2952,2026-06-28 11:15:00,2026-07-01 11:15:00,2026-06-30 23:13:16.181992,Delivered,3,3,Standard,Gaziantep,500,11.29,234.42,None
2953,2026-06-28 13:45:00,2026-06-29 19:45:00,2026-06-29 08:43:06.525191,Delivered,1,2,Next Day,Konya,485,11.69,276.8,None
2954,2026-06-28 18:45:00,2026-07-01 18:45:00,2026-07-01 03:30:27.669089,Delivered,1,1,Standard,Konya,515,5.63,31.7,None
2955,2026-06-28 16:15:00,2026-06-29 22:15:00,2026-06-29 08:57:13.217268,Delivered,4,2,Next Day,Adana,167,15.18,316.96,None
2956,2026-06-28 16:00:00,2026-06-29 22:00:00,2026-06-29 12:09:20.831913,Delivered,3,3,Next Day,Mersin,267,11.87,91.01,None
2957,2026-06-28 09:15:00,2026-07-01 09:15:00,2026-06-30 17:23:58.843268,Delivered,4,1,Standard,Izmir,193,9.54,291.53,None
2958,2026-06-28 18:15:00,2026-07-01 18:15:00,2026-07-01 11:23:17.967826,Delivered,4,1,Standard,Mersin,434,8.82,150.75,None
2959,2026-06-28 16:30:00,2026-06-29 22:30:00,2026-06-29 14:09:36.956289,Delivered,4,1,Next Day,Antalya,300,8.08,199.76,None
2960,2026-06-28 15:30:00,2026-07-01 15:30:00,2026-07-01 00:24:16.454572,Delivered,3,4,Standard,Ankara,131,7.8,293.03,None
2961,2026-06-28 15:45:00,2026-07-01 15:45:00,2026-07-01 03:56:41.325071,Delivered,1,3,Standard,Konya,119,4.65,143.51,None
2962,2026-06-28 08:30:00,2026-07-01 08:30:00,2026-06-30 19:24:18.857009,Delivered,1,1,Standard,Konya,369,7.79,269.19,None
2963,2026-06-29 17:45:00,2026-07-02 17:45:00,2026-07-04 04:57:12.117176,Delivered,2,4,Standard,Eskisehir,514,7.5,229.29,Address Issue
2964,2026-06-29 13:15:00,2026-07-02 13:15:00,2026-07-02 02:04:01.872456,Delivered,4,2,Standard,Mersin,643,11.75,51.85,None
2965,2026-06-29 11:30:00,2026-07-02 11:30:00,2026-07-01 23:13:54.768853,Delivered,2,2,Standard,Mersin,501,7.99,125.38,None
2966,2026-06-29 18:30:00,2026-07-01 00:30:00,2026-06-30 12:58:30.102934,Delivered,1,2,Next Day,Gaziantep,405,10.1,258.52,None
2967,2026-06-29 16:45:00,2026-06-30 22:45:00,2026-06-30 17:02:39.392066,Delivered,3,1,Next Day,Eskisehir,592,6.01,203.64,None
2968,2026-06-29 07:30:00,2026-06-30 13:30:00,2026-06-30 04:08:03.696061,Delivered,3,2,Next Day,Mersin,439,8.27,75.59,None
2969,2026-06-29 17:15:00,2026-07-02 17:15:00,2026-07-02 03:29:37.495684,Delivered,5,1,Standard,Izmir,294,14.87,118.24,None
2970,2026-06-29 07:45:00,2026-06-30 13:45:00,2026-07-02 11:14:52.507747,Delivered,6,2,Next Day,Bursa,702,9.47,168.97,Hub Congestion
2971,2026-06-29 12:15:00,2026-06-29 22:15:00,2026-06-29 05:39:02.910914,Delivered,1,1,Same Day,Adana,145,20.21,160.97,None
2972,2026-06-29 13:00:00,2026-07-02 13:00:00,2026-07-02 00:19:22.976576,Delivered,6,1,Standard,Adana,451,11.53,86.31,None
2973,2026-06-29 11:45:00,2026-06-29 21:45:00,2026-06-29 10:57:29.987437,Delivered,3,1,Same Day,Antalya,606,19.56,134.19,None
2974,2026-06-29 12:00:00,2026-06-30 18:00:00,2026-06-30 16:23:57.185025,Delivered,6,2,Next Day,Konya,778,12.05,210.61,None
2975,2026-06-29 13:15:00,2026-07-02 13:15:00,2026-07-02 01:07:00.955070,Delivered,2,1,Standard,Mersin,758,14.5,28.1,None
2976,2026-06-29 13:45:00,2026-06-30 19:45:00,2026-06-30 02:34:10.008230,Delivered,6,2,Next Day,Mersin,137,12.8,137.35,None
2977,2026-06-29 17:00:00,2026-07-02 17:00:00,2026-07-02 11:25:24.034441,Delivered,6,4,Standard,Antalya,73,14.97,288.19,None
2978,2026-06-29 07:30:00,2026-07-02 07:30:00,2026-07-01 14:53:50.589941,Delivered,1,4,Standard,Bursa,60,15.7,61.66,None
2979,2026-06-29 17:00:00,2026-06-30 23:00:00,2026-07-02 16:01:54.020767,Delivered,6,4,Next Day,Ankara,274,12.45,220.47,Address Issue
2980,2026-06-29 16:15:00,2026-06-30 22:15:00,2026-06-30 17:35:16.600559,Delivered,3,4,Next Day,Gaziantep,780,15.6,305.6,None
2981,2026-06-29 09:15:00,2026-07-02 09:15:00,2026-07-01 23:15:40.018813,Delivered,2,4,Standard,Mersin,233,4.57,213.37,None
2982,2026-06-29 08:45:00,2026-07-02 08:45:00,2026-07-03 08:24:33.772540,Delivered,6,3,Standard,Konya,323,4.64,129.45,Carrier Capacity
2983,2026-06-29 09:30:00,2026-06-30 15:30:00,2026-06-30 10:29:28.409203,Delivered,1,2,Next Day,Izmir,21,7.81,221.4,None
2984,2026-06-29 18:15:00,2026-07-02 18:15:00,2026-07-02 11:43:02.800662,Delivered,2,3,Standard,Izmir,455,13.59,294.44,None
2985,2026-06-29 11:15:00,2026-06-30 17:15:00,2026-06-30 07:05:23.904613,Delivered,3,1,Next Day,Mersin,267,5.62,191.51,None
2986,2026-06-30 10:15:00,2026-07-03 10:15:00,2026-07-02 17:06:46.410779,Delivered,1,4,Standard,Konya,684,14.55,253.62,None
2987,2026-06-30 16:15:00,2026-07-03 16:15:00,2026-07-03 01:42:55.424121,Delivered,3,1,Standard,Konya,304,3.91,306.57,None
2988,2026-06-30 10:15:00,2026-07-01 16:15:00,2026-07-01 09:19:21.234039,Delivered,4,4,Next Day,Mersin,514,5.72,47.85,None
2989,2026-06-30 15:00:00,2026-07-01 21:00:00,2026-07-01 14:39:01.339894,Delivered,1,3,Next Day,Eskisehir,27,12.7,96.82,None
2990,2026-06-30 15:00:00,2026-07-03 15:00:00,2026-07-03 03:31:40.581449,Delivered,1,2,Standard,Izmir,566,8.23,236.25,None
2991,2026-06-30 17:15:00,2026-07-01 23:15:00,2026-07-01 05:31:08.240758,Delivered,3,2,Next Day,Bursa,583,15.5,101.01,None
2992,2026-06-30 18:45:00,2026-07-02 00:45:00,2026-07-01 20:15:40.908277,Delivered,1,3,Next Day,Antalya,556,15.22,52.51,None
2993,2026-06-30 11:45:00,2026-07-01 17:45:00,2026-07-01 07:30:41.606993,Delivered,1,1,Next Day,Gaziantep,643,10.5,111.03,None
2994,2026-06-30 08:45:00,2026-07-01 14:45:00,2026-06-30 21:43:10.483102,Delivered,5,2,Next Day,Adana,430,7.57,56.12,None
2995,2026-06-30 16:30:00,2026-07-01 22:30:00,2026-07-01 12:21:47.313090,Delivered,3,1,Next Day,Istanbul,506,8.13,20.09,None
2996,2026-06-30 15:00:00,2026-07-01 01:00:00,2026-06-30 12:37:42.290776,Delivered,6,2,Same Day,Izmir,757,16.62,258.95,None
2997,2026-06-30 16:30:00,2026-07-01 22:30:00,2026-07-01 20:58:14.757562,Delivered,1,1,Next Day,Gaziantep,779,8.21,204.31,None
2998,2026-06-30 13:45:00,2026-07-03 13:45:00,2026-07-02 21:03:09.985260,Delivered,4,1,Standard,Konya,49,12.18,169.88,None
2999,2026-06-30 08:45:00,2026-07-03 08:45:00,2026-07-03 02:26:01.269363,Delivered,1,4,Standard,Istanbul,770,13.11,19.84,None
3000,2026-06-30 16:45:00,2026-07-01 22:45:00,2026-07-03 19:46:20.921906,Delivered,3,1,Next Day,Adana,422,10.2,273.56,Hub Congestion
3001,2026-07-01 16:30:00,2026-07-04 16:30:00,2026-07-06 12:44:13.883790,Delivered,5,1,Standard,Adana,431,6.09,64.85,Hub Congestion
3002,2026-07-01 16:30:00,2026-07-02 22:30:00,2026-07-02 17:22:17.971396,Delivered,3,4,Next Day,Istanbul,191,6.12,184.24,None
3003,2026-07-01 14:15:00,2026-07-04 14:15:00,2026-07-04 08:13:57.218576,Delivered,2,2,Standard,Ankara,179,6.19,20.32,None
3004,2026-07-01 12:00:00,2026-07-02 18:00:00,2026-07-02 04:18:19.940275,Delivered,1,3,Next Day,Gaziantep,230,13.39,305.53,None
3005,2026-07-01 11:30:00,2026-07-02 17:30:00,2026-07-02 05:34:51.869976,Delivered,3,1,Next Day,Izmir,699,6.91,311.54,None
3006,2026-07-01 09:15:00,2026-07-02 15:15:00,2026-07-02 02:58:13.499159,Delivered,1,3,Next Day,Gaziantep,223,5.4,36.6,None
3007,2026-07-01 14:00:00,2026-07-04 14:00:00,2026-07-06 05:28:02.885794,Delivered,1,4,Standard,Izmir,243,11.22,86.4,Weather
3008,2026-07-01 18:30:00,2026-07-03 00:30:00,2026-07-02 17:58:29.828464,Delivered,4,4,Next Day,Ankara,779,14.86,20.81,None
3009,2026-07-01 17:00:00,2026-07-04 17:00:00,2026-07-04 13:06:28.371225,Delivered,4,4,Standard,Antalya,521,14.29,319.89,None
3010,2026-07-01 09:45:00,2026-07-04 09:45:00,2026-07-05 10:46:11.109212,Delivered,4,1,Standard,Konya,627,7.17,91.4,Carrier Capacity
3011,2026-07-01 13:15:00,2026-07-04 13:15:00,2026-07-05 07:35:47.169726,Delivered,3,3,Standard,Gaziantep,102,9.49,126.62,Carrier Capacity
3012,2026-07-01 09:30:00,2026-07-02 15:30:00,2026-07-02 00:01:15.222241,Delivered,3,2,Next Day,Eskisehir,460,16.38,95.11,None
3013,2026-07-01 12:45:00,2026-07-04 12:45:00,,Failed,4,3,Standard,Istanbul,628,12.52,55.75,None
3014,2026-07-01 12:00:00,2026-07-01 22:00:00,2026-07-02 07:44:10.462312,Delivered,1,1,Same Day,Izmir,211,17.05,75.35,Carrier Capacity
3015,2026-07-01 13:45:00,2026-07-04 13:45:00,2026-07-05 09:24:09.157947,Delivered,1,3,Standard,Ankara,274,9.08,290.66,Vehicle Breakdown
3016,2026-07-01 12:30:00,2026-07-02 18:30:00,2026-07-02 02:32:29.202182,Delivered,3,1,Next Day,Istanbul,48,3.56,100.96,None
3017,2026-07-01 16:15:00,2026-07-04 16:15:00,2026-07-03 22:48:46.183995,Delivered,1,2,Standard,Mersin,574,5.29,232.9,None
3018,2026-07-01 08:15:00,2026-07-04 08:15:00,2026-07-05 10:19:19.863103,Delivered,5,2,Standard,Konya,734,14.8,213.51,Hub Congestion
3019,2026-07-01 09:15:00,2026-07-04 09:15:00,2026-07-03 23:16:51.797328,Delivered,3,1,Standard,Adana,413,11.75,207.73,None
3020,2026-07-01 09:30:00,2026-07-04 09:30:00,2026-07-03 16:46:34.120045,Delivered,2,2,Standard,Eskisehir,680,5.53,178.34,None
3021,2026-07-02 17:30:00,2026-07-05 17:30:00,2026-07-07 08:32:55.551695,Delivered,6,1,Standard,Eskisehir,453,16.13,80.87,Carrier Capacity
3022,2026-07-02 18:15:00,2026-07-04 00:15:00,2026-07-03 13:24:33.641336,Delivered,4,2,Next Day,Ankara,161,9.31,248.41,None
3023,2026-07-02 12:30:00,2026-07-05 12:30:00,2026-07-05 02:48:01.141226,Delivered,4,1,Standard,Izmir,555,4.41,184.76,None
3024,2026-07-02 13:00:00,2026-07-03 19:00:00,2026-07-05 00:33:06.710255,Delivered,1,4,Next Day,Bursa,409,4.54,41.85,Carrier Capacity
3025,2026-07-02 16:15:00,2026-07-03 22:15:00,2026-07-03 11:20:59.873355,Delivered,6,4,Next Day,Konya,124,12.15,148.67,None
3026,2026-07-02 16:15:00,2026-07-03 22:15:00,2026-07-04 20:30:44.874215,Delivered,1,2,Next Day,Konya,716,10.86,213.43,Weather
3027,2026-07-02 07:45:00,2026-07-03 13:45:00,2026-07-03 05:17:08.178688,Delivered,2,1,Next Day,Konya,452,12.61,172.31,None
3028,2026-07-02 18:00:00,2026-07-05 18:00:00,2026-07-05 05:12:12.454356,Delivered,6,4,Standard,Izmir,500,6.53,47.67,None
3029,2026-07-02 15:00:00,2026-07-03 01:00:00,2026-07-02 08:50:12.127635,Delivered,2,2,Same Day,Bursa,649,15.84,59.65,None
3030,2026-07-02 14:00:00,2026-07-05 14:00:00,2026-07-05 07:36:38.186512,Delivered,5,2,Standard,Izmir,467,5.79,126.9,None
3031,2026-07-02 17:00:00,2026-07-03 03:00:00,2026-07-02 22:30:41.483814,Delivered,1,2,Same Day,Adana,44,12.74,278.13,None
3032,2026-07-02 16:30:00,2026-07-03 22:30:00,2026-07-03 16:45:20.005657,Delivered,3,3,Next Day,Istanbul,128,14.11,195.7,None
3033,2026-07-02 16:00:00,2026-07-05 16:00:00,2026-07-05 11:54:10.849663,Delivered,1,4,Standard,Adana,159,7.64,264.57,None
3034,2026-07-02 15:30:00,2026-07-05 15:30:00,2026-07-05 13:07:42.032400,Delivered,3,4,Standard,Istanbul,159,11.96,244.3,None
3035,2026-07-02 07:45:00,2026-07-02 17:45:00,2026-07-02 13:59:02.836935,Delivered,4,1,Same Day,Eskisehir,548,21.32,239.83,None
3036,2026-07-03 15:00:00,2026-07-06 15:00:00,2026-07-06 07:12:18.064592,Delivered,5,4,Standard,Mersin,243,6.6,240.62,None
3037,2026-07-03 15:00:00,2026-07-06 15:00:00,2026-07-06 09:27:35.581596,Delivered,1,3,Standard,Eskisehir,772,12.52,156.94,None
3038,2026-07-03 16:15:00,2026-07-06 16:15:00,2026-07-06 06:54:01.960799,Delivered,4,3,Standard,Mersin,364,6.67,71.67,None
3039,2026-07-03 11:30:00,2026-07-06 11:30:00,2026-07-06 08:52:52.894597,Delivered,1,3,Standard,Antalya,67,6.98,24.39,None
3040,2026-07-03 14:30:00,2026-07-04 00:30:00,2026-07-03 07:20:50.478414,Delivered,1,3,Same Day,Konya,49,22.08,279.5,None
3041,2026-07-03 16:15:00,2026-07-06 16:15:00,2026-07-08 23:09:56.773116,Delivered,1,3,Standard,Adana,105,7.93,200.92,Vehicle Breakdown
3042,2026-07-03 14:45:00,2026-07-06 14:45:00,2026-07-06 12:45:55.053283,Delivered,2,3,Standard,Mersin,115,7.38,235.54,None
3043,2026-07-03 13:00:00,2026-07-03 23:00:00,2026-07-03 07:13:20.157653,Delivered,4,3,Same Day,Adana,681,21.42,154.03,None
3044,2026-07-03 18:45:00,2026-07-06 18:45:00,2026-07-06 17:24:45.311191,Delivered,1,1,Standard,Mersin,59,12.8,111.94,None
3045,2026-07-03 15:45:00,2026-07-04 21:45:00,2026-07-04 12:55:31.922803,Delivered,1,3,Next Day,Izmir,359,5.58,315.43,None
3046,2026-07-03 14:00:00,2026-07-06 14:00:00,2026-07-06 03:54:41.269926,Delivered,4,3,Standard,Konya,673,3.5,316.82,None
3047,2026-07-03 11:00:00,2026-07-06 11:00:00,2026-07-06 04:35:30.751287,Delivered,5,3,Standard,Bursa,518,7.58,280.34,None
3048,2026-07-03 11:30:00,2026-07-04 17:30:00,2026-07-04 01:15:01.332751,Delivered,5,2,Next Day,Gaziantep,22,14.68,307.54,None
3049,2026-07-03 15:45:00,2026-07-06 15:45:00,2026-07-06 07:33:23.910125,Delivered,2,1,Standard,Izmir,160,7.18,65.76,None
3050,2026-07-03 12:30:00,2026-07-06 12:30:00,2026-07-06 03:52:07.300849,Delivered,1,1,Standard,Gaziantep,56,12.52,162.77,None
3051,2026-07-03 15:30:00,2026-07-04 21:30:00,2026-07-04 14:18:48.437591,Delivered,2,1,Next Day,Mersin,92,11.81,117.89,None
3052,2026-07-04 14:30:00,2026-07-05 20:30:00,2026-07-05 18:31:24.453211,Delivered,3,4,Next Day,Izmir,379,13.91,118.46,None
3053,2026-07-04 11:00:00,2026-07-07 11:00:00,2026-07-07 00:43:40.029960,Delivered,3,2,Standard,Antalya,306,6.5,244.7,None
3054,2026-07-04 17:30:00,2026-07-07 17:30:00,2026-07-06 23:44:04.110005,Delivered,1,4,Standard,Istanbul,352,4.68,50.1,None
3055,2026-07-04 08:15:00,2026-07-07 08:15:00,2026-07-06 17:22:47.270242,Delivered,1,4,Standard,Bursa,102,11.05,52.65,None
3056,2026-07-04 11:00:00,2026-07-04 21:00:00,2026-07-04 17:48:45.999817,Delivered,1,2,Same Day,Bursa,654,19.76,135.77,None
3057,2026-07-04 10:30:00,2026-07-07 10:30:00,2026-07-07 06:43:15.659687,Delivered,5,1,Standard,Bursa,39,16.12,126.86,None
3058,2026-07-04 13:00:00,2026-07-07 13:00:00,2026-07-07 09:06:01.282184,Delivered,1,3,Standard,Eskisehir,160,16.17,101.69,None
3059,2026-07-04 08:30:00,2026-07-07 08:30:00,2026-07-06 15:18:55.186534,Delivered,1,2,Standard,Bursa,662,11.16,211.45,None
3060,2026-07-04 09:15:00,2026-07-07 09:15:00,2026-07-06 16:25:55.001958,Delivered,1,1,Standard,Izmir,325,15.25,183.49,None
3061,2026-07-04 09:00:00,2026-07-05 15:00:00,2026-07-05 05:13:12.635599,Delivered,6,2,Next Day,Istanbul,110,14.77,48.13,None
3062,2026-07-04 08:15:00,2026-07-05 14:15:00,2026-07-05 03:53:51.076547,Delivered,6,1,Next Day,Istanbul,780,9.32,205.31,None
3063,2026-07-04 11:30:00,2026-07-05 17:30:00,2026-07-05 06:57:57.682818,Delivered,2,1,Next Day,Eskisehir,235,3.9,53.11,None
3064,2026-07-04 11:30:00,2026-07-05 17:30:00,2026-07-05 06:57:12.028885,Delivered,5,3,Next Day,Gaziantep,103,9.45,159.39,None
3065,2026-07-04 17:45:00,2026-07-05 23:45:00,2026-07-05 17:35:55.449289,Delivered,2,1,Next Day,Bursa,313,11.64,295.39,None
3066,2026-07-04 12:15:00,2026-07-07 12:15:00,2026-07-08 14:13:04.784741,Delivered,4,1,Standard,Izmir,300,15.97,301.88,Weather
3067,2026-07-05 10:45:00,2026-07-06 16:45:00,2026-07-06 01:28:41.687554,Delivered,2,3,Next Day,Antalya,20,8.32,190.63,None
3068,2026-07-05 18:45:00,2026-07-08 18:45:00,2026-07-08 17:00:00.529565,Delivered,1,4,Standard,Antalya,226,13.93,303.35,None
3069,2026-07-05 11:15:00,2026-07-08 11:15:00,2026-07-08 03:10:54.157768,Delivered,6,2,Standard,Eskisehir,297,4.33,219.47,None
3070,2026-07-05 08:00:00,2026-07-08 08:00:00,2026-07-08 00:08:24.077515,Delivered,5,1,Standard,Bursa,126,8.54,140.17,None
3071,2026-07-05 16:00:00,2026-07-08 16:00:00,2026-07-08 07:53:04.334465,Delivered,3,2,Standard,Mersin,211,4.68,157.78,None
3072,2026-07-05 10:45:00,2026-07-08 10:45:00,,Failed,2,2,Standard,Adana,732,12.39,291.88,None
3073,2026-07-05 14:30:00,2026-07-06 20:30:00,2026-07-06 19:02:45.892398,Delivered,4,1,Next Day,Antalya,330,9.01,18.02,None
3074,2026-07-05 10:15:00,2026-07-06 16:15:00,2026-07-06 02:01:23.572617,Delivered,1,3,Next Day,Adana,360,7.22,289.77,None
3075,2026-07-05 08:15:00,2026-07-06 14:15:00,2026-07-06 06:29:04.189576,Delivered,3,2,Next Day,Bursa,78,15.22,154.72,None
3076,2026-07-05 16:15:00,2026-07-08 16:15:00,2026-07-08 07:20:30.894827,Delivered,4,2,Standard,Mersin,492,5.59,311.38,None
3077,2026-07-05 08:00:00,2026-07-06 14:00:00,2026-07-06 00:59:00.271285,Delivered,1,1,Next Day,Istanbul,365,6.86,151.21,None
3078,2026-07-05 15:15:00,2026-07-06 21:15:00,2026-07-09 00:47:09.454589,Delivered,1,4,Next Day,Eskisehir,683,7.85,305.18,Hub Congestion
3079,2026-07-05 09:30:00,2026-07-06 15:30:00,2026-07-06 09:04:37.786850,Delivered,1,1,Next Day,Gaziantep,398,12.73,261.21,None
3080,2026-07-05 15:45:00,2026-07-08 15:45:00,2026-07-08 07:17:03.384101,Delivered,2,2,Standard,Adana,115,3.53,147.57,None
3081,2026-07-05 10:15:00,2026-07-08 10:15:00,2026-07-08 07:23:49.304771,Delivered,1,1,Standard,Gaziantep,626,12.54,19.91,None
3082,2026-07-06 15:45:00,2026-07-09 15:45:00,2026-07-08 21:51:31.444158,Delivered,1,2,Standard,Ankara,257,3.5,122.32,None
3083,2026-07-06 13:45:00,2026-07-07 19:45:00,2026-07-09 23:09:45.201684,Delivered,4,3,Next Day,Bursa,340,4.93,126.42,Hub Congestion
3084,2026-07-06 16:00:00,2026-07-09 16:00:00,2026-07-09 05:18:10.897648,Delivered,1,2,Standard,Ankara,761,15.62,86.99,None
3085,2026-07-06 12:30:00,2026-07-07 18:30:00,2026-07-07 14:30:05.931627,Delivered,1,2,Next Day,Izmir,72,6.33,318.62,None
3086,2026-07-06 17:45:00,2026-07-09 17:45:00,2026-07-09 05:39:28.658470,Delivered,2,2,Standard,Adana,652,10.38,181.78,None
3087,2026-07-06 18:00:00,2026-07-09 18:00:00,2026-07-10 06:40:03.172448,Delivered,6,1,Standard,Konya,536,12.7,188.23,Hub Congestion
3088,2026-07-06 07:15:00,2026-07-07 13:15:00,2026-07-07 00:00:54.987732,Delivered,3,1,Next Day,Gaziantep,341,14.79,220.26,None
3089,2026-07-06 13:00:00,2026-07-07 19:00:00,2026-07-07 01:06:14.176109,Delivered,2,3,Next Day,Ankara,583,9.99,284.36,None
3090,2026-07-06 18:30:00,2026-07-08 00:30:00,2026-07-07 16:30:27.052997,Delivered,3,1,Next Day,Mersin,117,10.9,233.2,None
3091,2026-07-06 15:15:00,2026-07-09 15:15:00,2026-07-09 07:16:33.983458,Delivered,2,4,Standard,Ankara,497,6.1,312.61,None
3092,2026-07-06 08:45:00,2026-07-06 18:45:00,2026-07-06 06:04:52.166108,Delivered,4,2,Same Day,Antalya,357,19.64,256.66,None
3093,2026-07-06 18:00:00,2026-07-08 00:00:00,2026-07-08 17:00:11.155035,Delivered,4,4,Next Day,Konya,141,13.75,319.6,Weather
3094,2026-07-06 15:00:00,2026-07-07 01:00:00,2026-07-06 21:12:18.245525,Delivered,1,3,Same Day,Konya,90,22.04,27.63,None
3095,2026-07-06 07:15:00,2026-07-09 07:15:00,2026-07-09 00:41:32.781177,Delivered,1,3,Standard,Ankara,565,7.59,154.3,None
3096,2026-07-06 18:00:00,2026-07-09 18:00:00,2026-07-09 03:51:10.797646,Delivered,4,2,Standard,Eskisehir,453,7.21,142.67,None
3097,2026-07-06 18:45:00,2026-07-09 18:45:00,2026-07-09 04:27:33.197939,Delivered,4,3,Standard,Eskisehir,465,16.14,102.41,None
3098,2026-07-06 16:45:00,2026-07-09 16:45:00,2026-07-09 12:30:46.834375,Delivered,4,1,Standard,Adana,396,5.55,235.14,None
3099,2026-07-06 09:00:00,2026-07-07 15:00:00,2026-07-07 08:36:51.464842,Delivered,6,4,Next Day,Gaziantep,24,15.03,180.79,None
3100,2026-07-07 15:30:00,2026-07-10 15:30:00,2026-07-10 02:29:57.232338,Delivered,4,2,Standard,Gaziantep,449,8.47,86.03,None
3101,2026-07-07 09:45:00,2026-07-07 19:45:00,2026-07-07 10:13:04.568180,Delivered,4,4,Same Day,Konya,100,19.85,268.38,None
3102,2026-07-07 15:15:00,2026-07-08 21:15:00,2026-07-08 06:26:13.710921,Delivered,1,3,Next Day,Adana,631,9.22,71.41,None
3103,2026-07-07 16:00:00,2026-07-08 22:00:00,2026-07-08 20:31:32.913974,Delivered,1,1,Next Day,Gaziantep,72,16.45,174.14,None
3104,2026-07-07 15:45:00,2026-07-10 15:45:00,2026-07-10 04:58:40.412283,Delivered,3,4,Standard,Izmir,743,12.81,276.43,None
3105,2026-07-07 09:00:00,2026-07-08 15:00:00,2026-07-08 07:54:43.727373,Delivered,3,3,Next Day,Konya,736,11.23,33.03,None
3106,2026-07-07 12:30:00,2026-07-08 18:30:00,2026-07-08 10:31:16.370528,Delivered,5,2,Next Day,Bursa,160,10.83,314.32,None
3107,2026-07-07 16:30:00,2026-07-10 16:30:00,2026-07-10 00:32:14.986072,Delivered,4,1,Standard,Izmir,522,7.85,63.3,None
3108,2026-07-07 09:00:00,2026-07-07 19:00:00,2026-07-07 16:55:28.704218,Delivered,5,1,Same Day,Izmir,502,17.37,133.89,None
3109,2026-07-07 11:30:00,2026-07-08 17:30:00,2026-07-08 07:42:18.565118,Delivered,1,3,Next Day,Bursa,150,4.52,141.84,None
3110,2026-07-07 11:45:00,2026-07-10 11:45:00,2026-07-10 07:45:30.237779,Delivered,5,3,Standard,Eskisehir,620,8.6,278.17,None
3111,2026-07-07 08:45:00,2026-07-10 08:45:00,2026-07-10 03:07:03.172655,Delivered,1,2,Standard,Konya,343,15.33,214.63,None
3112,2026-07-07 18:15:00,2026-07-10 18:15:00,2026-07-10 04:57:49.887638,Delivered,2,1,Standard,Istanbul,656,12.2,215.71,None
3113,2026-07-07 11:15:00,2026-07-08 17:15:00,2026-07-08 04:37:26.023870,Delivered,4,2,Next Day,Antalya,532,13.72,270.25,None
3114,2026-07-07 14:30:00,2026-07-08 20:30:00,2026-07-08 16:41:48.675998,Delivered,2,1,Next Day,Ankara,547,3.87,20.3,None
3115,2026-07-07 17:45:00,2026-07-10 17:45:00,2026-07-10 16:08:28.953817,Delivered,2,1,Standard,Ankara,264,10.07,116.89,None
3116,2026-07-07 11:30:00,2026-07-10 11:30:00,2026-07-10 06:34:04.222248,Delivered,1,1,Standard,Izmir,285,5.44,198.96,None
3117,2026-07-07 09:30:00,2026-07-10 09:30:00,2026-07-10 06:02:41.113176,Delivered,1,2,Standard,Izmir,523,9.67,211.03,None
3118,2026-07-07 09:15:00,2026-07-08 15:15:00,2026-07-08 05:30:42.166967,Delivered,3,3,Next Day,Istanbul,298,11.74,262.49,None
3119,2026-07-08 18:15:00,2026-07-11 18:15:00,2026-07-11 12:12:10.655472,Delivered,3,4,Standard,Adana,765,8.81,114.67,None
3120,2026-07-08 13:15:00,2026-07-09 19:15:00,2026-07-09 09:05:39.584998,Delivered,3,3,Next Day,Konya,111,3.61,108.7,None
3121,2026-07-08 18:45:00,2026-07-11 18:45:00,2026-07-11 03:08:34.469034,Delivered,1,3,Standard,Izmir,632,14.03,66.71,None
3122,2026-07-08 11:30:00,2026-07-08 21:30:00,2026-07-08 14:00:42.555795,Delivered,5,2,Same Day,Konya,638,21.67,78.34,None
3123,2026-07-08 17:30:00,2026-07-11 17:30:00,2026-07-11 13:37:17.462997,Delivered,1,2,Standard,Konya,511,14.71,199.11,None
3124,2026-07-08 15:45:00,2026-07-11 15:45:00,2026-07-11 00:16:13.739941,Delivered,4,2,Standard,Ankara,503,6.29,238.67,None
3125,2026-07-08 10:45:00,2026-07-11 10:45:00,2026-07-10 23:02:00.125724,Delivered,2,2,Standard,Bursa,296,9.19,57.21,None
3126,2026-07-08 09:00:00,2026-07-09 15:00:00,2026-07-09 02:32:15.246349,Delivered,6,2,Next Day,Adana,725,11.84,126.7,None
3127,2026-07-08 11:45:00,2026-07-11 11:45:00,2026-07-11 03:22:44.252174,Delivered,5,4,Standard,Adana,541,7.48,213.7,None
3128,2026-07-08 15:30:00,2026-07-09 21:30:00,2026-07-09 18:41:23.641712,Delivered,5,4,Next Day,Bursa,372,11.96,72.59,None
3129,2026-07-08 12:15:00,2026-07-11 12:15:00,2026-07-11 07:12:31.532642,Delivered,1,3,Standard,Istanbul,362,4.44,144.67,None
3130,2026-07-08 11:30:00,2026-07-11 11:30:00,2026-07-11 03:43:00.452558,Delivered,3,1,Standard,Antalya,320,3.87,149.16,None
3131,2026-07-08 14:45:00,2026-07-11 14:45:00,2026-07-10 21:44:54.488590,Delivered,5,3,Standard,Bursa,358,6.01,23.95,None
3132,2026-07-08 10:30:00,2026-07-09 16:30:00,2026-07-09 06:51:12.765279,Delivered,1,3,Next Day,Eskisehir,253,9.21,110.96,None
3133,2026-07-08 14:15:00,2026-07-09 00:15:00,2026-07-09 12:33:39.571289,Delivered,4,3,Same Day,Gaziantep,414,20.8,92.36,Carrier Capacity
3134,2026-07-08 10:45:00,2026-07-08 20:45:00,2026-07-08 14:16:13.111697,Delivered,6,4,Same Day,Eskisehir,444,11.9,28.53,None
3135,2026-07-09 17:45:00,2026-07-10 23:45:00,2026-07-10 14:40:34.368064,Delivered,5,1,Next Day,Ankara,288,15.98,64.3,None
3136,2026-07-09 08:15:00,2026-07-12 08:15:00,2026-07-11 15:36:28.060989,Delivered,1,2,Standard,Mersin,371,6.13,314.25,None
3137,2026-07-09 11:15:00,2026-07-10 17:15:00,2026-07-10 11:34:32.697554,Delivered,1,2,Next Day,Izmir,146,13.83,239.86,None
3138,2026-07-09 08:30:00,2026-07-10 14:30:00,2026-07-09 22:01:10.451070,Delivered,6,2,Next Day,Eskisehir,458,14.98,306.52,None
3139,2026-07-09 08:45:00,2026-07-10 14:45:00,2026-07-10 11:44:27.612076,Delivered,3,4,Next Day,Bursa,113,8.15,209.01,None
3140,2026-07-09 16:30:00,2026-07-10 22:30:00,2026-07-10 17:30:03.554596,Delivered,1,2,Next Day,Istanbul,649,13.77,93.37,None
3141,2026-07-09 15:00:00,2026-07-12 15:00:00,2026-07-12 03:40:34.249641,Delivered,1,4,Standard,Bursa,151,3.69,276.97,None
3142,2026-07-09 17:45:00,2026-07-10 23:45:00,2026-07-10 15:14:06.938227,Delivered,4,1,Next Day,Bursa,561,12.99,139.73,None
3143,2026-07-09 11:30:00,2026-07-10 17:30:00,2026-07-10 08:08:18.211327,Delivered,4,2,Next Day,Antalya,38,15.72,291.57,None
3144,2026-07-09 13:30:00,2026-07-09 23:30:00,2026-07-09 20:33:29.804093,Delivered,5,1,Same Day,Eskisehir,323,22.34,252.25,None
3145,2026-07-09 15:15:00,2026-07-10 21:15:00,2026-07-10 10:00:30.146580,Delivered,1,4,Next Day,Antalya,83,16.18,21.92,None
3146,2026-07-09 10:15:00,2026-07-12 10:15:00,2026-07-12 02:59:00.021101,Delivered,6,2,Standard,Ankara,441,8.36,101.7,None
3147,2026-07-09 17:00:00,2026-07-10 23:00:00,2026-07-10 06:57:44.714304,Delivered,2,2,Next Day,Izmir,85,8.5,282.55,None
3148,2026-07-09 18:45:00,2026-07-12 18:45:00,2026-07-12 14:30:33.881447,Delivered,2,1,Standard,Istanbul,377,16.39,179.4,None
3149,2026-07-09 07:15:00,2026-07-10 13:15:00,2026-07-10 07:39:29.425247,Delivered,5,3,Next Day,Konya,330,14.77,244.59,None
3150,2026-07-09 09:45:00,2026-07-10 15:45:00,2026-07-10 00:42:46.627806,Delivered,4,4,Next Day,Eskisehir,768,6.09,231.02,None
3151,2026-07-10 16:15:00,2026-07-11 22:15:00,2026-07-11 07:35:56.070469,Delivered,3,4,Next Day,Istanbul,600,11.18,252.32,None
3152,2026-07-10 08:00:00,2026-07-13 08:00:00,2026-07-13 03:36:01.927537,Delivered,5,4,Standard,Mersin,347,10.42,147.43,None
3153,2026-07-10 15:15:00,2026-07-11 01:15:00,2026-07-11 07:59:28.916734,Delivered,6,4,Same Day,Adana,157,17.05,319.68,Carrier Capacity
3154,2026-07-10 07:45:00,2026-07-11 13:45:00,2026-07-11 04:23:51.498422,Delivered,2,3,Next Day,Izmir,435,6.26,304.86,None
3155,2026-07-10 18:15:00,2026-07-13 18:15:00,2026-07-13 14:37:37.961300,Delivered,5,4,Standard,Konya,604,12.22,95.35,None
3156,2026-07-10 16:00:00,2026-07-11 22:00:00,2026-07-11 16:30:11.877939,Delivered,2,3,Next Day,Eskisehir,170,9.92,144.54,None
3157,2026-07-10 16:45:00,2026-07-11 02:45:00,2026-07-10 12:25:28.567241,Delivered,5,2,Same Day,Ankara,441,11.25,294.72,None
3158,2026-07-10 11:15:00,2026-07-13 11:15:00,2026-07-13 09:36:36.753421,Delivered,4,1,Standard,Ankara,666,11.79,209.66,None
3159,2026-07-10 10:00:00,2026-07-13 10:00:00,,Failed,3,4,Standard,Izmir,140,10.91,117.51,None
3160,2026-07-10 15:45:00,2026-07-13 15:45:00,2026-07-13 08:45:57.032156,Delivered,2,4,Standard,Ankara,749,11.37,234.15,None
3161,2026-07-10 07:00:00,2026-07-13 07:00:00,2026-07-12 13:48:58.948711,Delivered,3,4,Standard,Istanbul,394,8.63,134.89,None
3162,2026-07-10 12:30:00,2026-07-13 12:30:00,2026-07-13 02:38:00.635086,Delivered,3,3,Standard,Adana,543,6.28,69.32,None
3163,2026-07-10 10:30:00,2026-07-11 16:30:00,2026-07-10 23:56:57.184949,Delivered,2,3,Next Day,Gaziantep,679,10.43,177.19,None
3164,2026-07-10 16:15:00,2026-07-11 22:15:00,2026-07-11 05:01:11.583640,Delivered,1,1,Next Day,Adana,641,5.85,275.79,None
3165,2026-07-10 17:15:00,2026-07-11 23:15:00,2026-07-11 11:05:40.853838,Delivered,1,4,Next Day,Konya,355,8.25,208.83,None
3166,2026-07-11 15:45:00,2026-07-12 01:45:00,2026-07-11 13:22:02.575984,Delivered,4,1,Same Day,Ankara,164,21.82,57.3,None
3167,2026-07-11 07:15:00,2026-07-14 07:15:00,2026-07-13 14:45:25.186945,Delivered,4,4,Standard,Adana,387,9.55,302.65,None
3168,2026-07-11 17:15:00,2026-07-12 23:15:00,2026-07-12 13:56:34.428728,Delivered,5,3,Next Day,Konya,648,11.05,33.05,None
3169,2026-07-11 10:15:00,2026-07-12 16:15:00,2026-07-12 07:35:53.522654,Delivered,4,3,Next Day,Konya,33,14.18,78.17,None
3170,2026-07-11 10:15:00,2026-07-12 16:15:00,2026-07-12 07:00:30.963508,Delivered,5,2,Next Day,Eskisehir,443,4.33,75.44,None
3171,2026-07-11 14:30:00,2026-07-14 14:30:00,2026-07-14 06:01:53.263981,Delivered,1,3,Standard,Izmir,51,3.61,18.8,None
3172,2026-07-11 11:00:00,2026-07-14 11:00:00,2026-07-14 03:46:11.132173,Delivered,6,3,Standard,Konya,638,13.52,25.26,None
3173,2026-07-11 08:45:00,2026-07-14 08:45:00,2026-07-14 07:07:55.186898,Delivered,3,2,Standard,Eskisehir,335,8.82,25.44,None
3174,2026-07-11 14:30:00,2026-07-12 20:30:00,2026-07-12 03:12:10.736040,Delivered,2,2,Next Day,Konya,572,7.52,248.44,None
3175,2026-07-11 08:30:00,2026-07-14 08:30:00,2026-07-13 16:52:48.019192,Delivered,5,2,Standard,Mersin,63,13.67,145.74,None
3176,2026-07-11 12:30:00,2026-07-14 12:30:00,2026-07-13 19:44:32.762498,Delivered,1,1,Standard,Bursa,674,12.02,141.47,None
3177,2026-07-11 17:45:00,2026-07-12 23:45:00,2026-07-12 19:24:59.858861,Delivered,1,2,Next Day,Izmir,175,4.15,64.91,None
3178,2026-07-11 16:15:00,2026-07-14 16:15:00,2026-07-14 12:04:24.141867,Delivered,1,3,Standard,Bursa,383,10.41,71.99,None
3179,2026-07-11 08:45:00,2026-07-12 14:45:00,2026-07-12 02:46:06.892761,Delivered,1,3,Next Day,Adana,477,13.53,28.64,None
3180,2026-07-11 11:15:00,2026-07-14 11:15:00,2026-07-14 05:38:15.460808,Delivered,2,2,Standard,Konya,259,5.76,139.76,None
3181,2026-07-11 08:00:00,2026-07-14 08:00:00,2026-07-13 14:24:55.493861,Delivered,1,2,Standard,Ankara,313,6.85,180.31,None
3182,2026-07-11 08:45:00,2026-07-14 08:45:00,2026-07-13 18:36:54.757245,Delivered,1,4,Standard,Eskisehir,737,5.42,167.23,None
3183,2026-07-11 17:00:00,2026-07-12 23:00:00,2026-07-12 21:54:52.198914,Delivered,2,1,Next Day,Mersin,380,7.19,278.68,None
3184,2026-07-11 18:45:00,2026-07-12 04:45:00,2026-07-12 01:02:23.503980,Delivered,1,1,Same Day,Adana,270,15.11,92.76,None
3185,2026-07-11 11:15:00,2026-07-14 11:15:00,2026-07-14 06:41:55.795808,Delivered,6,2,Standard,Bursa,124,7.34,31.21,None
3186,2026-07-12 07:45:00,2026-07-12 17:45:00,2026-07-12 01:18:58.647070,Delivered,2,1,Same Day,Gaziantep,132,22.08,296.49,None
3187,2026-07-12 11:30:00,2026-07-15 11:30:00,2026-07-14 19:19:11.671935,Delivered,1,3,Standard,Istanbul,747,5.77,196.13,None
3188,2026-07-12 08:00:00,2026-07-13 14:00:00,2026-07-13 01:15:02.116292,Delivered,1,1,Next Day,Konya,578,3.95,209.7,None
3189,2026-07-12 09:45:00,2026-07-13 15:45:00,,Failed,6,4,Next Day,Eskisehir,479,5.32,303.96,None
3190,2026-07-12 09:00:00,2026-07-13 15:00:00,2026-07-13 03:40:22.453982,Delivered,6,1,Next Day,Eskisehir,367,6.94,204.88,None
3191,2026-07-12 10:45:00,2026-07-13 16:45:00,2026-07-13 14:21:42.592279,Delivered,1,1,Next Day,Adana,515,12.67,68.83,None
3192,2026-07-12 17:00:00,2026-07-15 17:00:00,,Failed,3,2,Standard,Istanbul,524,13.6,232.66,None
3193,2026-07-12 15:45:00,2026-07-13 01:45:00,2026-07-13 00:04:19.148413,Delivered,1,3,Same Day,Izmir,80,20.92,124.96,None
3194,2026-07-12 12:15:00,2026-07-13 18:15:00,2026-07-13 07:40:35.359698,Delivered,5,1,Next Day,Konya,749,16.33,28.58,None
3195,2026-07-12 15:30:00,2026-07-15 15:30:00,2026-07-15 00:19:03.933796,Delivered,1,2,Standard,Mersin,19,15.92,201.71,None
3196,2026-07-12 07:15:00,2026-07-15 07:15:00,2026-07-14 20:56:33.960311,Delivered,3,2,Standard,Ankara,462,16.11,277.2,None
3197,2026-07-13 13:45:00,2026-07-14 19:45:00,2026-07-14 07:43:47.937064,Delivered,1,2,Next Day,Istanbul,132,4.82,185.93,None
3198,2026-07-13 07:15:00,2026-07-16 07:15:00,2026-07-16 03:33:49.835869,Delivered,2,4,Standard,Istanbul,232,15.82,53.39,None
3199,2026-07-13 17:15:00,2026-07-14 03:15:00,2026-07-14 23:57:34.501632,Delivered,2,1,Same Day,Adana,190,10.61,96.73,Weather
3200,2026-07-13 17:15:00,2026-07-16 17:15:00,2026-07-16 03:13:06.588428,Delivered,2,4,Standard,Istanbul,136,15.64,39.04,None
3201,2026-07-13 09:00:00,2026-07-16 09:00:00,2026-07-16 01:20:17.755680,Delivered,1,2,Standard,Bursa,298,13.82,185.59,None
3202,2026-07-13 17:30:00,2026-07-16 17:30:00,2026-07-16 04:44:57.305008,Delivered,3,4,Standard,Eskisehir,475,3.6,295.37,None
3203,2026-07-13 17:30:00,2026-07-14 23:30:00,2026-07-15 15:28:59.607754,Delivered,1,2,Next Day,Antalya,362,7.97,117.82,Weather
3204,2026-07-13 14:30:00,2026-07-14 20:30:00,2026-07-14 07:26:48.918944,Delivered,1,1,Next Day,Ankara,32,12.07,173.22,None
3205,2026-07-13 16:45:00,2026-07-14 22:45:00,2026-07-14 12:08:58.476603,Delivered,2,1,Next Day,Gaziantep,587,5.63,176.97,None
3206,2026-07-13 15:45:00,2026-07-16 15:45:00,2026-07-16 03:34:07.837257,Delivered,1,1,Standard,Istanbul,392,4.07,35.56,None
3207,2026-07-13 11:30:00,2026-07-14 17:30:00,2026-07-14 10:30:01.802613,Delivered,5,2,Next Day,Istanbul,17,8.98,287.46,None
3208,2026-07-13 15:15:00,2026-07-16 15:15:00,2026-07-16 08:17:36.895117,Delivered,2,3,Standard,Mersin,51,6.71,240.82,None
3209,2026-07-13 07:15:00,2026-07-16 07:15:00,2026-07-15 17:23:28.132864,Delivered,2,1,Standard,Bursa,778,13.2,249.87,None
3210,2026-07-13 13:00:00,2026-07-16 13:00:00,2026-07-16 03:23:03.757366,Delivered,2,1,Standard,Konya,596,4.79,166.63,None
3211,2026-07-13 12:15:00,2026-07-14 18:15:00,2026-07-14 04:59:31.726969,Delivered,2,2,Next Day,Bursa,74,11.92,18.58,None
3212,2026-07-13 10:15:00,2026-07-14 16:15:00,2026-07-14 09:28:57.427875,Delivered,1,2,Next Day,Istanbul,48,9.05,159.3,None
3213,2026-07-13 09:45:00,2026-07-16 09:45:00,2026-07-16 02:22:02.480217,Delivered,5,2,Standard,Eskisehir,677,8.49,104.58,None
3214,2026-07-13 15:15:00,2026-07-16 15:15:00,2026-07-16 10:46:12.854361,Delivered,2,2,Standard,Ankara,670,8.16,73.68,None
3215,2026-07-13 09:00:00,2026-07-13 19:00:00,2026-07-13 03:48:13.622113,Delivered,3,4,Same Day,Konya,437,18.08,141.3,None
3216,2026-07-13 10:00:00,2026-07-14 16:00:00,2026-07-14 05:38:43.043640,Delivered,5,2,Next Day,Gaziantep,51,4.64,142.33,None
3217,2026-07-14 18:30:00,2026-07-17 18:30:00,2026-07-17 13:33:32.066049,Delivered,2,2,Standard,Ankara,705,12.34,55.76,None
3218,2026-07-14 10:15:00,2026-07-17 10:15:00,2026-07-17 02:13:35.265772,Delivered,1,4,Standard,Gaziantep,162,14.69,87.11,None
3219,2026-07-14 11:45:00,2026-07-17 11:45:00,2026-07-17 04:36:57.902835,Delivered,2,2,Standard,Antalya,365,15.31,316.43,None
3220,2026-07-14 16:45:00,2026-07-15 02:45:00,2026-07-14 10:05:28.014782,Delivered,2,1,Same Day,Mersin,14,19.75,277.04,None
3221,2026-07-14 12:30:00,2026-07-17 12:30:00,2026-07-16 19:53:21.185504,Delivered,6,3,Standard,Adana,443,6.56,38.44,None
3222,2026-07-14 16:45:00,2026-07-17 16:45:00,2026-07-17 06:29:50.148474,Delivered,1,3,Standard,Gaziantep,406,8.44,238.27,None
3223,2026-07-14 15:00:00,2026-07-15 21:00:00,2026-07-17 10:52:53.863450,Delivered,1,4,Next Day,Istanbul,139,7.91,78.49,Carrier Capacity
3224,2026-07-14 16:30:00,2026-07-17 16:30:00,2026-07-18 10:05:20.451484,Delivered,3,1,Standard,Bursa,194,16.13,34.45,Hub Congestion
3225,2026-07-14 15:30:00,2026-07-15 21:30:00,2026-07-15 18:39:33.000733,Delivered,3,1,Next Day,Izmir,720,11.1,100.96,None
3226,2026-07-14 10:30:00,2026-07-17 10:30:00,,Failed,3,3,Standard,Izmir,451,7.57,273.41,None
3227,2026-07-14 09:45:00,2026-07-15 15:45:00,2026-07-15 01:34:00.723289,Delivered,4,2,Next Day,Izmir,199,15.48,228.97,None
3228,2026-07-14 12:45:00,2026-07-17 12:45:00,2026-07-16 21:26:08.471533,Delivered,1,1,Standard,Antalya,226,6.48,254.04,None
3229,2026-07-15 17:45:00,2026-07-18 17:45:00,2026-07-18 01:02:02.561210,Delivered,3,2,Standard,Mersin,780,11.35,124.55,None
3230,2026-07-15 11:00:00,2026-07-16 17:00:00,2026-07-16 08:50:58.603760,Delivered,2,1,Next Day,Istanbul,588,14.64,220.35,None
3231,2026-07-15 12:00:00,2026-07-18 12:00:00,2026-07-18 09:37:00.663801,Delivered,1,4,Standard,Istanbul,220,11.08,273.83,None
3232,2026-07-15 17:45:00,2026-07-18 17:45:00,2026-07-18 08:31:25.076669,Delivered,3,2,Standard,Antalya,400,13.25,92.33,None
3233,2026-07-15 14:30:00,2026-07-18 14:30:00,2026-07-18 05:29:44.781398,Delivered,6,4,Standard,Konya,443,15.86,163.14,None
3234,2026-07-15 10:45:00,2026-07-15 20:45:00,2026-07-15 16:16:28.316572,Delivered,2,3,Same Day,Konya,109,14.04,67.78,None
3235,2026-07-15 12:45:00,2026-07-16 18:45:00,2026-07-16 15:30:19.412296,Delivered,1,3,Next Day,Izmir,413,12.37,312.41,None
3236,2026-07-15 07:45:00,2026-07-15 17:45:00,2026-07-15 03:42:31.023242,Delivered,1,2,Same Day,Bursa,91,12.57,71.39,None
3237,2026-07-15 16:30:00,2026-07-18 16:30:00,2026-07-17 22:33:59.558894,Delivered,2,3,Standard,Bursa,401,6.5,226.69,None
3238,2026-07-15 07:15:00,2026-07-18 07:15:00,2026-07-18 01:38:49.072532,Delivered,2,2,Standard,Antalya,266,5.97,44.52,None
3239,2026-07-15 10:00:00,2026-07-18 10:00:00,2026-07-18 07:01:49.561911,Delivered,1,2,Standard,Eskisehir,253,8.68,229.84,None
3240,2026-07-15 16:45:00,2026-07-16 22:45:00,2026-07-16 04:55:42.039339,Delivered,6,2,Next Day,Antalya,47,5.27,273.5,None
3241,2026-07-16 12:00:00,2026-07-17 18:00:00,2026-07-17 03:14:10.109709,Delivered,3,1,Next Day,Istanbul,314,12.75,42.35,None
3242,2026-07-16 11:00:00,2026-07-17 17:00:00,2026-07-17 03:55:41.773851,Delivered,3,4,Next Day,Istanbul,343,9.85,218.35,None
3243,2026-07-16 15:30:00,2026-07-17 21:30:00,2026-07-17 13:57:35.636277,Delivered,1,3,Next Day,Antalya,513,11.25,52.36,None
3244,2026-07-16 15:00:00,2026-07-17 21:00:00,2026-07-17 16:59:09.133509,Delivered,1,3,Next Day,Istanbul,664,15.51,299.88,None
3245,2026-07-16 07:30:00,2026-07-19 07:30:00,2026-07-20 18:56:59.980019,Delivered,1,2,Standard,Bursa,732,15.3,80.72,Vehicle Breakdown
3246,2026-07-16 14:00:00,2026-07-19 14:00:00,,Failed,1,3,Standard,Mersin,80,15.16,283.68,None
3247,2026-07-16 14:00:00,2026-07-17 20:00:00,2026-07-19 15:37:31.091252,Delivered,1,1,Next Day,Ankara,116,5.7,176.32,Weather
3248,2026-07-16 08:30:00,2026-07-19 08:30:00,2026-07-19 06:35:39.928886,Delivered,2,3,Standard,Konya,128,12.37,91.59,None
3249,2026-07-16 11:00:00,2026-07-16 21:00:00,2026-07-17 10:34:33.949486,Delivered,4,1,Same Day,Eskisehir,572,13.28,83.98,Address Issue
3250,2026-07-16 16:00:00,2026-07-19 16:00:00,2026-07-19 01:12:12.203938,Delivered,3,1,Standard,Mersin,298,5.94,243.8,None
3251,2026-07-16 08:15:00,2026-07-17 14:15:00,2026-07-17 08:04:22.170165,Delivered,6,3,Next Day,Izmir,228,9.87,196.01,None
3252,2026-07-16 18:45:00,2026-07-18 00:45:00,2026-07-17 20:38:43.600846,Delivered,1,2,Next Day,Antalya,47,7.56,49.65,None
3253,2026-07-16 18:30:00,2026-07-19 18:30:00,2026-07-19 07:38:36.531428,Delivered,2,3,Standard,Konya,599,8.54,77.25,None
3254,2026-07-16 09:45:00,2026-07-17 15:45:00,2026-07-17 04:47:29.374837,Delivered,4,1,Next Day,Ankara,471,11.7,256.45,None
3255,2026-07-16 16:00:00,2026-07-19 16:00:00,2026-07-19 12:50:44.420126,Delivered,6,3,Standard,Mersin,516,7.36,172.39,None
3256,2026-07-16 10:45:00,2026-07-19 10:45:00,2026-07-18 18:30:13.648236,Delivered,5,1,Standard,Gaziantep,310,7.5,295.25,None
3257,2026-07-17 07:30:00,2026-07-18 13:30:00,2026-07-18 09:47:20.298227,Delivered,1,2,Next Day,Izmir,773,11.63,160.57,None
3258,2026-07-17 16:00:00,2026-07-18 22:00:00,2026-07-18 15:32:43.947376,Delivered,1,1,Next Day,Eskisehir,582,9.48,263.2,None
3259,2026-07-17 18:30:00,2026-07-19 00:30:00,2026-07-18 13:37:18.240419,Delivered,5,1,Next Day,Eskisehir,62,10.65,227.55,None
3260,2026-07-17 13:30:00,2026-07-20 13:30:00,2026-07-20 03:20:49.248210,Delivered,3,1,Standard,Adana,458,14.39,130.7,None
3261,2026-07-17 10:45:00,2026-07-20 10:45:00,2026-07-19 16:45:53.206492,Delivered,5,2,Standard,Konya,704,7.55,98.76,None
3262,2026-07-17 12:15:00,2026-07-20 12:15:00,2026-07-19 18:54:07.221923,Delivered,3,2,Standard,Istanbul,512,4.75,192.23,None
3263,2026-07-17 11:15:00,2026-07-18 17:15:00,2026-07-18 07:07:12.502756,Delivered,2,4,Next Day,Ankara,120,3.67,219.26,None
3264,2026-07-17 13:00:00,2026-07-20 13:00:00,2026-07-20 08:24:30.019593,Delivered,4,4,Standard,Antalya,265,4.58,137.92,None
3265,2026-07-17 07:15:00,2026-07-20 07:15:00,2026-07-20 02:41:02.278226,Delivered,4,4,Standard,Eskisehir,356,4.12,122.38,None
3266,2026-07-17 11:30:00,2026-07-20 11:30:00,2026-07-20 03:28:01.245204,Delivered,1,3,Standard,Gaziantep,271,10.58,278.66,None
3267,2026-07-17 11:15:00,2026-07-20 11:15:00,2026-07-20 05:44:37.635115,Delivered,1,2,Standard,Mersin,58,8.76,68.95,None
3268,2026-07-17 07:00:00,2026-07-18 13:00:00,2026-07-18 02:20:20.788815,Delivered,3,3,Next Day,Konya,623,15.87,125.44,None
3269,2026-07-17 17:45:00,2026-07-20 17:45:00,2026-07-20 09:19:14.464992,Delivered,1,1,Standard,Ankara,42,6.04,188.15,None
3270,2026-07-17 13:45:00,2026-07-18 19:45:00,2026-07-18 16:39:27.204895,Delivered,4,3,Next Day,Eskisehir,129,7.79,69.59,None
3271,2026-07-17 18:45:00,2026-07-20 18:45:00,2026-07-22 09:22:15.767807,Delivered,1,3,Standard,Bursa,727,14.86,167.6,Hub Congestion
3272,2026-07-17 11:15:00,2026-07-18 17:15:00,2026-07-18 07:35:25.582809,Delivered,3,3,Next Day,Izmir,188,11.97,210.81,None
3273,2026-07-17 14:30:00,2026-07-18 20:30:00,2026-07-18 09:47:54.221033,Delivered,1,2,Next Day,Ankara,28,10.36,177.9,None
3274,2026-07-17 11:00:00,2026-07-18 17:00:00,2026-07-18 02:22:28.982980,Delivered,1,3,Next Day,Adana,481,12.01,319.67,None
3275,2026-07-17 09:30:00,2026-07-18 15:30:00,2026-07-18 06:29:38.953419,Delivered,6,2,Next Day,Konya,212,5.17,164.8,None
3276,2026-07-17 13:15:00,2026-07-20 13:15:00,2026-07-20 01:44:54.093459,Delivered,6,2,Standard,Gaziantep,368,11.44,109.41,None
3277,2026-07-18 08:00:00,2026-07-21 08:00:00,2026-07-21 02:45:13.202157,Delivered,2,4,Standard,Adana,193,4.9,191.74,None
3278,2026-07-18 10:45:00,2026-07-21 10:45:00,2026-07-21 05:38:39.562055,Delivered,1,1,Standard,Eskisehir,679,4.84,205.12,None
3279,2026-07-18 08:15:00,2026-07-19 14:15:00,2026-07-19 03:58:19.345595,Delivered,5,2,Next Day,Eskisehir,768,8.36,64.54,None
3280,2026-07-18 11:00:00,2026-07-21 11:00:00,2026-07-20 22:22:26.202718,Delivered,5,1,Standard,Izmir,573,5.27,234.06,None
3281,2026-07-18 10:15:00,2026-07-19 16:15:00,2026-07-19 12:00:35.000718,Delivered,2,1,Next Day,Gaziantep,92,6.87,125.31,None
3282,2026-07-18 17:15:00,2026-07-21 17:15:00,2026-07-21 02:37:55.748915,Delivered,5,3,Standard,Bursa,757,15.88,163.2,None
3283,2026-07-18 14:45:00,2026-07-21 14:45:00,2026-07-21 06:59:27.688315,Delivered,1,2,Standard,Istanbul,775,4.7,71.14,None
3284,2026-07-18 14:45:00,2026-07-21 14:45:00,2026-07-21 03:59:45.536524,Delivered,6,2,Standard,Konya,323,13.85,204.31,None
3285,2026-07-18 17:00:00,2026-07-21 17:00:00,2026-07-23 03:33:47.337195,Delivered,3,2,Standard,Istanbul,468,11.03,154.03,Address Issue
3286,2026-07-18 14:30:00,2026-07-19 20:30:00,2026-07-20 04:47:52.836524,Delivered,4,3,Next Day,Istanbul,8,16.33,91.94,Carrier Capacity
3287,2026-07-18 18:30:00,2026-07-21 18:30:00,2026-07-21 16:41:03.086316,Delivered,2,2,Standard,Izmir,410,10.28,147.05,None
3288,2026-07-18 12:15:00,2026-07-19 18:15:00,2026-07-19 02:06:08.716407,Delivered,4,2,Next Day,Konya,501,15.05,297.87,None
3289,2026-07-18 07:30:00,2026-07-19 13:30:00,2026-07-19 01:38:03.050928,Delivered,6,4,Next Day,Mersin,612,16.06,167.73,None
3290,2026-07-18 12:00:00,2026-07-19 18:00:00,2026-07-19 12:23:50.562451,Delivered,6,3,Next Day,Konya,549,4.92,162.77,None
3291,2026-07-18 16:30:00,2026-07-21 16:30:00,2026-07-21 13:39:31.924037,Delivered,3,2,Standard,Gaziantep,378,14.04,58.89,None
3292,2026-07-18 11:45:00,2026-07-19 17:45:00,2026-07-19 04:48:55.014449,Delivered,4,3,Next Day,Eskisehir,538,10.68,166.94,None
3293,2026-07-18 14:30:00,2026-07-21 14:30:00,2026-07-21 05:41:29.280127,Delivered,1,3,Standard,Bursa,662,10.39,317.34,None
3294,2026-07-19 17:15:00,2026-07-20 23:15:00,2026-07-20 13:35:36.009034,Delivered,4,1,Next Day,Adana,607,8.55,285.94,None
3295,2026-07-19 16:30:00,2026-07-20 02:30:00,2026-07-19 19:05:18.733852,Delivered,1,1,Same Day,Adana,613,23.36,287.81,None
3296,2026-07-19 18:30:00,2026-07-22 18:30:00,2026-07-22 08:55:12.548896,Delivered,1,2,Standard,Mersin,112,6.41,172.1,None
3297,2026-07-19 15:15:00,2026-07-22 15:15:00,2026-07-22 07:27:22.264129,Delivered,2,2,Standard,Antalya,636,13.68,210.49,None
3298,2026-07-19 16:00:00,2026-07-20 02:00:00,2026-07-20 15:26:40.898415,Delivered,1,4,Same Day,Mersin,308,19.26,249.5,Hub Congestion
3299,2026-07-19 14:15:00,2026-07-20 00:15:00,2026-07-19 19:16:04.412840,Delivered,5,2,Same Day,Istanbul,506,13.52,101.62,None
3300,2026-07-19 17:45:00,2026-07-22 17:45:00,2026-07-22 13:54:35.192182,Delivered,1,3,Standard,Bursa,503,15.37,198.5,None
3301,2026-07-19 13:45:00,2026-07-22 13:45:00,2026-07-22 02:10:53.500092,Delivered,5,3,Standard,Mersin,102,12.79,269.46,None
3302,2026-07-19 07:45:00,2026-07-22 07:45:00,2026-07-22 05:59:52.249841,Delivered,1,4,Standard,Konya,293,6.66,146.2,None
3303,2026-07-19 11:15:00,2026-07-19 21:15:00,2026-07-21 16:15:31.251851,Delivered,6,4,Same Day,Adana,607,16.37,183.54,Hub Congestion
3304,2026-07-19 16:00:00,2026-07-20 22:00:00,2026-07-20 06:54:34.027071,Delivered,3,2,Next Day,Mersin,642,5.26,298.42,None
3305,2026-07-19 17:30:00,2026-07-20 23:30:00,2026-07-20 11:23:48.300334,Delivered,1,2,Next Day,Izmir,564,9.29,200.4,None
3306,2026-07-19 15:45:00,2026-07-20 21:45:00,2026-07-20 05:39:49.940530,Delivered,6,4,Next Day,Istanbul,385,14.0,144.26,None
3307,2026-07-19 17:15:00,2026-07-22 17:15:00,2026-07-22 00:32:54.240635,Delivered,5,3,Standard,Bursa,381,5.29,125.42,None
3308,2026-07-19 15:15:00,2026-07-20 21:15:00,2026-07-22 16:08:50.128937,Delivered,1,1,Next Day,Mersin,130,4.02,49.96,Carrier Capacity
3309,2026-07-19 10:15:00,2026-07-20 16:15:00,2026-07-20 08:16:12.117539,Delivered,1,1,Next Day,Konya,340,4.96,101.77,None
3310,2026-07-19 17:30:00,2026-07-20 23:30:00,2026-07-22 14:08:18.474342,Delivered,1,1,Next Day,Konya,521,11.92,55.42,Customer Unavailable
3311,2026-07-19 14:15:00,2026-07-20 20:15:00,2026-07-20 04:38:24.722336,Delivered,2,4,Next Day,Mersin,706,7.11,35.32,None
3312,2026-07-19 09:45:00,2026-07-20 15:45:00,2026-07-20 13:55:09.143644,Delivered,6,2,Next Day,Izmir,496,15.38,27.96,None
3313,2026-07-19 17:45:00,2026-07-20 23:45:00,2026-07-20 21:24:49.754937,Delivered,2,2,Next Day,Adana,132,7.34,132.92,None
3314,2026-07-20 08:00:00,2026-07-21 14:00:00,2026-07-21 12:06:19.434312,Delivered,1,1,Next Day,Gaziantep,296,10.53,152.51,None
3315,2026-07-20 16:00:00,2026-07-23 16:00:00,2026-07-23 00:32:59.943798,Delivered,1,4,Standard,Istanbul,474,10.44,88.57,None
3316,2026-07-20 17:15:00,2026-07-21 23:15:00,2026-07-21 07:11:34.738415,Delivered,1,2,Next Day,Konya,682,10.91,196.32,None
3317,2026-07-20 12:30:00,2026-07-23 12:30:00,2026-07-23 05:36:33.199883,Delivered,3,2,Standard,Bursa,187,13.02,181.12,None
3318,2026-07-20 15:00:00,2026-07-21 21:00:00,2026-07-22 16:52:05.415875,Delivered,4,2,Next Day,Ankara,552,9.98,169.01,Carrier Capacity
3319,2026-07-20 10:45:00,2026-07-23 10:45:00,2026-07-23 08:01:20.382530,Delivered,1,1,Standard,Bursa,649,9.19,123.07,None
3320,2026-07-20 17:30:00,2026-07-23 17:30:00,2026-07-23 13:49:56.920158,Delivered,2,2,Standard,Mersin,287,13.51,32.84,None
3321,2026-07-20 09:30:00,2026-07-21 15:30:00,2026-07-21 05:16:30.647019,Delivered,5,4,Next Day,Antalya,412,4.83,215.65,None
3322,2026-07-20 10:00:00,2026-07-21 16:00:00,2026-07-20 22:58:48.277100,Delivered,6,2,Next Day,Adana,142,12.86,24.13,None
3323,2026-07-20 14:15:00,2026-07-21 20:15:00,2026-07-22 17:23:11.605085,Delivered,1,1,Next Day,Antalya,255,10.32,21.17,Hub Congestion
3324,2026-07-20 09:00:00,2026-07-21 15:00:00,2026-07-21 00:34:02.039654,Delivered,1,2,Next Day,Mersin,33,4.01,274.83,None
3325,2026-07-20 17:45:00,2026-07-23 17:45:00,2026-07-23 02:04:34.920832,Delivered,3,1,Standard,Eskisehir,19,6.56,209.59,None
3326,2026-07-20 16:15:00,2026-07-23 16:15:00,2026-07-23 03:56:56.657843,Delivered,2,1,Standard,Antalya,330,12.87,114.0,None
3327,2026-07-20 07:30:00,2026-07-20 17:30:00,2026-07-20 03:52:06.861480,Delivered,2,2,Same Day,Mersin,334,19.53,215.9,None
3328,2026-07-20 11:15:00,2026-07-23 11:15:00,2026-07-23 00:20:06.173204,Delivered,4,3,Standard,Izmir,762,11.66,115.46,None
3329,2026-07-20 12:45:00,2026-07-20 22:45:00,2026-07-20 12:12:59.379739,Delivered,6,3,Same Day,Konya,427,12.79,21.77,None
3330,2026-07-21 11:15:00,2026-07-24 11:15:00,2026-07-24 02:11:41.721463,Delivered,3,4,Standard,Konya,754,14.01,39.83,None
3331,2026-07-21 11:45:00,2026-07-22 17:45:00,2026-07-22 03:47:30.547284,Delivered,2,2,Next Day,Antalya,502,10.07,276.29,None
3332,2026-07-21 16:00:00,2026-07-22 02:00:00,2026-07-21 15:45:46.091914,Delivered,4,3,Same Day,Mersin,28,15.66,268.6,None
3333,2026-07-21 07:45:00,2026-07-21 17:45:00,2026-07-21 04:22:04.080206,Delivered,2,2,Same Day,Bursa,418,19.61,105.59,None
3334,2026-07-21 10:00:00,2026-07-24 10:00:00,2026-07-23 20:54:41.153527,Delivered,3,3,Standard,Istanbul,392,5.15,166.44,None
3335,2026-07-21 10:00:00,2026-07-22 16:00:00,2026-07-22 06:02:25.119414,Delivered,5,3,Next Day,Bursa,152,10.79,290.6,None
3336,2026-07-21 13:15:00,2026-07-24 13:15:00,2026-07-26 03:12:10.196442,Delivered,1,3,Standard,Gaziantep,710,14.26,142.58,Vehicle Breakdown
3337,2026-07-21 09:30:00,2026-07-24 09:30:00,2026-07-24 00:41:15.295044,Delivered,6,1,Standard,Mersin,380,6.46,301.51,None
3338,2026-07-21 18:30:00,2026-07-23 00:30:00,2026-07-22 09:11:29.387146,Delivered,2,3,Next Day,Mersin,143,13.54,273.31,None
3339,2026-07-21 14:30:00,2026-07-24 14:30:00,2026-07-24 10:45:57.962445,Delivered,3,2,Standard,Adana,563,8.77,70.78,None
3340,2026-07-21 08:30:00,2026-07-24 08:30:00,2026-07-23 17:27:32.824701,Delivered,3,4,Standard,Eskisehir,417,15.69,176.56,None
3341,2026-07-21 15:00:00,2026-07-24 15:00:00,2026-07-26 01:57:51.626063,Delivered,1,4,Standard,Mersin,181,8.71,301.21,Hub Congestion
3342,2026-07-21 16:45:00,2026-07-22 22:45:00,2026-07-22 18:40:34.562142,Delivered,1,4,Next Day,Adana,670,6.63,312.88,None
3343,2026-07-21 07:15:00,2026-07-24 07:15:00,2026-07-23 13:57:27.240725,Delivered,1,3,Standard,Antalya,471,4.98,272.92,None
3344,2026-07-21 09:00:00,2026-07-22 15:00:00,2026-07-22 05:42:20.200671,Delivered,1,1,Next Day,Adana,616,5.29,40.59,None
3345,2026-07-21 10:15:00,2026-07-24 10:15:00,2026-07-25 19:09:27.745147,Delivered,4,2,Standard,Izmir,192,8.74,264.89,Customer Unavailable
3346,2026-07-21 13:45:00,2026-07-24 13:45:00,2026-07-23 20:27:56.387653,Delivered,1,3,Standard,Eskisehir,26,7.67,169.0,None
3347,2026-07-21 07:00:00,2026-07-24 07:00:00,2026-07-23 20:10:17.721938,Delivered,3,2,Standard,Ankara,139,5.2,59.83,None
3348,2026-07-21 13:00:00,2026-07-22 19:00:00,2026-07-22 04:52:58.588409,Delivered,6,2,Next Day,Konya,225,12.63,242.39,None
3349,2026-07-21 15:15:00,2026-07-22 21:15:00,2026-07-24 17:21:23.948196,Delivered,2,2,Next Day,Antalya,182,11.04,195.02,Hub Congestion
3350,2026-07-22 09:15:00,2026-07-23 15:15:00,2026-07-23 02:17:33.921443,Delivered,4,2,Next Day,Eskisehir,43,11.99,219.86,None
3351,2026-07-22 17:30:00,2026-07-25 17:30:00,2026-07-25 03:09:32.115300,Delivered,1,3,Standard,Adana,683,7.96,38.39,None
3352,2026-07-22 07:00:00,2026-07-25 07:00:00,2026-07-24 20:19:53.955357,Delivered,4,1,Standard,Gaziantep,373,13.41,214.23,None
3353,2026-07-22 07:45:00,2026-07-25 07:45:00,2026-07-24 14:48:48.264219,Delivered,4,2,Standard,Konya,517,7.44,181.55,None
3354,2026-07-22 15:00:00,2026-07-25 15:00:00,2026-07-26 12:50:48.345597,Delivered,1,3,Standard,Konya,438,10.59,44.76,Address Issue
3355,2026-07-22 17:15:00,2026-07-23 23:15:00,2026-07-24 19:33:27.946253,Delivered,1,1,Next Day,Izmir,29,15.18,311.91,Customer Unavailable
3356,2026-07-22 16:15:00,2026-07-25 16:15:00,2026-07-25 00:09:44.890119,Delivered,1,4,Standard,Bursa,770,10.29,80.62,None
3357,2026-07-22 17:15:00,2026-07-23 23:15:00,2026-07-24 22:49:22.644976,Delivered,4,2,Next Day,Adana,135,11.79,94.53,Carrier Capacity
3358,2026-07-22 16:45:00,2026-07-23 22:45:00,2026-07-23 13:39:34.198142,Delivered,1,2,Next Day,Konya,107,5.82,147.63,None
3359,2026-07-22 08:00:00,2026-07-23 14:00:00,2026-07-23 10:45:16.633565,Delivered,1,1,Next Day,Gaziantep,525,13.48,48.67,None
3360,2026-07-22 18:30:00,2026-07-25 18:30:00,2026-07-25 15:38:36.664079,Delivered,5,1,Standard,Gaziantep,515,15.43,311.06,None
3361,2026-07-22 07:45:00,2026-07-25 07:45:00,2026-07-26 10:25:58.189618,Delivered,3,1,Standard,Ankara,61,4.01,260.23,Hub Congestion
3362,2026-07-23 13:45:00,2026-07-26 13:45:00,2026-07-26 08:32:59.393429,Delivered,2,2,Standard,Adana,335,7.02,161.95,None
3363,2026-07-23 14:30:00,2026-07-26 14:30:00,2026-07-25 23:02:47.026841,Delivered,1,2,Standard,Eskisehir,534,11.5,46.21,None
3364,2026-07-23 09:00:00,2026-07-24 15:00:00,2026-07-24 07:25:12.582690,Delivered,2,3,Next Day,Ankara,14,4.62,110.76,None
3365,2026-07-23 07:30:00,2026-07-23 17:30:00,2026-07-25 01:51:26.546469,Delivered,6,1,Same Day,Izmir,177,20.18,259.67,Carrier Capacity
3366,2026-07-23 16:15:00,2026-07-26 16:15:00,2026-07-26 08:19:35.129549,Delivered,6,4,Standard,Gaziantep,770,10.3,196.64,None
3367,2026-07-23 18:30:00,2026-07-26 18:30:00,2026-07-26 01:11:20.467940,Delivered,5,1,Standard,Eskisehir,747,12.87,272.79,None
3368,2026-07-23 16:15:00,2026-07-26 16:15:00,2026-07-26 01:08:47.306797,Delivered,3,4,Standard,Konya,178,11.83,274.72,None
3369,2026-07-23 07:30:00,2026-07-24 13:30:00,2026-07-23 21:18:35.977868,Delivered,5,3,Next Day,Ankara,742,8.95,266.08,None
3370,2026-07-23 15:45:00,2026-07-26 15:45:00,2026-07-28 09:57:23.545860,Delivered,1,4,Standard,Antalya,737,4.14,25.6,Hub Congestion
3371,2026-07-23 13:30:00,2026-07-24 19:30:00,2026-07-24 14:39:12.738829,Delivered,1,1,Next Day,Gaziantep,445,5.83,206.05,None
3372,2026-07-23 09:00:00,2026-07-26 09:00:00,2026-07-25 22:07:27.952644,Delivered,1,2,Standard,Istanbul,255,14.3,143.92,None
3373,2026-07-23 11:30:00,2026-07-24 17:30:00,2026-07-24 08:02:48.662796,Delivered,2,1,Next Day,Izmir,53,5.85,304.73,None
3374,2026-07-24 11:30:00,2026-07-27 11:30:00,,Failed,5,2,Standard,Adana,465,9.48,122.07,None
3375,2026-07-24 15:30:00,2026-07-25 21:30:00,2026-07-25 19:46:55.125780,Delivered,1,2,Next Day,Eskisehir,381,15.67,292.92,None
3376,2026-07-24 15:15:00,2026-07-27 15:15:00,2026-07-27 06:13:46.430183,Delivered,4,1,Standard,Bursa,619,6.55,217.35,None
3377,2026-07-24 12:00:00,2026-07-25 18:00:00,2026-07-25 02:26:02.124822,Delivered,4,1,Next Day,Istanbul,295,6.78,186.7,None
3378,2026-07-24 15:00:00,2026-07-25 21:00:00,2026-07-25 17:02:56.999205,Delivered,1,1,Next Day,Ankara,764,7.77,88.94,None
3379,2026-07-24 12:45:00,2026-07-25 18:45:00,2026-07-25 10:16:01.606595,Delivered,1,4,Next Day,Mersin,201,5.34,66.4,None
3380,2026-07-24 13:15:00,2026-07-27 13:15:00,2026-07-27 05:46:12.392693,Delivered,4,4,Standard,Eskisehir,407,13.48,204.53,None
3381,2026-07-24 14:30:00,2026-07-27 14:30:00,2026-07-28 14:34:01.494390,Delivered,3,4,Standard,Eskisehir,359,3.61,31.89,Address Issue
3382,2026-07-24 18:30:00,2026-07-27 18:30:00,2026-07-27 03:37:44.484470,Delivered,2,1,Standard,Eskisehir,440,13.97,267.57,None
3383,2026-07-24 16:45:00,2026-07-27 16:45:00,2026-07-27 13:46:05.483588,Delivered,1,1,Standard,Antalya,487,4.99,193.41,None
3384,2026-07-24 12:15:00,2026-07-25 18:15:00,2026-07-27 18:50:01.988331,Delivered,5,4,Next Day,Konya,189,11.09,182.36,Hub Congestion
3385,2026-07-24 14:15:00,2026-07-27 14:15:00,2026-07-27 10:03:19.693905,Delivered,3,1,Standard,Eskisehir,117,7.48,110.02,None
3386,2026-07-24 09:30:00,2026-07-27 09:30:00,2026-07-28 15:41:51.653316,Delivered,6,3,Standard,Antalya,302,4.22,122.8,Carrier Capacity
3387,2026-07-24 15:15:00,2026-07-25 21:15:00,2026-07-25 07:25:48.197156,Delivered,1,3,Next Day,Izmir,666,8.67,199.77,None
3388,2026-07-24 09:45:00,2026-07-27 09:45:00,2026-07-26 17:25:16.732596,Delivered,1,3,Standard,Bursa,542,4.54,258.33,None
3389,2026-07-24 14:30:00,2026-07-27 14:30:00,2026-07-27 05:19:30.493587,Delivered,6,4,Standard,Adana,527,7.1,81.76,None
3390,2026-07-24 08:15:00,2026-07-24 18:15:00,2026-07-24 00:48:35.005330,Delivered,1,2,Same Day,Istanbul,230,15.71,149.27,None
3391,2026-07-24 16:00:00,2026-07-25 02:00:00,2026-07-24 13:33:30.389870,Delivered,3,2,Same Day,Eskisehir,350,10.93,172.3,None
3392,2026-07-24 12:45:00,2026-07-27 12:45:00,2026-07-29 06:54:21.261456,Delivered,4,3,Standard,Antalya,365,9.61,220.33,Hub Congestion
3393,2026-07-24 14:00:00,2026-07-25 20:00:00,2026-07-25 16:14:47.554465,Delivered,2,1,Next Day,Istanbul,337,10.71,118.36,None
3394,2026-07-24 16:15:00,2026-07-27 16:15:00,2026-07-29 08:47:46.650518,Delivered,5,4,Standard,Ankara,9,9.11,141.3,Hub Congestion
3395,2026-07-24 15:00:00,2026-07-27 15:00:00,2026-07-26 23:27:45.936503,Delivered,1,3,Standard,Adana,415,11.56,163.61,None
3396,2026-07-24 10:15:00,2026-07-25 16:15:00,2026-07-25 14:13:00.994429,Delivered,1,4,Next Day,Adana,437,5.7,148.04,None
3397,2026-07-24 11:30:00,2026-07-25 17:30:00,2026-07-25 01:46:09.569651,Delivered,6,2,Next Day,Mersin,361,4.37,268.0,None
3398,2026-07-25 16:00:00,2026-07-26 22:00:00,2026-07-26 06:35:21.746552,Delivered,1,1,Next Day,Adana,738,8.19,165.78,None
3399,2026-07-25 16:00:00,2026-07-26 02:00:00,2026-07-26 16:48:54.577226,Delivered,5,1,Same Day,Ankara,21,15.03,269.67,Hub Congestion
3400,2026-07-25 12:15:00,2026-07-26 18:15:00,2026-07-26 00:48:35.310978,Delivered,1,3,Next Day,Izmir,312,8.47,308.32,None
3401,2026-07-25 12:00:00,2026-07-26 18:00:00,2026-07-26 13:09:37.874358,Delivered,4,3,Next Day,Izmir,65,12.31,32.86,None
3402,2026-07-25 07:45:00,2026-07-28 07:45:00,2026-07-29 11:16:21.188765,Delivered,1,2,Standard,Istanbul,480,11.8,91.86,Carrier Capacity
3403,2026-07-25 12:30:00,2026-07-28 12:30:00,2026-07-28 02:37:17.114765,Delivered,3,2,Standard,Konya,448,5.99,219.35,None
3404,2026-07-25 09:00:00,2026-07-25 19:00:00,2026-07-26 15:07:52.060262,Delivered,2,2,Same Day,Antalya,264,22.13,103.77,Weather
3405,2026-07-25 09:45:00,2026-07-28 09:45:00,2026-07-28 04:18:16.150431,Delivered,1,1,Standard,Ankara,632,6.99,102.9,None
3406,2026-07-25 09:45:00,2026-07-25 19:45:00,,Failed,5,2,Same Day,Antalya,688,10.63,249.41,None
3407,2026-07-25 18:15:00,2026-07-28 18:15:00,2026-07-28 01:08:10.334823,Delivered,3,2,Standard,Ankara,185,4.23,149.03,None
3408,2026-07-25 09:15:00,2026-07-28 09:15:00,2026-07-30 03:24:37.912314,Delivered,1,4,Standard,Eskisehir,141,14.88,94.68,Hub Congestion
3409,2026-07-25 08:45:00,2026-07-28 08:45:00,2026-07-28 07:09:19.229902,Delivered,3,4,Standard,Mersin,211,6.12,209.24,None
3410,2026-07-25 18:45:00,2026-07-27 00:45:00,2026-07-26 18:49:26.348714,Delivered,2,1,Next Day,Adana,316,4.1,253.44,None
3411,2026-07-25 11:45:00,2026-07-26 17:45:00,2026-07-27 07:50:42.386278,Delivered,4,3,Next Day,Konya,494,13.34,162.42,Address Issue
3412,2026-07-25 07:00:00,2026-07-26 13:00:00,2026-07-26 04:01:52.363722,Delivered,1,1,Next Day,Ankara,285,8.94,28.56,None
3413,2026-07-25 09:00:00,2026-07-28 09:00:00,2026-07-29 14:17:33.244884,Delivered,1,3,Standard,Ankara,510,8.31,270.07,Address Issue
3414,2026-07-25 07:45:00,2026-07-28 07:45:00,2026-07-28 03:28:50.759483,Delivered,1,1,Standard,Adana,29,4.56,318.68,None
3415,2026-07-26 17:00:00,2026-07-29 17:00:00,2026-07-29 06:40:11.192432,Delivered,4,2,Standard,Eskisehir,550,6.56,136.12,None
3416,2026-07-26 14:30:00,2026-07-27 20:30:00,2026-07-30 02:10:12.449211,Delivered,3,3,Next Day,Mersin,254,7.14,19.85,Vehicle Breakdown
3417,2026-07-26 09:45:00,2026-07-27 15:45:00,2026-07-26 22:55:35.067167,Delivered,2,3,Next Day,Gaziantep,610,5.26,187.21,None
3418,2026-07-26 17:45:00,2026-07-27 03:45:00,2026-07-26 14:07:11.130772,Delivered,1,2,Same Day,Gaziantep,410,11.36,195.67,None
3419,2026-07-26 14:45:00,2026-07-29 14:45:00,2026-07-29 07:36:25.879367,Delivered,4,1,Standard,Antalya,715,5.37,133.58,None
3420,2026-07-26 09:15:00,2026-07-29 09:15:00,2026-07-29 06:11:18.892456,Delivered,3,1,Standard,Antalya,37,4.55,99.08,None
3421,2026-07-26 09:45:00,2026-07-29 09:45:00,2026-07-28 17:14:43.710661,Delivered,4,3,Standard,Gaziantep,58,5.59,314.34,None
3422,2026-07-26 15:45:00,2026-07-29 15:45:00,2026-07-29 05:32:43.913035,Delivered,5,1,Standard,Mersin,298,16.22,203.29,None
3423,2026-07-26 15:15:00,2026-07-29 15:15:00,2026-07-29 06:18:48.547718,Delivered,1,1,Standard,Mersin,250,7.69,106.13,None
3424,2026-07-26 09:15:00,2026-07-29 09:15:00,2026-07-28 15:35:25.949212,Delivered,1,1,Standard,Konya,671,8.14,173.59,None
3425,2026-07-26 15:15:00,2026-07-27 21:15:00,2026-07-27 16:40:19.800484,Delivered,5,1,Next Day,Antalya,507,3.54,103.19,None
3426,2026-07-26 13:15:00,2026-07-29 13:15:00,2026-07-30 13:52:45.919837,Delivered,4,4,Standard,Eskisehir,20,12.46,132.72,Weather
3427,2026-07-26 09:00:00,2026-07-29 09:00:00,2026-07-28 19:25:05.811956,Delivered,3,4,Standard,Bursa,772,14.4,112.34,None
3428,2026-07-26 14:45:00,2026-07-29 14:45:00,2026-07-28 20:55:54.929849,Delivered,6,1,Standard,Ankara,425,13.23,270.56,None
3429,2026-07-27 17:15:00,2026-07-30 17:15:00,2026-07-30 08:28:45.877170,Delivered,2,4,Standard,Bursa,137,7.98,143.09,None
3430,2026-07-27 10:30:00,2026-07-28 16:30:00,2026-07-28 10:26:55.636402,Delivered,4,4,Next Day,Gaziantep,698,10.22,300.18,None
3431,2026-07-27 09:45:00,2026-07-28 15:45:00,2026-07-28 01:19:38.524740,Delivered,4,1,Next Day,Mersin,300,7.21,26.07,None
3432,2026-07-27 10:30:00,2026-07-30 10:30:00,2026-07-30 07:04:31.462986,Delivered,3,1,Standard,Gaziantep,680,12.65,236.16,None
3433,2026-07-27 17:00:00,2026-07-28 23:00:00,2026-07-30 13:12:22.258264,Delivered,3,4,Next Day,Adana,270,3.76,24.11,Vehicle Breakdown
3434,2026-07-27 09:30:00,2026-07-30 09:30:00,2026-07-29 18:34:26.942545,Delivered,6,4,Standard,Bursa,301,11.6,224.53,None
3435,2026-07-27 18:30:00,2026-07-30 18:30:00,2026-07-30 03:41:07.608474,Delivered,4,3,Standard,Konya,182,7.33,29.64,None
3436,2026-07-27 14:00:00,2026-07-28 00:00:00,2026-07-28 19:47:26.186127,Delivered,5,4,Same Day,Izmir,706,11.19,150.89,Vehicle Breakdown
3437,2026-07-27 11:00:00,2026-07-30 11:00:00,,Failed,5,2,Standard,Eskisehir,358,6.83,278.46,None
3438,2026-07-27 07:00:00,2026-07-28 13:00:00,2026-07-28 10:37:29.061407,Delivered,5,2,Next Day,Izmir,347,9.12,297.11,None
3439,2026-07-27 08:30:00,2026-07-28 14:30:00,2026-07-28 00:32:56.563760,Delivered,5,1,Next Day,Konya,155,11.6,189.06,None
3440,2026-07-27 18:45:00,2026-07-30 18:45:00,2026-07-30 12:01:07.959635,Delivered,1,3,Standard,Mersin,434,9.99,244.17,None
3441,2026-07-27 16:00:00,2026-07-28 22:00:00,2026-07-28 14:50:09.139918,Delivered,2,3,Next Day,Izmir,209,3.52,287.32,None
3442,2026-07-27 14:00:00,2026-07-28 20:00:00,2026-07-28 17:30:59.300122,Delivered,3,3,Next Day,Gaziantep,333,11.08,282.56,None
3443,2026-07-27 09:15:00,2026-07-30 09:15:00,2026-07-29 15:52:43.446099,Delivered,5,2,Standard,Ankara,95,8.45,177.01,None
3444,2026-07-27 15:30:00,2026-07-28 21:30:00,2026-07-28 13:11:34.858668,Delivered,3,4,Next Day,Antalya,700,11.15,125.99,None
3445,2026-07-27 18:30:00,2026-07-28 04:30:00,2026-07-27 19:49:14.642229,Delivered,2,1,Same Day,Eskisehir,426,14.08,20.1,None
3446,2026-07-27 11:15:00,2026-07-28 17:15:00,2026-07-29 10:40:33.094362,Delivered,1,3,Next Day,Bursa,230,9.72,299.56,Hub Congestion
3447,2026-07-28 13:30:00,2026-07-31 13:30:00,2026-07-31 07:16:20.230938,Delivered,2,1,Standard,Izmir,749,10.18,81.77,None
3448,2026-07-28 09:30:00,2026-07-31 09:30:00,2026-07-30 19:33:11.787216,Delivered,3,4,Standard,Antalya,303,4.36,231.17,None
3449,2026-07-28 14:15:00,2026-07-31 14:15:00,2026-07-31 12:01:59.850607,Delivered,1,3,Standard,Izmir,476,6.96,99.24,None
3450,2026-07-28 14:00:00,2026-07-29 20:00:00,2026-07-29 17:27:40.310458,Delivered,4,1,Next Day,Ankara,726,9.2,75.58,None
3451,2026-07-28 07:30:00,2026-07-31 07:30:00,2026-07-31 12:08:44.420425,Delivered,1,4,Standard,Gaziantep,684,11.19,179.59,Carrier Capacity
3452,2026-07-28 08:00:00,2026-07-29 14:00:00,2026-07-30 19:17:24.461182,Delivered,4,4,Next Day,Konya,204,13.01,99.41,Carrier Capacity
3453,2026-07-28 10:00:00,2026-07-29 16:00:00,2026-07-29 01:32:05.431641,Delivered,2,3,Next Day,Antalya,47,11.91,92.16,None
3454,2026-07-28 13:15:00,2026-07-29 19:15:00,2026-07-29 10:57:07.455883,Delivered,1,3,Next Day,Konya,508,13.22,206.62,None
3455,2026-07-28 07:30:00,2026-07-31 07:30:00,2026-07-30 22:00:05.075065,Delivered,2,3,Standard,Istanbul,779,3.64,29.99,None
3456,2026-07-28 10:30:00,2026-07-28 20:30:00,2026-07-28 04:22:28.304995,Delivered,5,3,Same Day,Antalya,24,21.58,161.28,None
3457,2026-07-28 17:00:00,2026-07-29 23:00:00,2026-07-29 12:30:27.448732,Delivered,6,3,Next Day,Gaziantep,515,10.59,175.56,None
3458,2026-07-28 14:15:00,2026-07-29 20:15:00,2026-07-29 06:07:08.200228,Delivered,5,1,Next Day,Adana,733,10.02,91.92,None
3459,2026-07-28 16:45:00,2026-07-31 16:45:00,2026-07-31 00:39:13.168087,Delivered,2,4,Standard,Eskisehir,345,10.31,255.74,None
3460,2026-07-28 11:45:00,2026-07-31 11:45:00,2026-07-30 23:22:32.773118,Delivered,1,3,Standard,Istanbul,440,9.44,29.35,None
3461,2026-07-28 14:45:00,2026-07-31 14:45:00,2026-07-31 08:08:28.568163,Delivered,5,1,Standard,Adana,344,16.21,167.61,None
3462,2026-07-28 08:45:00,2026-07-31 08:45:00,2026-07-30 15:47:11.782442,Delivered,2,4,Standard,Ankara,728,7.38,124.17,None
3463,2026-07-28 15:30:00,2026-07-29 01:30:00,,Failed,2,1,Same Day,Adana,747,22.68,166.02,Customer Unavailable
3464,2026-07-28 12:30:00,2026-07-29 18:30:00,2026-07-29 03:24:22.615906,Delivered,4,2,Next Day,Bursa,451,13.82,267.62,None
3465,2026-07-28 17:00:00,2026-07-31 17:00:00,2026-07-31 14:04:54.131457,Delivered,1,2,Standard,Konya,398,14.02,133.64,None
3466,2026-07-28 17:30:00,2026-07-31 17:30:00,2026-07-31 04:44:45.170769,Delivered,1,2,Standard,Mersin,98,3.53,115.75,None
3467,2026-07-29 13:00:00,2026-07-29 23:00:00,2026-07-29 17:06:11.615492,Delivered,5,3,Same Day,Istanbul,94,19.19,108.58,None
3468,2026-07-29 08:30:00,2026-07-30 14:30:00,2026-07-30 05:00:56.561592,Delivered,4,1,Next Day,Antalya,110,5.88,162.32,None
3469,2026-07-29 08:45:00,2026-07-29 18:45:00,2026-07-29 08:54:10.518675,Delivered,1,4,Same Day,Istanbul,393,16.18,289.48,None
3470,2026-07-29 17:00:00,2026-08-01 17:00:00,2026-07-31 23:13:20.612813,Delivered,3,2,Standard,Eskisehir,349,7.93,150.67,None
3471,2026-07-29 11:45:00,2026-08-01 11:45:00,2026-08-02 15:47:28.271094,Delivered,1,1,Standard,Bursa,384,10.85,42.96,Carrier Capacity
3472,2026-07-29 08:45:00,2026-08-01 08:45:00,2026-07-31 20:14:14.580165,Delivered,3,2,Standard,Adana,685,11.54,270.31,None
3473,2026-07-29 10:30:00,2026-08-01 10:30:00,2026-08-01 00:51:32.687070,Delivered,1,1,Standard,Mersin,554,10.02,122.78,None
3474,2026-07-29 07:15:00,2026-08-01 07:15:00,2026-08-01 05:02:18.627966,Delivered,5,1,Standard,Istanbul,405,12.28,319.81,None
3475,2026-07-29 11:30:00,2026-08-01 11:30:00,2026-07-31 20:40:58.547770,Delivered,1,3,Standard,Gaziantep,233,13.08,311.93,None
3476,2026-07-29 17:00:00,2026-07-30 23:00:00,2026-07-31 23:36:11.931430,Delivered,6,4,Next Day,Bursa,633,3.53,261.0,Address Issue
3477,2026-07-29 07:30:00,2026-08-01 07:30:00,2026-07-31 18:20:39.030309,Delivered,3,2,Standard,Ankara,532,5.0,32.89,None
3478,2026-07-29 14:45:00,2026-07-30 20:45:00,2026-07-30 13:37:35.397392,Delivered,1,3,Next Day,Konya,252,15.82,208.97,None
3479,2026-07-29 15:30:00,2026-08-01 15:30:00,2026-08-01 14:02:20.663640,Delivered,6,2,Standard,Antalya,518,11.06,146.31,None
3480,2026-07-29 12:00:00,2026-07-29 22:00:00,2026-07-31 16:30:09.970951,Delivered,5,4,Same Day,Mersin,763,12.4,80.87,Carrier Capacity
3481,2026-07-29 17:15:00,2026-08-01 17:15:00,,In Transit,1,3,Standard,Konya,657,7.68,234.71,Hub Congestion
3482,2026-07-29 10:15:00,2026-08-01 10:15:00,2026-08-01 00:08:12.990902,Delivered,3,4,Standard,Izmir,421,10.62,263.37,None
3483,2026-07-29 09:45:00,2026-07-30 15:45:00,2026-07-29 21:49:28.888537,Delivered,4,4,Next Day,Ankara,104,15.65,110.61,None
3484,2026-07-29 18:15:00,2026-07-30 04:15:00,,In Transit,1,3,Same Day,Bursa,128,17.32,146.24,None
3485,2026-07-29 07:30:00,2026-07-30 13:30:00,2026-07-30 04:58:18.635141,Delivered,5,1,Next Day,Istanbul,656,12.05,268.67,None
3486,2026-07-29 14:15:00,2026-07-30 20:15:00,2026-07-30 18:43:01.121810,Delivered,6,2,Next Day,Konya,48,14.21,264.61,None
3487,2026-07-30 18:45:00,2026-08-01 00:45:00,2026-07-31 23:05:13.685497,Delivered,4,3,Next Day,Eskisehir,489,6.44,196.82,None
3488,2026-07-30 11:00:00,2026-08-02 11:00:00,2026-08-02 05:26:25.653202,Delivered,1,3,Standard,Istanbul,112,5.19,267.81,None
3489,2026-07-30 15:00:00,2026-07-31 01:00:00,2026-07-30 09:11:43.610614,Delivered,3,1,Same Day,Konya,281,19.04,30.08,None
3490,2026-07-30 07:30:00,2026-08-02 07:30:00,2026-08-02 06:13:30.394160,Delivered,1,1,Standard,Ankara,71,14.77,108.94,None
3491,2026-07-30 07:30:00,2026-07-31 13:30:00,,In Transit,4,4,Next Day,Mersin,112,16.33,34.7,None
3492,2026-07-30 13:30:00,2026-08-02 13:30:00,2026-08-02 06:07:59.489423,Delivered,1,3,Standard,Mersin,306,6.21,48.97,None
3493,2026-07-30 12:00:00,2026-08-02 12:00:00,2026-08-02 10:40:43.509126,Delivered,6,1,Standard,Konya,330,9.76,98.33,None
3494,2026-07-30 10:45:00,2026-07-31 16:45:00,,In Transit,5,1,Next Day,Gaziantep,699,5.75,87.77,None
3495,2026-07-30 12:15:00,2026-07-31 18:15:00,2026-07-31 13:50:41.787460,Delivered,5,2,Next Day,Istanbul,441,7.0,164.42,None
3496,2026-07-30 16:00:00,2026-07-31 22:00:00,2026-07-31 05:56:13.245120,Delivered,3,1,Next Day,Mersin,422,3.99,282.62,None
3497,2026-07-30 17:15:00,2026-07-31 23:15:00,,In Transit,1,3,Next Day,Istanbul,403,5.07,293.59,None
3498,2026-07-30 16:15:00,2026-08-02 16:15:00,2026-08-02 04:59:15.666036,Delivered,5,2,Standard,Eskisehir,429,4.16,83.74,None
3499,2026-07-31 09:30:00,2026-08-03 09:30:00,2026-08-03 16:39:25.998237,Delivered,4,4,Standard,Istanbul,671,6.32,229.97,Carrier Capacity
3500,2026-07-31 12:30:00,2026-08-03 12:30:00,2026-08-03 11:26:10.326972,Delivered,4,3,Standard,Eskisehir,680,6.34,141.71,None
3501,2026-07-31 07:00:00,2026-08-03 07:00:00,2026-08-03 01:17:48.031399,Delivered,1,3,Standard,Adana,540,4.59,301.38,None
3502,2026-07-31 11:45:00,2026-08-01 17:45:00,2026-08-01 15:28:44.881855,Delivered,3,2,Next Day,Eskisehir,464,3.66,59.55,None
3503,2026-07-31 10:00:00,2026-07-31 20:00:00,2026-08-02 00:35:10.931158,Delivered,6,3,Same Day,Gaziantep,155,12.77,210.51,Weather
3504,2026-07-31 12:00:00,2026-08-01 18:00:00,2026-08-01 05:49:25.303775,Delivered,5,4,Next Day,Gaziantep,143,10.54,260.98,None
3505,2026-07-31 18:45:00,2026-08-03 18:45:00,,In Transit,1,3,Standard,Adana,503,9.72,117.69,None
3506,2026-07-31 09:45:00,2026-08-03 09:45:00,2026-08-02 19:30:20.642450,Delivered,6,2,Standard,Ankara,512,9.7,154.72,None
3507,2026-07-31 16:15:00,2026-08-01 22:15:00,2026-08-01 16:38:33.792672,Delivered,5,4,Next Day,Antalya,658,5.61,264.69,None
3508,2026-07-31 14:30:00,2026-08-01 20:30:00,2026-08-01 06:33:13.052918,Delivered,4,1,Next Day,Mersin,682,9.07,203.68,None
3509,2026-07-31 17:30:00,2026-08-03 17:30:00,2026-08-03 16:25:36.506842,Delivered,2,2,Standard,Antalya,503,14.99,72.31,None
3510,2026-07-31 18:30:00,2026-08-02 00:30:00,2026-08-03 14:53:10.460611,Delivered,3,4,Next Day,Konya,200,9.12,215.11,Customer Unavailable
3511,2026-07-31 17:30:00,2026-08-03 17:30:00,2026-08-03 02:06:41.945533,Delivered,4,1,Standard,Mersin,713,9.68,156.78,None
3512,2026-07-31 10:45:00,2026-07-31 20:45:00,2026-07-31 04:17:34.608141,Delivered,4,2,Same Day,Ankara,213,14.75,232.5,None
3513,2026-07-31 13:15:00,2026-08-03 13:15:00,2026-08-03 07:22:11.275267,Delivered,2,1,Standard,Eskisehir,703,4.08,264.94,None
3514,2026-07-31 09:45:00,2026-08-03 09:45:00,2026-08-05 04:30:24.196226,Delivered,5,2,Standard,Antalya,735,8.16,296.01,Carrier Capacity
3515,2026-07-31 12:45:00,2026-08-01 18:45:00,2026-08-01 13:32:31.622001,Delivered,2,2,Next Day,Mersin,25,9.71,130.21,None
3516,2026-07-31 15:30:00,2026-08-03 15:30:00,2026-08-03 13:53:46.334710,Delivered,1,1,Standard,Adana,556,9.74,212.23,None
3517,2026-07-31 07:30:00,2026-08-03 07:30:00,2026-08-02 16:28:24.730514,Delivered,3,1,Standard,Konya,669,5.7,130.58,None
3518,2026-07-31 16:30:00,2026-08-03 16:30:00,2026-08-03 13:23:46.574631,Delivered,3,1,Standard,Konya,259,10.38,209.64,None
3519,2026-07-31 18:15:00,2026-08-03 18:15:00,2026-08-03 03:14:58.358231,Delivered,4,3,Standard,Ankara,305,15.76,192.17,None
3520,2026-07-31 15:45:00,2026-08-03 15:45:00,2026-08-03 03:31:59.219444,Delivered,2,1,Standard,Mersin,584,11.06,284.4,None
3521,2026-07-31 16:45:00,2026-08-03 16:45:00,2026-08-03 04:49:39.732658,Delivered,1,4,Standard,Izmir,235,8.59,251.93,None
