event_id,shipment_id,event_type,event_at,hub_id
1,1,Created,2026-01-01 15:15:00,6
2,1,Dispatched,2026-01-01 18:11:27.579989,6
3,1,Delivered,2026-01-02 11:40:13.069197,6
4,2,Created,2026-01-01 14:00:00,1
5,2,Dispatched,2026-01-01 16:34:56.831700,1
6,2,Delivered,2026-01-01 16:15:20.816370,1
7,3,Created,2026-01-01 11:45:00,3
8,3,Dispatched,2026-01-01 15:21:23.542129,3
9,3,Delivered,2026-01-02 00:50:18.146479,3
10,4,Created,2026-01-01 17:15:00,5
11,4,Dispatched,2026-01-01 20:09:02.729485,5
12,4,Delivered,2026-01-04 04:58:18.747424,5
13,5,Created,2026-01-01 12:45:00,1
14,5,Dispatched,2026-01-01 19:12:24.532246,1
15,5,Delivered,2026-01-02 02:06:58.075737,1
16,6,Created,2026-01-01 07:45:00,4
17,6,Dispatched,2026-01-01 12:41:00.284061,4
18,6,Delivered,2026-01-05 17:45:50.979128,4
19,7,Created,2026-01-01 08:45:00,6
20,7,Dispatched,2026-01-01 12:48:23.026866,6
21,7,Delivered,2026-01-03 20:25:13.105270,6
22,8,Created,2026-01-01 08:15:00,1
23,8,Dispatched,2026-01-01 12:56:12.019064,1
24,8,Delivered,2026-01-01 20:52:20.637165,1
25,9,Created,2026-01-01 16:00:00,1
26,9,Dispatched,2026-01-01 22:21:00.993685,1
27,9,Delivered,2026-01-03 23:44:29.842573,1
28,10,Created,2026-01-01 12:30:00,1
29,10,Dispatched,2026-01-01 18:02:35.631261,1
30,10,Delivered,2026-01-02 11:07:16.703307,1
31,11,Created,2026-01-01 15:00:00,2
32,11,Dispatched,2026-01-01 17:55:17.506141,2
33,11,Delivered,2026-01-03 22:32:27.951994,2
34,12,Created,2026-01-01 16:30:00,6
35,12,Dispatched,2026-01-01 21:59:14.519464,6
36,12,Delivered,2026-01-05 18:29:54.648376,6
37,13,Created,2026-01-01 14:15:00,4
38,13,Dispatched,2026-01-01 19:50:58.385663,4
39,13,Delivered,2026-01-04 08:28:04.259892,4
40,14,Created,2026-01-01 15:15:00,4
41,14,Dispatched,2026-01-01 17:12:16.155469,4
42,14,Delivered,2026-01-03 09:00:50.759782,4
43,15,Created,2026-01-01 13:30:00,1
44,15,Dispatched,2026-01-01 18:12:11.439193,1
45,15,Delivered,2026-01-04 12:58:55.826070,1
46,16,Created,2026-01-01 11:30:00,3
47,16,Dispatched,2026-01-01 17:26:41.952236,3
48,16,Delivery Failed,2026-01-02 08:27:22.305177,3
49,17,Created,2026-01-02 18:45:00,3
50,17,Dispatched,2026-01-02 23:06:06.191320,3
51,17,Delivered,2026-01-06 00:44:19.124602,3
52,18,Created,2026-01-02 16:15:00,4
53,18,Dispatched,2026-01-02 18:40:13.920562,4
54,18,Delivered,2026-01-05 02:26:55.665223,4
55,19,Created,2026-01-02 13:45:00,3
56,19,Dispatched,2026-01-02 20:22:50.358196,3
57,19,Delivered,2026-01-04 23:46:29.233906,3
58,20,Created,2026-01-02 16:15:00,3
59,20,Dispatched,2026-01-02 22:17:07.358192,3
60,20,Delivered,2026-01-05 21:58:20.250915,3
61,21,Created,2026-01-02 09:15:00,1
62,21,Dispatched,2026-01-02 12:13:24.936148,1
63,21,Delivered,2026-01-02 01:35:58.782165,1
64,22,Created,2026-01-02 10:45:00,2
65,22,Dispatched,2026-01-02 17:03:34.037881,2
66,22,Delivered,2026-01-05 09:44:25.744618,2
67,23,Created,2026-01-02 18:00:00,1
68,23,Dispatched,2026-01-02 22:29:58.285282,1
69,23,Delivery Failed,2026-01-05 10:34:23.714127,1
70,24,Created,2026-01-02 14:15:00,1
71,24,Dispatched,2026-01-02 16:27:43.979397,1
72,24,Delivered,2026-01-03 06:44:31.469775,1
73,25,Created,2026-01-02 13:45:00,6
74,25,Dispatched,2026-01-02 18:43:44.628520,6
75,25,Delivered,2026-01-05 01:45:00.520522,6
76,26,Created,2026-01-02 11:45:00,3
77,26,Dispatched,2026-01-02 13:57:56.799761,3
78,26,Delivered,2026-01-03 12:08:08.289712,3
79,27,Created,2026-01-02 09:30:00,4
80,27,Dispatched,2026-01-02 14:08:47.116705,4
81,27,Delivered,2026-01-07 03:43:27.622930,4
82,28,Created,2026-01-02 14:30:00,4
83,28,Dispatched,2026-01-02 19:15:26.898341,4
84,28,Delivered,2026-01-06 05:24:20.999359,4
85,29,Created,2026-01-02 10:30:00,1
86,29,Dispatched,2026-01-02 12:10:24.374842,1
87,29,Delivered,2026-01-05 09:29:24.364478,1
88,30,Created,2026-01-02 14:00:00,5
89,30,Dispatched,2026-01-02 15:47:25.039201,5
90,30,Delivered,2026-01-05 10:05:46.008031,5
91,31,Created,2026-01-02 15:00:00,5
92,31,Dispatched,2026-01-02 16:03:59.305381,5
93,31,Delivered,2026-01-05 05:26:00.419638,5
94,32,Created,2026-01-02 10:00:00,4
95,32,Dispatched,2026-01-02 15:45:56.287722,4
96,32,Delivered,2026-01-02 22:33:49.976431,4
97,33,Created,2026-01-02 09:00:00,4
98,33,Dispatched,2026-01-02 10:15:52.145881,4
99,33,Delivered,2026-01-06 09:11:59.341515,4
100,34,Created,2026-01-02 12:45:00,3
101,34,Dispatched,2026-01-02 19:40:44.884818,3
102,34,Delivered,2026-01-05 11:06:56.772060,3
103,35,Created,2026-01-02 14:30:00,1
104,35,Dispatched,2026-01-02 18:29:04.624804,1
105,35,Delivered,2026-01-04 00:49:14.389929,1
106,36,Created,2026-01-02 13:15:00,6
107,36,Dispatched,2026-01-02 15:29:23.285408,6
108,36,Delivered,2026-01-04 22:03:44.281255,6
109,37,Created,2026-01-02 16:30:00,3
110,37,Dispatched,2026-01-02 19:09:51.647366,3
111,37,Delivered,2026-01-02 17:18:28.806440,3
112,38,Created,2026-01-02 08:00:00,5
113,38,Dispatched,2026-01-02 12:47:00.510417,5
114,38,Delivered,2026-01-05 04:26:57.588438,5
115,39,Created,2026-01-02 10:45:00,1
116,39,Dispatched,2026-01-02 14:07:19.162511,1
117,39,Delivered,2026-01-05 02:29:38.619296,1
118,40,Created,2026-01-02 16:00:00,1
119,40,Dispatched,2026-01-02 21:31:07.437531,1
120,40,Delivered,2026-01-03 09:05:36.495342,1
121,41,Created,2026-01-03 16:15:00,4
122,41,Dispatched,2026-01-03 21:09:48.520928,4
123,41,Delivered,2026-01-06 00:21:11.553053,4
124,42,Created,2026-01-03 14:45:00,6
125,42,Dispatched,2026-01-03 15:52:16.538394,6
126,42,Delivered,2026-01-07 23:03:56.219383,6
127,43,Created,2026-01-03 10:45:00,1
128,43,Dispatched,2026-01-03 12:21:09.114339,1
129,43,Delivered,2026-01-05 13:51:13.700306,1
130,44,Created,2026-01-03 15:30:00,1
131,44,Dispatched,2026-01-03 19:52:46.435898,1
132,44,Delivered,2026-01-06 12:49:44.414000,1
133,45,Created,2026-01-03 10:45:00,4
134,45,Dispatched,2026-01-03 16:59:10.540619,4
135,45,Delivered,2026-01-05 05:58:07.930035,4
136,46,Created,2026-01-03 09:15:00,2
137,46,Dispatched,2026-01-03 11:25:57.150546,2
138,46,Delivered,2026-01-05 22:47:54.779213,2
139,47,Created,2026-01-03 12:45:00,1
140,47,Dispatched,2026-01-03 17:09:16.100772,1
141,47,Delivered,2026-01-05 23:29:19.090446,1
142,48,Created,2026-01-03 14:15:00,2
143,48,Dispatched,2026-01-03 20:58:09.044131,2
144,48,Delivered,2026-01-08 02:40:52.801642,2
145,49,Created,2026-01-03 08:15:00,4
146,49,Dispatched,2026-01-03 14:25:25.119662,4
147,49,Delivered,2026-01-06 01:09:53.234919,4
148,50,Created,2026-01-03 08:00:00,4
149,50,Dispatched,2026-01-03 09:40:14.917897,4
150,50,Delivered,2026-01-06 18:06:09.901306,4
151,51,Created,2026-01-03 11:00:00,4
152,51,Dispatched,2026-01-03 13:17:58.686098,4
153,51,Delivered,2026-01-07 22:27:20.748498,4
154,52,Created,2026-01-03 12:00:00,5
155,52,Dispatched,2026-01-03 13:47:31.139260,5
156,52,Delivered,2026-01-06 02:29:12.302173,5
157,53,Created,2026-01-03 08:00:00,1
158,53,Dispatched,2026-01-03 09:32:35.238009,1
159,53,Delivered,2026-01-05 17:22:19.985611,1
160,54,Created,2026-01-03 14:15:00,1
161,54,Dispatched,2026-01-03 17:46:57.513512,1
162,54,Delivered,2026-01-04 15:53:32.160998,1
163,55,Created,2026-01-03 07:30:00,1
164,55,Dispatched,2026-01-03 12:40:55.378238,1
165,55,Delivered,2026-01-04 01:28:30.513197,1
166,56,Created,2026-01-04 07:30:00,3
167,56,Dispatched,2026-01-04 11:40:49.503232,3
168,56,Delivered,2026-01-06 02:09:41.142079,3
169,57,Created,2026-01-04 10:45:00,1
170,57,Dispatched,2026-01-04 16:04:32.299751,1
171,57,Delivered,2026-01-08 13:58:44.385708,1
172,58,Created,2026-01-04 16:00:00,4
173,58,Dispatched,2026-01-04 17:29:57.239943,4
174,58,Delivered,2026-01-06 16:54:48.413412,4
175,59,Created,2026-01-04 17:45:00,1
176,59,Dispatched,2026-01-04 20:00:47.818868,1
177,59,Delivered,2026-01-05 21:30:53.929346,1
178,60,Created,2026-01-04 15:45:00,5
179,60,Dispatched,2026-01-04 16:59:47.908445,5
180,60,Delivered,2026-01-08 14:49:39.554789,5
181,61,Created,2026-01-04 14:30:00,3
182,61,Dispatched,2026-01-04 20:02:33.569437,3
183,61,Delivered,2026-01-07 09:17:36.229716,3
184,62,Created,2026-01-04 09:30:00,1
185,62,Dispatched,2026-01-04 16:23:45.006414,1
186,62,Delivered,2026-01-06 21:48:22.788167,1
187,63,Created,2026-01-04 15:15:00,1
188,63,Dispatched,2026-01-04 17:18:37.454839,1
189,63,Delivered,2026-01-06 22:59:45.624462,1
190,64,Created,2026-01-04 10:15:00,6
191,64,Dispatched,2026-01-04 17:00:13.415906,6
192,64,Delivered,2026-01-05 13:57:42.018204,6
193,65,Created,2026-01-04 09:45:00,6
194,65,Dispatched,2026-01-04 14:41:46.467114,6
195,65,Delivered,2026-01-07 05:43:57.731814,6
196,66,Created,2026-01-04 15:45:00,6
197,66,Dispatched,2026-01-04 18:36:57.368379,6
198,66,Delivered,2026-01-05 13:17:12.153226,6
199,67,Created,2026-01-04 11:15:00,1
200,67,Dispatched,2026-01-04 13:07:51.961779,1
201,67,Delivered,2026-01-07 00:02:02.899187,1
202,68,Created,2026-01-05 15:30:00,4
203,68,Dispatched,2026-01-05 21:05:54.885812,4
204,68,Delivered,2026-01-10 01:12:47.123544,4
205,69,Created,2026-01-05 18:00:00,1
206,69,Dispatched,2026-01-05 21:10:45.116536,1
207,69,Delivered,2026-01-06 08:35:48.855357,1
208,70,Created,2026-01-05 13:30:00,2
209,70,Dispatched,2026-01-05 15:51:53.868216,2
210,70,Delivered,2026-01-07 19:59:01.837628,2
211,71,Created,2026-01-05 18:45:00,4
212,71,Dispatched,2026-01-05 23:47:32.398081,4
213,71,Delivered,2026-01-08 07:29:43.804445,4
214,72,Created,2026-01-05 14:45:00,3
215,72,Dispatched,2026-01-05 20:31:11.169615,3
216,72,Delivered,2026-01-07 21:12:23.487882,3
217,73,Created,2026-01-05 15:30:00,1
218,73,Dispatched,2026-01-05 20:04:41.995882,1
219,73,Delivered,2026-01-08 00:57:00.377637,1
220,74,Created,2026-01-05 11:15:00,1
221,74,Dispatched,2026-01-05 15:18:06.228130,1
222,74,Delivered,2026-01-08 16:57:39.919695,1
223,75,Created,2026-01-05 10:30:00,4
224,75,Dispatched,2026-01-05 16:04:46.671863,4
225,75,Delivered,2026-01-07 18:15:06.381889,4
226,76,Created,2026-01-05 17:15:00,6
227,76,Dispatched,2026-01-05 20:24:48.678612,6
228,76,Delivered,2026-01-10 04:03:30.688304,6
229,77,Created,2026-01-05 07:30:00,4
230,77,Dispatched,2026-01-05 12:33:55.609178,4
231,77,Delivered,2026-01-08 01:19:39.705159,4
232,78,Created,2026-01-05 17:45:00,1
233,78,Dispatched,2026-01-05 20:10:57.472304,1
234,78,Delivered,2026-01-06 06:42:49.339911,1
235,79,Created,2026-01-05 18:45:00,4
236,79,Dispatched,2026-01-05 22:45:05.939293,4
237,79,Delivered,2026-01-08 02:13:05.998267,4
238,80,Created,2026-01-05 11:30:00,1
239,80,Dispatched,2026-01-05 13:59:35.930728,1
240,80,Delivered,2026-01-10 14:06:21.371540,1
241,81,Created,2026-01-05 12:30:00,3
242,81,Dispatched,2026-01-05 16:12:21.631786,3
243,81,Delivered,2026-01-07 20:36:59.735346,3
244,82,Created,2026-01-05 10:00:00,3
245,82,Dispatched,2026-01-05 12:55:08.068598,3
246,82,Delivered,2026-01-06 06:57:16.198410,3
247,83,Created,2026-01-05 08:30:00,4
248,83,Dispatched,2026-01-05 14:30:50.198457,4
249,83,Delivered,2026-01-08 06:49:16.982214,4
250,84,Created,2026-01-05 13:30:00,4
251,84,Dispatched,2026-01-05 19:44:55.438628,4
252,84,Delivered,2026-01-08 08:42:29.243646,4
253,85,Created,2026-01-05 08:30:00,4
254,85,Dispatched,2026-01-05 13:52:32.851637,4
255,85,Delivered,2026-01-07 20:47:44.790103,4
256,86,Created,2026-01-05 08:30:00,5
257,86,Dispatched,2026-01-05 13:03:07.454029,5
258,86,Delivered,2026-01-07 10:26:50.747162,5
259,87,Created,2026-01-05 17:30:00,4
260,87,Dispatched,2026-01-05 19:19:26.410179,4
261,87,Delivered,2026-01-09 15:13:03.830113,4
262,88,Created,2026-01-05 17:45:00,4
263,88,Dispatched,2026-01-05 23:57:53.230864,4
264,88,Delivered,2026-01-05 18:25:34.282543,4
265,89,Created,2026-01-05 11:30:00,1
266,89,Dispatched,2026-01-05 13:47:43.753537,1
267,89,Delivered,2026-01-08 20:33:15.276805,1
268,90,Created,2026-01-06 08:00:00,1
269,90,Dispatched,2026-01-06 10:44:48.606925,1
270,90,Delivered,2026-01-09 00:48:25.963082,1
271,91,Created,2026-01-06 15:15:00,1
272,91,Dispatched,2026-01-06 19:52:47.280703,1
273,91,Delivered,2026-01-09 07:37:04.079462,1
274,92,Created,2026-01-06 12:15:00,3
275,92,Dispatched,2026-01-06 18:38:56.950077,3
276,92,Delivered,2026-01-07 15:13:06.655626,3
277,93,Created,2026-01-06 12:30:00,1
278,93,Dispatched,2026-01-06 19:01:10.333003,1
279,93,Delivered,2026-01-09 01:36:28.525163,1
280,94,Created,2026-01-06 16:00:00,4
281,94,Dispatched,2026-01-06 17:53:10.885768,4
282,94,Delivered,2026-01-11 09:35:29.451817,4
283,95,Created,2026-01-06 16:30:00,1
284,95,Dispatched,2026-01-06 23:23:36.920464,1
285,95,Delivered,2026-01-09 10:48:22.871063,1
286,96,Created,2026-01-06 08:15:00,5
287,96,Dispatched,2026-01-06 13:56:12.871873,5
288,96,Delivered,2026-01-09 04:52:11.556603,5
289,97,Created,2026-01-06 14:15:00,1
290,97,Dispatched,2026-01-06 17:25:34.390522,1
291,97,Delivered,2026-01-06 08:49:08.456978,1
292,98,Created,2026-01-06 09:00:00,2
293,98,Dispatched,2026-01-06 10:50:23.823062,2
294,98,Delivered,2026-01-08 15:45:56.945431,2
295,99,Created,2026-01-06 17:15:00,6
296,99,Dispatched,2026-01-06 23:20:34.498859,6
297,99,Delivered,2026-01-09 13:56:35.766216,6
298,100,Created,2026-01-06 11:45:00,1
299,100,Dispatched,2026-01-06 16:41:09.654712,1
300,100,Delivered,2026-01-08 23:05:27.654141,1
301,101,Created,2026-01-07 15:15:00,1
302,101,Dispatched,2026-01-07 16:39:57.545087,1
303,101,Delivered,2026-01-09 22:09:18.286434,1
304,102,Created,2026-01-07 15:45:00,1
305,102,Dispatched,2026-01-07 21:09:28.257042,1
306,102,Delivered,2026-01-10 01:42:09.732610,1
307,103,Created,2026-01-07 11:00:00,2
308,103,Dispatched,2026-01-07 15:43:31.285384,2
309,103,Delivered,2026-01-12 02:49:23.763488,2
310,104,Created,2026-01-07 16:00:00,3
311,104,Dispatched,2026-01-07 19:00:09.357522,3
312,104,Delivered,2026-01-11 22:45:19.922073,3
313,105,Created,2026-01-07 18:45:00,1
314,105,Dispatched,2026-01-08 00:54:48.378652,1
315,105,Delivered,2026-01-10 14:56:45.321629,1
316,106,Created,2026-01-07 17:30:00,1
317,106,Dispatched,2026-01-07 20:33:28.573781,1
318,106,Delivered,2026-01-10 12:44:58.170729,1
319,107,Created,2026-01-07 15:15:00,1
320,107,Dispatched,2026-01-07 17:24:12.194924,1
321,107,Delivered,2026-01-08 05:16:17.888188,1
322,108,Created,2026-01-07 09:15:00,1
323,108,Dispatched,2026-01-07 11:53:43.713093,1
324,108,Delivery Failed,2026-01-10 05:50:50.209558,1
325,109,Created,2026-01-07 18:00:00,5
326,109,Dispatched,2026-01-07 22:26:33.492305,5
327,109,Delivered,2026-01-10 16:22:26.943762,5
328,110,Created,2026-01-07 12:45:00,4
329,110,Dispatched,2026-01-07 16:04:43.878293,4
330,110,Delivered,2026-01-09 17:17:54.088247,4
331,111,Created,2026-01-07 17:45:00,1
332,111,Dispatched,2026-01-08 00:22:28.499391,1
333,111,Delivered,2026-01-08 16:06:17.848854,1
334,112,Created,2026-01-07 17:15:00,5
335,112,Dispatched,2026-01-07 20:19:20.967204,5
336,112,Delivered,2026-01-10 21:04:28.908424,5
337,113,Created,2026-01-07 07:00:00,3
338,113,Dispatched,2026-01-07 09:53:52.289552,3
339,113,Delivered,2026-01-10 15:29:54.491981,3
340,114,Created,2026-01-07 16:00:00,1
341,114,Dispatched,2026-01-07 18:15:20.138541,1
342,114,Delivered,2026-01-10 08:21:36.672476,1
343,115,Created,2026-01-07 16:30:00,1
344,115,Dispatched,2026-01-07 21:45:40.375080,1
345,115,Delivered,2026-01-07 15:09:55.999694,1
346,116,Created,2026-01-07 13:45:00,3
347,116,Dispatched,2026-01-07 14:53:23.732707,3
348,116,Delivered,2026-01-08 01:51:04.740353,3
349,117,Created,2026-01-07 16:15:00,2
350,117,Dispatched,2026-01-07 18:33:40.904559,2
351,117,Delivered,2026-01-08 14:00:55.485073,2
352,118,Created,2026-01-07 12:15:00,5
353,118,Dispatched,2026-01-07 18:57:57.765783,5
354,118,Delivered,2026-01-08 15:48:42.707573,5
355,119,Created,2026-01-08 13:45:00,6
356,119,Dispatched,2026-01-08 18:49:18.881834,6
357,119,Delivered,2026-01-11 06:49:07.680113,6
358,120,Created,2026-01-08 16:15:00,4
359,120,Dispatched,2026-01-08 17:55:30.436301,4
360,120,Delivered,2026-01-11 03:39:43.164944,4
361,121,Created,2026-01-08 08:45:00,5
362,121,Dispatched,2026-01-08 14:18:09.706277,5
363,121,Delivered,2026-01-09 06:38:08.512979,5
364,122,Created,2026-01-08 13:30:00,1
365,122,Dispatched,2026-01-08 18:16:17.980702,1
366,122,Delivered,2026-01-11 00:26:05.800161,1
367,123,Created,2026-01-08 12:00:00,1
368,123,Dispatched,2026-01-08 15:35:49.815299,1
369,123,Delivered,2026-01-10 19:04:18.918236,1
370,124,Created,2026-01-08 17:00:00,6
371,124,Dispatched,2026-01-08 23:07:00.184178,6
372,124,Delivered,2026-01-09 21:11:41.845493,6
373,125,Created,2026-01-08 10:45:00,1
374,125,Dispatched,2026-01-08 12:54:55.031649,1
375,125,Delivered,2026-01-09 01:55:17.063846,1
376,126,Created,2026-01-08 13:45:00,3
377,126,Dispatched,2026-01-08 19:46:53.734323,3
378,126,Delivered,2026-01-09 05:58:28.357012,3
379,127,Created,2026-01-08 17:00:00,2
380,127,Dispatched,2026-01-08 18:40:11.377685,2
381,127,Delivered,2026-01-11 00:51:21.909851,2
382,128,Created,2026-01-08 13:30:00,1
383,128,Dispatched,2026-01-08 17:39:43.813766,1
384,128,Delivered,2026-01-10 21:54:21.509824,1
385,129,Created,2026-01-08 12:00:00,4
386,129,Dispatched,2026-01-08 14:07:10.882009,4
387,129,Delivered,2026-01-09 08:36:12.611389,4
388,130,Created,2026-01-09 15:15:00,1
389,130,Dispatched,2026-01-09 18:58:14.970682,1
390,130,Delivered,2026-01-10 03:40:45.349069,1
391,131,Created,2026-01-09 13:45:00,4
392,131,Dispatched,2026-01-09 17:31:44.598706,4
393,131,Delivered,2026-01-12 05:08:28.432905,4
394,132,Created,2026-01-09 12:30:00,3
395,132,Dispatched,2026-01-09 14:14:35.102083,3
396,132,Delivered,2026-01-11 22:09:49.273484,3
397,133,Created,2026-01-09 09:00:00,3
398,133,Dispatched,2026-01-09 10:29:11.384083,3
399,133,Delivered,2026-01-10 09:37:45.770921,3
400,134,Created,2026-01-09 11:15:00,4
401,134,Dispatched,2026-01-09 14:20:04.126258,4
402,134,Delivered,2026-01-12 11:24:34.188511,4
403,135,Created,2026-01-09 14:15:00,6
404,135,Dispatched,2026-01-09 16:34:06.408862,6
405,135,Delivered,2026-01-11 22:34:06.775079,6
406,136,Created,2026-01-09 18:30:00,5
407,136,Dispatched,2026-01-09 22:50:54.028123,5
408,136,Delivered,2026-01-10 09:01:47.368927,5
409,137,Created,2026-01-09 09:15:00,4
410,137,Dispatched,2026-01-09 14:16:27.217298,4
411,137,Delivered,2026-01-09 10:19:59.128136,4
412,138,Created,2026-01-09 11:15:00,3
413,138,Dispatched,2026-01-09 12:24:56.285154,3
414,138,Delivered,2026-01-12 08:01:04.483864,3
415,139,Created,2026-01-09 16:30:00,1
416,139,Dispatched,2026-01-09 18:53:46.404352,1
417,139,Delivered,2026-01-10 07:49:46.169377,1
418,140,Created,2026-01-09 15:15:00,1
419,140,Dispatched,2026-01-09 22:09:48.419100,1
420,140,Delivered,2026-01-12 01:11:22.384274,1
421,141,Created,2026-01-09 10:15:00,3
422,141,Dispatched,2026-01-09 16:40:05.617223,3
423,141,Delivered,2026-01-10 07:18:03.460730,3
424,142,Created,2026-01-09 18:15:00,2
425,142,Dispatched,2026-01-09 20:34:05.074099,2
426,142,Delivered,2026-01-10 02:40:46.210210,2
427,143,Created,2026-01-09 11:15:00,4
428,143,Dispatched,2026-01-09 14:25:05.396758,4
429,143,Delivered,2026-01-13 02:28:57.726135,4
430,144,Created,2026-01-09 12:45:00,6
431,144,Dispatched,2026-01-09 17:28:22.714589,6
432,144,Delivered,2026-01-09 04:51:38.176829,6
433,145,Created,2026-01-09 17:45:00,1
434,145,Dispatched,2026-01-09 21:07:12.102560,1
435,145,Delivered,2026-01-09 15:53:23.177688,1
436,146,Created,2026-01-09 12:00:00,6
437,146,Dispatched,2026-01-09 14:20:34.160745,6
438,146,Delivered,2026-01-14 04:51:29.933271,6
439,147,Created,2026-01-09 08:45:00,1
440,147,Dispatched,2026-01-09 12:28:35.564792,1
441,147,Delivered,2026-01-10 23:41:55.962835,1
442,148,Created,2026-01-10 18:30:00,6
443,148,Dispatched,2026-01-10 19:56:26.125493,6
444,148,Delivered,2026-01-13 17:11:55.150309,6
445,149,Created,2026-01-10 18:00:00,1
446,149,Dispatched,2026-01-10 22:13:46.776520,1
447,149,Delivered,2026-01-13 03:04:31.637358,1
448,150,Created,2026-01-10 13:15:00,1
449,150,Dispatched,2026-01-10 14:26:44.529448,1
450,150,Delivered,2026-01-13 10:23:12.118649,1
451,151,Created,2026-01-10 16:45:00,2
452,151,Dispatched,2026-01-10 23:16:13.849872,2
453,151,Delivered,2026-01-11 19:31:40.916194,2
454,152,Created,2026-01-10 15:00:00,2
455,152,Dispatched,2026-01-10 16:31:07.162907,2
456,152,Delivered,2026-01-13 10:21:39.267826,2
457,153,Created,2026-01-10 08:00:00,5
458,153,Dispatched,2026-01-10 14:07:59.575824,5
459,153,Delivered,2026-01-13 21:38:55.337213,5
460,154,Created,2026-01-10 07:45:00,6
461,154,Dispatched,2026-01-10 14:19:33.515106,6
462,154,Delivered,2026-01-12 17:35:05.600134,6
463,155,Created,2026-01-10 12:45:00,2
464,155,Dispatched,2026-01-10 17:31:36.774820,2
465,155,Delivered,2026-01-12 19:03:02.625602,2
466,156,Created,2026-01-10 10:30:00,2
467,156,Dispatched,2026-01-10 15:51:13.854939,2
468,156,Delivered,2026-01-14 15:03:59.421651,2
469,157,Created,2026-01-10 14:30:00,1
470,157,Dispatched,2026-01-10 18:41:47.900224,1
471,157,Delivered,2026-01-13 11:43:17.483480,1
472,158,Created,2026-01-10 15:30:00,3
473,158,Dispatched,2026-01-10 18:48:29.378519,3
474,158,Delivered,2026-01-12 22:54:48.546692,3
475,159,Created,2026-01-10 12:45:00,1
476,159,Dispatched,2026-01-10 16:27:01.120538,1
477,159,Delivered,2026-01-12 23:31:16.895091,1
478,160,Created,2026-01-10 16:45:00,3
479,160,Dispatched,2026-01-10 23:25:05.501045,3
480,160,Delivered,2026-01-13 01:32:07.505179,3
481,161,Created,2026-01-10 16:45:00,1
482,161,Dispatched,2026-01-10 23:22:07.587927,1
483,161,Delivered,2026-01-11 15:19:01.413546,1
484,162,Created,2026-01-10 09:45:00,4
485,162,Dispatched,2026-01-10 16:06:17.955742,4
486,162,Delivered,2026-01-11 07:00:49.049679,4
487,163,Created,2026-01-10 13:00:00,1
488,163,Dispatched,2026-01-10 15:08:20.850502,1
489,163,Delivered,2026-01-10 19:48:16.153866,1
490,164,Created,2026-01-11 11:15:00,1
491,164,Dispatched,2026-01-11 14:11:46.070568,1
492,164,Delivered,2026-01-11 11:49:33.981339,1
493,165,Created,2026-01-11 12:45:00,5
494,165,Dispatched,2026-01-11 18:53:21.301768,5
495,165,Delivery Failed,2026-01-12 14:18:29.145629,5
496,166,Created,2026-01-11 13:15:00,4
497,166,Dispatched,2026-01-11 14:20:32.168714,4
498,166,Delivered,2026-01-13 21:01:31.618611,4
499,167,Created,2026-01-11 12:15:00,1
500,167,Dispatched,2026-01-11 13:52:47.948636,1
501,167,Delivered,2026-01-11 10:01:49.087109,1
502,168,Created,2026-01-11 11:30:00,1
503,168,Dispatched,2026-01-11 17:53:16.238036,1
504,168,Delivered,2026-01-12 09:45:05.243597,1
505,169,Created,2026-01-11 15:15:00,2
506,169,Dispatched,2026-01-11 20:48:58.614513,2
507,169,Delivered,2026-01-14 06:11:51.238694,2
508,170,Created,2026-01-11 16:00:00,4
509,170,Dispatched,2026-01-11 19:32:13.138173,4
510,170,Delivered,2026-01-12 12:43:17.436015,4
511,171,Created,2026-01-11 07:30:00,1
512,171,Dispatched,2026-01-11 09:38:40.855081,1
513,171,Delivered,2026-01-11 22:03:27.337857,1
514,172,Created,2026-01-11 12:45:00,4
515,172,Dispatched,2026-01-11 18:13:58.264868,4
516,172,Delivered,2026-01-14 21:02:23.971453,4
517,173,Created,2026-01-11 10:00:00,2
518,173,Dispatched,2026-01-11 13:36:09.468385,2
519,173,Delivered,2026-01-15 11:01:00.383323,2
520,174,Created,2026-01-11 14:00:00,6
521,174,Dispatched,2026-01-11 15:46:29.657335,6
522,174,Delivered,2026-01-13 05:05:59.814303,6
523,175,Created,2026-01-11 12:30:00,5
524,175,Dispatched,2026-01-11 15:30:00.037631,5
525,175,Delivered,2026-01-13 21:47:45.480681,5
526,176,Created,2026-01-11 12:15:00,2
527,176,Dispatched,2026-01-11 17:40:29.429385,2
528,176,Delivered,2026-01-13 18:37:51.112112,2
529,177,Created,2026-01-11 13:30:00,4
530,177,Dispatched,2026-01-11 19:00:40.517664,4
531,177,Delivered,2026-01-14 10:12:06.014055,4
532,178,Created,2026-01-11 16:15:00,6
533,178,Dispatched,2026-01-11 21:10:57.391965,6
534,178,Delivered,2026-01-14 05:52:40.189246,6
535,179,Created,2026-01-11 18:15:00,2
536,179,Dispatched,2026-01-11 21:02:52.496583,2
537,179,Delivered,2026-01-11 19:34:00.799935,2
538,180,Created,2026-01-11 10:45:00,1
539,180,Dispatched,2026-01-11 17:09:32.435340,1
540,180,Delivered,2026-01-13 17:04:47.248626,1
541,181,Created,2026-01-11 14:30:00,2
542,181,Dispatched,2026-01-11 16:55:11.254985,2
543,181,Delivered,2026-01-14 01:45:12.091510,2
544,182,Created,2026-01-11 12:15:00,6
545,182,Dispatched,2026-01-11 16:41:03.998354,6
546,182,Delivered,2026-01-14 01:22:03.891663,6
547,183,Created,2026-01-12 11:15:00,1
548,183,Dispatched,2026-01-12 16:02:23.707940,1
549,183,Delivered,2026-01-15 09:38:17.907605,1
550,184,Created,2026-01-12 12:15:00,3
551,184,Dispatched,2026-01-12 15:28:21.627960,3
552,184,Delivered,2026-01-15 05:03:52.863056,3
553,185,Created,2026-01-12 17:00:00,5
554,185,Dispatched,2026-01-12 21:06:28.615809,5
555,185,Delivered,2026-01-15 15:52:09.476201,5
556,186,Created,2026-01-12 15:00:00,2
557,186,Dispatched,2026-01-12 18:11:30.338966,2
558,186,Delivered,2026-01-15 09:39:26.785949,2
559,187,Created,2026-01-12 17:45:00,1
560,187,Dispatched,2026-01-12 21:53:25.543151,1
561,187,Delivered,2026-01-13 12:45:45.717905,1
562,188,Created,2026-01-12 07:00:00,3
563,188,Dispatched,2026-01-12 11:27:46.228875,3
564,188,Delivered,2026-01-13 11:21:26.821285,3
565,189,Created,2026-01-12 08:30:00,5
566,189,Dispatched,2026-01-12 15:28:49.567321,5
567,189,Delivered,2026-01-12 03:57:26.198639,5
568,190,Created,2026-01-12 12:00:00,2
569,190,Dispatched,2026-01-12 15:27:51.800601,2
570,190,Delivered,2026-01-15 10:30:56.071521,2
571,191,Created,2026-01-12 14:15:00,1
572,191,Dispatched,2026-01-12 21:06:59.620615,1
573,191,Delivered,2026-01-15 11:50:38.114317,1
574,192,Created,2026-01-12 17:30:00,5
575,192,Dispatched,2026-01-12 21:48:07.822208,5
576,192,Delivered,2026-01-15 16:25:59.831442,5
577,193,Created,2026-01-12 15:15:00,4
578,193,Dispatched,2026-01-12 21:38:58.194983,4
579,193,Delivered,2026-01-16 19:54:37.450020,4
580,194,Created,2026-01-12 08:00:00,1
581,194,Dispatched,2026-01-12 14:23:41.531316,1
582,194,Delivered,2026-01-12 23:21:37.414974,1
583,195,Created,2026-01-12 12:00:00,1
584,195,Dispatched,2026-01-12 15:34:05.132845,1
585,195,Delivered,2026-01-15 08:02:22.704057,1
586,196,Created,2026-01-12 07:45:00,4
587,196,Dispatched,2026-01-12 12:43:25.531788,4
588,196,Delivered,2026-01-16 20:47:19.300457,4
589,197,Created,2026-01-12 12:45:00,3
590,197,Dispatched,2026-01-12 14:18:31.715598,3
591,197,Delivered,2026-01-13 13:32:07.013575,3
592,198,Created,2026-01-12 11:00:00,1
593,198,Dispatched,2026-01-12 15:58:45.690339,1
594,198,Delivered,2026-01-12 19:53:23.714591,1
595,199,Created,2026-01-13 07:45:00,5
596,199,Dispatched,2026-01-13 12:35:26.240197,5
597,199,Delivery Failed,2026-01-14 11:54:43.733006,5
598,200,Created,2026-01-13 15:00:00,2
599,200,Dispatched,2026-01-13 21:56:56.770506,2
600,200,Delivered,2026-01-16 12:27:21.561774,2
601,201,Created,2026-01-13 17:30:00,2
602,201,Dispatched,2026-01-13 21:03:25.090232,2
603,201,Delivery Failed,2026-01-16 08:02:04.973224,2
604,202,Created,2026-01-13 08:15:00,1
605,202,Dispatched,2026-01-13 14:07:17.508898,1
606,202,Delivered,2026-01-13 02:44:02.760153,1
607,203,Created,2026-01-13 11:45:00,6
608,203,Dispatched,2026-01-13 16:37:37.317734,6
609,203,Delivered,2026-01-13 10:11:39.161527,6
610,204,Created,2026-01-13 12:15:00,6
611,204,Dispatched,2026-01-13 13:47:49.643934,6
612,204,Delivered,2026-01-14 07:04:39.907110,6
613,205,Created,2026-01-13 18:00:00,3
614,205,Dispatched,2026-01-13 19:45:43.518987,3
615,205,Delivered,2026-01-16 18:40:14.224879,3
616,206,Created,2026-01-13 12:00:00,1
617,206,Dispatched,2026-01-13 17:40:55.227444,1
618,206,Delivered,2026-01-16 01:22:58.536671,1
619,207,Created,2026-01-13 07:15:00,4
620,207,Dispatched,2026-01-13 10:07:21.003293,4
621,207,Delivered,2026-01-14 04:48:28.126182,4
622,208,Created,2026-01-13 08:30:00,2
623,208,Dispatched,2026-01-13 13:47:10.273921,2
624,208,Delivered,2026-01-14 03:39:19.732447,2
625,209,Created,2026-01-13 08:45:00,1
626,209,Dispatched,2026-01-13 15:30:23.430201,1
627,209,Delivered,2026-01-14 19:49:10.637968,1
628,210,Created,2026-01-14 09:15:00,1
629,210,Dispatched,2026-01-14 10:41:50.297176,1
630,210,Delivered,2026-01-16 15:40:59.783549,1
631,211,Created,2026-01-14 16:30:00,1
632,211,Dispatched,2026-01-14 22:37:03.035349,1
633,211,Delivered,2026-01-17 09:39:21.367927,1
634,212,Created,2026-01-14 14:45:00,3
635,212,Dispatched,2026-01-14 15:52:58.597903,3
636,212,Delivered,2026-01-17 06:56:25.956608,3
637,213,Created,2026-01-14 17:30:00,4
638,213,Dispatched,2026-01-14 18:38:21.619947,4
639,213,Delivered,2026-01-18 21:13:30.341393,4
640,214,Created,2026-01-14 15:15:00,1
641,214,Dispatched,2026-01-14 16:57:03.412797,1
642,214,Delivered,2026-01-17 07:31:43.317770,1
643,215,Created,2026-01-14 11:15:00,6
644,215,Dispatched,2026-01-14 13:05:59.925922,6
645,215,Delivered,2026-01-15 06:21:51.434591,6
646,216,Created,2026-01-14 15:00:00,6
647,216,Dispatched,2026-01-14 17:40:37.752707,6
648,216,Delivered,2026-01-17 09:41:12.276894,6
649,217,Created,2026-01-14 07:00:00,1
650,217,Dispatched,2026-01-14 08:39:21.292766,1
651,217,Delivered,2026-01-15 20:50:03.598968,1
652,218,Created,2026-01-14 18:00:00,2
653,218,Dispatched,2026-01-14 23:43:25.357484,2
654,218,Delivered,2026-01-16 03:44:15.728863,2
655,219,Created,2026-01-14 17:45:00,1
656,219,Dispatched,2026-01-14 22:22:29.097578,1
657,219,Delivered,2026-01-17 05:11:32.207185,1
658,220,Created,2026-01-14 16:30:00,1
659,220,Dispatched,2026-01-14 23:14:55.309228,1
660,220,Delivered,2026-01-14 16:10:57.596659,1
661,221,Created,2026-01-14 17:00:00,5
662,221,Dispatched,2026-01-14 18:24:37.733580,5
663,221,Delivered,2026-01-16 23:36:47.036325,5
664,222,Created,2026-01-14 17:15:00,4
665,222,Dispatched,2026-01-15 00:04:57.878219,4
666,222,Delivered,2026-01-17 10:12:51.847872,4
667,223,Created,2026-01-15 15:15:00,3
668,223,Dispatched,2026-01-15 19:44:27.612790,3
669,223,Delivered,2026-01-18 13:48:01.221924,3
670,224,Created,2026-01-15 18:45:00,1
671,224,Dispatched,2026-01-16 00:03:06.949730,1
672,224,Delivered,2026-01-16 18:57:57.735350,1
673,225,Created,2026-01-15 17:45:00,5
674,225,Dispatched,2026-01-15 21:34:59.001957,5
675,225,Delivered,2026-01-18 02:37:11.514158,5
676,226,Created,2026-01-15 11:15:00,1
677,226,Dispatched,2026-01-15 16:56:22.321099,1
678,226,Delivered,2026-01-16 10:49:53.630811,1
679,227,Created,2026-01-15 12:00:00,2
680,227,Dispatched,2026-01-15 16:04:41.520006,2
681,227,Delivered,2026-01-17 23:38:28.457974,2
682,228,Created,2026-01-15 11:15:00,2
683,228,Dispatched,2026-01-15 15:38:06.347046,2
684,228,Delivered,2026-01-18 07:41:53.086954,2
685,229,Created,2026-01-15 10:15:00,1
686,229,Dispatched,2026-01-15 12:26:35.391884,1
687,229,Delivered,2026-01-18 05:55:13.162925,1
688,230,Created,2026-01-15 14:30:00,4
689,230,Dispatched,2026-01-15 20:57:02.615496,4
690,230,Delivery Failed,2026-01-16 06:11:52.634275,4
691,231,Created,2026-01-15 10:45:00,4
692,231,Dispatched,2026-01-15 15:11:12.807684,4
693,231,Delivered,2026-01-16 13:35:10.301201,4
694,232,Created,2026-01-15 12:45:00,5
695,232,Dispatched,2026-01-15 17:49:06.688637,5
696,232,Delivered,2026-01-18 08:43:21.237556,5
697,233,Created,2026-01-15 09:30:00,3
698,233,Dispatched,2026-01-15 10:52:10.329616,3
699,233,Delivered,2026-01-19 07:50:24.701163,3
700,234,Created,2026-01-15 11:15:00,3
701,234,Dispatched,2026-01-15 17:35:05.503170,3
702,234,Delivered,2026-01-20 06:48:42.679549,3
703,235,Created,2026-01-15 17:15:00,2
704,235,Dispatched,2026-01-15 21:03:29.360918,2
705,235,Delivered,2026-01-16 19:03:36.231038,2
706,236,Created,2026-01-15 17:45:00,1
707,236,Dispatched,2026-01-15 21:16:25.622034,1
708,236,Delivered,2026-01-18 05:57:17.521579,1
709,237,Created,2026-01-15 12:00:00,1
710,237,Dispatched,2026-01-15 14:55:24.310846,1
711,237,Delivered,2026-01-17 21:02:33.792156,1
712,238,Created,2026-01-15 14:15:00,1
713,238,Dispatched,2026-01-15 17:51:31.907873,1
714,238,Delivered,2026-01-18 09:30:09.285687,1
715,239,Created,2026-01-15 18:45:00,5
716,239,Dispatched,2026-01-15 20:26:16.628663,5
717,239,Delivered,2026-01-18 11:56:27.939871,5
718,240,Created,2026-01-15 10:00:00,1
719,240,Dispatched,2026-01-15 13:47:27.088592,1
720,240,Delivered,2026-01-16 13:47:16.196502,1
721,241,Created,2026-01-15 15:30:00,3
722,241,Dispatched,2026-01-15 22:22:58.385082,3
723,241,Delivered,2026-01-18 02:27:57.685359,3
724,242,Created,2026-01-15 07:00:00,1
725,242,Dispatched,2026-01-15 11:22:25.580181,1
726,242,Delivered,2026-01-19 14:06:00.843672,1
727,243,Created,2026-01-16 18:00:00,1
728,243,Dispatched,2026-01-16 19:28:50.593186,1
729,243,Delivered,2026-01-19 07:25:24.991017,1
730,244,Created,2026-01-16 15:00:00,2
731,244,Dispatched,2026-01-16 17:09:21.597648,2
732,244,Delivered,2026-01-17 13:10:23.093302,2
733,245,Created,2026-01-16 07:00:00,1
734,245,Dispatched,2026-01-16 08:09:10.331817,1
735,245,Delivered,2026-01-16 22:10:25.834921,1
736,246,Created,2026-01-16 15:30:00,1
737,246,Dispatched,2026-01-16 16:45:59.960345,1
738,246,Delivered,2026-01-19 12:58:30.856916,1
739,247,Created,2026-01-16 12:15:00,4
740,247,Dispatched,2026-01-16 16:01:47.223030,4
741,247,Delivered,2026-01-18 19:12:13.901368,4
742,248,Created,2026-01-16 16:00:00,4
743,248,Dispatched,2026-01-16 20:58:39.332921,4
744,248,Delivered,2026-01-18 22:16:51.000749,4
745,249,Created,2026-01-16 13:00:00,2
746,249,Dispatched,2026-01-16 19:13:07.391585,2
747,249,Delivered,2026-01-20 18:54:38.751338,2
748,250,Created,2026-01-16 17:15:00,2
749,250,Dispatched,2026-01-16 22:53:49.029899,2
750,250,Delivered,2026-01-19 02:19:07.959835,2
751,251,Created,2026-01-16 18:00:00,2
752,251,Dispatched,2026-01-17 00:48:16.727280,2
753,251,Delivered,2026-01-17 10:02:05.524938,2
754,252,Created,2026-01-16 16:30:00,1
755,252,Dispatched,2026-01-16 19:09:32.951217,1
756,252,Delivered,2026-01-16 11:49:04.548546,1
757,253,Created,2026-01-16 18:30:00,2
758,253,Dispatched,2026-01-16 20:51:22.453463,2
759,253,Delivered,2026-01-19 08:00:59.292245,2
760,254,Created,2026-01-16 10:15:00,2
761,254,Dispatched,2026-01-16 14:23:01.331772,2
762,254,Delivered,2026-01-17 08:19:04.632805,2
763,255,Created,2026-01-16 09:30:00,4
764,255,Dispatched,2026-01-16 12:32:00.483858,4
765,255,Delivered,2026-01-16 08:03:40.691850,4
766,256,Created,2026-01-16 12:45:00,1
767,256,Dispatched,2026-01-16 14:14:56.044396,1
768,256,Delivered,2026-01-16 08:21:47.596754,1
769,257,Created,2026-01-16 08:45:00,1
770,257,Dispatched,2026-01-16 12:24:41.682609,1
771,257,Delivered,2026-01-17 05:52:44.257415,1
772,258,Created,2026-01-16 13:45:00,4
773,258,Dispatched,2026-01-16 16:42:50.875229,4
774,258,Delivered,2026-01-19 03:03:28.122996,4
775,259,Created,2026-01-17 12:30:00,3
776,259,Dispatched,2026-01-17 18:45:11.906203,3
777,259,Delivered,2026-01-18 06:41:52.047231,3
778,260,Created,2026-01-17 13:15:00,2
779,260,Dispatched,2026-01-17 17:14:54.339880,2
780,260,Delivered,2026-01-18 13:27:06.988088,2
781,261,Created,2026-01-17 09:00:00,5
782,261,Dispatched,2026-01-17 13:44:52.646104,5
783,261,Delivered,2026-01-17 21:27:54.675956,5
784,262,Created,2026-01-17 10:15:00,4
785,262,Dispatched,2026-01-17 12:32:53.658784,4
786,262,Delivered,2026-01-17 09:05:20.654035,4
787,263,Created,2026-01-17 13:45:00,1
788,263,Dispatched,2026-01-17 18:08:05.200120,1
789,263,Delivered,2026-01-22 00:31:31.198848,1
790,264,Created,2026-01-17 13:45:00,1
791,264,Dispatched,2026-01-17 18:51:08.710855,1
792,264,Delivered,2026-01-20 05:15:14.540138,1
793,265,Created,2026-01-17 10:00:00,6
794,265,Dispatched,2026-01-17 14:00:46.562136,6
795,265,Delivered,2026-01-17 23:15:39.557378,6
796,266,Created,2026-01-17 15:00:00,5
797,266,Dispatched,2026-01-17 19:36:28.788961,5
798,266,Delivered,2026-01-20 11:28:04.484719,5
799,267,Created,2026-01-17 18:00:00,4
800,267,Dispatched,2026-01-18 00:29:02.475816,4
801,267,Delivery Failed,2026-01-20 15:39:54.474318,4
802,268,Created,2026-01-17 09:15:00,4
803,268,Dispatched,2026-01-17 13:11:46.376316,4
804,268,Delivered,2026-01-20 06:02:15.016609,4
805,269,Created,2026-01-17 16:00:00,1
806,269,Dispatched,2026-01-17 21:49:22.899245,1
807,269,Delivered,2026-01-18 19:34:47.332522,1
808,270,Created,2026-01-17 08:00:00,1
809,270,Dispatched,2026-01-17 09:38:48.037234,1
810,270,Delivered,2026-01-18 10:21:27.476421,1
811,271,Created,2026-01-17 14:15:00,4
812,271,Dispatched,2026-01-17 15:50:22.321919,4
813,271,Delivered,2026-01-20 11:07:46.043053,4
814,272,Created,2026-01-17 16:00:00,1
815,272,Dispatched,2026-01-17 19:32:49.462398,1
816,272,Delivered,2026-01-20 05:35:31.066493,1
817,273,Created,2026-01-17 13:00:00,3
818,273,Dispatched,2026-01-17 19:34:58.139628,3
819,273,Delivered,2026-01-20 09:42:18.907678,3
820,274,Created,2026-01-17 10:00:00,2
821,274,Dispatched,2026-01-17 16:54:11.584991,2
822,274,Delivered,2026-01-22 03:31:35.258632,2
823,275,Created,2026-01-17 17:30:00,1
824,275,Dispatched,2026-01-17 18:31:41.101333,1
825,275,Delivered,2026-01-17 16:30:10.528197,1
826,276,Created,2026-01-17 13:00:00,1
827,276,Dispatched,2026-01-17 17:27:49.862233,1
828,276,Delivered,2026-01-18 03:10:14.851496,1
829,277,Created,2026-01-18 11:30:00,3
830,277,Dispatched,2026-01-18 18:27:45.900122,3
831,277,Delivered,2026-01-20 23:25:22.068643,3
832,278,Created,2026-01-18 12:00:00,3
833,278,Dispatched,2026-01-18 14:51:31.377802,3
834,278,Delivered,2026-01-19 03:50:10.231440,3
835,279,Created,2026-01-18 18:30:00,5
836,279,Dispatched,2026-01-18 23:09:55.867079,5
837,279,Delivered,2026-01-21 07:18:01.204288,5
838,280,Created,2026-01-18 12:30:00,2
839,280,Dispatched,2026-01-18 17:09:12.327834,2
840,280,Delivered,2026-01-18 06:47:30.592369,2
841,281,Created,2026-01-18 17:45:00,1
842,281,Dispatched,2026-01-18 23:42:05.477557,1
843,281,Delivered,2026-01-19 16:48:03.857613,1
844,282,Created,2026-01-18 13:45:00,1
845,282,Dispatched,2026-01-18 18:03:16.451567,1
846,282,Delivered,2026-01-21 10:37:09.910976,1
847,283,Created,2026-01-18 08:00:00,1
848,283,Dispatched,2026-01-18 09:22:22.151821,1
849,283,Delivered,2026-01-21 03:32:19.902785,1
850,284,Created,2026-01-18 10:30:00,1
851,284,Dispatched,2026-01-18 13:16:35.611681,1
852,284,Delivered,2026-01-18 16:57:41.646224,1
853,285,Created,2026-01-18 15:00:00,4
854,285,Dispatched,2026-01-18 19:11:07.209985,4
855,285,Delivered,2026-01-19 23:48:22.811220,4
856,286,Created,2026-01-18 10:00:00,5
857,286,Dispatched,2026-01-18 14:04:56.874408,5
858,286,Delivered,2026-01-18 12:56:14.374592,5
859,287,Created,2026-01-18 14:00:00,1
860,287,Dispatched,2026-01-18 16:28:39.174948,1
861,287,Delivered,2026-01-22 21:54:46.483488,1
862,288,Created,2026-01-18 17:15:00,1
863,288,Dispatched,2026-01-18 23:43:32.493619,1
864,288,Delivered,2026-01-23 07:22:53.968859,1
865,289,Created,2026-01-18 13:30:00,2
866,289,Dispatched,2026-01-18 15:35:30.733295,2
867,289,Delivered,2026-01-21 04:47:04.827635,2
868,290,Created,2026-01-18 16:15:00,3
869,290,Dispatched,2026-01-18 17:21:37.348752,3
870,290,Delivered,2026-01-19 17:00:48.222075,3
871,291,Created,2026-01-19 12:45:00,1
872,291,Dispatched,2026-01-19 13:51:08.486381,1
873,291,Delivered,2026-01-19 17:33:41.234912,1
874,292,Created,2026-01-19 16:30:00,1
875,292,Dispatched,2026-01-19 21:33:10.704033,1
876,292,Delivered,2026-01-23 10:05:45.178779,1
877,293,Created,2026-01-19 09:15:00,2
878,293,Dispatched,2026-01-19 13:18:44.228520,2
879,293,Delivered,2026-01-21 21:22:52.652676,2
880,294,Created,2026-01-19 09:00:00,1
881,294,Dispatched,2026-01-19 13:24:57.450572,1
882,294,Delivered,2026-01-21 19:29:47.631248,1
883,295,Created,2026-01-19 07:15:00,3
884,295,Dispatched,2026-01-19 09:21:43.668990,3
885,295,Delivered,2026-01-21 21:16:01.885693,3
886,296,Created,2026-01-19 11:15:00,1
887,296,Dispatched,2026-01-19 12:19:41.497270,1
888,296,Delivery Failed,2026-01-20 13:39:22.348325,1
889,297,Created,2026-01-19 16:30:00,6
890,297,Dispatched,2026-01-19 20:44:08.184130,6
891,297,Delivered,2026-01-24 08:21:54.274418,6
892,298,Created,2026-01-19 14:30:00,2
893,298,Dispatched,2026-01-19 18:23:24.969254,2
894,298,Delivered,2026-01-22 01:16:27.389018,2
895,299,Created,2026-01-19 13:45:00,6
896,299,Dispatched,2026-01-19 15:34:46.412974,6
897,299,Delivered,2026-01-24 11:53:18.725418,6
898,300,Created,2026-01-19 10:15:00,2
899,300,Dispatched,2026-01-19 14:43:55.953926,2
900,300,Delivered,2026-01-19 08:00:07.837478,2
901,301,Created,2026-01-19 15:15:00,4
902,301,Dispatched,2026-01-19 17:19:42.170818,4
903,301,Delivered,2026-01-19 14:31:34.484640,4
904,302,Created,2026-01-19 08:00:00,2
905,302,Dispatched,2026-01-19 11:10:52.010108,2
906,302,Delivered,2026-01-20 09:40:16.981400,2
907,303,Created,2026-01-19 07:00:00,1
908,303,Dispatched,2026-01-19 08:07:25.400233,1
909,303,Delivered,2026-01-21 17:38:42.251185,1
910,304,Created,2026-01-19 15:45:00,3
911,304,Dispatched,2026-01-19 18:08:30.102820,3
912,304,Delivered,2026-01-21 12:07:30.801565,3
913,305,Created,2026-01-19 11:45:00,1
914,305,Dispatched,2026-01-19 12:51:34.361469,1
915,305,Delivered,2026-01-20 14:54:19.631539,1
916,306,Created,2026-01-19 10:00:00,3
917,306,Dispatched,2026-01-19 14:19:54.385821,3
918,306,Delivered,2026-01-20 08:12:28.478213,3
919,307,Created,2026-01-19 10:00:00,6
920,307,Dispatched,2026-01-19 16:54:20.245088,6
921,307,Delivered,2026-01-21 07:38:10.207504,6
922,308,Created,2026-01-19 09:15:00,2
923,308,Dispatched,2026-01-19 15:10:13.846236,2
924,308,Delivered,2026-01-22 01:32:23.035381,2
925,309,Created,2026-01-19 17:45:00,2
926,309,Dispatched,2026-01-19 22:06:09.797340,2
927,309,Delivered,2026-01-19 11:55:22.214485,2
928,310,Created,2026-01-19 10:45:00,1
929,310,Dispatched,2026-01-19 13:36:24.533413,1
930,310,Delivered,2026-01-22 22:07:08.906862,1
931,311,Created,2026-01-19 16:45:00,2
932,311,Dispatched,2026-01-19 22:21:31.939945,2
933,311,Delivered,2026-01-22 11:26:54.283781,2
934,312,Created,2026-01-19 07:30:00,6
935,312,Dispatched,2026-01-19 10:47:07.245765,6
936,312,Delivered,2026-01-22 01:01:45.978914,6
937,313,Created,2026-01-19 16:45:00,2
938,313,Dispatched,2026-01-19 19:07:40.729450,2
939,313,Delivered,2026-01-20 17:58:31.351812,2
940,314,Created,2026-01-19 08:45:00,4
941,314,Dispatched,2026-01-19 11:21:11.420924,4
942,314,Delivered,2026-01-22 01:39:31.970123,4
943,315,Created,2026-01-20 18:15:00,4
944,315,Dispatched,2026-01-20 20:07:54.899367,4
945,315,Delivered,2026-01-23 14:00:35.539526,4
946,316,Created,2026-01-20 12:45:00,2
947,316,Dispatched,2026-01-20 15:52:17.474818,2
948,316,Delivered,2026-01-22 19:51:15.908761,2
949,317,Created,2026-01-20 17:45:00,5
950,317,Dispatched,2026-01-20 18:47:40.067571,5
951,317,Delivered,2026-01-23 02:27:09.021338,5
952,318,Created,2026-01-20 09:45:00,5
953,318,Dispatched,2026-01-20 14:55:53.224560,5
954,318,Delivered,2026-01-23 10:04:36.462454,5
955,319,Created,2026-01-20 15:15:00,6
956,319,Dispatched,2026-01-20 20:50:33.238610,6
957,319,Delivery Failed,2026-01-23 05:07:26.576902,6
958,320,Created,2026-01-20 11:45:00,2
959,320,Dispatched,2026-01-20 13:37:41.489824,2
960,320,Delivered,2026-01-20 06:30:20.043092,2
961,321,Created,2026-01-20 09:30:00,3
962,321,Dispatched,2026-01-20 15:20:36.014124,3
963,321,Delivered,2026-01-23 07:22:29.962273,3
964,322,Created,2026-01-20 17:30:00,4
965,322,Dispatched,2026-01-20 22:04:44.614829,4
966,322,Delivered,2026-01-23 02:41:06.307382,4
967,323,Created,2026-01-20 08:45:00,4
968,323,Dispatched,2026-01-20 10:14:24.551917,4
969,323,Delivered,2026-01-21 03:18:10.261067,4
970,324,Created,2026-01-20 10:15:00,3
971,324,Dispatched,2026-01-20 12:34:00.858172,3
972,324,Delivered,2026-01-22 18:55:44.237402,3
973,325,Created,2026-01-20 07:45:00,3
974,325,Dispatched,2026-01-20 14:27:26.846717,3
975,325,Delivered,2026-01-21 09:11:40.796769,3
976,326,Created,2026-01-20 14:00:00,1
977,326,Dispatched,2026-01-20 16:22:27.012332,1
978,326,Delivered,2026-01-22 20:40:35.947900,1
979,327,Created,2026-01-21 09:15:00,1
980,327,Dispatched,2026-01-21 12:13:21.871373,1
981,327,Delivered,2026-01-23 19:42:45.437365,1
982,328,Created,2026-01-21 17:45:00,5
983,328,Dispatched,2026-01-21 19:10:34.023184,5
984,328,Delivered,2026-01-26 02:49:50.710163,5
985,329,Created,2026-01-21 13:45:00,6
986,329,Dispatched,2026-01-21 19:10:00.258901,6
987,329,Delivered,2026-01-25 09:09:55.303584,6
988,330,Created,2026-01-21 11:15:00,3
989,330,Dispatched,2026-01-21 17:10:08.831569,3
990,330,Delivered,2026-01-25 09:38:46.346324,3
991,331,Created,2026-01-21 15:15:00,2
992,331,Dispatched,2026-01-21 19:49:47.146396,2
993,331,Delivered,2026-01-21 10:40:11.282442,2
994,332,Created,2026-01-21 18:45:00,1
995,332,Dispatched,2026-01-21 23:07:16.576444,1
996,332,Delivered,2026-01-22 19:23:30.674341,1
997,333,Created,2026-01-21 16:15:00,5
998,333,Dispatched,2026-01-21 19:14:51.497417,5
999,333,Delivered,2026-01-21 23:14:51.900552,5
1000,334,Created,2026-01-21 10:15:00,2
1001,334,Dispatched,2026-01-21 16:56:59.395314,2
1002,334,Delivered,2026-01-24 04:11:59.981173,2
1003,335,Created,2026-01-21 13:45:00,5
1004,335,Dispatched,2026-01-21 19:57:25.717572,5
1005,335,Delivered,2026-01-22 11:31:55.446979,5
1006,336,Created,2026-01-21 13:45:00,5
1007,336,Dispatched,2026-01-21 16:30:29.646560,5
1008,336,Delivered,2026-01-23 20:52:53.088821,5
1009,337,Created,2026-01-21 16:45:00,2
1010,337,Dispatched,2026-01-21 22:22:31.861289,2
1011,337,Delivered,2026-01-22 06:35:43.913342,2
1012,338,Created,2026-01-21 10:00:00,3
1013,338,Dispatched,2026-01-21 14:14:04.934031,3
1014,338,Delivered,2026-01-22 09:18:16.596653,3
1015,339,Created,2026-01-21 15:30:00,6
1016,339,Dispatched,2026-01-21 17:09:32.425631,6
1017,339,Delivered,2026-01-24 06:33:57.866628,6
1018,340,Created,2026-01-21 12:15:00,6
1019,340,Dispatched,2026-01-21 18:04:43.147169,6
1020,340,Delivered,2026-01-24 02:32:12.094315,6
1021,341,Created,2026-01-21 07:45:00,3
1022,341,Dispatched,2026-01-21 08:48:58.640195,3
1023,341,Delivered,2026-01-23 01:33:43.759232,3
1024,342,Created,2026-01-21 18:00:00,5
1025,342,Dispatched,2026-01-21 22:52:07.792391,5
1026,342,Delivered,2026-01-22 16:15:47.685766,5
1027,343,Created,2026-01-21 17:45:00,3
1028,343,Dispatched,2026-01-21 23:22:11.825888,3
1029,343,Delivered,2026-01-22 13:08:01.777404,3
1030,344,Created,2026-01-21 14:15:00,3
1031,344,Dispatched,2026-01-21 20:33:17.262257,3
1032,344,Delivered,2026-01-23 20:44:31.765473,3
1033,345,Created,2026-01-21 14:45:00,4
1034,345,Dispatched,2026-01-21 16:02:28.256174,4
1035,345,Delivered,2026-01-24 07:38:58.739584,4
1036,346,Created,2026-01-22 07:45:00,3
1037,346,Dispatched,2026-01-22 09:46:06.046016,3
1038,346,Delivered,2026-01-22 04:13:42.218795,3
1039,347,Created,2026-01-22 15:15:00,3
1040,347,Dispatched,2026-01-22 20:55:27.411627,3
1041,347,Delivered,2026-01-25 00:15:43.163289,3
1042,348,Created,2026-01-22 08:15:00,6
1043,348,Dispatched,2026-01-22 11:49:05.901786,6
1044,348,Delivered,2026-01-22 20:27:03.956507,6
1045,349,Created,2026-01-22 07:30:00,1
1046,349,Dispatched,2026-01-22 14:26:27.290092,1
1047,349,Delivered,2026-01-23 01:19:11.175128,1
1048,350,Created,2026-01-22 15:30:00,1
1049,350,Dispatched,2026-01-22 18:55:54.883491,1
1050,350,Delivered,2026-01-25 03:10:19.696107,1
1051,351,Created,2026-01-22 16:15:00,1
1052,351,Dispatched,2026-01-22 17:55:45.818146,1
1053,351,Delivered,2026-01-22 22:31:22.998516,1
1054,352,Created,2026-01-22 18:15:00,1
1055,352,Dispatched,2026-01-22 21:06:47.543818,1
1056,352,Delivered,2026-01-23 07:52:05.000230,1
1057,353,Created,2026-01-22 18:15:00,4
1058,353,Dispatched,2026-01-22 20:07:43.586117,4
1059,353,Delivered,2026-01-25 07:06:01.105767,4
1060,354,Created,2026-01-22 08:30:00,1
1061,354,Dispatched,2026-01-22 12:31:58.118213,1
1062,354,Delivered,2026-01-23 10:23:46.562808,1
1063,355,Created,2026-01-22 16:15:00,5
1064,355,Dispatched,2026-01-22 20:32:02.197670,5
1065,355,Delivered,2026-01-23 08:48:32.388749,5
1066,356,Created,2026-01-22 16:00:00,1
1067,356,Dispatched,2026-01-22 19:48:56.442425,1
1068,356,Delivered,2026-01-22 22:12:29.368720,1
1069,357,Created,2026-01-22 12:15:00,1
1070,357,Dispatched,2026-01-22 18:20:28.776458,1
1071,357,Delivered,2026-01-24 06:07:18.861536,1
1072,358,Created,2026-01-22 13:15:00,1
1073,358,Dispatched,2026-01-22 18:12:30.805760,1
1074,358,Delivered,2026-01-24 18:12:29.430191,1
1075,359,Created,2026-01-22 07:30:00,3
1076,359,Dispatched,2026-01-22 08:53:52.576031,3
1077,359,Delivered,2026-01-22 20:23:42.117211,3
1078,360,Created,2026-01-23 08:15:00,1
1079,360,Dispatched,2026-01-23 10:51:31.556457,1
1080,360,Delivered,2026-01-26 06:56:42.143051,1
1081,361,Created,2026-01-23 17:45:00,4
1082,361,Dispatched,2026-01-24 00:38:27.159086,4
1083,361,Delivered,2026-01-26 00:36:25.483949,4
1084,362,Created,2026-01-23 13:30:00,2
1085,362,Dispatched,2026-01-23 16:14:14.064226,2
1086,362,Delivered,2026-01-26 03:32:19.641167,2
1087,363,Created,2026-01-23 07:15:00,3
1088,363,Dispatched,2026-01-23 11:01:56.931002,3
1089,363,Delivered,2026-01-25 16:39:24.117701,3
1090,364,Created,2026-01-23 14:15:00,2
1091,364,Dispatched,2026-01-23 20:23:46.671383,2
1092,364,Delivered,2026-01-26 16:34:16.244509,2
1093,365,Created,2026-01-23 12:30:00,1
1094,365,Dispatched,2026-01-23 13:48:42.479731,1
1095,365,Delivered,2026-01-26 06:49:39.495938,1
1096,366,Created,2026-01-23 11:45:00,4
1097,366,Dispatched,2026-01-23 17:18:36.752938,4
1098,366,Delivered,2026-01-26 05:28:54.770584,4
1099,367,Created,2026-01-23 18:15:00,2
1100,367,Dispatched,2026-01-23 23:24:07.232232,2
1101,367,Delivered,2026-01-24 15:02:43.014283,2
1102,368,Created,2026-01-23 12:00:00,2
1103,368,Dispatched,2026-01-23 13:55:09.729455,2
1104,368,Delivered,2026-01-26 03:55:33.057765,2
1105,369,Created,2026-01-23 09:00:00,1
1106,369,Dispatched,2026-01-23 10:13:23.405614,1
1107,369,Delivered,2026-01-23 23:21:39.403072,1
1108,370,Created,2026-01-23 13:45:00,6
1109,370,Dispatched,2026-01-23 20:08:52.321487,6
1110,370,Delivered,2026-01-25 19:46:48.106081,6
1111,371,Created,2026-01-23 13:30:00,3
1112,371,Dispatched,2026-01-23 19:24:30.461513,3
1113,371,Delivered,2026-01-26 04:46:00.072877,3
1114,372,Created,2026-01-23 09:00:00,6
1115,372,Dispatched,2026-01-23 15:03:46.998275,6
1116,372,Delivery Failed,2026-01-25 21:33:22.280059,6
1117,373,Created,2026-01-23 11:00:00,2
1118,373,Dispatched,2026-01-23 14:25:49.092443,2
1119,373,Delivered,2026-01-25 21:19:56.547897,2
1120,374,Created,2026-01-23 16:30:00,2
1121,374,Dispatched,2026-01-23 18:09:51.714388,2
1122,374,Delivered,2026-01-26 12:27:34.571702,2
1123,375,Created,2026-01-24 07:30:00,6
1124,375,Dispatched,2026-01-24 09:12:48.690974,6
1125,375,Delivered,2026-01-27 05:31:19.433582,6
1126,376,Created,2026-01-24 11:15:00,5
1127,376,Dispatched,2026-01-24 16:01:42.192013,5
1128,376,Delivery Failed,2026-01-26 20:25:09.243094,5
1129,377,Created,2026-01-24 15:30:00,3
1130,377,Dispatched,2026-01-24 17:23:52.441653,3
1131,377,Delivered,2026-01-27 14:29:19.534544,3
1132,378,Created,2026-01-24 17:30:00,5
1133,378,Dispatched,2026-01-25 00:14:23.505576,5
1134,378,Delivered,2026-01-25 14:58:21.610786,5
1135,379,Created,2026-01-24 07:30:00,3
1136,379,Dispatched,2026-01-24 12:34:30.314862,3
1137,379,Delivered,2026-01-26 21:11:31.510114,3
1138,380,Created,2026-01-24 07:00:00,1
1139,380,Dispatched,2026-01-24 08:46:59.596915,1
1140,380,Delivered,2026-01-25 10:16:50.353717,1
1141,381,Created,2026-01-24 08:30:00,4
1142,381,Dispatched,2026-01-24 13:28:17.408991,4
1143,381,Delivered,2026-01-24 13:51:39.119056,4
1144,382,Created,2026-01-24 15:30:00,2
1145,382,Dispatched,2026-01-24 19:19:43.279243,2
1146,382,Delivered,2026-01-27 12:15:50.444256,2
1147,383,Created,2026-01-24 15:15:00,1
1148,383,Dispatched,2026-01-24 20:58:42.733757,1
1149,383,Delivered,2026-01-24 22:48:48.754347,1
1150,384,Created,2026-01-24 08:30:00,6
1151,384,Dispatched,2026-01-24 13:33:21.483444,6
1152,384,Delivered,2026-01-27 05:41:46.570935,6
1153,385,Created,2026-01-24 07:45:00,2
1154,385,Dispatched,2026-01-24 10:30:36.662870,2
1155,385,Delivered,2026-01-24 22:16:44.134314,2
1156,386,Created,2026-01-24 10:30:00,3
1157,386,Dispatched,2026-01-24 16:42:30.850479,3
1158,386,Delivered,2026-01-25 13:23:28.395877,3
1159,387,Created,2026-01-24 17:45:00,6
1160,387,Dispatched,2026-01-24 23:27:48.766614,6
1161,387,Delivered,2026-01-26 08:46:45.399146,6
1162,388,Created,2026-01-24 08:15:00,1
1163,388,Dispatched,2026-01-24 14:35:13.568864,1
1164,388,Delivered,2026-01-24 13:39:58.082839,1
1165,389,Created,2026-01-24 17:15:00,6
1166,389,Dispatched,2026-01-24 21:59:03.550353,6
1167,389,Delivered,2026-01-27 00:49:00.531614,6
1168,390,Created,2026-01-24 16:00:00,2
1169,390,Dispatched,2026-01-24 17:51:34.034339,2
1170,390,Delivered,2026-01-27 13:50:08.918374,2
1171,391,Created,2026-01-25 08:00:00,2
1172,391,Dispatched,2026-01-25 13:03:37.725374,2
1173,391,Delivered,2026-01-27 20:11:41.261001,2
1174,392,Created,2026-01-25 14:45:00,2
1175,392,Dispatched,2026-01-25 21:34:13.822417,2
1176,392,Delivered,2026-01-28 05:57:41.353889,2
1177,393,Created,2026-01-25 18:00:00,5
1178,393,Dispatched,2026-01-25 21:41:41.141586,5
1179,393,Delivered,2026-01-29 01:36:08.031794,5
1180,394,Created,2026-01-25 10:45:00,3
1181,394,Dispatched,2026-01-25 14:56:04.580673,3
1182,394,Delivered,2026-01-28 07:26:19.411209,3
1183,395,Created,2026-01-25 12:45:00,4
1184,395,Dispatched,2026-01-25 14:49:22.996655,4
1185,395,Delivered,2026-01-28 02:44:51.599035,4
1186,396,Created,2026-01-25 12:45:00,6
1187,396,Dispatched,2026-01-25 15:44:35.527491,6
1188,396,Delivered,2026-01-29 04:23:56.739017,6
1189,397,Created,2026-01-25 10:45:00,1
1190,397,Dispatched,2026-01-25 12:15:49.980689,1
1191,397,Delivered,2026-01-27 19:54:50.643641,1
1192,398,Created,2026-01-25 14:00:00,2
1193,398,Dispatched,2026-01-25 18:24:50.226721,2
1194,398,Delivered,2026-01-28 06:56:44.387651,2
1195,399,Created,2026-01-25 10:45:00,2
1196,399,Dispatched,2026-01-25 15:48:29.176480,2
1197,399,Delivered,2026-01-26 00:37:36.624149,2
1198,400,Created,2026-01-25 12:00:00,3
1199,400,Dispatched,2026-01-25 16:30:45.232132,3
1200,400,Delivered,2026-01-26 01:29:48.003977,3
1201,401,Created,2026-01-25 07:45:00,1
1202,401,Dispatched,2026-01-25 10:59:39.340908,1
1203,401,Delivered,2026-01-25 10:27:52.078037,1
1204,402,Created,2026-01-26 17:45:00,5
1205,402,Dispatched,2026-01-26 19:58:00.972620,5
1206,402,Delivered,2026-01-28 16:40:19.514658,5
1207,403,Created,2026-01-26 18:15:00,2
1208,403,Dispatched,2026-01-26 23:38:25.766930,2
1209,403,Delivered,2026-01-29 06:46:37.877406,2
1210,404,Created,2026-01-26 14:15:00,2
1211,404,Dispatched,2026-01-26 17:59:26.414387,2
1212,404,Delivered,2026-01-30 20:54:36.716121,2
1213,405,Created,2026-01-26 14:00:00,2
1214,405,Dispatched,2026-01-26 19:49:55.559979,2
1215,405,Delivered,2026-01-27 08:51:43.457275,2
1216,406,Created,2026-01-26 08:45:00,3
1217,406,Dispatched,2026-01-26 15:02:48.043321,3
1218,406,Delivered,2026-01-29 03:15:45.188334,3
1219,407,Created,2026-01-26 09:45:00,5
1220,407,Dispatched,2026-01-26 12:29:29.210097,5
1221,407,Delivered,2026-01-28 22:54:03.342947,5
1222,408,Created,2026-01-26 14:45:00,6
1223,408,Dispatched,2026-01-26 16:10:31.881605,6
1224,408,Delivered,2026-01-27 15:17:41.948585,6
1225,409,Created,2026-01-26 09:00:00,2
1226,409,Dispatched,2026-01-26 12:01:44.458745,2
1227,409,Delivered,2026-01-28 17:49:02.373361,2
1228,410,Created,2026-01-26 14:45:00,3
1229,410,Dispatched,2026-01-26 17:37:04.504985,3
1230,410,Delivered,2026-01-27 04:47:00.608993,3
1231,411,Created,2026-01-26 12:15:00,3
1232,411,Dispatched,2026-01-26 15:42:13.584086,3
1233,411,Delivered,2026-01-31 09:15:59.884980,3
1234,412,Created,2026-01-26 18:30:00,4
1235,412,Dispatched,2026-01-27 00:29:41.042844,4
1236,412,Delivered,2026-01-29 11:20:21.144006,4
1237,413,Created,2026-01-26 14:45:00,4
1238,413,Dispatched,2026-01-26 16:29:37.482947,4
1239,413,Delivered,2026-01-31 05:50:31.324459,4
1240,414,Created,2026-01-26 09:00:00,3
1241,414,Dispatched,2026-01-26 15:10:50.185671,3
1242,414,Delivered,2026-01-26 21:55:37.866777,3
1243,415,Created,2026-01-26 16:15:00,2
1244,415,Dispatched,2026-01-26 20:09:21.365892,2
1245,415,Delivered,2026-01-27 11:48:18.451581,2
1246,416,Created,2026-01-26 15:30:00,3
1247,416,Dispatched,2026-01-26 16:50:32.417980,3
1248,416,Delivered,2026-01-29 11:10:04.532884,3
1249,417,Created,2026-01-26 09:45:00,4
1250,417,Dispatched,2026-01-26 15:41:48.778697,4
1251,417,Delivered,2026-01-28 23:32:24.219819,4
1252,418,Created,2026-01-26 12:45:00,3
1253,418,Dispatched,2026-01-26 14:25:56.074402,3
1254,418,Delivered,2026-01-27 09:07:03.162372,3
1255,419,Created,2026-01-26 10:15:00,4
1256,419,Dispatched,2026-01-26 16:08:32.802030,4
1257,419,Delivered,2026-01-29 08:30:33.072572,4
1258,420,Created,2026-01-26 11:30:00,1
1259,420,Dispatched,2026-01-26 14:03:28.200161,1
1260,420,Delivered,2026-01-29 06:21:49.576427,1
1261,421,Created,2026-01-27 17:15:00,1
1262,421,Dispatched,2026-01-27 18:31:48.638243,1
1263,421,Delivered,2026-01-30 06:37:46.123870,1
1264,422,Created,2026-01-27 15:45:00,6
1265,422,Dispatched,2026-01-27 16:45:01.367865,6
1266,422,Delivered,2026-01-30 05:55:27.143560,6
1267,423,Created,2026-01-27 18:30:00,6
1268,423,Dispatched,2026-01-28 00:18:18.571500,6
1269,423,Delivered,2026-01-28 15:35:03.823300,6
1270,424,Created,2026-01-27 16:30:00,6
1271,424,Dispatched,2026-01-27 23:22:00.845244,6
1272,424,Delivered,2026-01-30 19:51:45.683538,6
1273,425,Created,2026-01-27 08:45:00,6
1274,425,Dispatched,2026-01-27 11:37:02.531869,6
1275,425,Delivered,2026-01-30 02:14:57.711246,6
1276,426,Created,2026-01-27 08:45:00,1
1277,426,Dispatched,2026-01-27 13:51:53.569489,1
1278,426,Delivered,2026-01-29 16:49:01.735706,1
1279,427,Created,2026-01-27 17:45:00,3
1280,427,Dispatched,2026-01-28 00:25:00.157165,3
1281,427,Delivered,2026-01-30 15:53:38.090433,3
1282,428,Created,2026-01-27 17:00:00,1
1283,428,Dispatched,2026-01-27 21:27:25.173837,1
1284,428,Delivered,2026-01-30 11:40:13.302171,1
1285,429,Created,2026-01-27 13:30:00,1
1286,429,Dispatched,2026-01-27 16:10:17.910894,1
1287,429,Delivered,2026-01-28 09:47:27.893961,1
1288,430,Created,2026-01-27 16:30:00,3
1289,430,Dispatched,2026-01-27 21:55:55.379724,3
1290,430,Delivered,2026-01-27 13:40:00.240106,3
1291,431,Created,2026-01-27 12:45:00,1
1292,431,Dispatched,2026-01-27 13:53:51.967940,1
1293,431,Delivered,2026-01-29 20:57:01.601947,1
1294,432,Created,2026-01-27 12:30:00,2
1295,432,Dispatched,2026-01-27 18:21:06.447610,2
1296,432,Delivered,2026-01-29 23:42:21.803592,2
1297,433,Created,2026-01-27 16:30:00,2
1298,433,Dispatched,2026-01-27 21:12:51.114363,2
1299,433,Delivered,2026-01-29 18:09:16.580466,2
1300,434,Created,2026-01-27 11:45:00,1
1301,434,Dispatched,2026-01-27 15:48:46.700989,1
1302,434,Delivered,2026-01-28 02:26:12.767021,1
1303,435,Created,2026-01-28 09:30:00,4
1304,435,Dispatched,2026-01-28 15:21:40.000774,4
1305,435,Delivered,2026-01-28 22:15:06.644672,4
1306,436,Created,2026-01-28 07:00:00,2
1307,436,Dispatched,2026-01-28 10:02:26.440867,2
1308,436,Delivered,2026-01-28 08:40:48.935002,2
1309,437,Created,2026-01-28 07:45:00,1
1310,437,Dispatched,2026-01-28 13:13:58.960029,1
1311,437,Delivered,2026-01-30 23:51:39.084585,1
1312,438,Created,2026-01-28 17:15:00,3
1313,438,Dispatched,2026-01-28 22:40:55.344025,3
1314,438,Delivered,2026-02-01 03:46:15.693688,3
1315,439,Created,2026-01-28 10:00:00,4
1316,439,Dispatched,2026-01-28 16:46:21.386262,4
1317,439,Delivered,2026-01-29 22:26:15.259517,4
1318,440,Created,2026-01-28 07:00:00,6
1319,440,Dispatched,2026-01-28 13:00:36.301863,6
1320,440,Delivered,2026-01-30 02:44:28.792812,6
1321,441,Created,2026-01-28 10:45:00,4
1322,441,Dispatched,2026-01-28 14:53:28.445342,4
1323,441,Delivered,2026-01-29 03:05:39.602799,4
1324,442,Created,2026-01-28 09:15:00,2
1325,442,Dispatched,2026-01-28 13:37:35.534655,2
1326,442,Delivered,2026-01-31 21:05:26.878889,2
1327,443,Created,2026-01-28 11:15:00,2
1328,443,Dispatched,2026-01-28 15:50:30.685020,2
1329,443,Delivered,2026-01-29 07:39:46.473416,2
1330,444,Created,2026-01-28 08:45:00,5
1331,444,Dispatched,2026-01-28 15:31:15.497851,5
1332,444,Delivered,2026-01-31 00:05:04.533508,5
1333,445,Created,2026-01-28 07:30:00,2
1334,445,Dispatched,2026-01-28 12:16:48.303379,2
1335,445,Delivered,2026-01-29 13:43:30.581118,2
1336,446,Created,2026-01-28 11:30:00,2
1337,446,Dispatched,2026-01-28 17:50:35.933974,2
1338,446,Delivered,2026-01-30 19:22:04.554802,2
1339,447,Created,2026-01-28 17:45:00,2
1340,447,Dispatched,2026-01-28 20:18:29.141722,2
1341,447,Delivered,2026-01-30 12:17:14.409747,2
1342,448,Created,2026-01-28 10:30:00,5
1343,448,Dispatched,2026-01-28 17:00:59.837337,5
1344,448,Delivered,2026-01-31 07:41:03.717476,5
1345,449,Created,2026-01-28 09:00:00,5
1346,449,Dispatched,2026-01-28 10:13:46.253234,5
1347,449,Delivered,2026-01-31 07:05:20.777626,5
1348,450,Created,2026-01-28 16:45:00,6
1349,450,Dispatched,2026-01-28 21:58:41.982054,6
1350,450,Delivered,2026-01-28 09:42:45.941773,6
1351,451,Created,2026-01-28 14:30:00,1
1352,451,Dispatched,2026-01-28 20:17:59.697010,1
1353,451,Delivered,2026-01-28 21:57:23.109772,1
1354,452,Created,2026-01-28 11:45:00,2
1355,452,Dispatched,2026-01-28 15:32:26.607402,2
1356,452,Delivered,2026-01-29 03:31:10.160679,2
1357,453,Created,2026-01-28 13:30:00,6
1358,453,Dispatched,2026-01-28 19:16:24.563571,6
1359,453,Delivered,2026-01-30 21:48:12.204172,6
1360,454,Created,2026-01-29 15:30:00,3
1361,454,Dispatched,2026-01-29 20:30:54.410409,3
1362,454,Delivered,2026-01-29 22:21:16.811564,3
1363,455,Created,2026-01-29 16:30:00,6
1364,455,Dispatched,2026-01-29 23:29:48.075250,6
1365,455,Delivered,2026-01-30 10:24:54.893795,6
1366,456,Created,2026-01-29 09:15:00,5
1367,456,Dispatched,2026-01-29 11:12:09.112281,5
1368,456,Delivered,2026-01-30 14:04:15.332247,5
1369,457,Created,2026-01-29 16:45:00,3
1370,457,Dispatched,2026-01-29 21:56:40.227987,3
1371,457,Delivered,2026-02-01 09:13:19.032500,3
1372,458,Created,2026-01-29 12:30:00,4
1373,458,Dispatched,2026-01-29 14:24:35.511614,4
1374,458,Delivered,2026-01-31 14:22:58.272575,4
1375,459,Created,2026-01-29 14:15:00,1
1376,459,Dispatched,2026-01-29 15:47:03.357713,1
1377,459,Delivered,2026-01-29 09:27:59.543116,1
1378,460,Created,2026-01-29 08:00:00,1
1379,460,Dispatched,2026-01-29 12:23:37.117772,1
1380,460,Delivered,2026-02-01 00:35:53.524261,1
1381,461,Created,2026-01-29 15:00:00,1
1382,461,Dispatched,2026-01-29 20:27:49.025743,1
1383,461,Delivered,2026-02-01 18:02:31.157476,1
1384,462,Created,2026-01-29 11:00:00,5
1385,462,Dispatched,2026-01-29 15:19:52.367618,5
1386,462,Delivered,2026-01-30 08:31:08.653109,5
1387,463,Created,2026-01-29 16:30:00,5
1388,463,Dispatched,2026-01-29 19:41:28.887303,5
1389,463,Delivered,2026-01-30 07:36:27.776821,5
1390,464,Created,2026-01-29 12:45:00,3
1391,464,Dispatched,2026-01-29 15:19:37.425444,3
1392,464,Delivered,2026-02-01 01:53:17.171807,3
1393,465,Created,2026-01-29 15:45:00,4
1394,465,Dispatched,2026-01-29 21:46:02.271973,4
1395,465,Delivered,2026-02-01 10:37:39.456691,4
1396,466,Created,2026-01-29 09:15:00,1
1397,466,Dispatched,2026-01-29 12:10:59.575886,1
1398,466,Delivered,2026-02-01 07:45:12.457140,1
1399,467,Created,2026-01-30 15:30:00,1
1400,467,Dispatched,2026-01-30 20:42:30.681737,1
1401,467,Delivered,2026-02-02 11:54:12.842001,1
1402,468,Created,2026-01-30 13:45:00,3
1403,468,Dispatched,2026-01-30 18:18:16.896537,3
1404,468,Delivered,2026-02-02 09:21:30.653468,3
1405,469,Created,2026-01-30 12:15:00,5
1406,469,Dispatched,2026-01-30 18:23:04.282103,5
1407,469,Delivered,2026-01-30 14:22:42.154194,5
1408,470,Created,2026-01-30 15:45:00,2
1409,470,Dispatched,2026-01-30 17:16:46.843104,2
1410,470,Delivered,2026-02-02 04:45:32.895410,2
1411,471,Created,2026-01-30 17:30:00,2
1412,471,Dispatched,2026-01-30 21:16:10.320097,2
1413,471,Delivered,2026-01-31 12:01:25.776784,2
1414,472,Created,2026-01-30 10:30:00,4
1415,472,Dispatched,2026-01-30 16:07:04.149049,4
1416,472,Delivered,2026-01-31 14:55:17.972099,4
1417,473,Created,2026-01-30 12:00:00,4
1418,473,Dispatched,2026-01-30 14:35:15.908376,4
1419,473,Delivered,2026-02-04 04:04:03.100522,4
1420,474,Created,2026-01-30 16:00:00,1
1421,474,Dispatched,2026-01-30 22:46:45.296953,1
1422,474,Delivered,2026-02-01 01:47:20.929673,1
1423,475,Created,2026-01-30 11:30:00,1
1424,475,Dispatched,2026-01-30 13:38:01.022577,1
1425,475,Delivered,2026-01-31 07:43:05.064375,1
1426,476,Created,2026-01-30 16:30:00,1
1427,476,Dispatched,2026-01-30 23:19:19.977155,1
1428,476,Delivered,2026-02-02 01:52:17.839855,1
1429,477,Created,2026-01-30 18:15:00,2
1430,477,Dispatched,2026-01-30 21:28:11.440426,2
1431,477,Delivered,2026-02-02 15:41:54.365016,2
1432,478,Created,2026-01-30 08:30:00,6
1433,478,Dispatched,2026-01-30 14:01:29.601230,6
1434,478,Delivered,2026-02-01 16:31:54.875181,6
1435,479,Created,2026-01-30 15:15:00,1
1436,479,Dispatched,2026-01-30 21:01:08.675618,1
1437,479,Delivered,2026-02-02 02:00:33.089247,1
1438,480,Created,2026-01-30 11:30:00,2
1439,480,Dispatched,2026-01-30 17:05:25.530230,2
1440,480,Delivered,2026-02-02 06:31:31.232732,2
1441,481,Created,2026-01-30 14:00:00,3
1442,481,Dispatched,2026-01-30 16:44:54.822145,3
1443,481,Delivered,2026-01-31 14:44:11.951352,3
1444,482,Created,2026-01-30 17:00:00,5
1445,482,Dispatched,2026-01-30 22:01:14.359463,5
1446,482,Delivered,2026-01-31 14:07:45.944363,5
1447,483,Created,2026-01-30 15:15:00,2
1448,483,Dispatched,2026-01-30 19:42:26.272139,2
1449,483,Delivered,2026-02-02 08:37:11.419878,2
1450,484,Created,2026-01-30 09:00:00,3
1451,484,Dispatched,2026-01-30 12:12:15.853737,3
1452,484,Delivered,2026-02-02 06:16:49.144808,3
1453,485,Created,2026-01-30 18:00:00,2
1454,485,Dispatched,2026-01-31 00:39:34.280237,2
1455,485,Delivered,2026-01-31 20:08:52.402938,2
1456,486,Created,2026-01-30 18:30:00,3
1457,486,Dispatched,2026-01-30 23:14:18.069978,3
1458,486,Delivery Failed,2026-02-02 02:34:26.448818,3
1459,487,Created,2026-01-30 11:15:00,1
1460,487,Dispatched,2026-01-30 17:56:49.009313,1
1461,487,Delivered,2026-02-01 21:28:43.105583,1
1462,488,Created,2026-01-30 11:30:00,5
1463,488,Dispatched,2026-01-30 17:05:30.945311,5
1464,488,Delivered,2026-01-31 10:33:38.584629,5
1465,489,Created,2026-01-31 18:30:00,1
1466,489,Dispatched,2026-01-31 20:56:53.781751,1
1467,489,Delivered,2026-02-03 16:57:51.557293,1
1468,490,Created,2026-01-31 11:00:00,3
1469,490,Dispatched,2026-01-31 12:52:27.176909,3
1470,490,Delivered,2026-02-03 01:27:18.583533,3
1471,491,Created,2026-01-31 17:00:00,1
1472,491,Dispatched,2026-01-31 19:25:12.402014,1
1473,491,Delivered,2026-02-03 15:29:22.889572,1
1474,492,Created,2026-01-31 07:30:00,4
1475,492,Dispatched,2026-01-31 08:44:54.825404,4
1476,492,Delivered,2026-02-03 05:45:38.626162,4
1477,493,Created,2026-01-31 13:30:00,3
1478,493,Dispatched,2026-01-31 14:45:18.388588,3
1479,493,Delivered,2026-02-02 17:00:52.789292,3
1480,494,Created,2026-01-31 16:30:00,3
1481,494,Dispatched,2026-01-31 22:47:27.597632,3
1482,494,Delivered,2026-02-01 21:26:34.697489,3
1483,495,Created,2026-01-31 11:15:00,3
1484,495,Dispatched,2026-01-31 14:56:09.413696,3
1485,495,Delivered,2026-01-31 23:41:11.766959,3
1486,496,Created,2026-01-31 18:45:00,1
1487,496,Dispatched,2026-01-31 22:55:16.364649,1
1488,496,Delivered,2026-02-01 22:11:10.729851,1
1489,497,Created,2026-01-31 17:00:00,4
1490,497,Dispatched,2026-01-31 22:50:08.692404,4
1491,497,Delivered,2026-02-03 11:13:11.476814,4
1492,498,Created,2026-01-31 15:45:00,1
1493,498,Dispatched,2026-01-31 17:49:58.023352,1
1494,498,Delivered,2026-02-03 06:21:25.960862,1
1495,499,Created,2026-01-31 12:00:00,1
1496,499,Dispatched,2026-01-31 18:20:42.633761,1
1497,499,Delivered,2026-02-01 07:24:09.215845,1
1498,500,Created,2026-01-31 16:15:00,2
1499,500,Dispatched,2026-01-31 22:41:52.268214,2
1500,500,Delivered,2026-01-31 09:13:56.627131,2
1501,501,Created,2026-01-31 10:45:00,6
1502,501,Dispatched,2026-01-31 12:31:25.843689,6
1503,501,Delivered,2026-02-03 09:10:58.803324,6
1504,502,Created,2026-01-31 13:45:00,5
1505,502,Dispatched,2026-01-31 18:04:41.482251,5
1506,502,Delivered,2026-02-05 06:13:38.274077,5
1507,503,Created,2026-01-31 08:45:00,4
1508,503,Dispatched,2026-01-31 09:51:52.696371,4
1509,503,Delivered,2026-01-31 23:15:37.459695,4
1510,504,Created,2026-01-31 07:00:00,6
1511,504,Dispatched,2026-01-31 08:43:18.962679,6
1512,504,Delivered,2026-02-02 16:09:18.202235,6
1513,505,Created,2026-01-31 11:30:00,5
1514,505,Dispatched,2026-01-31 16:22:17.694425,5
1515,505,Delivered,2026-02-02 18:09:02.217888,5
1516,506,Created,2026-01-31 11:00:00,5
1517,506,Dispatched,2026-01-31 15:23:19.172320,5
1518,506,Delivered,2026-02-01 08:25:39.316240,5
1519,507,Created,2026-02-01 15:15:00,4
1520,507,Dispatched,2026-02-01 20:08:27.764204,4
1521,507,Delivered,2026-02-02 06:36:04.461787,4
1522,508,Created,2026-02-01 15:15:00,2
1523,508,Dispatched,2026-02-01 19:55:36.067385,2
1524,508,Delivered,2026-02-02 05:38:37.581183,2
1525,509,Created,2026-02-01 16:00:00,6
1526,509,Dispatched,2026-02-01 21:35:30.989233,6
1527,509,Delivered,2026-02-04 08:12:50.801181,6
1528,510,Created,2026-02-01 08:15:00,1
1529,510,Dispatched,2026-02-01 10:56:52.163323,1
1530,510,Delivered,2026-02-01 04:18:55.157661,1
1531,511,Created,2026-02-01 13:15:00,4
1532,511,Dispatched,2026-02-01 18:28:53.310227,4
1533,511,Delivered,2026-02-04 08:09:31.990558,4
1534,512,Created,2026-02-01 11:30:00,4
1535,512,Dispatched,2026-02-01 12:57:31.418114,4
1536,512,Delivered,2026-02-04 03:46:27.769732,4
1537,513,Created,2026-02-01 16:00:00,2
1538,513,Dispatched,2026-02-01 22:35:00.626628,2
1539,513,Delivered,2026-02-04 05:27:00.647100,2
1540,514,Created,2026-02-01 10:15:00,5
1541,514,Dispatched,2026-02-01 16:25:11.941800,5
1542,514,Delivered,2026-02-03 22:12:48.315123,5
1543,515,Created,2026-02-01 18:15:00,2
1544,515,Dispatched,2026-02-01 23:22:39.058224,2
1545,515,Delivered,2026-02-02 11:34:51.940411,2
1546,516,Created,2026-02-01 18:15:00,1
1547,516,Dispatched,2026-02-01 22:30:29.704672,1
1548,516,Delivered,2026-02-04 07:43:53.416790,1
1549,517,Created,2026-02-01 08:30:00,4
1550,517,Dispatched,2026-02-01 10:58:53.150450,4
1551,517,Delivered,2026-02-04 06:43:00.487157,4
1552,518,Created,2026-02-01 17:45:00,6
1553,518,Dispatched,2026-02-01 23:56:48.361435,6
1554,518,Delivered,2026-02-04 08:17:49.396256,6
1555,519,Created,2026-02-02 18:30:00,1
1556,519,Dispatched,2026-02-03 01:03:18.817113,1
1557,519,Delivered,2026-02-06 01:29:26.589113,1
1558,520,Created,2026-02-02 16:45:00,1
1559,520,Dispatched,2026-02-02 20:36:47.561672,1
1560,520,Delivered,2026-02-05 02:57:33.885269,1
1561,521,Created,2026-02-02 08:45:00,1
1562,521,Dispatched,2026-02-02 14:00:10.613805,1
1563,521,Delivered,2026-02-02 16:38:10.450299,1
1564,522,Created,2026-02-02 17:15:00,5
1565,522,Dispatched,2026-02-02 20:52:56.220211,5
1566,522,Delivered,2026-02-05 08:11:43.911800,5
1567,523,Created,2026-02-02 17:30:00,6
1568,523,Dispatched,2026-02-02 21:18:18.146264,6
1569,523,Delivered,2026-02-04 22:36:19.222747,6
1570,524,Created,2026-02-02 08:45:00,6
1571,524,Dispatched,2026-02-02 14:22:48.568752,6
1572,524,Delivered,2026-02-02 02:37:21.485201,6
1573,525,Created,2026-02-02 15:30:00,4
1574,525,Dispatched,2026-02-02 21:38:08.388033,4
1575,525,Delivered,2026-02-04 22:53:52.745846,4
1576,526,Created,2026-02-02 12:00:00,5
1577,526,Dispatched,2026-02-02 17:34:03.855686,5
1578,526,Delivered,2026-02-05 07:56:50.034133,5
1579,527,Created,2026-02-02 10:45:00,4
1580,527,Dispatched,2026-02-02 12:54:28.633138,4
1581,527,Delivered,2026-02-03 03:36:37.278722,4
1582,528,Created,2026-02-02 15:30:00,2
1583,528,Dispatched,2026-02-02 17:25:37.371557,2
1584,528,Delivered,2026-02-05 04:29:11.610329,2
1585,529,Created,2026-02-02 11:00:00,4
1586,529,Dispatched,2026-02-02 15:20:00.391044,4
1587,529,Delivered,2026-02-05 08:26:33.463385,4
1588,530,Created,2026-02-02 14:30:00,1
1589,530,Dispatched,2026-02-02 18:03:03.199359,1
1590,530,Delivered,2026-02-05 04:31:22.431389,1
1591,531,Created,2026-02-02 09:00:00,5
1592,531,Dispatched,2026-02-02 13:04:54.957414,5
1593,531,Delivered,2026-02-02 08:51:47.035041,5
1594,532,Created,2026-02-02 14:30:00,4
1595,532,Dispatched,2026-02-02 19:11:22.720037,4
1596,532,Delivered,2026-02-03 03:02:38.237845,4
1597,533,Created,2026-02-02 07:00:00,3
1598,533,Dispatched,2026-02-02 12:11:19.035620,3
1599,533,Delivered,2026-02-03 00:18:48.045776,3
1600,534,Created,2026-02-02 11:15:00,6
1601,534,Dispatched,2026-02-02 14:38:24.976228,6
1602,534,Delivered,2026-02-03 03:58:00.838547,6
1603,535,Created,2026-02-02 16:45:00,5
1604,535,Dispatched,2026-02-02 23:41:51.301128,5
1605,535,Delivered,2026-02-05 06:48:37.030616,5
1606,536,Created,2026-02-02 17:30:00,5
1607,536,Dispatched,2026-02-02 18:56:30.346195,5
1608,536,Delivered,2026-02-02 17:39:29.947949,5
1609,537,Created,2026-02-03 15:00:00,4
1610,537,Dispatched,2026-02-03 19:39:15.867947,4
1611,537,Delivered,2026-02-06 08:46:00.356910,4
1612,538,Created,2026-02-03 14:45:00,1
1613,538,Dispatched,2026-02-03 16:10:26.909301,1
1614,538,Delivery Failed,2026-02-06 01:12:15.687847,1
1615,539,Created,2026-02-03 17:45:00,1
1616,539,Dispatched,2026-02-04 00:10:25.823342,1
1617,539,Delivered,2026-02-04 11:00:26.535126,1
1618,540,Created,2026-02-03 17:45:00,3
1619,540,Dispatched,2026-02-03 20:54:22.510453,3
1620,540,Delivered,2026-02-06 08:30:00.291429,3
1621,541,Created,2026-02-03 18:45:00,3
1622,541,Dispatched,2026-02-03 20:47:08.208471,3
1623,541,Delivered,2026-02-03 19:19:40.659489,3
1624,542,Created,2026-02-03 17:15:00,1
1625,542,Dispatched,2026-02-03 23:15:16.911893,1
1626,542,Delivered,2026-02-03 10:11:48.188167,1
1627,543,Created,2026-02-03 14:00:00,3
1628,543,Dispatched,2026-02-03 20:02:10.551465,3
1629,543,Delivered,2026-02-06 11:25:20.020008,3
1630,544,Created,2026-02-03 11:15:00,3
1631,544,Dispatched,2026-02-03 16:37:47.983100,3
1632,544,Delivered,2026-02-06 01:28:56.572220,3
1633,545,Created,2026-02-03 11:15:00,5
1634,545,Dispatched,2026-02-03 15:29:14.339952,5
1635,545,Delivered,2026-02-06 07:40:08.888997,5
1636,546,Created,2026-02-03 09:00:00,4
1637,546,Dispatched,2026-02-03 10:18:05.068990,4
1638,546,Delivered,2026-02-05 20:39:22.529774,4
1639,547,Created,2026-02-03 10:30:00,3
1640,547,Dispatched,2026-02-03 14:22:34.800814,3
1641,547,Delivered,2026-02-06 06:42:48.221554,3
1642,548,Created,2026-02-03 13:45:00,3
1643,548,Dispatched,2026-02-03 17:00:13.102147,3
1644,548,Delivered,2026-02-05 23:09:49.880048,3
1645,549,Created,2026-02-03 08:30:00,4
1646,549,Dispatched,2026-02-03 15:16:12.371572,4
1647,549,Delivered,2026-02-05 20:33:31.419652,4
1648,550,Created,2026-02-03 07:15:00,5
1649,550,Dispatched,2026-02-03 09:35:12.900716,5
1650,550,Delivered,2026-02-03 19:33:47.798225,5
1651,551,Created,2026-02-03 09:45:00,1
1652,551,Dispatched,2026-02-03 13:43:40.359889,1
1653,551,Delivery Failed,2026-02-04 13:51:57.799554,1
1654,552,Created,2026-02-03 16:45:00,1
1655,552,Dispatched,2026-02-03 23:23:27.926219,1
1656,552,Delivered,2026-02-04 13:57:15.848437,1
1657,553,Created,2026-02-03 15:00:00,1
1658,553,Dispatched,2026-02-03 20:46:50.111395,1
1659,553,Delivered,2026-02-06 00:19:01.532346,1
1660,554,Created,2026-02-03 13:15:00,2
1661,554,Dispatched,2026-02-03 19:58:45.605790,2
1662,554,Delivered,2026-02-06 03:09:14.039934,2
1663,555,Created,2026-02-04 18:15:00,4
1664,555,Dispatched,2026-02-04 23:52:13.066977,4
1665,555,Delivered,2026-02-07 06:21:56.539399,4
1666,556,Created,2026-02-04 09:30:00,6
1667,556,Dispatched,2026-02-04 12:51:42.642188,6
1668,556,Delivered,2026-02-06 20:17:34.134010,6
1669,557,Created,2026-02-04 13:45:00,6
1670,557,Dispatched,2026-02-04 17:11:16.994170,6
1671,557,Delivered,2026-02-05 13:39:49.798839,6
1672,558,Created,2026-02-04 12:45:00,5
1673,558,Dispatched,2026-02-04 14:26:38.684569,5
1674,558,Delivered,2026-02-07 08:20:26.944401,5
1675,559,Created,2026-02-04 17:45:00,5
1676,559,Dispatched,2026-02-04 22:39:53.057278,5
1677,559,Delivered,2026-02-07 02:56:23.880894,5
1678,560,Created,2026-02-04 10:30:00,1
1679,560,Dispatched,2026-02-04 16:30:52.855784,1
1680,560,Delivered,2026-02-05 04:24:20.259877,1
1681,561,Created,2026-02-04 14:00:00,6
1682,561,Dispatched,2026-02-04 20:43:10.208409,6
1683,561,Delivered,2026-02-07 07:29:59.111063,6
1684,562,Created,2026-02-04 16:45:00,3
1685,562,Dispatched,2026-02-04 20:08:01.197680,3
1686,562,Delivered,2026-02-05 18:12:10.475449,3
1687,563,Created,2026-02-04 18:00:00,3
1688,563,Dispatched,2026-02-04 20:08:33.899468,3
1689,563,Delivered,2026-02-07 01:02:51.143509,3
1690,564,Created,2026-02-04 09:15:00,4
1691,564,Dispatched,2026-02-04 10:25:02.758465,4
1692,564,Delivered,2026-02-07 08:02:50.426767,4
1693,565,Created,2026-02-04 17:00:00,5
1694,565,Dispatched,2026-02-04 19:40:57.256476,5
1695,565,Delivered,2026-02-07 00:50:47.096718,5
1696,566,Created,2026-02-04 07:30:00,4
1697,566,Dispatched,2026-02-04 09:03:09.872727,4
1698,566,Delivered,2026-02-07 15:04:38.173465,4
1699,567,Created,2026-02-04 16:00:00,6
1700,567,Dispatched,2026-02-04 22:21:53.404876,6
1701,567,Delivered,2026-02-06 23:49:31.471944,6
1702,568,Created,2026-02-04 17:45:00,2
1703,568,Dispatched,2026-02-04 23:31:33.851129,2
1704,568,Delivered,2026-02-07 06:34:49.380271,2
1705,569,Created,2026-02-04 08:45:00,2
1706,569,Dispatched,2026-02-04 13:35:22.518577,2
1707,569,Delivered,2026-02-04 16:50:40.944003,2
1708,570,Created,2026-02-04 13:30:00,1
1709,570,Dispatched,2026-02-04 18:15:29.407057,1
1710,570,Delivered,2026-02-07 11:34:51.127371,1
1711,571,Created,2026-02-04 07:30:00,6
1712,571,Dispatched,2026-02-04 08:34:00.819627,6
1713,571,Delivered,2026-02-06 09:16:59.230075,6
1714,572,Created,2026-02-04 09:15:00,6
1715,572,Dispatched,2026-02-04 13:10:38.168559,6
1716,572,Delivered,2026-02-06 16:20:06.152890,6
1717,573,Created,2026-02-05 15:45:00,6
1718,573,Dispatched,2026-02-05 20:12:18.813893,6
1719,573,Delivered,2026-02-07 21:01:58.654849,6
1720,574,Created,2026-02-05 14:45:00,2
1721,574,Dispatched,2026-02-05 18:47:27.992341,2
1722,574,Delivered,2026-02-06 18:06:09.518778,2
1723,575,Created,2026-02-05 07:15:00,1
1724,575,Dispatched,2026-02-05 09:55:30.250964,1
1725,575,Delivered,2026-02-06 00:36:04.073300,1
1726,576,Created,2026-02-05 14:15:00,1
1727,576,Dispatched,2026-02-05 15:30:11.440359,1
1728,576,Delivered,2026-02-08 07:48:03.888730,1
1729,577,Created,2026-02-05 08:30:00,3
1730,577,Dispatched,2026-02-05 13:02:51.833996,3
1731,577,Delivered,2026-02-06 05:01:43.427938,3
1732,578,Created,2026-02-05 15:45:00,5
1733,578,Dispatched,2026-02-05 19:37:17.242188,5
1734,578,Delivered,2026-02-06 19:38:25.798266,5
1735,579,Created,2026-02-05 09:30:00,3
1736,579,Dispatched,2026-02-05 12:19:56.212466,3
1737,579,Delivered,2026-02-07 23:35:41.732628,3
1738,580,Created,2026-02-05 17:30:00,1
1739,580,Dispatched,2026-02-05 22:12:29.732810,1
1740,580,Delivered,2026-02-06 19:56:06.675655,1
1741,581,Created,2026-02-05 07:45:00,2
1742,581,Dispatched,2026-02-05 13:05:06.188389,2
1743,581,Delivered,2026-02-07 23:53:40.744380,2
1744,582,Created,2026-02-05 07:30:00,2
1745,582,Dispatched,2026-02-05 12:33:19.113248,2
1746,582,Delivered,2026-02-08 01:33:53.908787,2
1747,583,Created,2026-02-05 15:00:00,2
1748,583,Dispatched,2026-02-05 18:23:07.917831,2
1749,583,Delivered,2026-02-06 13:52:49.464491,2
1750,584,Created,2026-02-05 16:30:00,2
1751,584,Dispatched,2026-02-05 20:29:16.676077,2
1752,584,Delivered,2026-02-05 15:04:21.908654,2
1753,585,Created,2026-02-06 16:15:00,6
1754,585,Dispatched,2026-02-06 18:27:07.446214,6
1755,585,Delivered,2026-02-11 05:25:15.205625,6
1756,586,Created,2026-02-06 15:00:00,5
1757,586,Dispatched,2026-02-06 19:34:53.765192,5
1758,586,Delivered,2026-02-09 04:13:21.952450,5
1759,587,Created,2026-02-06 18:15:00,4
1760,587,Dispatched,2026-02-06 22:29:14.071473,4
1761,587,Delivered,2026-02-09 03:47:25.135154,4
1762,588,Created,2026-02-06 12:45:00,1
1763,588,Dispatched,2026-02-06 17:40:47.929081,1
1764,588,Delivered,2026-02-09 07:27:21.662876,1
1765,589,Created,2026-02-06 10:15:00,5
1766,589,Dispatched,2026-02-06 13:30:21.317867,5
1767,589,Delivered,2026-02-08 17:16:52.747393,5
1768,590,Created,2026-02-06 10:15:00,6
1769,590,Dispatched,2026-02-06 14:55:48.706824,6
1770,590,Delivered,2026-02-09 06:50:20.261114,6
1771,591,Created,2026-02-06 10:00:00,2
1772,591,Dispatched,2026-02-06 15:45:38.836151,2
1773,591,Delivered,2026-02-09 06:26:05.917228,2
1774,592,Created,2026-02-06 10:45:00,2
1775,592,Dispatched,2026-02-06 13:29:54.078864,2
1776,592,Delivered,2026-02-09 00:14:31.502808,2
1777,593,Created,2026-02-06 17:45:00,4
1778,593,Dispatched,2026-02-06 20:24:59.818819,4
1779,593,Delivered,2026-02-11 08:33:11.858449,4
1780,594,Created,2026-02-06 07:45:00,4
1781,594,Dispatched,2026-02-06 12:57:16.372428,4
1782,594,Delivered,2026-02-11 01:22:29.699329,4
1783,595,Created,2026-02-06 16:15:00,2
1784,595,Dispatched,2026-02-06 21:13:00.302047,2
1785,595,Delivered,2026-02-09 15:02:06.343873,2
1786,596,Created,2026-02-06 08:45:00,4
1787,596,Dispatched,2026-02-06 09:50:48.111825,4
1788,596,Delivered,2026-02-07 11:09:44.841694,4
1789,597,Created,2026-02-06 14:15:00,6
1790,597,Dispatched,2026-02-06 20:20:13.540760,6
1791,597,Delivered,2026-02-11 04:53:22.919725,6
1792,598,Created,2026-02-06 07:30:00,4
1793,598,Dispatched,2026-02-06 08:45:02.142630,4
1794,598,Delivered,2026-02-10 06:21:50.530041,4
1795,599,Created,2026-02-06 17:15:00,1
1796,599,Dispatched,2026-02-06 20:46:16.416517,1
1797,599,Delivered,2026-02-10 09:35:43.250129,1
1798,600,Created,2026-02-06 08:00:00,2
1799,600,Dispatched,2026-02-06 11:19:34.699769,2
1800,600,Delivered,2026-02-07 08:42:10.196273,2
1801,601,Created,2026-02-06 12:00:00,4
1802,601,Dispatched,2026-02-06 15:25:22.030435,4
1803,601,Delivered,2026-02-06 14:49:57.611149,4
1804,602,Created,2026-02-06 10:00:00,5
1805,602,Dispatched,2026-02-06 16:21:03.461725,5
1806,602,Delivered,2026-02-07 12:27:02.364121,5
1807,603,Created,2026-02-06 11:15:00,4
1808,603,Dispatched,2026-02-06 16:04:05.065458,4
1809,603,Delivered,2026-02-08 18:44:39.847423,4
1810,604,Created,2026-02-06 07:15:00,3
1811,604,Dispatched,2026-02-06 11:42:52.281459,3
1812,604,Delivered,2026-02-08 15:54:35.318740,3
1813,605,Created,2026-02-06 11:30:00,5
1814,605,Dispatched,2026-02-06 17:15:53.575607,5
1815,605,Delivered,2026-02-07 15:47:10.807096,5
1816,606,Created,2026-02-06 14:30:00,5
1817,606,Dispatched,2026-02-06 19:04:55.378057,5
1818,606,Delivered,2026-02-08 23:13:57.261496,5
1819,607,Created,2026-02-06 13:45:00,1
1820,607,Dispatched,2026-02-06 16:22:18.317350,1
1821,607,Delivered,2026-02-09 02:26:31.649838,1
1822,608,Created,2026-02-07 08:00:00,4
1823,608,Dispatched,2026-02-07 12:16:10.879993,4
1824,608,Delivered,2026-02-07 01:27:06.924791,4
1825,609,Created,2026-02-07 13:15:00,5
1826,609,Dispatched,2026-02-07 19:50:14.085918,5
1827,609,Delivered,2026-02-07 12:05:21.302159,5
1828,610,Created,2026-02-07 07:00:00,6
1829,610,Dispatched,2026-02-07 11:37:02.765987,6
1830,610,Delivered,2026-02-09 22:35:51.577461,6
1831,611,Created,2026-02-07 16:00:00,1
1832,611,Dispatched,2026-02-07 22:37:37.924917,1
1833,611,Delivered,2026-02-08 13:40:56.216847,1
1834,612,Created,2026-02-07 07:00:00,1
1835,612,Dispatched,2026-02-07 13:52:03.602266,1
1836,612,Delivered,2026-02-07 23:27:37.052744,1
1837,613,Created,2026-02-07 15:30:00,1
1838,613,Dispatched,2026-02-07 20:27:08.810700,1
1839,613,Delivered,2026-02-10 03:17:31.091868,1
1840,614,Created,2026-02-07 15:15:00,1
1841,614,Dispatched,2026-02-07 21:07:40.544135,1
1842,614,Delivered,2026-02-10 11:43:36.686577,1
1843,615,Created,2026-02-07 10:00:00,6
1844,615,Dispatched,2026-02-07 11:34:44.965914,6
1845,615,Delivered,2026-02-10 03:20:24.958723,6
1846,616,Created,2026-02-07 17:30:00,6
1847,616,Dispatched,2026-02-07 21:35:02.119036,6
1848,616,Delivered,2026-02-08 17:36:03.723528,6
1849,617,Created,2026-02-07 12:30:00,5
1850,617,Dispatched,2026-02-07 17:39:21.767223,5
1851,617,Delivered,2026-02-07 19:47:33.519511,5
1852,618,Created,2026-02-07 17:45:00,3
1853,618,Dispatched,2026-02-07 21:41:20.517530,3
1854,618,Delivered,2026-02-10 02:44:43.723181,3
1855,619,Created,2026-02-07 18:15:00,6
1856,619,Dispatched,2026-02-07 19:29:29.331133,6
1857,619,Delivered,2026-02-10 09:27:46.599150,6
1858,620,Created,2026-02-07 14:00:00,1
1859,620,Dispatched,2026-02-07 20:05:26.977969,1
1860,620,Delivered,2026-02-11 10:24:55.511185,1
1861,621,Created,2026-02-07 14:00:00,6
1862,621,Dispatched,2026-02-07 19:10:34.657406,6
1863,621,Delivered,2026-02-11 03:11:53.850546,6
1864,622,Created,2026-02-07 08:00:00,3
1865,622,Dispatched,2026-02-07 12:48:07.230209,3
1866,622,Delivered,2026-02-10 22:23:06.166487,3
1867,623,Created,2026-02-07 10:15:00,1
1868,623,Dispatched,2026-02-07 13:25:23.325351,1
1869,623,Delivery Failed,2026-02-09 17:44:10.974593,1
1870,624,Created,2026-02-07 14:15:00,3
1871,624,Dispatched,2026-02-07 15:54:36.370586,3
1872,624,Delivered,2026-02-08 14:59:30.452032,3
1873,625,Created,2026-02-07 15:00:00,4
1874,625,Dispatched,2026-02-07 21:01:04.702831,4
1875,625,Delivered,2026-02-08 04:53:10.586307,4
1876,626,Created,2026-02-07 09:45:00,1
1877,626,Dispatched,2026-02-07 12:49:04.639967,1
1878,626,Delivered,2026-02-08 08:18:38.186541,1
1879,627,Created,2026-02-07 11:15:00,5
1880,627,Dispatched,2026-02-07 15:51:46.583362,5
1881,627,Delivered,2026-02-10 07:36:57.052139,5
1882,628,Created,2026-02-08 18:00:00,1
1883,628,Dispatched,2026-02-08 21:35:48.433315,1
1884,628,Delivered,2026-02-09 11:54:10.490266,1
1885,629,Created,2026-02-08 12:15:00,6
1886,629,Dispatched,2026-02-08 13:35:39.136797,6
1887,629,Delivered,2026-02-10 21:58:17.702623,6
1888,630,Created,2026-02-08 09:00:00,3
1889,630,Dispatched,2026-02-08 10:59:09.347392,3
1890,630,Delivered,2026-02-12 13:02:35.306166,3
1891,631,Created,2026-02-08 13:15:00,1
1892,631,Dispatched,2026-02-08 15:26:59.762711,1
1893,631,Delivered,2026-02-10 21:33:25.515295,1
1894,632,Created,2026-02-08 12:15:00,2
1895,632,Dispatched,2026-02-08 16:27:28.285373,2
1896,632,Delivered,2026-02-13 04:29:12.767328,2
1897,633,Created,2026-02-08 15:45:00,6
1898,633,Dispatched,2026-02-08 17:58:06.905732,6
1899,633,Delivered,2026-02-11 13:08:45.401910,6
1900,634,Created,2026-02-08 17:45:00,6
1901,634,Dispatched,2026-02-08 19:36:52.204792,6
1902,634,Delivered,2026-02-11 10:48:36.002558,6
1903,635,Created,2026-02-08 09:45:00,1
1904,635,Dispatched,2026-02-08 11:48:35.444047,1
1905,635,Delivered,2026-02-10 18:07:09.068449,1
1906,636,Created,2026-02-08 16:00:00,1
1907,636,Dispatched,2026-02-08 19:34:28.775636,1
1908,636,Delivered,2026-02-09 11:38:07.986343,1
1909,637,Created,2026-02-08 11:30:00,6
1910,637,Dispatched,2026-02-08 14:32:59.646699,6
1911,637,Delivered,2026-02-09 01:46:14.187505,6
1912,638,Created,2026-02-08 07:00:00,6
1913,638,Dispatched,2026-02-08 08:19:54.546437,6
1914,638,Delivered,2026-02-09 05:11:37.311241,6
1915,639,Created,2026-02-08 12:00:00,6
1916,639,Dispatched,2026-02-08 13:43:17.708424,6
1917,639,Delivered,2026-02-11 04:31:42.141759,6
1918,640,Created,2026-02-08 11:15:00,1
1919,640,Dispatched,2026-02-08 15:20:20.641411,1
1920,640,Delivered,2026-02-11 10:07:59.963604,1
1921,641,Created,2026-02-08 11:30:00,2
1922,641,Dispatched,2026-02-08 14:46:14.575183,2
1923,641,Delivered,2026-02-09 08:22:55.857872,2
1924,642,Created,2026-02-08 18:15:00,2
1925,642,Dispatched,2026-02-08 19:57:46.985710,2
1926,642,Delivered,2026-02-11 11:29:44.284589,2
1927,643,Created,2026-02-09 11:30:00,2
1928,643,Dispatched,2026-02-09 12:52:33.827595,2
1929,643,Delivered,2026-02-09 17:43:12.505825,2
1930,644,Created,2026-02-09 11:15:00,6
1931,644,Dispatched,2026-02-09 13:47:15.268003,6
1932,644,Delivered,2026-02-10 13:44:02.124612,6
1933,645,Created,2026-02-09 12:45:00,4
1934,645,Dispatched,2026-02-09 15:11:34.687063,4
1935,645,Delivered,2026-02-11 08:25:16.880699,4
1936,646,Created,2026-02-09 12:30:00,2
1937,646,Dispatched,2026-02-09 19:14:32.679201,2
1938,646,Delivered,2026-02-12 08:51:58.258973,2
1939,647,Created,2026-02-09 09:30:00,4
1940,647,Dispatched,2026-02-09 11:57:44.745380,4
1941,647,Delivered,2026-02-10 03:41:55.678752,4
1942,648,Created,2026-02-09 10:15:00,5
1943,648,Dispatched,2026-02-09 13:44:53.470215,5
1944,648,Delivered,2026-02-10 08:34:07.272839,5
1945,649,Created,2026-02-09 16:30:00,1
1946,649,Dispatched,2026-02-09 19:58:51.944409,1
1947,649,Delivered,2026-02-12 09:22:56.772016,1
1948,650,Created,2026-02-09 12:30:00,3
1949,650,Dispatched,2026-02-09 18:09:54.539989,3
1950,650,Delivered,2026-02-12 01:23:40.914652,3
1951,651,Created,2026-02-09 12:00:00,2
1952,651,Dispatched,2026-02-09 17:29:34.017948,2
1953,651,Delivered,2026-02-11 21:59:08.712122,2
1954,652,Created,2026-02-09 09:45:00,1
1955,652,Dispatched,2026-02-09 10:52:18.583296,1
1956,652,Delivered,2026-02-10 09:33:23.564195,1
1957,653,Created,2026-02-09 09:30:00,1
1958,653,Dispatched,2026-02-09 15:20:56.394376,1
1959,653,Delivered,2026-02-10 06:58:54.134974,1
1960,654,Created,2026-02-09 07:45:00,1
1961,654,Dispatched,2026-02-09 13:12:08.507393,1
1962,654,Delivered,2026-02-13 02:54:15.315361,1
1963,655,Created,2026-02-09 07:00:00,1
1964,655,Dispatched,2026-02-09 09:35:31.061135,1
1965,655,Delivered,2026-02-11 16:39:35.605711,1
1966,656,Created,2026-02-09 14:15:00,2
1967,656,Dispatched,2026-02-09 15:25:25.671760,2
1968,656,Delivered,2026-02-10 15:56:38.904273,2
1969,657,Created,2026-02-09 13:15:00,4
1970,657,Dispatched,2026-02-09 17:37:25.831734,4
1971,657,Delivered,2026-02-11 22:19:03.587415,4
1972,658,Created,2026-02-09 08:30:00,1
1973,658,Dispatched,2026-02-09 10:31:44.383587,1
1974,658,Delivered,2026-02-10 10:50:04.534210,1
1975,659,Created,2026-02-09 11:15:00,3
1976,659,Dispatched,2026-02-09 17:17:59.512636,3
1977,659,Delivered,2026-02-14 06:21:39.892548,3
1978,660,Created,2026-02-09 16:15:00,3
1979,660,Dispatched,2026-02-09 23:12:50.397772,3
1980,660,Delivered,2026-02-12 10:21:02.398090,3
1981,661,Created,2026-02-09 07:45:00,5
1982,661,Dispatched,2026-02-09 10:05:40.934343,5
1983,661,Delivered,2026-02-09 22:06:11.743608,5
1984,662,Created,2026-02-09 12:30:00,6
1985,662,Dispatched,2026-02-09 16:45:50.543784,6
1986,662,Delivered,2026-02-12 09:00:58.489207,6
1987,663,Created,2026-02-09 09:30:00,1
1988,663,Dispatched,2026-02-09 12:50:30.094514,1
1989,663,Delivered,2026-02-10 10:34:57.775992,1
1990,664,Created,2026-02-09 14:30:00,1
1991,664,Dispatched,2026-02-09 17:34:53.673172,1
1992,664,Delivered,2026-02-09 14:46:10.593052,1
1993,665,Created,2026-02-10 14:15:00,4
1994,665,Dispatched,2026-02-10 19:16:06.230031,4
1995,665,Delivered,2026-02-15 05:46:22.796494,4
1996,666,Created,2026-02-10 17:15:00,6
1997,666,Dispatched,2026-02-10 18:54:52.444468,6
1998,666,Delivered,2026-02-11 19:05:51.790876,6
1999,667,Created,2026-02-10 11:30:00,4
2000,667,Dispatched,2026-02-10 14:24:04.862716,4
2001,667,Delivered,2026-02-12 17:48:02.648769,4
2002,668,Created,2026-02-10 10:30:00,4
2003,668,Dispatched,2026-02-10 14:26:58.185764,4
2004,668,Delivered,2026-02-11 04:32:10.848328,4
2005,669,Created,2026-02-10 14:45:00,3
2006,669,Dispatched,2026-02-10 19:46:34.337441,3
2007,669,Delivery Failed,2026-02-14 21:25:57.866223,3
2008,670,Created,2026-02-10 15:30:00,1
2009,670,Dispatched,2026-02-10 22:10:57.311335,1
2010,670,Delivery Failed,2026-02-10 13:27:46.113443,1
2011,671,Created,2026-02-10 09:30:00,3
2012,671,Dispatched,2026-02-10 13:55:17.972923,3
2013,671,Delivered,2026-02-14 17:42:21.178938,3
2014,672,Created,2026-02-10 13:00:00,1
2015,672,Dispatched,2026-02-10 17:12:09.110823,1
2016,672,Delivered,2026-02-13 10:19:30.475361,1
2017,673,Created,2026-02-10 08:00:00,6
2018,673,Dispatched,2026-02-10 11:35:01.129193,6
2019,673,Delivered,2026-02-10 12:02:53.050943,6
2020,674,Created,2026-02-10 10:15:00,6
2021,674,Dispatched,2026-02-10 15:42:11.408877,6
2022,674,Delivered,2026-02-10 06:02:29.335051,6
2023,675,Created,2026-02-10 07:45:00,4
2024,675,Dispatched,2026-02-10 13:43:33.142860,4
2025,675,Delivered,2026-02-13 10:08:38.240674,4
2026,676,Created,2026-02-10 17:15:00,2
2027,676,Dispatched,2026-02-10 19:05:41.590235,2
2028,676,Delivered,2026-02-13 03:34:41.324836,2
2029,677,Created,2026-02-10 14:15:00,2
2030,677,Dispatched,2026-02-10 20:42:25.219983,2
2031,677,Delivered,2026-02-13 01:32:50.786255,2
2032,678,Created,2026-02-10 12:30:00,2
2033,678,Dispatched,2026-02-10 16:59:37.712207,2
2034,678,Delivered,2026-02-14 11:51:29.993176,2
2035,679,Created,2026-02-11 10:45:00,2
2036,679,Dispatched,2026-02-11 12:04:03.979452,2
2037,679,Delivered,2026-02-14 23:37:49.234843,2
2038,680,Created,2026-02-11 12:00:00,1
2039,680,Dispatched,2026-02-11 13:26:26.145210,1
2040,680,Delivered,2026-02-14 00:42:59.818292,1
2041,681,Created,2026-02-11 09:30:00,3
2042,681,Dispatched,2026-02-11 13:26:59.059243,3
2043,681,Delivered,2026-02-13 18:33:55.268399,3
2044,682,Created,2026-02-11 09:15:00,6
2045,682,Dispatched,2026-02-11 15:23:46.983874,6
2046,682,Delivered,2026-02-11 08:12:39.439107,6
2047,683,Created,2026-02-11 16:45:00,3
2048,683,Dispatched,2026-02-11 23:11:19.881772,3
2049,683,Delivered,2026-02-12 21:16:28.593051,3
2050,684,Created,2026-02-11 09:00:00,5
2051,684,Dispatched,2026-02-11 12:18:01.621714,5
2052,684,Delivered,2026-02-14 02:45:55.098182,5
2053,685,Created,2026-02-11 11:00:00,1
2054,685,Dispatched,2026-02-11 17:41:05.835889,1
2055,685,Delivered,2026-02-12 14:48:43.459458,1
2056,686,Created,2026-02-11 14:45:00,1
2057,686,Dispatched,2026-02-11 18:19:48.407527,1
2058,686,Delivered,2026-02-14 11:53:09.532341,1
2059,687,Created,2026-02-11 09:30:00,5
2060,687,Dispatched,2026-02-11 10:57:54.821200,5
2061,687,Delivered,2026-02-13 18:07:22.922022,5
2062,688,Created,2026-02-11 17:45:00,3
2063,688,Dispatched,2026-02-11 23:40:55.415273,3
2064,688,Delivered,2026-02-12 10:00:50.554265,3
2065,689,Created,2026-02-11 14:15:00,3
2066,689,Dispatched,2026-02-11 19:10:19.523458,3
2067,689,Delivered,2026-02-12 16:31:10.638014,3
2068,690,Created,2026-02-12 10:15:00,6
2069,690,Dispatched,2026-02-12 11:15:35.680949,6
2070,690,Delivered,2026-02-15 02:08:54.419454,6
2071,691,Created,2026-02-12 09:00:00,1
2072,691,Dispatched,2026-02-12 11:16:59.611212,1
2073,691,Delivered,2026-02-16 15:11:11.240067,1
2074,692,Created,2026-02-12 10:30:00,2
2075,692,Dispatched,2026-02-12 15:37:01.661395,2
2076,692,Delivered,2026-02-14 21:23:23.496003,2
2077,693,Created,2026-02-12 17:00:00,6
2078,693,Dispatched,2026-02-12 20:33:16.405023,6
2079,693,Delivered,2026-02-13 00:46:29.886556,6
2080,694,Created,2026-02-12 10:45:00,1
2081,694,Dispatched,2026-02-12 13:22:46.203812,1
2082,694,Delivered,2026-02-13 15:44:11.234371,1
2083,695,Created,2026-02-12 13:00:00,2
2084,695,Dispatched,2026-02-12 14:12:44.702684,2
2085,695,Delivered,2026-02-15 04:03:54.101613,2
2086,696,Created,2026-02-12 11:15:00,4
2087,696,Dispatched,2026-02-12 17:08:12.132987,4
2088,696,Delivered,2026-02-16 11:37:57.182570,4
2089,697,Created,2026-02-12 12:15:00,1
2090,697,Dispatched,2026-02-12 13:28:56.534414,1
2091,697,Delivered,2026-02-14 18:55:26.307294,1
2092,698,Created,2026-02-12 13:45:00,2
2093,698,Dispatched,2026-02-12 17:26:17.154456,2
2094,698,Delivered,2026-02-15 09:14:51.308012,2
2095,699,Created,2026-02-12 11:45:00,2
2096,699,Dispatched,2026-02-12 13:21:23.023070,2
2097,699,Delivered,2026-02-15 05:14:11.546954,2
2098,700,Created,2026-02-12 18:15:00,1
2099,700,Dispatched,2026-02-12 19:59:09.761851,1
2100,700,Delivered,2026-02-15 05:11:34.525765,1
2101,701,Created,2026-02-12 07:00:00,4
2102,701,Dispatched,2026-02-12 13:47:32.549475,4
2103,701,Delivered,2026-02-14 06:51:03.584955,4
2104,702,Created,2026-02-12 08:00:00,1
2105,702,Dispatched,2026-02-12 09:02:02.247222,1
2106,702,Delivered,2026-02-14 21:09:19.996059,1
2107,703,Created,2026-02-12 11:45:00,1
2108,703,Dispatched,2026-02-12 13:57:31.844880,1
2109,703,Delivered,2026-02-15 04:45:00.158947,1
2110,704,Created,2026-02-13 14:45:00,4
2111,704,Dispatched,2026-02-13 20:00:31.020369,4
2112,704,Delivered,2026-02-14 09:33:58.322186,4
2113,705,Created,2026-02-13 13:00:00,4
2114,705,Dispatched,2026-02-13 17:36:40.789695,4
2115,705,Delivered,2026-02-13 17:06:31.861221,4
2116,706,Created,2026-02-13 13:30:00,4
2117,706,Dispatched,2026-02-13 18:32:46.168996,4
2118,706,Delivered,2026-02-16 08:17:10.667065,4
2119,707,Created,2026-02-13 17:45:00,2
2120,707,Dispatched,2026-02-13 22:27:37.954805,2
2121,707,Delivered,2026-02-18 12:29:50.660544,2
2122,708,Created,2026-02-13 12:30:00,3
2123,708,Dispatched,2026-02-13 17:38:43.858854,3
2124,708,Delivered,2026-02-17 23:53:44.668222,3
2125,709,Created,2026-02-13 07:00:00,3
2126,709,Dispatched,2026-02-13 13:55:42.557505,3
2127,709,Delivered,2026-02-14 03:22:44.181123,3
2128,710,Created,2026-02-13 08:00:00,4
2129,710,Dispatched,2026-02-13 12:35:00.205150,4
2130,710,Delivered,2026-02-14 03:15:14.286713,4
2131,711,Created,2026-02-13 15:30:00,3
2132,711,Dispatched,2026-02-13 18:57:32.418899,3
2133,711,Delivered,2026-02-13 09:27:51.911482,3
2134,712,Created,2026-02-13 13:00:00,4
2135,712,Dispatched,2026-02-13 19:22:52.089118,4
2136,712,Delivered,2026-02-13 15:21:15.044079,4
2137,713,Created,2026-02-13 14:30:00,5
2138,713,Dispatched,2026-02-13 20:44:07.634477,5
2139,713,Delivered,2026-02-16 09:53:52.141955,5
2140,714,Created,2026-02-13 12:00:00,1
2141,714,Dispatched,2026-02-13 15:57:43.430617,1
2142,714,Delivered,2026-02-14 02:10:30.375639,1
2143,715,Created,2026-02-13 10:45:00,6
2144,715,Dispatched,2026-02-13 13:28:59.477309,6
2145,715,Delivered,2026-02-18 16:49:38.464185,6
2146,716,Created,2026-02-13 15:30:00,1
2147,716,Dispatched,2026-02-13 20:57:57.140310,1
2148,716,Delivered,2026-02-17 20:15:54.670717,1
2149,717,Created,2026-02-13 11:45:00,5
2150,717,Dispatched,2026-02-13 15:48:40.571305,5
2151,717,Delivered,2026-02-16 05:42:16.627629,5
2152,718,Created,2026-02-13 16:30:00,2
2153,718,Dispatched,2026-02-13 17:53:09.616498,2
2154,718,Delivered,2026-02-18 19:33:41.523075,2
2155,719,Created,2026-02-14 12:15:00,6
2156,719,Dispatched,2026-02-14 17:00:29.522221,6
2157,719,Delivered,2026-02-15 10:02:14.819302,6
2158,720,Created,2026-02-14 15:00:00,3
2159,720,Dispatched,2026-02-14 18:16:33.161077,3
2160,720,Delivered,2026-02-15 15:26:49.840912,3
2161,721,Created,2026-02-14 11:00:00,5
2162,721,Dispatched,2026-02-14 16:26:49.512824,5
2163,721,Delivered,2026-02-15 10:30:48.881498,5
2164,722,Created,2026-02-14 15:15:00,1
2165,722,Dispatched,2026-02-14 21:58:17.855631,1
2166,722,Delivered,2026-02-14 19:06:08.148847,1
2167,723,Created,2026-02-14 08:15:00,6
2168,723,Dispatched,2026-02-14 10:25:35.476103,6
2169,723,Delivered,2026-02-17 01:15:48.134530,6
2170,724,Created,2026-02-14 07:30:00,3
2171,724,Dispatched,2026-02-14 11:40:34.579481,3
2172,724,Delivered,2026-02-14 14:38:57.749963,3
2173,725,Created,2026-02-14 11:15:00,3
2174,725,Dispatched,2026-02-14 13:52:24.364838,3
2175,725,Delivered,2026-02-15 04:10:06.190149,3
2176,726,Created,2026-02-14 12:45:00,1
2177,726,Dispatched,2026-02-14 15:49:48.290333,1
2178,726,Delivered,2026-02-14 06:45:23.756814,1
2179,727,Created,2026-02-14 11:00:00,4
2180,727,Dispatched,2026-02-14 12:37:54.885508,4
2181,727,Delivered,2026-02-15 15:38:00.885721,4
2182,728,Created,2026-02-14 15:45:00,5
2183,728,Dispatched,2026-02-14 19:14:48.751273,5
2184,728,Delivered,2026-02-15 11:00:19.025999,5
2185,729,Created,2026-02-14 12:00:00,1
2186,729,Dispatched,2026-02-14 13:11:26.987317,1
2187,729,Delivered,2026-02-15 01:20:14.495626,1
2188,730,Created,2026-02-14 07:30:00,3
2189,730,Dispatched,2026-02-14 13:15:08.701578,3
2190,730,Delivered,2026-02-16 19:25:27.935700,3
2191,731,Created,2026-02-14 10:15:00,6
2192,731,Dispatched,2026-02-14 16:10:13.871699,6
2193,731,Delivered,2026-02-15 04:18:57.713039,6
2194,732,Created,2026-02-14 14:00:00,1
2195,732,Dispatched,2026-02-14 19:06:36.331967,1
2196,732,Delivered,2026-02-16 20:08:24.109323,1
2197,733,Created,2026-02-14 11:00:00,2
2198,733,Dispatched,2026-02-14 12:52:18.981737,2
2199,733,Delivered,2026-02-14 14:31:43.822688,2
2200,734,Created,2026-02-14 12:30:00,1
2201,734,Dispatched,2026-02-14 18:29:57.665025,1
2202,734,Delivered,2026-02-17 11:04:20.017452,1
2203,735,Created,2026-02-14 14:30:00,1
2204,735,Dispatched,2026-02-14 21:21:26.665327,1
2205,735,Delivered,2026-02-17 11:59:04.239255,1
2206,736,Created,2026-02-15 17:30:00,1
2207,736,Dispatched,2026-02-15 20:29:28.615259,1
2208,736,Delivered,2026-02-15 11:32:11.236578,1
2209,737,Created,2026-02-15 18:00:00,2
2210,737,Dispatched,2026-02-15 21:29:05.028701,2
2211,737,Delivered,2026-02-15 19:14:49.087039,2
2212,738,Created,2026-02-15 18:30:00,1
2213,738,Dispatched,2026-02-15 20:26:07.533746,1
2214,738,Delivered,2026-02-17 05:05:11.219946,1
2215,739,Created,2026-02-15 07:00:00,5
2216,739,Dispatched,2026-02-15 10:09:31.777926,5
2217,739,Delivered,2026-02-15 05:45:02.465045,5
2218,740,Created,2026-02-15 14:00:00,2
2219,740,Dispatched,2026-02-15 16:17:57.702266,2
2220,740,Delivered,2026-02-16 15:59:45.130097,2
2221,741,Created,2026-02-15 17:15:00,3
2222,741,Dispatched,2026-02-15 22:08:16.089552,3
2223,741,Delivered,2026-02-16 09:40:50.327977,3
2224,742,Created,2026-02-15 07:00:00,1
2225,742,Dispatched,2026-02-15 09:54:24.197632,1
2226,742,Delivered,2026-02-15 22:13:35.521186,1
2227,743,Created,2026-02-15 09:30:00,5
2228,743,Dispatched,2026-02-15 11:46:40.583046,5
2229,743,Delivered,2026-02-19 23:00:13.284952,5
2230,744,Created,2026-02-15 10:30:00,4
2231,744,Dispatched,2026-02-15 12:45:29.868589,4
2232,744,Delivered,2026-02-17 22:58:51.817015,4
2233,745,Created,2026-02-15 17:30:00,1
2234,745,Dispatched,2026-02-15 21:41:27.682823,1
2235,745,Delivered,2026-02-20 06:20:07.050023,1
2236,746,Created,2026-02-15 09:30:00,1
2237,746,Dispatched,2026-02-15 12:38:21.265573,1
2238,746,Delivered,2026-02-17 21:47:34.802493,1
2239,747,Created,2026-02-15 12:00:00,1
2240,747,Dispatched,2026-02-15 18:19:08.795355,1
2241,747,Delivered,2026-02-18 02:01:01.997451,1
2242,748,Created,2026-02-15 07:00:00,5
2243,748,Dispatched,2026-02-15 12:14:10.558104,5
2244,748,Delivered,2026-02-17 20:10:43.945578,5
2245,749,Created,2026-02-15 07:30:00,6
2246,749,Dispatched,2026-02-15 11:57:16.260592,6
2247,749,Delivered,2026-02-16 01:22:14.902957,6
2248,750,Created,2026-02-15 11:00:00,2
2249,750,Dispatched,2026-02-15 13:36:29.335560,2
2250,750,Delivered,2026-02-17 22:05:53.810409,2
2251,751,Created,2026-02-16 07:45:00,2
2252,751,Dispatched,2026-02-16 13:51:44.930838,2
2253,751,Delivered,2026-02-16 22:04:33.752932,2
2254,752,Created,2026-02-16 08:30:00,1
2255,752,Dispatched,2026-02-16 10:31:21.217248,1
2256,752,Delivered,2026-02-18 19:45:07.803630,1
2257,753,Created,2026-02-16 12:30:00,3
2258,753,Dispatched,2026-02-16 14:46:19.536178,3
2259,753,Delivered,2026-02-17 17:15:17.901726,3
2260,754,Created,2026-02-16 16:30:00,1
2261,754,Dispatched,2026-02-16 23:07:27.565871,1
2262,754,Delivered,2026-02-17 07:29:41.778838,1
2263,755,Created,2026-02-16 09:00:00,3
2264,755,Dispatched,2026-02-16 11:39:32.716071,3
2265,755,Delivered,2026-02-17 06:46:14.201157,3
2266,756,Created,2026-02-16 12:15:00,2
2267,756,Dispatched,2026-02-16 15:40:22.696379,2
2268,756,Delivered,2026-02-16 19:38:30.933359,2
2269,757,Created,2026-02-16 10:00:00,1
2270,757,Dispatched,2026-02-16 13:50:28.395473,1
2271,757,Delivered,2026-02-19 05:29:16.120780,1
2272,758,Created,2026-02-16 18:45:00,5
2273,758,Dispatched,2026-02-16 21:54:19.516648,5
2274,758,Delivered,2026-02-17 17:58:54.531954,5
2275,759,Created,2026-02-16 12:45:00,4
2276,759,Dispatched,2026-02-16 16:48:51.678691,4
2277,759,Delivered,2026-02-19 10:09:52.392073,4
2278,760,Created,2026-02-16 16:30:00,6
2279,760,Dispatched,2026-02-16 18:06:12.197353,6
2280,760,Delivered,2026-02-16 11:40:01.581066,6
2281,761,Created,2026-02-16 18:30:00,2
2282,761,Dispatched,2026-02-16 23:31:26.449643,2
2283,761,Delivered,2026-02-17 13:03:42.689419,2
2284,762,Created,2026-02-16 14:45:00,2
2285,762,Dispatched,2026-02-16 17:22:08.487773,2
2286,762,Delivered,2026-02-19 13:07:29.322249,2
2287,763,Created,2026-02-16 10:45:00,5
2288,763,Dispatched,2026-02-16 13:27:54.422992,5
2289,763,Delivered,2026-02-19 05:05:56.609131,5
2290,764,Created,2026-02-16 08:45:00,6
2291,764,Dispatched,2026-02-16 11:04:04.816151,6
2292,764,Delivered,2026-02-17 05:51:57.609860,6
2293,765,Created,2026-02-16 08:00:00,4
2294,765,Dispatched,2026-02-16 11:39:00.187657,4
2295,765,Delivered,2026-02-19 21:56:36.451519,4
2296,766,Created,2026-02-17 07:15:00,3
2297,766,Dispatched,2026-02-17 10:16:37.019684,3
2298,766,Delivered,2026-02-19 13:24:27.804445,3
2299,767,Created,2026-02-17 08:45:00,4
2300,767,Dispatched,2026-02-17 11:29:35.928287,4
2301,767,Delivered,2026-02-21 19:19:28.663668,4
2302,768,Created,2026-02-17 09:00:00,1
2303,768,Dispatched,2026-02-17 13:01:00.620542,1
2304,768,Delivered,2026-02-20 00:14:59.035427,1
2305,769,Created,2026-02-17 10:30:00,3
2306,769,Dispatched,2026-02-17 12:21:46.174599,3
2307,769,Delivered,2026-02-18 00:40:43.313950,3
2308,770,Created,2026-02-17 10:30:00,4
2309,770,Dispatched,2026-02-17 13:18:34.914444,4
2310,770,Delivered,2026-02-19 18:45:02.706494,4
2311,771,Created,2026-02-17 10:00:00,1
2312,771,Dispatched,2026-02-17 15:55:27.701271,1
2313,771,Delivered,2026-02-19 22:49:29.449251,1
2314,772,Created,2026-02-17 18:30:00,6
2315,772,Dispatched,2026-02-17 20:42:32.814793,6
2316,772,Delivered,2026-02-20 14:32:24.916463,6
2317,773,Created,2026-02-17 07:30:00,3
2318,773,Dispatched,2026-02-17 10:49:11.217004,3
2319,773,Delivered,2026-02-20 04:31:10.719693,3
2320,774,Created,2026-02-17 16:30:00,4
2321,774,Dispatched,2026-02-17 19:59:58.439322,4
2322,774,Delivered,2026-02-17 15:16:52.451256,4
2323,775,Created,2026-02-17 14:15:00,5
2324,775,Dispatched,2026-02-17 19:11:12.880545,5
2325,775,Delivered,2026-02-19 23:08:27.565758,5
2326,776,Created,2026-02-17 10:00:00,6
2327,776,Dispatched,2026-02-17 14:56:12.186097,6
2328,776,Delivered,2026-02-20 02:38:08.201318,6
2329,777,Created,2026-02-17 09:45:00,5
2330,777,Dispatched,2026-02-17 12:32:23.516233,5
2331,777,Delivered,2026-02-18 02:45:05.578780,5
2332,778,Created,2026-02-17 17:30:00,1
2333,778,Dispatched,2026-02-17 20:18:38.288102,1
2334,778,Delivered,2026-02-20 13:58:51.837751,1
2335,779,Created,2026-02-17 16:45:00,1
2336,779,Dispatched,2026-02-17 22:48:53.379345,1
2337,779,Delivered,2026-02-18 06:44:22.859009,1
2338,780,Created,2026-02-17 15:00:00,1
2339,780,Dispatched,2026-02-17 18:45:38.460855,1
2340,780,Delivered,2026-02-17 23:12:58.226294,1
2341,781,Created,2026-02-17 17:45:00,2
2342,781,Dispatched,2026-02-17 21:47:16.100888,2
2343,781,Delivered,2026-02-20 06:32:05.317644,2
2344,782,Created,2026-02-17 18:15:00,6
2345,782,Dispatched,2026-02-18 01:07:32.415510,6
2346,782,Delivered,2026-02-18 09:15:40.396375,6
2347,783,Created,2026-02-17 12:30:00,6
2348,783,Dispatched,2026-02-17 15:43:45.632007,6
2349,783,Delivered,2026-02-17 13:37:47.026536,6
2350,784,Created,2026-02-18 17:45:00,4
2351,784,Dispatched,2026-02-18 18:57:36.684762,4
2352,784,Delivered,2026-02-20 00:00:56.618574,4
2353,785,Created,2026-02-18 09:30:00,5
2354,785,Dispatched,2026-02-18 13:16:08.625667,5
2355,785,Delivered,2026-02-18 23:39:34.470566,5
2356,786,Created,2026-02-18 09:45:00,3
2357,786,Dispatched,2026-02-18 16:38:55.799050,3
2358,786,Delivered,2026-02-20 22:06:20.928300,3
2359,787,Created,2026-02-18 15:45:00,1
2360,787,Dispatched,2026-02-18 22:34:55.390421,1
2361,787,Delivered,2026-02-21 07:48:13.353382,1
2362,788,Created,2026-02-18 14:15:00,1
2363,788,Dispatched,2026-02-18 17:47:18.736892,1
2364,788,Delivered,2026-02-19 09:03:49.096753,1
2365,789,Created,2026-02-18 10:15:00,3
2366,789,Dispatched,2026-02-18 15:23:44.280762,3
2367,789,Delivered,2026-02-20 16:43:06.430029,3
2368,790,Created,2026-02-18 10:00:00,2
2369,790,Dispatched,2026-02-18 11:03:43.350948,2
2370,790,Delivered,2026-02-20 19:27:29.562620,2
2371,791,Created,2026-02-18 13:00:00,1
2372,791,Dispatched,2026-02-18 14:41:24.750364,1
2373,791,Delivered,2026-02-21 15:52:20.497364,1
2374,792,Created,2026-02-18 13:30:00,3
2375,792,Dispatched,2026-02-18 19:01:05.277263,3
2376,792,Delivered,2026-02-21 01:03:53.400598,3
2377,793,Created,2026-02-18 15:45:00,6
2378,793,Dispatched,2026-02-18 18:15:14.698503,6
2379,793,Delivered,2026-02-21 02:28:49.287460,6
2380,794,Created,2026-02-18 16:30:00,4
2381,794,Dispatched,2026-02-18 21:19:51.985395,4
2382,794,Delivered,2026-02-20 11:49:30.767169,4
2383,795,Created,2026-02-18 11:15:00,1
2384,795,Dispatched,2026-02-18 12:36:40.100663,1
2385,795,Delivered,2026-02-20 20:13:27.627785,1
2386,796,Created,2026-02-18 11:45:00,3
2387,796,Dispatched,2026-02-18 16:03:40.693335,3
2388,796,Delivered,2026-02-19 16:21:01.741541,3
2389,797,Created,2026-02-18 12:00:00,3
2390,797,Dispatched,2026-02-18 14:57:09.725643,3
2391,797,Delivered,2026-02-21 03:34:00.095230,3
2392,798,Created,2026-02-19 14:00:00,1
2393,798,Dispatched,2026-02-19 18:33:36.924968,1
2394,798,Delivered,2026-02-22 08:52:03.986570,1
2395,799,Created,2026-02-19 11:45:00,1
2396,799,Dispatched,2026-02-19 17:10:10.317310,1
2397,799,Delivered,2026-02-23 05:13:29.783572,1
2398,800,Created,2026-02-19 08:15:00,2
2399,800,Dispatched,2026-02-19 12:35:11.022671,2
2400,800,Delivered,2026-02-19 06:17:08.628771,2
2401,801,Created,2026-02-19 11:30:00,4
2402,801,Dispatched,2026-02-19 17:33:37.437443,4
2403,801,Delivered,2026-02-22 00:07:36.892318,4
2404,802,Created,2026-02-19 07:30:00,3
2405,802,Dispatched,2026-02-19 10:13:18.307840,3
2406,802,Delivered,2026-02-21 21:18:47.235335,3
2407,803,Created,2026-02-19 10:00:00,5
2408,803,Dispatched,2026-02-19 15:08:31.422355,5
2409,803,Delivered,2026-02-20 03:47:43.370927,5
2410,804,Created,2026-02-19 16:00:00,4
2411,804,Dispatched,2026-02-19 17:47:51.368329,4
2412,804,Delivered,2026-02-20 11:20:55.093706,4
2413,805,Created,2026-02-19 09:15:00,2
2414,805,Dispatched,2026-02-19 14:19:45.999815,2
2415,805,Delivered,2026-02-21 02:03:34.394505,2
2416,806,Created,2026-02-19 08:00:00,5
2417,806,Dispatched,2026-02-19 12:02:08.723284,5
2418,806,Delivered,2026-02-23 07:50:35.262337,5
2419,807,Created,2026-02-19 13:15:00,2
2420,807,Dispatched,2026-02-19 16:23:17.534624,2
2421,807,Delivered,2026-02-24 16:55:55.710974,2
2422,808,Created,2026-02-19 13:00:00,6
2423,808,Dispatched,2026-02-19 18:56:34.136115,6
2424,808,Delivered,2026-02-20 09:30:27.594085,6
2425,809,Created,2026-02-19 16:30:00,1
2426,809,Dispatched,2026-02-19 18:59:45.116998,1
2427,809,Delivered,2026-02-20 04:39:16.872411,1
2428,810,Created,2026-02-19 10:45:00,3
2429,810,Dispatched,2026-02-19 15:50:21.858988,3
2430,810,Delivered,2026-02-22 01:46:33.798532,3
2431,811,Created,2026-02-19 17:00:00,1
2432,811,Dispatched,2026-02-19 19:37:07.302622,1
2433,811,Delivered,2026-02-20 15:50:59.192963,1
2434,812,Created,2026-02-19 09:00:00,2
2435,812,Dispatched,2026-02-19 12:25:50.629040,2
2436,812,Delivered,2026-02-22 01:50:55.351614,2
2437,813,Created,2026-02-19 09:15:00,5
2438,813,Dispatched,2026-02-19 13:17:35.591203,5
2439,813,Delivered,2026-02-21 23:51:54.638450,5
2440,814,Created,2026-02-20 17:00:00,5
2441,814,Dispatched,2026-02-20 22:30:55.246915,5
2442,814,Delivered,2026-02-23 08:46:38.697693,5
2443,815,Created,2026-02-20 14:30:00,5
2444,815,Dispatched,2026-02-20 21:29:40.487965,5
2445,815,Delivered,2026-02-23 05:22:57.473335,5
2446,816,Created,2026-02-20 13:00:00,1
2447,816,Dispatched,2026-02-20 17:02:17.831583,1
2448,816,Delivered,2026-02-22 23:33:16.958262,1
2449,817,Created,2026-02-20 10:30:00,4
2450,817,Dispatched,2026-02-20 13:17:10.648831,4
2451,817,Delivered,2026-02-23 16:47:29.881938,4
2452,818,Created,2026-02-20 13:00:00,1
2453,818,Dispatched,2026-02-20 17:03:15.266591,1
2454,818,Delivered,2026-02-21 01:50:53.584973,1
2455,819,Created,2026-02-20 18:30:00,2
2456,819,Dispatched,2026-02-20 22:00:58.048955,2
2457,819,Delivered,2026-02-23 04:55:14.930995,2
2458,820,Created,2026-02-20 15:30:00,5
2459,820,Dispatched,2026-02-20 18:13:14.441289,5
2460,820,Delivered,2026-02-21 15:37:31.645864,5
2461,821,Created,2026-02-20 09:45:00,2
2462,821,Dispatched,2026-02-20 15:50:47.766056,2
2463,821,Delivered,2026-02-21 02:13:29.077468,2
2464,822,Created,2026-02-20 16:45:00,3
2465,822,Dispatched,2026-02-20 22:57:59.262767,3
2466,822,Delivered,2026-02-23 12:01:31.669883,3
2467,823,Created,2026-02-20 15:15:00,5
2468,823,Dispatched,2026-02-20 17:05:33.928330,5
2469,823,Delivered,2026-02-21 06:59:11.764905,5
2470,824,Created,2026-02-20 07:45:00,4
2471,824,Dispatched,2026-02-20 12:06:38.419271,4
2472,824,Delivered,2026-02-22 22:19:49.775994,4
2473,825,Created,2026-02-20 14:15:00,1
2474,825,Dispatched,2026-02-20 16:47:00.898791,1
2475,825,Delivered,2026-02-21 07:22:55.248412,1
2476,826,Created,2026-02-20 16:00:00,6
2477,826,Dispatched,2026-02-20 22:33:30.526397,6
2478,826,Delivered,2026-02-20 19:05:12.284817,6
2479,827,Created,2026-02-20 08:15:00,4
2480,827,Dispatched,2026-02-20 10:27:22.393911,4
2481,827,Delivered,2026-02-22 19:35:58.711641,4
2482,828,Created,2026-02-20 18:15:00,2
2483,828,Dispatched,2026-02-20 20:25:05.573469,2
2484,828,Delivered,2026-02-23 15:45:16.361735,2
2485,829,Created,2026-02-20 10:15:00,4
2486,829,Dispatched,2026-02-20 15:11:03.389465,4
2487,829,Delivered,2026-02-23 13:19:25.591988,4
2488,830,Created,2026-02-20 15:00:00,4
2489,830,Dispatched,2026-02-20 18:58:34.144711,4
2490,830,Delivered,2026-02-22 01:18:10.566922,4
2491,831,Created,2026-02-20 15:45:00,1
2492,831,Dispatched,2026-02-20 21:52:37.451998,1
2493,831,Delivered,2026-02-23 07:49:54.183522,1
2494,832,Created,2026-02-20 17:00:00,1
2495,832,Dispatched,2026-02-20 21:17:09.612871,1
2496,832,Delivered,2026-02-23 06:57:48.530936,1
2497,833,Created,2026-02-20 11:30:00,4
2498,833,Dispatched,2026-02-20 17:55:56.008322,4
2499,833,Delivered,2026-02-22 19:36:56.769213,4
2500,834,Created,2026-02-20 12:45:00,1
2501,834,Dispatched,2026-02-20 17:41:59.309340,1
2502,834,Delivered,2026-02-22 23:02:41.812565,1
2503,835,Created,2026-02-20 11:45:00,2
2504,835,Dispatched,2026-02-20 17:51:20.149285,2
2505,835,Delivered,2026-02-21 03:07:56.364828,2
2506,836,Created,2026-02-20 10:15:00,1
2507,836,Dispatched,2026-02-20 13:31:52.100321,1
2508,836,Delivered,2026-02-22 17:31:24.607367,1
2509,837,Created,2026-02-21 18:45:00,2
2510,837,Dispatched,2026-02-22 00:36:35.990497,2
2511,837,Delivered,2026-02-22 23:23:47.453130,2
2512,838,Created,2026-02-21 16:30:00,1
2513,838,Dispatched,2026-02-21 21:41:53.910334,1
2514,838,Delivered,2026-02-23 14:21:53.742138,1
2515,839,Created,2026-02-21 12:45:00,3
2516,839,Dispatched,2026-02-21 16:52:04.472768,3
2517,839,Delivered,2026-02-22 09:11:51.730950,3
2518,840,Created,2026-02-21 14:30:00,1
2519,840,Dispatched,2026-02-21 18:19:34.360715,1
2520,840,Delivered,2026-02-24 09:38:43.278259,1
2521,841,Created,2026-02-21 14:45:00,1
2522,841,Dispatched,2026-02-21 16:16:54.372319,1
2523,841,Delivered,2026-02-22 07:10:49.747265,1
2524,842,Created,2026-02-21 13:00:00,6
2525,842,Dispatched,2026-02-21 17:27:49.481272,6
2526,842,Delivered,2026-02-24 08:28:02.497313,6
2527,843,Created,2026-02-21 17:30:00,3
2528,843,Dispatched,2026-02-21 20:18:41.169513,3
2529,843,Delivered,2026-02-24 14:45:28.252881,3
2530,844,Created,2026-02-21 13:00:00,5
2531,844,Dispatched,2026-02-21 17:27:27.156351,5
2532,844,Delivered,2026-02-24 04:57:38.889396,5
2533,845,Created,2026-02-21 14:15:00,5
2534,845,Dispatched,2026-02-21 20:41:37.295221,5
2535,845,Delivered,2026-02-24 08:04:12.057386,5
2536,846,Created,2026-02-21 13:15:00,1
2537,846,Dispatched,2026-02-21 19:50:39.110651,1
2538,846,Delivered,2026-02-24 04:25:47.235081,1
2539,847,Created,2026-02-21 16:00:00,1
2540,847,Dispatched,2026-02-21 22:02:29.050527,1
2541,847,Delivered,2026-02-22 12:04:48.079723,1
2542,848,Created,2026-02-21 16:30:00,1
2543,848,Dispatched,2026-02-21 23:23:49.599428,1
2544,848,Delivered,2026-02-24 03:50:49.317753,1
2545,849,Created,2026-02-21 18:15:00,2
2546,849,Dispatched,2026-02-21 19:27:27.859325,2
2547,849,Delivered,2026-02-24 10:14:24.590294,2
2548,850,Created,2026-02-21 17:45:00,3
2549,850,Dispatched,2026-02-21 20:11:52.507689,3
2550,850,Delivered,2026-02-22 10:42:12.338427,3
2551,851,Created,2026-02-21 13:15:00,4
2552,851,Dispatched,2026-02-21 18:21:03.379728,4
2553,851,Delivered,2026-02-23 21:51:48.662337,4
2554,852,Created,2026-02-21 11:00:00,2
2555,852,Dispatched,2026-02-21 15:56:36.704511,2
2556,852,Delivered,2026-02-24 05:55:16.538957,2
2557,853,Created,2026-02-21 17:30:00,4
2558,853,Dispatched,2026-02-21 22:46:37.283308,4
2559,853,Delivered,2026-02-24 11:13:58.515133,4
2560,854,Created,2026-02-21 17:00:00,1
2561,854,Dispatched,2026-02-21 19:59:33.543576,1
2562,854,Delivered,2026-02-24 05:46:36.379947,1
2563,855,Created,2026-02-21 17:45:00,1
2564,855,Dispatched,2026-02-21 23:20:00.745212,1
2565,855,Delivered,2026-02-24 05:13:53.253181,1
2566,856,Created,2026-02-22 15:45:00,4
2567,856,Dispatched,2026-02-22 17:54:07.630681,4
2568,856,Delivered,2026-02-25 05:36:13.679610,4
2569,857,Created,2026-02-22 07:00:00,1
2570,857,Dispatched,2026-02-22 12:34:03.577359,1
2571,857,Delivered,2026-02-22 23:22:46.764647,1
2572,858,Created,2026-02-22 10:00:00,3
2573,858,Dispatched,2026-02-22 16:26:57.377160,3
2574,858,Delivered,2026-02-23 03:41:24.810192,3
2575,859,Created,2026-02-22 13:15:00,3
2576,859,Dispatched,2026-02-22 16:38:31.597993,3
2577,859,Delivered,2026-02-23 15:04:45.740171,3
2578,860,Created,2026-02-22 16:45:00,2
2579,860,Dispatched,2026-02-22 21:41:05.155250,2
2580,860,Delivered,2026-02-24 18:38:23.900969,2
2581,861,Created,2026-02-22 09:30:00,5
2582,861,Dispatched,2026-02-22 10:52:04.691248,5
2583,861,Delivered,2026-02-23 06:59:37.691880,5
2584,862,Created,2026-02-22 14:45:00,6
2585,862,Dispatched,2026-02-22 16:56:33.932429,6
2586,862,Delivered,2026-02-25 02:04:29.082946,6
2587,863,Created,2026-02-22 17:00:00,1
2588,863,Dispatched,2026-02-22 20:58:12.996459,1
2589,863,Delivered,2026-02-26 21:53:10.442263,1
2590,864,Created,2026-02-22 07:15:00,3
2591,864,Dispatched,2026-02-22 11:17:02.716763,3
2592,864,Delivered,2026-02-23 22:58:54.168001,3
2593,865,Created,2026-02-22 12:30:00,2
2594,865,Dispatched,2026-02-22 16:13:26.880547,2
2595,865,Delivered,2026-02-25 08:34:30.469154,2
2596,866,Created,2026-02-22 14:15:00,5
2597,866,Dispatched,2026-02-22 17:00:50.055471,5
2598,866,Delivered,2026-02-25 21:59:29.049817,5
2599,867,Created,2026-02-22 17:15:00,3
2600,867,Dispatched,2026-02-22 23:56:50.810714,3
2601,867,Delivered,2026-02-24 08:23:15.019404,3
2602,868,Created,2026-02-22 08:30:00,6
2603,868,Dispatched,2026-02-22 10:40:56.123784,6
2604,868,Delivered,2026-02-23 03:01:55.229377,6
2605,869,Created,2026-02-22 12:15:00,1
2606,869,Dispatched,2026-02-22 17:22:57.486281,1
2607,869,Delivered,2026-02-25 07:24:27.576461,1
2608,870,Created,2026-02-22 16:15:00,3
2609,870,Dispatched,2026-02-22 19:41:38.663176,3
2610,870,Delivered,2026-02-25 17:03:13.543162,3
2611,871,Created,2026-02-22 10:45:00,1
2612,871,Dispatched,2026-02-22 14:18:42.002523,1
2613,871,Delivered,2026-02-24 22:44:59.129293,1
2614,872,Created,2026-02-23 08:30:00,1
2615,872,Dispatched,2026-02-23 11:28:18.320114,1
2616,872,Delivered,2026-02-24 04:40:57.495859,1
2617,873,Created,2026-02-23 13:00:00,5
2618,873,Dispatched,2026-02-23 14:34:56.294001,5
2619,873,Delivered,2026-02-26 09:53:36.187439,5
2620,874,Created,2026-02-23 13:00:00,2
2621,874,Dispatched,2026-02-23 19:36:19.267557,2
2622,874,Delivered,2026-02-26 03:27:16.683893,2
2623,875,Created,2026-02-23 14:00:00,3
2624,875,Dispatched,2026-02-23 17:45:57.579662,3
2625,875,Delivered,2026-02-26 06:20:44.941426,3
2626,876,Created,2026-02-23 18:45:00,1
2627,876,Dispatched,2026-02-23 23:50:15.832461,1
2628,876,Delivered,2026-02-23 23:02:02.528086,1
2629,877,Created,2026-02-23 15:15:00,2
2630,877,Dispatched,2026-02-23 16:24:28.425122,2
2631,877,Delivered,2026-02-23 15:02:33.086464,2
2632,878,Created,2026-02-23 07:45:00,3
2633,878,Dispatched,2026-02-23 13:59:44.748015,3
2634,878,Delivered,2026-02-23 13:32:09.770758,3
2635,879,Created,2026-02-23 10:45:00,2
2636,879,Dispatched,2026-02-23 16:06:18.747112,2
2637,879,Delivered,2026-02-25 18:48:42.259959,2
2638,880,Created,2026-02-23 16:30:00,1
2639,880,Dispatched,2026-02-23 23:04:08.040120,1
2640,880,Delivered,2026-02-26 05:05:11.204511,1
2641,881,Created,2026-02-23 18:15:00,2
2642,881,Dispatched,2026-02-23 23:58:38.307319,2
2643,881,Delivered,2026-02-26 04:12:55.510463,2
2644,882,Created,2026-02-23 12:45:00,2
2645,882,Dispatched,2026-02-23 16:47:43.444249,2
2646,882,Delivered,2026-02-23 11:58:07.353653,2
2647,883,Created,2026-02-23 11:45:00,1
2648,883,Dispatched,2026-02-23 14:40:42.711475,1
2649,883,Delivered,2026-02-25 15:28:08.522312,1
2650,884,Created,2026-02-23 16:15:00,1
2651,884,Dispatched,2026-02-23 18:35:52.910524,1
2652,884,Delivered,2026-02-25 23:28:10.261572,1
2653,885,Created,2026-02-23 12:15:00,1
2654,885,Dispatched,2026-02-23 16:50:29.313703,1
2655,885,Delivered,2026-02-24 06:16:46.673805,1
2656,886,Created,2026-02-23 14:30:00,1
2657,886,Dispatched,2026-02-23 16:46:00.897112,1
2658,886,Delivered,2026-02-24 08:54:25.953442,1
2659,887,Created,2026-02-23 07:00:00,6
2660,887,Dispatched,2026-02-23 12:56:30.657703,6
2661,887,Delivered,2026-02-24 08:12:01.500971,6
2662,888,Created,2026-02-23 07:15:00,2
2663,888,Dispatched,2026-02-23 12:51:48.743252,2
2664,888,Delivered,2026-02-28 05:33:31.116810,2
2665,889,Created,2026-02-23 15:30:00,3
2666,889,Dispatched,2026-02-23 21:11:53.936948,3
2667,889,Delivered,2026-02-25 22:00:53.364925,3
2668,890,Created,2026-02-23 08:00:00,5
2669,890,Dispatched,2026-02-23 13:03:50.527736,5
2670,890,Delivered,2026-02-25 18:04:07.754659,5
2671,891,Created,2026-02-23 11:15:00,5
2672,891,Dispatched,2026-02-23 15:42:49.009529,5
2673,891,Delivered,2026-02-26 06:11:07.200593,5
2674,892,Created,2026-02-24 08:00:00,2
2675,892,Dispatched,2026-02-24 11:05:35.532163,2
2676,892,Delivered,2026-02-27 04:20:01.649736,2
2677,893,Created,2026-02-24 10:15:00,1
2678,893,Dispatched,2026-02-24 11:15:52.600636,1
2679,893,Delivered,2026-02-24 14:42:54.508131,1
2680,894,Created,2026-02-24 17:30:00,4
2681,894,Dispatched,2026-02-24 20:50:35.822402,4
2682,894,Delivered,2026-02-27 12:43:16.274981,4
2683,895,Created,2026-02-24 15:15:00,1
2684,895,Dispatched,2026-02-24 21:37:48.441318,1
2685,895,Delivered,2026-02-28 12:05:17.456288,1
2686,896,Created,2026-02-24 08:15:00,6
2687,896,Dispatched,2026-02-24 11:35:42.101104,6
2688,896,Delivered,2026-02-24 23:13:35.019316,6
2689,897,Created,2026-02-24 16:15:00,5
2690,897,Dispatched,2026-02-24 20:21:20.924850,5
2691,897,Delivered,2026-02-25 20:54:29.795483,5
2692,898,Created,2026-02-24 08:45:00,6
2693,898,Dispatched,2026-02-24 14:57:55.162277,6
2694,898,Delivered,2026-02-26 23:56:10.522369,6
2695,899,Created,2026-02-24 08:30:00,1
2696,899,Dispatched,2026-02-24 10:48:29.124632,1
2697,899,Delivery Failed,2026-02-27 01:06:02.475669,1
2698,900,Created,2026-02-24 16:15:00,1
2699,900,Dispatched,2026-02-24 17:25:18.979936,1
2700,900,Delivered,2026-02-24 12:02:36.030886,1
2701,901,Created,2026-02-24 09:30:00,1
2702,901,Dispatched,2026-02-24 11:42:26.395136,1
2703,901,Delivered,2026-02-25 13:57:14.919967,1
2704,902,Created,2026-02-24 08:15:00,2
2705,902,Dispatched,2026-02-24 13:24:47.081008,2
2706,902,Delivered,2026-02-27 05:27:25.120270,2
2707,903,Created,2026-02-24 10:45:00,4
2708,903,Dispatched,2026-02-24 16:48:40.057760,4
2709,903,Delivered,2026-02-27 09:33:15.898531,4
2710,904,Created,2026-02-24 17:30:00,4
2711,904,Dispatched,2026-02-24 19:00:00.263106,4
2712,904,Delivered,2026-02-25 15:59:32.511993,4
2713,905,Created,2026-02-24 12:00:00,4
2714,905,Dispatched,2026-02-24 14:42:02.572247,4
2715,905,Delivered,2026-02-26 20:41:38.536155,4
2716,906,Created,2026-02-25 16:15:00,2
2717,906,Dispatched,2026-02-25 19:28:27.274897,2
2718,906,Delivered,2026-03-01 03:35:53.512067,2
2719,907,Created,2026-02-25 08:15:00,2
2720,907,Dispatched,2026-02-25 12:07:11.666390,2
2721,907,Delivered,2026-02-26 06:11:32.100888,2
2722,908,Created,2026-02-25 10:15:00,1
2723,908,Dispatched,2026-02-25 14:48:45.519031,1
2724,908,Delivered,2026-02-26 12:47:33.148868,1
2725,909,Created,2026-02-25 14:15:00,5
2726,909,Dispatched,2026-02-25 19:31:41.676033,5
2727,909,Delivered,2026-02-28 04:44:58.821259,5
2728,910,Created,2026-02-25 17:30:00,6
2729,910,Dispatched,2026-02-25 20:10:54.758227,6
2730,910,Delivered,2026-02-26 12:47:32.707277,6
2731,911,Created,2026-02-25 07:00:00,1
2732,911,Dispatched,2026-02-25 08:43:21.148108,1
2733,911,Delivered,2026-02-26 02:15:29.337284,1
2734,912,Created,2026-02-25 12:00:00,2
2735,912,Dispatched,2026-02-25 15:35:44.691746,2
2736,912,Delivered,2026-03-01 05:32:35.023200,2
2737,913,Created,2026-02-25 11:00:00,3
2738,913,Dispatched,2026-02-25 15:21:35.961728,3
2739,913,Delivered,2026-02-28 06:40:39.402447,3
2740,914,Created,2026-02-25 17:45:00,4
2741,914,Dispatched,2026-02-25 22:34:36.510995,4
2742,914,Delivered,2026-02-26 08:59:18.495003,4
2743,915,Created,2026-02-25 17:00:00,5
2744,915,Dispatched,2026-02-25 21:01:27.589458,5
2745,915,Delivered,2026-02-26 14:18:02.661289,5
2746,916,Created,2026-02-25 11:45:00,2
2747,916,Dispatched,2026-02-25 14:55:10.767429,2
2748,916,Delivered,2026-02-28 15:12:07.964663,2
2749,917,Created,2026-02-25 16:15:00,1
2750,917,Dispatched,2026-02-25 19:43:10.663487,1
2751,917,Delivered,2026-02-28 14:14:04.667497,1
2752,918,Created,2026-02-25 08:00:00,1
2753,918,Dispatched,2026-02-25 11:38:56.686207,1
2754,918,Delivered,2026-02-26 01:36:26.791740,1
2755,919,Created,2026-02-25 16:15:00,5
2756,919,Dispatched,2026-02-25 22:01:00.196065,5
2757,919,Delivered,2026-02-26 17:55:44.215625,5
2758,920,Created,2026-02-25 17:00:00,2
2759,920,Dispatched,2026-02-25 20:41:42.436807,2
2760,920,Delivery Failed,2026-02-26 14:10:44.667516,2
2761,921,Created,2026-02-25 11:15:00,5
2762,921,Dispatched,2026-02-25 16:31:36.642308,5
2763,921,Delivered,2026-02-28 02:56:24.818637,5
2764,922,Created,2026-02-25 08:00:00,5
2765,922,Dispatched,2026-02-25 13:17:09.869512,5
2766,922,Delivered,2026-02-27 08:06:34.925446,5
2767,923,Created,2026-02-25 15:00:00,2
2768,923,Dispatched,2026-02-25 19:52:47.741348,2
2769,923,Delivered,2026-02-26 11:51:49.258502,2
2770,924,Created,2026-02-25 15:30:00,2
2771,924,Dispatched,2026-02-25 16:34:40.779385,2
2772,924,Delivered,2026-02-28 05:40:39.867865,2
2773,925,Created,2026-02-26 16:15:00,6
2774,925,Dispatched,2026-02-26 19:06:15.099185,6
2775,925,Delivered,2026-03-02 03:18:06.736670,6
2776,926,Created,2026-02-26 17:45:00,1
2777,926,Dispatched,2026-02-26 19:54:32.998539,1
2778,926,Delivered,2026-02-27 08:29:46.281612,1
2779,927,Created,2026-02-26 18:45:00,4
2780,927,Dispatched,2026-02-26 20:43:50.077745,4
2781,927,Delivered,2026-02-27 19:07:15.709418,4
2782,928,Created,2026-02-26 07:15:00,5
2783,928,Dispatched,2026-02-26 10:09:37.276173,5
2784,928,Delivered,2026-02-28 16:59:21.278137,5
2785,929,Created,2026-02-26 10:45:00,6
2786,929,Dispatched,2026-02-26 16:29:00.463525,6
2787,929,Delivered,2026-02-27 04:58:34.021557,6
2788,930,Created,2026-02-26 11:00:00,3
2789,930,Dispatched,2026-02-26 17:07:01.505636,3
2790,930,Delivered,2026-03-01 08:00:03.868358,3
2791,931,Created,2026-02-26 17:15:00,4
2792,931,Dispatched,2026-02-26 21:21:01.230229,4
2793,931,Delivered,2026-02-27 11:25:42.802837,4
2794,932,Created,2026-02-26 09:30:00,1
2795,932,Dispatched,2026-02-26 12:10:32.668734,1
2796,932,Delivered,2026-02-26 06:46:53.251781,1
2797,933,Created,2026-02-26 13:15:00,3
2798,933,Dispatched,2026-02-26 16:08:38.612443,3
2799,933,Delivered,2026-02-28 12:38:21.032720,3
2800,934,Created,2026-02-26 14:00:00,4
2801,934,Dispatched,2026-02-26 18:41:44.713610,4
2802,934,Delivered,2026-03-01 09:43:34.689736,4
2803,935,Created,2026-02-26 07:45:00,5
2804,935,Dispatched,2026-02-26 09:39:23.165842,5
2805,935,Delivered,2026-02-27 08:14:35.765030,5
2806,936,Created,2026-02-26 09:00:00,3
2807,936,Dispatched,2026-02-26 14:42:08.944339,3
2808,936,Delivered,2026-02-28 21:24:08.218288,3
2809,937,Created,2026-02-26 16:00:00,2
2810,937,Dispatched,2026-02-26 19:07:28.952759,2
2811,937,Delivered,2026-02-27 15:20:38.752054,2
2812,938,Created,2026-02-26 14:30:00,3
2813,938,Dispatched,2026-02-26 21:19:39.650893,3
2814,938,Delivered,2026-02-27 16:09:48.280248,3
2815,939,Created,2026-02-26 14:45:00,1
2816,939,Dispatched,2026-02-26 21:07:09.797922,1
2817,939,Delivered,2026-03-01 22:34:00.026870,1
2818,940,Created,2026-02-26 08:30:00,5
2819,940,Dispatched,2026-02-26 13:18:13.337633,5
2820,940,Delivered,2026-02-28 19:31:51.658289,5
2821,941,Created,2026-02-26 07:15:00,3
2822,941,Dispatched,2026-02-26 09:48:18.722268,3
2823,941,Delivered,2026-02-26 23:14:36.199488,3
2824,942,Created,2026-02-26 11:15:00,1
2825,942,Dispatched,2026-02-26 15:20:43.134440,1
2826,942,Delivered,2026-02-28 23:07:38.620506,1
2827,943,Created,2026-02-26 15:45:00,6
2828,943,Dispatched,2026-02-26 20:45:39.205132,6
2829,943,Delivered,2026-03-01 12:57:38.041708,6
2830,944,Created,2026-02-26 11:30:00,5
2831,944,Dispatched,2026-02-26 17:23:00.555071,5
2832,944,Delivered,2026-02-27 03:56:45.974052,5
2833,945,Created,2026-02-27 12:15:00,2
2834,945,Dispatched,2026-02-27 18:53:19.795747,2
2835,945,Delivered,2026-03-04 05:35:29.869030,2
2836,946,Created,2026-02-27 15:15:00,4
2837,946,Dispatched,2026-02-27 19:42:58.393726,4
2838,946,Delivered,2026-03-03 13:59:23.622267,4
2839,947,Created,2026-02-27 13:45:00,2
2840,947,Dispatched,2026-02-27 17:59:01.321314,2
2841,947,Delivered,2026-03-02 06:02:59.252927,2
2842,948,Created,2026-02-27 09:00:00,2
2843,948,Dispatched,2026-02-27 14:16:00.991175,2
2844,948,Delivered,2026-02-28 04:15:00.980946,2
2845,949,Created,2026-02-27 18:00:00,6
2846,949,Dispatched,2026-02-28 00:07:07.903996,6
2847,949,Delivered,2026-03-02 11:40:06.597295,6
2848,950,Created,2026-02-27 16:00:00,5
2849,950,Dispatched,2026-02-27 17:26:45.816467,5
2850,950,Delivered,2026-03-01 23:04:57.445586,5
2851,951,Created,2026-02-27 10:00:00,6
2852,951,Dispatched,2026-02-27 16:37:32.178328,6
2853,951,Delivered,2026-03-02 06:11:19.021090,6
2854,952,Created,2026-02-27 13:15:00,2
2855,952,Dispatched,2026-02-27 16:02:56.569135,2
2856,952,Delivered,2026-03-02 09:15:37.674927,2
2857,953,Created,2026-02-27 16:00:00,1
2858,953,Dispatched,2026-02-27 18:03:42.668040,1
2859,953,Delivered,2026-03-01 16:19:53.328431,1
2860,954,Created,2026-02-27 13:00:00,5
2861,954,Dispatched,2026-02-27 17:43:12.775360,5
2862,954,Delivered,2026-03-01 23:57:57.210517,5
2863,955,Created,2026-02-27 10:30:00,2
2864,955,Dispatched,2026-02-27 12:18:54.392789,2
2865,955,Delivered,2026-02-27 16:52:33.645123,2
2866,956,Created,2026-02-27 15:30:00,2
2867,956,Dispatched,2026-02-27 19:14:57.492177,2
2868,956,Delivered,2026-02-28 03:35:04.019217,2
2869,957,Created,2026-02-27 18:30:00,5
2870,957,Dispatched,2026-02-28 01:03:07.206985,5
2871,957,Delivered,2026-03-02 02:37:02.341195,5
2872,958,Created,2026-02-27 07:45:00,1
2873,958,Dispatched,2026-02-27 13:38:55.698172,1
2874,958,Delivered,2026-03-01 13:50:56.362134,1
2875,959,Created,2026-02-27 16:00:00,4
2876,959,Dispatched,2026-02-27 22:06:28.820691,4
2877,959,Delivered,2026-02-28 11:37:35.692880,4
2878,960,Created,2026-02-27 18:00:00,4
2879,960,Dispatched,2026-02-27 19:24:16.136986,4
2880,960,Delivery Failed,2026-03-03 07:36:27.066883,4
2881,961,Created,2026-02-27 18:30:00,5
2882,961,Dispatched,2026-02-27 23:28:23.403204,5
2883,961,Delivered,2026-02-28 01:50:47.943101,5
2884,962,Created,2026-02-27 12:30:00,4
2885,962,Dispatched,2026-02-27 16:44:09.931164,4
2886,962,Delivered,2026-03-02 01:01:38.001093,4
2887,963,Created,2026-02-27 14:00:00,2
2888,963,Dispatched,2026-02-27 20:52:07.014484,2
2889,963,Delivered,2026-03-02 04:10:06.331037,2
2890,964,Created,2026-02-28 10:00:00,1
2891,964,Dispatched,2026-02-28 16:24:35.846184,1
2892,964,Delivered,2026-03-01 02:50:42.097817,1
2893,965,Created,2026-02-28 11:00:00,5
2894,965,Dispatched,2026-02-28 12:17:16.599099,5
2895,965,Delivered,2026-03-02 23:50:04.855145,5
2896,966,Created,2026-02-28 14:30:00,3
2897,966,Dispatched,2026-02-28 20:05:18.194776,3
2898,966,Delivered,2026-02-28 09:49:53.179906,3
2899,967,Created,2026-02-28 18:00:00,4
2900,967,Dispatched,2026-02-28 19:25:41.340249,4
2901,967,Delivered,2026-03-02 15:41:57.681982,4
2902,968,Created,2026-02-28 15:15:00,4
2903,968,Dispatched,2026-02-28 16:37:13.239105,4
2904,968,Delivered,2026-03-01 18:40:48.493279,4
2905,969,Created,2026-02-28 07:00:00,2
2906,969,Dispatched,2026-02-28 09:45:55.537596,2
2907,969,Delivered,2026-03-03 20:52:31.202352,2
2908,970,Created,2026-02-28 09:30:00,1
2909,970,Dispatched,2026-02-28 14:14:25.635247,1
2910,970,Delivered,2026-03-01 09:13:15.014902,1
2911,971,Created,2026-02-28 12:15:00,5
2912,971,Dispatched,2026-02-28 15:18:23.381244,5
2913,971,Delivered,2026-03-02 00:52:18.156085,5
2914,972,Created,2026-02-28 12:15:00,1
2915,972,Dispatched,2026-02-28 16:49:02.036770,1
2916,972,Delivered,2026-03-01 09:11:39.754449,1
2917,973,Created,2026-02-28 08:15:00,1
2918,973,Dispatched,2026-02-28 11:17:14.336665,1
2919,973,Delivered,2026-02-28 11:31:34.769986,1
2920,974,Created,2026-02-28 12:00:00,4
2921,974,Dispatched,2026-02-28 17:19:44.501285,4
2922,974,Delivered,2026-03-01 16:40:18.751749,4
2923,975,Created,2026-03-01 18:45:00,3
2924,975,Dispatched,2026-03-02 01:26:45.404850,3
2925,975,Delivered,2026-03-04 08:18:04.018385,3
2926,976,Created,2026-03-01 12:15:00,3
2927,976,Dispatched,2026-03-01 16:58:35.444584,3
2928,976,Delivered,2026-03-02 14:04:30.246491,3
2929,977,Created,2026-03-01 18:45:00,1
2930,977,Dispatched,2026-03-01 20:03:40.013516,1
2931,977,Delivered,2026-03-02 16:12:04.080309,1
2932,978,Created,2026-03-01 07:15:00,3
2933,978,Dispatched,2026-03-01 09:23:46.257365,3
2934,978,Delivered,2026-03-03 20:52:17.822083,3
2935,979,Created,2026-03-01 15:45:00,1
2936,979,Dispatched,2026-03-01 22:18:40.528840,1
2937,979,Delivered,2026-03-03 09:38:31.413644,1
2938,980,Created,2026-03-01 08:00:00,1
2939,980,Dispatched,2026-03-01 11:05:15.302260,1
2940,980,Delivered,2026-03-02 06:50:47.782335,1
2941,981,Created,2026-03-01 08:30:00,4
2942,981,Dispatched,2026-03-01 13:53:58.799433,4
2943,981,Delivered,2026-03-01 05:29:52.406279,4
2944,982,Created,2026-03-01 07:30:00,1
2945,982,Dispatched,2026-03-01 13:08:31.241306,1
2946,982,Delivered,2026-03-03 18:22:13.090523,1
2947,983,Created,2026-03-01 08:45:00,4
2948,983,Dispatched,2026-03-01 13:38:39.317325,4
2949,983,Delivered,2026-03-04 05:56:10.679360,4
2950,984,Created,2026-03-01 12:00:00,1
2951,984,Dispatched,2026-03-01 17:27:59.868221,1
2952,984,Delivered,2026-03-04 02:05:56.949357,1
2953,985,Created,2026-03-01 15:00:00,4
2954,985,Dispatched,2026-03-01 19:45:25.619641,4
2955,985,Delivered,2026-03-04 11:57:59.233342,4
2956,986,Created,2026-03-01 08:45:00,5
2957,986,Dispatched,2026-03-01 14:00:38.610771,5
2958,986,Delivered,2026-03-02 19:04:08.907536,5
2959,987,Created,2026-03-01 08:30:00,6
2960,987,Dispatched,2026-03-01 13:42:56.177334,6
2961,987,Delivered,2026-03-01 12:44:27.888891,6
2962,988,Created,2026-03-01 15:45:00,6
2963,988,Dispatched,2026-03-01 19:16:28.797309,6
2964,988,Delivered,2026-03-03 23:38:18.824845,6
2965,989,Created,2026-03-01 12:45:00,2
2966,989,Dispatched,2026-03-01 14:44:49.051669,2
2967,989,Delivered,2026-03-04 02:17:37.084632,2
2968,990,Created,2026-03-01 10:15:00,6
2969,990,Dispatched,2026-03-01 14:15:34.646793,6
2970,990,Delivered,2026-03-04 08:11:06.653689,6
2971,991,Created,2026-03-02 13:30:00,3
2972,991,Dispatched,2026-03-02 17:17:09.781912,3
2973,991,Delivered,2026-03-03 18:00:10.870386,3
2974,992,Created,2026-03-02 15:30:00,1
2975,992,Dispatched,2026-03-02 17:15:13.238216,1
2976,992,Delivered,2026-03-05 11:20:34.124425,1
2977,993,Created,2026-03-02 09:15:00,5
2978,993,Dispatched,2026-03-02 13:45:09.046968,5
2979,993,Delivered,2026-03-03 06:14:46.881742,5
2980,994,Created,2026-03-02 10:15:00,5
2981,994,Dispatched,2026-03-02 11:29:46.512050,5
2982,994,Delivered,2026-03-05 02:05:06.815278,5
2983,995,Created,2026-03-02 17:45:00,2
2984,995,Dispatched,2026-03-02 23:04:58.903929,2
2985,995,Delivered,2026-03-05 00:11:59.252609,2
2986,996,Created,2026-03-02 12:15:00,2
2987,996,Dispatched,2026-03-02 18:16:01.036410,2
2988,996,Delivered,2026-03-04 23:29:47.547792,2
2989,997,Created,2026-03-02 13:45:00,3
2990,997,Dispatched,2026-03-02 18:09:18.886934,3
2991,997,Delivered,2026-03-04 23:01:04.808083,3
2992,998,Created,2026-03-02 15:15:00,2
2993,998,Dispatched,2026-03-02 21:31:26.656794,2
2994,998,Delivered,2026-03-03 14:18:06.180343,2
2995,999,Created,2026-03-02 08:15:00,1
2996,999,Dispatched,2026-03-02 11:25:59.871449,1
2997,999,Delivered,2026-03-03 12:55:50.735230,1
2998,1000,Created,2026-03-02 08:15:00,5
2999,1000,Dispatched,2026-03-02 14:04:39.520477,5
3000,1000,Delivery Failed,2026-03-02 21:16:45.801442,5
3001,1001,Created,2026-03-02 07:45:00,4
3002,1001,Dispatched,2026-03-02 13:01:14.083528,4
3003,1001,Delivered,2026-03-05 00:20:01.780492,4
3004,1002,Created,2026-03-02 18:30:00,2
3005,1002,Dispatched,2026-03-02 23:02:53.392843,2
3006,1002,Delivered,2026-03-05 08:27:53.758100,2
3007,1003,Created,2026-03-02 17:45:00,1
3008,1003,Dispatched,2026-03-02 23:31:04.003699,1
3009,1003,Delivered,2026-03-05 05:07:15.690393,1
3010,1004,Created,2026-03-02 12:30:00,1
3011,1004,Dispatched,2026-03-02 16:52:35.899791,1
3012,1004,Delivered,2026-03-05 00:56:40.977838,1
3013,1005,Created,2026-03-02 11:30:00,3
3014,1005,Dispatched,2026-03-02 16:36:08.568640,3
3015,1005,Delivered,2026-03-04 19:06:26.732821,3
3016,1006,Created,2026-03-02 14:00:00,4
3017,1006,Dispatched,2026-03-02 20:31:57.043954,4
3018,1006,Delivered,2026-03-03 17:51:15.985962,4
3019,1007,Created,2026-03-02 16:45:00,1
3020,1007,Dispatched,2026-03-02 21:09:38.994684,1
3021,1007,Delivered,2026-03-05 06:35:20.592732,1
3022,1008,Created,2026-03-02 14:30:00,3
3023,1008,Dispatched,2026-03-02 17:24:38.267434,3
3024,1008,Delivered,2026-03-03 15:54:40.225109,3
3025,1009,Created,2026-03-02 08:45:00,1
3026,1009,Dispatched,2026-03-02 13:15:32.785660,1
3027,1009,Delivered,2026-03-04 15:55:25.422836,1
3028,1010,Created,2026-03-02 17:15:00,1
3029,1010,Dispatched,2026-03-02 22:55:15.535581,1
3030,1010,Delivered,2026-03-03 12:46:28.737086,1
3031,1011,Created,2026-03-02 17:30:00,6
3032,1011,Dispatched,2026-03-02 18:34:40.250914,6
3033,1011,Delivered,2026-03-05 06:12:25.647913,6
3034,1012,Created,2026-03-02 16:15:00,2
3035,1012,Dispatched,2026-03-02 22:46:01.011400,2
3036,1012,Delivered,2026-03-03 07:31:21.913777,2
3037,1013,Created,2026-03-03 10:15:00,2
3038,1013,Dispatched,2026-03-03 13:01:37.563421,2
3039,1013,Delivered,2026-03-07 01:37:07.105601,2
3040,1014,Created,2026-03-03 12:15:00,2
3041,1014,Dispatched,2026-03-03 14:11:27.451822,2
3042,1014,Delivered,2026-03-06 20:26:25.923566,2
3043,1015,Created,2026-03-03 14:30:00,5
3044,1015,Dispatched,2026-03-03 15:50:45.388835,5
3045,1015,Delivered,2026-03-06 06:15:58.094442,5
3046,1016,Created,2026-03-03 10:15:00,1
3047,1016,Dispatched,2026-03-03 11:50:17.602178,1
3048,1016,Delivered,2026-03-05 18:08:02.306287,1
3049,1017,Created,2026-03-03 09:00:00,5
3050,1017,Dispatched,2026-03-03 15:05:30.883895,5
3051,1017,Delivered,2026-03-04 03:54:48.176206,5
3052,1018,Created,2026-03-03 15:30:00,4
3053,1018,Dispatched,2026-03-03 20:32:34.420843,4
3054,1018,Delivered,2026-03-06 12:01:32.852662,4
3055,1019,Created,2026-03-03 14:00:00,1
3056,1019,Dispatched,2026-03-03 19:38:37.857619,1
3057,1019,Delivered,2026-03-07 19:53:35.003327,1
3058,1020,Created,2026-03-03 16:45:00,5
3059,1020,Dispatched,2026-03-03 18:44:01.363082,5
3060,1020,Delivered,2026-03-04 18:11:48.357001,5
3061,1021,Created,2026-03-03 08:15:00,2
3062,1021,Dispatched,2026-03-03 15:08:30.433781,2
3063,1021,Delivered,2026-03-05 23:11:45.614272,2
3064,1022,Created,2026-03-03 17:45:00,6
3065,1022,Dispatched,2026-03-03 22:15:11.534684,6
3066,1022,Delivered,2026-03-04 14:50:11.859571,6
3067,1023,Created,2026-03-03 15:30:00,6
3068,1023,Dispatched,2026-03-03 16:30:47.689948,6
3069,1023,Delivered,2026-03-06 09:08:47.492232,6
3070,1024,Created,2026-03-03 07:15:00,3
3071,1024,Dispatched,2026-03-03 13:51:51.124859,3
3072,1024,Delivered,2026-03-05 15:36:03.422597,3
3073,1025,Created,2026-03-03 18:15:00,1
3074,1025,Dispatched,2026-03-04 00:09:25.783981,1
3075,1025,Delivered,2026-03-04 07:23:28.635851,1
3076,1026,Created,2026-03-03 09:00:00,4
3077,1026,Dispatched,2026-03-03 13:28:57.881975,4
3078,1026,Delivered,2026-03-05 19:40:36.742956,4
3079,1027,Created,2026-03-03 10:45:00,1
3080,1027,Dispatched,2026-03-03 14:23:05.038148,1
3081,1027,Delivered,2026-03-06 00:41:47.949715,1
3082,1028,Created,2026-03-03 18:00:00,6
3083,1028,Dispatched,2026-03-04 00:36:20.570389,6
3084,1028,Delivered,2026-03-04 10:57:41.245392,6
3085,1029,Created,2026-03-03 07:45:00,1
3086,1029,Dispatched,2026-03-03 10:50:21.430030,1
3087,1029,Delivered,2026-03-05 20:38:29.961448,1
3088,1030,Created,2026-03-03 16:45:00,3
3089,1030,Dispatched,2026-03-03 22:57:58.051408,3
3090,1030,Delivery Failed,2026-03-04 13:19:54.709119,3
3091,1031,Created,2026-03-04 12:30:00,6
3092,1031,Dispatched,2026-03-04 19:04:23.341127,6
3093,1031,Delivered,2026-03-07 04:49:23.808254,6
3094,1032,Created,2026-03-04 16:30:00,1
3095,1032,Dispatched,2026-03-04 23:22:40.009642,1
3096,1032,Delivered,2026-03-05 10:19:41.148684,1
3097,1033,Created,2026-03-04 12:30:00,3
3098,1033,Dispatched,2026-03-04 18:06:20.759486,3
3099,1033,Delivered,2026-03-07 11:28:14.290728,3
3100,1034,Created,2026-03-04 18:30:00,1
3101,1034,Dispatched,2026-03-04 22:36:21.152466,1
3102,1034,Delivered,2026-03-07 00:13:02.816350,1
3103,1035,Created,2026-03-04 07:30:00,2
3104,1035,Dispatched,2026-03-04 09:18:56.688336,2
3105,1035,Delivered,2026-03-07 05:21:17.757140,2
3106,1036,Created,2026-03-04 14:15:00,1
3107,1036,Dispatched,2026-03-04 19:04:08.173097,1
3108,1036,Delivered,2026-03-06 20:07:55.289211,1
3109,1037,Created,2026-03-04 16:45:00,4
3110,1037,Dispatched,2026-03-04 22:53:12.973885,4
3111,1037,Delivered,2026-03-08 08:42:31.192715,4
3112,1038,Created,2026-03-04 12:00:00,1
3113,1038,Dispatched,2026-03-04 17:13:53.575360,1
3114,1038,Delivered,2026-03-06 18:01:54.092378,1
3115,1039,Created,2026-03-04 08:15:00,5
3116,1039,Dispatched,2026-03-04 09:56:46.836328,5
3117,1039,Delivered,2026-03-05 12:42:26.582962,5
3118,1040,Created,2026-03-04 16:30:00,2
3119,1040,Dispatched,2026-03-04 19:33:21.499444,2
3120,1040,Delivered,2026-03-05 12:36:50.968420,2
3121,1041,Created,2026-03-04 18:15:00,1
3122,1041,Dispatched,2026-03-04 20:07:53.214374,1
3123,1041,Delivered,2026-03-05 14:32:29.659168,1
3124,1042,Created,2026-03-04 09:30:00,1
3125,1042,Dispatched,2026-03-04 16:19:20.205020,1
3126,1042,Delivered,2026-03-07 03:56:46.385040,1
3127,1043,Created,2026-03-04 11:15:00,4
3128,1043,Dispatched,2026-03-04 14:29:52.302992,4
3129,1043,Delivered,2026-03-06 23:09:49.238975,4
3130,1044,Created,2026-03-04 14:45:00,1
3131,1044,Dispatched,2026-03-04 18:13:41.773914,1
3132,1044,Delivered,2026-03-06 23:28:53.165231,1
3133,1045,Created,2026-03-04 10:30:00,2
3134,1045,Dispatched,2026-03-04 15:57:51.874017,2
3135,1045,Delivered,2026-03-05 03:51:06.874985,2
3136,1046,Created,2026-03-04 13:00:00,1
3137,1046,Dispatched,2026-03-04 18:19:27.106500,1
3138,1046,Delivered,2026-03-05 14:04:11.383109,1
3139,1047,Created,2026-03-04 13:45:00,1
3140,1047,Dispatched,2026-03-04 17:13:36.614342,1
3141,1047,Delivered,2026-03-06 22:11:34.736585,1
3142,1048,Created,2026-03-05 14:45:00,4
3143,1048,Dispatched,2026-03-05 18:31:29.952787,4
3144,1048,Delivered,2026-03-08 05:01:36.037070,4
3145,1049,Created,2026-03-05 10:30:00,1
3146,1049,Dispatched,2026-03-05 14:07:53.831550,1
3147,1049,Delivered,2026-03-06 13:40:52.394618,1
3148,1050,Created,2026-03-05 17:45:00,1
3149,1050,Dispatched,2026-03-05 21:53:40.907233,1
3150,1050,Delivered,2026-03-06 10:49:51.662080,1
3151,1051,Created,2026-03-05 07:00:00,3
3152,1051,Dispatched,2026-03-05 08:46:30.937108,3
3153,1051,Delivered,2026-03-05 13:10:07.953390,3
3154,1052,Created,2026-03-05 16:45:00,4
3155,1052,Dispatched,2026-03-05 23:15:21.663803,4
3156,1052,Delivered,2026-03-06 17:36:01.900535,4
3157,1053,Created,2026-03-05 15:15:00,2
3158,1053,Dispatched,2026-03-05 17:10:15.322139,2
3159,1053,Delivered,2026-03-08 00:22:34.709535,2
3160,1054,Created,2026-03-05 11:45:00,3
3161,1054,Dispatched,2026-03-05 13:52:15.406693,3
3162,1054,Delivered,2026-03-08 10:00:52.024335,3
3163,1055,Created,2026-03-05 08:15:00,2
3164,1055,Dispatched,2026-03-05 11:32:31.803208,2
3165,1055,Delivered,2026-03-07 20:09:08.535256,2
3166,1056,Created,2026-03-05 09:45:00,1
3167,1056,Dispatched,2026-03-05 12:18:34.347995,1
3168,1056,Delivered,2026-03-06 03:02:51.120696,1
3169,1057,Created,2026-03-05 15:45:00,1
3170,1057,Dispatched,2026-03-05 17:21:17.968716,1
3171,1057,Delivered,2026-03-06 09:39:09.566155,1
3172,1058,Created,2026-03-05 08:15:00,1
3173,1058,Dispatched,2026-03-05 11:23:38.617400,1
3174,1058,Delivered,2026-03-07 19:11:52.470617,1
3175,1059,Created,2026-03-05 07:45:00,5
3176,1059,Dispatched,2026-03-05 09:08:01.795777,5
3177,1059,Delivered,2026-03-07 15:40:09.037453,5
3178,1060,Created,2026-03-06 15:00:00,5
3179,1060,Dispatched,2026-03-06 18:45:31.321542,5
3180,1060,Delivered,2026-03-07 17:20:52.607590,5
3181,1061,Created,2026-03-06 11:15:00,3
3182,1061,Dispatched,2026-03-06 17:57:57.883054,3
3183,1061,Delivered,2026-03-08 19:50:44.801074,3
3184,1062,Created,2026-03-06 17:00:00,5
3185,1062,Dispatched,2026-03-06 22:37:57.612129,5
3186,1062,Delivered,2026-03-08 04:09:17.874644,5
3187,1063,Created,2026-03-06 15:00:00,5
3188,1063,Dispatched,2026-03-06 17:30:05.801217,5
3189,1063,Delivered,2026-03-09 12:33:29.317833,5
3190,1064,Created,2026-03-06 17:15:00,2
3191,1064,Dispatched,2026-03-06 19:25:12.778649,2
3192,1064,Delivered,2026-03-07 07:52:09.310002,2
3193,1065,Created,2026-03-06 09:45:00,2
3194,1065,Dispatched,2026-03-06 12:43:56.797455,2
3195,1065,Delivered,2026-03-09 04:45:00.097047,2
3196,1066,Created,2026-03-06 10:00:00,3
3197,1066,Dispatched,2026-03-06 13:56:04.094864,3
3198,1066,Delivered,2026-03-09 01:24:09.510730,3
3199,1067,Created,2026-03-06 10:30:00,2
3200,1067,Dispatched,2026-03-06 15:26:09.045106,2
3201,1067,Delivered,2026-03-06 10:43:50.392060,2
3202,1068,Created,2026-03-06 16:15:00,1
3203,1068,Dispatched,2026-03-06 21:48:36.484829,1
3204,1068,Delivered,2026-03-06 19:12:48.974431,1
3205,1069,Created,2026-03-06 15:00:00,1
3206,1069,Dispatched,2026-03-06 16:18:11.164357,1
3207,1069,Delivered,2026-03-06 18:31:03.626721,1
3208,1070,Created,2026-03-06 12:15:00,1
3209,1070,Dispatched,2026-03-06 19:10:25.407293,1
3210,1070,Delivered,2026-03-07 16:20:51.316952,1
3211,1071,Created,2026-03-06 14:45:00,6
3212,1071,Dispatched,2026-03-06 16:19:09.799247,6
3213,1071,Delivered,2026-03-09 10:51:33.607454,6
3214,1072,Created,2026-03-06 14:15:00,6
3215,1072,Dispatched,2026-03-06 18:13:24.443287,6
3216,1072,Delivered,2026-03-09 08:20:14.412094,6
3217,1073,Created,2026-03-06 07:30:00,2
3218,1073,Dispatched,2026-03-06 11:41:34.667843,2
3219,1073,Delivered,2026-03-06 10:37:00.358529,2
3220,1074,Created,2026-03-06 17:30:00,4
3221,1074,Dispatched,2026-03-06 19:20:16.104712,4
3222,1074,Delivered,2026-03-09 21:57:14.413678,4
3223,1075,Created,2026-03-06 17:00:00,1
3224,1075,Dispatched,2026-03-06 23:53:11.889698,1
3225,1075,Delivered,2026-03-09 12:48:21.876047,1
3226,1076,Created,2026-03-07 07:30:00,4
3227,1076,Dispatched,2026-03-07 12:51:18.099358,4
3228,1076,Delivered,2026-03-09 16:51:03.479824,4
3229,1077,Created,2026-03-07 17:15:00,3
3230,1077,Dispatched,2026-03-07 23:25:18.707377,3
3231,1077,Delivered,2026-03-07 19:48:18.838996,3
3232,1078,Created,2026-03-07 10:30:00,1
3233,1078,Dispatched,2026-03-07 16:52:16.147917,1
3234,1078,Delivered,2026-03-08 13:01:11.256032,1
3235,1079,Created,2026-03-07 17:30:00,3
3236,1079,Dispatched,2026-03-07 21:29:29.845880,3
3237,1079,Delivered,2026-03-08 14:48:40.974649,3
3238,1080,Created,2026-03-07 12:30:00,3
3239,1080,Dispatched,2026-03-07 16:12:15.463223,3
3240,1080,Delivered,2026-03-08 03:17:03.701628,3
3241,1081,Created,2026-03-07 09:30:00,2
3242,1081,Dispatched,2026-03-07 12:01:58.511548,2
3243,1081,Delivered,2026-03-08 10:06:45.202855,2
3244,1082,Created,2026-03-07 15:30:00,1
3245,1082,Dispatched,2026-03-07 21:03:39.788600,1
3246,1082,Delivered,2026-03-10 01:04:44.378424,1
3247,1083,Created,2026-03-07 09:30:00,1
3248,1083,Dispatched,2026-03-07 12:17:28.783885,1
3249,1083,Delivered,2026-03-12 08:14:03.226231,1
3250,1084,Created,2026-03-07 10:45:00,6
3251,1084,Dispatched,2026-03-07 17:35:15.003491,6
3252,1084,Delivered,2026-03-10 00:00:03.067960,6
3253,1085,Created,2026-03-07 07:45:00,1
3254,1085,Dispatched,2026-03-07 12:43:50.511880,1
3255,1085,Delivered,2026-03-08 10:06:00.883680,1
3256,1086,Created,2026-03-07 17:30:00,3
3257,1086,Dispatched,2026-03-07 21:04:38.909098,3
3258,1086,Delivered,2026-03-08 08:13:43.750271,3
3259,1087,Created,2026-03-07 15:00:00,2
3260,1087,Dispatched,2026-03-07 20:35:47.935474,2
3261,1087,Delivered,2026-03-07 15:35:40.553979,2
3262,1088,Created,2026-03-07 14:15:00,1
3263,1088,Dispatched,2026-03-07 18:52:54.559659,1
3264,1088,Delivered,2026-03-10 01:44:53.507195,1
3265,1089,Created,2026-03-07 12:15:00,5
3266,1089,Dispatched,2026-03-07 18:53:30.659919,5
3267,1089,Delivered,2026-03-08 03:46:03.796564,5
3268,1090,Created,2026-03-07 18:45:00,6
3269,1090,Dispatched,2026-03-08 00:00:52.643895,6
3270,1090,Delivered,2026-03-08 11:12:12.500950,6
3271,1091,Created,2026-03-07 12:15:00,3
3272,1091,Dispatched,2026-03-07 14:41:34.437462,3
3273,1091,Delivered,2026-03-08 15:08:22.228617,3
3274,1092,Created,2026-03-07 15:00:00,1
3275,1092,Dispatched,2026-03-07 20:31:11.655429,1
3276,1092,Delivered,2026-03-08 08:41:05.742224,1
3277,1093,Created,2026-03-08 13:45:00,3
3278,1093,Dispatched,2026-03-08 20:36:51.768804,3
3279,1093,Delivered,2026-03-11 07:40:20.457646,3
3280,1094,Created,2026-03-08 17:45:00,2
3281,1094,Dispatched,2026-03-08 23:50:45.541888,2
3282,1094,Delivered,2026-03-08 12:54:47.810711,2
3283,1095,Created,2026-03-08 07:30:00,5
3284,1095,Dispatched,2026-03-08 11:54:16.360734,5
3285,1095,Delivered,2026-03-11 02:02:26.524193,5
3286,1096,Created,2026-03-08 12:45:00,1
3287,1096,Dispatched,2026-03-08 19:39:00.794046,1
3288,1096,Delivered,2026-03-08 07:18:54.453217,1
3289,1097,Created,2026-03-08 17:45:00,6
3290,1097,Dispatched,2026-03-08 20:52:35.878560,6
3291,1097,Delivered,2026-03-11 03:37:54.880254,6
3292,1098,Created,2026-03-08 09:45:00,4
3293,1098,Dispatched,2026-03-08 16:26:41.515580,4
3294,1098,Delivered,2026-03-08 03:05:52.741658,4
3295,1099,Created,2026-03-08 14:45:00,1
3296,1099,Dispatched,2026-03-08 20:35:44.318897,1
3297,1099,Delivered,2026-03-09 03:15:23.386499,1
3298,1100,Created,2026-03-08 09:00:00,2
3299,1100,Dispatched,2026-03-08 10:21:18.961044,2
3300,1100,Delivered,2026-03-10 19:52:07.754303,2
3301,1101,Created,2026-03-08 17:00:00,1
3302,1101,Dispatched,2026-03-08 23:00:23.552750,1
3303,1101,Delivered,2026-03-09 08:33:34.945774,1
3304,1102,Created,2026-03-08 13:15:00,6
3305,1102,Dispatched,2026-03-08 19:51:59.050505,6
3306,1102,Delivered,2026-03-11 06:05:40.799418,6
3307,1103,Created,2026-03-08 13:15:00,5
3308,1103,Dispatched,2026-03-08 14:45:44.415943,5
3309,1103,Delivered,2026-03-10 21:04:04.493484,5
3310,1104,Created,2026-03-08 08:15:00,6
3311,1104,Dispatched,2026-03-08 09:31:25.538577,6
3312,1104,Delivered,2026-03-11 01:14:36.587959,6
3313,1105,Created,2026-03-08 18:15:00,2
3314,1105,Dispatched,2026-03-08 20:02:17.702389,2
3315,1105,Delivered,2026-03-09 08:40:35.702955,2
3316,1106,Created,2026-03-09 10:00:00,2
3317,1106,Dispatched,2026-03-09 13:37:57.315627,2
3318,1106,Delivered,2026-03-09 09:57:31.026338,2
3319,1107,Created,2026-03-09 16:00:00,3
3320,1107,Dispatched,2026-03-09 22:38:58.703367,3
3321,1107,Delivered,2026-03-12 03:52:43.684111,3
3322,1108,Created,2026-03-09 09:45:00,2
3323,1108,Dispatched,2026-03-09 11:37:22.362675,2
3324,1108,Delivered,2026-03-09 14:23:47.010502,2
3325,1109,Created,2026-03-09 08:45:00,4
3326,1109,Dispatched,2026-03-09 12:29:24.840570,4
3327,1109,Delivered,2026-03-10 16:01:13.230763,4
3328,1110,Created,2026-03-09 12:15:00,2
3329,1110,Dispatched,2026-03-09 14:11:51.303660,2
3330,1110,Delivered,2026-03-12 02:21:33.287945,2
3331,1111,Created,2026-03-09 10:30:00,3
3332,1111,Dispatched,2026-03-09 17:28:12.820683,3
3333,1111,Delivered,2026-03-10 07:12:53.058433,3
3334,1112,Created,2026-03-09 16:45:00,5
3335,1112,Dispatched,2026-03-09 18:32:42.904235,5
3336,1112,Delivered,2026-03-11 23:39:01.914540,5
3337,1113,Created,2026-03-09 09:00:00,3
3338,1113,Dispatched,2026-03-09 13:47:32.450049,3
3339,1113,Delivered,2026-03-10 09:59:19.150584,3
3340,1114,Created,2026-03-09 15:00:00,1
3341,1114,Dispatched,2026-03-09 18:33:22.526984,1
3342,1114,Delivered,2026-03-09 10:39:49.160234,1
3343,1115,Created,2026-03-09 14:45:00,2
3344,1115,Dispatched,2026-03-09 18:28:04.336608,2
3345,1115,Delivered,2026-03-09 14:15:09.347081,2
3346,1116,Created,2026-03-09 15:15:00,6
3347,1116,Dispatched,2026-03-09 21:53:17.392358,6
3348,1116,Delivered,2026-03-12 11:16:56.630300,6
3349,1117,Created,2026-03-09 16:15:00,2
3350,1117,Dispatched,2026-03-09 19:33:44.438988,2
3351,1117,Delivered,2026-03-12 07:18:17.178670,2
3352,1118,Created,2026-03-09 12:00:00,2
3353,1118,Dispatched,2026-03-09 14:51:48.877093,2
3354,1118,Delivered,2026-03-11 18:56:51.587451,2
3355,1119,Created,2026-03-09 13:45:00,2
3356,1119,Dispatched,2026-03-09 16:15:01.176227,2
3357,1119,Delivered,2026-03-12 09:40:58.137156,2
3358,1120,Created,2026-03-09 07:30:00,3
3359,1120,Dispatched,2026-03-09 10:07:44.857019,3
3360,1120,Delivered,2026-03-11 16:10:39.323652,3
3361,1121,Created,2026-03-09 18:30:00,2
3362,1121,Dispatched,2026-03-09 22:44:13.196299,2
3363,1121,Delivered,2026-03-12 04:34:36.107527,2
3364,1122,Created,2026-03-09 18:30:00,5
3365,1122,Dispatched,2026-03-09 21:18:47.496550,5
3366,1122,Delivered,2026-03-12 16:02:59.018486,5
3367,1123,Created,2026-03-09 18:15:00,2
3368,1123,Dispatched,2026-03-10 00:37:41.882213,2
3369,1123,Delivered,2026-03-10 13:32:09.479380,2
3370,1124,Created,2026-03-09 18:30:00,3
3371,1124,Dispatched,2026-03-09 21:47:12.455453,3
3372,1124,Delivered,2026-03-12 10:11:38.626983,3
3373,1125,Created,2026-03-09 13:30:00,1
3374,1125,Dispatched,2026-03-09 15:36:03.695036,1
3375,1125,Delivery Failed,2026-03-11 14:57:04.077735,1
3376,1126,Created,2026-03-10 07:00:00,5
3377,1126,Dispatched,2026-03-10 12:18:05.074111,5
3378,1126,Delivered,2026-03-13 03:02:15.184104,5
3379,1127,Created,2026-03-10 11:30:00,1
3380,1127,Dispatched,2026-03-10 12:57:50.437036,1
3381,1127,Delivered,2026-03-10 23:43:59.012512,1
3382,1128,Created,2026-03-10 17:45:00,1
3383,1128,Dispatched,2026-03-10 22:23:07.168013,1
3384,1128,Delivered,2026-03-11 11:33:16.913421,1
3385,1129,Created,2026-03-10 14:00:00,4
3386,1129,Dispatched,2026-03-10 16:37:24.141492,4
3387,1129,Delivery Failed,2026-03-12 07:44:40.861413,4
3388,1130,Created,2026-03-10 13:30:00,1
3389,1130,Dispatched,2026-03-10 18:42:55.064421,1
3390,1130,Delivered,2026-03-12 10:18:38.245765,1
3391,1131,Created,2026-03-10 15:30:00,1
3392,1131,Dispatched,2026-03-10 19:12:10.637098,1
3393,1131,Delivered,2026-03-10 12:08:31.608787,1
3394,1132,Created,2026-03-10 17:15:00,2
3395,1132,Dispatched,2026-03-10 21:17:11.215893,2
3396,1132,Delivered,2026-03-11 08:23:51.090832,2
3397,1133,Created,2026-03-10 15:45:00,4
3398,1133,Dispatched,2026-03-10 19:47:45.272330,4
3399,1133,Delivered,2026-03-11 17:51:04.628404,4
3400,1134,Created,2026-03-10 13:30:00,3
3401,1134,Dispatched,2026-03-10 16:52:23.700465,3
3402,1134,Delivered,2026-03-13 04:56:53.664908,3
3403,1135,Created,2026-03-10 11:00:00,2
3404,1135,Dispatched,2026-03-10 16:21:34.648089,2
3405,1135,Delivered,2026-03-10 17:59:09.114974,2
3406,1136,Created,2026-03-10 15:45:00,1
3407,1136,Dispatched,2026-03-10 17:42:15.581213,1
3408,1136,Delivered,2026-03-11 00:22:00.382714,1
3409,1137,Created,2026-03-10 15:45:00,5
3410,1137,Dispatched,2026-03-10 21:02:44.665819,5
3411,1137,Delivered,2026-03-11 13:40:32.253819,5
3412,1138,Created,2026-03-11 12:15:00,2
3413,1138,Dispatched,2026-03-11 18:29:16.064120,2
3414,1138,Delivered,2026-03-14 06:14:04.277792,2
3415,1139,Created,2026-03-11 08:45:00,4
3416,1139,Dispatched,2026-03-11 11:21:12.583219,4
3417,1139,Delivered,2026-03-12 12:26:17.182822,4
3418,1140,Created,2026-03-11 12:15:00,1
3419,1140,Dispatched,2026-03-11 15:25:42.362450,1
3420,1140,Delivered,2026-03-11 06:44:25.586262,1
3421,1141,Created,2026-03-11 15:30:00,5
3422,1141,Dispatched,2026-03-11 22:14:25.248564,5
3423,1141,Delivered,2026-03-12 19:51:30.319831,5
3424,1142,Created,2026-03-11 13:45:00,1
3425,1142,Dispatched,2026-03-11 16:08:19.610297,1
3426,1142,Delivered,2026-03-12 05:30:01.106060,1
3427,1143,Created,2026-03-11 07:45:00,6
3428,1143,Dispatched,2026-03-11 14:14:23.654186,6
3429,1143,Delivered,2026-03-14 02:17:32.817924,6
3430,1144,Created,2026-03-11 08:45:00,1
3431,1144,Dispatched,2026-03-11 11:57:48.379400,1
3432,1144,Delivered,2026-03-13 15:30:50.851861,1
3433,1145,Created,2026-03-11 14:45:00,6
3434,1145,Dispatched,2026-03-11 20:52:33.230080,6
3435,1145,Delivered,2026-03-14 02:01:25.998135,6
3436,1146,Created,2026-03-11 13:45:00,2
3437,1146,Dispatched,2026-03-11 20:11:17.950183,2
3438,1146,Delivered,2026-03-12 08:13:45.934004,2
3439,1147,Created,2026-03-11 17:00:00,1
3440,1147,Dispatched,2026-03-11 18:04:27.354920,1
3441,1147,Delivered,2026-03-11 11:48:12.602092,1
3442,1148,Created,2026-03-11 12:00:00,6
3443,1148,Dispatched,2026-03-11 15:54:44.372860,6
3444,1148,Delivered,2026-03-12 23:08:35.007331,6
3445,1149,Created,2026-03-11 17:30:00,2
3446,1149,Dispatched,2026-03-11 21:08:36.808542,2
3447,1149,Delivered,2026-03-12 06:34:13.437960,2
3448,1150,Created,2026-03-11 11:15:00,6
3449,1150,Dispatched,2026-03-11 15:40:14.215932,6
3450,1150,Delivered,2026-03-12 01:28:30.033034,6
3451,1151,Created,2026-03-11 15:15:00,4
3452,1151,Dispatched,2026-03-11 20:07:52.148749,4
3453,1151,Delivered,2026-03-14 13:07:40.731275,4
3454,1152,Created,2026-03-12 08:45:00,2
3455,1152,Dispatched,2026-03-12 09:53:35.894094,2
3456,1152,Delivered,2026-03-14 21:14:10.728262,2
3457,1153,Created,2026-03-12 14:45:00,5
3458,1153,Dispatched,2026-03-12 15:56:10.449171,5
3459,1153,Delivered,2026-03-13 18:55:12.803845,5
3460,1154,Created,2026-03-12 13:30:00,4
3461,1154,Dispatched,2026-03-12 14:35:46.584383,4
3462,1154,Delivered,2026-03-14 20:16:09.032556,4
3463,1155,Created,2026-03-12 09:45:00,5
3464,1155,Dispatched,2026-03-12 13:23:35.182377,5
3465,1155,Delivered,2026-03-14 21:01:37.660077,5
3466,1156,Created,2026-03-12 13:30:00,3
3467,1156,Dispatched,2026-03-12 19:50:09.166294,3
3468,1156,Delivered,2026-03-14 01:31:21.303606,3
3469,1157,Created,2026-03-12 17:30:00,3
3470,1157,Dispatched,2026-03-12 21:05:26.590063,3
3471,1157,Delivered,2026-03-15 07:48:00.633469,3
3472,1158,Created,2026-03-12 17:15:00,1
3473,1158,Dispatched,2026-03-12 19:57:25.555995,1
3474,1158,Delivered,2026-03-14 13:19:28.994647,1
3475,1159,Created,2026-03-12 13:30:00,3
3476,1159,Dispatched,2026-03-12 18:24:42.666610,3
3477,1159,Delivered,2026-03-13 10:15:46.768951,3
3478,1160,Created,2026-03-12 09:00:00,3
3479,1160,Dispatched,2026-03-12 12:04:09.383719,3
3480,1160,Delivered,2026-03-13 19:52:05.154895,3
3481,1161,Created,2026-03-12 10:45:00,3
3482,1161,Dispatched,2026-03-12 17:00:54.512261,3
3483,1161,Delivered,2026-03-13 03:05:51.254962,3
3484,1162,Created,2026-03-12 08:00:00,1
3485,1162,Dispatched,2026-03-12 10:44:30.685376,1
3486,1162,Delivery Failed,2026-03-14 23:46:42.015091,1
3487,1163,Created,2026-03-12 18:30:00,6
3488,1163,Dispatched,2026-03-13 00:16:29.294959,6
3489,1163,Delivered,2026-03-17 04:53:29.837553,6
3490,1164,Created,2026-03-13 16:30:00,1
3491,1164,Dispatched,2026-03-13 18:36:30.539168,1
3492,1164,Delivered,2026-03-14 18:00:04.942925,1
3493,1165,Created,2026-03-13 15:00:00,3
3494,1165,Dispatched,2026-03-13 16:20:35.877955,3
3495,1165,Delivered,2026-03-15 21:33:21.865634,3
3496,1166,Created,2026-03-13 14:15:00,4
3497,1166,Dispatched,2026-03-13 17:27:23.038371,4
3498,1166,Delivered,2026-03-16 12:28:44.036880,4
3499,1167,Created,2026-03-13 14:30:00,3
3500,1167,Dispatched,2026-03-13 21:14:20.303445,3
3501,1167,Delivered,2026-03-17 09:02:05.507926,3
3502,1168,Created,2026-03-13 16:15:00,2
3503,1168,Dispatched,2026-03-13 21:16:16.927487,2
3504,1168,Delivered,2026-03-16 13:32:42.114415,2
3505,1169,Created,2026-03-13 18:15:00,4
3506,1169,Dispatched,2026-03-13 21:41:45.390553,4
3507,1169,Delivery Failed,2026-03-14 09:13:05.353723,4
3508,1170,Created,2026-03-13 10:15:00,5
3509,1170,Dispatched,2026-03-13 16:34:15.094478,5
3510,1170,Delivered,2026-03-15 00:32:35.045180,5
3511,1171,Created,2026-03-13 12:45:00,1
3512,1171,Dispatched,2026-03-13 18:32:07.105334,1
3513,1171,Delivered,2026-03-16 08:59:39.731023,1
3514,1172,Created,2026-03-13 07:15:00,4
3515,1172,Dispatched,2026-03-13 08:56:33.578078,4
3516,1172,Delivered,2026-03-18 02:08:20.283225,4
3517,1173,Created,2026-03-13 09:00:00,1
3518,1173,Dispatched,2026-03-13 14:08:13.484550,1
3519,1173,Delivered,2026-03-14 01:54:49.103340,1
3520,1174,Created,2026-03-13 09:45:00,5
3521,1174,Dispatched,2026-03-13 13:13:18.626181,5
3522,1174,Delivered,2026-03-16 03:23:30.924371,5
3523,1175,Created,2026-03-13 14:00:00,4
3524,1175,Dispatched,2026-03-13 16:45:23.651234,4
3525,1175,Delivered,2026-03-14 13:06:56.881485,4
3526,1176,Created,2026-03-13 14:45:00,1
3527,1176,Dispatched,2026-03-13 20:28:55.568344,1
3528,1176,Delivered,2026-03-16 02:49:40.490321,1
3529,1177,Created,2026-03-13 08:00:00,2
3530,1177,Dispatched,2026-03-13 13:33:21.398827,2
3531,1177,Delivered,2026-03-15 17:18:38.846652,2
3532,1178,Created,2026-03-13 14:00:00,4
3533,1178,Dispatched,2026-03-13 16:54:04.675812,4
3534,1178,Delivered,2026-03-14 16:06:29.625170,4
3535,1179,Created,2026-03-14 14:30:00,4
3536,1179,Dispatched,2026-03-14 21:09:45.294207,4
3537,1179,Delivered,2026-03-17 04:20:49.416612,4
3538,1180,Created,2026-03-14 14:30:00,3
3539,1180,Dispatched,2026-03-14 15:43:00.797770,3
3540,1180,Delivered,2026-03-14 10:57:57.090970,3
3541,1181,Created,2026-03-14 17:45:00,6
3542,1181,Dispatched,2026-03-14 20:28:47.994582,6
3543,1181,Delivered,2026-03-17 15:10:46.197138,6
3544,1182,Created,2026-03-14 18:30:00,5
3545,1182,Dispatched,2026-03-15 00:13:39.563085,5
3546,1182,Delivered,2026-03-17 07:56:02.908146,5
3547,1183,Created,2026-03-14 11:45:00,5
3548,1183,Dispatched,2026-03-14 18:18:40.202970,5
3549,1183,Delivered,2026-03-15 00:34:41.123224,5
3550,1184,Created,2026-03-14 15:45:00,1
3551,1184,Dispatched,2026-03-14 17:00:59.053021,1
3552,1184,Delivery Failed,2026-03-15 09:32:35.609453,1
3553,1185,Created,2026-03-14 11:15:00,3
3554,1185,Dispatched,2026-03-14 15:03:12.340502,3
3555,1185,Delivered,2026-03-17 02:38:16.736775,3
3556,1186,Created,2026-03-14 18:45:00,3
3557,1186,Dispatched,2026-03-14 21:14:39.893569,3
3558,1186,Delivered,2026-03-15 14:29:04.986364,3
3559,1187,Created,2026-03-14 18:30:00,3
3560,1187,Dispatched,2026-03-14 23:40:26.393346,3
3561,1187,Delivered,2026-03-17 15:27:34.804871,3
3562,1188,Created,2026-03-14 07:15:00,1
3563,1188,Dispatched,2026-03-14 11:36:21.984561,1
3564,1188,Delivered,2026-03-15 22:35:28.437917,1
3565,1189,Created,2026-03-14 18:30:00,1
3566,1189,Dispatched,2026-03-14 21:11:31.569629,1
3567,1189,Delivered,2026-03-14 12:20:40.639701,1
3568,1190,Created,2026-03-14 15:45:00,2
3569,1190,Dispatched,2026-03-14 16:47:08.075305,2
3570,1190,Delivered,2026-03-15 11:44:54.478397,2
3571,1191,Created,2026-03-14 18:30:00,1
3572,1191,Dispatched,2026-03-14 23:09:48.684499,1
3573,1191,Delivered,2026-03-15 15:56:49.614148,1
3574,1192,Created,2026-03-14 13:15:00,2
3575,1192,Dispatched,2026-03-14 15:29:52.878661,2
3576,1192,Delivered,2026-03-15 08:47:37.494625,2
3577,1193,Created,2026-03-15 07:30:00,2
3578,1193,Dispatched,2026-03-15 14:28:47.842085,2
3579,1193,Delivered,2026-03-14 23:55:26.357151,2
3580,1194,Created,2026-03-15 07:15:00,3
3581,1194,Dispatched,2026-03-15 12:50:50.509299,3
3582,1194,Delivered,2026-03-15 23:14:16.596799,3
3583,1195,Created,2026-03-15 11:30:00,3
3584,1195,Dispatched,2026-03-15 16:13:56.784410,3
3585,1195,Delivered,2026-03-16 05:17:38.746424,3
3586,1196,Created,2026-03-15 10:30:00,2
3587,1196,Dispatched,2026-03-15 16:29:29.052610,2
3588,1196,Delivered,2026-03-17 22:51:39.559252,2
3589,1197,Created,2026-03-15 16:45:00,1
3590,1197,Dispatched,2026-03-15 20:54:12.299686,1
3591,1197,Delivered,2026-03-16 10:25:51.322140,1
3592,1198,Created,2026-03-15 10:15:00,4
3593,1198,Dispatched,2026-03-15 14:45:10.174274,4
3594,1198,Delivered,2026-03-16 01:42:54.748951,4
3595,1199,Created,2026-03-15 10:45:00,4
3596,1199,Dispatched,2026-03-15 16:18:56.676088,4
3597,1199,Delivered,2026-03-19 06:41:46.460177,4
3598,1200,Created,2026-03-15 11:15:00,1
3599,1200,Dispatched,2026-03-15 17:46:08.956784,1
3600,1200,Delivered,2026-03-17 21:20:15.914976,1
3601,1201,Created,2026-03-15 11:15:00,5
3602,1201,Dispatched,2026-03-15 15:50:17.980075,5
3603,1201,Delivered,2026-03-16 07:16:12.624525,5
3604,1202,Created,2026-03-15 10:15:00,1
3605,1202,Dispatched,2026-03-15 12:16:36.582955,1
3606,1202,Delivered,2026-03-15 17:31:03.297239,1
3607,1203,Created,2026-03-15 11:30:00,3
3608,1203,Dispatched,2026-03-15 18:19:26.876253,3
3609,1203,Delivered,2026-03-16 15:45:09.395554,3
3610,1204,Created,2026-03-15 12:00:00,1
3611,1204,Dispatched,2026-03-15 17:30:53.322387,1
3612,1204,Delivery Failed,2026-03-18 02:40:56.700797,1
3613,1205,Created,2026-03-15 09:00:00,1
3614,1205,Dispatched,2026-03-15 15:50:30.556993,1
3615,1205,Delivered,2026-03-18 02:03:24.932501,1
3616,1206,Created,2026-03-15 12:15:00,6
3617,1206,Dispatched,2026-03-15 13:39:52.923605,6
3618,1206,Delivered,2026-03-16 16:13:44.221328,6
3619,1207,Created,2026-03-15 07:45:00,2
3620,1207,Dispatched,2026-03-15 13:21:45.088385,2
3621,1207,Delivered,2026-03-20 08:36:04.363369,2
3622,1208,Created,2026-03-15 16:30:00,1
3623,1208,Dispatched,2026-03-15 18:05:43.010787,1
3624,1208,Delivered,2026-03-15 18:35:49.085277,1
3625,1209,Created,2026-03-15 12:00:00,4
3626,1209,Dispatched,2026-03-15 18:40:34.239670,4
3627,1209,Delivered,2026-03-17 18:18:37.175451,4
3628,1210,Created,2026-03-15 12:30:00,5
3629,1210,Dispatched,2026-03-15 18:01:38.608218,5
3630,1210,Delivered,2026-03-19 06:08:06.559397,5
3631,1211,Created,2026-03-15 17:45:00,2
3632,1211,Dispatched,2026-03-15 21:53:50.471991,2
3633,1211,Delivered,2026-03-16 12:10:12.728823,2
3634,1212,Created,2026-03-16 18:45:00,2
3635,1212,Dispatched,2026-03-16 20:48:47.923411,2
3636,1212,Delivered,2026-03-20 10:49:43.339929,2
3637,1213,Created,2026-03-16 16:30:00,3
3638,1213,Dispatched,2026-03-16 18:02:55.448707,3
3639,1213,Delivered,2026-03-19 07:20:11.058327,3
3640,1214,Created,2026-03-16 14:15:00,1
3641,1214,Dispatched,2026-03-16 18:09:09.599795,1
3642,1214,Delivered,2026-03-17 17:45:58.086403,1
3643,1215,Created,2026-03-16 15:30:00,3
3644,1215,Dispatched,2026-03-16 17:06:08.764693,3
3645,1215,Delivered,2026-03-18 23:20:32.383135,3
3646,1216,Created,2026-03-16 16:30:00,5
3647,1216,Dispatched,2026-03-16 17:56:44.106267,5
3648,1216,Delivered,2026-03-16 12:55:15.799373,5
3649,1217,Created,2026-03-16 18:30:00,1
3650,1217,Dispatched,2026-03-17 00:03:15.022294,1
3651,1217,Delivered,2026-03-17 15:15:44.977903,1
3652,1218,Created,2026-03-16 13:30:00,2
3653,1218,Dispatched,2026-03-16 16:24:53.485067,2
3654,1218,Delivered,2026-03-17 01:53:33.793588,2
3655,1219,Created,2026-03-16 16:30:00,1
3656,1219,Dispatched,2026-03-16 20:06:10.203656,1
3657,1219,Delivered,2026-03-16 20:14:18.797798,1
3658,1220,Created,2026-03-16 18:45:00,1
3659,1220,Dispatched,2026-03-17 00:44:02.338459,1
3660,1220,Delivered,2026-03-19 10:07:39.824626,1
3661,1221,Created,2026-03-16 11:15:00,4
3662,1221,Dispatched,2026-03-16 13:26:58.940103,4
3663,1221,Delivered,2026-03-17 01:52:18.329624,4
3664,1222,Created,2026-03-16 15:15:00,3
3665,1222,Dispatched,2026-03-16 19:17:01.912890,3
3666,1222,Delivered,2026-03-16 16:17:26.417032,3
3667,1223,Created,2026-03-16 15:45:00,2
3668,1223,Dispatched,2026-03-16 19:56:53.744971,2
3669,1223,Delivered,2026-03-19 03:42:04.391122,2
3670,1224,Created,2026-03-16 15:30:00,3
3671,1224,Dispatched,2026-03-16 18:34:33.237587,3
3672,1224,Delivered,2026-03-18 01:06:27.391609,3
3673,1225,Created,2026-03-16 08:30:00,3
3674,1225,Dispatched,2026-03-16 11:19:52.749837,3
3675,1225,Delivered,2026-03-17 12:36:56.623532,3
3676,1226,Created,2026-03-16 08:00:00,2
3677,1226,Dispatched,2026-03-16 13:12:23.456193,2
3678,1226,Delivered,2026-03-18 17:04:57.062411,2
3679,1227,Created,2026-03-16 10:00:00,4
3680,1227,Dispatched,2026-03-16 13:03:31.335519,4
3681,1227,Delivered,2026-03-18 18:38:35.943196,4
3682,1228,Created,2026-03-16 18:15:00,1
3683,1228,Dispatched,2026-03-16 19:22:42.507145,1
3684,1228,Delivered,2026-03-17 07:17:45.060284,1
3685,1229,Created,2026-03-16 13:00:00,2
3686,1229,Dispatched,2026-03-16 19:01:47.667001,2
3687,1229,Delivered,2026-03-17 13:22:16.944060,2
3688,1230,Created,2026-03-17 15:45:00,3
3689,1230,Dispatched,2026-03-17 18:10:20.422917,3
3690,1230,Delivered,2026-03-19 15:56:10.440186,3
3691,1231,Created,2026-03-17 14:00:00,4
3692,1231,Dispatched,2026-03-17 17:01:45.727980,4
3693,1231,Delivered,2026-03-21 02:13:09.972268,4
3694,1232,Created,2026-03-17 11:45:00,6
3695,1232,Dispatched,2026-03-17 18:44:56.762544,6
3696,1232,Delivered,2026-03-18 05:16:21.178718,6
3697,1233,Created,2026-03-17 11:00:00,3
3698,1233,Dispatched,2026-03-17 13:16:14.115171,3
3699,1233,Delivered,2026-03-18 12:22:17.194465,3
3700,1234,Created,2026-03-17 09:00:00,3
3701,1234,Dispatched,2026-03-17 10:27:55.151573,3
3702,1234,Delivered,2026-03-17 17:02:20.526086,3
3703,1235,Created,2026-03-17 13:00:00,3
3704,1235,Dispatched,2026-03-17 16:12:42.255520,3
3705,1235,Delivered,2026-03-18 01:16:45.029336,3
3706,1236,Created,2026-03-17 13:15:00,3
3707,1236,Dispatched,2026-03-17 18:03:11.214199,3
3708,1236,Delivered,2026-03-20 04:22:39.265975,3
3709,1237,Created,2026-03-17 15:45:00,4
3710,1237,Dispatched,2026-03-17 17:45:20.826499,4
3711,1237,Delivered,2026-03-21 13:26:44.717052,4
3712,1238,Created,2026-03-17 17:45:00,1
3713,1238,Dispatched,2026-03-17 21:18:29.226646,1
3714,1238,Delivered,2026-03-18 09:25:05.768911,1
3715,1239,Created,2026-03-17 14:30:00,2
3716,1239,Dispatched,2026-03-17 15:51:05.022800,2
3717,1239,Delivered,2026-03-20 11:59:31.727907,2
3718,1240,Created,2026-03-17 18:00:00,5
3719,1240,Dispatched,2026-03-18 00:14:30.004346,5
3720,1240,Delivered,2026-03-18 07:25:05.647590,5
3721,1241,Created,2026-03-17 14:15:00,1
3722,1241,Dispatched,2026-03-17 18:31:08.434432,1
3723,1241,Delivered,2026-03-19 15:06:22.674771,1
3724,1242,Created,2026-03-17 16:45:00,4
3725,1242,Dispatched,2026-03-17 20:40:07.685889,4
3726,1242,Delivered,2026-03-22 01:36:34.618050,4
3727,1243,Created,2026-03-17 14:15:00,3
3728,1243,Dispatched,2026-03-17 21:11:55.973975,3
3729,1243,Delivered,2026-03-18 06:10:42.024522,3
3730,1244,Created,2026-03-17 07:45:00,1
3731,1244,Dispatched,2026-03-17 12:06:23.821141,1
3732,1244,Delivered,2026-03-17 21:12:52.454916,1
3733,1245,Created,2026-03-17 16:15:00,4
3734,1245,Dispatched,2026-03-17 20:51:05.824487,4
3735,1245,Delivered,2026-03-22 10:00:44.669216,4
3736,1246,Created,2026-03-17 11:15:00,1
3737,1246,Dispatched,2026-03-17 15:31:26.335393,1
3738,1246,Delivered,2026-03-19 18:56:27.178001,1
3739,1247,Created,2026-03-17 15:00:00,2
3740,1247,Dispatched,2026-03-17 19:44:47.065150,2
3741,1247,Delivered,2026-03-20 06:59:30.959686,2
3742,1248,Created,2026-03-18 18:45:00,6
3743,1248,Dispatched,2026-03-18 22:10:21.551512,6
3744,1248,Delivered,2026-03-19 14:41:36.428011,6
3745,1249,Created,2026-03-18 11:00:00,2
3746,1249,Dispatched,2026-03-18 13:29:44.634378,2
3747,1249,Delivered,2026-03-20 21:54:01.376460,2
3748,1250,Created,2026-03-18 16:45:00,4
3749,1250,Dispatched,2026-03-18 20:59:16.280457,4
3750,1250,Delivered,2026-03-21 12:36:42.616131,4
3751,1251,Created,2026-03-18 16:45:00,3
3752,1251,Dispatched,2026-03-18 21:37:29.092849,3
3753,1251,Delivered,2026-03-21 05:24:14.103191,3
3754,1252,Created,2026-03-18 07:15:00,6
3755,1252,Dispatched,2026-03-18 13:00:24.448967,6
3756,1252,Delivered,2026-03-20 20:54:12.502501,6
3757,1253,Created,2026-03-18 11:45:00,3
3758,1253,Dispatched,2026-03-18 18:09:10.773325,3
3759,1253,Delivered,2026-03-21 05:04:45.871674,3
3760,1254,Created,2026-03-18 16:00:00,1
3761,1254,Dispatched,2026-03-18 18:57:09.287984,1
3762,1254,Delivered,2026-03-19 14:04:14.938055,1
3763,1255,Created,2026-03-18 09:45:00,3
3764,1255,Dispatched,2026-03-18 13:02:31.078904,3
3765,1255,Delivered,2026-03-19 14:03:47.477437,3
3766,1256,Created,2026-03-18 18:15:00,6
3767,1256,Dispatched,2026-03-18 23:53:38.432868,6
3768,1256,Delivered,2026-03-19 19:47:27.016502,6
3769,1257,Created,2026-03-18 07:30:00,1
3770,1257,Dispatched,2026-03-18 13:33:51.492363,1
3771,1257,Delivered,2026-03-19 07:44:07.657940,1
3772,1258,Created,2026-03-18 15:30:00,3
3773,1258,Dispatched,2026-03-18 16:31:53.817719,3
3774,1258,Delivered,2026-03-23 00:42:22.333830,3
3775,1259,Created,2026-03-18 15:45:00,3
3776,1259,Dispatched,2026-03-18 22:28:31.645265,3
3777,1259,Delivered,2026-03-19 10:38:08.933252,3
3778,1260,Created,2026-03-18 15:45:00,4
3779,1260,Dispatched,2026-03-18 22:21:04.251260,4
3780,1260,Delivered,2026-03-19 16:33:35.514415,4
3781,1261,Created,2026-03-18 14:30:00,1
3782,1261,Dispatched,2026-03-18 18:33:59.293352,1
3783,1261,Delivered,2026-03-20 22:20:37.006103,1
3784,1262,Created,2026-03-18 15:30:00,5
3785,1262,Dispatched,2026-03-18 19:17:09.019589,5
3786,1262,Delivered,2026-03-22 22:00:50.982137,5
3787,1263,Created,2026-03-18 14:45:00,1
3788,1263,Dispatched,2026-03-18 20:42:51.659134,1
3789,1263,Delivered,2026-03-18 10:50:03.471232,1
3790,1264,Created,2026-03-18 17:15:00,6
3791,1264,Dispatched,2026-03-18 23:56:26.806244,6
3792,1264,Delivered,2026-03-21 02:07:37.035707,6
3793,1265,Created,2026-03-18 12:15:00,2
3794,1265,Dispatched,2026-03-18 17:22:59.063066,2
3795,1265,Delivered,2026-03-18 20:47:49.203211,2
3796,1266,Created,2026-03-18 16:30:00,2
3797,1266,Dispatched,2026-03-18 18:24:14.446606,2
3798,1266,Delivered,2026-03-21 11:16:01.662420,2
3799,1267,Created,2026-03-19 07:45:00,5
3800,1267,Dispatched,2026-03-19 13:35:36.049491,5
3801,1267,Delivered,2026-03-21 16:31:40.233956,5
3802,1268,Created,2026-03-19 07:30:00,3
3803,1268,Dispatched,2026-03-19 09:08:46.607951,3
3804,1268,Delivered,2026-03-19 14:00:03.945094,3
3805,1269,Created,2026-03-19 07:00:00,4
3806,1269,Dispatched,2026-03-19 09:48:30.339391,4
3807,1269,Delivered,2026-03-21 23:41:00.739833,4
3808,1270,Created,2026-03-19 09:00:00,2
3809,1270,Dispatched,2026-03-19 14:57:59.731709,2
3810,1270,Delivered,2026-03-21 15:06:55.505509,2
3811,1271,Created,2026-03-19 12:00:00,2
3812,1271,Dispatched,2026-03-19 14:40:29.140922,2
3813,1271,Delivery Failed,2026-03-19 16:23:58.745837,2
3814,1272,Created,2026-03-19 10:00:00,3
3815,1272,Dispatched,2026-03-19 15:09:30.258159,3
3816,1272,Delivered,2026-03-21 01:56:29.092403,3
3817,1273,Created,2026-03-19 10:45:00,6
3818,1273,Dispatched,2026-03-19 17:24:29.899780,6
3819,1273,Delivered,2026-03-20 07:27:37.615648,6
3820,1274,Created,2026-03-19 09:30:00,1
3821,1274,Dispatched,2026-03-19 16:13:56.388297,1
3822,1274,Delivered,2026-03-20 10:52:09.634178,1
3823,1275,Created,2026-03-19 15:00:00,3
3824,1275,Dispatched,2026-03-19 20:16:34.183784,3
3825,1275,Delivered,2026-03-22 13:54:26.299816,3
3826,1276,Created,2026-03-19 14:45:00,2
3827,1276,Dispatched,2026-03-19 16:17:06.552677,2
3828,1276,Delivered,2026-03-22 21:31:13.461915,2
3829,1277,Created,2026-03-19 14:45:00,6
3830,1277,Dispatched,2026-03-19 16:09:45.309680,6
3831,1277,Delivered,2026-03-20 16:39:33.271662,6
3832,1278,Created,2026-03-19 17:30:00,4
3833,1278,Dispatched,2026-03-19 19:03:55.435597,4
3834,1278,Delivered,2026-03-20 14:42:37.891179,4
3835,1279,Created,2026-03-19 15:30:00,1
3836,1279,Dispatched,2026-03-19 22:17:16.899285,1
3837,1279,Delivered,2026-03-22 01:41:28.124501,1
3838,1280,Created,2026-03-19 11:30:00,2
3839,1280,Dispatched,2026-03-19 13:20:28.209594,2
3840,1280,Delivered,2026-03-21 10:54:07.148063,2
3841,1281,Created,2026-03-19 17:45:00,2
3842,1281,Dispatched,2026-03-19 20:17:09.212664,2
3843,1281,Delivered,2026-03-22 11:20:34.416404,2
3844,1282,Created,2026-03-19 11:30:00,3
3845,1282,Dispatched,2026-03-19 15:27:34.898622,3
3846,1282,Delivered,2026-03-20 05:15:11.035206,3
3847,1283,Created,2026-03-20 17:00:00,4
3848,1283,Dispatched,2026-03-20 18:59:00.114030,4
3849,1283,Delivered,2026-03-22 10:54:09.668234,4
3850,1284,Created,2026-03-20 17:00:00,2
3851,1284,Dispatched,2026-03-20 22:07:08.471250,2
3852,1284,Delivered,2026-03-23 10:01:32.692750,2
3853,1285,Created,2026-03-20 17:45:00,1
3854,1285,Dispatched,2026-03-21 00:15:39.362622,1
3855,1285,Delivered,2026-03-21 07:25:39.634229,1
3856,1286,Created,2026-03-20 16:30:00,1
3857,1286,Dispatched,2026-03-20 20:08:14.939420,1
3858,1286,Delivered,2026-03-23 09:24:54.399290,1
3859,1287,Created,2026-03-20 11:30:00,3
3860,1287,Dispatched,2026-03-20 15:16:47.334060,3
3861,1287,Delivered,2026-03-21 02:44:48.146371,3
3862,1288,Created,2026-03-20 18:15:00,3
3863,1288,Dispatched,2026-03-20 21:10:16.629935,3
3864,1288,Delivered,2026-03-20 18:41:28.840797,3
3865,1289,Created,2026-03-20 07:30:00,1
3866,1289,Dispatched,2026-03-20 11:57:07.435591,1
3867,1289,Delivered,2026-03-21 04:48:46.680379,1
3868,1290,Created,2026-03-20 08:00:00,6
3869,1290,Dispatched,2026-03-20 11:31:33.943388,6
3870,1290,Delivered,2026-03-23 02:50:08.793197,6
3871,1291,Created,2026-03-20 11:45:00,2
3872,1291,Dispatched,2026-03-20 15:09:46.252583,2
3873,1291,Delivered,2026-03-22 18:04:17.719230,2
3874,1292,Created,2026-03-20 09:15:00,4
3875,1292,Dispatched,2026-03-20 10:59:53.181639,4
3876,1292,Delivered,2026-03-21 01:35:22.377454,4
3877,1293,Created,2026-03-20 16:15:00,2
3878,1293,Dispatched,2026-03-20 22:27:41.560689,2
3879,1293,Delivered,2026-03-20 21:11:25.232043,2
3880,1294,Created,2026-03-20 08:15:00,2
3881,1294,Dispatched,2026-03-20 11:36:15.863903,2
3882,1294,Delivered,2026-03-22 22:17:55.355605,2
3883,1295,Created,2026-03-20 09:30:00,4
3884,1295,Dispatched,2026-03-20 12:53:00.314217,4
3885,1295,Delivered,2026-03-21 09:17:36.914356,4
3886,1296,Created,2026-03-20 18:45:00,5
3887,1296,Dispatched,2026-03-20 23:08:58.406042,5
3888,1296,Delivered,2026-03-25 19:36:01.767154,5
3889,1297,Created,2026-03-20 17:15:00,4
3890,1297,Dispatched,2026-03-20 22:31:38.844138,4
3891,1297,Delivered,2026-03-21 08:40:10.776738,4
3892,1298,Created,2026-03-20 12:00:00,1
3893,1298,Dispatched,2026-03-20 13:16:17.802664,1
3894,1298,Delivered,2026-03-23 08:55:02.710430,1
3895,1299,Created,2026-03-20 18:45:00,1
3896,1299,Dispatched,2026-03-20 23:37:40.548255,1
3897,1299,Delivered,2026-03-21 21:00:28.644875,1
3898,1300,Created,2026-03-20 10:00:00,3
3899,1300,Dispatched,2026-03-20 14:07:49.129047,3
3900,1300,Delivered,2026-03-23 01:18:53.403446,3
3901,1301,Created,2026-03-20 18:30:00,6
3902,1301,Dispatched,2026-03-20 20:20:04.864573,6
3903,1301,Delivered,2026-03-21 07:43:26.004063,6
3904,1302,Created,2026-03-20 17:00:00,2
3905,1302,Dispatched,2026-03-20 23:43:35.907065,2
3906,1302,Delivered,2026-03-20 13:11:52.456372,2
3907,1303,Created,2026-03-21 10:00:00,4
3908,1303,Dispatched,2026-03-21 13:37:29.018235,4
3909,1303,Delivered,2026-03-22 12:35:14.004656,4
3910,1304,Created,2026-03-21 15:15:00,3
3911,1304,Dispatched,2026-03-21 20:50:33.100151,3
3912,1304,Delivered,2026-03-21 12:05:17.577998,3
3913,1305,Created,2026-03-21 13:15:00,1
3914,1305,Dispatched,2026-03-21 19:08:00.938592,1
3915,1305,Delivered,2026-03-24 08:26:51.374176,1
3916,1306,Created,2026-03-21 13:45:00,5
3917,1306,Dispatched,2026-03-21 15:13:18.846798,5
3918,1306,Delivered,2026-03-22 18:37:38.765280,5
3919,1307,Created,2026-03-21 07:45:00,5
3920,1307,Dispatched,2026-03-21 14:15:36.063897,5
3921,1307,Delivered,2026-03-21 06:23:40.929275,5
3922,1308,Created,2026-03-21 11:15:00,5
3923,1308,Dispatched,2026-03-21 14:45:49.333484,5
3924,1308,Delivered,2026-03-24 06:02:56.005105,5
3925,1309,Created,2026-03-21 09:00:00,5
3926,1309,Dispatched,2026-03-21 14:48:29.883970,5
3927,1309,Delivered,2026-03-21 10:49:33.904840,5
3928,1310,Created,2026-03-21 10:30:00,6
3929,1310,Dispatched,2026-03-21 15:27:24.502063,6
3930,1310,Delivered,2026-03-22 14:16:49.923664,6
3931,1311,Created,2026-03-21 17:45:00,2
3932,1311,Dispatched,2026-03-21 22:06:30.819030,2
3933,1311,Delivered,2026-03-24 13:37:56.929221,2
3934,1312,Created,2026-03-21 07:45:00,3
3935,1312,Dispatched,2026-03-21 12:47:57.708396,3
3936,1312,Delivered,2026-03-23 17:32:21.037991,3
3937,1313,Created,2026-03-21 11:15:00,5
3938,1313,Dispatched,2026-03-21 13:12:52.273783,5
3939,1313,Delivered,2026-03-24 03:02:16.707167,5
3940,1314,Created,2026-03-21 09:15:00,3
3941,1314,Dispatched,2026-03-21 15:30:13.553664,3
3942,1314,Delivered,2026-03-22 12:41:04.382088,3
3943,1315,Created,2026-03-21 09:30:00,5
3944,1315,Dispatched,2026-03-21 14:33:24.877157,5
3945,1315,Delivered,2026-03-23 23:21:46.100395,5
3946,1316,Created,2026-03-21 10:30:00,2
3947,1316,Dispatched,2026-03-21 16:33:46.389217,2
3948,1316,Delivered,2026-03-25 15:18:07.246429,2
3949,1317,Created,2026-03-21 09:45:00,2
3950,1317,Dispatched,2026-03-21 11:57:36.548988,2
3951,1317,Delivered,2026-03-21 09:35:18.179372,2
3952,1318,Created,2026-03-21 18:00:00,4
3953,1318,Dispatched,2026-03-21 21:59:01.198592,4
3954,1318,Delivered,2026-03-22 20:43:10.192048,4
3955,1319,Created,2026-03-21 14:15:00,1
3956,1319,Dispatched,2026-03-21 19:03:01.536588,1
3957,1319,Delivered,2026-03-24 09:53:26.957123,1
3958,1320,Created,2026-03-22 11:30:00,1
3959,1320,Dispatched,2026-03-22 13:27:30.719863,1
3960,1320,Delivered,2026-03-23 14:34:37.169150,1
3961,1321,Created,2026-03-22 17:45:00,1
3962,1321,Dispatched,2026-03-23 00:13:01.481363,1
3963,1321,Delivered,2026-03-25 16:04:15.949937,1
3964,1322,Created,2026-03-22 11:15:00,3
3965,1322,Dispatched,2026-03-22 15:04:46.917526,3
3966,1322,Delivered,2026-03-25 08:52:48.776550,3
3967,1323,Created,2026-03-22 09:00:00,5
3968,1323,Dispatched,2026-03-22 14:20:36.453083,5
3969,1323,Delivered,2026-03-24 19:09:25.634035,5
3970,1324,Created,2026-03-22 10:45:00,3
3971,1324,Dispatched,2026-03-22 15:56:50.758366,3
3972,1324,Delivered,2026-03-22 06:09:18.424233,3
3973,1325,Created,2026-03-22 12:00:00,4
3974,1325,Dispatched,2026-03-22 17:21:08.370369,4
3975,1325,Delivered,2026-03-26 22:02:00.929584,4
3976,1326,Created,2026-03-22 07:30:00,3
3977,1326,Dispatched,2026-03-22 12:34:32.368257,3
3978,1326,Delivered,2026-03-22 21:34:39.655922,3
3979,1327,Created,2026-03-22 14:30:00,3
3980,1327,Dispatched,2026-03-22 19:17:59.820929,3
3981,1327,Delivered,2026-03-23 06:00:57.569131,3
3982,1328,Created,2026-03-22 16:45:00,5
3983,1328,Dispatched,2026-03-22 18:28:37.698203,5
3984,1328,Delivered,2026-03-25 08:08:22.790398,5
3985,1329,Created,2026-03-22 08:45:00,4
3986,1329,Dispatched,2026-03-22 10:30:46.197005,4
3987,1329,Delivered,2026-03-24 08:29:16.524168,4
3988,1330,Created,2026-03-22 14:45:00,2
3989,1330,Dispatched,2026-03-22 19:48:29.202289,2
3990,1330,Delivered,2026-03-25 17:59:14.140759,2
3991,1331,Created,2026-03-22 17:00:00,1
3992,1331,Dispatched,2026-03-22 22:38:24.511785,1
3993,1331,Delivered,2026-03-23 09:01:05.148223,1
3994,1332,Created,2026-03-22 08:45:00,1
3995,1332,Dispatched,2026-03-22 12:22:20.615460,1
3996,1332,Delivered,2026-03-25 01:47:28.115147,1
3997,1333,Created,2026-03-22 15:45:00,4
3998,1333,Dispatched,2026-03-22 20:44:53.447126,4
3999,1333,Delivered,2026-03-25 11:24:37.624849,4
4000,1334,Created,2026-03-22 07:00:00,4
4001,1334,Dispatched,2026-03-22 11:47:14.934025,4
4002,1334,Delivered,2026-03-25 02:10:16.782912,4
4003,1335,Created,2026-03-23 08:15:00,4
4004,1335,Dispatched,2026-03-23 09:19:04.614182,4
4005,1335,Delivered,2026-03-26 02:20:53.293900,4
4006,1336,Created,2026-03-23 12:00:00,3
4007,1336,Dispatched,2026-03-23 17:31:15.210945,3
4008,1336,Delivered,2026-03-25 00:48:23.352838,3
4009,1337,Created,2026-03-23 11:00:00,6
4010,1337,Dispatched,2026-03-23 14:11:25.449388,6
4011,1337,Delivered,2026-03-25 23:42:55.344415,6
4012,1338,Created,2026-03-23 12:45:00,1
4013,1338,Dispatched,2026-03-23 14:26:45.707683,1
4014,1338,Delivered,2026-03-24 00:53:43.013883,1
4015,1339,Created,2026-03-23 07:00:00,3
4016,1339,Dispatched,2026-03-23 08:57:02.272609,3
4017,1339,Delivered,2026-03-24 07:03:44.162081,3
4018,1340,Created,2026-03-23 16:45:00,1
4019,1340,Dispatched,2026-03-23 18:28:28.391505,1
4020,1340,Delivered,2026-03-26 03:49:17.900594,1
4021,1341,Created,2026-03-23 17:00:00,3
4022,1341,Dispatched,2026-03-23 22:41:18.001437,3
4023,1341,Delivered,2026-03-27 02:43:08.709252,3
4024,1342,Created,2026-03-23 14:00:00,4
4025,1342,Dispatched,2026-03-23 19:36:49.976484,4
4026,1342,Delivered,2026-03-26 11:39:32.106068,4
4027,1343,Created,2026-03-23 12:15:00,6
4028,1343,Dispatched,2026-03-23 13:44:51.277636,6
4029,1343,Delivered,2026-03-26 01:17:55.670074,6
4030,1344,Created,2026-03-23 10:30:00,6
4031,1344,Dispatched,2026-03-23 13:00:35.771486,6
4032,1344,Delivered,2026-03-25 19:56:16.933562,6
4033,1345,Created,2026-03-23 14:00:00,5
4034,1345,Dispatched,2026-03-23 19:04:31.144914,5
4035,1345,Delivered,2026-03-25 22:13:11.469548,5
4036,1346,Created,2026-03-23 12:00:00,1
4037,1346,Dispatched,2026-03-23 13:06:06.158535,1
4038,1346,Delivered,2026-03-24 07:04:13.003811,1
4039,1347,Created,2026-03-23 09:30:00,1
4040,1347,Dispatched,2026-03-23 14:23:35.228061,1
4041,1347,Delivered,2026-03-26 03:56:44.090520,1
4042,1348,Created,2026-03-23 15:00:00,5
4043,1348,Dispatched,2026-03-23 19:18:22.481065,5
4044,1348,Delivered,2026-03-26 00:36:18.262522,5
4045,1349,Created,2026-03-23 08:15:00,1
4046,1349,Dispatched,2026-03-23 12:14:44.270354,1
4047,1349,Delivered,2026-03-24 06:50:44.970094,1
4048,1350,Created,2026-03-23 17:30:00,2
4049,1350,Dispatched,2026-03-23 20:30:36.564521,2
4050,1350,Delivered,2026-03-26 11:51:30.023759,2
4051,1351,Created,2026-03-23 13:15:00,2
4052,1351,Dispatched,2026-03-23 14:34:32.567868,2
4053,1351,Delivered,2026-03-26 02:03:15.044230,2
4054,1352,Created,2026-03-23 10:30:00,2
4055,1352,Dispatched,2026-03-23 17:14:11.025238,2
4056,1352,Delivered,2026-03-27 18:29:48.610416,2
4057,1353,Created,2026-03-23 09:00:00,5
4058,1353,Dispatched,2026-03-23 15:22:18.949258,5
4059,1353,Delivered,2026-03-26 06:39:23.809989,5
4060,1354,Created,2026-03-23 07:45:00,1
4061,1354,Dispatched,2026-03-23 14:35:02.033962,1
4062,1354,Delivered,2026-03-24 04:55:39.964967,1
4063,1355,Created,2026-03-24 07:00:00,3
4064,1355,Dispatched,2026-03-24 13:11:23.333584,3
4065,1355,Delivered,2026-03-26 18:03:40.400776,3
4066,1356,Created,2026-03-24 10:45:00,4
4067,1356,Dispatched,2026-03-24 17:40:52.050631,4
4068,1356,Delivered,2026-03-25 06:26:36.453627,4
4069,1357,Created,2026-03-24 10:15:00,1
4070,1357,Dispatched,2026-03-24 13:28:13.566460,1
4071,1357,Delivered,2026-03-26 17:38:29.568714,1
4072,1358,Created,2026-03-24 15:15:00,4
4073,1358,Dispatched,2026-03-24 19:10:14.695835,4
4074,1358,Delivered,2026-03-28 19:56:52.295208,4
4075,1359,Created,2026-03-24 08:15:00,4
4076,1359,Dispatched,2026-03-24 09:50:02.017820,4
4077,1359,Delivered,2026-03-25 02:31:56.501030,4
4078,1360,Created,2026-03-24 09:45:00,2
4079,1360,Dispatched,2026-03-24 13:20:20.931124,2
4080,1360,Delivered,2026-03-27 19:43:07.379986,2
4081,1361,Created,2026-03-24 13:15:00,2
4082,1361,Dispatched,2026-03-24 15:44:23.636246,2
4083,1361,Delivered,2026-03-27 01:34:24.529490,2
4084,1362,Created,2026-03-24 12:45:00,3
4085,1362,Dispatched,2026-03-24 15:47:54.357864,3
4086,1362,Delivered,2026-03-25 17:28:24.588113,3
4087,1363,Created,2026-03-24 14:15:00,1
4088,1363,Dispatched,2026-03-24 21:14:23.164100,1
4089,1363,Delivery Failed,2026-03-25 10:38:29.419075,1
4090,1364,Created,2026-03-24 11:30:00,5
4091,1364,Dispatched,2026-03-24 17:38:24.904604,5
4092,1364,Delivered,2026-03-24 13:04:06.333084,5
4093,1365,Created,2026-03-24 09:45:00,4
4094,1365,Dispatched,2026-03-24 15:23:08.338910,4
4095,1365,Delivered,2026-03-26 14:25:14.172636,4
4096,1366,Created,2026-03-24 13:30:00,2
4097,1366,Dispatched,2026-03-24 18:48:31.021310,2
4098,1366,Delivered,2026-03-27 09:25:39.246100,2
4099,1367,Created,2026-03-24 13:00:00,4
4100,1367,Dispatched,2026-03-24 19:16:43.365924,4
4101,1367,Delivered,2026-03-27 21:45:57.169079,4
4102,1368,Created,2026-03-25 09:15:00,5
4103,1368,Dispatched,2026-03-25 14:58:38.613526,5
4104,1368,Delivered,2026-03-26 06:17:32.315617,5
4105,1369,Created,2026-03-25 16:15:00,1
4106,1369,Dispatched,2026-03-25 21:37:40.391875,1
4107,1369,Delivered,2026-03-28 05:11:55.452665,1
4108,1370,Created,2026-03-25 07:45:00,4
4109,1370,Dispatched,2026-03-25 09:41:56.552251,4
4110,1370,Delivered,2026-03-29 10:50:08.530380,4
4111,1371,Created,2026-03-25 12:00:00,4
4112,1371,Dispatched,2026-03-25 16:46:02.131044,4
4113,1371,Delivered,2026-03-27 15:40:23.913214,4
4114,1372,Created,2026-03-25 10:00:00,2
4115,1372,Dispatched,2026-03-25 11:50:12.736194,2
4116,1372,Delivered,2026-03-28 08:59:02.795921,2
4117,1373,Created,2026-03-25 14:30:00,1
4118,1373,Dispatched,2026-03-25 16:55:47.959743,1
4119,1373,Delivered,2026-03-28 04:56:13.417729,1
4120,1374,Created,2026-03-25 09:00:00,4
4121,1374,Dispatched,2026-03-25 10:33:49.986708,4
4122,1374,Delivered,2026-03-30 13:14:23.909140,4
4123,1375,Created,2026-03-25 15:30:00,4
4124,1375,Dispatched,2026-03-25 21:27:45.605208,4
4125,1375,Delivered,2026-03-26 13:15:22.338578,4
4126,1376,Created,2026-03-25 12:30:00,6
4127,1376,Dispatched,2026-03-25 18:12:54.103011,6
4128,1376,Delivered,2026-03-29 08:29:16.498438,6
4129,1377,Created,2026-03-25 12:00:00,1
4130,1377,Dispatched,2026-03-25 15:36:45.437499,1
4131,1377,Delivered,2026-03-28 02:31:46.273319,1
4132,1378,Created,2026-03-25 13:45:00,2
4133,1378,Dispatched,2026-03-25 17:28:28.411210,2
4134,1378,Delivered,2026-03-26 09:53:57.853793,2
4135,1379,Created,2026-03-25 09:45:00,5
4136,1379,Dispatched,2026-03-25 15:35:33.984593,5
4137,1379,Delivered,2026-03-26 07:59:27.391120,5
4138,1380,Created,2026-03-25 16:15:00,5
4139,1380,Dispatched,2026-03-25 17:37:01.803877,5
4140,1380,Delivered,2026-03-28 15:00:47.935992,5
4141,1381,Created,2026-03-25 17:45:00,2
4142,1381,Dispatched,2026-03-25 20:01:35.673651,2
4143,1381,Delivered,2026-03-26 12:22:39.064201,2
4144,1382,Created,2026-03-25 12:15:00,2
4145,1382,Dispatched,2026-03-25 19:11:16.837766,2
4146,1382,Delivered,2026-03-26 16:38:20.057500,2
4147,1383,Created,2026-03-25 11:30:00,1
4148,1383,Dispatched,2026-03-25 14:30:12.019470,1
4149,1383,Delivered,2026-03-28 10:10:27.874060,1
4150,1384,Created,2026-03-25 10:30:00,1
4151,1384,Dispatched,2026-03-25 14:29:35.027664,1
4152,1384,Delivered,2026-03-25 23:58:14.025740,1
4153,1385,Created,2026-03-25 10:00:00,6
4154,1385,Dispatched,2026-03-25 12:34:29.650934,6
4155,1385,Delivered,2026-03-27 16:48:14.499445,6
4156,1386,Created,2026-03-25 14:15:00,2
4157,1386,Dispatched,2026-03-25 15:38:35.205801,2
4158,1386,Delivered,2026-03-25 22:17:04.079478,2
4159,1387,Created,2026-03-26 07:45:00,3
4160,1387,Dispatched,2026-03-26 14:15:49.429937,3
4161,1387,Delivered,2026-03-26 22:53:56.889819,3
4162,1388,Created,2026-03-26 10:00:00,1
4163,1388,Dispatched,2026-03-26 15:56:21.871012,1
4164,1388,Delivered,2026-03-27 14:56:33.423498,1
4165,1389,Created,2026-03-26 15:15:00,2
4166,1389,Dispatched,2026-03-26 19:33:03.332369,2
4167,1389,Delivered,2026-03-27 03:52:51.628327,2
4168,1390,Created,2026-03-26 12:00:00,1
4169,1390,Dispatched,2026-03-26 14:58:46.561001,1
4170,1390,Delivered,2026-03-27 07:14:44.771650,1
4171,1391,Created,2026-03-26 11:00:00,1
4172,1391,Dispatched,2026-03-26 16:10:40.210764,1
4173,1391,Delivered,2026-03-26 08:33:31.809823,1
4174,1392,Created,2026-03-26 16:30:00,2
4175,1392,Dispatched,2026-03-26 17:34:13.214244,2
4176,1392,Delivered,2026-03-26 19:49:33.417849,2
4177,1393,Created,2026-03-26 18:00:00,4
4178,1393,Dispatched,2026-03-27 00:24:28.388352,4
4179,1393,Delivered,2026-03-28 10:50:39.067873,4
4180,1394,Created,2026-03-26 14:15:00,3
4181,1394,Dispatched,2026-03-26 21:00:18.618671,3
4182,1394,Delivery Failed,2026-03-27 14:58:20.557974,3
4183,1395,Created,2026-03-26 08:30:00,1
4184,1395,Dispatched,2026-03-26 12:24:37.421854,1
4185,1395,Delivered,2026-03-28 16:50:54.752825,1
4186,1396,Created,2026-03-26 17:00:00,6
4187,1396,Dispatched,2026-03-26 22:35:06.313367,6
4188,1396,Delivered,2026-03-27 12:24:28.703781,6
4189,1397,Created,2026-03-26 14:30:00,2
4190,1397,Dispatched,2026-03-26 19:30:38.006584,2
4191,1397,Delivered,2026-03-29 02:32:19.270697,2
4192,1398,Created,2026-03-26 18:30:00,1
4193,1398,Dispatched,2026-03-26 19:35:34.637285,1
4194,1398,Delivered,2026-03-29 00:34:26.949540,1
4195,1399,Created,2026-03-26 17:30:00,3
4196,1399,Dispatched,2026-03-26 21:00:06.428619,3
4197,1399,Delivered,2026-03-27 17:35:03.012089,3
4198,1400,Created,2026-03-26 08:30:00,2
4199,1400,Dispatched,2026-03-26 12:41:10.387474,2
4200,1400,Delivered,2026-03-28 21:20:40.597598,2
4201,1401,Created,2026-03-27 08:00:00,2
4202,1401,Dispatched,2026-03-27 10:08:32.910563,2
4203,1401,Delivered,2026-03-29 17:31:51.245567,2
4204,1402,Created,2026-03-27 13:00:00,3
4205,1402,Dispatched,2026-03-27 16:57:28.007445,3
4206,1402,Delivered,2026-03-30 02:28:46.432285,3
4207,1403,Created,2026-03-27 07:45:00,5
4208,1403,Dispatched,2026-03-27 09:16:33.661975,5
4209,1403,Delivered,2026-03-30 05:34:59.549962,5
4210,1404,Created,2026-03-27 17:00:00,1
4211,1404,Dispatched,2026-03-27 21:55:42.729813,1
4212,1404,Delivered,2026-03-28 14:02:11.729805,1
4213,1405,Created,2026-03-27 15:45:00,3
4214,1405,Dispatched,2026-03-27 21:56:12.930030,3
4215,1405,Delivered,2026-03-28 14:49:40.180699,3
4216,1406,Created,2026-03-27 14:00:00,2
4217,1406,Dispatched,2026-03-27 18:46:20.107075,2
4218,1406,Delivered,2026-03-30 08:47:34.641250,2
4219,1407,Created,2026-03-27 16:00:00,1
4220,1407,Dispatched,2026-03-27 17:31:59.502260,1
4221,1407,Delivered,2026-03-30 13:17:47.603955,1
4222,1408,Created,2026-03-27 15:30:00,1
4223,1408,Dispatched,2026-03-27 17:40:01.738975,1
4224,1408,Delivered,2026-03-27 21:31:27.296185,1
4225,1409,Created,2026-03-27 13:00:00,1
4226,1409,Dispatched,2026-03-27 18:38:29.313529,1
4227,1409,Delivered,2026-03-30 07:26:50.588672,1
4228,1410,Created,2026-03-27 16:45:00,6
4229,1410,Dispatched,2026-03-27 19:14:56.262551,6
4230,1410,Delivered,2026-03-30 08:39:34.402201,6
4231,1411,Created,2026-03-27 15:00:00,1
4232,1411,Dispatched,2026-03-27 19:57:49.221283,1
4233,1411,Delivered,2026-03-30 08:53:43.937238,1
4234,1412,Created,2026-03-27 13:15:00,2
4235,1412,Dispatched,2026-03-27 18:34:28.794486,2
4236,1412,Delivered,2026-03-30 08:48:44.502327,2
4237,1413,Created,2026-03-27 10:15:00,2
4238,1413,Dispatched,2026-03-27 14:59:34.631472,2
4239,1413,Delivered,2026-03-28 05:43:29.759732,2
4240,1414,Created,2026-03-27 18:30:00,1
4241,1414,Dispatched,2026-03-27 21:50:26.803305,1
4242,1414,Delivered,2026-03-31 04:25:04.482333,1
4243,1415,Created,2026-03-27 18:15:00,4
4244,1415,Dispatched,2026-03-27 19:26:04.667594,4
4245,1415,Delivered,2026-03-29 19:01:12.015855,4
4246,1416,Created,2026-03-27 07:30:00,1
4247,1416,Dispatched,2026-03-27 14:05:31.967942,1
4248,1416,Delivery Failed,2026-03-31 20:39:24.811470,1
4249,1417,Created,2026-03-27 17:45:00,2
4250,1417,Dispatched,2026-03-27 20:54:13.929458,2
4251,1417,Delivered,2026-03-30 15:54:27.479602,2
4252,1418,Created,2026-03-27 07:45:00,6
4253,1418,Dispatched,2026-03-27 12:56:28.370130,6
4254,1418,Delivered,2026-03-27 02:37:39.974912,6
4255,1419,Created,2026-03-27 12:15:00,5
4256,1419,Dispatched,2026-03-27 13:26:39.610656,5
4257,1419,Delivered,2026-03-30 10:19:47.015324,5
4258,1420,Created,2026-03-28 14:30:00,3
4259,1420,Dispatched,2026-03-28 17:58:03.503241,3
4260,1420,Delivered,2026-03-29 10:31:26.938274,3
4261,1421,Created,2026-03-28 13:00:00,3
4262,1421,Dispatched,2026-03-28 17:14:08.820981,3
4263,1421,Delivered,2026-03-31 02:06:18.416414,3
4264,1422,Created,2026-03-28 11:00:00,1
4265,1422,Dispatched,2026-03-28 12:06:54.698409,1
4266,1422,Delivered,2026-03-28 23:45:08.130076,1
4267,1423,Created,2026-03-28 18:30:00,2
4268,1423,Dispatched,2026-03-28 22:07:25.815584,2
4269,1423,Delivered,2026-03-31 02:06:12.326588,2
4270,1424,Created,2026-03-28 09:45:00,2
4271,1424,Dispatched,2026-03-28 11:16:26.621963,2
4272,1424,Delivered,2026-03-29 00:10:51.946701,2
4273,1425,Created,2026-03-28 14:45:00,1
4274,1425,Dispatched,2026-03-28 21:24:10.534591,1
4275,1425,Delivered,2026-03-31 05:16:12.307241,1
4276,1426,Created,2026-03-28 09:00:00,1
4277,1426,Dispatched,2026-03-28 15:34:32.059750,1
4278,1426,Delivered,2026-03-29 05:39:11.646792,1
4279,1427,Created,2026-03-28 15:15:00,1
4280,1427,Dispatched,2026-03-28 19:59:16.587110,1
4281,1427,Delivered,2026-03-30 05:49:35.139004,1
4282,1428,Created,2026-03-28 14:30:00,6
4283,1428,Dispatched,2026-03-28 18:00:34.647178,6
4284,1428,Delivered,2026-03-31 03:08:11.609683,6
4285,1429,Created,2026-03-28 13:30:00,2
4286,1429,Dispatched,2026-03-28 18:50:18.870895,2
4287,1429,Delivered,2026-03-29 03:35:35.688794,2
4288,1430,Created,2026-03-28 15:00:00,4
4289,1430,Dispatched,2026-03-28 18:15:31.872446,4
4290,1430,Delivered,2026-03-31 11:08:43.277555,4
4291,1431,Created,2026-03-29 14:00:00,5
4292,1431,Dispatched,2026-03-29 15:15:41.753133,5
4293,1431,Delivered,2026-03-30 05:59:10.861975,5
4294,1432,Created,2026-03-29 16:30:00,1
4295,1432,Dispatched,2026-03-29 20:45:14.967856,1
4296,1432,Delivered,2026-04-01 06:24:31.585793,1
4297,1433,Created,2026-03-29 11:00:00,1
4298,1433,Dispatched,2026-03-29 15:11:11.011930,1
4299,1433,Delivered,2026-04-01 01:51:05.221730,1
4300,1434,Created,2026-03-29 13:15:00,1
4301,1434,Dispatched,2026-03-29 16:54:16.867445,1
4302,1434,Delivered,2026-03-31 23:58:45.099779,1
4303,1435,Created,2026-03-29 09:30:00,3
4304,1435,Dispatched,2026-03-29 15:10:53.382812,3
4305,1435,Delivery Failed,2026-03-31 21:49:27.044849,3
4306,1436,Created,2026-03-29 18:45:00,3
4307,1436,Dispatched,2026-03-29 23:43:04.003848,3
4308,1436,Delivered,2026-04-01 10:52:42.773479,3
4309,1437,Created,2026-03-29 12:00:00,4
4310,1437,Dispatched,2026-03-29 14:59:08.581757,4
4311,1437,Delivered,2026-03-30 11:27:57.286022,4
4312,1438,Created,2026-03-29 16:00:00,4
4313,1438,Dispatched,2026-03-29 18:20:15.882830,4
4314,1438,Delivered,2026-04-01 13:32:13.302678,4
4315,1439,Created,2026-03-29 13:00:00,3
4316,1439,Dispatched,2026-03-29 16:53:19.937082,3
4317,1439,Delivered,2026-04-01 02:30:00.874906,3
4318,1440,Created,2026-03-29 08:00:00,1
4319,1440,Dispatched,2026-03-29 11:17:32.408234,1
4320,1440,Delivered,2026-03-29 20:39:10.471171,1
4321,1441,Created,2026-03-29 08:00:00,2
4322,1441,Dispatched,2026-03-29 11:10:58.659377,2
4323,1441,Delivered,2026-03-31 16:02:10.768492,2
4324,1442,Created,2026-03-29 16:00:00,2
4325,1442,Dispatched,2026-03-29 20:28:20.798439,2
4326,1442,Delivered,2026-04-01 09:20:30.731401,2
4327,1443,Created,2026-03-29 15:15:00,3
4328,1443,Dispatched,2026-03-29 17:41:02.427948,3
4329,1443,Delivered,2026-03-30 03:37:16.789596,3
4330,1444,Created,2026-03-29 07:15:00,4
4331,1444,Dispatched,2026-03-29 08:35:45.815491,4
4332,1444,Delivered,2026-03-29 01:46:34.751751,4
4333,1445,Created,2026-03-29 14:45:00,4
4334,1445,Dispatched,2026-03-29 16:52:15.269118,4
4335,1445,Delivered,2026-04-03 19:39:55.661857,4
4336,1446,Created,2026-03-29 07:45:00,5
4337,1446,Dispatched,2026-03-29 11:10:13.426489,5
4338,1446,Delivered,2026-03-29 15:50:37.866739,5
4339,1447,Created,2026-03-30 13:15:00,3
4340,1447,Dispatched,2026-03-30 14:39:52.207060,3
4341,1447,Delivered,2026-04-02 06:51:48.867175,3
4342,1448,Created,2026-03-30 07:15:00,2
4343,1448,Dispatched,2026-03-30 13:13:28.337576,2
4344,1448,Delivered,2026-04-01 06:07:30.253689,2
4345,1449,Created,2026-03-30 15:00:00,2
4346,1449,Dispatched,2026-03-30 17:13:08.455863,2
4347,1449,Delivered,2026-04-02 12:37:27.640526,2
4348,1450,Created,2026-03-30 09:30:00,1
4349,1450,Dispatched,2026-03-30 14:10:41.047380,1
4350,1450,Delivered,2026-04-03 08:27:36.409308,1
4351,1451,Created,2026-03-30 15:15:00,2
4352,1451,Dispatched,2026-03-30 17:09:31.842541,2
4353,1451,Delivered,2026-04-02 06:20:33.854314,2
4354,1452,Created,2026-03-30 18:45:00,1
4355,1452,Dispatched,2026-03-30 20:00:59.037389,1
4356,1452,Delivered,2026-04-02 13:40:43.101900,1
4357,1453,Created,2026-03-30 08:00:00,4
4358,1453,Dispatched,2026-03-30 10:45:32.656565,4
4359,1453,Delivered,2026-04-03 03:28:27.370612,4
4360,1454,Created,2026-03-30 11:45:00,6
4361,1454,Dispatched,2026-03-30 14:48:39.480295,6
4362,1454,Delivered,2026-04-01 23:47:32.002655,6
4363,1455,Created,2026-03-30 14:45:00,6
4364,1455,Dispatched,2026-03-30 18:00:29.663801,6
4365,1455,Delivered,2026-04-02 05:50:03.641633,6
4366,1456,Created,2026-03-30 18:15:00,1
4367,1456,Dispatched,2026-03-31 00:33:31.657839,1
4368,1456,Delivered,2026-04-01 13:27:54.704327,1
4369,1457,Created,2026-03-30 14:00:00,4
4370,1457,Dispatched,2026-03-30 15:18:15.745673,4
4371,1457,Delivered,2026-04-01 23:58:28.719500,4
4372,1458,Created,2026-03-30 14:45:00,4
4373,1458,Dispatched,2026-03-30 18:49:34.795213,4
4374,1458,Delivered,2026-04-03 02:13:57.870547,4
4375,1459,Created,2026-03-30 13:45:00,5
4376,1459,Dispatched,2026-03-30 15:23:29.936562,5
4377,1459,Delivered,2026-04-01 20:38:54.822504,5
4378,1460,Created,2026-03-30 12:15:00,6
4379,1460,Dispatched,2026-03-30 15:11:51.408497,6
4380,1460,Delivered,2026-04-01 23:14:42.947273,6
4381,1461,Created,2026-03-30 17:15:00,1
4382,1461,Dispatched,2026-03-30 21:52:44.961604,1
4383,1461,Delivered,2026-03-31 18:39:17.961749,1
4384,1462,Created,2026-03-30 17:00:00,3
4385,1462,Dispatched,2026-03-30 20:30:00.659911,3
4386,1462,Delivered,2026-04-02 23:47:47.705006,3
4387,1463,Created,2026-03-30 08:00:00,1
4388,1463,Dispatched,2026-03-30 14:20:33.184137,1
4389,1463,Delivered,2026-04-01 14:56:24.469807,1
4390,1464,Created,2026-03-30 16:00:00,3
4391,1464,Dispatched,2026-03-30 20:33:21.962138,3
4392,1464,Delivered,2026-03-30 19:08:08.850857,3
4393,1465,Created,2026-03-30 14:15:00,3
4394,1465,Dispatched,2026-03-30 16:32:19.225287,3
4395,1465,Delivered,2026-04-02 00:45:12.639918,3
4396,1466,Created,2026-03-30 17:45:00,1
4397,1466,Dispatched,2026-03-30 22:22:38.036318,1
4398,1466,Delivered,2026-04-02 14:14:37.689729,1
4399,1467,Created,2026-03-30 16:45:00,4
4400,1467,Dispatched,2026-03-30 18:00:18.413777,4
4401,1467,Delivered,2026-04-03 20:04:33.998001,4
4402,1468,Created,2026-03-30 17:30:00,6
4403,1468,Dispatched,2026-03-31 00:22:20.610105,6
4404,1468,Delivered,2026-03-31 07:41:03.140090,6
4405,1469,Created,2026-03-30 15:45:00,4
4406,1469,Dispatched,2026-03-30 19:22:09.606653,4
4407,1469,Delivered,2026-03-30 14:49:05.049983,4
4408,1470,Created,2026-03-31 07:15:00,1
4409,1470,Dispatched,2026-03-31 09:14:34.122335,1
4410,1470,Delivered,2026-04-01 01:00:14.431549,1
4411,1471,Created,2026-03-31 11:00:00,6
4412,1471,Dispatched,2026-03-31 15:59:44.241445,6
4413,1471,Delivered,2026-04-01 07:30:51.388922,6
4414,1472,Created,2026-03-31 07:15:00,1
4415,1472,Dispatched,2026-03-31 13:49:43.452371,1
4416,1472,Delivered,2026-04-01 10:29:53.421095,1
4417,1473,Created,2026-03-31 08:15:00,5
4418,1473,Dispatched,2026-03-31 13:44:06.705538,5
4419,1473,Delivered,2026-04-01 07:46:38.758122,5
4420,1474,Created,2026-03-31 11:00:00,1
4421,1474,Dispatched,2026-03-31 14:08:29.013900,1
4422,1474,Delivered,2026-04-01 10:29:58.416649,1
4423,1475,Created,2026-03-31 18:15:00,3
4424,1475,Dispatched,2026-03-31 21:55:11.093684,3
4425,1475,Delivered,2026-04-01 22:57:13.279606,3
4426,1476,Created,2026-03-31 14:15:00,1
4427,1476,Dispatched,2026-03-31 19:23:13.585384,1
4428,1476,Delivered,2026-04-02 21:16:18.671659,1
4429,1477,Created,2026-03-31 14:15:00,6
4430,1477,Dispatched,2026-03-31 16:32:22.000474,6
4431,1477,Delivered,2026-04-01 15:17:38.877643,6
4432,1478,Created,2026-03-31 16:00:00,1
4433,1478,Dispatched,2026-03-31 17:34:02.847082,1
4434,1478,Delivered,2026-04-03 07:51:45.845697,1
4435,1479,Created,2026-03-31 09:00:00,4
4436,1479,Dispatched,2026-03-31 13:48:47.856033,4
4437,1479,Delivered,2026-03-31 16:56:19.030414,4
4438,1480,Created,2026-03-31 13:45:00,4
4439,1480,Dispatched,2026-03-31 17:45:23.379681,4
4440,1480,Delivered,2026-04-03 11:22:13.250223,4
4441,1481,Created,2026-03-31 17:30:00,5
4442,1481,Dispatched,2026-03-31 23:44:19.469380,5
4443,1481,Delivered,2026-04-03 11:42:37.097988,5
4444,1482,Created,2026-03-31 18:45:00,2
4445,1482,Dispatched,2026-03-31 19:57:29.206242,2
4446,1482,Delivered,2026-04-01 09:09:49.890362,2
4447,1483,Created,2026-04-01 09:15:00,6
4448,1483,Dispatched,2026-04-01 13:22:11.818215,6
4449,1483,Delivered,2026-04-02 04:24:51.171337,6
4450,1484,Created,2026-04-01 10:30:00,6
4451,1484,Dispatched,2026-04-01 13:16:56.175096,6
4452,1484,Delivered,2026-04-03 20:59:44.943592,6
4453,1485,Created,2026-04-01 17:00:00,1
4454,1485,Dispatched,2026-04-01 19:52:01.405534,1
4455,1485,Delivered,2026-04-04 06:03:51.315992,1
4456,1486,Created,2026-04-01 10:30:00,2
4457,1486,Dispatched,2026-04-01 16:17:39.185497,2
4458,1486,Delivered,2026-04-04 00:47:05.558186,2
4459,1487,Created,2026-04-01 07:00:00,2
4460,1487,Dispatched,2026-04-01 13:30:56.483668,2
4461,1487,Delivered,2026-04-02 09:43:49.136160,2
4462,1488,Created,2026-04-01 13:15:00,2
4463,1488,Dispatched,2026-04-01 18:33:29.327974,2
4464,1488,Delivered,2026-04-04 07:28:31.002121,2
4465,1489,Created,2026-04-01 17:15:00,1
4466,1489,Dispatched,2026-04-01 23:19:53.510689,1
4467,1489,Delivered,2026-04-01 19:39:06.346179,1
4468,1490,Created,2026-04-01 13:00:00,1
4469,1490,Dispatched,2026-04-01 14:24:27.689156,1
4470,1490,Delivered,2026-04-01 18:56:30.542091,1
4471,1491,Created,2026-04-01 12:30:00,3
4472,1491,Dispatched,2026-04-01 17:49:14.554868,3
4473,1491,Delivered,2026-04-03 19:26:07.380969,3
4474,1492,Created,2026-04-01 15:45:00,6
4475,1492,Dispatched,2026-04-01 17:47:21.574760,6
4476,1492,Delivered,2026-04-04 14:02:57.738949,6
4477,1493,Created,2026-04-01 17:30:00,5
4478,1493,Dispatched,2026-04-01 22:33:51.672137,5
4479,1493,Delivered,2026-04-02 10:08:49.284299,5
4480,1494,Created,2026-04-01 11:45:00,6
4481,1494,Dispatched,2026-04-01 15:24:12.424537,6
4482,1494,Delivered,2026-04-02 12:12:27.697614,6
4483,1495,Created,2026-04-02 12:00:00,3
4484,1495,Dispatched,2026-04-02 13:41:02.923371,3
4485,1495,Delivered,2026-04-03 10:50:05.178863,3
4486,1496,Created,2026-04-02 11:15:00,1
4487,1496,Dispatched,2026-04-02 16:24:54.945808,1
4488,1496,Delivered,2026-04-05 03:16:58.737732,1
4489,1497,Created,2026-04-02 11:45:00,1
4490,1497,Dispatched,2026-04-02 15:07:54.600836,1
4491,1497,Delivered,2026-04-04 21:13:56.955754,1
4492,1498,Created,2026-04-02 08:15:00,1
4493,1498,Dispatched,2026-04-02 14:44:34.910422,1
4494,1498,Delivered,2026-04-03 09:38:38.464086,1
4495,1499,Created,2026-04-02 09:45:00,1
4496,1499,Dispatched,2026-04-02 15:51:13.009379,1
4497,1499,Delivered,2026-04-03 08:57:04.440237,1
4498,1500,Created,2026-04-02 15:00:00,4
4499,1500,Dispatched,2026-04-02 16:15:27.168852,4
4500,1500,Delivered,2026-04-05 04:58:28.407360,4
4501,1501,Created,2026-04-02 13:00:00,2
4502,1501,Dispatched,2026-04-02 15:42:13.759287,2
4503,1501,Delivered,2026-04-07 00:39:23.171327,2
4504,1502,Created,2026-04-02 10:00:00,4
4505,1502,Dispatched,2026-04-02 11:36:09.996545,4
4506,1502,Delivered,2026-04-04 18:09:18.402009,4
4507,1503,Created,2026-04-02 17:45:00,1
4508,1503,Dispatched,2026-04-02 21:54:37.934933,1
4509,1503,Delivered,2026-04-03 22:13:56.556287,1
4510,1504,Created,2026-04-02 09:45:00,1
4511,1504,Dispatched,2026-04-02 14:11:56.140950,1
4512,1504,Delivered,2026-04-03 04:04:35.482065,1
4513,1505,Created,2026-04-02 11:45:00,6
4514,1505,Dispatched,2026-04-02 14:21:19.749511,6
4515,1505,Delivered,2026-04-05 06:11:17.849588,6
4516,1506,Created,2026-04-03 16:30:00,3
4517,1506,Dispatched,2026-04-03 22:28:05.249547,3
4518,1506,Delivered,2026-04-04 18:07:28.966529,3
4519,1507,Created,2026-04-03 16:30:00,3
4520,1507,Dispatched,2026-04-03 19:24:19.315328,3
4521,1507,Delivered,2026-04-06 11:11:31.155766,3
4522,1508,Created,2026-04-03 09:30:00,1
4523,1508,Dispatched,2026-04-03 16:14:07.901699,1
4524,1508,Delivered,2026-04-06 00:06:33.693417,1
4525,1509,Created,2026-04-03 15:30:00,6
4526,1509,Dispatched,2026-04-03 21:20:14.581771,6
4527,1509,Delivered,2026-04-05 21:30:29.328723,6
4528,1510,Created,2026-04-03 07:00:00,1
4529,1510,Dispatched,2026-04-03 11:02:11.637239,1
4530,1510,Delivered,2026-04-05 16:54:26.463136,1
4531,1511,Created,2026-04-03 15:15:00,2
4532,1511,Dispatched,2026-04-03 16:24:19.056499,2
4533,1511,Delivered,2026-04-04 15:44:23.433935,2
4534,1512,Created,2026-04-03 08:00:00,1
4535,1512,Dispatched,2026-04-03 14:57:29.670893,1
4536,1512,Delivered,2026-04-06 05:10:51.723676,1
4537,1513,Created,2026-04-03 16:30:00,4
4538,1513,Dispatched,2026-04-03 18:05:51.553084,4
4539,1513,Delivered,2026-04-04 20:43:49.175471,4
4540,1514,Created,2026-04-03 10:30:00,2
4541,1514,Dispatched,2026-04-03 16:25:16.684827,2
4542,1514,Delivered,2026-04-05 18:51:02.133840,2
4543,1515,Created,2026-04-03 12:30:00,5
4544,1515,Dispatched,2026-04-03 14:00:54.412248,5
4545,1515,Delivered,2026-04-04 16:14:16.606433,5
4546,1516,Created,2026-04-03 15:15:00,2
4547,1516,Dispatched,2026-04-03 20:50:45.615568,2
4548,1516,Delivered,2026-04-06 14:55:40.060670,2
4549,1517,Created,2026-04-03 09:00:00,2
4550,1517,Dispatched,2026-04-03 11:46:10.873770,2
4551,1517,Delivered,2026-04-04 06:02:43.850206,2
4552,1518,Created,2026-04-03 14:00:00,5
4553,1518,Dispatched,2026-04-03 17:51:30.162370,5
4554,1518,Delivered,2026-04-06 11:51:01.478598,5
4555,1519,Created,2026-04-03 14:15:00,2
4556,1519,Dispatched,2026-04-03 19:07:59.849171,2
4557,1519,Delivered,2026-04-06 08:06:25.005065,2
4558,1520,Created,2026-04-03 07:00:00,2
4559,1520,Dispatched,2026-04-03 10:09:32.480397,2
4560,1520,Delivered,2026-04-05 09:11:13.348017,2
4561,1521,Created,2026-04-03 11:15:00,1
4562,1521,Dispatched,2026-04-03 16:54:55.259764,1
4563,1521,Delivered,2026-04-03 15:32:25.610110,1
4564,1522,Created,2026-04-03 15:00:00,2
4565,1522,Dispatched,2026-04-03 16:38:20.434336,2
4566,1522,Delivered,2026-04-04 12:33:56.096892,2
4567,1523,Created,2026-04-04 17:30:00,3
4568,1523,Dispatched,2026-04-04 19:05:41.028443,3
4569,1523,Delivered,2026-04-06 15:12:46.866912,3
4570,1524,Created,2026-04-04 08:00:00,3
4571,1524,Dispatched,2026-04-04 10:25:46.066891,3
4572,1524,Delivered,2026-04-05 03:54:25.448434,3
4573,1525,Created,2026-04-04 17:30:00,5
4574,1525,Dispatched,2026-04-04 22:16:00.741106,5
4575,1525,Delivery Failed,2026-04-07 01:49:11.438629,5
4576,1526,Created,2026-04-04 07:15:00,4
4577,1526,Dispatched,2026-04-04 09:41:57.124370,4
4578,1526,Delivered,2026-04-07 00:32:35.217778,4
4579,1527,Created,2026-04-04 14:45:00,1
4580,1527,Dispatched,2026-04-04 21:38:15.657444,1
4581,1527,Delivered,2026-04-05 18:24:52.557236,1
4582,1528,Created,2026-04-04 13:30:00,4
4583,1528,Dispatched,2026-04-04 17:17:22.287831,4
4584,1528,Delivered,2026-04-07 05:45:27.698943,4
4585,1529,Created,2026-04-04 07:00:00,6
4586,1529,Dispatched,2026-04-04 09:30:48.086429,6
4587,1529,Delivered,2026-04-04 07:32:09.864916,6
4588,1530,Created,2026-04-04 16:45:00,1
4589,1530,Dispatched,2026-04-04 20:01:41.060091,1
4590,1530,Delivered,2026-04-07 07:20:44.942329,1
4591,1531,Created,2026-04-04 09:30:00,3
4592,1531,Dispatched,2026-04-04 13:42:08.367393,3
4593,1531,Delivered,2026-04-05 00:49:15.081114,3
4594,1532,Created,2026-04-04 10:45:00,5
4595,1532,Dispatched,2026-04-04 16:31:16.634314,5
4596,1532,Delivered,2026-04-04 14:49:51.488216,5
4597,1533,Created,2026-04-04 11:45:00,2
4598,1533,Dispatched,2026-04-04 14:28:14.060429,2
4599,1533,Delivered,2026-04-07 03:01:14.477453,2
4600,1534,Created,2026-04-05 16:15:00,6
4601,1534,Dispatched,2026-04-05 18:23:36.898998,6
4602,1534,Delivered,2026-04-06 13:44:22.988515,6
4603,1535,Created,2026-04-05 13:30:00,2
4604,1535,Dispatched,2026-04-05 16:09:51.525807,2
4605,1535,Delivered,2026-04-09 17:52:13.512994,2
4606,1536,Created,2026-04-05 17:30:00,2
4607,1536,Dispatched,2026-04-05 23:44:52.912874,2
4608,1536,Delivery Failed,2026-04-08 06:47:13.380809,2
4609,1537,Created,2026-04-05 09:15:00,4
4610,1537,Dispatched,2026-04-05 13:46:53.971769,4
4611,1537,Delivered,2026-04-07 18:12:38.690079,4
4612,1538,Created,2026-04-05 10:00:00,2
4613,1538,Dispatched,2026-04-05 14:20:07.745293,2
4614,1538,Delivered,2026-04-08 07:44:07.637952,2
4615,1539,Created,2026-04-05 16:45:00,4
4616,1539,Dispatched,2026-04-05 22:55:05.481597,4
4617,1539,Delivered,2026-04-09 18:14:01.241698,4
4618,1540,Created,2026-04-05 18:15:00,6
4619,1540,Dispatched,2026-04-05 20:08:15.598772,6
4620,1540,Delivered,2026-04-06 11:21:02.550683,6
4621,1541,Created,2026-04-05 07:15:00,4
4622,1541,Dispatched,2026-04-05 13:53:26.226478,4
4623,1541,Delivered,2026-04-08 19:32:47.687307,4
4624,1542,Created,2026-04-05 07:45:00,1
4625,1542,Dispatched,2026-04-05 13:26:42.409875,1
4626,1542,Delivered,2026-04-08 01:03:29.062566,1
4627,1543,Created,2026-04-05 14:45:00,5
4628,1543,Dispatched,2026-04-05 16:52:10.973826,5
4629,1543,Delivered,2026-04-08 01:18:26.190824,5
4630,1544,Created,2026-04-05 09:15:00,2
4631,1544,Dispatched,2026-04-05 11:55:02.664025,2
4632,1544,Delivered,2026-04-09 05:40:45.882507,2
4633,1545,Created,2026-04-06 13:30:00,3
4634,1545,Dispatched,2026-04-06 17:41:59.802345,3
4635,1545,Delivered,2026-04-07 05:55:34.152385,3
4636,1546,Created,2026-04-06 13:00:00,5
4637,1546,Dispatched,2026-04-06 14:57:14.594659,5
4638,1546,Delivered,2026-04-08 22:29:35.803099,5
4639,1547,Created,2026-04-06 17:30:00,1
4640,1547,Dispatched,2026-04-06 19:41:50.023284,1
4641,1547,Delivered,2026-04-09 12:14:25.039967,1
4642,1548,Created,2026-04-06 10:15:00,4
4643,1548,Dispatched,2026-04-06 16:11:02.252556,4
4644,1548,Delivered,2026-04-10 05:51:10.962630,4
4645,1549,Created,2026-04-06 11:30:00,3
4646,1549,Dispatched,2026-04-06 14:19:23.950830,3
4647,1549,Delivered,2026-04-07 14:45:34.021015,3
4648,1550,Created,2026-04-06 08:00:00,1
4649,1550,Dispatched,2026-04-06 11:09:28.527674,1
4650,1550,Delivered,2026-04-06 22:09:02.031694,1
4651,1551,Created,2026-04-06 18:00:00,4
4652,1551,Dispatched,2026-04-06 23:26:32.203154,4
4653,1551,Delivered,2026-04-07 09:31:53.271965,4
4654,1552,Created,2026-04-06 16:45:00,3
4655,1552,Dispatched,2026-04-06 23:31:43.415245,3
4656,1552,Delivered,2026-04-07 09:34:48.057621,3
4657,1553,Created,2026-04-06 10:45:00,6
4658,1553,Dispatched,2026-04-06 15:04:09.474187,6
4659,1553,Delivered,2026-04-08 20:45:04.693578,6
4660,1554,Created,2026-04-06 10:30:00,1
4661,1554,Dispatched,2026-04-06 13:07:19.820253,1
4662,1554,Delivered,2026-04-06 02:41:27.378847,1
4663,1555,Created,2026-04-06 07:45:00,6
4664,1555,Dispatched,2026-04-06 10:39:07.128211,6
4665,1555,Delivered,2026-04-07 08:05:47.333129,6
4666,1556,Created,2026-04-06 09:30:00,2
4667,1556,Dispatched,2026-04-06 11:46:37.895504,2
4668,1556,Delivered,2026-04-06 03:33:01.057277,2
4669,1557,Created,2026-04-06 18:45:00,3
4670,1557,Dispatched,2026-04-06 22:54:47.248041,3
4671,1557,Delivered,2026-04-07 20:06:35.613373,3
4672,1558,Created,2026-04-06 16:45:00,1
4673,1558,Dispatched,2026-04-06 20:43:44.664730,1
4674,1558,Delivered,2026-04-09 05:30:55.229715,1
4675,1559,Created,2026-04-06 14:15:00,3
4676,1559,Dispatched,2026-04-06 18:02:55.808295,3
4677,1559,Delivered,2026-04-07 10:56:43.891422,3
4678,1560,Created,2026-04-06 15:30:00,4
4679,1560,Dispatched,2026-04-06 17:38:07.495704,4
4680,1560,Delivered,2026-04-07 18:22:53.838411,4
4681,1561,Created,2026-04-06 09:00:00,2
4682,1561,Dispatched,2026-04-06 10:27:18.667043,2
4683,1561,Delivered,2026-04-08 04:24:45.727160,2
4684,1562,Created,2026-04-06 17:45:00,2
4685,1562,Dispatched,2026-04-07 00:10:03.374256,2
4686,1562,Delivered,2026-04-07 14:11:44.154308,2
4687,1563,Created,2026-04-06 11:15:00,2
4688,1563,Dispatched,2026-04-06 12:24:53.251315,2
4689,1563,Delivered,2026-04-06 10:34:41.149455,2
4690,1564,Created,2026-04-06 15:00:00,1
4691,1564,Dispatched,2026-04-06 16:22:37.334885,1
4692,1564,Delivered,2026-04-09 06:53:04.025753,1
4693,1565,Created,2026-04-07 11:15:00,1
4694,1565,Dispatched,2026-04-07 14:48:02.310380,1
4695,1565,Delivered,2026-04-10 00:08:37.597649,1
4696,1566,Created,2026-04-07 18:30:00,1
4697,1566,Dispatched,2026-04-08 00:46:03.858142,1
4698,1566,Delivered,2026-04-08 12:20:21.400824,1
4699,1567,Created,2026-04-07 14:30:00,5
4700,1567,Dispatched,2026-04-07 16:58:31.970382,5
4701,1567,Delivered,2026-04-07 06:36:43.169242,5
4702,1568,Created,2026-04-07 11:30:00,4
4703,1568,Dispatched,2026-04-07 16:42:24.449622,4
4704,1568,Delivered,2026-04-10 02:09:28.535740,4
4705,1569,Created,2026-04-07 17:00:00,1
4706,1569,Dispatched,2026-04-07 22:07:28.887459,1
4707,1569,Delivered,2026-04-07 17:20:51.773461,1
4708,1570,Created,2026-04-07 09:00:00,1
4709,1570,Dispatched,2026-04-07 11:24:15.103329,1
4710,1570,Delivered,2026-04-10 02:30:08.448251,1
4711,1571,Created,2026-04-07 16:30:00,3
4712,1571,Dispatched,2026-04-07 21:01:09.399292,3
4713,1571,Delivered,2026-04-10 07:15:51.031379,3
4714,1572,Created,2026-04-07 12:45:00,1
4715,1572,Dispatched,2026-04-07 19:37:11.462559,1
4716,1572,Delivered,2026-04-08 16:40:10.623480,1
4717,1573,Created,2026-04-07 16:15:00,5
4718,1573,Dispatched,2026-04-07 21:54:26.066158,5
4719,1573,Delivered,2026-04-08 13:26:50.020417,5
4720,1574,Created,2026-04-07 09:45:00,5
4721,1574,Dispatched,2026-04-07 14:10:01.549798,5
4722,1574,Delivered,2026-04-09 22:19:45.241650,5
4723,1575,Created,2026-04-07 13:00:00,1
4724,1575,Dispatched,2026-04-07 14:11:55.588114,1
4725,1575,Delivered,2026-04-10 02:33:34.073837,1
4726,1576,Created,2026-04-07 15:45:00,2
4727,1576,Dispatched,2026-04-07 20:16:13.778329,2
4728,1576,Delivered,2026-04-08 08:40:44.477201,2
4729,1577,Created,2026-04-07 09:30:00,5
4730,1577,Dispatched,2026-04-07 13:36:19.419427,5
4731,1577,Delivered,2026-04-08 13:34:43.840206,5
4732,1578,Created,2026-04-07 08:00:00,4
4733,1578,Dispatched,2026-04-07 14:50:36.097528,4
4734,1578,Delivered,2026-04-08 03:47:46.420869,4
4735,1579,Created,2026-04-07 14:00:00,2
4736,1579,Dispatched,2026-04-07 16:22:23.955467,2
4737,1579,Delivered,2026-04-09 12:23:22.879460,2
4738,1580,Created,2026-04-07 17:45:00,2
4739,1580,Dispatched,2026-04-07 23:54:12.649667,2
4740,1580,Delivered,2026-04-10 10:13:42.694456,2
4741,1581,Created,2026-04-07 16:45:00,6
4742,1581,Dispatched,2026-04-07 20:40:28.293415,6
4743,1581,Delivered,2026-04-08 17:11:40.603639,6
4744,1582,Created,2026-04-08 12:45:00,6
4745,1582,Dispatched,2026-04-08 14:35:48.487163,6
4746,1582,Delivered,2026-04-11 03:28:35.971124,6
4747,1583,Created,2026-04-08 18:15:00,2
4748,1583,Dispatched,2026-04-08 23:40:45.821502,2
4749,1583,Delivered,2026-04-09 09:04:12.862461,2
4750,1584,Created,2026-04-08 10:30:00,2
4751,1584,Dispatched,2026-04-08 16:15:04.580796,2
4752,1584,Delivered,2026-04-09 12:05:35.196000,2
4753,1585,Created,2026-04-08 07:15:00,5
4754,1585,Dispatched,2026-04-08 12:09:19.974089,5
4755,1585,Delivered,2026-04-10 21:09:51.025715,5
4756,1586,Created,2026-04-08 11:15:00,2
4757,1586,Dispatched,2026-04-08 13:59:47.407129,2
4758,1586,Delivered,2026-04-11 07:05:28.014395,2
4759,1587,Created,2026-04-08 14:15:00,5
4760,1587,Dispatched,2026-04-08 19:28:39.633195,5
4761,1587,Delivered,2026-04-10 20:30:30.559045,5
4762,1588,Created,2026-04-08 18:15:00,3
4763,1588,Dispatched,2026-04-08 22:40:48.125736,3
4764,1588,Delivered,2026-04-11 06:41:56.427881,3
4765,1589,Created,2026-04-08 12:30:00,2
4766,1589,Dispatched,2026-04-08 17:31:43.263510,2
4767,1589,Delivered,2026-04-11 02:05:25.111218,2
4768,1590,Created,2026-04-08 10:00:00,3
4769,1590,Dispatched,2026-04-08 16:22:14.857064,3
4770,1590,Delivered,2026-04-11 08:21:06.275697,3
4771,1591,Created,2026-04-08 12:30:00,4
4772,1591,Dispatched,2026-04-08 14:33:53.509015,4
4773,1591,Delivered,2026-04-10 23:57:10.954977,4
4774,1592,Created,2026-04-08 10:15:00,6
4775,1592,Dispatched,2026-04-08 11:26:36.289205,6
4776,1592,Delivered,2026-04-09 10:19:52.674790,6
4777,1593,Created,2026-04-08 14:30:00,1
4778,1593,Dispatched,2026-04-08 20:26:30.735043,1
4779,1593,Delivered,2026-04-09 11:58:03.971643,1
4780,1594,Created,2026-04-08 07:15:00,5
4781,1594,Dispatched,2026-04-08 13:06:02.256749,5
4782,1594,Delivered,2026-04-07 23:18:29.194130,5
4783,1595,Created,2026-04-08 09:00:00,2
4784,1595,Dispatched,2026-04-08 12:14:14.164446,2
4785,1595,Delivered,2026-04-11 01:01:01.687543,2
4786,1596,Created,2026-04-08 17:15:00,1
4787,1596,Dispatched,2026-04-08 19:57:24.568414,1
4788,1596,Delivered,2026-04-11 03:07:21.941923,1
4789,1597,Created,2026-04-08 18:30:00,6
4790,1597,Dispatched,2026-04-08 20:29:38.451611,6
4791,1597,Delivered,2026-04-09 19:05:32.416341,6
4792,1598,Created,2026-04-08 18:30:00,3
4793,1598,Dispatched,2026-04-08 21:24:16.797988,3
4794,1598,Delivered,2026-04-11 15:34:47.447972,3
4795,1599,Created,2026-04-08 16:00:00,1
4796,1599,Dispatched,2026-04-08 22:10:43.454087,1
4797,1599,Delivered,2026-04-11 14:19:49.047342,1
4798,1600,Created,2026-04-09 14:30:00,2
4799,1600,Dispatched,2026-04-09 15:52:50.665197,2
4800,1600,Delivered,2026-04-12 08:25:33.600563,2
4801,1601,Created,2026-04-09 17:00:00,5
4802,1601,Dispatched,2026-04-09 19:51:03.915016,5
4803,1601,Delivered,2026-04-12 11:57:31.164428,5
4804,1602,Created,2026-04-09 10:00:00,1
4805,1602,Dispatched,2026-04-09 15:53:46.234005,1
4806,1602,Delivered,2026-04-11 14:01:28.688450,1
4807,1603,Created,2026-04-09 15:30:00,1
4808,1603,Dispatched,2026-04-09 20:03:01.671370,1
4809,1603,Delivered,2026-04-12 07:37:30.829025,1
4810,1604,Created,2026-04-09 18:30:00,2
4811,1604,Dispatched,2026-04-09 23:29:01.039405,2
4812,1604,Delivery Failed,2026-04-12 03:18:27.662670,2
4813,1605,Created,2026-04-09 08:45:00,1
4814,1605,Dispatched,2026-04-09 13:38:50.307968,1
4815,1605,Delivered,2026-04-09 12:28:48.298414,1
4816,1606,Created,2026-04-09 08:00:00,3
4817,1606,Dispatched,2026-04-09 14:52:08.602074,3
4818,1606,Delivered,2026-04-09 14:54:44.077132,3
4819,1607,Created,2026-04-09 16:30:00,2
4820,1607,Dispatched,2026-04-09 20:33:56.081004,2
4821,1607,Delivered,2026-04-09 16:05:39.426787,2
4822,1608,Created,2026-04-09 14:00:00,2
4823,1608,Dispatched,2026-04-09 19:44:38.508697,2
4824,1608,Delivered,2026-04-10 15:34:23.310053,2
4825,1609,Created,2026-04-09 14:00:00,2
4826,1609,Dispatched,2026-04-09 16:51:30.452585,2
4827,1609,Delivered,2026-04-12 11:17:04.295800,2
4828,1610,Created,2026-04-09 15:45:00,4
4829,1610,Dispatched,2026-04-09 19:46:38.534857,4
4830,1610,Delivered,2026-04-10 07:47:01.832273,4
4831,1611,Created,2026-04-09 13:45:00,2
4832,1611,Dispatched,2026-04-09 19:39:47.819455,2
4833,1611,Delivered,2026-04-10 13:42:21.144818,2
4834,1612,Created,2026-04-09 07:00:00,3
4835,1612,Dispatched,2026-04-09 12:33:00.944816,3
4836,1612,Delivered,2026-04-11 22:09:35.359100,3
4837,1613,Created,2026-04-09 17:00:00,3
4838,1613,Dispatched,2026-04-09 18:19:59.042899,3
4839,1613,Delivered,2026-04-10 22:19:52.564830,3
4840,1614,Created,2026-04-09 17:30:00,1
4841,1614,Dispatched,2026-04-09 22:54:16.917197,1
4842,1614,Delivered,2026-04-09 13:13:31.445959,1
4843,1615,Created,2026-04-09 08:00:00,1
4844,1615,Dispatched,2026-04-09 09:35:32.384157,1
4845,1615,Delivered,2026-04-12 03:08:38.563199,1
4846,1616,Created,2026-04-09 11:15:00,1
4847,1616,Dispatched,2026-04-09 17:26:17.400373,1
4848,1616,Delivered,2026-04-09 07:05:07.163979,1
4849,1617,Created,2026-04-10 13:15:00,1
4850,1617,Dispatched,2026-04-10 19:05:35.359788,1
4851,1617,Delivered,2026-04-14 16:17:31.747855,1
4852,1618,Created,2026-04-10 15:30:00,5
4853,1618,Dispatched,2026-04-10 18:05:57.779579,5
4854,1618,Delivered,2026-04-14 10:30:48.895043,5
4855,1619,Created,2026-04-10 08:00:00,1
4856,1619,Dispatched,2026-04-10 12:08:52.833099,1
4857,1619,Delivered,2026-04-14 10:44:54.291432,1
4858,1620,Created,2026-04-10 15:45:00,3
4859,1620,Dispatched,2026-04-10 18:22:20.482925,3
4860,1620,Delivered,2026-04-13 09:00:37.617298,3
4861,1621,Created,2026-04-10 09:15:00,2
4862,1621,Dispatched,2026-04-10 15:41:59.895014,2
4863,1621,Delivery Failed,2026-04-14 09:24:45.352756,2
4864,1622,Created,2026-04-10 07:45:00,5
4865,1622,Dispatched,2026-04-10 11:16:16.825132,5
4866,1622,Delivered,2026-04-11 03:18:17.477799,5
4867,1623,Created,2026-04-10 13:45:00,4
4868,1623,Dispatched,2026-04-10 16:28:58.558106,4
4869,1623,Delivered,2026-04-10 09:42:46.787273,4
4870,1624,Created,2026-04-10 15:15:00,1
4871,1624,Dispatched,2026-04-10 16:58:40.506669,1
4872,1624,Delivered,2026-04-10 09:24:51.804714,1
4873,1625,Created,2026-04-10 18:00:00,3
4874,1625,Dispatched,2026-04-10 23:03:36.406787,3
4875,1625,Delivered,2026-04-13 08:50:51.839668,3
4876,1626,Created,2026-04-10 14:30:00,3
4877,1626,Dispatched,2026-04-10 17:17:42.394219,3
4878,1626,Delivered,2026-04-10 09:47:35.356433,3
4879,1627,Created,2026-04-10 08:15:00,6
4880,1627,Dispatched,2026-04-10 12:57:51.350844,6
4881,1627,Delivered,2026-04-13 20:18:39.724662,6
4882,1628,Created,2026-04-10 17:15:00,2
4883,1628,Dispatched,2026-04-10 22:55:28.830331,2
4884,1628,Delivered,2026-04-11 14:54:07.004749,2
4885,1629,Created,2026-04-10 07:30:00,2
4886,1629,Dispatched,2026-04-10 10:07:08.070289,2
4887,1629,Delivered,2026-04-12 20:03:19.996233,2
4888,1630,Created,2026-04-10 16:45:00,5
4889,1630,Dispatched,2026-04-10 23:07:22.662036,5
4890,1630,Delivered,2026-04-13 02:17:34.978243,5
4891,1631,Created,2026-04-10 18:30:00,3
4892,1631,Dispatched,2026-04-10 23:48:30.060480,3
4893,1631,Delivered,2026-04-12 13:37:20.960122,3
4894,1632,Created,2026-04-10 10:00:00,2
4895,1632,Dispatched,2026-04-10 11:38:52.695749,2
4896,1632,Delivered,2026-04-13 08:26:34.364492,2
4897,1633,Created,2026-04-10 17:45:00,4
4898,1633,Dispatched,2026-04-10 21:16:03.744730,4
4899,1633,Delivered,2026-04-13 09:26:15.095808,4
4900,1634,Created,2026-04-10 17:45:00,1
4901,1634,Dispatched,2026-04-10 22:23:46.989026,1
4902,1634,Delivered,2026-04-11 08:23:41.931211,1
4903,1635,Created,2026-04-11 07:00:00,2
4904,1635,Dispatched,2026-04-11 12:20:45.295678,2
4905,1635,Delivered,2026-04-12 10:59:07.728281,2
4906,1636,Created,2026-04-11 16:45:00,3
4907,1636,Dispatched,2026-04-11 23:44:21.024589,3
4908,1636,Delivered,2026-04-13 05:48:59.996191,3
4909,1637,Created,2026-04-11 15:30:00,2
4910,1637,Dispatched,2026-04-11 19:18:24.668137,2
4911,1637,Delivered,2026-04-14 06:09:54.270489,2
4912,1638,Created,2026-04-11 18:15:00,3
4913,1638,Dispatched,2026-04-11 21:44:09.388634,3
4914,1638,Delivered,2026-04-11 14:18:29.155814,3
4915,1639,Created,2026-04-11 12:45:00,4
4916,1639,Dispatched,2026-04-11 18:34:47.884965,4
4917,1639,Delivered,2026-04-13 01:22:25.333266,4
4918,1640,Created,2026-04-11 10:45:00,6
4919,1640,Dispatched,2026-04-11 12:00:33.938943,6
4920,1640,Delivered,2026-04-11 12:10:02.014853,6
4921,1641,Created,2026-04-11 11:00:00,6
4922,1641,Dispatched,2026-04-11 17:41:14.034893,6
4923,1641,Delivered,2026-04-12 14:43:30.254210,6
4924,1642,Created,2026-04-11 10:00:00,4
4925,1642,Dispatched,2026-04-11 16:40:35.889892,4
4926,1642,Delivered,2026-04-11 17:39:35.422509,4
4927,1643,Created,2026-04-11 12:00:00,4
4928,1643,Dispatched,2026-04-11 17:00:16.286079,4
4929,1643,Delivered,2026-04-12 10:16:22.931733,4
4930,1644,Created,2026-04-11 16:45:00,2
4931,1644,Dispatched,2026-04-11 22:05:50.483738,2
4932,1644,Delivered,2026-04-13 23:00:52.887649,2
4933,1645,Created,2026-04-11 14:30:00,1
4934,1645,Dispatched,2026-04-11 19:02:05.176378,1
4935,1645,Delivered,2026-04-13 13:18:03.961149,1
4936,1646,Created,2026-04-11 08:45:00,5
4937,1646,Dispatched,2026-04-11 15:13:51.381392,5
4938,1646,Delivered,2026-04-13 17:56:19.734523,5
4939,1647,Created,2026-04-11 18:15:00,3
4940,1647,Dispatched,2026-04-11 20:13:54.224684,3
4941,1647,Delivered,2026-04-14 13:20:47.229648,3
4942,1648,Created,2026-04-11 18:45:00,1
4943,1648,Dispatched,2026-04-11 20:44:56.633985,1
4944,1648,Delivered,2026-04-13 01:31:13.799861,1
4945,1649,Created,2026-04-11 15:15:00,1
4946,1649,Dispatched,2026-04-11 20:37:15.459022,1
4947,1649,Delivered,2026-04-11 20:16:18.221645,1
4948,1650,Created,2026-04-11 14:15:00,2
4949,1650,Dispatched,2026-04-11 18:06:35.391641,2
4950,1650,Delivered,2026-04-13 21:41:07.780336,2
4951,1651,Created,2026-04-11 08:15:00,3
4952,1651,Dispatched,2026-04-11 14:12:32.340844,3
4953,1651,Delivered,2026-04-11 03:08:46.786418,3
4954,1652,Created,2026-04-12 16:30:00,5
4955,1652,Dispatched,2026-04-12 18:32:42.401466,5
4956,1652,Delivered,2026-04-13 11:33:41.977487,5
4957,1653,Created,2026-04-12 10:45:00,5
4958,1653,Dispatched,2026-04-12 14:15:32.729702,5
4959,1653,Delivered,2026-04-13 01:39:43.205798,5
4960,1654,Created,2026-04-12 15:45:00,1
4961,1654,Dispatched,2026-04-12 22:41:30.269518,1
4962,1654,Delivered,2026-04-13 04:31:02.395947,1
4963,1655,Created,2026-04-12 15:45:00,3
4964,1655,Dispatched,2026-04-12 22:36:53.253990,3
4965,1655,Delivered,2026-04-13 18:53:42.517737,3
4966,1656,Created,2026-04-12 17:30:00,6
4967,1656,Dispatched,2026-04-12 19:28:15.267711,6
4968,1656,Delivered,2026-04-13 16:40:02.252614,6
4969,1657,Created,2026-04-12 16:45:00,5
4970,1657,Dispatched,2026-04-12 21:20:01.532071,5
4971,1657,Delivered,2026-04-13 18:37:27.440666,5
4972,1658,Created,2026-04-12 10:00:00,6
4973,1658,Dispatched,2026-04-12 16:45:29.369123,6
4974,1658,Delivered,2026-04-14 17:37:49.788900,6
4975,1659,Created,2026-04-12 16:15:00,1
4976,1659,Dispatched,2026-04-12 18:37:55.969708,1
4977,1659,Delivered,2026-04-15 09:43:43.491446,1
4978,1660,Created,2026-04-12 16:00:00,1
4979,1660,Dispatched,2026-04-12 20:30:12.927249,1
4980,1660,Delivered,2026-04-13 04:05:29.886064,1
4981,1661,Created,2026-04-12 08:45:00,3
4982,1661,Dispatched,2026-04-12 14:18:18.140260,3
4983,1661,Delivered,2026-04-13 00:16:58.505324,3
4984,1662,Created,2026-04-12 11:15:00,2
4985,1662,Dispatched,2026-04-12 15:23:52.940466,2
4986,1662,Delivered,2026-04-12 15:52:07.614205,2
4987,1663,Created,2026-04-12 18:00:00,3
4988,1663,Dispatched,2026-04-12 20:12:43.324852,3
4989,1663,Delivered,2026-04-13 16:40:49.486058,3
4990,1664,Created,2026-04-12 17:00:00,2
4991,1664,Dispatched,2026-04-12 22:28:18.650532,2
4992,1664,Delivered,2026-04-15 12:59:46.541985,2
4993,1665,Created,2026-04-12 16:00:00,4
4994,1665,Dispatched,2026-04-12 19:58:24.005389,4
4995,1665,Delivery Failed,2026-04-12 10:14:03.656519,4
4996,1666,Created,2026-04-12 16:00:00,3
4997,1666,Dispatched,2026-04-12 20:37:38.020481,3
4998,1666,Delivered,2026-04-16 04:05:33.574229,3
4999,1667,Created,2026-04-13 15:45:00,4
5000,1667,Dispatched,2026-04-13 22:41:17.026235,4
5001,1667,Delivered,2026-04-16 02:36:33.127448,4
5002,1668,Created,2026-04-13 10:45:00,6
5003,1668,Dispatched,2026-04-13 12:48:25.223353,6
5004,1668,Delivered,2026-04-16 07:02:32.265816,6
5005,1669,Created,2026-04-13 07:30:00,2
5006,1669,Dispatched,2026-04-13 09:21:51.250937,2
5007,1669,Delivered,2026-04-14 10:58:57.802086,2
5008,1670,Created,2026-04-13 07:45:00,4
5009,1670,Dispatched,2026-04-13 11:17:30.397652,4
5010,1670,Delivered,2026-04-14 09:25:09.603974,4
5011,1671,Created,2026-04-13 15:45:00,3
5012,1671,Dispatched,2026-04-13 21:25:53.352546,3
5013,1671,Delivered,2026-04-16 11:31:06.986808,3
5014,1672,Created,2026-04-13 18:45:00,4
5015,1672,Dispatched,2026-04-13 22:24:49.946118,4
5016,1672,Delivered,2026-04-16 13:25:40.465682,4
5017,1673,Created,2026-04-13 17:45:00,2
5018,1673,Dispatched,2026-04-13 20:48:36.465203,2
5019,1673,Delivered,2026-04-13 19:20:28.348468,2
5020,1674,Created,2026-04-13 13:45:00,1
5021,1674,Dispatched,2026-04-13 17:48:02.117994,1
5022,1674,Delivered,2026-04-15 21:49:48.857927,1
5023,1675,Created,2026-04-13 17:15:00,4
5024,1675,Dispatched,2026-04-13 23:35:23.195417,4
5025,1675,Delivered,2026-04-17 15:02:10.516355,4
5026,1676,Created,2026-04-13 09:30:00,5
5027,1676,Dispatched,2026-04-13 14:04:50.972241,5
5028,1676,Delivered,2026-04-14 02:22:19.108806,5
5029,1677,Created,2026-04-13 16:45:00,1
5030,1677,Dispatched,2026-04-13 18:04:17.226483,1
5031,1677,Delivered,2026-04-16 09:36:58.219570,1
5032,1678,Created,2026-04-13 09:45:00,4
5033,1678,Dispatched,2026-04-13 11:36:04.587075,4
5034,1678,Delivered,2026-04-13 01:51:48.033890,4
5035,1679,Created,2026-04-13 07:45:00,1
5036,1679,Dispatched,2026-04-13 12:31:19.845408,1
5037,1679,Delivered,2026-04-15 18:13:38.250268,1
5038,1680,Created,2026-04-13 10:30:00,6
5039,1680,Dispatched,2026-04-13 12:54:21.473995,6
5040,1680,Delivered,2026-04-15 17:43:23.358793,6
5041,1681,Created,2026-04-13 14:45:00,3
5042,1681,Dispatched,2026-04-13 17:56:07.869093,3
5043,1681,Delivered,2026-04-15 05:48:48.334970,3
5044,1682,Created,2026-04-13 09:45:00,6
5045,1682,Dispatched,2026-04-13 15:36:09.484370,6
5046,1682,Delivered,2026-04-16 05:56:36.732198,6
5047,1683,Created,2026-04-13 13:00:00,3
5048,1683,Dispatched,2026-04-13 18:22:47.415943,3
5049,1683,Delivered,2026-04-15 19:22:27.142513,3
5050,1684,Created,2026-04-13 18:30:00,4
5051,1684,Dispatched,2026-04-14 00:48:00.914383,4
5052,1684,Delivered,2026-04-16 08:41:06.648861,4
5053,1685,Created,2026-04-13 09:15:00,3
5054,1685,Dispatched,2026-04-13 13:53:18.610764,3
5055,1685,Delivered,2026-04-14 11:12:27.085670,3
5056,1686,Created,2026-04-13 09:30:00,3
5057,1686,Dispatched,2026-04-13 11:52:47.726928,3
5058,1686,Delivered,2026-04-13 23:14:23.730239,3
5059,1687,Created,2026-04-13 16:00:00,2
5060,1687,Dispatched,2026-04-13 20:47:03.825394,2
5061,1687,Delivered,2026-04-14 06:58:10.132222,2
5062,1688,Created,2026-04-14 15:00:00,5
5063,1688,Dispatched,2026-04-14 19:26:49.326764,5
5064,1688,Delivered,2026-04-17 05:58:01.931966,5
5065,1689,Created,2026-04-14 17:45:00,6
5066,1689,Dispatched,2026-04-15 00:24:44.078954,6
5067,1689,Delivered,2026-04-17 06:26:48.577581,6
5068,1690,Created,2026-04-14 16:30:00,6
5069,1690,Dispatched,2026-04-14 21:20:16.304348,6
5070,1690,Delivered,2026-04-15 01:20:21.692086,6
5071,1691,Created,2026-04-14 15:00:00,4
5072,1691,Dispatched,2026-04-14 18:17:50.529958,4
5073,1691,Delivered,2026-04-17 11:27:53.319949,4
5074,1692,Created,2026-04-14 14:45:00,6
5075,1692,Dispatched,2026-04-14 16:47:49.437742,6
5076,1692,Delivered,2026-04-16 23:18:54.835949,6
5077,1693,Created,2026-04-14 08:00:00,1
5078,1693,Dispatched,2026-04-14 11:54:47.574785,1
5079,1693,Delivered,2026-04-16 17:30:47.135234,1
5080,1694,Created,2026-04-14 13:30:00,3
5081,1694,Dispatched,2026-04-14 17:16:54.234284,3
5082,1694,Delivered,2026-04-15 15:26:49.322500,3
5083,1695,Created,2026-04-14 17:15:00,2
5084,1695,Dispatched,2026-04-14 23:11:46.147350,2
5085,1695,Delivered,2026-04-14 15:56:13.737184,2
5086,1696,Created,2026-04-14 16:15:00,1
5087,1696,Dispatched,2026-04-14 19:13:51.924130,1
5088,1696,Delivered,2026-04-17 13:56:38.606489,1
5089,1697,Created,2026-04-14 15:00:00,5
5090,1697,Dispatched,2026-04-14 17:52:58.858458,5
5091,1697,Delivered,2026-04-18 17:29:00.909908,5
5092,1698,Created,2026-04-14 08:15:00,1
5093,1698,Dispatched,2026-04-14 10:06:41.264462,1
5094,1698,Delivered,2026-04-16 22:48:29.473021,1
5095,1699,Created,2026-04-14 07:15:00,3
5096,1699,Dispatched,2026-04-14 09:10:15.504328,3
5097,1699,Delivered,2026-04-15 00:26:54.291689,3
5098,1700,Created,2026-04-14 15:45:00,4
5099,1700,Dispatched,2026-04-14 17:32:17.399997,4
5100,1700,Delivered,2026-04-15 03:48:11.800706,4
5101,1701,Created,2026-04-14 10:30:00,3
5102,1701,Dispatched,2026-04-14 11:38:59.698641,3
5103,1701,Delivered,2026-04-15 09:11:49.478025,3
5104,1702,Created,2026-04-14 17:45:00,4
5105,1702,Dispatched,2026-04-14 20:22:05.648386,4
5106,1702,Delivered,2026-04-16 22:19:08.944041,4
5107,1703,Created,2026-04-14 07:00:00,2
5108,1703,Dispatched,2026-04-14 11:47:13.049658,2
5109,1703,Delivered,2026-04-14 23:14:45.893145,2
5110,1704,Created,2026-04-14 13:15:00,2
5111,1704,Dispatched,2026-04-14 17:27:37.598238,2
5112,1704,Delivered,2026-04-14 22:08:07.418721,2
5113,1705,Created,2026-04-14 08:00:00,1
5114,1705,Dispatched,2026-04-14 10:49:22.467377,1
5115,1705,Delivered,2026-04-14 23:14:05.337293,1
5116,1706,Created,2026-04-14 15:30:00,1
5117,1706,Dispatched,2026-04-14 19:22:38.291538,1
5118,1706,Delivered,2026-04-15 18:05:57.937774,1
5119,1707,Created,2026-04-15 17:30:00,5
5120,1707,Dispatched,2026-04-15 19:16:12.717426,5
5121,1707,Delivered,2026-04-19 12:48:02.499697,5
5122,1708,Created,2026-04-15 17:45:00,6
5123,1708,Dispatched,2026-04-16 00:43:54.949027,6
5124,1708,Delivered,2026-04-18 02:13:12.234876,6
5125,1709,Created,2026-04-15 07:15:00,6
5126,1709,Dispatched,2026-04-15 11:12:56.081222,6
5127,1709,Delivered,2026-04-17 21:12:56.031436,6
5128,1710,Created,2026-04-15 08:45:00,1
5129,1710,Dispatched,2026-04-15 10:39:56.017553,1
5130,1710,Delivered,2026-04-16 04:28:30.696277,1
5131,1711,Created,2026-04-15 10:30:00,1
5132,1711,Dispatched,2026-04-15 17:26:51.952663,1
5133,1711,Delivered,2026-04-18 01:57:43.799090,1
5134,1712,Created,2026-04-15 16:45:00,6
5135,1712,Dispatched,2026-04-15 19:02:50.714212,6
5136,1712,Delivered,2026-04-19 07:48:11.703583,6
5137,1713,Created,2026-04-15 15:15:00,3
5138,1713,Dispatched,2026-04-15 16:30:50.831115,3
5139,1713,Delivered,2026-04-16 08:10:46.527517,3
5140,1714,Created,2026-04-15 12:30:00,1
5141,1714,Dispatched,2026-04-15 14:58:08.816458,1
5142,1714,Delivered,2026-04-17 23:50:37.065018,1
5143,1715,Created,2026-04-15 15:15:00,4
5144,1715,Dispatched,2026-04-15 18:11:55.539997,4
5145,1715,Delivered,2026-04-17 22:23:50.662794,4
5146,1716,Created,2026-04-15 12:30:00,3
5147,1716,Dispatched,2026-04-15 16:37:07.773988,3
5148,1716,Delivered,2026-04-16 14:04:21.028925,3
5149,1717,Created,2026-04-15 11:30:00,4
5150,1717,Dispatched,2026-04-15 16:03:32.037446,4
5151,1717,Delivered,2026-04-17 18:04:02.071465,4
5152,1718,Created,2026-04-16 12:15:00,3
5153,1718,Dispatched,2026-04-16 17:07:52.924796,3
5154,1718,Delivered,2026-04-18 19:44:17.530911,3
5155,1719,Created,2026-04-16 18:30:00,1
5156,1719,Dispatched,2026-04-16 22:56:42.368473,1
5157,1719,Delivered,2026-04-17 22:15:48.218272,1
5158,1720,Created,2026-04-16 08:30:00,1
5159,1720,Dispatched,2026-04-16 10:07:19.051441,1
5160,1720,Delivered,2026-04-18 06:17:43.460059,1
5161,1721,Created,2026-04-16 17:45:00,4
5162,1721,Dispatched,2026-04-16 21:17:28.657718,4
5163,1721,Delivered,2026-04-19 16:46:59.845182,4
5164,1722,Created,2026-04-16 08:30:00,1
5165,1722,Dispatched,2026-04-16 13:24:58.195610,1
5166,1722,Delivered,2026-04-16 17:26:57.845622,1
5167,1723,Created,2026-04-16 11:15:00,2
5168,1723,Dispatched,2026-04-16 17:42:24.238299,2
5169,1723,Delivered,2026-04-18 22:00:10.872794,2
5170,1724,Created,2026-04-16 15:45:00,4
5171,1724,Dispatched,2026-04-16 19:17:58.946194,4
5172,1724,Delivered,2026-04-21 03:44:13.954362,4
5173,1725,Created,2026-04-16 11:00:00,5
5174,1725,Dispatched,2026-04-16 15:17:52.299293,5
5175,1725,Delivered,2026-04-16 08:51:02.185965,5
5176,1726,Created,2026-04-16 11:45:00,3
5177,1726,Dispatched,2026-04-16 12:54:12.861429,3
5178,1726,Delivered,2026-04-17 10:23:48.066353,3
5179,1727,Created,2026-04-16 09:45:00,4
5180,1727,Dispatched,2026-04-16 14:52:24.301995,4
5181,1727,Delivered,2026-04-16 18:01:06.268030,4
5182,1728,Created,2026-04-16 10:15:00,6
5183,1728,Dispatched,2026-04-16 15:30:50.264005,6
5184,1728,Delivered,2026-04-18 21:15:52.157498,6
5185,1729,Created,2026-04-16 13:30:00,1
5186,1729,Dispatched,2026-04-16 19:57:56.274028,1
5187,1729,Delivered,2026-04-16 11:08:48.375573,1
5188,1730,Created,2026-04-16 14:45:00,1
5189,1730,Dispatched,2026-04-16 20:56:14.312015,1
5190,1730,Delivered,2026-04-19 06:30:11.114814,1
5191,1731,Created,2026-04-16 08:45:00,4
5192,1731,Dispatched,2026-04-16 12:07:15.873878,4
5193,1731,Delivered,2026-04-19 23:56:14.413020,4
5194,1732,Created,2026-04-16 18:45:00,6
5195,1732,Dispatched,2026-04-17 00:56:37.822820,6
5196,1732,Delivered,2026-04-17 12:13:42.420611,6
5197,1733,Created,2026-04-16 13:30:00,5
5198,1733,Dispatched,2026-04-16 18:45:43.214478,5
5199,1733,Delivered,2026-04-19 10:57:18.939690,5
5200,1734,Created,2026-04-16 08:00:00,2
5201,1734,Dispatched,2026-04-16 10:09:58.714058,2
5202,1734,Delivered,2026-04-20 00:02:52.879654,2
5203,1735,Created,2026-04-16 09:45:00,3
5204,1735,Dispatched,2026-04-16 12:01:00.428513,3
5205,1735,Delivered,2026-04-17 05:59:34.041936,3
5206,1736,Created,2026-04-16 12:45:00,6
5207,1736,Dispatched,2026-04-16 18:28:13.786831,6
5208,1736,Delivered,2026-04-18 23:23:50.676910,6
5209,1737,Created,2026-04-17 12:30:00,3
5210,1737,Dispatched,2026-04-17 13:50:14.128636,3
5211,1737,Delivered,2026-04-17 04:52:44.168431,3
5212,1738,Created,2026-04-17 14:45:00,1
5213,1738,Dispatched,2026-04-17 18:05:08.092540,1
5214,1738,Delivered,2026-04-20 10:39:04.464658,1
5215,1739,Created,2026-04-17 13:45:00,3
5216,1739,Dispatched,2026-04-17 17:32:10.976241,3
5217,1739,Delivered,2026-04-17 08:17:05.886692,3
5218,1740,Created,2026-04-17 13:30:00,6
5219,1740,Dispatched,2026-04-17 18:41:49.129526,6
5220,1740,Delivered,2026-04-20 09:48:06.635409,6
5221,1741,Created,2026-04-17 16:00:00,4
5222,1741,Dispatched,2026-04-17 17:03:35.488966,4
5223,1741,Delivered,2026-04-22 01:42:40.825657,4
5224,1742,Created,2026-04-17 08:00:00,3
5225,1742,Dispatched,2026-04-17 12:34:58.458152,3
5226,1742,Delivered,2026-04-19 14:26:41.769842,3
5227,1743,Created,2026-04-17 15:30:00,2
5228,1743,Dispatched,2026-04-17 21:40:08.643725,2
5229,1743,Delivered,2026-04-20 08:48:55.701674,2
5230,1744,Created,2026-04-17 16:15:00,2
5231,1744,Dispatched,2026-04-17 21:27:23.233481,2
5232,1744,Delivered,2026-04-21 13:10:00.336969,2
5233,1745,Created,2026-04-17 15:00:00,4
5234,1745,Dispatched,2026-04-17 18:11:39.592828,4
5235,1745,Delivered,2026-04-22 03:25:21.383028,4
5236,1746,Created,2026-04-17 13:15:00,6
5237,1746,Dispatched,2026-04-17 17:00:49.595647,6
5238,1746,Delivered,2026-04-19 20:41:28.599535,6
5239,1747,Created,2026-04-17 07:15:00,6
5240,1747,Dispatched,2026-04-17 09:40:41.904162,6
5241,1747,Delivered,2026-04-20 03:01:01.917071,6
5242,1748,Created,2026-04-17 18:15:00,6
5243,1748,Dispatched,2026-04-17 23:59:54.443338,6
5244,1748,Delivered,2026-04-22 00:04:50.647382,6
5245,1749,Created,2026-04-17 18:30:00,1
5246,1749,Dispatched,2026-04-17 22:28:33.994871,1
5247,1749,Delivered,2026-04-18 21:07:23.121893,1
5248,1750,Created,2026-04-17 10:30:00,4
5249,1750,Dispatched,2026-04-17 12:43:36.065869,4
5250,1750,Delivered,2026-04-18 09:05:43.836884,4
5251,1751,Created,2026-04-17 16:15:00,2
5252,1751,Dispatched,2026-04-17 19:44:56.294263,2
5253,1751,Delivered,2026-04-20 04:45:35.585312,2
5254,1752,Created,2026-04-17 09:30:00,2
5255,1752,Dispatched,2026-04-17 14:07:16.683198,2
5256,1752,Delivered,2026-04-17 13:09:32.573148,2
5257,1753,Created,2026-04-17 15:15:00,6
5258,1753,Dispatched,2026-04-17 18:46:35.087008,6
5259,1753,Delivered,2026-04-18 18:35:42.814454,6
5260,1754,Created,2026-04-17 07:30:00,4
5261,1754,Dispatched,2026-04-17 12:50:43.720020,4
5262,1754,Delivered,2026-04-19 19:02:41.089832,4
5263,1755,Created,2026-04-17 13:00:00,5
5264,1755,Dispatched,2026-04-17 19:43:13.397566,5
5265,1755,Delivered,2026-04-18 10:03:40.628325,5
5266,1756,Created,2026-04-17 13:15:00,1
5267,1756,Dispatched,2026-04-17 18:00:24.467476,1
5268,1756,Delivered,2026-04-17 15:57:56.156830,1
5269,1757,Created,2026-04-17 07:45:00,5
5270,1757,Dispatched,2026-04-17 13:49:12.371677,5
5271,1757,Delivered,2026-04-19 16:35:56.680413,5
5272,1758,Created,2026-04-17 17:00:00,1
5273,1758,Dispatched,2026-04-17 22:49:36.450720,1
5274,1758,Delivered,2026-04-20 00:50:41.798635,1
5275,1759,Created,2026-04-18 11:45:00,4
5276,1759,Dispatched,2026-04-18 16:35:27.084814,4
5277,1759,Delivered,2026-04-21 08:08:54.356996,4
5278,1760,Created,2026-04-18 17:45:00,4
5279,1760,Dispatched,2026-04-18 22:49:13.118173,4
5280,1760,Delivered,2026-04-19 02:38:06.769472,4
5281,1761,Created,2026-04-18 15:00:00,2
5282,1761,Dispatched,2026-04-18 16:52:15.164171,2
5283,1761,Delivered,2026-04-18 19:02:55.936880,2
5284,1762,Created,2026-04-18 16:45:00,4
5285,1762,Dispatched,2026-04-18 22:57:17.161010,4
5286,1762,Delivered,2026-04-19 01:30:45.862493,4
5287,1763,Created,2026-04-18 17:15:00,2
5288,1763,Dispatched,2026-04-18 19:42:07.028804,2
5289,1763,Delivered,2026-04-19 22:13:03.462721,2
5290,1764,Created,2026-04-18 17:15:00,4
5291,1764,Dispatched,2026-04-18 23:45:42.299119,4
5292,1764,Delivered,2026-04-19 19:41:52.588189,4
5293,1765,Created,2026-04-18 13:15:00,3
5294,1765,Dispatched,2026-04-18 17:55:03.838812,3
5295,1765,Delivered,2026-04-20 20:35:37.315415,3
5296,1766,Created,2026-04-18 17:00:00,3
5297,1766,Dispatched,2026-04-18 18:48:56.996984,3
5298,1766,Delivered,2026-04-21 01:56:13.077741,3
5299,1767,Created,2026-04-18 15:45:00,3
5300,1767,Dispatched,2026-04-18 22:23:55.939443,3
5301,1767,Delivered,2026-04-18 23:07:15.784132,3
5302,1768,Created,2026-04-18 15:15:00,4
5303,1768,Dispatched,2026-04-18 20:30:37.481403,4
5304,1768,Delivered,2026-04-19 05:57:56.002826,4
5305,1769,Created,2026-04-18 14:00:00,5
5306,1769,Dispatched,2026-04-18 17:27:27.376933,5
5307,1769,Delivered,2026-04-21 12:15:25.851314,5
5308,1770,Created,2026-04-18 16:00:00,4
5309,1770,Dispatched,2026-04-18 21:36:10.642465,4
5310,1770,Delivered,2026-04-21 05:29:42.276263,4
5311,1771,Created,2026-04-18 18:30:00,1
5312,1771,Dispatched,2026-04-18 23:46:44.630268,1
5313,1771,Delivered,2026-04-20 22:02:00.513540,1
5314,1772,Created,2026-04-18 18:00:00,2
5315,1772,Dispatched,2026-04-19 00:56:00.375343,2
5316,1772,Delivered,2026-04-19 11:36:08.791163,2
5317,1773,Created,2026-04-18 16:45:00,2
5318,1773,Dispatched,2026-04-18 20:37:39.152673,2
5319,1773,Delivered,2026-04-18 09:13:39.246869,2
5320,1774,Created,2026-04-18 16:15:00,1
5321,1774,Dispatched,2026-04-18 19:01:45.377583,1
5322,1774,Delivered,2026-04-19 08:18:48.334172,1
5323,1775,Created,2026-04-18 16:30:00,6
5324,1775,Dispatched,2026-04-18 23:09:11.805285,6
5325,1775,Delivered,2026-04-19 12:21:42.691823,6
5326,1776,Created,2026-04-18 09:00:00,4
5327,1776,Dispatched,2026-04-18 13:35:29.385634,4
5328,1776,Delivered,2026-04-18 23:16:08.594035,4
5329,1777,Created,2026-04-18 13:45:00,5
5330,1777,Dispatched,2026-04-18 18:12:36.298180,5
5331,1777,Delivered,2026-04-21 00:42:04.840524,5
5332,1778,Created,2026-04-19 08:30:00,1
5333,1778,Dispatched,2026-04-19 12:57:49.053759,1
5334,1778,Delivered,2026-04-22 06:09:43.134855,1
5335,1779,Created,2026-04-19 12:15:00,6
5336,1779,Dispatched,2026-04-19 13:15:47.319913,6
5337,1779,Delivered,2026-04-22 03:13:53.575266,6
5338,1780,Created,2026-04-19 12:30:00,1
5339,1780,Dispatched,2026-04-19 19:26:43.420593,1
5340,1780,Delivered,2026-04-21 18:41:09.941173,1
5341,1781,Created,2026-04-19 16:45:00,2
5342,1781,Dispatched,2026-04-19 23:37:00.768080,2
5343,1781,Delivered,2026-04-24 02:16:50.724339,2
5344,1782,Created,2026-04-19 10:30:00,2
5345,1782,Dispatched,2026-04-19 16:55:22.142702,2
5346,1782,Delivered,2026-04-19 06:51:41.289443,2
5347,1783,Created,2026-04-19 13:00:00,2
5348,1783,Dispatched,2026-04-19 19:50:49.931201,2
5349,1783,Delivered,2026-04-21 21:37:15.078700,2
5350,1784,Created,2026-04-19 14:00:00,2
5351,1784,Dispatched,2026-04-19 19:07:41.411586,2
5352,1784,Delivered,2026-04-20 17:36:51.732744,2
5353,1785,Created,2026-04-19 10:15:00,1
5354,1785,Dispatched,2026-04-19 14:51:02.500111,1
5355,1785,Delivered,2026-04-19 09:29:13.649022,1
5356,1786,Created,2026-04-19 09:30:00,2
5357,1786,Dispatched,2026-04-19 10:42:59.513467,2
5358,1786,Delivered,2026-04-21 16:22:24.555982,2
5359,1787,Created,2026-04-19 12:15:00,5
5360,1787,Dispatched,2026-04-19 16:37:43.968444,5
5361,1787,Delivered,2026-04-22 06:30:14.825477,5
5362,1788,Created,2026-04-19 07:30:00,5
5363,1788,Dispatched,2026-04-19 13:49:41.144574,5
5364,1788,Delivered,2026-04-20 06:09:31.063833,5
5365,1789,Created,2026-04-19 16:15:00,3
5366,1789,Dispatched,2026-04-19 22:16:21.563970,3
5367,1789,Delivered,2026-04-22 14:39:27.205854,3
5368,1790,Created,2026-04-19 07:45:00,1
5369,1790,Dispatched,2026-04-19 11:28:16.546993,1
5370,1790,Delivered,2026-04-21 19:57:25.321124,1
5371,1791,Created,2026-04-19 16:30:00,6
5372,1791,Dispatched,2026-04-19 23:21:46.823265,6
5373,1791,Delivered,2026-04-22 06:36:49.667342,6
5374,1792,Created,2026-04-19 10:30:00,4
5375,1792,Dispatched,2026-04-19 16:13:24.116143,4
5376,1792,Delivered,2026-04-20 02:58:55.543464,4
5377,1793,Created,2026-04-19 10:15:00,1
5378,1793,Dispatched,2026-04-19 15:30:53.379697,1
5379,1793,Delivered,2026-04-22 02:00:55.412090,1
5380,1794,Created,2026-04-19 11:00:00,1
5381,1794,Dispatched,2026-04-19 16:17:41.930019,1
5382,1794,Delivered,2026-04-20 14:36:12.664999,1
5383,1795,Created,2026-04-19 09:15:00,2
5384,1795,Dispatched,2026-04-19 10:26:21.748497,2
5385,1795,Delivery Failed,2026-04-21 21:19:28.121471,2
5386,1796,Created,2026-04-20 11:45:00,4
5387,1796,Dispatched,2026-04-20 13:55:05.019610,4
5388,1796,Delivered,2026-04-23 04:08:48.401464,4
5389,1797,Created,2026-04-20 18:15:00,6
5390,1797,Dispatched,2026-04-20 19:30:13.942916,6
5391,1797,Delivered,2026-04-22 12:38:03.986900,6
5392,1798,Created,2026-04-20 09:30:00,1
5393,1798,Dispatched,2026-04-20 11:07:23.557084,1
5394,1798,Delivered,2026-04-23 06:28:01.133729,1
5395,1799,Created,2026-04-20 11:00:00,5
5396,1799,Dispatched,2026-04-20 13:53:20.717512,5
5397,1799,Delivered,2026-04-23 00:25:30.477097,5
5398,1800,Created,2026-04-20 09:15:00,3
5399,1800,Dispatched,2026-04-20 13:56:53.181078,3
5400,1800,Delivered,2026-04-21 02:19:58.159368,3
5401,1801,Created,2026-04-20 14:45:00,1
5402,1801,Dispatched,2026-04-20 18:09:23.642649,1
5403,1801,Delivered,2026-04-21 16:52:01.290169,1
5404,1802,Created,2026-04-20 08:15:00,5
5405,1802,Dispatched,2026-04-20 13:12:54.129565,5
5406,1802,Delivery Failed,2026-04-21 11:42:43.669657,5
5407,1803,Created,2026-04-20 07:00:00,2
5408,1803,Dispatched,2026-04-20 08:06:26.094098,2
5409,1803,Delivered,2026-04-22 21:10:32.682239,2
5410,1804,Created,2026-04-20 12:15:00,1
5411,1804,Dispatched,2026-04-20 17:27:23.125688,1
5412,1804,Delivered,2026-04-24 13:21:45.422068,1
5413,1805,Created,2026-04-20 10:45:00,2
5414,1805,Dispatched,2026-04-20 15:58:36.671157,2
5415,1805,Delivered,2026-04-24 18:59:52.269971,2
5416,1806,Created,2026-04-20 17:15:00,1
5417,1806,Dispatched,2026-04-20 20:00:21.198415,1
5418,1806,Delivered,2026-04-23 14:28:47.209833,1
5419,1807,Created,2026-04-20 16:45:00,3
5420,1807,Dispatched,2026-04-20 18:25:35.239208,3
5421,1807,Delivered,2026-04-23 15:23:28.858368,3
5422,1808,Created,2026-04-20 12:15:00,5
5423,1808,Dispatched,2026-04-20 13:39:39.761292,5
5424,1808,Delivered,2026-04-23 03:42:13.311620,5
5425,1809,Created,2026-04-20 09:45:00,1
5426,1809,Dispatched,2026-04-20 13:03:29.430551,1
5427,1809,Delivered,2026-04-23 00:29:01.688799,1
5428,1810,Created,2026-04-20 14:15:00,3
5429,1810,Dispatched,2026-04-20 20:48:11.868068,3
5430,1810,Delivered,2026-04-22 09:00:14.503502,3
5431,1811,Created,2026-04-20 08:45:00,5
5432,1811,Dispatched,2026-04-20 12:23:34.245656,5
5433,1811,Delivered,2026-04-20 02:05:52.127336,5
5434,1812,Created,2026-04-20 13:30:00,4
5435,1812,Dispatched,2026-04-20 18:21:00.653796,4
5436,1812,Delivered,2026-04-24 22:11:25.557352,4
5437,1813,Created,2026-04-20 15:00:00,4
5438,1813,Dispatched,2026-04-20 16:38:13.835773,4
5439,1813,Delivered,2026-04-21 08:24:24.483429,4
5440,1814,Created,2026-04-20 14:45:00,1
5441,1814,Dispatched,2026-04-20 21:19:23.921885,1
5442,1814,Delivered,2026-04-21 13:41:04.756315,1
5443,1815,Created,2026-04-20 10:00:00,4
5444,1815,Dispatched,2026-04-20 13:54:02.980458,4
5445,1815,Delivered,2026-04-23 14:24:07.354322,4
5446,1816,Created,2026-04-20 11:30:00,4
5447,1816,Dispatched,2026-04-20 17:33:02.029634,4
5448,1816,Delivered,2026-04-21 04:28:42.048120,4
5449,1817,Created,2026-04-20 18:15:00,2
5450,1817,Dispatched,2026-04-20 19:20:52.400936,2
5451,1817,Delivered,2026-04-21 07:24:13.682107,2
5452,1818,Created,2026-04-21 16:15:00,6
5453,1818,Dispatched,2026-04-21 20:57:41.658357,6
5454,1818,Delivered,2026-04-24 11:40:57.574385,6
5455,1819,Created,2026-04-21 09:45:00,1
5456,1819,Dispatched,2026-04-21 14:16:41.887854,1
5457,1819,Delivered,2026-04-22 07:07:49.575957,1
5458,1820,Created,2026-04-21 14:45:00,4
5459,1820,Dispatched,2026-04-21 19:20:24.382738,4
5460,1820,Delivered,2026-04-23 23:57:58.193044,4
5461,1821,Created,2026-04-21 11:00:00,2
5462,1821,Dispatched,2026-04-21 15:20:29.409930,2
5463,1821,Delivered,2026-04-24 06:48:17.333442,2
5464,1822,Created,2026-04-21 09:15:00,4
5465,1822,Dispatched,2026-04-21 14:08:23.263248,4
5466,1822,Delivered,2026-04-24 01:39:13.727739,4
5467,1823,Created,2026-04-21 09:30:00,4
5468,1823,Dispatched,2026-04-21 15:16:12.454120,4
5469,1823,Delivered,2026-04-24 04:02:34.939777,4
5470,1824,Created,2026-04-21 07:30:00,6
5471,1824,Dispatched,2026-04-21 10:08:03.653710,6
5472,1824,Delivered,2026-04-22 11:18:00.749069,6
5473,1825,Created,2026-04-21 15:30:00,3
5474,1825,Dispatched,2026-04-21 21:09:24.553078,3
5475,1825,Delivered,2026-04-23 22:14:07.262659,3
5476,1826,Created,2026-04-21 09:45:00,4
5477,1826,Dispatched,2026-04-21 12:16:01.840194,4
5478,1826,Delivered,2026-04-22 08:51:09.271152,4
5479,1827,Created,2026-04-21 13:30:00,2
5480,1827,Dispatched,2026-04-21 18:06:03.191391,2
5481,1827,Delivered,2026-04-24 00:40:46.628367,2
5482,1828,Created,2026-04-21 08:30:00,5
5483,1828,Dispatched,2026-04-21 10:18:28.584831,5
5484,1828,Delivered,2026-04-23 18:37:44.459136,5
5485,1829,Created,2026-04-21 15:00:00,1
5486,1829,Dispatched,2026-04-21 18:10:30.027165,1
5487,1829,Delivered,2026-04-24 08:53:25.875624,1
5488,1830,Created,2026-04-21 15:00:00,6
5489,1830,Dispatched,2026-04-21 16:29:07.314124,6
5490,1830,Delivered,2026-04-21 14:20:55.511594,6
5491,1831,Created,2026-04-22 08:30:00,2
5492,1831,Dispatched,2026-04-22 10:55:28.966305,2
5493,1831,Delivered,2026-04-24 18:05:24.264883,2
5494,1832,Created,2026-04-22 08:00:00,2
5495,1832,Dispatched,2026-04-22 09:01:10.674492,2
5496,1832,Delivered,2026-04-25 02:39:40.315171,2
5497,1833,Created,2026-04-22 12:30:00,6
5498,1833,Dispatched,2026-04-22 15:22:32.072514,6
5499,1833,Delivered,2026-04-25 05:47:39.513314,6
5500,1834,Created,2026-04-22 18:15:00,3
5501,1834,Dispatched,2026-04-22 21:14:53.367800,3
5502,1834,Delivered,2026-04-23 09:06:02.798686,3
5503,1835,Created,2026-04-22 17:30:00,1
5504,1835,Dispatched,2026-04-22 19:29:50.480888,1
5505,1835,Delivered,2026-04-25 01:39:35.754066,1
5506,1836,Created,2026-04-22 11:00:00,6
5507,1836,Dispatched,2026-04-22 17:04:17.700862,6
5508,1836,Delivered,2026-04-24 20:37:52.612367,6
5509,1837,Created,2026-04-22 13:15:00,2
5510,1837,Dispatched,2026-04-22 20:00:47.829167,2
5511,1837,Delivered,2026-04-24 21:44:49.152619,2
5512,1838,Created,2026-04-22 13:30:00,1
5513,1838,Dispatched,2026-04-22 19:58:28.443371,1
5514,1838,Delivered,2026-04-24 21:33:44.499806,1
5515,1839,Created,2026-04-22 13:45:00,3
5516,1839,Dispatched,2026-04-22 18:37:18.775682,3
5517,1839,Delivered,2026-04-25 11:31:00.125773,3
5518,1840,Created,2026-04-22 13:30:00,2
5519,1840,Dispatched,2026-04-22 14:59:00.816793,2
5520,1840,Delivered,2026-04-23 03:02:56.633478,2
5521,1841,Created,2026-04-22 16:45:00,5
5522,1841,Dispatched,2026-04-22 20:48:33.084450,5
5523,1841,Delivered,2026-04-22 19:15:26.700836,5
5524,1842,Created,2026-04-22 13:45:00,5
5525,1842,Dispatched,2026-04-22 16:23:45.575560,5
5526,1842,Delivered,2026-04-22 21:31:38.924467,5
5527,1843,Created,2026-04-22 11:30:00,2
5528,1843,Dispatched,2026-04-22 18:08:53.771018,2
5529,1843,Delivered,2026-04-24 03:32:13.906005,2
5530,1844,Created,2026-04-22 12:45:00,3
5531,1844,Dispatched,2026-04-22 17:40:44.003739,3
5532,1844,Delivered,2026-04-25 00:32:12.178877,3
5533,1845,Created,2026-04-23 17:45:00,2
5534,1845,Dispatched,2026-04-23 23:46:04.019994,2
5535,1845,Delivered,2026-04-24 15:15:52.033881,2
5536,1846,Created,2026-04-23 07:45:00,1
5537,1846,Dispatched,2026-04-23 11:42:01.110774,1
5538,1846,Delivered,2026-04-23 00:36:43.942366,1
5539,1847,Created,2026-04-23 14:15:00,3
5540,1847,Dispatched,2026-04-23 18:01:49.047869,3
5541,1847,Delivered,2026-04-25 22:03:09.825204,3
5542,1848,Created,2026-04-23 16:45:00,1
5543,1848,Dispatched,2026-04-23 18:00:53.539921,1
5544,1848,Delivered,2026-04-24 10:06:01.201287,1
5545,1849,Created,2026-04-23 13:45:00,1
5546,1849,Dispatched,2026-04-23 15:01:47.193005,1
5547,1849,Delivered,2026-04-26 12:14:20.616160,1
5548,1850,Created,2026-04-23 12:15:00,1
5549,1850,Dispatched,2026-04-23 18:18:16.887555,1
5550,1850,Delivered,2026-04-27 00:47:12.672344,1
5551,1851,Created,2026-04-23 13:45:00,5
5552,1851,Dispatched,2026-04-23 16:08:16.810282,5
5553,1851,Delivered,2026-04-26 06:17:11.163312,5
5554,1852,Created,2026-04-23 12:30:00,6
5555,1852,Dispatched,2026-04-23 16:30:20.315915,6
5556,1852,Delivered,2026-04-23 10:45:40.512316,6
5557,1853,Created,2026-04-23 14:30:00,4
5558,1853,Dispatched,2026-04-23 21:19:57.095845,4
5559,1853,Delivered,2026-04-25 09:33:16.395122,4
5560,1854,Created,2026-04-23 17:30:00,1
5561,1854,Dispatched,2026-04-23 22:27:43.464157,1
5562,1854,Delivered,2026-04-24 19:14:43.976982,1
5563,1855,Created,2026-04-23 13:45:00,1
5564,1855,Dispatched,2026-04-23 17:11:32.427142,1
5565,1855,Delivered,2026-04-26 05:48:53.716466,1
5566,1856,Created,2026-04-23 10:00:00,5
5567,1856,Dispatched,2026-04-23 11:33:32.396923,5
5568,1856,Delivered,2026-04-28 02:35:36.079792,5
5569,1857,Created,2026-04-23 08:30:00,3
5570,1857,Dispatched,2026-04-23 11:46:59.237868,3
5571,1857,Delivery Failed,2026-04-25 15:42:39.694194,3
5572,1858,Created,2026-04-23 12:45:00,6
5573,1858,Dispatched,2026-04-23 18:59:48.401098,6
5574,1858,Delivered,2026-04-25 21:53:00.120156,6
5575,1859,Created,2026-04-23 16:45:00,2
5576,1859,Dispatched,2026-04-23 20:23:24.081815,2
5577,1859,Delivered,2026-04-28 10:45:30.619847,2
5578,1860,Created,2026-04-23 11:30:00,6
5579,1860,Dispatched,2026-04-23 15:52:33.896921,6
5580,1860,Delivered,2026-04-24 07:52:29.802464,6
5581,1861,Created,2026-04-23 13:30:00,3
5582,1861,Dispatched,2026-04-23 16:40:07.036646,3
5583,1861,Delivered,2026-04-26 11:09:14.838118,3
5584,1862,Created,2026-04-23 07:15:00,1
5585,1862,Dispatched,2026-04-23 08:55:29.688243,1
5586,1862,Delivered,2026-04-25 13:23:40.730116,1
5587,1863,Created,2026-04-23 10:30:00,5
5588,1863,Dispatched,2026-04-23 17:10:55.736191,5
5589,1863,Delivered,2026-04-27 02:39:44.249976,5
5590,1864,Created,2026-04-23 15:30:00,4
5591,1864,Dispatched,2026-04-23 18:51:18.787941,4
5592,1864,Delivered,2026-04-26 10:53:23.381934,4
5593,1865,Created,2026-04-24 15:30:00,1
5594,1865,Dispatched,2026-04-24 19:31:38.807619,1
5595,1865,Delivered,2026-04-28 14:09:21.023131,1
5596,1866,Created,2026-04-24 17:00:00,6
5597,1866,Dispatched,2026-04-24 19:20:40.600399,6
5598,1866,Delivered,2026-04-27 12:52:47.588090,6
5599,1867,Created,2026-04-24 12:15:00,6
5600,1867,Dispatched,2026-04-24 16:58:15.627306,6
5601,1867,Delivered,2026-04-25 00:23:56.258790,6
5602,1868,Created,2026-04-24 07:45:00,3
5603,1868,Dispatched,2026-04-24 09:06:56.876385,3
5604,1868,Delivered,2026-04-27 08:44:16.280851,3
5605,1869,Created,2026-04-24 12:00:00,1
5606,1869,Dispatched,2026-04-24 14:04:08.799757,1
5607,1869,Delivered,2026-04-25 06:58:09.241931,1
5608,1870,Created,2026-04-24 12:45:00,5
5609,1870,Dispatched,2026-04-24 14:24:41.172510,5
5610,1870,Delivered,2026-04-28 01:37:13.071237,5
5611,1871,Created,2026-04-24 16:45:00,5
5612,1871,Dispatched,2026-04-24 20:31:02.821125,5
5613,1871,Delivered,2026-04-27 10:02:01.534390,5
5614,1872,Created,2026-04-24 13:00:00,2
5615,1872,Dispatched,2026-04-24 16:06:11.082944,2
5616,1872,Delivered,2026-04-26 21:59:53.693174,2
5617,1873,Created,2026-04-24 16:15:00,1
5618,1873,Dispatched,2026-04-24 22:54:15.024203,1
5619,1873,Delivered,2026-04-29 06:20:11.999493,1
5620,1874,Created,2026-04-24 18:45:00,3
5621,1874,Dispatched,2026-04-24 21:57:36.756021,3
5622,1874,Delivered,2026-04-27 02:45:23.934725,3
5623,1875,Created,2026-04-24 09:30:00,1
5624,1875,Dispatched,2026-04-24 16:12:23.740282,1
5625,1875,Delivered,2026-04-26 19:56:09.039485,1
5626,1876,Created,2026-04-24 15:00:00,3
5627,1876,Dispatched,2026-04-24 21:32:04.695523,3
5628,1876,Delivered,2026-04-27 00:53:39.358234,3
5629,1877,Created,2026-04-24 16:45:00,1
5630,1877,Dispatched,2026-04-24 17:45:32.074035,1
5631,1877,Delivered,2026-04-25 20:07:45.442694,1
5632,1878,Created,2026-04-24 07:30:00,1
5633,1878,Dispatched,2026-04-24 11:31:03.070243,1
5634,1878,Delivered,2026-04-25 05:12:58.006967,1
5635,1879,Created,2026-04-24 12:00:00,2
5636,1879,Dispatched,2026-04-24 14:30:19.624735,2
5637,1879,Delivered,2026-04-27 05:59:53.094131,2
5638,1880,Created,2026-04-25 09:45:00,2
5639,1880,Dispatched,2026-04-25 12:21:32.991827,2
5640,1880,Delivered,2026-04-27 20:15:47.476659,2
5641,1881,Created,2026-04-25 17:30:00,1
5642,1881,Dispatched,2026-04-25 20:52:55.981396,1
5643,1881,Delivered,2026-04-28 15:19:17.507347,1
5644,1882,Created,2026-04-25 16:00:00,4
5645,1882,Dispatched,2026-04-25 22:36:10.812053,4
5646,1882,Delivered,2026-04-28 12:26:59.704127,4
5647,1883,Created,2026-04-25 11:45:00,3
5648,1883,Dispatched,2026-04-25 13:08:34.472293,3
5649,1883,Delivered,2026-04-26 09:06:12.845778,3
5650,1884,Created,2026-04-25 17:30:00,3
5651,1884,Dispatched,2026-04-25 18:32:44.051509,3
5652,1884,Delivered,2026-04-28 07:33:04.978634,3
5653,1885,Created,2026-04-25 08:30:00,1
5654,1885,Dispatched,2026-04-25 11:58:56.145504,1
5655,1885,Delivered,2026-04-27 16:56:13.319658,1
5656,1886,Created,2026-04-25 14:15:00,2
5657,1886,Dispatched,2026-04-25 17:06:09.845921,2
5658,1886,Delivered,2026-04-25 06:21:26.366415,2
5659,1887,Created,2026-04-25 18:00:00,1
5660,1887,Dispatched,2026-04-25 22:24:42.008801,1
5661,1887,Delivered,2026-04-28 02:07:42.910664,1
5662,1888,Created,2026-04-25 11:30:00,2
5663,1888,Dispatched,2026-04-25 15:53:09.683441,2
5664,1888,Delivered,2026-04-29 11:07:07.601709,2
5665,1889,Created,2026-04-25 12:45:00,2
5666,1889,Dispatched,2026-04-25 13:58:52.891710,2
5667,1889,Delivered,2026-04-27 19:52:53.719326,2
5668,1890,Created,2026-04-25 13:45:00,4
5669,1890,Dispatched,2026-04-25 16:30:28.417327,4
5670,1890,Delivered,2026-04-26 06:42:11.345314,4
5671,1891,Created,2026-04-25 12:45:00,4
5672,1891,Dispatched,2026-04-25 15:28:16.449883,4
5673,1891,Delivered,2026-04-25 16:34:07.933179,4
5674,1892,Created,2026-04-25 09:00:00,5
5675,1892,Dispatched,2026-04-25 11:28:23.426596,5
5676,1892,Delivered,2026-04-26 09:00:14.828700,5
5677,1893,Created,2026-04-25 16:15:00,5
5678,1893,Dispatched,2026-04-25 17:54:08.275024,5
5679,1893,Delivered,2026-04-28 06:41:41.415412,5
5680,1894,Created,2026-04-25 11:30:00,2
5681,1894,Dispatched,2026-04-25 18:26:06.777287,2
5682,1894,Delivered,2026-04-26 02:44:27.639910,2
5683,1895,Created,2026-04-25 13:30:00,1
5684,1895,Dispatched,2026-04-25 17:28:33.826001,1
5685,1895,Delivery Failed,2026-04-27 03:51:27.225811,1
5686,1896,Created,2026-04-25 12:00:00,1
5687,1896,Dispatched,2026-04-25 16:08:34.713678,1
5688,1896,Delivered,2026-04-25 06:18:23.681414,1
5689,1897,Created,2026-04-25 18:45:00,3
5690,1897,Dispatched,2026-04-25 21:31:24.255851,3
5691,1897,Delivered,2026-04-26 09:14:20.019286,3
5692,1898,Created,2026-04-25 10:45:00,3
5693,1898,Dispatched,2026-04-25 14:36:03.498818,3
5694,1898,Delivered,2026-04-28 08:57:15.309857,3
5695,1899,Created,2026-04-25 09:30:00,6
5696,1899,Dispatched,2026-04-25 14:49:37.877968,6
5697,1899,Delivery Failed,2026-04-26 10:07:40.227063,6
5698,1900,Created,2026-04-26 09:15:00,2
5699,1900,Dispatched,2026-04-26 13:06:02.565899,2
5700,1900,Delivered,2026-04-30 12:25:50.907777,2
5701,1901,Created,2026-04-26 11:15:00,1
5702,1901,Dispatched,2026-04-26 17:34:56.831345,1
5703,1901,Delivered,2026-05-01 01:51:07.066864,1
5704,1902,Created,2026-04-26 17:15:00,4
5705,1902,Dispatched,2026-04-26 23:19:20.440120,4
5706,1902,Delivered,2026-04-29 15:05:18.882345,4
5707,1903,Created,2026-04-26 15:45:00,6
5708,1903,Dispatched,2026-04-26 17:42:04.804399,6
5709,1903,Delivered,2026-04-28 19:44:10.136898,6
5710,1904,Created,2026-04-26 15:15:00,1
5711,1904,Dispatched,2026-04-26 21:59:36.630461,1
5712,1904,Delivered,2026-04-27 10:47:16.936895,1
5713,1905,Created,2026-04-26 16:00:00,1
5714,1905,Dispatched,2026-04-26 18:07:42.595176,1
5715,1905,Delivered,2026-04-27 00:20:53.145610,1
5716,1906,Created,2026-04-26 17:15:00,4
5717,1906,Dispatched,2026-04-26 23:47:13.667510,4
5718,1906,Delivered,2026-04-29 09:08:29.966519,4
5719,1907,Created,2026-04-26 14:15:00,2
5720,1907,Dispatched,2026-04-26 19:05:40.653555,2
5721,1907,Delivered,2026-04-27 20:22:03.353178,2
5722,1908,Created,2026-04-26 18:30:00,1
5723,1908,Dispatched,2026-04-26 22:46:53.621585,1
5724,1908,Delivered,2026-04-29 01:19:40.175515,1
5725,1909,Created,2026-04-26 17:45:00,3
5726,1909,Dispatched,2026-04-26 19:08:55.533096,3
5727,1909,Delivered,2026-04-29 05:49:58.203694,3
5728,1910,Created,2026-04-26 17:30:00,3
5729,1910,Dispatched,2026-04-26 21:47:11.335415,3
5730,1910,Delivered,2026-04-29 13:54:07.372435,3
5731,1911,Created,2026-04-26 11:15:00,2
5732,1911,Dispatched,2026-04-26 15:29:30.069303,2
5733,1911,Delivered,2026-04-28 16:59:44.466961,2
5734,1912,Created,2026-04-26 15:45:00,2
5735,1912,Dispatched,2026-04-26 17:55:04.813079,2
5736,1912,Delivered,2026-04-29 02:48:51.216363,2
5737,1913,Created,2026-04-26 13:00:00,1
5738,1913,Dispatched,2026-04-26 18:34:30.910950,1
5739,1913,Delivered,2026-04-27 17:24:06.429186,1
5740,1914,Created,2026-04-27 13:30:00,2
5741,1914,Dispatched,2026-04-27 16:13:04.473712,2
5742,1914,Delivered,2026-04-29 07:24:26.757140,2
5743,1915,Created,2026-04-27 09:15:00,1
5744,1915,Dispatched,2026-04-27 12:18:36.715488,1
5745,1915,Delivered,2026-04-30 00:58:07.203707,1
5746,1916,Created,2026-04-27 14:15:00,2
5747,1916,Dispatched,2026-04-27 19:30:59.133779,2
5748,1916,Delivered,2026-04-27 19:07:52.877381,2
5749,1917,Created,2026-04-27 16:45:00,4
5750,1917,Dispatched,2026-04-27 18:17:15.613238,4
5751,1917,Delivered,2026-04-28 17:19:47.671150,4
5752,1918,Created,2026-04-27 08:15:00,3
5753,1918,Dispatched,2026-04-27 12:37:17.993160,3
5754,1918,Delivered,2026-04-27 01:53:04.778324,3
5755,1919,Created,2026-04-27 16:00:00,6
5756,1919,Dispatched,2026-04-27 17:00:11.134411,6
5757,1919,Delivered,2026-04-30 00:59:19.105998,6
5758,1920,Created,2026-04-27 11:00:00,1
5759,1920,Dispatched,2026-04-27 17:08:46.189096,1
5760,1920,Delivered,2026-04-30 03:42:09.031502,1
5761,1921,Created,2026-04-27 11:45:00,1
5762,1921,Dispatched,2026-04-27 18:33:10.012835,1
5763,1921,Delivered,2026-04-30 01:24:50.490219,1
5764,1922,Created,2026-04-27 12:45:00,2
5765,1922,Dispatched,2026-04-27 18:35:03.082590,2
5766,1922,Delivered,2026-04-28 02:53:20.669788,2
5767,1923,Created,2026-04-27 16:45:00,1
5768,1923,Dispatched,2026-04-27 20:08:24.944971,1
5769,1923,Delivered,2026-04-30 03:43:08.854920,1
5770,1924,Created,2026-04-27 16:30:00,5
5771,1924,Dispatched,2026-04-27 17:58:07.024527,5
5772,1924,Delivered,2026-04-28 07:13:13.222246,5
5773,1925,Created,2026-04-27 15:15:00,4
5774,1925,Dispatched,2026-04-27 20:20:55.806163,4
5775,1925,Delivered,2026-04-30 08:07:11.586529,4
5776,1926,Created,2026-04-27 09:00:00,1
5777,1926,Dispatched,2026-04-27 13:36:54.024472,1
5778,1926,Delivered,2026-04-30 06:21:54.617613,1
5779,1927,Created,2026-04-27 17:30:00,6
5780,1927,Dispatched,2026-04-27 22:17:55.617698,6
5781,1927,Delivered,2026-04-30 05:52:44.702805,6
5782,1928,Created,2026-04-27 13:30:00,2
5783,1928,Dispatched,2026-04-27 15:37:32.820683,2
5784,1928,Delivered,2026-04-30 04:39:55.565203,2
5785,1929,Created,2026-04-27 11:00:00,3
5786,1929,Dispatched,2026-04-27 14:56:28.715121,3
5787,1929,Delivered,2026-05-02 06:21:43.989407,3
5788,1930,Created,2026-04-27 17:30:00,1
5789,1930,Dispatched,2026-04-27 23:55:59.242174,1
5790,1930,Delivered,2026-04-30 12:40:29.033627,1
5791,1931,Created,2026-04-27 16:00:00,4
5792,1931,Dispatched,2026-04-27 17:13:31.447350,4
5793,1931,Delivered,2026-04-27 11:52:14.129630,4
5794,1932,Created,2026-04-27 17:15:00,5
5795,1932,Dispatched,2026-04-27 23:56:01.390959,5
5796,1932,Delivered,2026-04-30 13:06:55.233283,5
5797,1933,Created,2026-04-27 11:45:00,4
5798,1933,Dispatched,2026-04-27 14:16:59.926889,4
5799,1933,Delivered,2026-04-29 03:26:50.006744,4
5800,1934,Created,2026-04-27 07:30:00,4
5801,1934,Dispatched,2026-04-27 08:56:43.626506,4
5802,1934,Delivered,2026-04-28 09:55:35.464401,4
5803,1935,Created,2026-04-27 13:00:00,1
5804,1935,Dispatched,2026-04-27 17:39:16.676617,1
5805,1935,Delivered,2026-04-28 07:36:36.504299,1
5806,1936,Created,2026-04-27 18:00:00,1
5807,1936,Dispatched,2026-04-27 21:04:18.048179,1
5808,1936,Delivered,2026-04-30 02:17:23.960256,1
5809,1937,Created,2026-04-27 07:45:00,2
5810,1937,Dispatched,2026-04-27 09:23:13.132370,2
5811,1937,Delivered,2026-04-29 16:27:52.454310,2
5812,1938,Created,2026-04-28 11:15:00,2
5813,1938,Dispatched,2026-04-28 17:28:46.562824,2
5814,1938,Delivered,2026-04-30 17:42:03.564209,2
5815,1939,Created,2026-04-28 12:45:00,3
5816,1939,Dispatched,2026-04-28 17:07:34.051292,3
5817,1939,Delivered,2026-04-29 04:04:01.348721,3
5818,1940,Created,2026-04-28 12:00:00,1
5819,1940,Dispatched,2026-04-28 16:47:56.848264,1
5820,1940,Delivered,2026-04-30 23:43:38.313654,1
5821,1941,Created,2026-04-28 09:45:00,3
5822,1941,Dispatched,2026-04-28 15:56:47.510508,3
5823,1941,Delivered,2026-05-01 04:38:20.507277,3
5824,1942,Created,2026-04-28 08:30:00,2
5825,1942,Dispatched,2026-04-28 09:39:33.784757,2
5826,1942,Delivered,2026-04-30 19:26:26.770772,2
5827,1943,Created,2026-04-28 12:30:00,6
5828,1943,Dispatched,2026-04-28 16:49:57.971469,6
5829,1943,Delivered,2026-04-29 05:58:01.507423,6
5830,1944,Created,2026-04-28 08:00:00,6
5831,1944,Dispatched,2026-04-28 13:45:56.310261,6
5832,1944,Delivered,2026-04-29 06:15:06.611394,6
5833,1945,Created,2026-04-28 16:15:00,1
5834,1945,Dispatched,2026-04-28 23:10:27.370628,1
5835,1945,Delivered,2026-05-01 13:13:51.178738,1
5836,1946,Created,2026-04-28 12:00:00,6
5837,1946,Dispatched,2026-04-28 16:42:43.641919,6
5838,1946,Delivered,2026-04-29 14:42:05.263392,6
5839,1947,Created,2026-04-28 15:15:00,5
5840,1947,Dispatched,2026-04-28 20:47:27.743620,5
5841,1947,Delivered,2026-04-29 07:19:25.865942,5
5842,1948,Created,2026-04-28 12:00:00,2
5843,1948,Dispatched,2026-04-28 13:15:54.664485,2
5844,1948,Delivered,2026-04-29 08:43:24.373755,2
5845,1949,Created,2026-04-28 15:00:00,1
5846,1949,Dispatched,2026-04-28 21:23:39.892388,1
5847,1949,Delivered,2026-05-01 05:36:19.564956,1
5848,1950,Created,2026-04-28 18:30:00,3
5849,1950,Dispatched,2026-04-28 21:25:26.772161,3
5850,1950,Delivered,2026-05-01 16:15:33.704366,3
5851,1951,Created,2026-04-28 08:00:00,4
5852,1951,Dispatched,2026-04-28 11:45:02.422653,4
5853,1951,Delivered,2026-05-01 04:09:30.588162,4
5854,1952,Created,2026-04-28 08:30:00,1
5855,1952,Dispatched,2026-04-28 10:42:55.403592,1
5856,1952,Delivered,2026-04-30 23:07:51.325489,1
5857,1953,Created,2026-04-29 14:15:00,2
5858,1953,Dispatched,2026-04-29 17:24:23.046297,2
5859,1953,Delivered,2026-04-30 13:39:09.932825,2
5860,1954,Created,2026-04-29 13:15:00,1
5861,1954,Dispatched,2026-04-29 17:15:00.742107,1
5862,1954,Delivered,2026-04-30 17:52:00.797264,1
5863,1955,Created,2026-04-29 18:30:00,2
5864,1955,Dispatched,2026-04-29 19:44:06.148808,2
5865,1955,Delivered,2026-05-01 16:11:27.811460,2
5866,1956,Created,2026-04-29 09:45:00,4
5867,1956,Dispatched,2026-04-29 13:10:01.546646,4
5868,1956,Delivered,2026-05-03 22:01:27.908048,4
5869,1957,Created,2026-04-29 11:45:00,1
5870,1957,Dispatched,2026-04-29 18:37:49.276376,1
5871,1957,Delivered,2026-04-30 04:53:10.397835,1
5872,1958,Created,2026-04-29 12:45:00,3
5873,1958,Dispatched,2026-04-29 18:06:24.593397,3
5874,1958,Delivered,2026-04-29 15:54:29.373462,3
5875,1959,Created,2026-04-29 10:15:00,1
5876,1959,Dispatched,2026-04-29 16:12:20.236078,1
5877,1959,Delivered,2026-04-30 09:22:30.864677,1
5878,1960,Created,2026-04-29 12:00:00,3
5879,1960,Dispatched,2026-04-29 15:12:39.012471,3
5880,1960,Delivered,2026-05-02 00:32:37.182523,3
5881,1961,Created,2026-04-29 13:00:00,4
5882,1961,Dispatched,2026-04-29 15:46:07.570581,4
5883,1961,Delivered,2026-04-30 01:34:25.328648,4
5884,1962,Created,2026-04-29 14:15:00,2
5885,1962,Dispatched,2026-04-29 16:54:43.323503,2
5886,1962,Delivered,2026-04-30 10:59:18.297242,2
5887,1963,Created,2026-04-29 14:00:00,2
5888,1963,Dispatched,2026-04-29 15:52:15.261493,2
5889,1963,Delivered,2026-04-29 19:42:44.493196,2
5890,1964,Created,2026-04-29 09:30:00,1
5891,1964,Dispatched,2026-04-29 13:42:58.571466,1
5892,1964,Delivered,2026-05-01 17:02:04.099077,1
5893,1965,Created,2026-04-29 16:15:00,6
5894,1965,Dispatched,2026-04-29 17:31:26.845180,6
5895,1965,Delivered,2026-05-01 22:36:10.726422,6
5896,1966,Created,2026-04-29 17:00:00,3
5897,1966,Dispatched,2026-04-29 21:52:37.119090,3
5898,1966,Delivered,2026-04-30 20:02:46.191499,3
5899,1967,Created,2026-04-29 11:00:00,6
5900,1967,Dispatched,2026-04-29 17:53:21.405546,6
5901,1967,Delivered,2026-04-30 06:34:16.713052,6
5902,1968,Created,2026-04-29 07:15:00,1
5903,1968,Dispatched,2026-04-29 12:33:32.640036,1
5904,1968,Delivered,2026-04-30 05:13:11.575599,1
5905,1969,Created,2026-04-29 17:00:00,2
5906,1969,Dispatched,2026-04-29 21:14:59.313637,2
5907,1969,Delivered,2026-04-30 11:15:52.854083,2
5908,1970,Created,2026-04-29 12:15:00,6
5909,1970,Dispatched,2026-04-29 15:18:22.642325,6
5910,1970,Delivered,2026-05-02 04:15:57.610497,6
5911,1971,Created,2026-04-29 12:15:00,2
5912,1971,Dispatched,2026-04-29 18:43:55.524492,2
5913,1971,Delivered,2026-05-03 07:38:32.197893,2
5914,1972,Created,2026-04-29 17:30:00,4
5915,1972,Dispatched,2026-04-29 22:18:07.191954,4
5916,1972,Delivered,2026-04-30 15:51:57.594686,4
5917,1973,Created,2026-04-30 11:15:00,1
5918,1973,Dispatched,2026-04-30 15:51:08.558217,1
5919,1973,Delivered,2026-05-01 13:01:22.921072,1
5920,1974,Created,2026-04-30 11:00:00,3
5921,1974,Dispatched,2026-04-30 12:15:20.058555,3
5922,1974,Delivered,2026-05-02 21:04:15.382913,3
5923,1975,Created,2026-04-30 18:45:00,2
5924,1975,Dispatched,2026-04-30 20:49:31.252389,2
5925,1975,Delivered,2026-05-03 06:29:31.780720,2
5926,1976,Created,2026-04-30 15:45:00,2
5927,1976,Dispatched,2026-04-30 19:36:51.956801,2
5928,1976,Delivered,2026-05-01 11:46:56.270337,2
5929,1977,Created,2026-04-30 18:45:00,2
5930,1977,Dispatched,2026-05-01 00:37:31.939147,2
5931,1977,Delivered,2026-05-03 08:29:19.991162,2
5932,1978,Created,2026-04-30 14:45:00,3
5933,1978,Dispatched,2026-04-30 19:36:24.992842,3
5934,1978,Delivered,2026-05-02 22:12:32.534203,3
5935,1979,Created,2026-04-30 16:30:00,1
5936,1979,Dispatched,2026-04-30 19:55:53.361981,1
5937,1979,Delivered,2026-05-01 10:52:34.564248,1
5938,1980,Created,2026-04-30 12:00:00,2
5939,1980,Dispatched,2026-04-30 17:41:20.369630,2
5940,1980,Delivery Failed,2026-05-03 10:32:02.462519,2
5941,1981,Created,2026-04-30 15:00:00,5
5942,1981,Dispatched,2026-04-30 21:59:44.222414,5
5943,1981,Delivered,2026-05-03 06:57:16.285364,5
5944,1982,Created,2026-04-30 12:30:00,3
5945,1982,Dispatched,2026-04-30 14:44:52.518726,3
5946,1982,Delivered,2026-05-03 06:57:15.878058,3
5947,1983,Created,2026-04-30 08:00:00,4
5948,1983,Dispatched,2026-04-30 12:06:42.475843,4
5949,1983,Delivered,2026-05-03 06:34:14.487681,4
5950,1984,Created,2026-05-01 11:30:00,2
5951,1984,Dispatched,2026-05-01 17:55:15.803427,2
5952,1984,Delivered,2026-05-04 05:54:17.916131,2
5953,1985,Created,2026-05-01 09:30:00,5
5954,1985,Dispatched,2026-05-01 10:59:40.376781,5
5955,1985,Delivered,2026-05-03 22:37:26.631048,5
5956,1986,Created,2026-05-01 18:30:00,3
5957,1986,Dispatched,2026-05-01 23:38:09.648415,3
5958,1986,Delivered,2026-05-04 06:03:11.658224,3
5959,1987,Created,2026-05-01 08:00:00,5
5960,1987,Dispatched,2026-05-01 11:42:45.336897,5
5961,1987,Delivered,2026-05-03 17:11:42.910877,5
5962,1988,Created,2026-05-01 07:30:00,5
5963,1988,Dispatched,2026-05-01 12:01:18.039567,5
5964,1988,Delivered,2026-05-02 05:33:10.507962,5
5965,1989,Created,2026-05-01 14:00:00,6
5966,1989,Dispatched,2026-05-01 19:26:32.121879,6
5967,1989,Delivered,2026-05-02 13:31:13.468158,6
5968,1990,Created,2026-05-01 12:00:00,2
5969,1990,Dispatched,2026-05-01 14:48:37.034341,2
5970,1990,Delivered,2026-05-02 14:12:51.198559,2
5971,1991,Created,2026-05-01 15:30:00,1
5972,1991,Dispatched,2026-05-01 19:42:34.570852,1
5973,1991,Delivery Failed,2026-05-04 04:19:18.313245,1
5974,1992,Created,2026-05-01 11:15:00,1
5975,1992,Dispatched,2026-05-01 13:47:39.236881,1
5976,1992,Delivered,2026-05-03 03:46:29.306241,1
5977,1993,Created,2026-05-01 13:00:00,4
5978,1993,Dispatched,2026-05-01 15:12:02.644165,4
5979,1993,Delivered,2026-05-04 01:47:07.863690,4
5980,1994,Created,2026-05-01 18:45:00,1
5981,1994,Dispatched,2026-05-01 22:51:08.491681,1
5982,1994,Delivered,2026-05-04 01:09:23.845669,1
5983,1995,Created,2026-05-01 07:30:00,5
5984,1995,Dispatched,2026-05-01 11:23:32.093666,5
5985,1995,Delivered,2026-05-02 01:03:40.426533,5
5986,1996,Created,2026-05-01 17:00:00,2
5987,1996,Dispatched,2026-05-01 19:46:03.589440,2
5988,1996,Delivered,2026-05-02 12:39:46.886304,2
5989,1997,Created,2026-05-01 14:30:00,1
5990,1997,Dispatched,2026-05-01 19:55:03.464167,1
5991,1997,Delivered,2026-05-04 04:16:13.105354,1
5992,1998,Created,2026-05-01 09:00:00,1
5993,1998,Dispatched,2026-05-01 15:39:34.699245,1
5994,1998,Delivered,2026-05-02 02:07:44.070924,1
5995,1999,Created,2026-05-01 07:15:00,6
5996,1999,Dispatched,2026-05-01 12:50:38.128248,6
5997,1999,Delivered,2026-05-03 21:19:53.582050,6
5998,2000,Created,2026-05-01 10:45:00,3
5999,2000,Dispatched,2026-05-01 14:00:55.951406,3
6000,2000,Delivered,2026-05-04 08:42:20.557205,3
6001,2001,Created,2026-05-01 18:45:00,1
6002,2001,Dispatched,2026-05-02 01:26:35.495251,1
6003,2001,Delivered,2026-05-01 23:08:18.965832,1
6004,2002,Created,2026-05-01 14:15:00,3
6005,2002,Dispatched,2026-05-01 19:21:36.725540,3
6006,2002,Delivered,2026-05-04 03:39:19.710551,3
6007,2003,Created,2026-05-01 09:30:00,3
6008,2003,Dispatched,2026-05-01 12:12:58.960366,3
6009,2003,Delivered,2026-05-04 00:55:03.031327,3
6010,2004,Created,2026-05-01 10:15:00,1
6011,2004,Dispatched,2026-05-01 16:57:36.408499,1
6012,2004,Delivered,2026-05-03 22:29:16.737106,1
6013,2005,Created,2026-05-01 12:45:00,6
6014,2005,Dispatched,2026-05-01 17:57:11.242325,6
6015,2005,Delivered,2026-05-02 15:12:45.748848,6
6016,2006,Created,2026-05-02 10:45:00,1
6017,2006,Dispatched,2026-05-02 15:38:25.222077,1
6018,2006,Delivered,2026-05-04 18:37:00.741610,1
6019,2007,Created,2026-05-02 18:00:00,6
6020,2007,Dispatched,2026-05-02 22:00:17.303289,6
6021,2007,Delivered,2026-05-05 06:27:26.468273,6
6022,2008,Created,2026-05-02 16:15:00,2
6023,2008,Dispatched,2026-05-02 20:12:54.659985,2
6024,2008,Delivered,2026-05-06 21:15:26.168261,2
6025,2009,Created,2026-05-02 12:15:00,2
6026,2009,Dispatched,2026-05-02 18:57:43.795548,2
6027,2009,Delivered,2026-05-05 07:11:26.016496,2
6028,2010,Created,2026-05-02 07:15:00,6
6029,2010,Dispatched,2026-05-02 09:38:39.481445,6
6030,2010,Delivered,2026-05-03 01:41:15.507125,6
6031,2011,Created,2026-05-02 08:45:00,1
6032,2011,Dispatched,2026-05-02 15:17:54.953231,1
6033,2011,Delivered,2026-05-02 11:14:50.659376,1
6034,2012,Created,2026-05-02 08:15:00,1
6035,2012,Dispatched,2026-05-02 14:19:35.333100,1
6036,2012,Delivered,2026-05-04 15:06:18.182987,1
6037,2013,Created,2026-05-02 12:00:00,1
6038,2013,Dispatched,2026-05-02 18:36:50.809541,1
6039,2013,Delivered,2026-05-05 02:14:12.765363,1
6040,2014,Created,2026-05-02 12:45:00,3
6041,2014,Dispatched,2026-05-02 14:07:27.720949,3
6042,2014,Delivered,2026-05-04 20:09:06.653715,3
6043,2015,Created,2026-05-02 09:30:00,4
6044,2015,Dispatched,2026-05-02 14:31:34.778536,4
6045,2015,Delivered,2026-05-07 00:35:16.616991,4
6046,2016,Created,2026-05-02 14:45:00,1
6047,2016,Dispatched,2026-05-02 19:50:33.798153,1
6048,2016,Delivered,2026-05-03 07:14:59.082742,1
6049,2017,Created,2026-05-02 10:15:00,5
6050,2017,Dispatched,2026-05-02 15:12:25.488570,5
6051,2017,Delivered,2026-05-02 22:29:32.122469,5
6052,2018,Created,2026-05-02 12:30:00,1
6053,2018,Dispatched,2026-05-02 18:05:13.097313,1
6054,2018,Delivered,2026-05-03 10:21:05.440874,1
6055,2019,Created,2026-05-02 17:00:00,1
6056,2019,Dispatched,2026-05-02 23:49:37.066511,1
6057,2019,Delivered,2026-05-03 21:05:51.286125,1
6058,2020,Created,2026-05-02 17:15:00,4
6059,2020,Dispatched,2026-05-02 20:59:02.758599,4
6060,2020,Delivered,2026-05-05 04:18:02.207357,4
6061,2021,Created,2026-05-02 13:00:00,1
6062,2021,Dispatched,2026-05-02 19:46:08.397094,1
6063,2021,Delivered,2026-05-03 09:49:35.129336,1
6064,2022,Created,2026-05-02 07:45:00,3
6065,2022,Dispatched,2026-05-02 12:14:30.530969,3
6066,2022,Delivered,2026-05-03 12:19:33.127752,3
6067,2023,Created,2026-05-02 17:30:00,5
6068,2023,Dispatched,2026-05-02 21:37:47.898324,5
6069,2023,Delivered,2026-05-05 08:16:31.205511,5
6070,2024,Created,2026-05-02 11:00:00,6
6071,2024,Dispatched,2026-05-02 17:10:44.695990,6
6072,2024,Delivered,2026-05-03 08:21:24.345796,6
6073,2025,Created,2026-05-02 10:45:00,3
6074,2025,Dispatched,2026-05-02 16:00:26.460821,3
6075,2025,Delivered,2026-05-03 01:03:49.159742,3
6076,2026,Created,2026-05-03 11:00:00,3
6077,2026,Dispatched,2026-05-03 13:37:00.854732,3
6078,2026,Delivered,2026-05-06 05:13:19.398468,3
6079,2027,Created,2026-05-03 07:00:00,6
6080,2027,Dispatched,2026-05-03 12:53:16.123678,6
6081,2027,Delivered,2026-05-06 05:22:58.651608,6
6082,2028,Created,2026-05-03 18:45:00,2
6083,2028,Dispatched,2026-05-03 23:41:54.535709,2
6084,2028,Delivered,2026-05-06 04:42:45.421422,2
6085,2029,Created,2026-05-03 16:15:00,2
6086,2029,Dispatched,2026-05-03 22:22:49.536822,2
6087,2029,Delivered,2026-05-03 16:31:25.981801,2
6088,2030,Created,2026-05-03 18:45:00,1
6089,2030,Dispatched,2026-05-03 20:02:14.259712,1
6090,2030,Delivered,2026-05-06 17:34:15.454843,1
6091,2031,Created,2026-05-03 14:45:00,6
6092,2031,Dispatched,2026-05-03 21:18:00.790669,6
6093,2031,Delivered,2026-05-04 14:03:06.411030,6
6094,2032,Created,2026-05-03 15:30:00,1
6095,2032,Dispatched,2026-05-03 18:39:39.189606,1
6096,2032,Delivered,2026-05-04 09:03:58.898784,1
6097,2033,Created,2026-05-03 07:15:00,2
6098,2033,Dispatched,2026-05-03 11:20:26.675037,2
6099,2033,Delivered,2026-05-03 03:59:11.399157,2
6100,2034,Created,2026-05-03 16:30:00,5
6101,2034,Dispatched,2026-05-03 22:37:16.101847,5
6102,2034,Delivered,2026-05-05 15:43:37.053472,5
6103,2035,Created,2026-05-03 08:45:00,1
6104,2035,Dispatched,2026-05-03 10:40:46.926836,1
6105,2035,Delivered,2026-05-06 05:17:46.038587,1
6106,2036,Created,2026-05-03 10:15:00,1
6107,2036,Dispatched,2026-05-03 11:34:10.039541,1
6108,2036,Delivered,2026-05-04 01:56:48.736979,1
6109,2037,Created,2026-05-03 18:15:00,6
6110,2037,Dispatched,2026-05-03 21:36:02.166604,6
6111,2037,Delivered,2026-05-04 02:52:15.958172,6
6112,2038,Created,2026-05-03 12:15:00,1
6113,2038,Dispatched,2026-05-03 19:03:23.079366,1
6114,2038,Delivered,2026-05-04 12:41:50.248145,1
6115,2039,Created,2026-05-03 16:15:00,3
6116,2039,Dispatched,2026-05-03 20:55:12.716160,3
6117,2039,Delivered,2026-05-06 13:57:19.458132,3
6118,2040,Created,2026-05-03 14:00:00,1
6119,2040,Dispatched,2026-05-03 15:18:45.863215,1
6120,2040,Delivered,2026-05-04 08:27:52.915372,1
6121,2041,Created,2026-05-04 11:45:00,1
6122,2041,Dispatched,2026-05-04 13:31:06.039366,1
6123,2041,Delivered,2026-05-05 11:53:04.408431,1
6124,2042,Created,2026-05-04 18:45:00,1
6125,2042,Dispatched,2026-05-04 20:28:27.781177,1
6126,2042,Delivered,2026-05-05 12:48:44.074830,1
6127,2043,Created,2026-05-04 17:45:00,4
6128,2043,Dispatched,2026-05-04 20:47:19.747879,4
6129,2043,Delivered,2026-05-05 07:34:55.530711,4
6130,2044,Created,2026-05-04 09:00:00,1
6131,2044,Dispatched,2026-05-04 11:51:51.507230,1
6132,2044,Delivered,2026-05-07 02:26:27.401379,1
6133,2045,Created,2026-05-04 13:45:00,3
6134,2045,Dispatched,2026-05-04 17:44:05.886097,3
6135,2045,Delivered,2026-05-05 04:44:25.534454,3
6136,2046,Created,2026-05-04 12:00:00,1
6137,2046,Dispatched,2026-05-04 13:20:28.418983,1
6138,2046,Delivered,2026-05-06 23:35:52.754906,1
6139,2047,Created,2026-05-04 08:00:00,1
6140,2047,Dispatched,2026-05-04 14:43:17.724536,1
6141,2047,Delivered,2026-05-05 07:06:33.866799,1
6142,2048,Created,2026-05-04 07:30:00,1
6143,2048,Dispatched,2026-05-04 14:18:47.674007,1
6144,2048,Delivery Failed,2026-05-08 00:00:37.130552,1
6145,2049,Created,2026-05-04 17:45:00,1
6146,2049,Dispatched,2026-05-04 21:56:35.550144,1
6147,2049,Delivered,2026-05-05 11:52:15.570026,1
6148,2050,Created,2026-05-04 13:00:00,1
6149,2050,Dispatched,2026-05-04 17:13:16.354813,1
6150,2050,Delivered,2026-05-05 15:31:59.544781,1
6151,2051,Created,2026-05-04 11:00:00,6
6152,2051,Dispatched,2026-05-04 16:51:20.588483,6
6153,2051,Delivered,2026-05-07 05:50:08.715732,6
6154,2052,Created,2026-05-04 18:15:00,1
6155,2052,Dispatched,2026-05-04 22:10:49.464782,1
6156,2052,Delivered,2026-05-09 09:16:34.997680,1
6157,2053,Created,2026-05-04 11:00:00,6
6158,2053,Dispatched,2026-05-04 12:34:41.775548,6
6159,2053,Delivered,2026-05-04 06:26:45.079890,6
6160,2054,Created,2026-05-04 14:15:00,4
6161,2054,Dispatched,2026-05-04 19:57:07.409600,4
6162,2054,Delivered,2026-05-06 20:43:29.489953,4
6163,2055,Created,2026-05-04 08:45:00,3
6164,2055,Dispatched,2026-05-04 12:19:46.280992,3
6165,2055,Delivered,2026-05-06 23:56:33.603036,3
6166,2056,Created,2026-05-04 18:30:00,6
6167,2056,Dispatched,2026-05-04 22:48:28.687782,6
6168,2056,Delivered,2026-05-07 13:24:21.305362,6
6169,2057,Created,2026-05-04 14:45:00,4
6170,2057,Dispatched,2026-05-04 21:11:36.889789,4
6171,2057,Delivered,2026-05-06 17:44:00.809886,4
6172,2058,Created,2026-05-04 18:15:00,2
6173,2058,Dispatched,2026-05-04 20:14:56.541878,2
6174,2058,Delivered,2026-05-07 02:12:12.783758,2
6175,2059,Created,2026-05-05 18:15:00,1
6176,2059,Dispatched,2026-05-05 22:52:37.786213,1
6177,2059,Delivered,2026-05-08 04:47:18.455196,1
6178,2060,Created,2026-05-05 17:30:00,2
6179,2060,Dispatched,2026-05-06 00:05:52.700795,2
6180,2060,Delivered,2026-05-08 10:48:08.290240,2
6181,2061,Created,2026-05-05 11:00:00,3
6182,2061,Dispatched,2026-05-05 16:22:31.097871,3
6183,2061,Delivered,2026-05-08 05:21:14.044102,3
6184,2062,Created,2026-05-05 11:15:00,1
6185,2062,Dispatched,2026-05-05 14:41:32.994709,1
6186,2062,Delivered,2026-05-05 04:31:35.167653,1
6187,2063,Created,2026-05-05 12:15:00,3
6188,2063,Dispatched,2026-05-05 13:47:00.860133,3
6189,2063,Delivered,2026-05-07 18:22:05.710681,3
6190,2064,Created,2026-05-05 11:45:00,1
6191,2064,Dispatched,2026-05-05 14:39:16.345889,1
6192,2064,Delivered,2026-05-06 06:27:32.310682,1
6193,2065,Created,2026-05-05 07:45:00,2
6194,2065,Dispatched,2026-05-05 11:54:35.733790,2
6195,2065,Delivered,2026-05-07 20:02:21.844881,2
6196,2066,Created,2026-05-05 10:30:00,1
6197,2066,Dispatched,2026-05-05 15:26:13.786422,1
6198,2066,Delivered,2026-05-08 06:22:45.518093,1
6199,2067,Created,2026-05-05 11:00:00,2
6200,2067,Dispatched,2026-05-05 16:40:03.186658,2
6201,2067,Delivered,2026-05-05 23:47:48.651227,2
6202,2068,Created,2026-05-05 09:15:00,6
6203,2068,Dispatched,2026-05-05 14:09:40.835693,6
6204,2068,Delivered,2026-05-08 04:22:35.412815,6
6205,2069,Created,2026-05-05 10:00:00,2
6206,2069,Dispatched,2026-05-05 13:33:50.270200,2
6207,2069,Delivered,2026-05-07 21:36:25.805139,2
6208,2070,Created,2026-05-05 11:00:00,5
6209,2070,Dispatched,2026-05-05 16:54:47.718407,5
6210,2070,Delivered,2026-05-06 09:39:55.862237,5
6211,2071,Created,2026-05-05 10:45:00,6
6212,2071,Dispatched,2026-05-05 15:08:20.791319,6
6213,2071,Delivered,2026-05-07 20:20:25.061125,6
6214,2072,Created,2026-05-05 17:30:00,2
6215,2072,Dispatched,2026-05-05 19:50:03.013066,2
6216,2072,Delivered,2026-05-06 06:44:27.765246,2
6217,2073,Created,2026-05-05 09:45:00,1
6218,2073,Dispatched,2026-05-05 15:02:02.007677,1
6219,2073,Delivered,2026-05-05 23:18:49.776363,1
6220,2074,Created,2026-05-05 12:00:00,1
6221,2074,Dispatched,2026-05-05 17:41:01.787114,1
6222,2074,Delivered,2026-05-08 10:28:53.751534,1
6223,2075,Created,2026-05-05 07:15:00,2
6224,2075,Dispatched,2026-05-05 09:14:19.166195,2
6225,2075,Delivered,2026-05-06 01:00:43.482665,2
6226,2076,Created,2026-05-05 08:30:00,2
6227,2076,Dispatched,2026-05-05 10:10:13.211906,2
6228,2076,Delivered,2026-05-06 05:31:11.091220,2
6229,2077,Created,2026-05-06 09:00:00,4
6230,2077,Dispatched,2026-05-06 15:50:42.570185,4
6231,2077,Delivered,2026-05-08 12:06:26.031223,4
6232,2078,Created,2026-05-06 13:30:00,1
6233,2078,Dispatched,2026-05-06 19:28:29.241652,1
6234,2078,Delivered,2026-05-07 06:41:57.636955,1
6235,2079,Created,2026-05-06 12:00:00,2
6236,2079,Dispatched,2026-05-06 14:01:13.965679,2
6237,2079,Delivered,2026-05-07 06:00:27.772523,2
6238,2080,Created,2026-05-06 10:45:00,6
6239,2080,Dispatched,2026-05-06 16:12:09.780100,6
6240,2080,Delivered,2026-05-08 19:22:22.103030,6
6241,2081,Created,2026-05-06 14:30:00,6
6242,2081,Dispatched,2026-05-06 16:42:11.213645,6
6243,2081,Delivered,2026-05-08 15:50:30.413636,6
6244,2082,Created,2026-05-06 12:30:00,2
6245,2082,Dispatched,2026-05-06 17:30:41.447535,2
6246,2082,Delivered,2026-05-09 02:50:03.673987,2
6247,2083,Created,2026-05-06 17:30:00,1
6248,2083,Dispatched,2026-05-06 18:44:41.376031,1
6249,2083,Delivered,2026-05-07 21:15:43.618048,1
6250,2084,Created,2026-05-06 11:15:00,2
6251,2084,Dispatched,2026-05-06 14:28:09.685863,2
6252,2084,Delivered,2026-05-11 04:39:10.169659,2
6253,2085,Created,2026-05-06 11:30:00,3
6254,2085,Dispatched,2026-05-06 16:18:01.361911,3
6255,2085,Delivered,2026-05-09 08:50:49.612552,3
6256,2086,Created,2026-05-06 12:15:00,1
6257,2086,Dispatched,2026-05-06 17:14:56.032028,1
6258,2086,Delivered,2026-05-07 12:07:09.728356,1
6259,2087,Created,2026-05-06 16:30:00,5
6260,2087,Dispatched,2026-05-06 23:19:41.549888,5
6261,2087,Delivered,2026-05-07 23:50:16.737059,5
6262,2088,Created,2026-05-06 08:30:00,5
6263,2088,Dispatched,2026-05-06 12:27:03.639975,5
6264,2088,Delivered,2026-05-08 15:38:51.862613,5
6265,2089,Created,2026-05-06 07:00:00,3
6266,2089,Dispatched,2026-05-06 11:25:44.661251,3
6267,2089,Delivered,2026-05-09 04:25:28.192694,3
6268,2090,Created,2026-05-06 13:45:00,1
6269,2090,Dispatched,2026-05-06 15:01:51.273315,1
6270,2090,Delivered,2026-05-07 12:33:35.518981,1
6271,2091,Created,2026-05-06 16:30:00,6
6272,2091,Dispatched,2026-05-06 20:41:39.024461,6
6273,2091,Delivered,2026-05-08 23:32:53.880025,6
6274,2092,Created,2026-05-06 17:30:00,4
6275,2092,Dispatched,2026-05-06 21:42:23.551427,4
6276,2092,Delivered,2026-05-06 18:24:16.442244,4
6277,2093,Created,2026-05-07 12:30:00,1
6278,2093,Dispatched,2026-05-07 13:39:35.728515,1
6279,2093,Delivered,2026-05-08 05:22:15.623177,1
6280,2094,Created,2026-05-07 09:30:00,3
6281,2094,Dispatched,2026-05-07 13:07:44.114705,3
6282,2094,Delivered,2026-05-07 07:33:03.441294,3
6283,2095,Created,2026-05-07 16:00:00,6
6284,2095,Dispatched,2026-05-07 22:55:19.420854,6
6285,2095,Delivered,2026-05-10 14:17:13.295525,6
6286,2096,Created,2026-05-07 11:45:00,2
6287,2096,Dispatched,2026-05-07 17:21:40.707309,2
6288,2096,Delivered,2026-05-09 21:58:46.404324,2
6289,2097,Created,2026-05-07 14:00:00,1
6290,2097,Dispatched,2026-05-07 18:26:33.616357,1
6291,2097,Delivered,2026-05-10 08:41:10.952553,1
6292,2098,Created,2026-05-07 12:45:00,2
6293,2098,Dispatched,2026-05-07 16:40:42.041608,2
6294,2098,Delivered,2026-05-11 11:31:25.820980,2
6295,2099,Created,2026-05-07 16:30:00,2
6296,2099,Dispatched,2026-05-07 19:24:34.437171,2
6297,2099,Delivered,2026-05-11 09:04:05.315955,2
6298,2100,Created,2026-05-07 09:30:00,1
6299,2100,Dispatched,2026-05-07 10:39:51.045706,1
6300,2100,Delivered,2026-05-11 14:17:02.466030,1
6301,2101,Created,2026-05-07 10:15:00,5
6302,2101,Dispatched,2026-05-07 15:58:39.928946,5
6303,2101,Delivered,2026-05-09 21:11:46.220442,5
6304,2102,Created,2026-05-07 15:00:00,3
6305,2102,Dispatched,2026-05-07 20:37:59.754787,3
6306,2102,Delivered,2026-05-08 12:35:43.471011,3
6307,2103,Created,2026-05-07 09:45:00,1
6308,2103,Dispatched,2026-05-07 14:23:23.170674,1
6309,2103,Delivered,2026-05-09 23:08:57.989823,1
6310,2104,Created,2026-05-07 15:30:00,6
6311,2104,Dispatched,2026-05-07 18:38:41.363801,6
6312,2104,Delivered,2026-05-10 12:04:39.712798,6
6313,2105,Created,2026-05-07 07:00:00,3
6314,2105,Dispatched,2026-05-07 12:57:16.407407,3
6315,2105,Delivered,2026-05-10 06:37:43.570291,3
6316,2106,Created,2026-05-07 09:30:00,1
6317,2106,Dispatched,2026-05-07 14:05:56.753334,1
6318,2106,Delivered,2026-05-07 09:34:06.740266,1
6319,2107,Created,2026-05-07 13:30:00,4
6320,2107,Dispatched,2026-05-07 16:31:04.650689,4
6321,2107,Delivered,2026-05-08 06:22:40.845377,4
6322,2108,Created,2026-05-07 14:15:00,5
6323,2108,Dispatched,2026-05-07 20:34:16.009647,5
6324,2108,Delivered,2026-05-08 12:18:12.885136,5
6325,2109,Created,2026-05-07 15:45:00,2
6326,2109,Dispatched,2026-05-07 17:05:36.707097,2
6327,2109,Delivered,2026-05-08 19:04:55.355707,2
6328,2110,Created,2026-05-08 09:15:00,2
6329,2110,Dispatched,2026-05-08 10:49:44.409875,2
6330,2110,Delivered,2026-05-08 08:07:54.173204,2
6331,2111,Created,2026-05-08 07:15:00,6
6332,2111,Dispatched,2026-05-08 09:20:36.672212,6
6333,2111,Delivered,2026-05-11 03:46:32.265129,6
6334,2112,Created,2026-05-08 09:45:00,2
6335,2112,Dispatched,2026-05-08 12:59:22.977792,2
6336,2112,Delivered,2026-05-10 22:44:35.762826,2
6337,2113,Created,2026-05-08 15:15:00,5
6338,2113,Dispatched,2026-05-08 17:40:28.459837,5
6339,2113,Delivered,2026-05-11 01:10:42.830895,5
6340,2114,Created,2026-05-08 14:45:00,1
6341,2114,Dispatched,2026-05-08 19:05:43.259640,1
6342,2114,Delivered,2026-05-09 09:32:49.634320,1
6343,2115,Created,2026-05-08 11:00:00,3
6344,2115,Dispatched,2026-05-08 16:33:03.976557,3
6345,2115,Delivery Failed,2026-05-10 23:58:33.055934,3
6346,2116,Created,2026-05-08 17:00:00,3
6347,2116,Dispatched,2026-05-08 23:23:05.244530,3
6348,2116,Delivered,2026-05-11 08:07:48.500551,3
6349,2117,Created,2026-05-08 14:45:00,5
6350,2117,Dispatched,2026-05-08 20:16:38.309838,5
6351,2117,Delivered,2026-05-09 06:57:01.158665,5
6352,2118,Created,2026-05-08 07:30:00,6
6353,2118,Dispatched,2026-05-08 14:08:43.546256,6
6354,2118,Delivered,2026-05-10 19:30:21.032262,6
6355,2119,Created,2026-05-08 17:00:00,2
6356,2119,Dispatched,2026-05-08 21:53:12.163562,2
6357,2119,Delivered,2026-05-11 13:12:09.221874,2
6358,2120,Created,2026-05-08 15:45:00,2
6359,2120,Dispatched,2026-05-08 18:53:03.367518,2
6360,2120,Delivered,2026-05-11 03:19:28.336725,2
6361,2121,Created,2026-05-08 16:30:00,2
6362,2121,Dispatched,2026-05-08 23:26:56.455405,2
6363,2121,Delivered,2026-05-11 11:46:13.791907,2
6364,2122,Created,2026-05-08 13:15:00,4
6365,2122,Dispatched,2026-05-08 16:56:10.776523,4
6366,2122,Delivered,2026-05-08 08:12:16.083622,4
6367,2123,Created,2026-05-08 16:00:00,1
6368,2123,Dispatched,2026-05-08 17:34:44.157960,1
6369,2123,Delivered,2026-05-09 11:04:14.213115,1
6370,2124,Created,2026-05-08 12:45:00,4
6371,2124,Dispatched,2026-05-08 17:29:39.857359,4
6372,2124,Delivered,2026-05-12 09:03:02.241774,4
6373,2125,Created,2026-05-08 15:45:00,1
6374,2125,Dispatched,2026-05-08 21:14:18.974615,1
6375,2125,Delivered,2026-05-08 15:39:36.378254,1
6376,2126,Created,2026-05-08 15:45:00,4
6377,2126,Dispatched,2026-05-08 18:43:13.753823,4
6378,2126,Delivered,2026-05-11 04:17:15.783885,4
6379,2127,Created,2026-05-08 13:15:00,1
6380,2127,Dispatched,2026-05-08 19:12:32.769006,1
6381,2127,Delivered,2026-05-09 06:02:39.526145,1
6382,2128,Created,2026-05-08 17:30:00,5
6383,2128,Dispatched,2026-05-08 20:48:02.640928,5
6384,2128,Delivered,2026-05-11 04:50:50.362266,5
6385,2129,Created,2026-05-08 16:45:00,5
6386,2129,Dispatched,2026-05-08 19:02:51.289595,5
6387,2129,Delivered,2026-05-11 02:30:36.728090,5
6388,2130,Created,2026-05-09 18:30:00,3
6389,2130,Dispatched,2026-05-09 23:54:32.581744,3
6390,2130,Delivered,2026-05-10 06:40:51.907056,3
6391,2131,Created,2026-05-09 18:15:00,4
6392,2131,Dispatched,2026-05-09 21:24:08.993853,4
6393,2131,Delivered,2026-05-12 03:11:40.377758,4
6394,2132,Created,2026-05-09 08:15:00,5
6395,2132,Dispatched,2026-05-09 13:56:51.788827,5
6396,2132,Delivered,2026-05-12 05:38:23.536693,5
6397,2133,Created,2026-05-09 09:00:00,2
6398,2133,Dispatched,2026-05-09 14:48:53.746974,2
6399,2133,Delivered,2026-05-09 21:48:53.663255,2
6400,2134,Created,2026-05-09 12:15:00,1
6401,2134,Dispatched,2026-05-09 16:57:03.185891,1
6402,2134,Delivered,2026-05-12 08:13:35.868254,1
6403,2135,Created,2026-05-09 14:45:00,1
6404,2135,Dispatched,2026-05-09 21:43:30.154397,1
6405,2135,Delivered,2026-05-11 21:01:01.456413,1
6406,2136,Created,2026-05-09 13:00:00,2
6407,2136,Dispatched,2026-05-09 19:45:56.246172,2
6408,2136,Delivered,2026-05-11 23:24:02.349111,2
6409,2137,Created,2026-05-09 13:45:00,3
6410,2137,Dispatched,2026-05-09 16:57:53.284583,3
6411,2137,Delivered,2026-05-10 23:17:06.126561,3
6412,2138,Created,2026-05-09 17:15:00,2
6413,2138,Dispatched,2026-05-09 18:15:30.419428,2
6414,2138,Delivered,2026-05-14 02:04:20.555631,2
6415,2139,Created,2026-05-09 17:15:00,1
6416,2139,Dispatched,2026-05-09 22:36:38.963025,1
6417,2139,Delivered,2026-05-11 01:54:20.267063,1
6418,2140,Created,2026-05-09 16:45:00,2
6419,2140,Dispatched,2026-05-09 21:32:03.931075,2
6420,2140,Delivered,2026-05-10 14:31:38.647748,2
6421,2141,Created,2026-05-09 10:15:00,1
6422,2141,Dispatched,2026-05-09 11:43:44.999125,1
6423,2141,Delivered,2026-05-10 15:00:18.050528,1
6424,2142,Created,2026-05-09 07:15:00,6
6425,2142,Dispatched,2026-05-09 11:41:51.976828,6
6426,2142,Delivered,2026-05-09 01:45:25.837212,6
6427,2143,Created,2026-05-09 07:00:00,4
6428,2143,Dispatched,2026-05-09 11:32:43.146688,4
6429,2143,Delivered,2026-05-09 06:33:17.949374,4
6430,2144,Created,2026-05-09 10:45:00,6
6431,2144,Dispatched,2026-05-09 17:35:47.196647,6
6432,2144,Delivered,2026-05-10 05:53:58.903040,6
6433,2145,Created,2026-05-10 15:15:00,1
6434,2145,Dispatched,2026-05-10 19:09:25.703880,1
6435,2145,Delivered,2026-05-10 08:01:00.495427,1
6436,2146,Created,2026-05-10 13:15:00,1
6437,2146,Dispatched,2026-05-10 19:35:16.690042,1
6438,2146,Delivered,2026-05-11 09:12:01.864282,1
6439,2147,Created,2026-05-10 10:00:00,1
6440,2147,Dispatched,2026-05-10 15:47:44.981231,1
6441,2147,Delivered,2026-05-14 02:37:36.250446,1
6442,2148,Created,2026-05-10 09:00:00,6
6443,2148,Dispatched,2026-05-10 11:07:23.774403,6
6444,2148,Delivered,2026-05-13 01:28:08.967235,6
6445,2149,Created,2026-05-10 10:45:00,1
6446,2149,Dispatched,2026-05-10 17:07:07.981844,1
6447,2149,Delivered,2026-05-10 12:01:34.343014,1
6448,2150,Created,2026-05-10 15:45:00,5
6449,2150,Dispatched,2026-05-10 20:28:45.662069,5
6450,2150,Delivered,2026-05-13 05:09:17.059907,5
6451,2151,Created,2026-05-10 18:15:00,6
6452,2151,Dispatched,2026-05-10 22:09:40.452484,6
6453,2151,Delivered,2026-05-13 02:59:54.095073,6
6454,2152,Created,2026-05-10 09:15:00,1
6455,2152,Dispatched,2026-05-10 10:26:50.174377,1
6456,2152,Delivered,2026-05-15 06:17:21.624535,1
6457,2153,Created,2026-05-10 17:30:00,2
6458,2153,Dispatched,2026-05-10 22:48:36.792159,2
6459,2153,Delivered,2026-05-11 06:20:03.569595,2
6460,2154,Created,2026-05-10 15:15:00,2
6461,2154,Dispatched,2026-05-10 21:04:34.852841,2
6462,2154,Delivered,2026-05-13 11:34:32.876960,2
6463,2155,Created,2026-05-10 07:00:00,6
6464,2155,Dispatched,2026-05-10 13:36:37.990108,6
6465,2155,Delivered,2026-05-13 00:25:18.137333,6
6466,2156,Created,2026-05-10 12:30:00,3
6467,2156,Dispatched,2026-05-10 13:31:12.818757,3
6468,2156,Delivered,2026-05-11 00:48:03.995691,3
6469,2157,Created,2026-05-10 13:30:00,1
6470,2157,Dispatched,2026-05-10 19:11:08.830518,1
6471,2157,Delivered,2026-05-10 22:21:35.062868,1
6472,2158,Created,2026-05-10 15:00:00,1
6473,2158,Dispatched,2026-05-10 20:42:13.138149,1
6474,2158,Delivery Failed,2026-05-11 16:39:52.119940,1
6475,2159,Created,2026-05-10 13:00:00,1
6476,2159,Dispatched,2026-05-10 15:24:22.921432,1
6477,2159,Delivered,2026-05-12 05:21:55.098723,1
6478,2160,Created,2026-05-10 13:15:00,5
6479,2160,Dispatched,2026-05-10 20:12:25.888995,5
6480,2160,Delivered,2026-05-11 08:54:52.517122,5
6481,2161,Created,2026-05-10 17:15:00,1
6482,2161,Dispatched,2026-05-10 19:38:24.658074,1
6483,2161,Delivered,2026-05-13 01:26:04.820597,1
6484,2162,Created,2026-05-10 17:00:00,1
6485,2162,Dispatched,2026-05-10 18:17:47.114403,1
6486,2162,Delivered,2026-05-13 03:57:51.086337,1
6487,2163,Created,2026-05-11 13:45:00,1
6488,2163,Dispatched,2026-05-11 19:21:38.005311,1
6489,2163,Delivered,2026-05-12 10:56:55.927647,1
6490,2164,Created,2026-05-11 14:15:00,2
6491,2164,Dispatched,2026-05-11 16:52:06.670001,2
6492,2164,Delivered,2026-05-11 10:14:55.616282,2
6493,2165,Created,2026-05-11 18:45:00,1
6494,2165,Dispatched,2026-05-12 01:25:08.509363,1
6495,2165,Delivered,2026-05-12 18:51:20.410502,1
6496,2166,Created,2026-05-11 17:00:00,2
6497,2166,Dispatched,2026-05-11 22:36:50.481656,2
6498,2166,Delivered,2026-05-12 18:24:42.172455,2
6499,2167,Created,2026-05-11 16:30:00,4
6500,2167,Dispatched,2026-05-11 20:47:34.410375,4
6501,2167,Delivered,2026-05-14 09:58:38.640459,4
6502,2168,Created,2026-05-11 16:00:00,1
6503,2168,Dispatched,2026-05-11 22:45:46.378990,1
6504,2168,Delivered,2026-05-12 12:42:23.978821,1
6505,2169,Created,2026-05-11 11:45:00,3
6506,2169,Dispatched,2026-05-11 15:24:37.664191,3
6507,2169,Delivered,2026-05-12 10:10:17.815818,3
6508,2170,Created,2026-05-11 18:45:00,1
6509,2170,Dispatched,2026-05-11 22:11:13.782244,1
6510,2170,Delivered,2026-05-14 00:59:50.745001,1
6511,2171,Created,2026-05-11 08:15:00,5
6512,2171,Dispatched,2026-05-11 12:06:17.733337,5
6513,2171,Delivered,2026-05-13 16:13:23.639530,5
6514,2172,Created,2026-05-11 10:45:00,4
6515,2172,Dispatched,2026-05-11 14:28:39.126830,4
6516,2172,Delivered,2026-05-13 18:16:29.711688,4
6517,2173,Created,2026-05-11 17:00:00,6
6518,2173,Dispatched,2026-05-11 21:06:24.219292,6
6519,2173,Delivered,2026-05-14 04:51:17.784524,6
6520,2174,Created,2026-05-11 17:15:00,4
6521,2174,Dispatched,2026-05-11 23:44:46.275811,4
6522,2174,Delivered,2026-05-14 05:09:08.283745,4
6523,2175,Created,2026-05-11 15:00:00,6
6524,2175,Dispatched,2026-05-11 21:56:33.816369,6
6525,2175,Delivered,2026-05-11 21:13:49.216724,6
6526,2176,Created,2026-05-11 10:30:00,4
6527,2176,Dispatched,2026-05-11 12:02:08.555389,4
6528,2176,Delivered,2026-05-15 18:07:46.642999,4
6529,2177,Created,2026-05-11 10:30:00,1
6530,2177,Dispatched,2026-05-11 15:15:10.544018,1
6531,2177,Delivered,2026-05-14 15:22:22.651142,1
6532,2178,Created,2026-05-11 16:45:00,1
6533,2178,Dispatched,2026-05-11 23:27:45.195425,1
6534,2178,Delivered,2026-05-14 14:13:24.880420,1
6535,2179,Created,2026-05-11 13:15:00,1
6536,2179,Dispatched,2026-05-11 16:42:31.269218,1
6537,2179,Delivered,2026-05-14 08:02:04.956793,1
6538,2180,Created,2026-05-11 14:00:00,1
6539,2180,Dispatched,2026-05-11 20:08:29.248701,1
6540,2180,Delivered,2026-05-12 11:09:09.290352,1
6541,2181,Created,2026-05-11 15:30:00,6
6542,2181,Dispatched,2026-05-11 19:58:36.990368,6
6543,2181,Delivered,2026-05-16 10:50:30.168648,6
6544,2182,Created,2026-05-11 18:00:00,5
6545,2182,Dispatched,2026-05-11 20:34:23.800218,5
6546,2182,Delivered,2026-05-14 05:05:23.864855,5
6547,2183,Created,2026-05-11 17:30:00,5
6548,2183,Dispatched,2026-05-11 18:35:06.141901,5
6549,2183,Delivered,2026-05-14 11:05:15.887609,5
6550,2184,Created,2026-05-12 12:15:00,3
6551,2184,Dispatched,2026-05-12 14:34:07.775850,3
6552,2184,Delivered,2026-05-15 01:47:32.662153,3
6553,2185,Created,2026-05-12 09:00:00,2
6554,2185,Dispatched,2026-05-12 12:10:43.995469,2
6555,2185,Delivered,2026-05-15 05:16:05.433830,2
6556,2186,Created,2026-05-12 10:45:00,1
6557,2186,Dispatched,2026-05-12 16:16:49.990070,1
6558,2186,Delivered,2026-05-17 06:38:55.070805,1
6559,2187,Created,2026-05-12 15:45:00,1
6560,2187,Dispatched,2026-05-12 21:12:00.130111,1
6561,2187,Delivered,2026-05-13 15:26:25.769745,1
6562,2188,Created,2026-05-12 07:45:00,1
6563,2188,Dispatched,2026-05-12 10:44:52.184142,1
6564,2188,Delivered,2026-05-12 15:04:15.980695,1
6565,2189,Created,2026-05-12 09:00:00,4
6566,2189,Dispatched,2026-05-12 12:52:53.740801,4
6567,2189,Delivered,2026-05-12 08:18:04.038751,4
6568,2190,Created,2026-05-12 09:00:00,3
6569,2190,Dispatched,2026-05-12 11:57:36.523940,3
6570,2190,Delivered,2026-05-15 04:32:14.257981,3
6571,2191,Created,2026-05-12 08:00:00,1
6572,2191,Dispatched,2026-05-12 14:39:40.420780,1
6573,2191,Delivered,2026-05-15 01:02:06.247597,1
6574,2192,Created,2026-05-12 11:15:00,2
6575,2192,Dispatched,2026-05-12 15:22:35.833307,2
6576,2192,Delivered,2026-05-16 04:36:22.130049,2
6577,2193,Created,2026-05-12 16:30:00,3
6578,2193,Dispatched,2026-05-12 19:13:59.913730,3
6579,2193,Delivered,2026-05-12 18:13:19.660888,3
6580,2194,Created,2026-05-12 13:30:00,6
6581,2194,Dispatched,2026-05-12 18:09:30.149061,6
6582,2194,Delivered,2026-05-15 01:43:33.592673,6
6583,2195,Created,2026-05-12 14:00:00,6
6584,2195,Dispatched,2026-05-12 17:35:34.918682,6
6585,2195,Delivered,2026-05-13 07:56:00.183923,6
6586,2196,Created,2026-05-13 10:00:00,5
6587,2196,Dispatched,2026-05-13 12:41:57.672955,5
6588,2196,Delivered,2026-05-14 03:36:46.860583,5
6589,2197,Created,2026-05-13 17:00:00,1
6590,2197,Dispatched,2026-05-13 19:28:01.130732,1
6591,2197,Delivered,2026-05-16 00:24:51.161694,1
6592,2198,Created,2026-05-13 17:45:00,1
6593,2198,Dispatched,2026-05-13 20:21:59.771673,1
6594,2198,Delivered,2026-05-16 05:43:37.285284,1
6595,2199,Created,2026-05-13 14:45:00,2
6596,2199,Dispatched,2026-05-13 19:53:26.767771,2
6597,2199,Delivered,2026-05-16 06:32:31.445587,2
6598,2200,Created,2026-05-13 18:30:00,1
6599,2200,Dispatched,2026-05-13 19:31:09.772786,1
6600,2200,Delivered,2026-05-16 10:58:03.230064,1
6601,2201,Created,2026-05-13 17:45:00,2
6602,2201,Dispatched,2026-05-13 21:14:50.364941,2
6603,2201,Delivered,2026-05-14 21:45:45.695072,2
6604,2202,Created,2026-05-13 17:45:00,3
6605,2202,Dispatched,2026-05-13 20:46:24.801579,3
6606,2202,Delivered,2026-05-16 03:52:29.508455,3
6607,2203,Created,2026-05-13 09:00:00,6
6608,2203,Dispatched,2026-05-13 10:04:22.904050,6
6609,2203,Delivered,2026-05-13 21:43:23.788637,6
6610,2204,Created,2026-05-13 12:00:00,5
6611,2204,Dispatched,2026-05-13 14:25:41.153013,5
6612,2204,Delivered,2026-05-14 03:43:25.650724,5
6613,2205,Created,2026-05-13 12:00:00,4
6614,2205,Dispatched,2026-05-13 16:24:18.423707,4
6615,2205,Delivered,2026-05-16 08:55:32.244448,4
6616,2206,Created,2026-05-13 15:00:00,6
6617,2206,Dispatched,2026-05-13 20:24:01.366321,6
6618,2206,Delivered,2026-05-14 16:30:16.866377,6
6619,2207,Created,2026-05-13 09:15:00,4
6620,2207,Dispatched,2026-05-13 14:42:46.090160,4
6621,2207,Delivered,2026-05-15 19:46:27.759037,4
6622,2208,Created,2026-05-14 14:30:00,3
6623,2208,Dispatched,2026-05-14 17:15:21.642973,3
6624,2208,Delivered,2026-05-15 13:24:33.856107,3
6625,2209,Created,2026-05-14 11:30:00,1
6626,2209,Dispatched,2026-05-14 13:06:13.839217,1
6627,2209,Delivered,2026-05-15 07:09:09.189294,1
6628,2210,Created,2026-05-14 09:30:00,1
6629,2210,Dispatched,2026-05-14 16:13:44.893478,1
6630,2210,Delivered,2026-05-17 03:46:51.671484,1
6631,2211,Created,2026-05-14 10:45:00,4
6632,2211,Dispatched,2026-05-14 12:10:22.617572,4
6633,2211,Delivered,2026-05-17 08:00:58.272742,4
6634,2212,Created,2026-05-14 07:00:00,5
6635,2212,Dispatched,2026-05-14 13:11:40.554468,5
6636,2212,Delivered,2026-05-15 09:16:43.095010,5
6637,2213,Created,2026-05-14 10:15:00,4
6638,2213,Dispatched,2026-05-14 15:54:43.884975,4
6639,2213,Delivered,2026-05-16 17:05:08.772375,4
6640,2214,Created,2026-05-14 12:45:00,2
6641,2214,Dispatched,2026-05-14 16:01:40.059561,2
6642,2214,Delivered,2026-05-15 00:55:07.757552,2
6643,2215,Created,2026-05-14 15:15:00,3
6644,2215,Dispatched,2026-05-14 22:00:46.970334,3
6645,2215,Delivered,2026-05-17 10:01:16.887920,3
6646,2216,Created,2026-05-14 14:00:00,4
6647,2216,Dispatched,2026-05-14 20:21:08.885134,4
6648,2216,Delivered,2026-05-17 08:37:22.405812,4
6649,2217,Created,2026-05-14 15:00:00,2
6650,2217,Dispatched,2026-05-14 19:42:39.794038,2
6651,2217,Delivered,2026-05-14 21:09:06.578806,2
6652,2218,Created,2026-05-14 11:45:00,1
6653,2218,Dispatched,2026-05-14 16:56:23.697808,1
6654,2218,Delivered,2026-05-17 07:59:33.849684,1
6655,2219,Created,2026-05-14 15:45:00,2
6656,2219,Dispatched,2026-05-14 18:01:52.905139,2
6657,2219,Delivered,2026-05-17 02:07:02.533150,2
6658,2220,Created,2026-05-14 07:30:00,2
6659,2220,Dispatched,2026-05-14 10:41:11.775506,2
6660,2220,Delivered,2026-05-16 21:32:12.282948,2
6661,2221,Created,2026-05-15 13:15:00,5
6662,2221,Dispatched,2026-05-15 19:02:48.368503,5
6663,2221,Delivery Failed,2026-05-17 19:38:29.874090,5
6664,2222,Created,2026-05-15 13:15:00,5
6665,2222,Dispatched,2026-05-15 16:22:19.795167,5
6666,2222,Delivered,2026-05-15 09:58:58.125244,5
6667,2223,Created,2026-05-15 11:45:00,6
6668,2223,Dispatched,2026-05-15 16:28:49.620631,6
6669,2223,Delivered,2026-05-17 18:36:00.125243,6
6670,2224,Created,2026-05-15 13:45:00,4
6671,2224,Dispatched,2026-05-15 20:06:09.524048,4
6672,2224,Delivered,2026-05-15 21:42:58.108464,4
6673,2225,Created,2026-05-15 12:15:00,2
6674,2225,Dispatched,2026-05-15 18:21:56.891409,2
6675,2225,Delivered,2026-05-19 07:22:43.783008,2
6676,2226,Created,2026-05-15 16:30:00,1
6677,2226,Dispatched,2026-05-15 19:55:56.131963,1
6678,2226,Delivered,2026-05-18 00:34:05.410068,1
6679,2227,Created,2026-05-15 12:45:00,1
6680,2227,Dispatched,2026-05-15 15:10:53.973605,1
6681,2227,Delivered,2026-05-16 13:39:30.706368,1
6682,2228,Created,2026-05-15 15:00:00,2
6683,2228,Dispatched,2026-05-15 17:11:20.853345,2
6684,2228,Delivered,2026-05-18 05:52:12.787694,2
6685,2229,Created,2026-05-15 07:00:00,5
6686,2229,Dispatched,2026-05-15 09:29:46.631093,5
6687,2229,Delivered,2026-05-17 23:41:18.264460,5
6688,2230,Created,2026-05-15 14:30:00,4
6689,2230,Dispatched,2026-05-15 17:51:49.695034,4
6690,2230,Delivered,2026-05-18 04:59:21.678740,4
6691,2231,Created,2026-05-15 18:00:00,6
6692,2231,Dispatched,2026-05-15 21:50:13.379244,6
6693,2231,Delivered,2026-05-15 17:41:54.213931,6
6694,2232,Created,2026-05-15 09:00:00,2
6695,2232,Dispatched,2026-05-15 10:52:27.012469,2
6696,2232,Delivered,2026-05-16 06:53:50.335333,2
6697,2233,Created,2026-05-15 18:15:00,1
6698,2233,Dispatched,2026-05-15 23:34:55.268403,1
6699,2233,Delivered,2026-05-16 14:08:10.906887,1
6700,2234,Created,2026-05-15 15:00:00,4
6701,2234,Dispatched,2026-05-15 17:30:04.742438,4
6702,2234,Delivered,2026-05-20 19:32:48.142288,4
6703,2235,Created,2026-05-15 08:15:00,5
6704,2235,Dispatched,2026-05-15 13:47:18.107797,5
6705,2235,Delivered,2026-05-17 16:21:02.843593,5
6706,2236,Created,2026-05-15 17:45:00,4
6707,2236,Dispatched,2026-05-15 19:08:08.414436,4
6708,2236,Delivered,2026-05-16 22:10:17.783661,4
6709,2237,Created,2026-05-15 13:30:00,1
6710,2237,Dispatched,2026-05-15 18:39:56.913749,1
6711,2237,Delivered,2026-05-17 20:17:11.104309,1
6712,2238,Created,2026-05-15 15:15:00,2
6713,2238,Dispatched,2026-05-15 21:31:25.420606,2
6714,2238,Delivered,2026-05-18 22:04:01.051363,2
6715,2239,Created,2026-05-16 17:45:00,1
6716,2239,Dispatched,2026-05-17 00:11:58.150684,1
6717,2239,Delivered,2026-05-19 12:13:24.069061,1
6718,2240,Created,2026-05-16 13:15:00,1
6719,2240,Dispatched,2026-05-16 15:41:24.075236,1
6720,2240,Delivered,2026-05-18 22:45:09.171067,1
6721,2241,Created,2026-05-16 10:45:00,1
6722,2241,Dispatched,2026-05-16 14:10:12.593169,1
6723,2241,Delivered,2026-05-17 14:48:01.236033,1
6724,2242,Created,2026-05-16 10:00:00,5
6725,2242,Dispatched,2026-05-16 11:07:42.996972,5
6726,2242,Delivered,2026-05-18 20:07:11.330539,5
6727,2243,Created,2026-05-16 10:30:00,1
6728,2243,Dispatched,2026-05-16 14:49:41.165602,1
6729,2243,Delivered,2026-05-19 01:01:47.544006,1
6730,2244,Created,2026-05-16 14:15:00,5
6731,2244,Dispatched,2026-05-16 18:55:56.717021,5
6732,2244,Delivered,2026-05-19 11:17:49.505403,5
6733,2245,Created,2026-05-16 17:15:00,1
6734,2245,Dispatched,2026-05-16 23:07:30.964599,1
6735,2245,Delivered,2026-05-17 20:05:53.834402,1
6736,2246,Created,2026-05-16 16:00:00,2
6737,2246,Dispatched,2026-05-16 18:41:27.223255,2
6738,2246,Delivered,2026-05-17 15:08:10.039536,2
6739,2247,Created,2026-05-16 15:00:00,6
6740,2247,Dispatched,2026-05-16 16:07:44.812844,6
6741,2247,Delivered,2026-05-19 06:06:55.120217,6
6742,2248,Created,2026-05-16 12:15:00,4
6743,2248,Dispatched,2026-05-16 13:19:00.810206,4
6744,2248,Delivered,2026-05-17 16:14:53.563969,4
6745,2249,Created,2026-05-16 13:00:00,2
6746,2249,Dispatched,2026-05-16 16:05:19.292415,2
6747,2249,Delivered,2026-05-18 23:06:09.347464,2
6748,2250,Created,2026-05-16 18:00:00,3
6749,2250,Dispatched,2026-05-16 22:53:21.708045,3
6750,2250,Delivered,2026-05-18 10:23:24.116708,3
6751,2251,Created,2026-05-16 15:45:00,1
6752,2251,Dispatched,2026-05-16 19:21:51.081925,1
6753,2251,Delivered,2026-05-19 01:57:24.698467,1
6754,2252,Created,2026-05-16 11:45:00,1
6755,2252,Dispatched,2026-05-16 15:58:23.108518,1
6756,2252,Delivered,2026-05-19 08:14:51.775901,1
6757,2253,Created,2026-05-16 18:00:00,6
6758,2253,Dispatched,2026-05-16 22:35:50.601012,6
6759,2253,Delivered,2026-05-19 12:55:36.540430,6
6760,2254,Created,2026-05-16 14:45:00,2
6761,2254,Dispatched,2026-05-16 17:15:54.149845,2
6762,2254,Delivered,2026-05-19 02:40:37.022052,2
6763,2255,Created,2026-05-16 09:00:00,1
6764,2255,Dispatched,2026-05-16 13:59:01.490362,1
6765,2255,Delivered,2026-05-19 07:37:42.200290,1
6766,2256,Created,2026-05-16 17:30:00,1
6767,2256,Dispatched,2026-05-16 21:02:01.559736,1
6768,2256,Delivered,2026-05-19 11:03:56.751583,1
6769,2257,Created,2026-05-16 14:00:00,3
6770,2257,Dispatched,2026-05-16 18:12:52.538772,3
6771,2257,Delivered,2026-05-18 23:44:47.445213,3
6772,2258,Created,2026-05-17 13:15:00,1
6773,2258,Dispatched,2026-05-17 15:25:02.450221,1
6774,2258,Delivered,2026-05-20 10:11:54.798724,1
6775,2259,Created,2026-05-17 07:15:00,4
6776,2259,Dispatched,2026-05-17 10:38:28.405449,4
6777,2259,Delivered,2026-05-18 05:32:20.554767,4
6778,2260,Created,2026-05-17 09:30:00,1
6779,2260,Dispatched,2026-05-17 12:33:18.006990,1
6780,2260,Delivered,2026-05-21 11:27:34.248985,1
6781,2261,Created,2026-05-17 13:30:00,6
6782,2261,Dispatched,2026-05-17 17:51:29.040520,6
6783,2261,Delivered,2026-05-18 07:01:03.005715,6
6784,2262,Created,2026-05-17 14:00:00,5
6785,2262,Dispatched,2026-05-17 15:03:20.487125,5
6786,2262,Delivered,2026-05-20 02:30:55.874908,5
6787,2263,Created,2026-05-17 09:15:00,6
6788,2263,Dispatched,2026-05-17 13:57:44.344228,6
6789,2263,Delivered,2026-05-18 08:34:18.228356,6
6790,2264,Created,2026-05-17 08:30:00,3
6791,2264,Dispatched,2026-05-17 15:12:48.474507,3
6792,2264,Delivered,2026-05-20 06:31:27.051225,3
6793,2265,Created,2026-05-17 17:30:00,5
6794,2265,Dispatched,2026-05-17 18:35:58.262624,5
6795,2265,Delivered,2026-05-21 14:35:13.830294,5
6796,2266,Created,2026-05-17 18:30:00,5
6797,2266,Dispatched,2026-05-17 21:39:21.526789,5
6798,2266,Delivered,2026-05-20 15:37:24.773002,5
6799,2267,Created,2026-05-17 07:15:00,5
6800,2267,Dispatched,2026-05-17 08:23:22.074331,5
6801,2267,Delivered,2026-05-22 00:29:12.428166,5
6802,2268,Created,2026-05-17 15:45:00,3
6803,2268,Dispatched,2026-05-17 20:44:30.368669,3
6804,2268,Delivered,2026-05-19 23:41:14.395093,3
6805,2269,Created,2026-05-17 12:45:00,4
6806,2269,Dispatched,2026-05-17 18:52:14.986663,4
6807,2269,Delivered,2026-05-18 11:21:41.913271,4
6808,2270,Created,2026-05-17 15:45:00,6
6809,2270,Dispatched,2026-05-17 21:24:04.953708,6
6810,2270,Delivered,2026-05-18 14:47:41.326125,6
6811,2271,Created,2026-05-18 14:00:00,1
6812,2271,Dispatched,2026-05-18 19:28:09.366218,1
6813,2271,Delivered,2026-05-18 06:47:15.416429,1
6814,2272,Created,2026-05-18 18:30:00,6
6815,2272,Dispatched,2026-05-18 20:47:19.005406,6
6816,2272,Delivered,2026-05-19 09:59:48.201940,6
6817,2273,Created,2026-05-18 08:45:00,2
6818,2273,Dispatched,2026-05-18 15:44:27.194593,2
6819,2273,Delivery Failed,2026-05-18 11:53:54.241767,2
6820,2274,Created,2026-05-18 10:45:00,1
6821,2274,Dispatched,2026-05-18 15:30:30.325662,1
6822,2274,Delivered,2026-05-18 06:10:21.658316,1
6823,2275,Created,2026-05-18 10:15:00,3
6824,2275,Dispatched,2026-05-18 15:39:50.380972,3
6825,2275,Delivered,2026-05-19 13:11:40.143380,3
6826,2276,Created,2026-05-18 15:00:00,5
6827,2276,Dispatched,2026-05-18 16:46:06.848775,5
6828,2276,Delivered,2026-05-19 10:57:33.610421,5
6829,2277,Created,2026-05-18 13:30:00,5
6830,2277,Dispatched,2026-05-18 15:44:45.780785,5
6831,2277,Delivered,2026-05-21 08:38:46.406482,5
6832,2278,Created,2026-05-18 14:30:00,5
6833,2278,Dispatched,2026-05-18 19:55:19.179530,5
6834,2278,Delivered,2026-05-19 10:40:38.665842,5
6835,2279,Created,2026-05-18 10:15:00,4
6836,2279,Dispatched,2026-05-18 16:08:44.876366,4
6837,2279,Delivered,2026-05-20 16:49:46.519421,4
6838,2280,Created,2026-05-18 12:45:00,3
6839,2280,Dispatched,2026-05-18 17:36:31.067030,3
6840,2280,Delivered,2026-05-18 17:25:57.705450,3
6841,2281,Created,2026-05-18 07:15:00,2
6842,2281,Dispatched,2026-05-18 12:13:35.021683,2
6843,2281,Delivered,2026-05-20 09:01:35.005277,2
6844,2282,Created,2026-05-18 07:00:00,3
6845,2282,Dispatched,2026-05-18 11:02:41.881490,3
6846,2282,Delivered,2026-05-20 05:55:10.051860,3
6847,2283,Created,2026-05-18 12:15:00,5
6848,2283,Dispatched,2026-05-18 13:18:54.959925,5
6849,2283,Delivered,2026-05-21 02:20:31.956064,5
6850,2284,Created,2026-05-18 07:00:00,1
6851,2284,Dispatched,2026-05-18 10:36:36.315607,1
6852,2284,Delivered,2026-05-21 05:15:53.315291,1
6853,2285,Created,2026-05-18 08:30:00,1
6854,2285,Dispatched,2026-05-18 14:17:57.632175,1
6855,2285,Delivered,2026-05-21 19:31:24.305365,1
6856,2286,Created,2026-05-18 17:00:00,3
6857,2286,Dispatched,2026-05-18 22:10:20.599519,3
6858,2286,Delivered,2026-05-19 12:25:15.378777,3
6859,2287,Created,2026-05-18 17:00:00,6
6860,2287,Dispatched,2026-05-18 19:32:04.158813,6
6861,2287,Delivered,2026-05-21 14:30:29.910995,6
6862,2288,Created,2026-05-18 18:15:00,4
6863,2288,Dispatched,2026-05-18 21:44:00.216657,4
6864,2288,Delivered,2026-05-21 08:51:12.806409,4
6865,2289,Created,2026-05-18 07:45:00,6
6866,2289,Dispatched,2026-05-18 10:26:19.799549,6
6867,2289,Delivered,2026-05-20 15:42:46.491639,6
6868,2290,Created,2026-05-18 17:15:00,1
6869,2290,Dispatched,2026-05-18 21:14:53.185570,1
6870,2290,Delivered,2026-05-18 17:54:57.375454,1
6871,2291,Created,2026-05-18 09:45:00,6
6872,2291,Dispatched,2026-05-18 13:19:34.418951,6
6873,2291,Delivered,2026-05-19 14:05:56.961147,6
6874,2292,Created,2026-05-18 17:00:00,5
6875,2292,Dispatched,2026-05-18 19:56:47.128847,5
6876,2292,Delivered,2026-05-21 13:23:09.916524,5
6877,2293,Created,2026-05-19 16:45:00,4
6878,2293,Dispatched,2026-05-19 23:28:42.114335,4
6879,2293,Delivered,2026-05-20 21:06:56.721846,4
6880,2294,Created,2026-05-19 18:15:00,1
6881,2294,Dispatched,2026-05-19 22:46:25.961908,1
6882,2294,Delivered,2026-05-23 18:05:39.631280,1
6883,2295,Created,2026-05-19 12:30:00,5
6884,2295,Dispatched,2026-05-19 13:36:07.040080,5
6885,2295,Delivered,2026-05-21 22:39:52.702183,5
6886,2296,Created,2026-05-19 08:45:00,1
6887,2296,Dispatched,2026-05-19 11:18:50.220613,1
6888,2296,Delivered,2026-05-20 04:48:08.200892,1
6889,2297,Created,2026-05-19 09:00:00,3
6890,2297,Dispatched,2026-05-19 15:29:03.662931,3
6891,2297,Delivered,2026-05-19 23:31:03.947961,3
6892,2298,Created,2026-05-19 18:15:00,4
6893,2298,Dispatched,2026-05-19 19:26:36.094445,4
6894,2298,Delivered,2026-05-23 19:21:39.601278,4
6895,2299,Created,2026-05-19 16:45:00,3
6896,2299,Dispatched,2026-05-19 19:16:50.754644,3
6897,2299,Delivered,2026-05-20 11:52:06.396072,3
6898,2300,Created,2026-05-19 08:15:00,1
6899,2300,Dispatched,2026-05-19 11:12:06.458842,1
6900,2300,Delivered,2026-05-21 19:35:16.104747,1
6901,2301,Created,2026-05-19 08:00:00,2
6902,2301,Dispatched,2026-05-19 14:58:49.345683,2
6903,2301,Delivered,2026-05-21 20:26:15.574058,2
6904,2302,Created,2026-05-19 08:15:00,2
6905,2302,Dispatched,2026-05-19 14:00:47.452104,2
6906,2302,Delivered,2026-05-21 17:51:30.220526,2
6907,2303,Created,2026-05-19 12:30:00,3
6908,2303,Dispatched,2026-05-19 17:02:24.186074,3
6909,2303,Delivered,2026-05-22 02:38:24.530272,3
6910,2304,Created,2026-05-19 17:00:00,2
6911,2304,Dispatched,2026-05-19 20:36:25.242699,2
6912,2304,Delivered,2026-05-20 10:11:56.084859,2
6913,2305,Created,2026-05-20 13:15:00,1
6914,2305,Dispatched,2026-05-20 18:28:03.727445,1
6915,2305,Delivered,2026-05-23 01:39:41.307703,1
6916,2306,Created,2026-05-20 11:45:00,1
6917,2306,Dispatched,2026-05-20 16:13:17.510150,1
6918,2306,Delivered,2026-05-23 06:39:45.385715,1
6919,2307,Created,2026-05-20 07:00:00,6
6920,2307,Dispatched,2026-05-20 09:45:04.741803,6
6921,2307,Delivered,2026-05-22 18:50:19.563543,6
6922,2308,Created,2026-05-20 09:00:00,4
6923,2308,Dispatched,2026-05-20 13:57:28.391565,4
6924,2308,Delivered,2026-05-22 20:41:15.167491,4
6925,2309,Created,2026-05-20 18:15:00,4
6926,2309,Dispatched,2026-05-20 22:52:17.625822,4
6927,2309,Delivered,2026-05-23 17:52:46.904884,4
6928,2310,Created,2026-05-20 14:15:00,4
6929,2310,Dispatched,2026-05-20 19:44:58.729984,4
6930,2310,Delivery Failed,2026-05-22 20:38:43.082044,4
6931,2311,Created,2026-05-20 13:45:00,3
6932,2311,Dispatched,2026-05-20 17:11:56.682264,3
6933,2311,Delivered,2026-05-23 02:24:36.600064,3
6934,2312,Created,2026-05-20 07:15:00,5
6935,2312,Dispatched,2026-05-20 12:08:44.731081,5
6936,2312,Delivered,2026-05-21 11:30:01.463037,5
6937,2313,Created,2026-05-20 17:15:00,3
6938,2313,Dispatched,2026-05-20 23:29:56.677704,3
6939,2313,Delivered,2026-05-21 06:29:01.958910,3
6940,2314,Created,2026-05-20 15:15:00,6
6941,2314,Dispatched,2026-05-20 18:21:35.988903,6
6942,2314,Delivered,2026-05-21 07:43:21.829559,6
6943,2315,Created,2026-05-20 08:30:00,4
6944,2315,Dispatched,2026-05-20 10:25:11.849192,4
6945,2315,Delivered,2026-05-22 16:16:49.062929,4
6946,2316,Created,2026-05-21 15:00:00,3
6947,2316,Dispatched,2026-05-21 18:28:39.604848,3
6948,2316,Delivered,2026-05-22 03:20:41.721492,3
6949,2317,Created,2026-05-21 12:15:00,1
6950,2317,Dispatched,2026-05-21 16:38:12.539128,1
6951,2317,Delivered,2026-05-21 09:09:16.931189,1
6952,2318,Created,2026-05-21 10:45:00,1
6953,2318,Dispatched,2026-05-21 12:49:03.754211,1
6954,2318,Delivered,2026-05-22 14:48:59.765220,1
6955,2319,Created,2026-05-21 14:00:00,5
6956,2319,Dispatched,2026-05-21 20:06:29.179696,5
6957,2319,Delivered,2026-05-22 05:48:20.932665,5
6958,2320,Created,2026-05-21 11:00:00,5
6959,2320,Dispatched,2026-05-21 16:43:12.172880,5
6960,2320,Delivered,2026-05-24 09:50:08.444960,5
6961,2321,Created,2026-05-21 16:15:00,5
6962,2321,Dispatched,2026-05-21 20:41:08.520067,5
6963,2321,Delivered,2026-05-22 18:46:19.729180,5
6964,2322,Created,2026-05-21 16:45:00,2
6965,2322,Dispatched,2026-05-21 22:55:56.449424,2
6966,2322,Delivered,2026-05-22 05:56:21.962702,2
6967,2323,Created,2026-05-21 15:15:00,1
6968,2323,Dispatched,2026-05-21 18:26:35.516346,1
6969,2323,Delivered,2026-05-26 16:48:34.089434,1
6970,2324,Created,2026-05-21 13:30:00,4
6971,2324,Dispatched,2026-05-21 16:42:53.744302,4
6972,2324,Delivered,2026-05-22 11:03:27.861548,4
6973,2325,Created,2026-05-21 17:45:00,6
6974,2325,Dispatched,2026-05-21 18:56:12.433647,6
6975,2325,Delivered,2026-05-22 13:26:29.198530,6
6976,2326,Created,2026-05-21 17:30:00,1
6977,2326,Dispatched,2026-05-21 20:50:46.216086,1
6978,2326,Delivered,2026-05-22 13:40:57.972869,1
6979,2327,Created,2026-05-21 13:30:00,6
6980,2327,Dispatched,2026-05-21 15:37:21.419835,6
6981,2327,Delivered,2026-05-22 04:24:09.700772,6
6982,2328,Created,2026-05-21 12:45:00,2
6983,2328,Dispatched,2026-05-21 19:42:16.849971,2
6984,2328,Delivered,2026-05-24 04:24:24.308978,2
6985,2329,Created,2026-05-21 13:45:00,2
6986,2329,Dispatched,2026-05-21 19:39:40.525857,2
6987,2329,Delivered,2026-05-24 03:50:59.729425,2
6988,2330,Created,2026-05-21 16:45:00,3
6989,2330,Dispatched,2026-05-21 19:14:47.865195,3
6990,2330,Delivered,2026-05-22 13:58:51.146328,3
6991,2331,Created,2026-05-22 14:00:00,6
6992,2331,Dispatched,2026-05-22 19:20:51.285095,6
6993,2331,Delivered,2026-05-25 06:06:00.009497,6
6994,2332,Created,2026-05-22 11:00:00,5
6995,2332,Dispatched,2026-05-22 16:53:01.394567,5
6996,2332,Delivered,2026-05-25 01:57:56.483192,5
6997,2333,Created,2026-05-22 09:00:00,1
6998,2333,Dispatched,2026-05-22 12:18:29.085479,1
6999,2333,Delivered,2026-05-26 14:20:20.252504,1
7000,2334,Created,2026-05-22 12:30:00,2
7001,2334,Dispatched,2026-05-22 16:10:06.194145,2
7002,2334,Delivered,2026-05-24 03:09:07.008752,2
7003,2335,Created,2026-05-22 12:45:00,1
7004,2335,Dispatched,2026-05-22 16:29:25.036474,1
7005,2335,Delivered,2026-05-24 22:20:50.293277,1
7006,2336,Created,2026-05-22 08:30:00,3
7007,2336,Dispatched,2026-05-22 14:25:51.960524,3
7008,2336,Delivery Failed,2026-05-22 13:26:32.579587,3
7009,2337,Created,2026-05-22 11:15:00,2
7010,2337,Dispatched,2026-05-22 15:15:55.911456,2
7011,2337,Delivered,2026-05-24 11:51:27.419501,2
7012,2338,Created,2026-05-22 13:30:00,6
7013,2338,Dispatched,2026-05-22 18:49:22.454532,6
7014,2338,Delivered,2026-05-25 23:28:50.553919,6
7015,2339,Created,2026-05-22 16:15:00,1
7016,2339,Dispatched,2026-05-22 22:07:22.134139,1
7017,2339,Delivered,2026-05-25 12:27:53.492607,1
7018,2340,Created,2026-05-22 15:45:00,1
7019,2340,Dispatched,2026-05-22 20:41:27.502679,1
7020,2340,Delivered,2026-05-27 11:37:15.488914,1
7021,2341,Created,2026-05-22 08:45:00,4
7022,2341,Dispatched,2026-05-22 10:08:50.954508,4
7023,2341,Delivered,2026-05-22 23:47:51.163476,4
7024,2342,Created,2026-05-22 09:30:00,5
7025,2342,Dispatched,2026-05-22 16:01:34.894999,5
7026,2342,Delivered,2026-05-24 22:57:30.113696,5
7027,2343,Created,2026-05-22 10:45:00,1
7028,2343,Dispatched,2026-05-22 13:50:28.213557,1
7029,2343,Delivered,2026-05-25 02:48:55.271610,1
7030,2344,Created,2026-05-22 08:15:00,6
7031,2344,Dispatched,2026-05-22 13:42:32.293539,6
7032,2344,Delivered,2026-05-24 16:30:01.958793,6
7033,2345,Created,2026-05-22 16:00:00,1
7034,2345,Dispatched,2026-05-22 20:29:17.628005,1
7035,2345,Delivered,2026-05-25 00:34:00.960510,1
7036,2346,Created,2026-05-23 16:15:00,1
7037,2346,Dispatched,2026-05-23 20:31:09.372551,1
7038,2346,Delivered,2026-05-26 01:54:48.621768,1
7039,2347,Created,2026-05-23 12:30:00,1
7040,2347,Dispatched,2026-05-23 14:10:50.201126,1
7041,2347,Delivered,2026-05-26 04:23:22.971863,1
7042,2348,Created,2026-05-23 15:00:00,2
7043,2348,Dispatched,2026-05-23 18:45:25.768382,2
7044,2348,Delivered,2026-05-23 07:12:57.744559,2
7045,2349,Created,2026-05-23 13:30:00,1
7046,2349,Dispatched,2026-05-23 19:26:43.780676,1
7047,2349,Delivered,2026-05-26 08:16:29.445379,1
7048,2350,Created,2026-05-23 15:30:00,2
7049,2350,Dispatched,2026-05-23 20:17:29.892616,2
7050,2350,Delivered,2026-05-25 19:06:21.496567,2
7051,2351,Created,2026-05-23 10:45:00,1
7052,2351,Dispatched,2026-05-23 11:55:17.904559,1
7053,2351,Delivered,2026-05-24 00:15:37.376956,1
7054,2352,Created,2026-05-23 12:45:00,3
7055,2352,Dispatched,2026-05-23 13:52:52.977119,3
7056,2352,Delivered,2026-05-24 02:45:22.470532,3
7057,2353,Created,2026-05-23 13:00:00,1
7058,2353,Dispatched,2026-05-23 16:08:21.238237,1
7059,2353,Delivered,2026-05-24 02:22:42.848726,1
7060,2354,Created,2026-05-23 14:30:00,2
7061,2354,Dispatched,2026-05-23 16:35:01.977976,2
7062,2354,Delivered,2026-05-26 12:37:50.653733,2
7063,2355,Created,2026-05-23 09:30:00,5
7064,2355,Dispatched,2026-05-23 11:47:27.179463,5
7065,2355,Delivered,2026-05-25 19:43:43.020419,5
7066,2356,Created,2026-05-23 18:30:00,2
7067,2356,Dispatched,2026-05-23 20:28:13.510274,2
7068,2356,Delivered,2026-05-26 09:31:10.779899,2
7069,2357,Created,2026-05-24 09:00:00,1
7070,2357,Dispatched,2026-05-24 13:49:23.552618,1
7071,2357,Delivered,2026-05-26 18:59:19.136047,1
7072,2358,Created,2026-05-24 16:15:00,2
7073,2358,Dispatched,2026-05-24 17:58:23.928676,2
7074,2358,Delivered,2026-05-27 08:32:20.115848,2
7075,2359,Created,2026-05-24 07:45:00,2
7076,2359,Dispatched,2026-05-24 12:25:31.928490,2
7077,2359,Delivered,2026-05-27 21:49:02.398692,2
7078,2360,Created,2026-05-24 12:00:00,4
7079,2360,Dispatched,2026-05-24 14:02:25.856330,4
7080,2360,Delivered,2026-05-24 11:11:58.576245,4
7081,2361,Created,2026-05-24 13:45:00,4
7082,2361,Dispatched,2026-05-24 17:32:45.699542,4
7083,2361,Delivered,2026-05-26 21:56:42.816412,4
7084,2362,Created,2026-05-24 11:30:00,1
7085,2362,Dispatched,2026-05-24 14:45:12.754746,1
7086,2362,Delivered,2026-05-27 06:46:57.492400,1
7087,2363,Created,2026-05-24 09:00:00,5
7088,2363,Dispatched,2026-05-24 10:46:55.185500,5
7089,2363,Delivered,2026-05-25 00:40:55.475736,5
7090,2364,Created,2026-05-24 17:45:00,2
7091,2364,Dispatched,2026-05-24 19:23:20.743274,2
7092,2364,Delivered,2026-05-27 03:53:29.351219,2
7093,2365,Created,2026-05-24 07:00:00,1
7094,2365,Dispatched,2026-05-24 11:30:02.568213,1
7095,2365,Delivered,2026-05-24 12:01:34.620757,1
7096,2366,Created,2026-05-24 18:45:00,4
7097,2366,Dispatched,2026-05-24 19:57:26.778921,4
7098,2366,Delivered,2026-05-29 12:11:06.144081,4
7099,2367,Created,2026-05-24 08:00:00,3
7100,2367,Dispatched,2026-05-24 13:31:11.697943,3
7101,2367,Delivered,2026-05-26 22:53:10.965960,3
7102,2368,Created,2026-05-25 18:15:00,2
7103,2368,Dispatched,2026-05-25 22:47:47.482471,2
7104,2368,Delivered,2026-05-29 05:08:56.155225,2
7105,2369,Created,2026-05-25 15:00:00,5
7106,2369,Dispatched,2026-05-25 16:26:32.490790,5
7107,2369,Delivered,2026-05-26 18:06:34.476814,5
7108,2370,Created,2026-05-25 12:45:00,3
7109,2370,Dispatched,2026-05-25 17:03:21.280497,3
7110,2370,Delivered,2026-05-26 10:26:13.412725,3
7111,2371,Created,2026-05-25 12:00:00,1
7112,2371,Dispatched,2026-05-25 13:29:07.186168,1
7113,2371,Delivered,2026-05-26 01:35:22.415681,1
7114,2372,Created,2026-05-25 12:15:00,1
7115,2372,Dispatched,2026-05-25 14:49:38.829451,1
7116,2372,Delivery Failed,2026-05-28 09:22:46.140894,1
7117,2373,Created,2026-05-25 14:30:00,4
7118,2373,Dispatched,2026-05-25 19:39:20.741206,4
7119,2373,Delivered,2026-05-26 14:56:53.520053,4
7120,2374,Created,2026-05-25 13:30:00,6
7121,2374,Dispatched,2026-05-25 16:31:14.228667,6
7122,2374,Delivered,2026-05-28 06:28:33.027907,6
7123,2375,Created,2026-05-25 10:30:00,5
7124,2375,Dispatched,2026-05-25 12:53:06.387911,5
7125,2375,Delivered,2026-05-27 17:01:51.878811,5
7126,2376,Created,2026-05-25 08:30:00,4
7127,2376,Dispatched,2026-05-25 10:03:25.190892,4
7128,2376,Delivered,2026-05-28 07:18:33.437590,4
7129,2377,Created,2026-05-25 17:45:00,4
7130,2377,Dispatched,2026-05-25 20:49:24.551525,4
7131,2377,Delivered,2026-05-26 12:00:14.153587,4
7132,2378,Created,2026-05-25 11:30:00,2
7133,2378,Dispatched,2026-05-25 13:52:35.843617,2
7134,2378,Delivered,2026-05-28 01:17:19.822666,2
7135,2379,Created,2026-05-25 12:00:00,1
7136,2379,Dispatched,2026-05-25 17:15:56.037008,1
7137,2379,Delivered,2026-05-25 11:35:25.751687,1
7138,2380,Created,2026-05-25 18:30:00,5
7139,2380,Dispatched,2026-05-25 23:55:41.558197,5
7140,2380,Delivered,2026-05-26 16:58:35.211427,5
7141,2381,Created,2026-05-25 07:45:00,6
7142,2381,Dispatched,2026-05-25 09:38:37.828068,6
7143,2381,Delivered,2026-05-30 09:12:55.635106,6
7144,2382,Created,2026-05-25 09:00:00,1
7145,2382,Dispatched,2026-05-25 10:00:00.342321,1
7146,2382,Delivered,2026-05-26 10:11:31.991503,1
7147,2383,Created,2026-05-25 08:00:00,3
7148,2383,Dispatched,2026-05-25 11:47:26.017298,3
7149,2383,Delivered,2026-05-26 12:51:23.968810,3
7150,2384,Created,2026-05-25 07:00:00,2
7151,2384,Dispatched,2026-05-25 13:13:43.078517,2
7152,2384,Delivered,2026-05-28 04:59:22.922805,2
7153,2385,Created,2026-05-25 12:00:00,2
7154,2385,Dispatched,2026-05-25 14:42:34.380684,2
7155,2385,Delivered,2026-05-26 14:52:54.592182,2
7156,2386,Created,2026-05-25 16:45:00,3
7157,2386,Dispatched,2026-05-25 21:48:50.620299,3
7158,2386,Delivered,2026-05-26 07:37:20.725262,3
7159,2387,Created,2026-05-26 09:45:00,6
7160,2387,Dispatched,2026-05-26 13:36:02.447043,6
7161,2387,Delivered,2026-05-29 02:48:20.726050,6
7162,2388,Created,2026-05-26 10:15:00,1
7163,2388,Dispatched,2026-05-26 13:44:59.265985,1
7164,2388,Delivered,2026-05-29 01:29:15.447380,1
7165,2389,Created,2026-05-26 10:00:00,6
7166,2389,Dispatched,2026-05-26 12:04:31.857151,6
7167,2389,Delivered,2026-05-29 00:17:02.306784,6
7168,2390,Created,2026-05-26 11:30:00,6
7169,2390,Dispatched,2026-05-26 13:44:44.678215,6
7170,2390,Delivered,2026-05-27 03:42:33.750538,6
7171,2391,Created,2026-05-26 14:15:00,3
7172,2391,Dispatched,2026-05-26 17:38:58.130332,3
7173,2391,Delivered,2026-05-27 16:26:10.370680,3
7174,2392,Created,2026-05-26 15:30:00,1
7175,2392,Dispatched,2026-05-26 19:43:57.604686,1
7176,2392,Delivered,2026-05-27 20:18:06.540377,1
7177,2393,Created,2026-05-26 17:00:00,3
7178,2393,Dispatched,2026-05-26 22:59:23.120820,3
7179,2393,Delivered,2026-05-27 15:15:30.512566,3
7180,2394,Created,2026-05-26 09:45:00,5
7181,2394,Dispatched,2026-05-26 14:34:51.934624,5
7182,2394,Delivered,2026-05-28 19:05:39.213912,5
7183,2395,Created,2026-05-26 07:45:00,6
7184,2395,Dispatched,2026-05-26 10:10:48.644732,6
7185,2395,Delivered,2026-05-29 03:30:07.202601,6
7186,2396,Created,2026-05-26 15:00:00,1
7187,2396,Dispatched,2026-05-26 21:39:57.520703,1
7188,2396,Delivered,2026-05-27 07:39:28.934558,1
7189,2397,Created,2026-05-26 16:30:00,4
7190,2397,Dispatched,2026-05-26 22:01:55.556611,4
7191,2397,Delivered,2026-05-27 01:27:44.228082,4
7192,2398,Created,2026-05-26 09:30:00,3
7193,2398,Dispatched,2026-05-26 14:53:35.985981,3
7194,2398,Delivered,2026-05-27 11:22:43.377834,3
7195,2399,Created,2026-05-26 09:30:00,1
7196,2399,Dispatched,2026-05-26 15:14:59.867876,1
7197,2399,Delivered,2026-05-26 09:02:49.243604,1
7198,2400,Created,2026-05-26 08:00:00,1
7199,2400,Dispatched,2026-05-26 14:07:50.093162,1
7200,2400,Delivered,2026-05-28 21:42:26.436967,1
7201,2401,Created,2026-05-26 09:15:00,5
7202,2401,Dispatched,2026-05-26 11:10:13.533393,5
7203,2401,Delivered,2026-05-29 07:25:54.755683,5
7204,2402,Created,2026-05-27 17:45:00,1
7205,2402,Dispatched,2026-05-27 20:35:52.978210,1
7206,2402,Delivered,2026-05-30 07:45:53.239537,1
7207,2403,Created,2026-05-27 12:45:00,2
7208,2403,Dispatched,2026-05-27 16:56:38.807781,2
7209,2403,Delivered,2026-05-30 04:58:01.228252,2
7210,2404,Created,2026-05-27 10:00:00,6
7211,2404,Dispatched,2026-05-27 11:49:05.337738,6
7212,2404,Delivered,2026-05-29 17:50:43.831653,6
7213,2405,Created,2026-05-27 11:30:00,5
7214,2405,Dispatched,2026-05-27 17:02:49.428128,5
7215,2405,Delivered,2026-05-30 00:56:08.705584,5
7216,2406,Created,2026-05-27 07:00:00,5
7217,2406,Dispatched,2026-05-27 13:13:55.417961,5
7218,2406,Delivered,2026-05-29 01:41:16.939488,5
7219,2407,Created,2026-05-27 15:00:00,1
7220,2407,Dispatched,2026-05-27 21:40:19.123353,1
7221,2407,Delivered,2026-05-28 12:16:41.711998,1
7222,2408,Created,2026-05-27 13:00:00,3
7223,2408,Dispatched,2026-05-27 17:15:02.663313,3
7224,2408,Delivered,2026-05-27 13:19:56.336604,3
7225,2409,Created,2026-05-27 11:30:00,5
7226,2409,Dispatched,2026-05-27 18:03:34.013281,5
7227,2409,Delivery Failed,2026-05-28 03:24:22.426458,5
7228,2410,Created,2026-05-27 07:00:00,1
7229,2410,Dispatched,2026-05-27 08:44:40.830167,1
7230,2410,Delivered,2026-05-29 21:03:06.698303,1
7231,2411,Created,2026-05-27 18:00:00,1
7232,2411,Dispatched,2026-05-28 00:19:49.077359,1
7233,2411,Delivered,2026-05-31 16:46:04.118390,1
7234,2412,Created,2026-05-27 09:00:00,2
7235,2412,Dispatched,2026-05-27 12:43:33.238998,2
7236,2412,Delivered,2026-05-30 01:23:22.304351,2
7237,2413,Created,2026-05-27 15:15:00,1
7238,2413,Dispatched,2026-05-27 18:53:04.306254,1
7239,2413,Delivered,2026-05-31 19:54:35.478490,1
7240,2414,Created,2026-05-27 08:15:00,1
7241,2414,Dispatched,2026-05-27 15:02:59.857233,1
7242,2414,Delivered,2026-05-28 00:32:18.422134,1
7243,2415,Created,2026-05-27 16:15:00,1
7244,2415,Dispatched,2026-05-27 22:54:05.546819,1
7245,2415,Delivered,2026-05-28 18:48:28.485889,1
7246,2416,Created,2026-05-27 16:15:00,4
7247,2416,Dispatched,2026-05-27 19:31:28.765913,4
7248,2416,Delivered,2026-05-30 13:32:16.889360,4
7249,2417,Created,2026-05-27 11:15:00,1
7250,2417,Dispatched,2026-05-27 17:19:00.280120,1
7251,2417,Delivered,2026-05-28 00:15:03.616128,1
7252,2418,Created,2026-05-27 17:45:00,6
7253,2418,Dispatched,2026-05-27 23:12:07.265378,6
7254,2418,Delivered,2026-05-30 14:58:39.268437,6
7255,2419,Created,2026-05-27 14:30:00,3
7256,2419,Dispatched,2026-05-27 16:09:48.141866,3
7257,2419,Delivered,2026-05-30 06:48:04.517989,3
7258,2420,Created,2026-05-27 08:15:00,2
7259,2420,Dispatched,2026-05-27 11:53:21.272881,2
7260,2420,Delivered,2026-05-29 18:10:06.446122,2
7261,2421,Created,2026-05-28 16:00:00,2
7262,2421,Dispatched,2026-05-28 18:41:48.050300,2
7263,2421,Delivered,2026-05-29 04:31:22.434792,2
7264,2422,Created,2026-05-28 15:15:00,5
7265,2422,Dispatched,2026-05-28 19:42:58.906896,5
7266,2422,Delivered,2026-05-30 21:19:36.574508,5
7267,2423,Created,2026-05-28 09:00:00,1
7268,2423,Dispatched,2026-05-28 14:30:05.394317,1
7269,2423,Delivered,2026-05-30 15:43:04.222998,1
7270,2424,Created,2026-05-28 12:15:00,3
7271,2424,Dispatched,2026-05-28 17:41:39.000732,3
7272,2424,Delivered,2026-05-28 17:38:12.766681,3
7273,2425,Created,2026-05-28 11:45:00,2
7274,2425,Dispatched,2026-05-28 18:36:57.138192,2
7275,2425,Delivered,2026-05-31 08:09:14.145516,2
7276,2426,Created,2026-05-28 18:00:00,2
7277,2426,Dispatched,2026-05-28 23:15:36.293684,2
7278,2426,Delivered,2026-05-29 07:33:31.479790,2
7279,2427,Created,2026-05-28 13:30:00,1
7280,2427,Dispatched,2026-05-28 18:23:30.968809,1
7281,2427,Delivered,2026-05-29 10:36:17.390457,1
7282,2428,Created,2026-05-28 07:45:00,1
7283,2428,Dispatched,2026-05-28 14:08:06.357642,1
7284,2428,Delivered,2026-05-31 19:50:02.394240,1
7285,2429,Created,2026-05-28 16:00:00,1
7286,2429,Dispatched,2026-05-28 18:48:12.133049,1
7287,2429,Delivered,2026-05-29 00:48:54.970544,1
7288,2430,Created,2026-05-28 13:30:00,4
7289,2430,Dispatched,2026-05-28 19:30:41.970166,4
7290,2430,Delivered,2026-05-29 04:34:42.648440,4
7291,2431,Created,2026-05-28 09:15:00,1
7292,2431,Dispatched,2026-05-28 13:20:34.236184,1
7293,2431,Delivered,2026-05-29 10:48:52.835461,1
7294,2432,Created,2026-05-28 14:15:00,1
7295,2432,Dispatched,2026-05-28 18:02:05.589684,1
7296,2432,Delivered,2026-05-31 06:27:14.128963,1
7297,2433,Created,2026-05-28 14:00:00,4
7298,2433,Dispatched,2026-05-28 16:55:58.133681,4
7299,2433,Delivered,2026-05-31 02:16:22.718059,4
7300,2434,Created,2026-05-28 16:45:00,1
7301,2434,Dispatched,2026-05-28 19:49:30.830716,1
7302,2434,Delivered,2026-05-30 23:06:08.570368,1
7303,2435,Created,2026-05-28 08:30:00,4
7304,2435,Dispatched,2026-05-28 12:14:24.267919,4
7305,2435,Delivered,2026-05-28 10:27:33.217396,4
7306,2436,Created,2026-05-28 11:30:00,6
7307,2436,Dispatched,2026-05-28 17:03:12.867010,6
7308,2436,Delivered,2026-05-31 09:04:31.461072,6
7309,2437,Created,2026-05-28 16:15:00,1
7310,2437,Dispatched,2026-05-28 21:54:08.580463,1
7311,2437,Delivered,2026-05-29 15:45:54.192595,1
7312,2438,Created,2026-05-29 14:45:00,2
7313,2438,Dispatched,2026-05-29 16:43:40.509898,2
7314,2438,Delivered,2026-06-01 12:49:54.214047,2
7315,2439,Created,2026-05-29 14:30:00,2
7316,2439,Dispatched,2026-05-29 19:42:17.462133,2
7317,2439,Delivered,2026-05-30 08:49:39.655585,2
7318,2440,Created,2026-05-29 18:45:00,1
7319,2440,Dispatched,2026-05-29 22:07:25.339896,1
7320,2440,Delivered,2026-05-31 03:08:19.858872,1
7321,2441,Created,2026-05-29 10:15:00,2
7322,2441,Dispatched,2026-05-29 13:31:07.761798,2
7323,2441,Delivered,2026-05-30 01:31:53.975486,2
7324,2442,Created,2026-05-29 08:00:00,1
7325,2442,Dispatched,2026-05-29 10:29:07.312305,1
7326,2442,Delivered,2026-06-01 02:04:39.840353,1
7327,2443,Created,2026-05-29 11:45:00,3
7328,2443,Dispatched,2026-05-29 15:35:17.281193,3
7329,2443,Delivered,2026-06-01 08:14:25.334204,3
7330,2444,Created,2026-05-29 16:00:00,1
7331,2444,Dispatched,2026-05-29 18:47:30.007035,1
7332,2444,Delivered,2026-05-30 15:18:32.699888,1
7333,2445,Created,2026-05-29 15:45:00,3
7334,2445,Dispatched,2026-05-29 19:04:12.263227,3
7335,2445,Delivered,2026-05-30 05:53:57.913304,3
7336,2446,Created,2026-05-29 13:15:00,3
7337,2446,Dispatched,2026-05-29 14:24:24.188372,3
7338,2446,Delivered,2026-06-01 01:17:06.818833,3
7339,2447,Created,2026-05-29 07:15:00,6
7340,2447,Dispatched,2026-05-29 13:51:44.252204,6
7341,2447,Delivered,2026-05-30 05:29:00.186987,6
7342,2448,Created,2026-05-29 10:15:00,3
7343,2448,Dispatched,2026-05-29 14:52:35.190426,3
7344,2448,Delivered,2026-05-29 02:27:16.742490,3
7345,2449,Created,2026-05-29 08:30:00,5
7346,2449,Dispatched,2026-05-29 09:39:20.102054,5
7347,2449,Delivered,2026-06-01 00:24:34.577414,5
7348,2450,Created,2026-05-29 14:30:00,3
7349,2450,Dispatched,2026-05-29 18:36:21.717812,3
7350,2450,Delivered,2026-05-31 21:27:22.354708,3
7351,2451,Created,2026-05-29 13:30:00,1
7352,2451,Dispatched,2026-05-29 17:28:52.756049,1
7353,2451,Delivered,2026-06-01 06:12:37.460349,1
7354,2452,Created,2026-05-29 14:15:00,5
7355,2452,Dispatched,2026-05-29 19:22:42.738940,5
7356,2452,Delivered,2026-05-30 02:37:55.427058,5
7357,2453,Created,2026-05-29 07:30:00,3
7358,2453,Dispatched,2026-05-29 11:05:55.908776,3
7359,2453,Delivered,2026-05-31 14:23:24.725584,3
7360,2454,Created,2026-05-29 07:30:00,1
7361,2454,Dispatched,2026-05-29 12:16:20.103639,1
7362,2454,Delivered,2026-05-31 14:48:54.336281,1
7363,2455,Created,2026-05-29 13:00:00,2
7364,2455,Dispatched,2026-05-29 19:12:49.103952,2
7365,2455,Delivered,2026-06-01 08:39:48.072948,2
7366,2456,Created,2026-05-29 08:30:00,2
7367,2456,Dispatched,2026-05-29 14:06:50.624492,2
7368,2456,Delivered,2026-05-30 08:03:38.306712,2
7369,2457,Created,2026-05-30 16:00:00,4
7370,2457,Dispatched,2026-05-30 17:27:49.899500,4
7371,2457,Delivered,2026-05-31 16:54:00.122394,4
7372,2458,Created,2026-05-30 07:00:00,3
7373,2458,Dispatched,2026-05-30 08:53:27.692046,3
7374,2458,Delivered,2026-05-31 20:09:27.695423,3
7375,2459,Created,2026-05-30 14:45:00,5
7376,2459,Dispatched,2026-05-30 16:52:07.100728,5
7377,2459,Delivered,2026-05-31 10:17:36.259211,5
7378,2460,Created,2026-05-30 11:45:00,4
7379,2460,Dispatched,2026-05-30 17:37:33.437339,4
7380,2460,Delivered,2026-05-31 01:02:11.620629,4
7381,2461,Created,2026-05-30 10:30:00,1
7382,2461,Dispatched,2026-05-30 13:48:06.851849,1
7383,2461,Delivered,2026-06-02 21:53:13.095438,1
7384,2462,Created,2026-05-30 10:45:00,6
7385,2462,Dispatched,2026-05-30 16:11:07.090328,6
7386,2462,Delivered,2026-06-01 22:33:12.652611,6
7387,2463,Created,2026-05-30 18:15:00,2
7388,2463,Dispatched,2026-05-30 20:59:09.162186,2
7389,2463,Delivered,2026-05-31 08:49:58.398509,2
7390,2464,Created,2026-05-30 13:30:00,3
7391,2464,Dispatched,2026-05-30 19:39:07.186445,3
7392,2464,Delivered,2026-05-30 18:41:26.799353,3
7393,2465,Created,2026-05-30 13:15:00,1
7394,2465,Dispatched,2026-05-30 17:45:56.250847,1
7395,2465,Delivered,2026-05-31 18:05:43.147044,1
7396,2466,Created,2026-05-30 12:15:00,3
7397,2466,Dispatched,2026-05-30 18:01:57.713700,3
7398,2466,Delivered,2026-06-04 15:48:03.622195,3
7399,2467,Created,2026-05-30 10:00:00,5
7400,2467,Dispatched,2026-05-30 14:03:02.454993,5
7401,2467,Delivered,2026-06-02 02:58:09.335644,5
7402,2468,Created,2026-05-30 14:45:00,3
7403,2468,Dispatched,2026-05-30 17:09:17.723787,3
7404,2468,Delivered,2026-05-31 09:51:06.412402,3
7405,2469,Created,2026-05-30 13:15:00,5
7406,2469,Dispatched,2026-05-30 16:33:18.156325,5
7407,2469,Delivered,2026-05-30 13:07:37.805994,5
7408,2470,Created,2026-05-30 18:15:00,4
7409,2470,Dispatched,2026-05-31 00:57:21.853855,4
7410,2470,Delivered,2026-05-31 16:13:20.011352,4
7411,2471,Created,2026-05-30 11:15:00,5
7412,2471,Dispatched,2026-05-30 17:58:12.117510,5
7413,2471,Delivered,2026-06-02 02:56:30.088970,5
7414,2472,Created,2026-05-30 17:45:00,1
7415,2472,Dispatched,2026-05-30 22:09:59.649755,1
7416,2472,Delivered,2026-05-31 11:23:23.135260,1
7417,2473,Created,2026-05-31 12:45:00,5
7418,2473,Dispatched,2026-05-31 17:03:11.703210,5
7419,2473,Delivered,2026-06-01 15:12:29.331102,5
7420,2474,Created,2026-05-31 08:00:00,4
7421,2474,Dispatched,2026-05-31 09:19:28.881271,4
7422,2474,Delivered,2026-06-01 04:27:28.383126,4
7423,2475,Created,2026-05-31 16:15:00,3
7424,2475,Dispatched,2026-05-31 21:32:36.456638,3
7425,2475,Delivered,2026-06-03 11:16:55.459167,3
7426,2476,Created,2026-05-31 17:00:00,6
7427,2476,Dispatched,2026-05-31 18:49:05.682703,6
7428,2476,Delivered,2026-06-03 02:17:14.483775,6
7429,2477,Created,2026-05-31 10:00:00,6
7430,2477,Dispatched,2026-05-31 11:58:24.265876,6
7431,2477,Delivered,2026-05-31 07:06:19.700449,6
7432,2478,Created,2026-05-31 10:30:00,6
7433,2478,Dispatched,2026-05-31 13:07:25.685434,6
7434,2478,Delivered,2026-06-04 12:58:27.374635,6
7435,2479,Created,2026-05-31 18:45:00,2
7436,2479,Dispatched,2026-05-31 21:03:43.358582,2
7437,2479,Delivered,2026-06-03 08:19:24.971147,2
7438,2480,Created,2026-05-31 14:00:00,3
7439,2480,Dispatched,2026-05-31 15:09:11.671794,3
7440,2480,Delivered,2026-06-03 00:04:31.769380,3
7441,2481,Created,2026-05-31 11:45:00,1
7442,2481,Dispatched,2026-05-31 13:34:58.180010,1
7443,2481,Delivered,2026-06-02 18:22:32.412618,1
7444,2482,Created,2026-05-31 11:00:00,1
7445,2482,Dispatched,2026-05-31 15:47:59.181815,1
7446,2482,Delivered,2026-06-01 09:34:04.632753,1
7447,2483,Created,2026-05-31 08:15:00,1
7448,2483,Dispatched,2026-05-31 13:11:02.151450,1
7449,2483,Delivered,2026-06-02 16:34:18.126302,1
7450,2484,Created,2026-05-31 15:30:00,4
7451,2484,Dispatched,2026-05-31 22:22:11.392995,4
7452,2484,Delivered,2026-06-03 00:23:40.923527,4
7453,2485,Created,2026-05-31 16:00:00,2
7454,2485,Dispatched,2026-05-31 17:26:35.345509,2
7455,2485,Delivered,2026-06-01 11:04:33.805295,2
7456,2486,Created,2026-05-31 13:00:00,1
7457,2486,Dispatched,2026-05-31 17:33:20.005372,1
7458,2486,Delivered,2026-06-02 19:58:41.153931,1
7459,2487,Created,2026-05-31 18:30:00,4
7460,2487,Dispatched,2026-06-01 01:01:40.736052,4
7461,2487,Delivered,2026-06-01 09:35:27.232179,4
7462,2488,Created,2026-05-31 17:00:00,2
7463,2488,Dispatched,2026-05-31 21:36:51.728825,2
7464,2488,Delivered,2026-06-03 13:57:21.611861,2
7465,2489,Created,2026-05-31 08:00:00,2
7466,2489,Dispatched,2026-05-31 13:47:48.272000,2
7467,2489,Delivered,2026-05-31 05:56:27.140618,2
7468,2490,Created,2026-05-31 08:30:00,3
7469,2490,Dispatched,2026-05-31 11:24:34.026313,3
7470,2490,Delivered,2026-06-01 09:34:43.658498,3
7471,2491,Created,2026-05-31 15:15:00,3
7472,2491,Dispatched,2026-05-31 19:08:27.402405,3
7473,2491,Delivered,2026-06-03 04:59:38.575463,3
7474,2492,Created,2026-06-01 09:00:00,5
7475,2492,Dispatched,2026-06-01 13:15:10.839693,5
7476,2492,Delivered,2026-06-01 07:11:49.515175,5
7477,2493,Created,2026-06-01 11:45:00,5
7478,2493,Dispatched,2026-06-01 13:03:07.171669,5
7479,2493,Delivered,2026-06-04 04:38:25.566160,5
7480,2494,Created,2026-06-01 16:15:00,4
7481,2494,Dispatched,2026-06-01 20:29:48.196953,4
7482,2494,Delivered,2026-06-04 13:04:06.709438,4
7483,2495,Created,2026-06-01 15:00:00,2
7484,2495,Dispatched,2026-06-01 17:07:44.075735,2
7485,2495,Delivered,2026-06-04 01:06:34.204340,2
7486,2496,Created,2026-06-01 11:15:00,5
7487,2496,Dispatched,2026-06-01 17:37:13.373951,5
7488,2496,Delivered,2026-06-04 06:43:11.445327,5
7489,2497,Created,2026-06-01 16:30:00,3
7490,2497,Dispatched,2026-06-01 18:19:54.627409,3
7491,2497,Delivered,2026-06-05 09:48:40.243447,3
7492,2498,Created,2026-06-01 11:00:00,2
7493,2498,Dispatched,2026-06-01 17:55:16.891656,2
7494,2498,Delivered,2026-06-02 07:57:06.081946,2
7495,2499,Created,2026-06-01 07:15:00,2
7496,2499,Dispatched,2026-06-01 08:33:37.478571,2
7497,2499,Delivered,2026-06-04 05:15:41.004405,2
7498,2500,Created,2026-06-01 09:45:00,4
7499,2500,Dispatched,2026-06-01 14:48:10.891009,4
7500,2500,Delivered,2026-06-03 17:14:02.906677,4
7501,2501,Created,2026-06-01 18:30:00,1
7502,2501,Dispatched,2026-06-02 01:22:26.940483,1
7503,2501,Delivery Failed,2026-06-02 12:46:10.246822,1
7504,2502,Created,2026-06-01 10:00:00,6
7505,2502,Dispatched,2026-06-01 11:31:48.656598,6
7506,2502,Delivered,2026-06-02 01:46:07.953454,6
7507,2503,Created,2026-06-01 16:15:00,4
7508,2503,Dispatched,2026-06-01 18:32:06.013024,4
7509,2503,Delivered,2026-06-04 08:48:33.426640,4
7510,2504,Created,2026-06-01 15:00:00,1
7511,2504,Dispatched,2026-06-01 17:12:59.717533,1
7512,2504,Delivered,2026-06-04 12:26:58.555241,1
7513,2505,Created,2026-06-01 07:15:00,1
7514,2505,Dispatched,2026-06-01 11:55:24.047952,1
7515,2505,Delivered,2026-06-01 01:24:20.969921,1
7516,2506,Created,2026-06-01 12:15:00,1
7517,2506,Dispatched,2026-06-01 14:11:21.628496,1
7518,2506,Delivered,2026-06-04 07:03:12.824817,1
7519,2507,Created,2026-06-01 16:45:00,2
7520,2507,Dispatched,2026-06-01 22:51:24.247575,2
7521,2507,Delivered,2026-06-04 07:16:27.845596,2
7522,2508,Created,2026-06-01 15:00:00,1
7523,2508,Dispatched,2026-06-01 20:20:37.246073,1
7524,2508,Delivered,2026-06-04 09:10:53.313426,1
7525,2509,Created,2026-06-01 16:00:00,5
7526,2509,Dispatched,2026-06-01 17:34:36.173834,5
7527,2509,Delivered,2026-06-02 05:58:24.111142,5
7528,2510,Created,2026-06-01 08:45:00,4
7529,2510,Dispatched,2026-06-01 14:55:09.774674,4
7530,2510,Delivered,2026-06-02 05:48:31.170512,4
7531,2511,Created,2026-06-01 16:30:00,6
7532,2511,Dispatched,2026-06-01 21:11:20.143752,6
7533,2511,Delivered,2026-06-04 11:26:32.234607,6
7534,2512,Created,2026-06-01 08:15:00,3
7535,2512,Dispatched,2026-06-01 11:16:31.590460,3
7536,2512,Delivered,2026-06-04 03:56:38.989476,3
7537,2513,Created,2026-06-01 07:45:00,3
7538,2513,Dispatched,2026-06-01 11:42:35.173512,3
7539,2513,Delivered,2026-06-01 20:40:29.689608,3
7540,2514,Created,2026-06-01 07:15:00,3
7541,2514,Dispatched,2026-06-01 11:32:50.018884,3
7542,2514,Delivered,2026-06-04 02:00:03.757482,3
7543,2515,Created,2026-06-01 14:15:00,4
7544,2515,Dispatched,2026-06-01 18:53:48.222790,4
7545,2515,Delivered,2026-06-04 03:20:17.999902,4
7546,2516,Created,2026-06-02 18:30:00,1
7547,2516,Dispatched,2026-06-02 19:58:07.792909,1
7548,2516,Delivered,2026-06-03 14:13:44.795074,1
7549,2517,Created,2026-06-02 16:15:00,2
7550,2517,Dispatched,2026-06-02 21:47:55.873751,2
7551,2517,Delivered,2026-06-02 16:04:44.935230,2
7552,2518,Created,2026-06-02 16:45:00,6
7553,2518,Dispatched,2026-06-02 20:02:42.162004,6
7554,2518,Delivered,2026-06-03 09:42:21.220920,6
7555,2519,Created,2026-06-02 08:30:00,3
7556,2519,Dispatched,2026-06-02 12:01:07.665046,3
7557,2519,Delivered,2026-06-05 02:57:34.246548,3
7558,2520,Created,2026-06-02 09:30:00,3
7559,2520,Dispatched,2026-06-02 11:22:39.082066,3
7560,2520,Delivered,2026-06-02 17:51:28.463596,3
7561,2521,Created,2026-06-02 13:15:00,2
7562,2521,Dispatched,2026-06-02 19:58:59.792554,2
7563,2521,Delivered,2026-06-05 01:46:14.077435,2
7564,2522,Created,2026-06-02 12:45:00,4
7565,2522,Dispatched,2026-06-02 15:24:08.792927,4
7566,2522,Delivered,2026-06-04 23:18:59.803576,4
7567,2523,Created,2026-06-02 17:30:00,6
7568,2523,Dispatched,2026-06-02 20:47:21.593329,6
7569,2523,Delivered,2026-06-05 05:29:02.004353,6
7570,2524,Created,2026-06-02 10:30:00,6
7571,2524,Dispatched,2026-06-02 15:34:14.804676,6
7572,2524,Delivered,2026-06-04 23:27:24.047737,6
7573,2525,Created,2026-06-02 17:30:00,1
7574,2525,Dispatched,2026-06-02 20:09:57.165730,1
7575,2525,Delivered,2026-06-03 06:14:39.726574,1
7576,2526,Created,2026-06-02 17:15:00,1
7577,2526,Dispatched,2026-06-02 19:59:42.498101,1
7578,2526,Delivered,2026-06-03 06:06:39.706433,1
7579,2527,Created,2026-06-03 10:45:00,6
7580,2527,Dispatched,2026-06-03 12:50:32.805558,6
7581,2527,Delivered,2026-06-03 04:02:54.776593,6
7582,2528,Created,2026-06-03 18:45:00,2
7583,2528,Dispatched,2026-06-03 23:33:27.788521,2
7584,2528,Delivered,2026-06-05 10:10:01.232176,2
7585,2529,Created,2026-06-03 09:00:00,5
7586,2529,Dispatched,2026-06-03 15:22:30.244918,5
7587,2529,Delivered,2026-06-04 06:01:48.058037,5
7588,2530,Created,2026-06-03 16:45:00,1
7589,2530,Dispatched,2026-06-03 22:47:43.025597,1
7590,2530,Delivered,2026-06-05 08:21:20.943398,1
7591,2531,Created,2026-06-03 09:45:00,1
7592,2531,Dispatched,2026-06-03 15:16:33.611877,1
7593,2531,Delivered,2026-06-06 00:26:06.100944,1
7594,2532,Created,2026-06-03 12:45:00,3
7595,2532,Dispatched,2026-06-03 15:57:47.148909,3
7596,2532,Delivered,2026-06-06 08:05:16.129840,3
7597,2533,Created,2026-06-03 08:30:00,2
7598,2533,Dispatched,2026-06-03 12:47:34.086613,2
7599,2533,Delivery Failed,2026-06-05 18:39:53.421131,2
7600,2534,Created,2026-06-03 13:45:00,2
7601,2534,Dispatched,2026-06-03 19:34:12.270574,2
7602,2534,Delivered,2026-06-04 13:37:10.393562,2
7603,2535,Created,2026-06-03 18:30:00,1
7604,2535,Dispatched,2026-06-04 00:38:53.737562,1
7605,2535,Delivery Failed,2026-06-04 19:35:07.414632,1
7606,2536,Created,2026-06-03 08:45:00,6
7607,2536,Dispatched,2026-06-03 11:15:40.746689,6
7608,2536,Delivered,2026-06-05 18:31:12.841854,6
7609,2537,Created,2026-06-03 12:15:00,3
7610,2537,Dispatched,2026-06-03 14:13:39.567546,3
7611,2537,Delivered,2026-06-04 13:17:47.671491,3
7612,2538,Created,2026-06-03 09:45:00,1
7613,2538,Dispatched,2026-06-03 14:36:04.972008,1
7614,2538,Delivered,2026-06-06 06:10:13.090053,1
7615,2539,Created,2026-06-03 14:30:00,3
7616,2539,Dispatched,2026-06-03 21:15:18.248087,3
7617,2539,Delivered,2026-06-07 10:18:55.582543,3
7618,2540,Created,2026-06-03 18:45:00,5
7619,2540,Dispatched,2026-06-03 23:22:20.278128,5
7620,2540,Delivered,2026-06-06 06:11:15.856633,5
7621,2541,Created,2026-06-03 09:30:00,5
7622,2541,Dispatched,2026-06-03 15:55:37.569217,5
7623,2541,Delivered,2026-06-03 17:05:58.306067,5
7624,2542,Created,2026-06-04 07:00:00,1
7625,2542,Dispatched,2026-06-04 10:17:52.839451,1
7626,2542,Delivered,2026-06-06 09:01:58.585289,1
7627,2543,Created,2026-06-04 17:45:00,1
7628,2543,Dispatched,2026-06-04 20:28:56.113470,1
7629,2543,Delivered,2026-06-06 23:12:29.102024,1
7630,2544,Created,2026-06-04 08:00:00,1
7631,2544,Dispatched,2026-06-04 14:13:20.379878,1
7632,2544,Delivered,2026-06-06 22:15:45.531232,1
7633,2545,Created,2026-06-04 10:30:00,4
7634,2545,Dispatched,2026-06-04 16:51:57.699476,4
7635,2545,Delivered,2026-06-05 10:40:15.748968,4
7636,2546,Created,2026-06-04 07:45:00,4
7637,2546,Dispatched,2026-06-04 12:23:00.417390,4
7638,2546,Delivered,2026-06-08 05:18:54.032588,4
7639,2547,Created,2026-06-04 16:30:00,5
7640,2547,Dispatched,2026-06-04 17:40:49.120500,5
7641,2547,Delivered,2026-06-06 23:04:16.172387,5
7642,2548,Created,2026-06-04 07:45:00,3
7643,2548,Dispatched,2026-06-04 10:44:36.047951,3
7644,2548,Delivered,2026-06-04 21:58:58.178699,3
7645,2549,Created,2026-06-04 11:45:00,3
7646,2549,Dispatched,2026-06-04 18:29:58.823884,3
7647,2549,Delivered,2026-06-08 01:21:44.925795,3
7648,2550,Created,2026-06-04 13:15:00,2
7649,2550,Dispatched,2026-06-04 15:02:30.936921,2
7650,2550,Delivered,2026-06-04 16:08:54.207784,2
7651,2551,Created,2026-06-04 12:45:00,6
7652,2551,Dispatched,2026-06-04 15:43:01.681972,6
7653,2551,Delivered,2026-06-05 04:17:33.967123,6
7654,2552,Created,2026-06-04 16:15:00,1
7655,2552,Dispatched,2026-06-04 22:20:19.279001,1
7656,2552,Delivered,2026-06-05 15:04:33.006031,1
7657,2553,Created,2026-06-04 12:15:00,5
7658,2553,Dispatched,2026-06-04 13:30:24.628963,5
7659,2553,Delivered,2026-06-05 15:15:42.808261,5
7660,2554,Created,2026-06-04 15:30:00,4
7661,2554,Dispatched,2026-06-04 21:55:44.801177,4
7662,2554,Delivered,2026-06-05 13:58:05.711892,4
7663,2555,Created,2026-06-04 10:45:00,1
7664,2555,Dispatched,2026-06-04 12:37:02.419568,1
7665,2555,Delivered,2026-06-06 21:19:26.231221,1
7666,2556,Created,2026-06-04 09:30:00,4
7667,2556,Dispatched,2026-06-04 10:35:39.735546,4
7668,2556,Delivered,2026-06-06 14:22:59.609724,4
7669,2557,Created,2026-06-04 10:45:00,2
7670,2557,Dispatched,2026-06-04 15:41:47.977840,2
7671,2557,Delivered,2026-06-06 18:03:03.101513,2
7672,2558,Created,2026-06-04 16:30:00,1
7673,2558,Dispatched,2026-06-04 19:48:22.478545,1
7674,2558,Delivered,2026-06-07 06:06:49.931649,1
7675,2559,Created,2026-06-05 17:00:00,3
7676,2559,Dispatched,2026-06-05 19:10:45.793545,3
7677,2559,Delivered,2026-06-08 05:05:27.504958,3
7678,2560,Created,2026-06-05 10:15:00,2
7679,2560,Dispatched,2026-06-05 16:33:23.666413,2
7680,2560,Delivered,2026-06-06 08:50:39.845465,2
7681,2561,Created,2026-06-05 13:45:00,1
7682,2561,Dispatched,2026-06-05 19:58:32.937368,1
7683,2561,Delivered,2026-06-09 01:34:57.156882,1
7684,2562,Created,2026-06-05 15:30:00,3
7685,2562,Dispatched,2026-06-05 19:15:07.748210,3
7686,2562,Delivered,2026-06-08 00:06:31.564802,3
7687,2563,Created,2026-06-05 11:00:00,2
7688,2563,Dispatched,2026-06-05 17:02:14.703339,2
7689,2563,Delivered,2026-06-07 17:24:05.833401,2
7690,2564,Created,2026-06-05 18:15:00,1
7691,2564,Dispatched,2026-06-05 19:39:01.707289,1
7692,2564,Delivered,2026-06-10 13:53:39.415824,1
7693,2565,Created,2026-06-05 07:15:00,1
7694,2565,Dispatched,2026-06-05 13:42:12.567603,1
7695,2565,Delivered,2026-06-10 10:02:46.156868,1
7696,2566,Created,2026-06-05 15:00:00,6
7697,2566,Dispatched,2026-06-05 18:33:12.371051,6
7698,2566,Delivered,2026-06-08 09:06:18.977194,6
7699,2567,Created,2026-06-05 11:45:00,2
7700,2567,Dispatched,2026-06-05 15:23:33.479998,2
7701,2567,Delivered,2026-06-06 01:38:07.825427,2
7702,2568,Created,2026-06-05 09:00:00,1
7703,2568,Dispatched,2026-06-05 14:13:26.362131,1
7704,2568,Delivered,2026-06-06 08:46:11.773539,1
7705,2569,Created,2026-06-05 15:30:00,3
7706,2569,Dispatched,2026-06-05 21:48:38.787592,3
7707,2569,Delivered,2026-06-08 06:46:21.225512,3
7708,2570,Created,2026-06-05 12:45:00,3
7709,2570,Dispatched,2026-06-05 14:02:59.820269,3
7710,2570,Delivered,2026-06-08 05:18:12.576317,3
7711,2571,Created,2026-06-05 17:30:00,5
7712,2571,Dispatched,2026-06-05 22:40:41.103865,5
7713,2571,Delivered,2026-06-05 15:34:25.627153,5
7714,2572,Created,2026-06-05 17:30:00,1
7715,2572,Dispatched,2026-06-05 19:26:56.945070,1
7716,2572,Delivered,2026-06-08 10:16:27.907394,1
7717,2573,Created,2026-06-05 15:00:00,4
7718,2573,Dispatched,2026-06-05 17:19:26.282688,4
7719,2573,Delivered,2026-06-07 22:33:45.533751,4
7720,2574,Created,2026-06-05 11:00:00,5
7721,2574,Dispatched,2026-06-05 15:40:58.392003,5
7722,2574,Delivered,2026-06-09 17:32:58.228818,5
7723,2575,Created,2026-06-05 12:00:00,2
7724,2575,Dispatched,2026-06-05 17:49:31.325639,2
7725,2575,Delivered,2026-06-05 17:27:16.321411,2
7726,2576,Created,2026-06-05 17:30:00,5
7727,2576,Dispatched,2026-06-05 20:47:04.227783,5
7728,2576,Delivered,2026-06-08 14:01:24.574749,5
7729,2577,Created,2026-06-05 16:30:00,1
7730,2577,Dispatched,2026-06-05 20:39:56.584670,1
7731,2577,Delivered,2026-06-06 16:46:01.510317,1
7732,2578,Created,2026-06-05 17:00:00,4
7733,2578,Dispatched,2026-06-05 18:44:35.501132,4
7734,2578,Delivered,2026-06-09 02:40:11.631706,4
7735,2579,Created,2026-06-05 09:30:00,2
7736,2579,Dispatched,2026-06-05 12:57:41.869921,2
7737,2579,Delivered,2026-06-08 01:35:44.723444,2
7738,2580,Created,2026-06-05 10:00:00,6
7739,2580,Dispatched,2026-06-05 13:55:00.870927,6
7740,2580,Delivered,2026-06-06 01:18:45.793718,6
7741,2581,Created,2026-06-05 09:45:00,4
7742,2581,Dispatched,2026-06-05 15:15:57.014397,4
7743,2581,Delivered,2026-06-05 21:55:04.780807,4
7744,2582,Created,2026-06-06 16:30:00,6
7745,2582,Dispatched,2026-06-06 17:51:01.434549,6
7746,2582,Delivered,2026-06-09 04:05:53.052559,6
7747,2583,Created,2026-06-06 12:45:00,2
7748,2583,Dispatched,2026-06-06 14:59:16.431159,2
7749,2583,Delivered,2026-06-07 13:56:29.345235,2
7750,2584,Created,2026-06-06 09:00:00,4
7751,2584,Dispatched,2026-06-06 10:53:54.318968,4
7752,2584,Delivered,2026-06-09 00:05:14.103206,4
7753,2585,Created,2026-06-06 09:00:00,1
7754,2585,Dispatched,2026-06-06 10:50:56.681843,1
7755,2585,Delivered,2026-06-08 16:49:20.457224,1
7756,2586,Created,2026-06-06 13:45:00,1
7757,2586,Dispatched,2026-06-06 15:25:30.564884,1
7758,2586,Delivered,2026-06-10 16:35:17.618063,1
7759,2587,Created,2026-06-06 10:00:00,3
7760,2587,Dispatched,2026-06-06 13:03:24.948206,3
7761,2587,Delivered,2026-06-08 17:12:39.959904,3
7762,2588,Created,2026-06-06 12:30:00,5
7763,2588,Dispatched,2026-06-06 18:18:31.767178,5
7764,2588,Delivered,2026-06-06 13:09:22.424724,5
7765,2589,Created,2026-06-06 14:30:00,5
7766,2589,Dispatched,2026-06-06 17:44:13.817870,5
7767,2589,Delivered,2026-06-07 05:36:13.816438,5
7768,2590,Created,2026-06-06 07:45:00,4
7769,2590,Dispatched,2026-06-06 14:38:13.702684,4
7770,2590,Delivered,2026-06-08 15:49:41.923772,4
7771,2591,Created,2026-06-06 12:00:00,4
7772,2591,Dispatched,2026-06-06 17:55:42.213566,4
7773,2591,Delivered,2026-06-07 09:14:20.854954,4
7774,2592,Created,2026-06-06 08:45:00,4
7775,2592,Dispatched,2026-06-06 14:18:57.037248,4
7776,2592,Delivered,2026-06-08 00:53:48.896567,4
7777,2593,Created,2026-06-06 08:15:00,3
7778,2593,Dispatched,2026-06-06 13:02:38.537536,3
7779,2593,Delivered,2026-06-08 16:29:42.302740,3
7780,2594,Created,2026-06-06 12:15:00,1
7781,2594,Dispatched,2026-06-06 17:02:42.160824,1
7782,2594,Delivered,2026-06-09 06:08:08.888782,1
7783,2595,Created,2026-06-06 18:30:00,4
7784,2595,Dispatched,2026-06-06 21:09:50.782355,4
7785,2595,Delivered,2026-06-07 12:17:03.673167,4
7786,2596,Created,2026-06-06 18:00:00,3
7787,2596,Dispatched,2026-06-07 00:01:04.387050,3
7788,2596,Delivered,2026-06-09 09:31:46.133081,3
7789,2597,Created,2026-06-07 08:45:00,3
7790,2597,Dispatched,2026-06-07 11:33:10.603799,3
7791,2597,Delivered,2026-06-07 21:31:37.099225,3
7792,2598,Created,2026-06-07 15:30:00,5
7793,2598,Dispatched,2026-06-07 18:05:33.984767,5
7794,2598,Delivered,2026-06-10 10:39:26.572740,5
7795,2599,Created,2026-06-07 14:15:00,6
7796,2599,Dispatched,2026-06-07 19:35:02.816062,6
7797,2599,Delivered,2026-06-07 18:40:42.530154,6
7798,2600,Created,2026-06-07 13:15:00,5
7799,2600,Dispatched,2026-06-07 16:05:28.569354,5
7800,2600,Delivered,2026-06-08 09:55:35.594287,5
7801,2601,Created,2026-06-07 12:15:00,4
7802,2601,Dispatched,2026-06-07 15:41:52.927795,4
7803,2601,Delivered,2026-06-11 14:59:00.548165,4
7804,2602,Created,2026-06-07 18:45:00,1
7805,2602,Dispatched,2026-06-07 22:44:30.642624,1
7806,2602,Delivered,2026-06-08 11:17:21.030949,1
7807,2603,Created,2026-06-07 14:45:00,2
7808,2603,Dispatched,2026-06-07 20:53:27.146018,2
7809,2603,Delivered,2026-06-10 00:35:16.881591,2
7810,2604,Created,2026-06-07 16:00:00,1
7811,2604,Dispatched,2026-06-07 20:57:36.732248,1
7812,2604,Delivered,2026-06-07 09:41:20.133092,1
7813,2605,Created,2026-06-07 16:15:00,1
7814,2605,Dispatched,2026-06-07 21:14:58.575516,1
7815,2605,Delivered,2026-06-09 22:40:31.009668,1
7816,2606,Created,2026-06-07 12:00:00,4
7817,2606,Dispatched,2026-06-07 15:50:51.133349,4
7818,2606,Delivered,2026-06-10 06:24:36.395057,4
7819,2607,Created,2026-06-07 13:45:00,6
7820,2607,Dispatched,2026-06-07 19:03:59.777288,6
7821,2607,Delivered,2026-06-10 01:51:12.710825,6
7822,2608,Created,2026-06-07 10:15:00,1
7823,2608,Dispatched,2026-06-07 12:30:13.933511,1
7824,2608,Delivered,2026-06-10 07:35:41.547409,1
7825,2609,Created,2026-06-07 17:30:00,1
7826,2609,Dispatched,2026-06-07 18:54:48.546964,1
7827,2609,Delivered,2026-06-10 03:39:07.548207,1
7828,2610,Created,2026-06-07 11:00:00,4
7829,2610,Dispatched,2026-06-07 12:19:40.497099,4
7830,2610,Delivered,2026-06-08 11:45:48.918747,4
7831,2611,Created,2026-06-07 09:15:00,5
7832,2611,Dispatched,2026-06-07 11:24:03.199379,5
7833,2611,Delivered,2026-06-08 06:47:44.514259,5
7834,2612,Created,2026-06-07 07:30:00,1
7835,2612,Dispatched,2026-06-07 14:24:05.801932,1
7836,2612,Delivered,2026-06-08 12:18:04.236497,1
7837,2613,Created,2026-06-07 08:30:00,1
7838,2613,Dispatched,2026-06-07 12:06:26.346000,1
7839,2613,Delivered,2026-06-09 18:03:04.079126,1
7840,2614,Created,2026-06-07 14:15:00,2
7841,2614,Dispatched,2026-06-07 17:11:20.295204,2
7842,2614,Delivered,2026-06-11 20:00:55.998466,2
7843,2615,Created,2026-06-07 08:15:00,4
7844,2615,Dispatched,2026-06-07 12:23:22.051161,4
7845,2615,Delivered,2026-06-11 22:24:52.827907,4
7846,2616,Created,2026-06-07 14:00:00,1
7847,2616,Dispatched,2026-06-07 15:14:25.108385,1
7848,2616,Delivered,2026-06-10 08:12:13.969879,1
7849,2617,Created,2026-06-08 15:30:00,5
7850,2617,Dispatched,2026-06-08 19:35:30.641259,5
7851,2617,Delivered,2026-06-11 07:35:19.167489,5
7852,2618,Created,2026-06-08 08:15:00,6
7853,2618,Dispatched,2026-06-08 10:12:44.473807,6
7854,2618,Delivery Failed,2026-06-09 07:42:33.159233,6
7855,2619,Created,2026-06-08 08:00:00,2
7856,2619,Dispatched,2026-06-08 10:31:43.112815,2
7857,2619,Delivered,2026-06-08 10:23:13.172055,2
7858,2620,Created,2026-06-08 09:15:00,2
7859,2620,Dispatched,2026-06-08 13:30:48.298921,2
7860,2620,Delivered,2026-06-09 01:24:08.091141,2
7861,2621,Created,2026-06-08 16:30:00,1
7862,2621,Dispatched,2026-06-08 20:00:06.389346,1
7863,2621,Delivered,2026-06-11 04:27:10.394094,1
7864,2622,Created,2026-06-08 08:30:00,4
7865,2622,Dispatched,2026-06-08 12:45:16.836747,4
7866,2622,Delivered,2026-06-11 00:50:59.242574,4
7867,2623,Created,2026-06-08 09:15:00,2
7868,2623,Dispatched,2026-06-08 11:27:36.670786,2
7869,2623,Delivered,2026-06-10 19:02:16.629871,2
7870,2624,Created,2026-06-08 16:15:00,2
7871,2624,Dispatched,2026-06-08 21:14:29.802015,2
7872,2624,Delivered,2026-06-09 14:54:45.375553,2
7873,2625,Created,2026-06-08 10:30:00,1
7874,2625,Dispatched,2026-06-08 13:22:21.183679,1
7875,2625,Delivered,2026-06-11 03:19:35.329910,1
7876,2626,Created,2026-06-08 16:45:00,2
7877,2626,Dispatched,2026-06-08 18:11:56.192589,2
7878,2626,Delivered,2026-06-09 08:45:21.740132,2
7879,2627,Created,2026-06-08 18:45:00,5
7880,2627,Dispatched,2026-06-09 01:37:11.017203,5
7881,2627,Delivered,2026-06-11 17:26:29.364629,5
7882,2628,Created,2026-06-08 18:45:00,2
7883,2628,Dispatched,2026-06-08 22:40:10.824200,2
7884,2628,Delivered,2026-06-11 17:18:39.528711,2
7885,2629,Created,2026-06-08 09:15:00,1
7886,2629,Dispatched,2026-06-08 13:14:04.607918,1
7887,2629,Delivered,2026-06-09 09:58:03.165112,1
7888,2630,Created,2026-06-08 15:30:00,1
7889,2630,Dispatched,2026-06-08 17:10:37.087754,1
7890,2630,Delivered,2026-06-09 17:35:19.368688,1
7891,2631,Created,2026-06-08 08:00:00,2
7892,2631,Dispatched,2026-06-08 09:04:51.164028,2
7893,2631,Delivered,2026-06-09 16:38:05.207220,2
7894,2632,Created,2026-06-08 12:45:00,2
7895,2632,Dispatched,2026-06-08 14:40:58.672524,2
7896,2632,Delivered,2026-06-08 14:58:53.777318,2
7897,2633,Created,2026-06-08 12:45:00,1
7898,2633,Dispatched,2026-06-08 15:57:51.462051,1
7899,2633,Delivered,2026-06-11 00:29:06.951790,1
7900,2634,Created,2026-06-08 07:30:00,5
7901,2634,Dispatched,2026-06-08 10:58:31.626499,5
7902,2634,Delivered,2026-06-11 03:00:20.681068,5
7903,2635,Created,2026-06-08 15:30:00,4
7904,2635,Dispatched,2026-06-08 18:00:40.831884,4
7905,2635,Delivered,2026-06-10 16:25:24.745929,4
7906,2636,Created,2026-06-08 08:00:00,2
7907,2636,Dispatched,2026-06-08 14:03:39.700609,2
7908,2636,Delivered,2026-06-10 19:44:15.835787,2
7909,2637,Created,2026-06-09 12:45:00,4
7910,2637,Dispatched,2026-06-09 18:58:19.451110,4
7911,2637,Delivered,2026-06-10 14:55:31.001365,4
7912,2638,Created,2026-06-09 17:30:00,4
7913,2638,Dispatched,2026-06-09 22:25:12.364761,4
7914,2638,Delivered,2026-06-13 20:11:19.358694,4
7915,2639,Created,2026-06-09 11:00:00,1
7916,2639,Dispatched,2026-06-09 13:26:45.666274,1
7917,2639,Delivered,2026-06-11 17:08:34.920012,1
7918,2640,Created,2026-06-09 18:00:00,3
7919,2640,Dispatched,2026-06-09 21:21:01.363113,3
7920,2640,Delivered,2026-06-10 16:36:48.857055,3
7921,2641,Created,2026-06-09 15:45:00,1
7922,2641,Dispatched,2026-06-09 18:01:09.965716,1
7923,2641,Delivered,2026-06-12 14:11:08.432266,1
7924,2642,Created,2026-06-09 10:15:00,3
7925,2642,Dispatched,2026-06-09 16:01:12.868570,3
7926,2642,Delivered,2026-06-09 23:26:43.530504,3
7927,2643,Created,2026-06-09 07:45:00,6
7928,2643,Dispatched,2026-06-09 11:26:23.549716,6
7929,2643,Delivered,2026-06-09 02:52:33.679880,6
7930,2644,Created,2026-06-09 12:45:00,2
7931,2644,Dispatched,2026-06-09 14:49:09.019718,2
7932,2644,Delivered,2026-06-11 19:02:50.188760,2
7933,2645,Created,2026-06-09 10:45:00,5
7934,2645,Dispatched,2026-06-09 13:28:41.131291,5
7935,2645,Delivered,2026-06-12 08:35:03.218268,5
7936,2646,Created,2026-06-09 10:45:00,1
7937,2646,Dispatched,2026-06-09 12:46:39.730123,1
7938,2646,Delivered,2026-06-12 16:10:55.164645,1
7939,2647,Created,2026-06-09 12:45:00,3
7940,2647,Dispatched,2026-06-09 18:13:50.799851,3
7941,2647,Delivered,2026-06-12 03:06:01.720538,3
7942,2648,Created,2026-06-09 07:30:00,2
7943,2648,Dispatched,2026-06-09 12:28:02.411496,2
7944,2648,Delivered,2026-06-11 15:34:41.705838,2
7945,2649,Created,2026-06-09 17:00:00,5
7946,2649,Dispatched,2026-06-09 23:37:39.458885,5
7947,2649,Delivered,2026-06-12 02:37:31.831063,5
7948,2650,Created,2026-06-09 13:30:00,5
7949,2650,Dispatched,2026-06-09 18:47:55.361490,5
7950,2650,Delivered,2026-06-12 11:15:29.845302,5
7951,2651,Created,2026-06-09 14:15:00,6
7952,2651,Dispatched,2026-06-09 18:08:21.000782,6
7953,2651,Delivered,2026-06-10 06:14:03.377048,6
7954,2652,Created,2026-06-09 11:30:00,1
7955,2652,Dispatched,2026-06-09 12:32:40.511431,1
7956,2652,Delivered,2026-06-12 01:29:54.826660,1
7957,2653,Created,2026-06-09 07:45:00,2
7958,2653,Dispatched,2026-06-09 12:39:26.312035,2
7959,2653,Delivered,2026-06-10 09:33:44.309962,2
7960,2654,Created,2026-06-10 16:15:00,6
7961,2654,Dispatched,2026-06-10 21:29:34.821266,6
7962,2654,Delivered,2026-06-11 15:54:29.590191,6
7963,2655,Created,2026-06-10 16:00:00,5
7964,2655,Dispatched,2026-06-10 17:11:49.816221,5
7965,2655,Delivered,2026-06-13 05:02:21.961295,5
7966,2656,Created,2026-06-10 14:45:00,2
7967,2656,Dispatched,2026-06-10 17:41:18.465207,2
7968,2656,Delivered,2026-06-12 20:47:15.233239,2
7969,2657,Created,2026-06-10 07:00:00,5
7970,2657,Dispatched,2026-06-10 13:03:21.879747,5
7971,2657,Delivered,2026-06-11 10:42:41.001937,5
7972,2658,Created,2026-06-10 18:15:00,3
7973,2658,Dispatched,2026-06-10 21:05:14.534620,3
7974,2658,Delivered,2026-06-11 07:56:32.205747,3
7975,2659,Created,2026-06-10 07:45:00,1
7976,2659,Dispatched,2026-06-10 12:38:23.930351,1
7977,2659,Delivered,2026-06-12 23:24:41.804014,1
7978,2660,Created,2026-06-10 07:00:00,1
7979,2660,Dispatched,2026-06-10 11:48:26.809935,1
7980,2660,Delivered,2026-06-12 17:45:05.732101,1
7981,2661,Created,2026-06-10 07:30:00,5
7982,2661,Dispatched,2026-06-10 11:36:00.420694,5
7983,2661,Delivered,2026-06-11 00:35:14.688047,5
7984,2662,Created,2026-06-10 07:30:00,6
7985,2662,Dispatched,2026-06-10 09:34:38.758441,6
7986,2662,Delivered,2026-06-12 22:03:05.085808,6
7987,2663,Created,2026-06-10 09:30:00,4
7988,2663,Dispatched,2026-06-10 11:29:37.433029,4
7989,2663,Delivered,2026-06-12 12:24:50.265360,4
7990,2664,Created,2026-06-10 10:00:00,3
7991,2664,Dispatched,2026-06-10 14:49:14.845619,3
7992,2664,Delivered,2026-06-11 09:42:54.804461,3
7993,2665,Created,2026-06-10 17:45:00,4
7994,2665,Dispatched,2026-06-10 18:51:43.130958,4
7995,2665,Delivered,2026-06-12 18:27:24.690850,4
7996,2666,Created,2026-06-10 15:45:00,1
7997,2666,Dispatched,2026-06-10 22:17:30.858402,1
7998,2666,Delivered,2026-06-11 06:21:06.461711,1
7999,2667,Created,2026-06-10 15:45:00,5
8000,2667,Dispatched,2026-06-10 16:57:01.444741,5
8001,2667,Delivered,2026-06-13 01:31:34.363420,5
8002,2668,Created,2026-06-10 09:30:00,1
8003,2668,Dispatched,2026-06-10 14:38:02.250045,1
8004,2668,Delivered,2026-06-10 22:10:35.726501,1
8005,2669,Created,2026-06-10 17:30:00,1
8006,2669,Dispatched,2026-06-10 19:52:37.195901,1
8007,2669,Delivered,2026-06-11 10:36:22.887135,1
8008,2670,Created,2026-06-11 13:00:00,1
8009,2670,Dispatched,2026-06-11 15:43:08.034189,1
8010,2670,Delivered,2026-06-14 07:11:03.356268,1
8011,2671,Created,2026-06-11 17:30:00,6
8012,2671,Dispatched,2026-06-11 19:08:57.372923,6
8013,2671,Delivered,2026-06-14 04:06:08.373706,6
8014,2672,Created,2026-06-11 10:00:00,4
8015,2672,Dispatched,2026-06-11 16:04:43.952678,4
8016,2672,Delivered,2026-06-14 04:29:10.435836,4
8017,2673,Created,2026-06-11 12:00:00,1
8018,2673,Dispatched,2026-06-11 13:34:34.719849,1
8019,2673,Delivered,2026-06-14 10:20:45.017200,1
8020,2674,Created,2026-06-11 09:00:00,1
8021,2674,Dispatched,2026-06-11 11:11:23.427524,1
8022,2674,Delivered,2026-06-13 22:48:18.670183,1
8023,2675,Created,2026-06-11 15:15:00,2
8024,2675,Dispatched,2026-06-11 18:53:27.384000,2
8025,2675,Delivered,2026-06-14 13:13:43.848829,2
8026,2676,Created,2026-06-11 14:15:00,1
8027,2676,Dispatched,2026-06-11 20:09:11.360594,1
8028,2676,Delivered,2026-06-12 13:49:24.535678,1
8029,2677,Created,2026-06-11 10:15:00,2
8030,2677,Dispatched,2026-06-11 16:07:12.848825,2
8031,2677,Delivered,2026-06-11 18:21:56.706272,2
8032,2678,Created,2026-06-11 12:00:00,4
8033,2678,Dispatched,2026-06-11 18:34:06.842850,4
8034,2678,Delivered,2026-06-14 12:58:53.320512,4
8035,2679,Created,2026-06-11 17:45:00,5
8036,2679,Dispatched,2026-06-11 19:28:58.865144,5
8037,2679,Delivered,2026-06-14 11:35:20.253339,5
8038,2680,Created,2026-06-11 08:45:00,5
8039,2680,Dispatched,2026-06-11 09:53:51.704907,5
8040,2680,Delivered,2026-06-13 21:18:44.349166,5
8041,2681,Created,2026-06-11 14:30:00,2
8042,2681,Dispatched,2026-06-11 18:52:20.960138,2
8043,2681,Delivered,2026-06-13 21:25:01.908175,2
8044,2682,Created,2026-06-11 17:30:00,1
8045,2682,Dispatched,2026-06-11 21:45:20.342701,1
8046,2682,Delivered,2026-06-11 13:20:56.495610,1
8047,2683,Created,2026-06-11 15:30:00,4
8048,2683,Dispatched,2026-06-11 18:28:26.606246,4
8049,2683,Delivered,2026-06-12 12:26:45.096707,4
8050,2684,Created,2026-06-11 16:15:00,1
8051,2684,Dispatched,2026-06-11 21:57:04.270535,1
8052,2684,Delivered,2026-06-12 17:41:33.387521,1
8053,2685,Created,2026-06-11 17:30:00,1
8054,2685,Dispatched,2026-06-11 21:02:09.542019,1
8055,2685,Delivery Failed,2026-06-11 16:15:07.735129,1
8056,2686,Created,2026-06-11 11:45:00,2
8057,2686,Dispatched,2026-06-11 13:17:54.209907,2
8058,2686,Delivered,2026-06-13 21:10:52.542921,2
8059,2687,Created,2026-06-11 13:15:00,5
8060,2687,Dispatched,2026-06-11 18:57:54.904215,5
8061,2687,Delivered,2026-06-12 01:52:56.869060,5
8062,2688,Created,2026-06-11 14:30:00,4
8063,2688,Dispatched,2026-06-11 15:57:52.401019,4
8064,2688,Delivered,2026-06-13 23:44:52.473534,4
8065,2689,Created,2026-06-12 14:45:00,2
8066,2689,Dispatched,2026-06-12 18:23:04.078117,2
8067,2689,Delivered,2026-06-13 12:49:37.834443,2
8068,2690,Created,2026-06-12 15:00:00,1
8069,2690,Dispatched,2026-06-12 21:11:05.392201,1
8070,2690,Delivered,2026-06-13 05:38:22.155458,1
8071,2691,Created,2026-06-12 08:30:00,1
8072,2691,Dispatched,2026-06-12 11:49:00.382445,1
8073,2691,Delivered,2026-06-14 14:18:47.944129,1
8074,2692,Created,2026-06-12 10:00:00,5
8075,2692,Dispatched,2026-06-12 11:19:53.209051,5
8076,2692,Delivered,2026-06-13 05:58:36.016990,5
8077,2693,Created,2026-06-12 17:45:00,5
8078,2693,Dispatched,2026-06-12 21:51:46.174898,5
8079,2693,Delivered,2026-06-15 11:13:46.746497,5
8080,2694,Created,2026-06-12 11:45:00,5
8081,2694,Dispatched,2026-06-12 13:58:36.125596,5
8082,2694,Delivered,2026-06-14 21:39:20.252460,5
8083,2695,Created,2026-06-12 11:45:00,2
8084,2695,Dispatched,2026-06-12 18:23:10.446405,2
8085,2695,Delivered,2026-06-14 23:19:15.517811,2
8086,2696,Created,2026-06-12 18:30:00,5
8087,2696,Dispatched,2026-06-12 20:15:33.044300,5
8088,2696,Delivered,2026-06-12 14:27:54.800575,5
8089,2697,Created,2026-06-12 13:30:00,1
8090,2697,Dispatched,2026-06-12 15:55:54.367257,1
8091,2697,Delivered,2026-06-14 19:31:30.974080,1
8092,2698,Created,2026-06-12 14:45:00,1
8093,2698,Dispatched,2026-06-12 21:00:34.802941,1
8094,2698,Delivered,2026-06-15 09:40:18.121830,1
8095,2699,Created,2026-06-12 10:00:00,6
8096,2699,Dispatched,2026-06-12 16:50:28.687629,6
8097,2699,Delivered,2026-06-14 15:05:33.708653,6
8098,2700,Created,2026-06-12 13:45:00,5
8099,2700,Dispatched,2026-06-12 19:03:30.494885,5
8100,2700,Delivered,2026-06-12 13:18:03.549491,5
8101,2701,Created,2026-06-12 07:15:00,1
8102,2701,Dispatched,2026-06-12 12:44:54.134800,1
8103,2701,Delivered,2026-06-12 19:53:18.846659,1
8104,2702,Created,2026-06-12 12:30:00,1
8105,2702,Dispatched,2026-06-12 17:53:17.999690,1
8106,2702,Delivered,2026-06-15 00:45:48.799439,1
8107,2703,Created,2026-06-12 13:30:00,4
8108,2703,Dispatched,2026-06-12 19:21:51.492768,4
8109,2703,Delivered,2026-06-16 17:04:09.103481,4
8110,2704,Created,2026-06-12 17:30:00,3
8111,2704,Dispatched,2026-06-12 19:17:57.116934,3
8112,2704,Delivered,2026-06-15 11:57:11.668713,3
8113,2705,Created,2026-06-12 15:45:00,2
8114,2705,Dispatched,2026-06-12 19:31:28.252770,2
8115,2705,Delivered,2026-06-13 15:08:03.117546,2
8116,2706,Created,2026-06-13 18:45:00,5
8117,2706,Dispatched,2026-06-13 22:05:55.168663,5
8118,2706,Delivered,2026-06-14 20:57:05.555653,5
8119,2707,Created,2026-06-13 13:15:00,3
8120,2707,Dispatched,2026-06-13 17:36:18.210375,3
8121,2707,Delivered,2026-06-16 08:20:23.300393,3
8122,2708,Created,2026-06-13 17:45:00,5
8123,2708,Dispatched,2026-06-14 00:15:14.920413,5
8124,2708,Delivered,2026-06-14 00:52:52.986376,5
8125,2709,Created,2026-06-13 17:00:00,2
8126,2709,Dispatched,2026-06-13 18:07:10.246933,2
8127,2709,Delivered,2026-06-16 00:52:26.349319,2
8128,2710,Created,2026-06-13 10:45:00,6
8129,2710,Dispatched,2026-06-13 13:28:39.760357,6
8130,2710,Delivered,2026-06-15 23:43:59.262914,6
8131,2711,Created,2026-06-13 16:30:00,3
8132,2711,Dispatched,2026-06-13 19:24:58.451977,3
8133,2711,Delivered,2026-06-14 21:20:04.050452,3
8134,2712,Created,2026-06-13 07:30:00,1
8135,2712,Dispatched,2026-06-13 09:22:52.589521,1
8136,2712,Delivered,2026-06-15 21:51:17.736841,1
8137,2713,Created,2026-06-13 15:00:00,3
8138,2713,Dispatched,2026-06-13 19:17:19.314771,3
8139,2713,Delivered,2026-06-16 10:19:41.141288,3
8140,2714,Created,2026-06-13 08:15:00,4
8141,2714,Dispatched,2026-06-13 13:36:33.926347,4
8142,2714,Delivered,2026-06-14 01:51:55.554944,4
8143,2715,Created,2026-06-13 17:15:00,4
8144,2715,Dispatched,2026-06-13 22:39:56.278943,4
8145,2715,Delivered,2026-06-16 11:37:31.805289,4
8146,2716,Created,2026-06-13 08:30:00,4
8147,2716,Dispatched,2026-06-13 13:24:31.279297,4
8148,2716,Delivered,2026-06-15 16:21:14.067632,4
8149,2717,Created,2026-06-13 07:15:00,1
8150,2717,Dispatched,2026-06-13 13:47:49.624860,1
8151,2717,Delivered,2026-06-14 09:06:55.182376,1
8152,2718,Created,2026-06-13 08:15:00,5
8153,2718,Dispatched,2026-06-13 13:39:41.162099,5
8154,2718,Delivered,2026-06-15 19:05:14.525588,5
8155,2719,Created,2026-06-13 08:00:00,6
8156,2719,Dispatched,2026-06-13 14:30:11.263186,6
8157,2719,Delivered,2026-06-14 07:08:02.401668,6
8158,2720,Created,2026-06-13 16:30:00,1
8159,2720,Dispatched,2026-06-13 22:20:44.085706,1
8160,2720,Delivered,2026-06-16 02:19:55.427100,1
8161,2721,Created,2026-06-14 15:45:00,3
8162,2721,Dispatched,2026-06-14 19:14:14.466944,3
8163,2721,Delivered,2026-06-15 08:53:07.747190,3
8164,2722,Created,2026-06-14 08:30:00,4
8165,2722,Dispatched,2026-06-14 12:50:18.058389,4
8166,2722,Delivered,2026-06-16 19:12:51.159968,4
8167,2723,Created,2026-06-14 11:30:00,2
8168,2723,Dispatched,2026-06-14 13:37:48.636988,2
8169,2723,Delivered,2026-06-17 01:08:19.115911,2
8170,2724,Created,2026-06-14 17:00:00,3
8171,2724,Dispatched,2026-06-14 19:12:19.993492,3
8172,2724,Delivered,2026-06-14 21:00:06.307515,3
8173,2725,Created,2026-06-14 09:15:00,2
8174,2725,Dispatched,2026-06-14 15:04:43.588608,2
8175,2725,Delivered,2026-06-16 17:04:40.628074,2
8176,2726,Created,2026-06-14 18:15:00,1
8177,2726,Dispatched,2026-06-14 21:56:07.482285,1
8178,2726,Delivered,2026-06-14 11:20:25.599895,1
8179,2727,Created,2026-06-14 08:00:00,5
8180,2727,Dispatched,2026-06-14 14:04:50.167850,5
8181,2727,Delivered,2026-06-15 06:25:31.380626,5
8182,2728,Created,2026-06-14 09:30:00,1
8183,2728,Dispatched,2026-06-14 15:58:50.604763,1
8184,2728,Delivered,2026-06-15 08:57:27.059375,1
8185,2729,Created,2026-06-14 07:00:00,1
8186,2729,Dispatched,2026-06-14 09:00:46.365351,1
8187,2729,Delivered,2026-06-17 05:23:54.486414,1
8188,2730,Created,2026-06-14 08:30:00,6
8189,2730,Dispatched,2026-06-14 15:02:33.490101,6
8190,2730,Delivered,2026-06-17 07:22:37.644947,6
8191,2731,Created,2026-06-14 10:00:00,2
8192,2731,Dispatched,2026-06-14 15:36:58.967950,2
8193,2731,Delivered,2026-06-15 12:16:33.860265,2
8194,2732,Created,2026-06-14 15:30:00,3
8195,2732,Dispatched,2026-06-14 20:31:21.019167,3
8196,2732,Delivered,2026-06-18 14:50:38.287237,3
8197,2733,Created,2026-06-14 07:30:00,1
8198,2733,Dispatched,2026-06-14 12:48:54.325701,1
8199,2733,Delivered,2026-06-15 02:21:30.903171,1
8200,2734,Created,2026-06-14 14:15:00,3
8201,2734,Dispatched,2026-06-14 16:06:01.387675,3
8202,2734,Delivered,2026-06-16 22:23:09.413259,3
8203,2735,Created,2026-06-14 10:30:00,5
8204,2735,Dispatched,2026-06-14 14:41:28.783326,5
8205,2735,Delivered,2026-06-17 08:38:08.600495,5
8206,2736,Created,2026-06-14 18:30:00,1
8207,2736,Dispatched,2026-06-14 22:45:32.818215,1
8208,2736,Delivered,2026-06-15 21:26:00.525627,1
8209,2737,Created,2026-06-14 18:00:00,1
8210,2737,Dispatched,2026-06-14 22:15:09.780612,1
8211,2737,Delivered,2026-06-15 18:02:38.606278,1
8212,2738,Created,2026-06-15 18:45:00,3
8213,2738,Dispatched,2026-06-15 21:34:25.695467,3
8214,2738,Delivered,2026-06-18 02:19:07.867776,3
8215,2739,Created,2026-06-15 12:00:00,5
8216,2739,Dispatched,2026-06-15 14:02:17.983964,5
8217,2739,Delivered,2026-06-18 01:42:08.072221,5
8218,2740,Created,2026-06-15 14:45:00,3
8219,2740,Dispatched,2026-06-15 19:31:49.621097,3
8220,2740,Delivered,2026-06-16 12:37:03.452430,3
8221,2741,Created,2026-06-15 15:30:00,2
8222,2741,Dispatched,2026-06-15 18:59:51.011916,2
8223,2741,Delivered,2026-06-16 18:21:28.093538,2
8224,2742,Created,2026-06-15 17:00:00,3
8225,2742,Dispatched,2026-06-15 19:53:56.818823,3
8226,2742,Delivered,2026-06-18 12:40:25.816042,3
8227,2743,Created,2026-06-15 08:30:00,2
8228,2743,Dispatched,2026-06-15 15:09:53.986943,2
8229,2743,Delivered,2026-06-17 14:59:30.258386,2
8230,2744,Created,2026-06-15 18:30:00,4
8231,2744,Dispatched,2026-06-15 19:52:18.052119,4
8232,2744,Delivered,2026-06-17 20:37:53.743816,4
8233,2745,Created,2026-06-15 09:15:00,6
8234,2745,Dispatched,2026-06-15 10:24:42.989548,6
8235,2745,Delivered,2026-06-16 04:01:41.724808,6
8236,2746,Created,2026-06-15 13:15:00,4
8237,2746,Dispatched,2026-06-15 15:20:55.213911,4
8238,2746,Delivered,2026-06-16 05:18:07.360029,4
8239,2747,Created,2026-06-15 18:00:00,4
8240,2747,Dispatched,2026-06-16 00:18:07.132068,4
8241,2747,Delivered,2026-06-16 13:49:28.877654,4
8242,2748,Created,2026-06-15 18:00:00,1
8243,2748,Dispatched,2026-06-15 19:08:08.777906,1
8244,2748,Delivered,2026-06-16 12:12:54.826052,1
8245,2749,Created,2026-06-15 16:45:00,5
8246,2749,Dispatched,2026-06-15 22:03:24.563935,5
8247,2749,Delivered,2026-06-15 17:52:09.429384,5
8248,2750,Created,2026-06-15 08:15:00,1
8249,2750,Dispatched,2026-06-15 12:09:37.827887,1
8250,2750,Delivered,2026-06-17 18:00:38.879641,1
8251,2751,Created,2026-06-15 13:30:00,5
8252,2751,Dispatched,2026-06-15 18:24:11.690068,5
8253,2751,Delivered,2026-06-18 12:14:14.825989,5
8254,2752,Created,2026-06-15 15:15:00,4
8255,2752,Dispatched,2026-06-15 19:57:10.865357,4
8256,2752,Delivered,2026-06-16 05:06:11.574165,4
8257,2753,Created,2026-06-15 16:30:00,6
8258,2753,Dispatched,2026-06-15 17:37:38.235711,6
8259,2753,Delivered,2026-06-16 04:30:52.503561,6
8260,2754,Created,2026-06-15 14:30:00,6
8261,2754,Dispatched,2026-06-15 20:28:02.011352,6
8262,2754,Delivered,2026-06-18 06:57:06.393815,6
8263,2755,Created,2026-06-15 11:30:00,5
8264,2755,Dispatched,2026-06-15 13:04:56.319928,5
8265,2755,Delivered,2026-06-15 10:51:40.794520,5
8266,2756,Created,2026-06-15 10:45:00,1
8267,2756,Dispatched,2026-06-15 15:49:33.594080,1
8268,2756,Delivered,2026-06-16 10:51:18.164665,1
8269,2757,Created,2026-06-16 09:00:00,3
8270,2757,Dispatched,2026-06-16 10:03:34.997249,3
8271,2757,Delivered,2026-06-18 21:16:37.652661,3
8272,2758,Created,2026-06-16 15:30:00,4
8273,2758,Dispatched,2026-06-16 19:01:33.412378,4
8274,2758,Delivered,2026-06-19 07:56:53.066854,4
8275,2759,Created,2026-06-16 18:30:00,5
8276,2759,Dispatched,2026-06-16 20:19:56.560355,5
8277,2759,Delivered,2026-06-16 11:05:52.781382,5
8278,2760,Created,2026-06-16 07:15:00,3
8279,2760,Dispatched,2026-06-16 11:18:42.049102,3
8280,2760,Delivered,2026-06-18 15:20:28.702960,3
8281,2761,Created,2026-06-16 12:30:00,2
8282,2761,Dispatched,2026-06-16 13:43:10.416994,2
8283,2761,Delivered,2026-06-19 08:43:28.376746,2
8284,2762,Created,2026-06-16 07:00:00,3
8285,2762,Dispatched,2026-06-16 10:11:21.441136,3
8286,2762,Delivered,2026-06-19 01:59:41.809301,3
8287,2763,Created,2026-06-16 18:30:00,2
8288,2763,Dispatched,2026-06-16 20:01:56.918495,2
8289,2763,Delivered,2026-06-19 08:13:57.402204,2
8290,2764,Created,2026-06-16 08:45:00,1
8291,2764,Dispatched,2026-06-16 11:40:03.626354,1
8292,2764,Delivered,2026-06-19 06:46:25.526721,1
8293,2765,Created,2026-06-16 13:00:00,5
8294,2765,Dispatched,2026-06-16 19:19:47.814666,5
8295,2765,Delivered,2026-06-18 23:20:47.848651,5
8296,2766,Created,2026-06-16 16:30:00,2
8297,2766,Dispatched,2026-06-16 22:32:49.830446,2
8298,2766,Delivered,2026-06-16 22:10:04.758868,2
8299,2767,Created,2026-06-16 12:15:00,3
8300,2767,Dispatched,2026-06-16 16:33:32.259891,3
8301,2767,Delivered,2026-06-19 10:09:16.809633,3
8302,2768,Created,2026-06-17 15:30:00,4
8303,2768,Dispatched,2026-06-17 17:43:04.721419,4
8304,2768,Delivered,2026-06-21 03:07:42.554333,4
8305,2769,Created,2026-06-17 18:30:00,4
8306,2769,Dispatched,2026-06-17 21:09:47.403439,4
8307,2769,Delivered,2026-06-18 00:05:13.580826,4
8308,2770,Created,2026-06-17 17:15:00,3
8309,2770,Dispatched,2026-06-17 18:30:24.291735,3
8310,2770,Delivered,2026-06-17 17:59:01.777562,3
8311,2771,Created,2026-06-17 13:30:00,2
8312,2771,Dispatched,2026-06-17 19:42:20.056389,2
8313,2771,Delivered,2026-06-18 09:42:17.457679,2
8314,2772,Created,2026-06-17 08:15:00,1
8315,2772,Dispatched,2026-06-17 14:38:51.019004,1
8316,2772,Delivered,2026-06-20 04:52:12.738994,1
8317,2773,Created,2026-06-17 09:30:00,3
8318,2773,Dispatched,2026-06-17 10:45:11.332067,3
8319,2773,Delivered,2026-06-20 03:41:15.385570,3
8320,2774,Created,2026-06-17 12:45:00,6
8321,2774,Dispatched,2026-06-17 15:24:13.485846,6
8322,2774,Delivered,2026-06-19 20:57:37.962099,6
8323,2775,Created,2026-06-17 16:00:00,1
8324,2775,Dispatched,2026-06-17 22:39:11.888017,1
8325,2775,Delivered,2026-06-18 05:05:39.615104,1
8326,2776,Created,2026-06-17 15:00:00,6
8327,2776,Dispatched,2026-06-17 17:26:49.787449,6
8328,2776,Delivered,2026-06-18 14:35:32.669740,6
8329,2777,Created,2026-06-17 14:45:00,4
8330,2777,Dispatched,2026-06-17 21:41:00.019959,4
8331,2777,Delivered,2026-06-18 14:58:52.986442,4
8332,2778,Created,2026-06-17 18:45:00,2
8333,2778,Dispatched,2026-06-17 23:31:48.063688,2
8334,2778,Delivered,2026-06-18 01:56:04.767012,2
8335,2779,Created,2026-06-17 11:00:00,1
8336,2779,Dispatched,2026-06-17 17:19:33.093696,1
8337,2779,Delivered,2026-06-19 18:56:03.733333,1
8338,2780,Created,2026-06-17 18:00:00,4
8339,2780,Dispatched,2026-06-18 00:57:25.473361,4
8340,2780,Delivered,2026-06-17 14:42:08.748096,4
8341,2781,Created,2026-06-17 11:15:00,4
8342,2781,Dispatched,2026-06-17 16:09:06.524225,4
8343,2781,Delivered,2026-06-18 05:58:10.466433,4
8344,2782,Created,2026-06-17 15:45:00,1
8345,2782,Dispatched,2026-06-17 17:15:34.304037,1
8346,2782,Delivered,2026-06-20 14:28:02.032060,1
8347,2783,Created,2026-06-17 16:30:00,4
8348,2783,Dispatched,2026-06-17 19:40:44.340412,4
8349,2783,Delivered,2026-06-17 21:37:31.595871,4
8350,2784,Created,2026-06-17 17:45:00,5
8351,2784,Dispatched,2026-06-17 23:18:31.911902,5
8352,2784,Delivered,2026-06-18 10:41:43.336381,5
8353,2785,Created,2026-06-17 16:30:00,6
8354,2785,Dispatched,2026-06-17 19:04:01.456046,6
8355,2785,Delivered,2026-06-18 20:51:38.669068,6
8356,2786,Created,2026-06-17 17:45:00,3
8357,2786,Dispatched,2026-06-17 22:17:08.518893,3
8358,2786,Delivered,2026-06-17 21:00:39.931464,3
8359,2787,Created,2026-06-17 11:45:00,1
8360,2787,Dispatched,2026-06-17 17:53:49.807584,1
8361,2787,Delivered,2026-06-18 00:45:38.347932,1
8362,2788,Created,2026-06-18 08:30:00,6
8363,2788,Dispatched,2026-06-18 14:43:43.829743,6
8364,2788,Delivered,2026-06-19 02:12:29.602785,6
8365,2789,Created,2026-06-18 18:00:00,2
8366,2789,Dispatched,2026-06-18 23:24:55.231062,2
8367,2789,Delivered,2026-06-20 22:07:04.785022,2
8368,2790,Created,2026-06-18 11:45:00,6
8369,2790,Dispatched,2026-06-18 15:30:37.208961,6
8370,2790,Delivered,2026-06-19 02:14:16.670542,6
8371,2791,Created,2026-06-18 13:15:00,1
8372,2791,Dispatched,2026-06-18 18:59:32.405508,1
8373,2791,Delivered,2026-06-20 23:39:24.804445,1
8374,2792,Created,2026-06-18 10:45:00,6
8375,2792,Dispatched,2026-06-18 12:18:59.604878,6
8376,2792,Delivered,2026-06-18 09:02:35.557845,6
8377,2793,Created,2026-06-18 15:45:00,2
8378,2793,Dispatched,2026-06-18 22:15:45.690938,2
8379,2793,Delivered,2026-06-19 08:48:08.571601,2
8380,2794,Created,2026-06-18 14:45:00,5
8381,2794,Dispatched,2026-06-18 18:25:05.182902,5
8382,2794,Delivered,2026-06-21 06:07:01.693339,5
8383,2795,Created,2026-06-18 10:00:00,4
8384,2795,Dispatched,2026-06-18 11:30:11.858713,4
8385,2795,Delivered,2026-06-20 04:54:14.572007,4
8386,2796,Created,2026-06-18 10:00:00,2
8387,2796,Dispatched,2026-06-18 14:57:19.636516,2
8388,2796,Delivered,2026-06-19 03:00:11.620038,2
8389,2797,Created,2026-06-18 08:00:00,4
8390,2797,Dispatched,2026-06-18 14:06:24.320644,4
8391,2797,Delivered,2026-06-18 11:50:18.134574,4
8392,2798,Created,2026-06-18 09:00:00,3
8393,2798,Dispatched,2026-06-18 11:30:30.241190,3
8394,2798,Delivered,2026-06-21 07:15:29.391565,3
8395,2799,Created,2026-06-18 11:45:00,6
8396,2799,Dispatched,2026-06-18 17:42:36.696137,6
8397,2799,Delivered,2026-06-19 14:13:38.058792,6
8398,2800,Created,2026-06-18 18:00:00,6
8399,2800,Dispatched,2026-06-19 00:12:03.458364,6
8400,2800,Delivered,2026-06-19 09:50:45.075885,6
8401,2801,Created,2026-06-18 11:00:00,3
8402,2801,Dispatched,2026-06-18 15:51:07.462220,3
8403,2801,Delivered,2026-06-21 06:23:07.777333,3
8404,2802,Created,2026-06-19 11:00:00,3
8405,2802,Dispatched,2026-06-19 14:40:26.581474,3
8406,2802,Delivered,2026-06-21 20:40:48.213965,3
8407,2803,Created,2026-06-19 17:30:00,4
8408,2803,Dispatched,2026-06-19 22:07:19.790319,4
8409,2803,Delivered,2026-06-22 16:28:51.787124,4
8410,2804,Created,2026-06-19 12:00:00,1
8411,2804,Dispatched,2026-06-19 13:02:58.938506,1
8412,2804,Delivered,2026-06-20 03:07:11.128688,1
8413,2805,Created,2026-06-19 18:00:00,3
8414,2805,Dispatched,2026-06-20 00:34:01.521319,3
8415,2805,Delivered,2026-06-22 19:10:27.718796,3
8416,2806,Created,2026-06-19 16:45:00,5
8417,2806,Dispatched,2026-06-19 17:55:40.771245,5
8418,2806,Delivered,2026-06-19 12:49:48.524159,5
8419,2807,Created,2026-06-19 14:00:00,4
8420,2807,Dispatched,2026-06-19 16:58:25.352421,4
8421,2807,Delivered,2026-06-20 06:52:52.953264,4
8422,2808,Created,2026-06-19 12:45:00,3
8423,2808,Dispatched,2026-06-19 16:30:04.998849,3
8424,2808,Delivered,2026-06-20 00:51:26.157529,3
8425,2809,Created,2026-06-19 10:00:00,4
8426,2809,Dispatched,2026-06-19 15:43:29.654200,4
8427,2809,Delivered,2026-06-21 16:54:39.345025,4
8428,2810,Created,2026-06-19 14:45:00,5
8429,2810,Dispatched,2026-06-19 20:16:28.470720,5
8430,2810,Delivered,2026-06-20 18:13:02.660241,5
8431,2811,Created,2026-06-19 09:45:00,1
8432,2811,Dispatched,2026-06-19 16:32:54.143582,1
8433,2811,Delivered,2026-06-22 02:11:09.347365,1
8434,2812,Created,2026-06-19 17:30:00,5
8435,2812,Dispatched,2026-06-19 19:32:07.421210,5
8436,2812,Delivered,2026-06-22 10:42:12.645277,5
8437,2813,Created,2026-06-19 15:45:00,6
8438,2813,Dispatched,2026-06-19 17:10:43.104754,6
8439,2813,Delivered,2026-06-20 19:35:35.515962,6
8440,2814,Created,2026-06-19 14:45:00,1
8441,2814,Dispatched,2026-06-19 19:54:59.671264,1
8442,2814,Delivered,2026-06-20 08:32:55.667389,1
8443,2815,Created,2026-06-19 14:15:00,4
8444,2815,Dispatched,2026-06-19 20:32:46.174886,4
8445,2815,Delivered,2026-06-21 20:27:33.501566,4
8446,2816,Created,2026-06-19 08:45:00,5
8447,2816,Dispatched,2026-06-19 14:12:23.717566,5
8448,2816,Delivered,2026-06-20 05:16:10.869457,5
8449,2817,Created,2026-06-19 12:30:00,3
8450,2817,Dispatched,2026-06-19 13:50:18.291663,3
8451,2817,Delivered,2026-06-21 20:28:28.561179,3
8452,2818,Created,2026-06-19 10:15:00,3
8453,2818,Dispatched,2026-06-19 13:53:41.158614,3
8454,2818,Delivered,2026-06-20 09:24:01.789314,3
8455,2819,Created,2026-06-19 17:30:00,6
8456,2819,Dispatched,2026-06-19 21:09:53.992662,6
8457,2819,Delivered,2026-06-21 23:49:53.982723,6
8458,2820,Created,2026-06-19 10:00:00,3
8459,2820,Dispatched,2026-06-19 14:20:17.396500,3
8460,2820,Delivered,2026-06-21 17:06:28.707001,3
8461,2821,Created,2026-06-19 13:00:00,3
8462,2821,Dispatched,2026-06-19 19:29:43.620314,3
8463,2821,Delivered,2026-06-20 21:53:09.651487,3
8464,2822,Created,2026-06-19 16:00:00,1
8465,2822,Dispatched,2026-06-19 18:12:13.802568,1
8466,2822,Delivered,2026-06-20 11:50:29.132900,1
8467,2823,Created,2026-06-19 13:45:00,4
8468,2823,Dispatched,2026-06-19 19:27:41.444682,4
8469,2823,Delivered,2026-06-20 21:03:39.827719,4
8470,2824,Created,2026-06-19 10:00:00,6
8471,2824,Dispatched,2026-06-19 15:32:20.377485,6
8472,2824,Delivered,2026-06-21 18:24:02.428882,6
8473,2825,Created,2026-06-20 10:15:00,1
8474,2825,Dispatched,2026-06-20 11:17:35.504190,1
8475,2825,Delivered,2026-06-21 14:19:37.297685,1
8476,2826,Created,2026-06-20 12:30:00,2
8477,2826,Dispatched,2026-06-20 16:01:56.500879,2
8478,2826,Delivered,2026-06-21 03:31:01.993949,2
8479,2827,Created,2026-06-20 18:00:00,5
8480,2827,Dispatched,2026-06-20 21:02:55.670477,5
8481,2827,Delivered,2026-06-23 05:26:21.807005,5
8482,2828,Created,2026-06-20 16:00:00,5
8483,2828,Dispatched,2026-06-20 18:39:59.976740,5
8484,2828,Delivered,2026-06-23 01:51:19.374899,5
8485,2829,Created,2026-06-20 12:15:00,4
8486,2829,Dispatched,2026-06-20 15:20:52.627622,4
8487,2829,Delivered,2026-06-25 06:51:23.476525,4
8488,2830,Created,2026-06-20 16:15:00,1
8489,2830,Dispatched,2026-06-20 18:21:13.139525,1
8490,2830,Delivered,2026-06-21 17:09:29.332610,1
8491,2831,Created,2026-06-20 09:00:00,1
8492,2831,Dispatched,2026-06-20 13:35:08.754641,1
8493,2831,Delivered,2026-06-20 08:55:15.379956,1
8494,2832,Created,2026-06-20 15:00:00,2
8495,2832,Dispatched,2026-06-20 21:43:19.338436,2
8496,2832,Delivered,2026-06-23 07:55:29.665156,2
8497,2833,Created,2026-06-20 18:00:00,4
8498,2833,Dispatched,2026-06-20 23:53:12.151593,4
8499,2833,Delivered,2026-06-21 18:53:35.824017,4
8500,2834,Created,2026-06-20 11:45:00,6
8501,2834,Dispatched,2026-06-20 16:55:26.973608,6
8502,2834,Delivered,2026-06-21 09:24:37.499788,6
8503,2835,Created,2026-06-20 18:30:00,2
8504,2835,Dispatched,2026-06-20 21:52:21.936851,2
8505,2835,Delivered,2026-06-21 12:13:47.003605,2
8506,2836,Created,2026-06-20 18:15:00,1
8507,2836,Dispatched,2026-06-20 22:32:26.020065,1
8508,2836,Delivered,2026-06-23 13:13:08.544197,1
8509,2837,Created,2026-06-20 13:15:00,3
8510,2837,Dispatched,2026-06-20 18:57:16.417294,3
8511,2837,Delivered,2026-06-22 04:10:11.302154,3
8512,2838,Created,2026-06-20 11:00:00,2
8513,2838,Dispatched,2026-06-20 17:07:41.530603,2
8514,2838,Delivered,2026-06-21 10:27:14.521405,2
8515,2839,Created,2026-06-20 10:30:00,1
8516,2839,Dispatched,2026-06-20 12:29:08.380428,1
8517,2839,Delivered,2026-06-21 05:10:07.083412,1
8518,2840,Created,2026-06-20 12:00:00,1
8519,2840,Dispatched,2026-06-20 18:33:25.268383,1
8520,2840,Delivered,2026-06-21 15:16:29.042591,1
8521,2841,Created,2026-06-21 08:15:00,1
8522,2841,Dispatched,2026-06-21 12:38:57.962954,1
8523,2841,Delivered,2026-06-22 09:31:59.934685,1
8524,2842,Created,2026-06-21 10:00:00,3
8525,2842,Dispatched,2026-06-21 13:42:16.012811,3
8526,2842,Delivered,2026-06-21 17:14:03.901798,3
8527,2843,Created,2026-06-21 08:30:00,4
8528,2843,Dispatched,2026-06-21 12:51:07.620478,4
8529,2843,Delivered,2026-06-24 02:41:17.891796,4
8530,2844,Created,2026-06-21 13:30:00,1
8531,2844,Dispatched,2026-06-21 15:56:10.319484,1
8532,2844,Delivered,2026-06-22 13:08:02.061416,1
8533,2845,Created,2026-06-21 12:15:00,2
8534,2845,Dispatched,2026-06-21 17:25:10.149166,2
8535,2845,Delivered,2026-06-24 00:19:05.245793,2
8536,2846,Created,2026-06-21 15:00:00,1
8537,2846,Dispatched,2026-06-21 21:10:28.718203,1
8538,2846,Delivered,2026-06-21 14:14:24.023235,1
8539,2847,Created,2026-06-21 15:15:00,1
8540,2847,Dispatched,2026-06-21 18:46:12.788092,1
8541,2847,Delivered,2026-06-24 07:34:58.995792,1
8542,2848,Created,2026-06-21 16:30:00,4
8543,2848,Dispatched,2026-06-21 18:52:19.128678,4
8544,2848,Delivered,2026-06-22 07:29:42.218202,4
8545,2849,Created,2026-06-21 08:15:00,1
8546,2849,Dispatched,2026-06-21 14:24:13.489793,1
8547,2849,Delivered,2026-06-23 22:13:34.575211,1
8548,2850,Created,2026-06-21 08:45:00,3
8549,2850,Dispatched,2026-06-21 12:46:58.469537,3
8550,2850,Delivery Failed,2026-06-24 06:15:28.047054,3
8551,2851,Created,2026-06-21 17:30:00,3
8552,2851,Dispatched,2026-06-21 22:01:21.526365,3
8553,2851,Delivered,2026-06-22 14:46:08.646987,3
8554,2852,Created,2026-06-21 11:15:00,1
8555,2852,Dispatched,2026-06-21 17:37:53.853674,1
8556,2852,Delivered,2026-06-24 02:08:36.927142,1
8557,2853,Created,2026-06-21 13:45:00,1
8558,2853,Dispatched,2026-06-21 18:42:04.299136,1
8559,2853,Delivered,2026-06-21 17:49:23.439702,1
8560,2854,Created,2026-06-21 18:30:00,1
8561,2854,Dispatched,2026-06-21 22:03:04.950386,1
8562,2854,Delivered,2026-06-24 17:22:08.450598,1
8563,2855,Created,2026-06-21 07:30:00,1
8564,2855,Dispatched,2026-06-21 10:31:12.643416,1
8565,2855,Delivered,2026-06-21 11:02:48.725859,1
8566,2856,Created,2026-06-21 16:45:00,1
8567,2856,Dispatched,2026-06-21 23:07:57.542769,1
8568,2856,Delivered,2026-06-22 19:48:50.286804,1
8569,2857,Created,2026-06-21 13:45:00,3
8570,2857,Dispatched,2026-06-21 20:44:34.608608,3
8571,2857,Delivered,2026-06-24 01:04:53.092282,3
8572,2858,Created,2026-06-21 15:15:00,5
8573,2858,Dispatched,2026-06-21 19:47:27.739974,5
8574,2858,Delivered,2026-06-24 12:15:56.891765,5
8575,2859,Created,2026-06-21 10:00:00,2
8576,2859,Dispatched,2026-06-21 13:23:43.684858,2
8577,2859,Delivered,2026-06-23 13:22:30.118299,2
8578,2860,Created,2026-06-21 17:30:00,4
8579,2860,Dispatched,2026-06-21 21:18:15.435498,4
8580,2860,Delivered,2026-06-22 10:39:42.322784,4
8581,2861,Created,2026-06-22 13:00:00,2
8582,2861,Dispatched,2026-06-22 17:35:02.059776,2
8583,2861,Delivered,2026-06-25 08:34:58.870134,2
8584,2862,Created,2026-06-22 10:30:00,1
8585,2862,Dispatched,2026-06-22 11:48:16.827592,1
8586,2862,Delivered,2026-06-25 00:05:34.667204,1
8587,2863,Created,2026-06-22 13:15:00,1
8588,2863,Dispatched,2026-06-22 18:46:16.946318,1
8589,2863,Delivered,2026-06-23 10:51:56.402273,1
8590,2864,Created,2026-06-22 07:15:00,3
8591,2864,Dispatched,2026-06-22 11:23:19.559017,3
8592,2864,Delivered,2026-06-26 09:09:26.307413,3
8593,2865,Created,2026-06-22 07:00:00,4
8594,2865,Dispatched,2026-06-22 08:39:25.332423,4
8595,2865,Delivered,2026-06-25 19:53:45.249942,4
8596,2866,Created,2026-06-22 15:00:00,2
8597,2866,Dispatched,2026-06-22 18:37:44.219683,2
8598,2866,Delivered,2026-06-24 10:12:45.624975,2
8599,2867,Created,2026-06-22 15:30:00,6
8600,2867,Dispatched,2026-06-22 17:07:55.116610,6
8601,2867,Delivered,2026-06-25 00:50:34.022181,6
8602,2868,Created,2026-06-22 08:15:00,1
8603,2868,Dispatched,2026-06-22 11:40:39.341152,1
8604,2868,Delivered,2026-06-25 07:09:25.831853,1
8605,2869,Created,2026-06-22 09:15:00,5
8606,2869,Dispatched,2026-06-22 12:59:44.619237,5
8607,2869,Delivered,2026-06-25 00:39:15.208614,5
8608,2870,Created,2026-06-22 16:45:00,6
8609,2870,Dispatched,2026-06-22 17:58:04.895765,6
8610,2870,Delivered,2026-06-25 11:30:02.481636,6
8611,2871,Created,2026-06-22 07:00:00,6
8612,2871,Dispatched,2026-06-22 09:30:54.248697,6
8613,2871,Delivery Failed,2026-06-24 23:27:33.157658,6
8614,2872,Created,2026-06-22 11:15:00,2
8615,2872,Dispatched,2026-06-22 15:21:26.543711,2
8616,2872,Delivered,2026-06-25 06:18:22.179589,2
8617,2873,Created,2026-06-22 12:00:00,3
8618,2873,Dispatched,2026-06-22 13:23:42.848349,3
8619,2873,Delivered,2026-06-25 03:55:32.771320,3
8620,2874,Created,2026-06-22 12:45:00,2
8621,2874,Dispatched,2026-06-22 19:34:32.504569,2
8622,2874,Delivered,2026-06-26 12:09:48.334462,2
8623,2875,Created,2026-06-22 16:15:00,5
8624,2875,Dispatched,2026-06-22 19:31:06.928066,5
8625,2875,Delivery Failed,2026-06-23 22:05:02.502589,5
8626,2876,Created,2026-06-22 09:00:00,2
8627,2876,Dispatched,2026-06-22 15:21:30.617768,2
8628,2876,Delivered,2026-06-23 05:25:07.856847,2
8629,2877,Created,2026-06-22 11:00:00,4
8630,2877,Dispatched,2026-06-22 13:50:31.936374,4
8631,2877,Delivered,2026-06-26 11:49:20.916867,4
8632,2878,Created,2026-06-22 07:15:00,3
8633,2878,Dispatched,2026-06-22 13:08:25.055839,3
8634,2878,Delivered,2026-06-23 00:49:11.968178,3
8635,2879,Created,2026-06-22 08:30:00,4
8636,2879,Dispatched,2026-06-22 11:55:52.671608,4
8637,2879,Delivered,2026-06-22 01:08:17.414295,4
8638,2880,Created,2026-06-22 17:30:00,3
8639,2880,Dispatched,2026-06-22 23:12:53.404784,3
8640,2880,Delivered,2026-06-22 23:06:18.840794,3
8641,2881,Created,2026-06-22 18:00:00,3
8642,2881,Dispatched,2026-06-23 00:58:20.998457,3
8643,2881,Delivered,2026-06-25 13:25:10.531318,3
8644,2882,Created,2026-06-22 12:00:00,1
8645,2882,Dispatched,2026-06-22 15:30:09.153332,1
8646,2882,Delivered,2026-06-25 03:50:45.884534,1
8647,2883,Created,2026-06-23 13:45:00,1
8648,2883,Dispatched,2026-06-23 17:45:46.309483,1
8649,2883,Delivered,2026-06-24 11:19:15.045630,1
8650,2884,Created,2026-06-23 09:00:00,2
8651,2884,Dispatched,2026-06-23 13:12:02.082344,2
8652,2884,Delivered,2026-06-26 04:43:34.212407,2
8653,2885,Created,2026-06-23 09:00:00,2
8654,2885,Dispatched,2026-06-23 14:31:03.050330,2
8655,2885,Delivered,2026-06-26 04:45:47.885213,2
8656,2886,Created,2026-06-23 07:15:00,2
8657,2886,Dispatched,2026-06-23 12:22:27.027451,2
8658,2886,Delivered,2026-06-25 17:34:37.260320,2
8659,2887,Created,2026-06-23 12:00:00,3
8660,2887,Dispatched,2026-06-23 18:29:51.858948,3
8661,2887,Delivered,2026-06-24 04:13:41.486247,3
8662,2888,Created,2026-06-23 15:45:00,2
8663,2888,Dispatched,2026-06-23 17:38:40.937895,2
8664,2888,Delivery Failed,2026-06-24 06:48:02.595587,2
8665,2889,Created,2026-06-23 14:00:00,3
8666,2889,Dispatched,2026-06-23 19:45:12.865347,3
8667,2889,Delivered,2026-06-24 03:31:47.294605,3
8668,2890,Created,2026-06-23 09:45:00,3
8669,2890,Dispatched,2026-06-23 13:01:43.794649,3
8670,2890,Delivered,2026-06-24 05:47:01.696515,3
8671,2891,Created,2026-06-23 08:15:00,2
8672,2891,Dispatched,2026-06-23 10:40:58.037769,2
8673,2891,Delivered,2026-06-24 09:53:50.819916,2
8674,2892,Created,2026-06-23 12:00:00,2
8675,2892,Dispatched,2026-06-23 15:39:37.446608,2
8676,2892,Delivered,2026-06-25 22:54:38.926719,2
8677,2893,Created,2026-06-23 14:45:00,1
8678,2893,Dispatched,2026-06-23 20:36:25.812315,1
8679,2893,Delivered,2026-06-26 03:41:32.395185,1
8680,2894,Created,2026-06-23 14:45:00,1
8681,2894,Dispatched,2026-06-23 20:57:48.161601,1
8682,2894,Delivered,2026-06-26 13:21:51.201984,1
8683,2895,Created,2026-06-23 18:30:00,2
8684,2895,Dispatched,2026-06-23 19:54:56.195264,2
8685,2895,Delivered,2026-06-24 07:13:37.539228,2
8686,2896,Created,2026-06-23 15:00:00,3
8687,2896,Dispatched,2026-06-23 19:32:31.819963,3
8688,2896,Delivered,2026-06-25 01:25:53.523750,3
8689,2897,Created,2026-06-23 15:30:00,1
8690,2897,Dispatched,2026-06-23 17:43:54.473476,1
8691,2897,Delivered,2026-06-26 00:27:48.419127,1
8692,2898,Created,2026-06-23 10:45:00,1
8693,2898,Dispatched,2026-06-23 14:02:46.486313,1
8694,2898,Delivered,2026-06-24 02:41:32.481586,1
8695,2899,Created,2026-06-23 07:45:00,1
8696,2899,Dispatched,2026-06-23 10:22:48.406845,1
8697,2899,Delivered,2026-06-25 14:47:34.407797,1
8698,2900,Created,2026-06-24 14:15:00,1
8699,2900,Dispatched,2026-06-24 18:56:10.893817,1
8700,2900,Delivered,2026-06-24 16:59:57.042486,1
8701,2901,Created,2026-06-24 15:30:00,1
8702,2901,Dispatched,2026-06-24 20:42:59.894513,1
8703,2901,Delivered,2026-06-27 08:10:39.226098,1
8704,2902,Created,2026-06-24 12:00:00,3
8705,2902,Dispatched,2026-06-24 15:46:37.332117,3
8706,2902,Delivered,2026-06-25 14:10:11.377046,3
8707,2903,Created,2026-06-24 10:00:00,2
8708,2903,Dispatched,2026-06-24 15:58:52.947405,2
8709,2903,Delivered,2026-06-27 06:06:33.807372,2
8710,2904,Created,2026-06-24 14:15:00,1
8711,2904,Dispatched,2026-06-24 15:53:13.838093,1
8712,2904,Delivered,2026-06-25 02:57:02.955027,1
8713,2905,Created,2026-06-24 15:00:00,1
8714,2905,Dispatched,2026-06-24 19:54:53.982952,1
8715,2905,Delivered,2026-06-28 12:05:32.223278,1
8716,2906,Created,2026-06-24 09:00:00,4
8717,2906,Dispatched,2026-06-24 13:46:23.123659,4
8718,2906,Delivered,2026-06-28 01:32:46.948432,4
8719,2907,Created,2026-06-24 07:45:00,4
8720,2907,Dispatched,2026-06-24 14:03:35.717240,4
8721,2907,Delivered,2026-06-26 22:53:19.078267,4
8722,2908,Created,2026-06-24 13:30:00,5
8723,2908,Dispatched,2026-06-24 15:06:01.144464,5
8724,2908,Delivered,2026-06-26 22:48:26.571453,5
8725,2909,Created,2026-06-24 10:00:00,5
8726,2909,Dispatched,2026-06-24 12:17:51.890642,5
8727,2909,Delivered,2026-06-24 15:56:26.598115,5
8728,2910,Created,2026-06-24 13:45:00,5
8729,2910,Dispatched,2026-06-24 16:27:51.474011,5
8730,2910,Delivered,2026-06-25 05:49:13.765560,5
8731,2911,Created,2026-06-25 18:30:00,1
8732,2911,Dispatched,2026-06-25 22:00:38.723914,1
8733,2911,Delivered,2026-06-25 15:01:43.637102,1
8734,2912,Created,2026-06-25 11:30:00,1
8735,2912,Dispatched,2026-06-25 18:05:08.677605,1
8736,2912,Delivered,2026-06-27 20:45:20.536127,1
8737,2913,Created,2026-06-25 16:00:00,1
8738,2913,Dispatched,2026-06-25 18:16:24.003994,1
8739,2913,Delivered,2026-06-28 03:25:24.058781,1
8740,2914,Created,2026-06-25 07:15:00,1
8741,2914,Dispatched,2026-06-25 09:11:06.543364,1
8742,2914,Delivered,2026-06-27 21:24:56.174267,1
8743,2915,Created,2026-06-25 07:45:00,1
8744,2915,Dispatched,2026-06-25 12:08:18.526722,1
8745,2915,Delivered,2026-06-27 23:29:24.081850,1
8746,2916,Created,2026-06-25 17:15:00,4
8747,2916,Dispatched,2026-06-25 23:44:49.010436,4
8748,2916,Delivered,2026-06-26 06:40:49.984038,4
8749,2917,Created,2026-06-25 09:15:00,3
8750,2917,Dispatched,2026-06-25 13:24:22.798583,3
8751,2917,Delivered,2026-06-25 04:48:24.051725,3
8752,2918,Created,2026-06-25 14:00:00,6
8753,2918,Dispatched,2026-06-25 19:38:27.783089,6
8754,2918,Delivered,2026-06-28 10:06:40.261866,6
8755,2919,Created,2026-06-25 15:00:00,3
8756,2919,Dispatched,2026-06-25 17:43:04.946314,3
8757,2919,Delivered,2026-06-26 05:40:34.240698,3
8758,2920,Created,2026-06-25 08:45:00,5
8759,2920,Dispatched,2026-06-25 11:00:16.105579,5
8760,2920,Delivered,2026-06-26 01:02:21.246114,5
8761,2921,Created,2026-06-25 07:00:00,5
8762,2921,Dispatched,2026-06-25 10:51:42.807476,5
8763,2921,Delivered,2026-06-26 02:22:17.496155,5
8764,2922,Created,2026-06-26 10:15:00,1
8765,2922,Dispatched,2026-06-26 14:08:18.188429,1
8766,2922,Delivered,2026-06-27 04:29:51.509778,1
8767,2923,Created,2026-06-26 17:00:00,2
8768,2923,Dispatched,2026-06-26 18:59:58.920396,2
8769,2923,Delivered,2026-06-29 10:16:12.036715,2
8770,2924,Created,2026-06-26 16:45:00,2
8771,2924,Dispatched,2026-06-26 17:59:35.002743,2
8772,2924,Delivered,2026-06-29 07:39:20.482812,2
8773,2925,Created,2026-06-26 10:30:00,4
8774,2925,Dispatched,2026-06-26 15:31:19.592891,4
8775,2925,Delivered,2026-06-27 08:32:15.466542,4
8776,2926,Created,2026-06-26 09:30:00,5
8777,2926,Dispatched,2026-06-26 12:57:46.310712,5
8778,2926,Delivered,2026-06-26 23:04:37.727811,5
8779,2927,Created,2026-06-26 13:15:00,2
8780,2927,Dispatched,2026-06-26 14:58:05.908527,2
8781,2927,Delivered,2026-06-30 01:11:39.866411,2
8782,2928,Created,2026-06-26 09:00:00,1
8783,2928,Dispatched,2026-06-26 12:39:01.851489,1
8784,2928,Delivered,2026-06-29 07:02:49.463317,1
8785,2929,Created,2026-06-26 17:00:00,4
8786,2929,Dispatched,2026-06-26 20:32:36.935954,4
8787,2929,Delivered,2026-06-26 23:29:29.641974,4
8788,2930,Created,2026-06-26 17:00:00,2
8789,2930,Dispatched,2026-06-26 21:51:20.873452,2
8790,2930,Delivered,2026-06-28 20:15:22.249582,2
8791,2931,Created,2026-06-26 17:00:00,5
8792,2931,Dispatched,2026-06-26 18:41:57.848220,5
8793,2931,Delivered,2026-06-27 00:34:46.845426,5
8794,2932,Created,2026-06-26 09:30:00,6
8795,2932,Dispatched,2026-06-26 15:23:18.899280,6
8796,2932,Delivery Failed,2026-06-29 08:18:56.656732,6
8797,2933,Created,2026-06-26 15:30:00,2
8798,2933,Dispatched,2026-06-26 19:46:33.486472,2
8799,2933,Delivered,2026-07-01 19:24:57.771291,2
8800,2934,Created,2026-06-26 07:00:00,5
8801,2934,Dispatched,2026-06-26 09:20:46.914903,5
8802,2934,Delivered,2026-06-28 13:45:27.391830,5
8803,2935,Created,2026-06-26 15:45:00,1
8804,2935,Dispatched,2026-06-26 20:30:43.657452,1
8805,2935,Delivered,2026-06-27 10:27:08.822955,1
8806,2936,Created,2026-06-26 14:00:00,6
8807,2936,Dispatched,2026-06-26 19:39:47.322712,6
8808,2936,Delivered,2026-06-27 03:49:39.366911,6
8809,2937,Created,2026-06-27 12:30:00,5
8810,2937,Dispatched,2026-06-27 18:30:47.698526,5
8811,2937,Delivered,2026-06-28 08:34:50.727359,5
8812,2938,Created,2026-06-27 14:30:00,4
8813,2938,Dispatched,2026-06-27 20:05:31.095973,4
8814,2938,Delivered,2026-06-30 07:32:15.823904,4
8815,2939,Created,2026-06-27 14:15:00,2
8816,2939,Dispatched,2026-06-27 19:02:34.001997,2
8817,2939,Delivered,2026-06-28 03:04:14.801180,2
8818,2940,Created,2026-06-27 16:45:00,3
8819,2940,Dispatched,2026-06-27 18:53:06.306350,3
8820,2940,Delivered,2026-06-30 03:28:16.625010,3
8821,2941,Created,2026-06-27 18:30:00,1
8822,2941,Dispatched,2026-06-27 22:25:22.820122,1
8823,2941,Delivered,2026-06-30 04:02:02.435292,1
8824,2942,Created,2026-06-27 17:00:00,6
8825,2942,Dispatched,2026-06-27 22:10:54.792237,6
8826,2942,Delivered,2026-06-30 03:43:56.403642,6
8827,2943,Created,2026-06-27 18:00:00,3
8828,2943,Dispatched,2026-06-27 22:20:03.219880,3
8829,2943,Delivered,2026-06-30 08:25:36.464125,3
8830,2944,Created,2026-06-27 12:00:00,3
8831,2944,Dispatched,2026-06-27 17:51:36.963021,3
8832,2944,Delivered,2026-06-28 03:34:14.502257,3
8833,2945,Created,2026-06-27 13:45:00,2
8834,2945,Dispatched,2026-06-27 18:34:30.720120,2
8835,2945,Delivered,2026-06-30 10:31:01.262570,2
8836,2946,Created,2026-06-27 17:30:00,5
8837,2946,Dispatched,2026-06-27 22:40:47.942317,5
8838,2946,Delivered,2026-06-30 00:49:51.877388,5
8839,2947,Created,2026-06-27 18:45:00,1
8840,2947,Dispatched,2026-06-28 00:29:52.139702,1
8841,2947,Delivered,2026-06-29 04:25:25.186949,1
8842,2948,Created,2026-06-27 07:30:00,2
8843,2948,Dispatched,2026-06-27 12:09:23.649284,2
8844,2948,Delivered,2026-06-28 08:15:46.111811,2
8845,2949,Created,2026-06-27 08:45:00,2
8846,2949,Dispatched,2026-06-27 10:21:58.080455,2
8847,2949,Delivered,2026-06-29 02:46:37.683703,2
8848,2950,Created,2026-06-27 17:30:00,3
8849,2950,Dispatched,2026-06-27 23:22:00.979082,3
8850,2950,Delivered,2026-06-28 13:52:25.293094,3
8851,2951,Created,2026-06-27 17:15:00,4
8852,2951,Dispatched,2026-06-27 21:37:27.344853,4
8853,2951,Delivered,2026-06-29 16:51:20.924179,4
8854,2952,Created,2026-06-28 11:15:00,3
8855,2952,Dispatched,2026-06-28 17:57:02.706906,3
8856,2952,Delivered,2026-06-30 23:13:16.181992,3
8857,2953,Created,2026-06-28 13:45:00,1
8858,2953,Dispatched,2026-06-28 14:53:11.298908,1
8859,2953,Delivered,2026-06-29 08:43:06.525191,1
8860,2954,Created,2026-06-28 18:45:00,1
8861,2954,Dispatched,2026-06-28 22:08:25.734293,1
8862,2954,Delivered,2026-07-01 03:30:27.669089,1
8863,2955,Created,2026-06-28 16:15:00,4
8864,2955,Dispatched,2026-06-28 23:07:05.947540,4
8865,2955,Delivered,2026-06-29 08:57:13.217268,4
8866,2956,Created,2026-06-28 16:00:00,3
8867,2956,Dispatched,2026-06-28 19:27:42.418212,3
8868,2956,Delivered,2026-06-29 12:09:20.831913,3
8869,2957,Created,2026-06-28 09:15:00,4
8870,2957,Dispatched,2026-06-28 15:51:23.446145,4
8871,2957,Delivered,2026-06-30 17:23:58.843268,4
8872,2958,Created,2026-06-28 18:15:00,4
8873,2958,Dispatched,2026-06-28 21:10:29.668993,4
8874,2958,Delivered,2026-07-01 11:23:17.967826,4
8875,2959,Created,2026-06-28 16:30:00,4
8876,2959,Dispatched,2026-06-28 20:20:05.767837,4
8877,2959,Delivered,2026-06-29 14:09:36.956289,4
8878,2960,Created,2026-06-28 15:30:00,3
8879,2960,Dispatched,2026-06-28 16:54:36.960340,3
8880,2960,Delivered,2026-07-01 00:24:16.454572,3
8881,2961,Created,2026-06-28 15:45:00,1
8882,2961,Dispatched,2026-06-28 17:42:28.906030,1
8883,2961,Delivered,2026-07-01 03:56:41.325071,1
8884,2962,Created,2026-06-28 08:30:00,1
8885,2962,Dispatched,2026-06-28 15:10:40.553885,1
8886,2962,Delivered,2026-06-30 19:24:18.857009,1
8887,2963,Created,2026-06-29 17:45:00,2
8888,2963,Dispatched,2026-06-30 00:25:56.457046,2
8889,2963,Delivered,2026-07-04 04:57:12.117176,2
8890,2964,Created,2026-06-29 13:15:00,4
8891,2964,Dispatched,2026-06-29 16:09:23.475631,4
8892,2964,Delivered,2026-07-02 02:04:01.872456,4
8893,2965,Created,2026-06-29 11:30:00,2
8894,2965,Dispatched,2026-06-29 13:35:49.719260,2
8895,2965,Delivered,2026-07-01 23:13:54.768853,2
8896,2966,Created,2026-06-29 18:30:00,1
8897,2966,Dispatched,2026-06-29 19:56:43.576029,1
8898,2966,Delivered,2026-06-30 12:58:30.102934,1
8899,2967,Created,2026-06-29 16:45:00,3
8900,2967,Dispatched,2026-06-29 22:07:42.072737,3
8901,2967,Delivered,2026-06-30 17:02:39.392066,3
8902,2968,Created,2026-06-29 07:30:00,3
8903,2968,Dispatched,2026-06-29 14:20:44.844523,3
8904,2968,Delivered,2026-06-30 04:08:03.696061,3
8905,2969,Created,2026-06-29 17:15:00,5
8906,2969,Dispatched,2026-06-30 00:04:31.871791,5
8907,2969,Delivered,2026-07-02 03:29:37.495684,5
8908,2970,Created,2026-06-29 07:45:00,6
8909,2970,Dispatched,2026-06-29 09:51:08.336994,6
8910,2970,Delivered,2026-07-02 11:14:52.507747,6
8911,2971,Created,2026-06-29 12:15:00,1
8912,2971,Dispatched,2026-06-29 18:00:32.083105,1
8913,2971,Delivered,2026-06-29 05:39:02.910914,1
8914,2972,Created,2026-06-29 13:00:00,6
8915,2972,Dispatched,2026-06-29 16:28:05.351811,6
8916,2972,Delivered,2026-07-02 00:19:22.976576,6
8917,2973,Created,2026-06-29 11:45:00,3
8918,2973,Dispatched,2026-06-29 15:55:59.474150,3
8919,2973,Delivered,2026-06-29 10:57:29.987437,3
8920,2974,Created,2026-06-29 12:00:00,6
8921,2974,Dispatched,2026-06-29 16:04:01.487389,6
8922,2974,Delivered,2026-06-30 16:23:57.185025,6
8923,2975,Created,2026-06-29 13:15:00,2
8924,2975,Dispatched,2026-06-29 20:01:21.472930,2
8925,2975,Delivered,2026-07-02 01:07:00.955070,2
8926,2976,Created,2026-06-29 13:45:00,6
8927,2976,Dispatched,2026-06-29 15:41:51.676977,6
8928,2976,Delivered,2026-06-30 02:34:10.008230,6
8929,2977,Created,2026-06-29 17:00:00,6
8930,2977,Dispatched,2026-06-29 23:54:22.273194,6
8931,2977,Delivered,2026-07-02 11:25:24.034441,6
8932,2978,Created,2026-06-29 07:30:00,1
8933,2978,Dispatched,2026-06-29 09:21:04.335203,1
8934,2978,Delivered,2026-07-01 14:53:50.589941,1
8935,2979,Created,2026-06-29 17:00:00,6
8936,2979,Dispatched,2026-06-29 21:00:17.601774,6
8937,2979,Delivered,2026-07-02 16:01:54.020767,6
8938,2980,Created,2026-06-29 16:15:00,3
8939,2980,Dispatched,2026-06-29 21:00:20.182645,3
8940,2980,Delivered,2026-06-30 17:35:16.600559,3
8941,2981,Created,2026-06-29 09:15:00,2
8942,2981,Dispatched,2026-06-29 14:49:49.727637,2
8943,2981,Delivered,2026-07-01 23:15:40.018813,2
8944,2982,Created,2026-06-29 08:45:00,6
8945,2982,Dispatched,2026-06-29 11:33:48.576873,6
8946,2982,Delivered,2026-07-03 08:24:33.772540,6
8947,2983,Created,2026-06-29 09:30:00,1
8948,2983,Dispatched,2026-06-29 14:32:42.931066,1
8949,2983,Delivered,2026-06-30 10:29:28.409203,1
8950,2984,Created,2026-06-29 18:15:00,2
8951,2984,Dispatched,2026-06-30 00:13:01.720966,2
8952,2984,Delivered,2026-07-02 11:43:02.800662,2
8953,2985,Created,2026-06-29 11:15:00,3
8954,2985,Dispatched,2026-06-29 14:08:04.791580,3
8955,2985,Delivered,2026-06-30 07:05:23.904613,3
8956,2986,Created,2026-06-30 10:15:00,1
8957,2986,Dispatched,2026-06-30 14:01:21.375912,1
8958,2986,Delivered,2026-07-02 17:06:46.410779,1
8959,2987,Created,2026-06-30 16:15:00,3
8960,2987,Dispatched,2026-06-30 22:22:07.253830,3
8961,2987,Delivered,2026-07-03 01:42:55.424121,3
8962,2988,Created,2026-06-30 10:15:00,4
8963,2988,Dispatched,2026-06-30 15:08:17.275600,4
8964,2988,Delivered,2026-07-01 09:19:21.234039,4
8965,2989,Created,2026-06-30 15:00:00,1
8966,2989,Dispatched,2026-06-30 18:11:00.300469,1
8967,2989,Delivered,2026-07-01 14:39:01.339894,1
8968,2990,Created,2026-06-30 15:00:00,1
8969,2990,Dispatched,2026-06-30 17:19:15.876026,1
8970,2990,Delivered,2026-07-03 03:31:40.581449,1
8971,2991,Created,2026-06-30 17:15:00,3
8972,2991,Dispatched,2026-06-30 19:06:09.705668,3
8973,2991,Delivered,2026-07-01 05:31:08.240758,3
8974,2992,Created,2026-06-30 18:45:00,1
8975,2992,Dispatched,2026-06-30 20:47:54.477759,1
8976,2992,Delivered,2026-07-01 20:15:40.908277,1
8977,2993,Created,2026-06-30 11:45:00,1
8978,2993,Dispatched,2026-06-30 12:57:41.345778,1
8979,2993,Delivered,2026-07-01 07:30:41.606993,1
8980,2994,Created,2026-06-30 08:45:00,5
8981,2994,Dispatched,2026-06-30 14:20:38.240805,5
8982,2994,Delivered,2026-06-30 21:43:10.483102,5
8983,2995,Created,2026-06-30 16:30:00,3
8984,2995,Dispatched,2026-06-30 20:10:39.209158,3
8985,2995,Delivered,2026-07-01 12:21:47.313090,3
8986,2996,Created,2026-06-30 15:00:00,6
8987,2996,Dispatched,2026-06-30 17:25:44.983651,6
8988,2996,Delivered,2026-06-30 12:37:42.290776,6
8989,2997,Created,2026-06-30 16:30:00,1
8990,2997,Dispatched,2026-06-30 18:46:41.779571,1
8991,2997,Delivered,2026-07-01 20:58:14.757562,1
8992,2998,Created,2026-06-30 13:45:00,4
8993,2998,Dispatched,2026-06-30 18:51:31.146446,4
8994,2998,Delivered,2026-07-02 21:03:09.985260,4
8995,2999,Created,2026-06-30 08:45:00,1
8996,2999,Dispatched,2026-06-30 12:42:33.212108,1
8997,2999,Delivered,2026-07-03 02:26:01.269363,1
8998,3000,Created,2026-06-30 16:45:00,3
8999,3000,Dispatched,2026-06-30 21:38:11.101887,3
9000,3000,Delivered,2026-07-03 19:46:20.921906,3
9001,3001,Created,2026-07-01 16:30:00,5
9002,3001,Dispatched,2026-07-01 20:40:26.077988,5
9003,3001,Delivered,2026-07-06 12:44:13.883790,5
9004,3002,Created,2026-07-01 16:30:00,3
9005,3002,Dispatched,2026-07-01 19:13:25.296808,3
9006,3002,Delivered,2026-07-02 17:22:17.971396,3
9007,3003,Created,2026-07-01 14:15:00,2
9008,3003,Dispatched,2026-07-01 17:49:41.255008,2
9009,3003,Delivered,2026-07-04 08:13:57.218576,2
9010,3004,Created,2026-07-01 12:00:00,1
9011,3004,Dispatched,2026-07-01 14:44:13.359625,1
9012,3004,Delivered,2026-07-02 04:18:19.940275,1
9013,3005,Created,2026-07-01 11:30:00,3
9014,3005,Dispatched,2026-07-01 12:33:43.616260,3
9015,3005,Delivered,2026-07-02 05:34:51.869976,3
9016,3006,Created,2026-07-01 09:15:00,1
9017,3006,Dispatched,2026-07-01 10:25:18.694820,1
9018,3006,Delivered,2026-07-02 02:58:13.499159,1
9019,3007,Created,2026-07-01 14:00:00,1
9020,3007,Dispatched,2026-07-01 15:39:35.318025,1
9021,3007,Delivered,2026-07-06 05:28:02.885794,1
9022,3008,Created,2026-07-01 18:30:00,4
9023,3008,Dispatched,2026-07-01 20:34:07.967512,4
9024,3008,Delivered,2026-07-02 17:58:29.828464,4
9025,3009,Created,2026-07-01 17:00:00,4
9026,3009,Dispatched,2026-07-01 19:02:35.304234,4
9027,3009,Delivered,2026-07-04 13:06:28.371225,4
9028,3010,Created,2026-07-01 09:45:00,4
9029,3010,Dispatched,2026-07-01 15:15:47.257502,4
9030,3010,Delivered,2026-07-05 10:46:11.109212,4
9031,3011,Created,2026-07-01 13:15:00,3
9032,3011,Dispatched,2026-07-01 17:51:52.350376,3
9033,3011,Delivered,2026-07-05 07:35:47.169726,3
9034,3012,Created,2026-07-01 09:30:00,3
9035,3012,Dispatched,2026-07-01 11:07:13.720585,3
9036,3012,Delivered,2026-07-02 00:01:15.222241,3
9037,3013,Created,2026-07-01 12:45:00,4
9038,3013,Dispatched,2026-07-01 19:11:47.939827,4
9039,3013,Delivery Failed,2026-07-03 21:40:13.361554,4
9040,3014,Created,2026-07-01 12:00:00,1
9041,3014,Dispatched,2026-07-01 15:20:00.751485,1
9042,3014,Delivered,2026-07-02 07:44:10.462312,1
9043,3015,Created,2026-07-01 13:45:00,1
9044,3015,Dispatched,2026-07-01 19:52:18.658278,1
9045,3015,Delivered,2026-07-05 09:24:09.157947,1
9046,3016,Created,2026-07-01 12:30:00,3
9047,3016,Dispatched,2026-07-01 15:37:12.878069,3
9048,3016,Delivered,2026-07-02 02:32:29.202182,3
9049,3017,Created,2026-07-01 16:15:00,1
9050,3017,Dispatched,2026-07-01 19:58:43.542688,1
9051,3017,Delivered,2026-07-03 22:48:46.183995,1
9052,3018,Created,2026-07-01 08:15:00,5
9053,3018,Dispatched,2026-07-01 13:16:28.101542,5
9054,3018,Delivered,2026-07-05 10:19:19.863103,5
9055,3019,Created,2026-07-01 09:15:00,3
9056,3019,Dispatched,2026-07-01 13:34:51.396488,3
9057,3019,Delivered,2026-07-03 23:16:51.797328,3
9058,3020,Created,2026-07-01 09:30:00,2
9059,3020,Dispatched,2026-07-01 11:17:47.697087,2
9060,3020,Delivered,2026-07-03 16:46:34.120045,2
9061,3021,Created,2026-07-02 17:30:00,6
9062,3021,Dispatched,2026-07-02 22:06:59.726105,6
9063,3021,Delivered,2026-07-07 08:32:55.551695,6
9064,3022,Created,2026-07-02 18:15:00,4
9065,3022,Dispatched,2026-07-02 19:28:13.826958,4
9066,3022,Delivered,2026-07-03 13:24:33.641336,4
9067,3023,Created,2026-07-02 12:30:00,4
9068,3023,Dispatched,2026-07-02 14:33:44.100649,4
9069,3023,Delivered,2026-07-05 02:48:01.141226,4
9070,3024,Created,2026-07-02 13:00:00,1
9071,3024,Dispatched,2026-07-02 19:15:26.214714,1
9072,3024,Delivered,2026-07-05 00:33:06.710255,1
9073,3025,Created,2026-07-02 16:15:00,6
9074,3025,Dispatched,2026-07-02 17:32:03.886116,6
9075,3025,Delivered,2026-07-03 11:20:59.873355,6
9076,3026,Created,2026-07-02 16:15:00,1
9077,3026,Dispatched,2026-07-02 22:09:01.943711,1
9078,3026,Delivered,2026-07-04 20:30:44.874215,1
9079,3027,Created,2026-07-02 07:45:00,2
9080,3027,Dispatched,2026-07-02 09:18:40.557138,2
9081,3027,Delivered,2026-07-03 05:17:08.178688,2
9082,3028,Created,2026-07-02 18:00:00,6
9083,3028,Dispatched,2026-07-02 23:07:13.422602,6
9084,3028,Delivered,2026-07-05 05:12:12.454356,6
9085,3029,Created,2026-07-02 15:00:00,2
9086,3029,Dispatched,2026-07-02 20:43:36.807313,2
9087,3029,Delivered,2026-07-02 08:50:12.127635,2
9088,3030,Created,2026-07-02 14:00:00,5
9089,3030,Dispatched,2026-07-02 15:24:49.859779,5
9090,3030,Delivered,2026-07-05 07:36:38.186512,5
9091,3031,Created,2026-07-02 17:00:00,1
9092,3031,Dispatched,2026-07-02 23:59:40.262357,1
9093,3031,Delivered,2026-07-02 22:30:41.483814,1
9094,3032,Created,2026-07-02 16:30:00,3
9095,3032,Dispatched,2026-07-02 20:51:26.465247,3
9096,3032,Delivered,2026-07-03 16:45:20.005657,3
9097,3033,Created,2026-07-02 16:00:00,1
9098,3033,Dispatched,2026-07-02 22:17:05.123611,1
9099,3033,Delivered,2026-07-05 11:54:10.849663,1
9100,3034,Created,2026-07-02 15:30:00,3
9101,3034,Dispatched,2026-07-02 19:31:26.153026,3
9102,3034,Delivered,2026-07-05 13:07:42.032400,3
9103,3035,Created,2026-07-02 07:45:00,4
9104,3035,Dispatched,2026-07-02 14:13:29.232302,4
9105,3035,Delivered,2026-07-02 13:59:02.836935,4
9106,3036,Created,2026-07-03 15:00:00,5
9107,3036,Dispatched,2026-07-03 17:50:22.353317,5
9108,3036,Delivered,2026-07-06 07:12:18.064592,5
9109,3037,Created,2026-07-03 15:00:00,1
9110,3037,Dispatched,2026-07-03 16:42:24.945365,1
9111,3037,Delivered,2026-07-06 09:27:35.581596,1
9112,3038,Created,2026-07-03 16:15:00,4
9113,3038,Dispatched,2026-07-03 19:49:11.731655,4
9114,3038,Delivered,2026-07-06 06:54:01.960799,4
9115,3039,Created,2026-07-03 11:30:00,1
9116,3039,Dispatched,2026-07-03 14:19:22.277128,1
9117,3039,Delivered,2026-07-06 08:52:52.894597,1
9118,3040,Created,2026-07-03 14:30:00,1
9119,3040,Dispatched,2026-07-03 18:22:06.631135,1
9120,3040,Delivered,2026-07-03 07:20:50.478414,1
9121,3041,Created,2026-07-03 16:15:00,1
9122,3041,Dispatched,2026-07-03 19:13:06.950152,1
9123,3041,Delivered,2026-07-08 23:09:56.773116,1
9124,3042,Created,2026-07-03 14:45:00,2
9125,3042,Dispatched,2026-07-03 16:21:58.005883,2
9126,3042,Delivered,2026-07-06 12:45:55.053283,2
9127,3043,Created,2026-07-03 13:00:00,4
9128,3043,Dispatched,2026-07-03 15:42:47.870043,4
9129,3043,Delivered,2026-07-03 07:13:20.157653,4
9130,3044,Created,2026-07-03 18:45:00,1
9131,3044,Dispatched,2026-07-03 20:14:52.294846,1
9132,3044,Delivered,2026-07-06 17:24:45.311191,1
9133,3045,Created,2026-07-03 15:45:00,1
9134,3045,Dispatched,2026-07-03 21:15:47.020452,1
9135,3045,Delivered,2026-07-04 12:55:31.922803,1
9136,3046,Created,2026-07-03 14:00:00,4
9137,3046,Dispatched,2026-07-03 15:05:00.971919,4
9138,3046,Delivered,2026-07-06 03:54:41.269926,4
9139,3047,Created,2026-07-03 11:00:00,5
9140,3047,Dispatched,2026-07-03 15:45:59.453004,5
9141,3047,Delivered,2026-07-06 04:35:30.751287,5
9142,3048,Created,2026-07-03 11:30:00,5
9143,3048,Dispatched,2026-07-03 14:38:22.249055,5
9144,3048,Delivered,2026-07-04 01:15:01.332751,5
9145,3049,Created,2026-07-03 15:45:00,2
9146,3049,Dispatched,2026-07-03 21:04:19.862440,2
9147,3049,Delivered,2026-07-06 07:33:23.910125,2
9148,3050,Created,2026-07-03 12:30:00,1
9149,3050,Dispatched,2026-07-03 15:22:38.557196,1
9150,3050,Delivered,2026-07-06 03:52:07.300849,1
9151,3051,Created,2026-07-03 15:30:00,2
9152,3051,Dispatched,2026-07-03 21:51:24.220652,2
9153,3051,Delivered,2026-07-04 14:18:48.437591,2
9154,3052,Created,2026-07-04 14:30:00,3
9155,3052,Dispatched,2026-07-04 19:17:27.054430,3
9156,3052,Delivered,2026-07-05 18:31:24.453211,3
9157,3053,Created,2026-07-04 11:00:00,3
9158,3053,Dispatched,2026-07-04 17:31:09.583236,3
9159,3053,Delivered,2026-07-07 00:43:40.029960,3
9160,3054,Created,2026-07-04 17:30:00,1
9161,3054,Dispatched,2026-07-04 20:30:09.531980,1
9162,3054,Delivered,2026-07-06 23:44:04.110005,1
9163,3055,Created,2026-07-04 08:15:00,1
9164,3055,Dispatched,2026-07-04 12:14:46.830944,1
9165,3055,Delivered,2026-07-06 17:22:47.270242,1
9166,3056,Created,2026-07-04 11:00:00,1
9167,3056,Dispatched,2026-07-04 17:02:21.912456,1
9168,3056,Delivered,2026-07-04 17:48:45.999817,1
9169,3057,Created,2026-07-04 10:30:00,5
9170,3057,Dispatched,2026-07-04 13:49:02.965576,5
9171,3057,Delivered,2026-07-07 06:43:15.659687,5
9172,3058,Created,2026-07-04 13:00:00,1
9173,3058,Dispatched,2026-07-04 18:29:13.674868,1
9174,3058,Delivered,2026-07-07 09:06:01.282184,1
9175,3059,Created,2026-07-04 08:30:00,1
9176,3059,Dispatched,2026-07-04 10:58:39.681237,1
9177,3059,Delivered,2026-07-06 15:18:55.186534,1
9178,3060,Created,2026-07-04 09:15:00,1
9179,3060,Dispatched,2026-07-04 13:07:25.618874,1
9180,3060,Delivered,2026-07-06 16:25:55.001958,1
9181,3061,Created,2026-07-04 09:00:00,6
9182,3061,Dispatched,2026-07-04 12:53:03.220775,6
9183,3061,Delivered,2026-07-05 05:13:12.635599,6
9184,3062,Created,2026-07-04 08:15:00,6
9185,3062,Dispatched,2026-07-04 11:12:38.171448,6
9186,3062,Delivered,2026-07-05 03:53:51.076547,6
9187,3063,Created,2026-07-04 11:30:00,2
9188,3063,Dispatched,2026-07-04 15:40:34.602918,2
9189,3063,Delivered,2026-07-05 06:57:57.682818,2
9190,3064,Created,2026-07-04 11:30:00,5
9191,3064,Dispatched,2026-07-04 13:35:29.569888,5
9192,3064,Delivered,2026-07-05 06:57:12.028885,5
9193,3065,Created,2026-07-04 17:45:00,2
9194,3065,Dispatched,2026-07-04 21:52:59.763808,2
9195,3065,Delivered,2026-07-05 17:35:55.449289,2
9196,3066,Created,2026-07-04 12:15:00,4
9197,3066,Dispatched,2026-07-04 16:36:37.252031,4
9198,3066,Delivered,2026-07-08 14:13:04.784741,4
9199,3067,Created,2026-07-05 10:45:00,2
9200,3067,Dispatched,2026-07-05 16:28:33.781164,2
9201,3067,Delivered,2026-07-06 01:28:41.687554,2
9202,3068,Created,2026-07-05 18:45:00,1
9203,3068,Dispatched,2026-07-06 00:38:07.374825,1
9204,3068,Delivered,2026-07-08 17:00:00.529565,1
9205,3069,Created,2026-07-05 11:15:00,6
9206,3069,Dispatched,2026-07-05 17:35:55.147975,6
9207,3069,Delivered,2026-07-08 03:10:54.157768,6
9208,3070,Created,2026-07-05 08:00:00,5
9209,3070,Dispatched,2026-07-05 10:22:08.682615,5
9210,3070,Delivered,2026-07-08 00:08:24.077515,5
9211,3071,Created,2026-07-05 16:00:00,3
9212,3071,Dispatched,2026-07-05 22:21:11.245068,3
9213,3071,Delivered,2026-07-08 07:53:04.334465,3
9214,3072,Created,2026-07-05 10:45:00,2
9215,3072,Dispatched,2026-07-05 12:52:33.516813,2
9216,3072,Delivery Failed,2026-07-08 05:07:36.970424,2
9217,3073,Created,2026-07-05 14:30:00,4
9218,3073,Dispatched,2026-07-05 21:05:12.753930,4
9219,3073,Delivered,2026-07-06 19:02:45.892398,4
9220,3074,Created,2026-07-05 10:15:00,1
9221,3074,Dispatched,2026-07-05 15:55:47.711926,1
9222,3074,Delivered,2026-07-06 02:01:23.572617,1
9223,3075,Created,2026-07-05 08:15:00,3
9224,3075,Dispatched,2026-07-05 11:14:51.231125,3
9225,3075,Delivered,2026-07-06 06:29:04.189576,3
9226,3076,Created,2026-07-05 16:15:00,4
9227,3076,Dispatched,2026-07-05 22:30:05.834805,4
9228,3076,Delivered,2026-07-08 07:20:30.894827,4
9229,3077,Created,2026-07-05 08:00:00,1
9230,3077,Dispatched,2026-07-05 13:27:16.404255,1
9231,3077,Delivered,2026-07-06 00:59:00.271285,1
9232,3078,Created,2026-07-05 15:15:00,1
9233,3078,Dispatched,2026-07-05 18:46:31.338675,1
9234,3078,Delivered,2026-07-09 00:47:09.454589,1
9235,3079,Created,2026-07-05 09:30:00,1
9236,3079,Dispatched,2026-07-05 14:35:59.643355,1
9237,3079,Delivered,2026-07-06 09:04:37.786850,1
9238,3080,Created,2026-07-05 15:45:00,2
9239,3080,Dispatched,2026-07-05 21:12:43.773461,2
9240,3080,Delivered,2026-07-08 07:17:03.384101,2
9241,3081,Created,2026-07-05 10:15:00,1
9242,3081,Dispatched,2026-07-05 16:25:41.920681,1
9243,3081,Delivered,2026-07-08 07:23:49.304771,1
9244,3082,Created,2026-07-06 15:45:00,1
9245,3082,Dispatched,2026-07-06 22:26:18.410916,1
9246,3082,Delivered,2026-07-08 21:51:31.444158,1
9247,3083,Created,2026-07-06 13:45:00,4
9248,3083,Dispatched,2026-07-06 19:18:49.953747,4
9249,3083,Delivered,2026-07-09 23:09:45.201684,4
9250,3084,Created,2026-07-06 16:00:00,1
9251,3084,Dispatched,2026-07-06 21:15:31.849575,1
9252,3084,Delivered,2026-07-09 05:18:10.897648,1
9253,3085,Created,2026-07-06 12:30:00,1
9254,3085,Dispatched,2026-07-06 17:08:25.143267,1
9255,3085,Delivered,2026-07-07 14:30:05.931627,1
9256,3086,Created,2026-07-06 17:45:00,2
9257,3086,Dispatched,2026-07-06 20:36:51.671429,2
9258,3086,Delivered,2026-07-09 05:39:28.658470,2
9259,3087,Created,2026-07-06 18:00:00,6
9260,3087,Dispatched,2026-07-06 23:21:05.945316,6
9261,3087,Delivered,2026-07-10 06:40:03.172448,6
9262,3088,Created,2026-07-06 07:15:00,3
9263,3088,Dispatched,2026-07-06 13:46:31.961858,3
9264,3088,Delivered,2026-07-07 00:00:54.987732,3
9265,3089,Created,2026-07-06 13:00:00,2
9266,3089,Dispatched,2026-07-06 16:09:58.091944,2
9267,3089,Delivered,2026-07-07 01:06:14.176109,2
9268,3090,Created,2026-07-06 18:30:00,3
9269,3090,Dispatched,2026-07-07 00:53:11.465995,3
9270,3090,Delivered,2026-07-07 16:30:27.052997,3
9271,3091,Created,2026-07-06 15:15:00,2
9272,3091,Dispatched,2026-07-06 18:39:10.438527,2
9273,3091,Delivered,2026-07-09 07:16:33.983458,2
9274,3092,Created,2026-07-06 08:45:00,4
9275,3092,Dispatched,2026-07-06 12:44:26.499295,4
9276,3092,Delivered,2026-07-06 06:04:52.166108,4
9277,3093,Created,2026-07-06 18:00:00,4
9278,3093,Dispatched,2026-07-06 21:09:57.031679,4
9279,3093,Delivered,2026-07-08 17:00:11.155035,4
9280,3094,Created,2026-07-06 15:00:00,1
9281,3094,Dispatched,2026-07-06 17:55:29.975937,1
9282,3094,Delivered,2026-07-06 21:12:18.245525,1
9283,3095,Created,2026-07-06 07:15:00,1
9284,3095,Dispatched,2026-07-06 08:15:31.839810,1
9285,3095,Delivered,2026-07-09 00:41:32.781177,1
9286,3096,Created,2026-07-06 18:00:00,4
9287,3096,Dispatched,2026-07-07 00:18:46.594929,4
9288,3096,Delivered,2026-07-09 03:51:10.797646,4
9289,3097,Created,2026-07-06 18:45:00,4
9290,3097,Dispatched,2026-07-06 21:24:26.568696,4
9291,3097,Delivered,2026-07-09 04:27:33.197939,4
9292,3098,Created,2026-07-06 16:45:00,4
9293,3098,Dispatched,2026-07-06 23:21:36.488124,4
9294,3098,Delivered,2026-07-09 12:30:46.834375,4
9295,3099,Created,2026-07-06 09:00:00,6
9296,3099,Dispatched,2026-07-06 15:25:35.575300,6
9297,3099,Delivered,2026-07-07 08:36:51.464842,6
9298,3100,Created,2026-07-07 15:30:00,4
9299,3100,Dispatched,2026-07-07 17:56:33.681220,4
9300,3100,Delivered,2026-07-10 02:29:57.232338,4
9301,3101,Created,2026-07-07 09:45:00,4
9302,3101,Dispatched,2026-07-07 13:04:08.978592,4
9303,3101,Delivered,2026-07-07 10:13:04.568180,4
9304,3102,Created,2026-07-07 15:15:00,1
9305,3102,Dispatched,2026-07-07 18:12:33.442862,1
9306,3102,Delivered,2026-07-08 06:26:13.710921,1
9307,3103,Created,2026-07-07 16:00:00,1
9308,3103,Dispatched,2026-07-07 17:48:27.923675,1
9309,3103,Delivered,2026-07-08 20:31:32.913974,1
9310,3104,Created,2026-07-07 15:45:00,3
9311,3104,Dispatched,2026-07-07 19:24:28.354776,3
9312,3104,Delivered,2026-07-10 04:58:40.412283,3
9313,3105,Created,2026-07-07 09:00:00,3
9314,3105,Dispatched,2026-07-07 11:48:10.983420,3
9315,3105,Delivered,2026-07-08 07:54:43.727373,3
9316,3106,Created,2026-07-07 12:30:00,5
9317,3106,Dispatched,2026-07-07 16:20:06.078818,5
9318,3106,Delivered,2026-07-08 10:31:16.370528,5
9319,3107,Created,2026-07-07 16:30:00,4
9320,3107,Dispatched,2026-07-07 19:40:27.514024,4
9321,3107,Delivered,2026-07-10 00:32:14.986072,4
9322,3108,Created,2026-07-07 09:00:00,5
9323,3108,Dispatched,2026-07-07 13:44:21.715064,5
9324,3108,Delivered,2026-07-07 16:55:28.704218,5
9325,3109,Created,2026-07-07 11:30:00,1
9326,3109,Dispatched,2026-07-07 17:01:49.524422,1
9327,3109,Delivered,2026-07-08 07:42:18.565118,1
9328,3110,Created,2026-07-07 11:45:00,5
9329,3110,Dispatched,2026-07-07 17:39:33.937236,5
9330,3110,Delivered,2026-07-10 07:45:30.237779,5
9331,3111,Created,2026-07-07 08:45:00,1
9332,3111,Dispatched,2026-07-07 12:30:25.629360,1
9333,3111,Delivered,2026-07-10 03:07:03.172655,1
9334,3112,Created,2026-07-07 18:15:00,2
9335,3112,Dispatched,2026-07-08 00:10:44.711340,2
9336,3112,Delivered,2026-07-10 04:57:49.887638,2
9337,3113,Created,2026-07-07 11:15:00,4
9338,3113,Dispatched,2026-07-07 17:19:43.895944,4
9339,3113,Delivered,2026-07-08 04:37:26.023870,4
9340,3114,Created,2026-07-07 14:30:00,2
9341,3114,Dispatched,2026-07-07 19:45:12.179606,2
9342,3114,Delivered,2026-07-08 16:41:48.675998,2
9343,3115,Created,2026-07-07 17:45:00,2
9344,3115,Dispatched,2026-07-07 20:15:22.067274,2
9345,3115,Delivered,2026-07-10 16:08:28.953817,2
9346,3116,Created,2026-07-07 11:30:00,1
9347,3116,Dispatched,2026-07-07 13:31:17.815220,1
9348,3116,Delivered,2026-07-10 06:34:04.222248,1
9349,3117,Created,2026-07-07 09:30:00,1
9350,3117,Dispatched,2026-07-07 13:29:27.115878,1
9351,3117,Delivered,2026-07-10 06:02:41.113176,1
9352,3118,Created,2026-07-07 09:15:00,3
9353,3118,Dispatched,2026-07-07 15:39:55.165219,3
9354,3118,Delivered,2026-07-08 05:30:42.166967,3
9355,3119,Created,2026-07-08 18:15:00,3
9356,3119,Dispatched,2026-07-08 20:17:38.940919,3
9357,3119,Delivered,2026-07-11 12:12:10.655472,3
9358,3120,Created,2026-07-08 13:15:00,3
9359,3120,Dispatched,2026-07-08 15:00:31.805995,3
9360,3120,Delivered,2026-07-09 09:05:39.584998,3
9361,3121,Created,2026-07-08 18:45:00,1
9362,3121,Dispatched,2026-07-08 21:50:42.005726,1
9363,3121,Delivered,2026-07-11 03:08:34.469034,1
9364,3122,Created,2026-07-08 11:30:00,5
9365,3122,Dispatched,2026-07-08 14:59:32.517705,5
9366,3122,Delivered,2026-07-08 14:00:42.555795,5
9367,3123,Created,2026-07-08 17:30:00,1
9368,3123,Dispatched,2026-07-08 19:08:25.952286,1
9369,3123,Delivered,2026-07-11 13:37:17.462997,1
9370,3124,Created,2026-07-08 15:45:00,4
9371,3124,Dispatched,2026-07-08 16:55:13.497397,4
9372,3124,Delivered,2026-07-11 00:16:13.739941,4
9373,3125,Created,2026-07-08 10:45:00,2
9374,3125,Dispatched,2026-07-08 16:33:17.700163,2
9375,3125,Delivered,2026-07-10 23:02:00.125724,2
9376,3126,Created,2026-07-08 09:00:00,6
9377,3126,Dispatched,2026-07-08 15:51:44.434266,6
9378,3126,Delivered,2026-07-09 02:32:15.246349,6
9379,3127,Created,2026-07-08 11:45:00,5
9380,3127,Dispatched,2026-07-08 15:36:16.100084,5
9381,3127,Delivered,2026-07-11 03:22:44.252174,5
9382,3128,Created,2026-07-08 15:30:00,5
9383,3128,Dispatched,2026-07-08 21:51:03.454132,5
9384,3128,Delivered,2026-07-09 18:41:23.641712,5
9385,3129,Created,2026-07-08 12:15:00,1
9386,3129,Dispatched,2026-07-08 16:07:35.122640,1
9387,3129,Delivered,2026-07-11 07:12:31.532642,1
9388,3130,Created,2026-07-08 11:30:00,3
9389,3130,Dispatched,2026-07-08 14:22:35.475950,3
9390,3130,Delivered,2026-07-11 03:43:00.452558,3
9391,3131,Created,2026-07-08 14:45:00,5
9392,3131,Dispatched,2026-07-08 21:42:53.497220,5
9393,3131,Delivered,2026-07-10 21:44:54.488590,5
9394,3132,Created,2026-07-08 10:30:00,1
9395,3132,Dispatched,2026-07-08 12:25:10.271588,1
9396,3132,Delivered,2026-07-09 06:51:12.765279,1
9397,3133,Created,2026-07-08 14:15:00,4
9398,3133,Dispatched,2026-07-08 15:32:03.721680,4
9399,3133,Delivered,2026-07-09 12:33:39.571289,4
9400,3134,Created,2026-07-08 10:45:00,6
9401,3134,Dispatched,2026-07-08 15:54:59.910197,6
9402,3134,Delivered,2026-07-08 14:16:13.111697,6
9403,3135,Created,2026-07-09 17:45:00,5
9404,3135,Dispatched,2026-07-09 22:50:58.663741,5
9405,3135,Delivered,2026-07-10 14:40:34.368064,5
9406,3136,Created,2026-07-09 08:15:00,1
9407,3136,Dispatched,2026-07-09 13:44:25.935901,1
9408,3136,Delivered,2026-07-11 15:36:28.060989,1
9409,3137,Created,2026-07-09 11:15:00,1
9410,3137,Dispatched,2026-07-09 17:24:00.385688,1
9411,3137,Delivered,2026-07-10 11:34:32.697554,1
9412,3138,Created,2026-07-09 08:30:00,6
9413,3138,Dispatched,2026-07-09 11:37:14.790219,6
9414,3138,Delivered,2026-07-09 22:01:10.451070,6
9415,3139,Created,2026-07-09 08:45:00,3
9416,3139,Dispatched,2026-07-09 15:03:18.877608,3
9417,3139,Delivered,2026-07-10 11:44:27.612076,3
9418,3140,Created,2026-07-09 16:30:00,1
9419,3140,Dispatched,2026-07-09 17:47:46.340477,1
9420,3140,Delivered,2026-07-10 17:30:03.554596,1
9421,3141,Created,2026-07-09 15:00:00,1
9422,3141,Dispatched,2026-07-09 16:38:36.017334,1
9423,3141,Delivered,2026-07-12 03:40:34.249641,1
9424,3142,Created,2026-07-09 17:45:00,4
9425,3142,Dispatched,2026-07-09 22:22:53.397211,4
9426,3142,Delivered,2026-07-10 15:14:06.938227,4
9427,3143,Created,2026-07-09 11:30:00,4
9428,3143,Dispatched,2026-07-09 18:16:35.937182,4
9429,3143,Delivered,2026-07-10 08:08:18.211327,4
9430,3144,Created,2026-07-09 13:30:00,5
9431,3144,Dispatched,2026-07-09 18:17:49.034274,5
9432,3144,Delivered,2026-07-09 20:33:29.804093,5
9433,3145,Created,2026-07-09 15:15:00,1
9434,3145,Dispatched,2026-07-09 18:34:05.136945,1
9435,3145,Delivered,2026-07-10 10:00:30.146580,1
9436,3146,Created,2026-07-09 10:15:00,6
9437,3146,Dispatched,2026-07-09 17:13:59.568429,6
9438,3146,Delivered,2026-07-12 02:59:00.021101,6
9439,3147,Created,2026-07-09 17:00:00,2
9440,3147,Dispatched,2026-07-09 21:18:24.878724,2
9441,3147,Delivered,2026-07-10 06:57:44.714304,2
9442,3148,Created,2026-07-09 18:45:00,2
9443,3148,Dispatched,2026-07-09 20:28:58.776008,2
9444,3148,Delivered,2026-07-12 14:30:33.881447,2
9445,3149,Created,2026-07-09 07:15:00,5
9446,3149,Dispatched,2026-07-09 10:03:12.029313,5
9447,3149,Delivered,2026-07-10 07:39:29.425247,5
9448,3150,Created,2026-07-09 09:45:00,4
9449,3150,Dispatched,2026-07-09 16:08:33.350544,4
9450,3150,Delivered,2026-07-10 00:42:46.627806,4
9451,3151,Created,2026-07-10 16:15:00,3
9452,3151,Dispatched,2026-07-10 22:23:16.553206,3
9453,3151,Delivered,2026-07-11 07:35:56.070469,3
9454,3152,Created,2026-07-10 08:00:00,5
9455,3152,Dispatched,2026-07-10 14:48:03.331203,5
9456,3152,Delivered,2026-07-13 03:36:01.927537,5
9457,3153,Created,2026-07-10 15:15:00,6
9458,3153,Dispatched,2026-07-10 21:46:38.638360,6
9459,3153,Delivered,2026-07-11 07:59:28.916734,6
9460,3154,Created,2026-07-10 07:45:00,2
9461,3154,Dispatched,2026-07-10 09:02:06.737841,2
9462,3154,Delivered,2026-07-11 04:23:51.498422,2
9463,3155,Created,2026-07-10 18:15:00,5
9464,3155,Dispatched,2026-07-10 20:26:08.751801,5
9465,3155,Delivered,2026-07-13 14:37:37.961300,5
9466,3156,Created,2026-07-10 16:00:00,2
9467,3156,Dispatched,2026-07-10 21:22:21.735711,2
9468,3156,Delivered,2026-07-11 16:30:11.877939,2
9469,3157,Created,2026-07-10 16:45:00,5
9470,3157,Dispatched,2026-07-10 21:51:09.592068,5
9471,3157,Delivered,2026-07-10 12:25:28.567241,5
9472,3158,Created,2026-07-10 11:15:00,4
9473,3158,Dispatched,2026-07-10 16:26:22.063894,4
9474,3158,Delivered,2026-07-13 09:36:36.753421,4
9475,3159,Created,2026-07-10 10:00:00,3
9476,3159,Dispatched,2026-07-10 13:14:18.537457,3
9477,3159,Delivery Failed,2026-07-12 18:44:03.384860,3
9478,3160,Created,2026-07-10 15:45:00,2
9479,3160,Dispatched,2026-07-10 22:35:16.882715,2
9480,3160,Delivered,2026-07-13 08:45:57.032156,2
9481,3161,Created,2026-07-10 07:00:00,3
9482,3161,Dispatched,2026-07-10 11:41:58.019248,3
9483,3161,Delivered,2026-07-12 13:48:58.948711,3
9484,3162,Created,2026-07-10 12:30:00,3
9485,3162,Dispatched,2026-07-10 19:05:16.905218,3
9486,3162,Delivered,2026-07-13 02:38:00.635086,3
9487,3163,Created,2026-07-10 10:30:00,2
9488,3163,Dispatched,2026-07-10 12:55:19.336057,2
9489,3163,Delivered,2026-07-10 23:56:57.184949,2
9490,3164,Created,2026-07-10 16:15:00,1
9491,3164,Dispatched,2026-07-10 22:49:22.732445,1
9492,3164,Delivered,2026-07-11 05:01:11.583640,1
9493,3165,Created,2026-07-10 17:15:00,1
9494,3165,Dispatched,2026-07-10 19:50:18.656367,1
9495,3165,Delivered,2026-07-11 11:05:40.853838,1
9496,3166,Created,2026-07-11 15:45:00,4
9497,3166,Dispatched,2026-07-11 22:30:21.061517,4
9498,3166,Delivered,2026-07-11 13:22:02.575984,4
9499,3167,Created,2026-07-11 07:15:00,4
9500,3167,Dispatched,2026-07-11 10:56:15.544609,4
9501,3167,Delivered,2026-07-13 14:45:25.186945,4
9502,3168,Created,2026-07-11 17:15:00,5
9503,3168,Dispatched,2026-07-11 19:40:15.431096,5
9504,3168,Delivered,2026-07-12 13:56:34.428728,5
9505,3169,Created,2026-07-11 10:15:00,4
9506,3169,Dispatched,2026-07-11 16:30:25.049361,4
9507,3169,Delivered,2026-07-12 07:35:53.522654,4
9508,3170,Created,2026-07-11 10:15:00,5
9509,3170,Dispatched,2026-07-11 15:08:14.752802,5
9510,3170,Delivered,2026-07-12 07:00:30.963508,5
9511,3171,Created,2026-07-11 14:30:00,1
9512,3171,Dispatched,2026-07-11 20:57:05.810796,1
9513,3171,Delivered,2026-07-14 06:01:53.263981,1
9514,3172,Created,2026-07-11 11:00:00,6
9515,3172,Dispatched,2026-07-11 17:14:08.502395,6
9516,3172,Delivered,2026-07-14 03:46:11.132173,6
9517,3173,Created,2026-07-11 08:45:00,3
9518,3173,Dispatched,2026-07-11 13:31:36.412728,3
9519,3173,Delivered,2026-07-14 07:07:55.186898,3
9520,3174,Created,2026-07-11 14:30:00,2
9521,3174,Dispatched,2026-07-11 16:22:08.667234,2
9522,3174,Delivered,2026-07-12 03:12:10.736040,2
9523,3175,Created,2026-07-11 08:30:00,5
9524,3175,Dispatched,2026-07-11 14:16:37.948824,5
9525,3175,Delivered,2026-07-13 16:52:48.019192,5
9526,3176,Created,2026-07-11 12:30:00,1
9527,3176,Dispatched,2026-07-11 15:50:54.519523,1
9528,3176,Delivered,2026-07-13 19:44:32.762498,1
9529,3177,Created,2026-07-11 17:45:00,1
9530,3177,Dispatched,2026-07-11 21:58:29.254871,1
9531,3177,Delivered,2026-07-12 19:24:59.858861,1
9532,3178,Created,2026-07-11 16:15:00,1
9533,3178,Dispatched,2026-07-11 17:39:45.850449,1
9534,3178,Delivered,2026-07-14 12:04:24.141867,1
9535,3179,Created,2026-07-11 08:45:00,1
9536,3179,Dispatched,2026-07-11 10:53:48.497421,1
9537,3179,Delivered,2026-07-12 02:46:06.892761,1
9538,3180,Created,2026-07-11 11:15:00,2
9539,3180,Dispatched,2026-07-11 15:07:36.857125,2
9540,3180,Delivered,2026-07-14 05:38:15.460808,2
9541,3181,Created,2026-07-11 08:00:00,1
9542,3181,Dispatched,2026-07-11 11:49:05.798482,1
9543,3181,Delivered,2026-07-13 14:24:55.493861,1
9544,3182,Created,2026-07-11 08:45:00,1
9545,3182,Dispatched,2026-07-11 14:26:56.910089,1
9546,3182,Delivered,2026-07-13 18:36:54.757245,1
9547,3183,Created,2026-07-11 17:00:00,2
9548,3183,Dispatched,2026-07-11 18:08:54.812666,2
9549,3183,Delivered,2026-07-12 21:54:52.198914,2
9550,3184,Created,2026-07-11 18:45:00,1
9551,3184,Dispatched,2026-07-11 23:09:58.369899,1
9552,3184,Delivered,2026-07-12 01:02:23.503980,1
9553,3185,Created,2026-07-11 11:15:00,6
9554,3185,Dispatched,2026-07-11 17:18:16.199630,6
9555,3185,Delivered,2026-07-14 06:41:55.795808,6
9556,3186,Created,2026-07-12 07:45:00,2
9557,3186,Dispatched,2026-07-12 09:46:04.285662,2
9558,3186,Delivered,2026-07-12 01:18:58.647070,2
9559,3187,Created,2026-07-12 11:30:00,1
9560,3187,Dispatched,2026-07-12 17:01:22.185460,1
9561,3187,Delivered,2026-07-14 19:19:11.671935,1
9562,3188,Created,2026-07-12 08:00:00,1
9563,3188,Dispatched,2026-07-12 09:34:20.688426,1
9564,3188,Delivered,2026-07-13 01:15:02.116292,1
9565,3189,Created,2026-07-12 09:45:00,6
9566,3189,Dispatched,2026-07-12 11:47:03.643847,6
9567,3189,Delivery Failed,2026-07-13 13:34:38.263430,6
9568,3190,Created,2026-07-12 09:00:00,6
9569,3190,Dispatched,2026-07-12 10:16:29.739561,6
9570,3190,Delivered,2026-07-13 03:40:22.453982,6
9571,3191,Created,2026-07-12 10:45:00,1
9572,3191,Dispatched,2026-07-12 13:31:56.670758,1
9573,3191,Delivered,2026-07-13 14:21:42.592279,1
9574,3192,Created,2026-07-12 17:00:00,3
9575,3192,Dispatched,2026-07-12 23:49:37.986850,3
9576,3192,Delivery Failed,2026-07-15 06:41:03.656697,3
9577,3193,Created,2026-07-12 15:45:00,1
9578,3193,Dispatched,2026-07-12 17:32:01.631504,1
9579,3193,Delivered,2026-07-13 00:04:19.148413,1
9580,3194,Created,2026-07-12 12:15:00,5
9581,3194,Dispatched,2026-07-12 14:20:03.870520,5
9582,3194,Delivered,2026-07-13 07:40:35.359698,5
9583,3195,Created,2026-07-12 15:30:00,1
9584,3195,Dispatched,2026-07-12 18:00:22.730630,1
9585,3195,Delivered,2026-07-15 00:19:03.933796,1
9586,3196,Created,2026-07-12 07:15:00,3
9587,3196,Dispatched,2026-07-12 12:23:18.607011,3
9588,3196,Delivered,2026-07-14 20:56:33.960311,3
9589,3197,Created,2026-07-13 13:45:00,1
9590,3197,Dispatched,2026-07-13 19:55:28.789684,1
9591,3197,Delivered,2026-07-14 07:43:47.937064,1
9592,3198,Created,2026-07-13 07:15:00,2
9593,3198,Dispatched,2026-07-13 12:11:58.630409,2
9594,3198,Delivered,2026-07-16 03:33:49.835869,2
9595,3199,Created,2026-07-13 17:15:00,2
9596,3199,Dispatched,2026-07-13 22:41:25.981575,2
9597,3199,Delivered,2026-07-14 23:57:34.501632,2
9598,3200,Created,2026-07-13 17:15:00,2
9599,3200,Dispatched,2026-07-13 22:25:59.682445,2
9600,3200,Delivered,2026-07-16 03:13:06.588428,2
9601,3201,Created,2026-07-13 09:00:00,1
9602,3201,Dispatched,2026-07-13 12:55:08.084611,1
9603,3201,Delivered,2026-07-16 01:20:17.755680,1
9604,3202,Created,2026-07-13 17:30:00,3
9605,3202,Dispatched,2026-07-13 21:25:29.131006,3
9606,3202,Delivered,2026-07-16 04:44:57.305008,3
9607,3203,Created,2026-07-13 17:30:00,1
9608,3203,Dispatched,2026-07-13 21:30:27.378618,1
9609,3203,Delivered,2026-07-15 15:28:59.607754,1
9610,3204,Created,2026-07-13 14:30:00,1
9611,3204,Dispatched,2026-07-13 18:08:10.978773,1
9612,3204,Delivered,2026-07-14 07:26:48.918944,1
9613,3205,Created,2026-07-13 16:45:00,2
9614,3205,Dispatched,2026-07-13 21:21:21.800920,2
9615,3205,Delivered,2026-07-14 12:08:58.476603,2
9616,3206,Created,2026-07-13 15:45:00,1
9617,3206,Dispatched,2026-07-13 21:22:10.135476,1
9618,3206,Delivered,2026-07-16 03:34:07.837257,1
9619,3207,Created,2026-07-13 11:30:00,5
9620,3207,Dispatched,2026-07-13 16:51:15.826690,5
9621,3207,Delivered,2026-07-14 10:30:01.802613,5
9622,3208,Created,2026-07-13 15:15:00,2
9623,3208,Dispatched,2026-07-13 21:45:59.953107,2
9624,3208,Delivered,2026-07-16 08:17:36.895117,2
9625,3209,Created,2026-07-13 07:15:00,2
9626,3209,Dispatched,2026-07-13 11:03:43.688963,2
9627,3209,Delivered,2026-07-15 17:23:28.132864,2
9628,3210,Created,2026-07-13 13:00:00,2
9629,3210,Dispatched,2026-07-13 17:25:31.021286,2
9630,3210,Delivered,2026-07-16 03:23:03.757366,2
9631,3211,Created,2026-07-13 12:15:00,2
9632,3211,Dispatched,2026-07-13 14:09:26.781268,2
9633,3211,Delivered,2026-07-14 04:59:31.726969,2
9634,3212,Created,2026-07-13 10:15:00,1
9635,3212,Dispatched,2026-07-13 14:33:44.455392,1
9636,3212,Delivered,2026-07-14 09:28:57.427875,1
9637,3213,Created,2026-07-13 09:45:00,5
9638,3213,Dispatched,2026-07-13 12:55:29.833929,5
9639,3213,Delivered,2026-07-16 02:22:02.480217,5
9640,3214,Created,2026-07-13 15:15:00,2
9641,3214,Dispatched,2026-07-13 19:28:38.656607,2
9642,3214,Delivered,2026-07-16 10:46:12.854361,2
9643,3215,Created,2026-07-13 09:00:00,3
9644,3215,Dispatched,2026-07-13 15:17:18.514523,3
9645,3215,Delivered,2026-07-13 03:48:13.622113,3
9646,3216,Created,2026-07-13 10:00:00,5
9647,3216,Dispatched,2026-07-13 13:19:41.164720,5
9648,3216,Delivered,2026-07-14 05:38:43.043640,5
9649,3217,Created,2026-07-14 18:30:00,2
9650,3217,Dispatched,2026-07-15 00:08:23.917238,2
9651,3217,Delivered,2026-07-17 13:33:32.066049,2
9652,3218,Created,2026-07-14 10:15:00,1
9653,3218,Dispatched,2026-07-14 16:22:21.456043,1
9654,3218,Delivered,2026-07-17 02:13:35.265772,1
9655,3219,Created,2026-07-14 11:45:00,2
9656,3219,Dispatched,2026-07-14 16:51:07.008615,2
9657,3219,Delivered,2026-07-17 04:36:57.902835,2
9658,3220,Created,2026-07-14 16:45:00,2
9659,3220,Dispatched,2026-07-14 20:22:48.923915,2
9660,3220,Delivered,2026-07-14 10:05:28.014782,2
9661,3221,Created,2026-07-14 12:30:00,6
9662,3221,Dispatched,2026-07-14 13:31:03.474442,6
9663,3221,Delivered,2026-07-16 19:53:21.185504,6
9664,3222,Created,2026-07-14 16:45:00,1
9665,3222,Dispatched,2026-07-14 20:19:46.190176,1
9666,3222,Delivered,2026-07-17 06:29:50.148474,1
9667,3223,Created,2026-07-14 15:00:00,1
9668,3223,Dispatched,2026-07-14 20:22:00.125878,1
9669,3223,Delivered,2026-07-17 10:52:53.863450,1
9670,3224,Created,2026-07-14 16:30:00,3
9671,3224,Dispatched,2026-07-14 23:10:27.810296,3
9672,3224,Delivered,2026-07-18 10:05:20.451484,3
9673,3225,Created,2026-07-14 15:30:00,3
9674,3225,Dispatched,2026-07-14 20:40:27.452221,3
9675,3225,Delivered,2026-07-15 18:39:33.000733,3
9676,3226,Created,2026-07-14 10:30:00,3
9677,3226,Dispatched,2026-07-14 14:45:36.605879,3
9678,3226,Delivery Failed,2026-07-16 22:52:15.264101,3
9679,3227,Created,2026-07-14 09:45:00,4
9680,3227,Dispatched,2026-07-14 11:22:12.287271,4
9681,3227,Delivered,2026-07-15 01:34:00.723289,4
9682,3228,Created,2026-07-14 12:45:00,1
9683,3228,Dispatched,2026-07-14 19:13:53.550461,1
9684,3228,Delivered,2026-07-16 21:26:08.471533,1
9685,3229,Created,2026-07-15 17:45:00,3
9686,3229,Dispatched,2026-07-15 22:58:17.939055,3
9687,3229,Delivered,2026-07-18 01:02:02.561210,3
9688,3230,Created,2026-07-15 11:00:00,2
9689,3230,Dispatched,2026-07-15 14:15:22.644577,2
9690,3230,Delivered,2026-07-16 08:50:58.603760,2
9691,3231,Created,2026-07-15 12:00:00,1
9692,3231,Dispatched,2026-07-15 18:28:35.960540,1
9693,3231,Delivered,2026-07-18 09:37:00.663801,1
9694,3232,Created,2026-07-15 17:45:00,3
9695,3232,Dispatched,2026-07-15 21:31:38.041412,3
9696,3232,Delivered,2026-07-18 08:31:25.076669,3
9697,3233,Created,2026-07-15 14:30:00,6
9698,3233,Dispatched,2026-07-15 20:43:55.880298,6
9699,3233,Delivered,2026-07-18 05:29:44.781398,6
9700,3234,Created,2026-07-15 10:45:00,2
9701,3234,Dispatched,2026-07-15 16:56:25.627237,2
9702,3234,Delivered,2026-07-15 16:16:28.316572,2
9703,3235,Created,2026-07-15 12:45:00,1
9704,3235,Dispatched,2026-07-15 17:36:10.229116,1
9705,3235,Delivered,2026-07-16 15:30:19.412296,1
9706,3236,Created,2026-07-15 07:45:00,1
9707,3236,Dispatched,2026-07-15 13:53:13.910134,1
9708,3236,Delivered,2026-07-15 03:42:31.023242,1
9709,3237,Created,2026-07-15 16:30:00,2
9710,3237,Dispatched,2026-07-15 19:14:41.627559,2
9711,3237,Delivered,2026-07-17 22:33:59.558894,2
9712,3238,Created,2026-07-15 07:15:00,2
9713,3238,Dispatched,2026-07-15 11:37:53.272333,2
9714,3238,Delivered,2026-07-18 01:38:49.072532,2
9715,3239,Created,2026-07-15 10:00:00,1
9716,3239,Dispatched,2026-07-15 15:50:32.716502,1
9717,3239,Delivered,2026-07-18 07:01:49.561911,1
9718,3240,Created,2026-07-15 16:45:00,6
9719,3240,Dispatched,2026-07-15 21:22:54.437195,6
9720,3240,Delivered,2026-07-16 04:55:42.039339,6
9721,3241,Created,2026-07-16 12:00:00,3
9722,3241,Dispatched,2026-07-16 16:05:42.359856,3
9723,3241,Delivered,2026-07-17 03:14:10.109709,3
9724,3242,Created,2026-07-16 11:00:00,3
9725,3242,Dispatched,2026-07-16 13:19:44.971407,3
9726,3242,Delivered,2026-07-17 03:55:41.773851,3
9727,3243,Created,2026-07-16 15:30:00,1
9728,3243,Dispatched,2026-07-16 22:24:12.523606,1
9729,3243,Delivered,2026-07-17 13:57:35.636277,1
9730,3244,Created,2026-07-16 15:00:00,1
9731,3244,Dispatched,2026-07-16 21:59:20.889368,1
9732,3244,Delivered,2026-07-17 16:59:09.133509,1
9733,3245,Created,2026-07-16 07:30:00,1
9734,3245,Dispatched,2026-07-16 14:13:44.971265,1
9735,3245,Delivered,2026-07-20 18:56:59.980019,1
9736,3246,Created,2026-07-16 14:00:00,1
9737,3246,Dispatched,2026-07-16 17:36:23.248026,1
9738,3246,Delivery Failed,2026-07-18 22:38:54.409313,1
9739,3247,Created,2026-07-16 14:00:00,1
9740,3247,Dispatched,2026-07-16 18:29:13.325056,1
9741,3247,Delivered,2026-07-19 15:37:31.091252,1
9742,3248,Created,2026-07-16 08:30:00,2
9743,3248,Dispatched,2026-07-16 13:21:53.181647,2
9744,3248,Delivered,2026-07-19 06:35:39.928886,2
9745,3249,Created,2026-07-16 11:00:00,4
9746,3249,Dispatched,2026-07-16 15:40:02.457077,4
9747,3249,Delivered,2026-07-17 10:34:33.949486,4
9748,3250,Created,2026-07-16 16:00:00,3
9749,3250,Dispatched,2026-07-16 18:03:46.093280,3
9750,3250,Delivered,2026-07-19 01:12:12.203938,3
9751,3251,Created,2026-07-16 08:15:00,6
9752,3251,Dispatched,2026-07-16 10:35:11.193393,6
9753,3251,Delivered,2026-07-17 08:04:22.170165,6
9754,3252,Created,2026-07-16 18:45:00,1
9755,3252,Dispatched,2026-07-16 21:41:54.114731,1
9756,3252,Delivered,2026-07-17 20:38:43.600846,1
9757,3253,Created,2026-07-16 18:30:00,2
9758,3253,Dispatched,2026-07-16 20:17:59.654596,2
9759,3253,Delivered,2026-07-19 07:38:36.531428,2
9760,3254,Created,2026-07-16 09:45:00,4
9761,3254,Dispatched,2026-07-16 16:21:41.642530,4
9762,3254,Delivered,2026-07-17 04:47:29.374837,4
9763,3255,Created,2026-07-16 16:00:00,6
9764,3255,Dispatched,2026-07-16 17:21:24.630939,6
9765,3255,Delivered,2026-07-19 12:50:44.420126,6
9766,3256,Created,2026-07-16 10:45:00,5
9767,3256,Dispatched,2026-07-16 14:10:42.849971,5
9768,3256,Delivered,2026-07-18 18:30:13.648236,5
9769,3257,Created,2026-07-17 07:30:00,1
9770,3257,Dispatched,2026-07-17 14:15:09.363735,1
9771,3257,Delivered,2026-07-18 09:47:20.298227,1
9772,3258,Created,2026-07-17 16:00:00,1
9773,3258,Dispatched,2026-07-17 22:32:42.034607,1
9774,3258,Delivered,2026-07-18 15:32:43.947376,1
9775,3259,Created,2026-07-17 18:30:00,5
9776,3259,Dispatched,2026-07-17 22:24:22.963833,5
9777,3259,Delivered,2026-07-18 13:37:18.240419,5
9778,3260,Created,2026-07-17 13:30:00,3
9779,3260,Dispatched,2026-07-17 15:09:28.491722,3
9780,3260,Delivered,2026-07-20 03:20:49.248210,3
9781,3261,Created,2026-07-17 10:45:00,5
9782,3261,Dispatched,2026-07-17 17:35:04.090424,5
9783,3261,Delivered,2026-07-19 16:45:53.206492,5
9784,3262,Created,2026-07-17 12:15:00,3
9785,3262,Dispatched,2026-07-17 15:58:55.851578,3
9786,3262,Delivered,2026-07-19 18:54:07.221923,3
9787,3263,Created,2026-07-17 11:15:00,2
9788,3263,Dispatched,2026-07-17 16:55:27.841326,2
9789,3263,Delivered,2026-07-18 07:07:12.502756,2
9790,3264,Created,2026-07-17 13:00:00,4
9791,3264,Dispatched,2026-07-17 17:11:20.706652,4
9792,3264,Delivered,2026-07-20 08:24:30.019593,4
9793,3265,Created,2026-07-17 07:15:00,4
9794,3265,Dispatched,2026-07-17 13:37:08.379275,4
9795,3265,Delivered,2026-07-20 02:41:02.278226,4
9796,3266,Created,2026-07-17 11:30:00,1
9797,3266,Dispatched,2026-07-17 14:15:01.991664,1
9798,3266,Delivered,2026-07-20 03:28:01.245204,1
9799,3267,Created,2026-07-17 11:15:00,1
9800,3267,Dispatched,2026-07-17 13:51:06.282383,1
9801,3267,Delivered,2026-07-20 05:44:37.635115,1
9802,3268,Created,2026-07-17 07:00:00,3
9803,3268,Dispatched,2026-07-17 13:39:08.338292,3
9804,3268,Delivered,2026-07-18 02:20:20.788815,3
9805,3269,Created,2026-07-17 17:45:00,1
9806,3269,Dispatched,2026-07-17 21:15:34.868069,1
9807,3269,Delivered,2026-07-20 09:19:14.464992,1
9808,3270,Created,2026-07-17 13:45:00,4
9809,3270,Dispatched,2026-07-17 18:06:41.035680,4
9810,3270,Delivered,2026-07-18 16:39:27.204895,4
9811,3271,Created,2026-07-17 18:45:00,1
9812,3271,Dispatched,2026-07-18 01:02:40.775967,1
9813,3271,Delivered,2026-07-22 09:22:15.767807,1
9814,3272,Created,2026-07-17 11:15:00,3
9815,3272,Dispatched,2026-07-17 12:16:37.561757,3
9816,3272,Delivered,2026-07-18 07:35:25.582809,3
9817,3273,Created,2026-07-17 14:30:00,1
9818,3273,Dispatched,2026-07-17 16:20:55.734967,1
9819,3273,Delivered,2026-07-18 09:47:54.221033,1
9820,3274,Created,2026-07-17 11:00:00,1
9821,3274,Dispatched,2026-07-17 13:21:08.625719,1
9822,3274,Delivered,2026-07-18 02:22:28.982980,1
9823,3275,Created,2026-07-17 09:30:00,6
9824,3275,Dispatched,2026-07-17 10:33:46.585678,6
9825,3275,Delivered,2026-07-18 06:29:38.953419,6
9826,3276,Created,2026-07-17 13:15:00,6
9827,3276,Dispatched,2026-07-17 16:16:30.356570,6
9828,3276,Delivered,2026-07-20 01:44:54.093459,6
9829,3277,Created,2026-07-18 08:00:00,2
9830,3277,Dispatched,2026-07-18 14:30:19.307683,2
9831,3277,Delivered,2026-07-21 02:45:13.202157,2
9832,3278,Created,2026-07-18 10:45:00,1
9833,3278,Dispatched,2026-07-18 15:53:07.561359,1
9834,3278,Delivered,2026-07-21 05:38:39.562055,1
9835,3279,Created,2026-07-18 08:15:00,5
9836,3279,Dispatched,2026-07-18 15:03:55.255498,5
9837,3279,Delivered,2026-07-19 03:58:19.345595,5
9838,3280,Created,2026-07-18 11:00:00,5
9839,3280,Dispatched,2026-07-18 13:23:04.130813,5
9840,3280,Delivered,2026-07-20 22:22:26.202718,5
9841,3281,Created,2026-07-18 10:15:00,2
9842,3281,Dispatched,2026-07-18 14:24:07.548540,2
9843,3281,Delivered,2026-07-19 12:00:35.000718,2
9844,3282,Created,2026-07-18 17:15:00,5
9845,3282,Dispatched,2026-07-19 00:00:41.889169,5
9846,3282,Delivered,2026-07-21 02:37:55.748915,5
9847,3283,Created,2026-07-18 14:45:00,1
9848,3283,Dispatched,2026-07-18 17:37:43.344392,1
9849,3283,Delivered,2026-07-21 06:59:27.688315,1
9850,3284,Created,2026-07-18 14:45:00,6
9851,3284,Dispatched,2026-07-18 18:56:49.413876,6
9852,3284,Delivered,2026-07-21 03:59:45.536524,6
9853,3285,Created,2026-07-18 17:00:00,3
9854,3285,Dispatched,2026-07-18 18:57:17.386229,3
9855,3285,Delivered,2026-07-23 03:33:47.337195,3
9856,3286,Created,2026-07-18 14:30:00,4
9857,3286,Dispatched,2026-07-18 17:00:35.646670,4
9858,3286,Delivered,2026-07-20 04:47:52.836524,4
9859,3287,Created,2026-07-18 18:30:00,2
9860,3287,Dispatched,2026-07-19 00:24:53.977693,2
9861,3287,Delivered,2026-07-21 16:41:03.086316,2
9862,3288,Created,2026-07-18 12:15:00,4
9863,3288,Dispatched,2026-07-18 15:20:13.262878,4
9864,3288,Delivered,2026-07-19 02:06:08.716407,4
9865,3289,Created,2026-07-18 07:30:00,6
9866,3289,Dispatched,2026-07-18 10:56:18.753044,6
9867,3289,Delivered,2026-07-19 01:38:03.050928,6
9868,3290,Created,2026-07-18 12:00:00,6
9869,3290,Dispatched,2026-07-18 13:23:50.272275,6
9870,3290,Delivered,2026-07-19 12:23:50.562451,6
9871,3291,Created,2026-07-18 16:30:00,3
9872,3291,Dispatched,2026-07-18 18:45:46.016855,3
9873,3291,Delivered,2026-07-21 13:39:31.924037,3
9874,3292,Created,2026-07-18 11:45:00,4
9875,3292,Dispatched,2026-07-18 18:19:49.778796,4
9876,3292,Delivered,2026-07-19 04:48:55.014449,4
9877,3293,Created,2026-07-18 14:30:00,1
9878,3293,Dispatched,2026-07-18 17:33:22.474609,1
9879,3293,Delivered,2026-07-21 05:41:29.280127,1
9880,3294,Created,2026-07-19 17:15:00,4
9881,3294,Dispatched,2026-07-19 21:28:41.393652,4
9882,3294,Delivered,2026-07-20 13:35:36.009034,4
9883,3295,Created,2026-07-19 16:30:00,1
9884,3295,Dispatched,2026-07-19 17:41:48.268659,1
9885,3295,Delivered,2026-07-19 19:05:18.733852,1
9886,3296,Created,2026-07-19 18:30:00,1
9887,3296,Dispatched,2026-07-20 00:18:44.187221,1
9888,3296,Delivered,2026-07-22 08:55:12.548896,1
9889,3297,Created,2026-07-19 15:15:00,2
9890,3297,Dispatched,2026-07-19 19:10:03.068971,2
9891,3297,Delivered,2026-07-22 07:27:22.264129,2
9892,3298,Created,2026-07-19 16:00:00,1
9893,3298,Dispatched,2026-07-19 21:14:58.759692,1
9894,3298,Delivered,2026-07-20 15:26:40.898415,1
9895,3299,Created,2026-07-19 14:15:00,5
9896,3299,Dispatched,2026-07-19 15:44:14.195553,5
9897,3299,Delivered,2026-07-19 19:16:04.412840,5
9898,3300,Created,2026-07-19 17:45:00,1
9899,3300,Dispatched,2026-07-19 20:00:56.890679,1
9900,3300,Delivered,2026-07-22 13:54:35.192182,1
9901,3301,Created,2026-07-19 13:45:00,5
9902,3301,Dispatched,2026-07-19 18:40:32.656662,5
9903,3301,Delivered,2026-07-22 02:10:53.500092,5
9904,3302,Created,2026-07-19 07:45:00,1
9905,3302,Dispatched,2026-07-19 12:27:24.042626,1
9906,3302,Delivered,2026-07-22 05:59:52.249841,1
9907,3303,Created,2026-07-19 11:15:00,6
9908,3303,Dispatched,2026-07-19 14:14:50.453222,6
9909,3303,Delivered,2026-07-21 16:15:31.251851,6
9910,3304,Created,2026-07-19 16:00:00,3
9911,3304,Dispatched,2026-07-19 17:11:39.484746,3
9912,3304,Delivered,2026-07-20 06:54:34.027071,3
9913,3305,Created,2026-07-19 17:30:00,1
9914,3305,Dispatched,2026-07-19 22:24:08.278578,1
9915,3305,Delivered,2026-07-20 11:23:48.300334,1
9916,3306,Created,2026-07-19 15:45:00,6
9917,3306,Dispatched,2026-07-19 22:10:41.091001,6
9918,3306,Delivered,2026-07-20 05:39:49.940530,6
9919,3307,Created,2026-07-19 17:15:00,5
9920,3307,Dispatched,2026-07-19 23:17:20.835072,5
9921,3307,Delivered,2026-07-22 00:32:54.240635,5
9922,3308,Created,2026-07-19 15:15:00,1
9923,3308,Dispatched,2026-07-19 21:36:39.025502,1
9924,3308,Delivered,2026-07-22 16:08:50.128937,1
9925,3309,Created,2026-07-19 10:15:00,1
9926,3309,Dispatched,2026-07-19 14:47:28.601012,1
9927,3309,Delivered,2026-07-20 08:16:12.117539,1
9928,3310,Created,2026-07-19 17:30:00,1
9929,3310,Dispatched,2026-07-19 20:37:08.295631,1
9930,3310,Delivered,2026-07-22 14:08:18.474342,1
9931,3311,Created,2026-07-19 14:15:00,2
9932,3311,Dispatched,2026-07-19 18:38:22.986509,2
9933,3311,Delivered,2026-07-20 04:38:24.722336,2
9934,3312,Created,2026-07-19 09:45:00,6
9935,3312,Dispatched,2026-07-19 15:12:48.313495,6
9936,3312,Delivered,2026-07-20 13:55:09.143644,6
9937,3313,Created,2026-07-19 17:45:00,2
9938,3313,Dispatched,2026-07-19 21:18:12.815547,2
9939,3313,Delivered,2026-07-20 21:24:49.754937,2
9940,3314,Created,2026-07-20 08:00:00,1
9941,3314,Dispatched,2026-07-20 10:57:08.028527,1
9942,3314,Delivered,2026-07-21 12:06:19.434312,1
9943,3315,Created,2026-07-20 16:00:00,1
9944,3315,Dispatched,2026-07-20 17:45:25.919897,1
9945,3315,Delivered,2026-07-23 00:32:59.943798,1
9946,3316,Created,2026-07-20 17:15:00,1
9947,3316,Dispatched,2026-07-20 22:12:12.113341,1
9948,3316,Delivered,2026-07-21 07:11:34.738415,1
9949,3317,Created,2026-07-20 12:30:00,3
9950,3317,Dispatched,2026-07-20 17:42:25.057214,3
9951,3317,Delivered,2026-07-23 05:36:33.199883,3
9952,3318,Created,2026-07-20 15:00:00,4
9953,3318,Dispatched,2026-07-20 19:52:03.108691,4
9954,3318,Delivered,2026-07-22 16:52:05.415875,4
9955,3319,Created,2026-07-20 10:45:00,1
9956,3319,Dispatched,2026-07-20 12:25:23.734816,1
9957,3319,Delivered,2026-07-23 08:01:20.382530,1
9958,3320,Created,2026-07-20 17:30:00,2
9959,3320,Dispatched,2026-07-20 21:46:24.036110,2
9960,3320,Delivered,2026-07-23 13:49:56.920158,2
9961,3321,Created,2026-07-20 09:30:00,5
9962,3321,Dispatched,2026-07-20 14:18:24.057446,5
9963,3321,Delivered,2026-07-21 05:16:30.647019,5
9964,3322,Created,2026-07-20 10:00:00,6
9965,3322,Dispatched,2026-07-20 13:06:39.117069,6
9966,3322,Delivered,2026-07-20 22:58:48.277100,6
9967,3323,Created,2026-07-20 14:15:00,1
9968,3323,Dispatched,2026-07-20 18:20:51.764995,1
9969,3323,Delivered,2026-07-22 17:23:11.605085,1
9970,3324,Created,2026-07-20 09:00:00,1
9971,3324,Dispatched,2026-07-20 10:04:58.180116,1
9972,3324,Delivered,2026-07-21 00:34:02.039654,1
9973,3325,Created,2026-07-20 17:45:00,3
9974,3325,Dispatched,2026-07-21 00:15:00.643598,3
9975,3325,Delivered,2026-07-23 02:04:34.920832,3
9976,3326,Created,2026-07-20 16:15:00,2
9977,3326,Dispatched,2026-07-20 20:30:00.203478,2
9978,3326,Delivered,2026-07-23 03:56:56.657843,2
9979,3327,Created,2026-07-20 07:30:00,2
9980,3327,Dispatched,2026-07-20 11:23:18.963820,2
9981,3327,Delivered,2026-07-20 03:52:06.861480,2
9982,3328,Created,2026-07-20 11:15:00,4
9983,3328,Dispatched,2026-07-20 16:51:56.523313,4
9984,3328,Delivered,2026-07-23 00:20:06.173204,4
9985,3329,Created,2026-07-20 12:45:00,6
9986,3329,Dispatched,2026-07-20 15:29:47.335921,6
9987,3329,Delivered,2026-07-20 12:12:59.379739,6
9988,3330,Created,2026-07-21 11:15:00,3
9989,3330,Dispatched,2026-07-21 16:55:33.123780,3
9990,3330,Delivered,2026-07-24 02:11:41.721463,3
9991,3331,Created,2026-07-21 11:45:00,2
9992,3331,Dispatched,2026-07-21 13:36:35.451700,2
9993,3331,Delivered,2026-07-22 03:47:30.547284,2
9994,3332,Created,2026-07-21 16:00:00,4
9995,3332,Dispatched,2026-07-21 20:21:52.981517,4
9996,3332,Delivered,2026-07-21 15:45:46.091914,4
9997,3333,Created,2026-07-21 07:45:00,2
9998,3333,Dispatched,2026-07-21 13:08:18.855682,2
9999,3333,Delivered,2026-07-21 04:22:04.080206,2
10000,3334,Created,2026-07-21 10:00:00,3
10001,3334,Dispatched,2026-07-21 14:30:20.215066,3
10002,3334,Delivered,2026-07-23 20:54:41.153527,3
10003,3335,Created,2026-07-21 10:00:00,5
10004,3335,Dispatched,2026-07-21 15:04:29.760015,5
10005,3335,Delivered,2026-07-22 06:02:25.119414,5
10006,3336,Created,2026-07-21 13:15:00,1
10007,3336,Dispatched,2026-07-21 14:35:59.100872,1
10008,3336,Delivered,2026-07-26 03:12:10.196442,1
10009,3337,Created,2026-07-21 09:30:00,6
10010,3337,Dispatched,2026-07-21 14:29:59.947000,6
10011,3337,Delivered,2026-07-24 00:41:15.295044,6
10012,3338,Created,2026-07-21 18:30:00,2
10013,3338,Dispatched,2026-07-22 00:45:19.347516,2
10014,3338,Delivered,2026-07-22 09:11:29.387146,2
10015,3339,Created,2026-07-21 14:30:00,3
10016,3339,Dispatched,2026-07-21 17:28:47.140644,3
10017,3339,Delivered,2026-07-24 10:45:57.962445,3
10018,3340,Created,2026-07-21 08:30:00,3
10019,3340,Dispatched,2026-07-21 15:18:21.643725,3
10020,3340,Delivered,2026-07-23 17:27:32.824701,3
10021,3341,Created,2026-07-21 15:00:00,1
10022,3341,Dispatched,2026-07-21 16:09:00.128183,1
10023,3341,Delivered,2026-07-26 01:57:51.626063,1
10024,3342,Created,2026-07-21 16:45:00,1
10025,3342,Dispatched,2026-07-21 22:44:38.871925,1
10026,3342,Delivered,2026-07-22 18:40:34.562142,1
10027,3343,Created,2026-07-21 07:15:00,1
10028,3343,Dispatched,2026-07-21 09:41:09.341121,1
10029,3343,Delivered,2026-07-23 13:57:27.240725,1
10030,3344,Created,2026-07-21 09:00:00,1
10031,3344,Dispatched,2026-07-21 15:54:18.942932,1
10032,3344,Delivered,2026-07-22 05:42:20.200671,1
10033,3345,Created,2026-07-21 10:15:00,4
10034,3345,Dispatched,2026-07-21 15:56:40.846204,4
10035,3345,Delivered,2026-07-25 19:09:27.745147,4
10036,3346,Created,2026-07-21 13:45:00,1
10037,3346,Dispatched,2026-07-21 17:37:22.600410,1
10038,3346,Delivered,2026-07-23 20:27:56.387653,1
10039,3347,Created,2026-07-21 07:00:00,3
10040,3347,Dispatched,2026-07-21 12:29:22.405608,3
10041,3347,Delivered,2026-07-23 20:10:17.721938,3
10042,3348,Created,2026-07-21 13:00:00,6
10043,3348,Dispatched,2026-07-21 14:44:46.019192,6
10044,3348,Delivered,2026-07-22 04:52:58.588409,6
10045,3349,Created,2026-07-21 15:15:00,2
10046,3349,Dispatched,2026-07-21 20:18:14.080262,2
10047,3349,Delivered,2026-07-24 17:21:23.948196,2
10048,3350,Created,2026-07-22 09:15:00,4
10049,3350,Dispatched,2026-07-22 12:59:19.807755,4
10050,3350,Delivered,2026-07-23 02:17:33.921443,4
10051,3351,Created,2026-07-22 17:30:00,1
10052,3351,Dispatched,2026-07-22 19:28:14.354741,1
10053,3351,Delivered,2026-07-25 03:09:32.115300,1
10054,3352,Created,2026-07-22 07:00:00,4
10055,3352,Dispatched,2026-07-22 09:23:04.878362,4
10056,3352,Delivered,2026-07-24 20:19:53.955357,4
10057,3353,Created,2026-07-22 07:45:00,4
10058,3353,Dispatched,2026-07-22 11:48:12.123412,4
10059,3353,Delivered,2026-07-24 14:48:48.264219,4
10060,3354,Created,2026-07-22 15:00:00,1
10061,3354,Dispatched,2026-07-22 16:25:26.694296,1
10062,3354,Delivered,2026-07-26 12:50:48.345597,1
10063,3355,Created,2026-07-22 17:15:00,1
10064,3355,Dispatched,2026-07-22 18:32:47.032106,1
10065,3355,Delivered,2026-07-24 19:33:27.946253,1
10066,3356,Created,2026-07-22 16:15:00,1
10067,3356,Dispatched,2026-07-22 20:15:58.261016,1
10068,3356,Delivered,2026-07-25 00:09:44.890119,1
10069,3357,Created,2026-07-22 17:15:00,4
10070,3357,Dispatched,2026-07-22 22:36:05.393386,4
10071,3357,Delivered,2026-07-24 22:49:22.644976,4
10072,3358,Created,2026-07-22 16:45:00,1
10073,3358,Dispatched,2026-07-22 22:35:08.499845,1
10074,3358,Delivered,2026-07-23 13:39:34.198142,1
10075,3359,Created,2026-07-22 08:00:00,1
10076,3359,Dispatched,2026-07-22 12:16:44.238034,1
10077,3359,Delivered,2026-07-23 10:45:16.633565,1
10078,3360,Created,2026-07-22 18:30:00,5
10079,3360,Dispatched,2026-07-22 21:37:33.634297,5
10080,3360,Delivered,2026-07-25 15:38:36.664079,5
10081,3361,Created,2026-07-22 07:45:00,3
10082,3361,Dispatched,2026-07-22 10:49:53.306506,3
10083,3361,Delivered,2026-07-26 10:25:58.189618,3
10084,3362,Created,2026-07-23 13:45:00,2
10085,3362,Dispatched,2026-07-23 18:19:44.613969,2
10086,3362,Delivered,2026-07-26 08:32:59.393429,2
10087,3363,Created,2026-07-23 14:30:00,1
10088,3363,Dispatched,2026-07-23 20:03:50.917248,1
10089,3363,Delivered,2026-07-25 23:02:47.026841,1
10090,3364,Created,2026-07-23 09:00:00,2
10091,3364,Dispatched,2026-07-23 10:06:40.184642,2
10092,3364,Delivered,2026-07-24 07:25:12.582690,2
10093,3365,Created,2026-07-23 07:30:00,6
10094,3365,Dispatched,2026-07-23 10:32:45.275256,6
10095,3365,Delivered,2026-07-25 01:51:26.546469,6
10096,3366,Created,2026-07-23 16:15:00,6
10097,3366,Dispatched,2026-07-23 18:32:47.551777,6
10098,3366,Delivered,2026-07-26 08:19:35.129549,6
10099,3367,Created,2026-07-23 18:30:00,5
10100,3367,Dispatched,2026-07-23 20:39:04.226796,5
10101,3367,Delivered,2026-07-26 01:11:20.467940,5
10102,3368,Created,2026-07-23 16:15:00,3
10103,3368,Dispatched,2026-07-23 17:23:34.034033,3
10104,3368,Delivered,2026-07-26 01:08:47.306797,3
10105,3369,Created,2026-07-23 07:30:00,5
10106,3369,Dispatched,2026-07-23 12:14:31.693827,5
10107,3369,Delivered,2026-07-23 21:18:35.977868,5
10108,3370,Created,2026-07-23 15:45:00,1
10109,3370,Dispatched,2026-07-23 18:01:20.673203,1
10110,3370,Delivered,2026-07-28 09:57:23.545860,1
10111,3371,Created,2026-07-23 13:30:00,1
10112,3371,Dispatched,2026-07-23 19:03:34.459472,1
10113,3371,Delivered,2026-07-24 14:39:12.738829,1
10114,3372,Created,2026-07-23 09:00:00,1
10115,3372,Dispatched,2026-07-23 10:02:58.355016,1
10116,3372,Delivered,2026-07-25 22:07:27.952644,1
10117,3373,Created,2026-07-23 11:30:00,2
10118,3373,Dispatched,2026-07-23 13:10:38.506308,2
10119,3373,Delivered,2026-07-24 08:02:48.662796,2
10120,3374,Created,2026-07-24 11:30:00,5
10121,3374,Dispatched,2026-07-24 13:46:01.703754,5
10122,3374,Delivery Failed,2026-07-26 21:23:21.318930,5
10123,3375,Created,2026-07-24 15:30:00,1
10124,3375,Dispatched,2026-07-24 16:55:41.069616,1
10125,3375,Delivered,2026-07-25 19:46:55.125780,1
10126,3376,Created,2026-07-24 15:15:00,4
10127,3376,Dispatched,2026-07-24 20:25:50.319339,4
10128,3376,Delivered,2026-07-27 06:13:46.430183,4
10129,3377,Created,2026-07-24 12:00:00,4
10130,3377,Dispatched,2026-07-24 16:04:10.942547,4
10131,3377,Delivered,2026-07-25 02:26:02.124822,4
10132,3378,Created,2026-07-24 15:00:00,1
10133,3378,Dispatched,2026-07-24 20:33:47.835263,1
10134,3378,Delivered,2026-07-25 17:02:56.999205,1
10135,3379,Created,2026-07-24 12:45:00,1
10136,3379,Dispatched,2026-07-24 18:19:44.301980,1
10137,3379,Delivered,2026-07-25 10:16:01.606595,1
10138,3380,Created,2026-07-24 13:15:00,4
10139,3380,Dispatched,2026-07-24 16:03:20.143575,4
10140,3380,Delivered,2026-07-27 05:46:12.392693,4
10141,3381,Created,2026-07-24 14:30:00,3
10142,3381,Dispatched,2026-07-24 17:02:39.225170,3
10143,3381,Delivered,2026-07-28 14:34:01.494390,3
10144,3382,Created,2026-07-24 18:30:00,2
10145,3382,Dispatched,2026-07-24 21:50:31.177433,2
10146,3382,Delivered,2026-07-27 03:37:44.484470,2
10147,3383,Created,2026-07-24 16:45:00,1
10148,3383,Dispatched,2026-07-24 20:37:28.577562,1
10149,3383,Delivered,2026-07-27 13:46:05.483588,1
10150,3384,Created,2026-07-24 12:15:00,5
10151,3384,Dispatched,2026-07-24 15:04:58.952712,5
10152,3384,Delivered,2026-07-27 18:50:01.988331,5
10153,3385,Created,2026-07-24 14:15:00,3
10154,3385,Dispatched,2026-07-24 20:56:12.727807,3
10155,3385,Delivered,2026-07-27 10:03:19.693905,3
10156,3386,Created,2026-07-24 09:30:00,6
10157,3386,Dispatched,2026-07-24 12:17:15.122984,6
10158,3386,Delivered,2026-07-28 15:41:51.653316,6
10159,3387,Created,2026-07-24 15:15:00,1
10160,3387,Dispatched,2026-07-24 17:16:56.740457,1
10161,3387,Delivered,2026-07-25 07:25:48.197156,1
10162,3388,Created,2026-07-24 09:45:00,1
10163,3388,Dispatched,2026-07-24 13:52:02.654503,1
10164,3388,Delivered,2026-07-26 17:25:16.732596,1
10165,3389,Created,2026-07-24 14:30:00,6
10166,3389,Dispatched,2026-07-24 17:47:58.452015,6
10167,3389,Delivered,2026-07-27 05:19:30.493587,6
10168,3390,Created,2026-07-24 08:15:00,1
10169,3390,Dispatched,2026-07-24 13:25:46.510986,1
10170,3390,Delivered,2026-07-24 00:48:35.005330,1
10171,3391,Created,2026-07-24 16:00:00,3
10172,3391,Dispatched,2026-07-24 18:11:05.709489,3
10173,3391,Delivered,2026-07-24 13:33:30.389870,3
10174,3392,Created,2026-07-24 12:45:00,4
10175,3392,Dispatched,2026-07-24 19:34:38.367407,4
10176,3392,Delivered,2026-07-29 06:54:21.261456,4
10177,3393,Created,2026-07-24 14:00:00,2
10178,3393,Dispatched,2026-07-24 17:41:15.498468,2
10179,3393,Delivered,2026-07-25 16:14:47.554465,2
10180,3394,Created,2026-07-24 16:15:00,5
10181,3394,Dispatched,2026-07-24 22:17:47.821194,5
10182,3394,Delivered,2026-07-29 08:47:46.650518,5
10183,3395,Created,2026-07-24 15:00:00,1
10184,3395,Dispatched,2026-07-24 20:19:57.376639,1
10185,3395,Delivered,2026-07-26 23:27:45.936503,1
10186,3396,Created,2026-07-24 10:15:00,1
10187,3396,Dispatched,2026-07-24 15:47:45.423469,1
10188,3396,Delivered,2026-07-25 14:13:00.994429,1
10189,3397,Created,2026-07-24 11:30:00,6
10190,3397,Dispatched,2026-07-24 14:13:12.565661,6
10191,3397,Delivered,2026-07-25 01:46:09.569651,6
10192,3398,Created,2026-07-25 16:00:00,1
10193,3398,Dispatched,2026-07-25 18:46:24.145805,1
10194,3398,Delivered,2026-07-26 06:35:21.746552,1
10195,3399,Created,2026-07-25 16:00:00,5
10196,3399,Dispatched,2026-07-25 22:48:52.629981,5
10197,3399,Delivered,2026-07-26 16:48:54.577226,5
10198,3400,Created,2026-07-25 12:15:00,1
10199,3400,Dispatched,2026-07-25 15:51:01.985011,1
10200,3400,Delivered,2026-07-26 00:48:35.310978,1
10201,3401,Created,2026-07-25 12:00:00,4
10202,3401,Dispatched,2026-07-25 14:19:10.816312,4
10203,3401,Delivered,2026-07-26 13:09:37.874358,4
10204,3402,Created,2026-07-25 07:45:00,1
10205,3402,Dispatched,2026-07-25 13:57:36.228880,1
10206,3402,Delivered,2026-07-29 11:16:21.188765,1
10207,3403,Created,2026-07-25 12:30:00,3
10208,3403,Dispatched,2026-07-25 16:17:09.628254,3
10209,3403,Delivered,2026-07-28 02:37:17.114765,3
10210,3404,Created,2026-07-25 09:00:00,2
10211,3404,Dispatched,2026-07-25 14:18:22.643604,2
10212,3404,Delivered,2026-07-26 15:07:52.060262,2
10213,3405,Created,2026-07-25 09:45:00,1
10214,3405,Dispatched,2026-07-25 12:38:49.995013,1
10215,3405,Delivered,2026-07-28 04:18:16.150431,1
10216,3406,Created,2026-07-25 09:45:00,5
10217,3406,Dispatched,2026-07-25 15:19:58.335382,5
10218,3406,Delivery Failed,2026-07-25 18:28:30.031472,5
10219,3407,Created,2026-07-25 18:15:00,3
10220,3407,Dispatched,2026-07-25 22:09:44.493040,3
10221,3407,Delivered,2026-07-28 01:08:10.334823,3
10222,3408,Created,2026-07-25 09:15:00,1
10223,3408,Dispatched,2026-07-25 11:50:52.941515,1
10224,3408,Delivered,2026-07-30 03:24:37.912314,1
10225,3409,Created,2026-07-25 08:45:00,3
10226,3409,Dispatched,2026-07-25 11:22:29.726402,3
10227,3409,Delivered,2026-07-28 07:09:19.229902,3
10228,3410,Created,2026-07-25 18:45:00,2
10229,3410,Dispatched,2026-07-25 22:38:19.550415,2
10230,3410,Delivered,2026-07-26 18:49:26.348714,2
10231,3411,Created,2026-07-25 11:45:00,4
10232,3411,Dispatched,2026-07-25 14:33:47.979134,4
10233,3411,Delivered,2026-07-27 07:50:42.386278,4
10234,3412,Created,2026-07-25 07:00:00,1
10235,3412,Dispatched,2026-07-25 12:39:45.306155,1
10236,3412,Delivered,2026-07-26 04:01:52.363722,1
10237,3413,Created,2026-07-25 09:00:00,1
10238,3413,Dispatched,2026-07-25 12:26:40.511801,1
10239,3413,Delivered,2026-07-29 14:17:33.244884,1
10240,3414,Created,2026-07-25 07:45:00,1
10241,3414,Dispatched,2026-07-25 09:03:14.763310,1
10242,3414,Delivered,2026-07-28 03:28:50.759483,1
10243,3415,Created,2026-07-26 17:00:00,4
10244,3415,Dispatched,2026-07-26 19:32:19.498112,4
10245,3415,Delivered,2026-07-29 06:40:11.192432,4
10246,3416,Created,2026-07-26 14:30:00,3
10247,3416,Dispatched,2026-07-26 20:23:46.262469,3
10248,3416,Delivered,2026-07-30 02:10:12.449211,3
10249,3417,Created,2026-07-26 09:45:00,2
10250,3417,Dispatched,2026-07-26 13:28:43.980533,2
10251,3417,Delivered,2026-07-26 22:55:35.067167,2
10252,3418,Created,2026-07-26 17:45:00,1
10253,3418,Dispatched,2026-07-26 21:35:21.592377,1
10254,3418,Delivered,2026-07-26 14:07:11.130772,1
10255,3419,Created,2026-07-26 14:45:00,4
10256,3419,Dispatched,2026-07-26 21:33:14.050673,4
10257,3419,Delivered,2026-07-29 07:36:25.879367,4
10258,3420,Created,2026-07-26 09:15:00,3
10259,3420,Dispatched,2026-07-26 13:26:43.908172,3
10260,3420,Delivered,2026-07-29 06:11:18.892456,3
10261,3421,Created,2026-07-26 09:45:00,4
10262,3421,Dispatched,2026-07-26 11:42:11.346001,4
10263,3421,Delivered,2026-07-28 17:14:43.710661,4
10264,3422,Created,2026-07-26 15:45:00,5
10265,3422,Dispatched,2026-07-26 20:49:42.832079,5
10266,3422,Delivered,2026-07-29 05:32:43.913035,5
10267,3423,Created,2026-07-26 15:15:00,1
10268,3423,Dispatched,2026-07-26 21:36:50.442138,1
10269,3423,Delivered,2026-07-29 06:18:48.547718,1
10270,3424,Created,2026-07-26 09:15:00,1
10271,3424,Dispatched,2026-07-26 11:01:10.303945,1
10272,3424,Delivered,2026-07-28 15:35:25.949212,1
10273,3425,Created,2026-07-26 15:15:00,5
10274,3425,Dispatched,2026-07-26 17:58:13.188952,5
10275,3425,Delivered,2026-07-27 16:40:19.800484,5
10276,3426,Created,2026-07-26 13:15:00,4
10277,3426,Dispatched,2026-07-26 14:56:52.543880,4
10278,3426,Delivered,2026-07-30 13:52:45.919837,4
10279,3427,Created,2026-07-26 09:00:00,3
10280,3427,Dispatched,2026-07-26 15:21:29.822160,3
10281,3427,Delivered,2026-07-28 19:25:05.811956,3
10282,3428,Created,2026-07-26 14:45:00,6
10283,3428,Dispatched,2026-07-26 20:25:21.072352,6
10284,3428,Delivered,2026-07-28 20:55:54.929849,6
10285,3429,Created,2026-07-27 17:15:00,2
10286,3429,Dispatched,2026-07-27 18:51:04.894328,2
10287,3429,Delivered,2026-07-30 08:28:45.877170,2
10288,3430,Created,2026-07-27 10:30:00,4
10289,3430,Dispatched,2026-07-27 13:42:34.035167,4
10290,3430,Delivered,2026-07-28 10:26:55.636402,4
10291,3431,Created,2026-07-27 09:45:00,4
10292,3431,Dispatched,2026-07-27 14:25:06.225243,4
10293,3431,Delivered,2026-07-28 01:19:38.524740,4
10294,3432,Created,2026-07-27 10:30:00,3
10295,3432,Dispatched,2026-07-27 13:27:02.784292,3
10296,3432,Delivered,2026-07-30 07:04:31.462986,3
10297,3433,Created,2026-07-27 17:00:00,3
10298,3433,Dispatched,2026-07-27 18:57:03.944704,3
10299,3433,Delivered,2026-07-30 13:12:22.258264,3
10300,3434,Created,2026-07-27 09:30:00,6
10301,3434,Dispatched,2026-07-27 15:34:57.782635,6
10302,3434,Delivered,2026-07-29 18:34:26.942545,6
10303,3435,Created,2026-07-27 18:30:00,4
10304,3435,Dispatched,2026-07-27 21:03:46.574451,4
10305,3435,Delivered,2026-07-30 03:41:07.608474,4
10306,3436,Created,2026-07-27 14:00:00,5
10307,3436,Dispatched,2026-07-27 17:09:12.201254,5
10308,3436,Delivered,2026-07-28 19:47:26.186127,5
10309,3437,Created,2026-07-27 11:00:00,5
10310,3437,Dispatched,2026-07-27 12:55:01.653986,5
10311,3437,Delivery Failed,2026-07-29 21:56:40.901169,5
10312,3438,Created,2026-07-27 07:00:00,5
10313,3438,Dispatched,2026-07-27 10:34:07.271563,5
10314,3438,Delivered,2026-07-28 10:37:29.061407,5
10315,3439,Created,2026-07-27 08:30:00,5
10316,3439,Dispatched,2026-07-27 12:39:37.770529,5
10317,3439,Delivered,2026-07-28 00:32:56.563760,5
10318,3440,Created,2026-07-27 18:45:00,1
10319,3440,Dispatched,2026-07-27 20:37:02.965964,1
10320,3440,Delivered,2026-07-30 12:01:07.959635,1
10321,3441,Created,2026-07-27 16:00:00,2
10322,3441,Dispatched,2026-07-27 18:15:36.711401,2
10323,3441,Delivered,2026-07-28 14:50:09.139918,2
10324,3442,Created,2026-07-27 14:00:00,3
10325,3442,Dispatched,2026-07-27 19:46:34.477978,3
10326,3442,Delivered,2026-07-28 17:30:59.300122,3
10327,3443,Created,2026-07-27 09:15:00,5
10328,3443,Dispatched,2026-07-27 13:15:13.634544,5
10329,3443,Delivered,2026-07-29 15:52:43.446099,5
10330,3444,Created,2026-07-27 15:30:00,3
10331,3444,Dispatched,2026-07-27 21:10:47.859007,3
10332,3444,Delivered,2026-07-28 13:11:34.858668,3
10333,3445,Created,2026-07-27 18:30:00,2
10334,3445,Dispatched,2026-07-27 22:00:09.834897,2
10335,3445,Delivered,2026-07-27 19:49:14.642229,2
10336,3446,Created,2026-07-27 11:15:00,1
10337,3446,Dispatched,2026-07-27 17:47:19.019890,1
10338,3446,Delivered,2026-07-29 10:40:33.094362,1
10339,3447,Created,2026-07-28 13:30:00,2
10340,3447,Dispatched,2026-07-28 14:48:23.302779,2
10341,3447,Delivered,2026-07-31 07:16:20.230938,2
10342,3448,Created,2026-07-28 09:30:00,3
10343,3448,Dispatched,2026-07-28 15:36:20.993946,3
10344,3448,Delivered,2026-07-30 19:33:11.787216,3
10345,3449,Created,2026-07-28 14:15:00,1
10346,3449,Dispatched,2026-07-28 15:31:49.212718,1
10347,3449,Delivered,2026-07-31 12:01:59.850607,1
10348,3450,Created,2026-07-28 14:00:00,4
10349,3450,Dispatched,2026-07-28 19:33:24.621813,4
10350,3450,Delivered,2026-07-29 17:27:40.310458,4
10351,3451,Created,2026-07-28 07:30:00,1
10352,3451,Dispatched,2026-07-28 13:51:09.470994,1
10353,3451,Delivered,2026-07-31 12:08:44.420425,1
10354,3452,Created,2026-07-28 08:00:00,4
10355,3452,Dispatched,2026-07-28 13:43:56.432426,4
10356,3452,Delivered,2026-07-30 19:17:24.461182,4
10357,3453,Created,2026-07-28 10:00:00,2
10358,3453,Dispatched,2026-07-28 13:35:03.338703,2
10359,3453,Delivered,2026-07-29 01:32:05.431641,2
10360,3454,Created,2026-07-28 13:15:00,1
10361,3454,Dispatched,2026-07-28 19:28:08.947628,1
10362,3454,Delivered,2026-07-29 10:57:07.455883,1
10363,3455,Created,2026-07-28 07:30:00,2
10364,3455,Dispatched,2026-07-28 11:05:55.208950,2
10365,3455,Delivered,2026-07-30 22:00:05.075065,2
10366,3456,Created,2026-07-28 10:30:00,5
10367,3456,Dispatched,2026-07-28 13:41:53.915608,5
10368,3456,Delivered,2026-07-28 04:22:28.304995,5
10369,3457,Created,2026-07-28 17:00:00,6
10370,3457,Dispatched,2026-07-28 23:34:13.089266,6
10371,3457,Delivered,2026-07-29 12:30:27.448732,6
10372,3458,Created,2026-07-28 14:15:00,5
10373,3458,Dispatched,2026-07-28 19:48:54.990203,5
10374,3458,Delivered,2026-07-29 06:07:08.200228,5
10375,3459,Created,2026-07-28 16:45:00,2
10376,3459,Dispatched,2026-07-28 19:48:57.533170,2
10377,3459,Delivered,2026-07-31 00:39:13.168087,2
10378,3460,Created,2026-07-28 11:45:00,1
10379,3460,Dispatched,2026-07-28 17:23:12.414070,1
10380,3460,Delivered,2026-07-30 23:22:32.773118,1
10381,3461,Created,2026-07-28 14:45:00,5
10382,3461,Dispatched,2026-07-28 20:10:27.035281,5
10383,3461,Delivered,2026-07-31 08:08:28.568163,5
10384,3462,Created,2026-07-28 08:45:00,2
10385,3462,Dispatched,2026-07-28 11:12:24.149956,2
10386,3462,Delivered,2026-07-30 15:47:11.782442,2
10387,3463,Created,2026-07-28 15:30:00,2
10388,3463,Dispatched,2026-07-28 20:25:44.540210,2
10389,3463,Delivery Failed,2026-07-30 13:07:24.892553,2
10390,3464,Created,2026-07-28 12:30:00,4
10391,3464,Dispatched,2026-07-28 16:39:17.922471,4
10392,3464,Delivered,2026-07-29 03:24:22.615906,4
10393,3465,Created,2026-07-28 17:00:00,1
10394,3465,Dispatched,2026-07-28 19:07:59.889783,1
10395,3465,Delivered,2026-07-31 14:04:54.131457,1
10396,3466,Created,2026-07-28 17:30:00,1
10397,3466,Dispatched,2026-07-28 20:37:58.289489,1
10398,3466,Delivered,2026-07-31 04:44:45.170769,1
10399,3467,Created,2026-07-29 13:00:00,5
10400,3467,Dispatched,2026-07-29 14:54:42.958445,5
10401,3467,Delivered,2026-07-29 17:06:11.615492,5
10402,3468,Created,2026-07-29 08:30:00,4
10403,3468,Dispatched,2026-07-29 11:36:07.327279,4
10404,3468,Delivered,2026-07-30 05:00:56.561592,4
10405,3469,Created,2026-07-29 08:45:00,1
10406,3469,Dispatched,2026-07-29 11:16:42.361907,1
10407,3469,Delivered,2026-07-29 08:54:10.518675,1
10408,3470,Created,2026-07-29 17:00:00,3
10409,3470,Dispatched,2026-07-29 20:20:52.900819,3
10410,3470,Delivered,2026-07-31 23:13:20.612813,3
10411,3471,Created,2026-07-29 11:45:00,1
10412,3471,Dispatched,2026-07-29 13:52:16.898751,1
10413,3471,Delivered,2026-08-02 15:47:28.271094,1
10414,3472,Created,2026-07-29 08:45:00,3
10415,3472,Dispatched,2026-07-29 13:22:38.123868,3
10416,3472,Delivered,2026-07-31 20:14:14.580165,3
10417,3473,Created,2026-07-29 10:30:00,1
10418,3473,Dispatched,2026-07-29 15:22:48.502940,1
10419,3473,Delivered,2026-08-01 00:51:32.687070,1
10420,3474,Created,2026-07-29 07:15:00,5
10421,3474,Dispatched,2026-07-29 11:19:07.930429,5
10422,3474,Delivered,2026-08-01 05:02:18.627966,5
10423,3475,Created,2026-07-29 11:30:00,1
10424,3475,Dispatched,2026-07-29 13:03:46.956024,1
10425,3475,Delivered,2026-07-31 20:40:58.547770,1
10426,3476,Created,2026-07-29 17:00:00,6
10427,3476,Dispatched,2026-07-29 22:58:19.534118,6
10428,3476,Delivered,2026-07-31 23:36:11.931430,6
10429,3477,Created,2026-07-29 07:30:00,3
10430,3477,Dispatched,2026-07-29 09:20:41.965000,3
10431,3477,Delivered,2026-07-31 18:20:39.030309,3
10432,3478,Created,2026-07-29 14:45:00,1
10433,3478,Dispatched,2026-07-29 19:25:27.683263,1
10434,3478,Delivered,2026-07-30 13:37:35.397392,1
10435,3479,Created,2026-07-29 15:30:00,6
10436,3479,Dispatched,2026-07-29 19:45:47.153185,6
10437,3479,Delivered,2026-08-01 14:02:20.663640,6
10438,3480,Created,2026-07-29 12:00:00,5
10439,3480,Dispatched,2026-07-29 15:14:16.795604,5
10440,3480,Delivered,2026-07-31 16:30:09.970951,5
10441,3481,Created,2026-07-29 17:15:00,1
10442,3481,Dispatched,2026-07-29 20:15:04.927246,1
10443,3482,Created,2026-07-29 10:15:00,3
10444,3482,Dispatched,2026-07-29 11:40:49.697811,3
10445,3482,Delivered,2026-08-01 00:08:12.990902,3
10446,3483,Created,2026-07-29 09:45:00,4
10447,3483,Dispatched,2026-07-29 11:58:06.474784,4
10448,3483,Delivered,2026-07-29 21:49:28.888537,4
10449,3484,Created,2026-07-29 18:15:00,1
10450,3484,Dispatched,2026-07-29 23:31:01.006323,1
10451,3485,Created,2026-07-29 07:30:00,5
10452,3485,Dispatched,2026-07-29 11:25:08.989992,5
10453,3485,Delivered,2026-07-30 04:58:18.635141,5
10454,3486,Created,2026-07-29 14:15:00,6
10455,3486,Dispatched,2026-07-29 20:57:24.336697,6
10456,3486,Delivered,2026-07-30 18:43:01.121810,6
10457,3487,Created,2026-07-30 18:45:00,4
10458,3487,Dispatched,2026-07-30 20:28:05.581216,4
10459,3487,Delivered,2026-07-31 23:05:13.685497,4
10460,3488,Created,2026-07-30 11:00:00,1
10461,3488,Dispatched,2026-07-30 16:21:16.165445,1
10462,3488,Delivered,2026-08-02 05:26:25.653202,1
10463,3489,Created,2026-07-30 15:00:00,3
10464,3489,Dispatched,2026-07-30 21:17:46.881163,3
10465,3489,Delivered,2026-07-30 09:11:43.610614,3
10466,3490,Created,2026-07-30 07:30:00,1
10467,3490,Dispatched,2026-07-30 10:08:00.926534,1
10468,3490,Delivered,2026-08-02 06:13:30.394160,1
10469,3491,Created,2026-07-30 07:30:00,4
10470,3491,Dispatched,2026-07-30 09:17:31.865749,4
10471,3492,Created,2026-07-30 13:30:00,1
10472,3492,Dispatched,2026-07-30 17:13:46.941337,1
10473,3492,Delivered,2026-08-02 06:07:59.489423,1
10474,3493,Created,2026-07-30 12:00:00,6
10475,3493,Dispatched,2026-07-30 15:45:08.086017,6
10476,3493,Delivered,2026-08-02 10:40:43.509126,6
10477,3494,Created,2026-07-30 10:45:00,5
10478,3494,Dispatched,2026-07-30 17:31:07.191648,5
10479,3495,Created,2026-07-30 12:15:00,5
10480,3495,Dispatched,2026-07-30 14:31:43.524460,5
10481,3495,Delivered,2026-07-31 13:50:41.787460,5
10482,3496,Created,2026-07-30 16:00:00,3
10483,3496,Dispatched,2026-07-30 22:30:24.394440,3
10484,3496,Delivered,2026-07-31 05:56:13.245120,3
10485,3497,Created,2026-07-30 17:15:00,1
10486,3497,Dispatched,2026-07-30 21:38:14.210279,1
10487,3498,Created,2026-07-30 16:15:00,5
10488,3498,Dispatched,2026-07-30 18:12:14.322240,5
10489,3498,Delivered,2026-08-02 04:59:15.666036,5
10490,3499,Created,2026-07-31 09:30:00,4
10491,3499,Dispatched,2026-07-31 10:54:07.217604,4
10492,3499,Delivered,2026-08-03 16:39:25.998237,4
10493,3500,Created,2026-07-31 12:30:00,4
10494,3500,Dispatched,2026-07-31 14:03:43.723113,4
10495,3500,Delivered,2026-08-03 11:26:10.326972,4
10496,3501,Created,2026-07-31 07:00:00,1
10497,3501,Dispatched,2026-07-31 09:47:26.182359,1
10498,3501,Delivered,2026-08-03 01:17:48.031399,1
10499,3502,Created,2026-07-31 11:45:00,3
10500,3502,Dispatched,2026-07-31 14:38:29.311843,3
10501,3502,Delivered,2026-08-01 15:28:44.881855,3
10502,3503,Created,2026-07-31 10:00:00,6
10503,3503,Dispatched,2026-07-31 13:22:03.356296,6
10504,3503,Delivered,2026-08-02 00:35:10.931158,6
10505,3504,Created,2026-07-31 12:00:00,5
10506,3504,Dispatched,2026-07-31 14:09:27.513959,5
10507,3504,Delivered,2026-08-01 05:49:25.303775,5
10508,3505,Created,2026-07-31 18:45:00,1
10509,3505,Dispatched,2026-07-31 21:58:37.755404,1
10510,3506,Created,2026-07-31 09:45:00,6
10511,3506,Dispatched,2026-07-31 11:21:08.274837,6
10512,3506,Delivered,2026-08-02 19:30:20.642450,6
10513,3507,Created,2026-07-31 16:15:00,5
10514,3507,Dispatched,2026-07-31 18:47:16.590998,5
10515,3507,Delivered,2026-08-01 16:38:33.792672,5
10516,3508,Created,2026-07-31 14:30:00,4
10517,3508,Dispatched,2026-07-31 16:45:36.586550,4
10518,3508,Delivered,2026-08-01 06:33:13.052918,4
10519,3509,Created,2026-07-31 17:30:00,2
10520,3509,Dispatched,2026-07-31 21:32:44.015492,2
10521,3509,Delivered,2026-08-03 16:25:36.506842,2
10522,3510,Created,2026-07-31 18:30:00,3
10523,3510,Dispatched,2026-07-31 20:39:01.515025,3
10524,3510,Delivered,2026-08-03 14:53:10.460611,3
10525,3511,Created,2026-07-31 17:30:00,4
10526,3511,Dispatched,2026-07-31 18:46:24.161193,4
10527,3511,Delivered,2026-08-03 02:06:41.945533,4
10528,3512,Created,2026-07-31 10:45:00,4
10529,3512,Dispatched,2026-07-31 17:02:34.131058,4
10530,3512,Delivered,2026-07-31 04:17:34.608141,4
10531,3513,Created,2026-07-31 13:15:00,2
10532,3513,Dispatched,2026-07-31 18:19:16.451664,2
10533,3513,Delivered,2026-08-03 07:22:11.275267,2
10534,3514,Created,2026-07-31 09:45:00,5
10535,3514,Dispatched,2026-07-31 14:09:48.144343,5
10536,3514,Delivered,2026-08-05 04:30:24.196226,5
10537,3515,Created,2026-07-31 12:45:00,2
10538,3515,Dispatched,2026-07-31 19:34:22.276325,2
10539,3515,Delivered,2026-08-01 13:32:31.622001,2
10540,3516,Created,2026-07-31 15:30:00,1
10541,3516,Dispatched,2026-07-31 21:07:57.227344,1
10542,3516,Delivered,2026-08-03 13:53:46.334710,1
10543,3517,Created,2026-07-31 07:30:00,3
10544,3517,Dispatched,2026-07-31 08:44:49.603144,3
10545,3517,Delivered,2026-08-02 16:28:24.730514,3
10546,3518,Created,2026-07-31 16:30:00,3
10547,3518,Dispatched,2026-07-31 17:59:47.956580,3
10548,3518,Delivered,2026-08-03 13:23:46.574631,3
10549,3519,Created,2026-07-31 18:15:00,4
10550,3519,Dispatched,2026-07-31 22:03:58.874360,4
10551,3519,Delivered,2026-08-03 03:14:58.358231,4
10552,3520,Created,2026-07-31 15:45:00,2
10553,3520,Dispatched,2026-07-31 22:21:10.519524,2
10554,3520,Delivered,2026-08-03 03:31:59.219444,2
10555,3521,Created,2026-07-31 16:45:00,1
10556,3521,Dispatched,2026-07-31 21:18:05.214172,1
10557,3521,Delivered,2026-08-03 04:49:39.732658,1
