invoice_id,month,property_id,property_name,district,manager,unit_id,tenant_id,tenant_name,due_date,rent_billed,amount_paid,balance,paid_date,payment_status,days_late,aging_bucket
"INV-00001","2026-01","P01","Harbor Point","Kadikoy","Aylin Kaya","P01-U01","T001","Zeynep Koc","2026-01-05","1375","1375","0","2026-01-08","Paid","3","Current"
"INV-00002","2026-02","P01","Harbor Point","Kadikoy","Aylin Kaya","P01-U01","T001","Zeynep Koc","2026-02-05","1375","1375","0","2026-02-02","Paid","0","Current"
"INV-00003","2026-03","P01","Harbor Point","Kadikoy","Aylin Kaya","P01-U01","T001","Zeynep Koc","2026-03-05","1375","1375","0","2026-03-08","Paid","3","Current"
"INV-00004","2026-04","P01","Harbor Point","Kadikoy","Aylin Kaya","P01-U01","T001","Zeynep Koc","2026-04-05","1375","1375","0","2026-04-23","Paid Late","18","Current"
"INV-00005","2026-05","P01","Harbor Point","Kadikoy","Aylin Kaya","P01-U01","T001","Zeynep Koc","2026-05-05","1375","1375","0","2026-05-08","Paid","3","Current"
"INV-00006","2026-06","P01","Harbor Point","Kadikoy","Aylin Kaya","P01-U01","T001","Zeynep Koc","2026-06-05","1375","1375","0","2026-06-04","Paid","0","Current"
"INV-00007","2026-07","P01","Harbor Point","Kadikoy","Aylin Kaya","P01-U01","T001","Zeynep Koc","2026-07-05","1375","1375","0","2026-07-10","Paid","5","Current"
"INV-00008","2026-08","P01","Harbor Point","Kadikoy","Aylin Kaya","P01-U01","T001","Zeynep Koc","2026-08-05","1375","838","537","2026-08-18","Partial","148","90+ Days"
"INV-00009","2026-09","P01","Harbor Point","Kadikoy","Aylin Kaya","P01-U01","T001","Zeynep Koc","2026-09-05","1375","1375","0","2026-09-20","Paid Late","15","Current"
"INV-00010","2026-10","P01","Harbor Point","Kadikoy","Aylin Kaya","P01-U01","T001","Zeynep Koc","2026-10-05","1375","1375","0","2026-10-07","Paid","2","Current"
"INV-00011","2026-11","P01","Harbor Point","Kadikoy","Aylin Kaya","P01-U01","T001","Zeynep Koc","2026-11-05","1375","1375","0","2026-11-04","Paid","0","Current"
"INV-00012","2026-12","P01","Harbor Point","Kadikoy","Aylin Kaya","P01-U01","T001","Zeynep Koc","2026-12-05","1375","487","888","2026-12-23","Partial","26","1-30 Days"
"INV-00013","2026-01","P01","Harbor Point","Kadikoy","Aylin Kaya","P01-U02","T002","Deniz Celik","2026-01-05","1475","1475","0","2026-01-06","Paid","1","Current"
"INV-00014","2026-02","P01","Harbor Point","Kadikoy","Aylin Kaya","P01-U02","T002","Deniz Celik","2026-02-05","1475","1475","0","2026-02-06","Paid","1","Current"
"INV-00015","2026-03","P01","Harbor Point","Kadikoy","Aylin Kaya","P01-U02","T002","Deniz Celik","2026-03-05","1475","1475","0","2026-03-05","Paid","0","Current"
"INV-00016","2026-04","P01","Harbor Point","Kadikoy","Aylin Kaya","P01-U02","T002","Deniz Celik","2026-04-05","1475","1475","0","2026-04-10","Paid","5","Current"
"INV-00017","2026-05","P01","Harbor Point","Kadikoy","Aylin Kaya","P01-U02","T002","Deniz Celik","2026-05-05","1475","1475","0","2026-05-11","Paid","6","Current"
"INV-00018","2026-06","P01","Harbor Point","Kadikoy","Aylin Kaya","P01-U02","T002","Deniz Celik","2026-06-05","1475","1475","0","2026-06-18","Paid Late","13","Current"
"INV-00019","2026-07","P01","Harbor Point","Kadikoy","Aylin Kaya","P01-U02","T002","Deniz Celik","2026-07-05","1475","1475","0","2026-07-08","Paid","3","Current"
"INV-00020","2026-08","P01","Harbor Point","Kadikoy","Aylin Kaya","P01-U02","T002","Deniz Celik","2026-08-05","1475","1475","0","2026-08-04","Paid","0","Current"
"INV-00021","2026-09","P01","Harbor Point","Kadikoy","Aylin Kaya","P01-U02","T002","Deniz Celik","2026-09-05","1475","1475","0","2026-09-04","Paid","0","Current"
"INV-00022","2026-10","P01","Harbor Point","Kadikoy","Aylin Kaya","P01-U02","T002","Deniz Celik","2026-10-05","1475","1475","0","2026-10-10","Paid","5","Current"
"INV-00023","2026-11","P01","Harbor Point","Kadikoy","Aylin Kaya","P01-U02","T002","Deniz Celik","2026-11-05","1475","1475","0","2026-11-16","Paid Late","11","Current"
"INV-00024","2026-12","P01","Harbor Point","Kadikoy","Aylin Kaya","P01-U02","T002","Deniz Celik","2026-12-05","1475","1475","0","2026-12-10","Paid","5","Current"
"INV-00025","2026-01","P01","Harbor Point","Kadikoy","Aylin Kaya","P01-U03","T003","Derya Aydin","2026-01-05","1450","563","887","2026-01-21","Partial","360","90+ Days"
"INV-00026","2026-02","P01","Harbor Point","Kadikoy","Aylin Kaya","P01-U03","T003","Derya Aydin","2026-02-05","1450","1450","0","2026-02-02","Paid","0","Current"
"INV-00027","2026-03","P01","Harbor Point","Kadikoy","Aylin Kaya","P01-U03","T003","Derya Aydin","2026-03-05","1450","1450","0","2026-03-06","Paid","1","Current"
"INV-00028","2026-04","P01","Harbor Point","Kadikoy","Aylin Kaya","P01-U03","T003","Derya Aydin","2026-04-05","1450","1450","0","2026-04-11","Paid Late","6","Current"
"INV-00029","2026-05","P01","Harbor Point","Kadikoy","Aylin Kaya","P01-U03","T003","Derya Aydin","2026-05-05","1450","1450","0","2026-05-22","Paid Late","17","Current"
"INV-00030","2026-06","P01","Harbor Point","Kadikoy","Aylin Kaya","P01-U03","T003","Derya Aydin","2026-06-05","1450","1450","0","2026-06-02","Paid","0","Current"
"INV-00031","2026-07","P01","Harbor Point","Kadikoy","Aylin Kaya","P01-U03","T003","Derya Aydin","2026-07-05","1450","1012","438","2026-07-21","Partial","179","90+ Days"
"INV-00032","2026-08","P01","Harbor Point","Kadikoy","Aylin Kaya","P01-U03","T003","Derya Aydin","2026-08-05","1450","1450","0","2026-08-09","Paid","4","Current"
"INV-00033","2026-09","P01","Harbor Point","Kadikoy","Aylin Kaya","P01-U03","T003","Derya Aydin","2026-09-05","1450","1450","0","2026-09-02","Paid","0","Current"
"INV-00034","2026-10","P01","Harbor Point","Kadikoy","Aylin Kaya","P01-U03","T003","Derya Aydin","2026-10-05","1450","1450","0","2026-10-09","Paid","4","Current"
"INV-00035","2026-11","P01","Harbor Point","Kadikoy","Aylin Kaya","P01-U03","T003","Derya Aydin","2026-11-05","1450","1450","0","2026-11-10","Paid","5","Current"
"INV-00036","2026-12","P01","Harbor Point","Kadikoy","Aylin Kaya","P01-U03","T003","Derya Aydin","2026-12-05","1450","1450","0","2026-12-06","Paid","1","Current"
"INV-00037","2026-01","P01","Harbor Point","Kadikoy","Aylin Kaya","P01-U04","T004","Derya Aydin","2026-01-05","1575","1575","0","2026-01-11","Paid","6","Current"
"INV-00038","2026-02","P01","Harbor Point","Kadikoy","Aylin Kaya","P01-U04","T004","Derya Aydin","2026-02-05","1575","1575","0","2026-02-21","Paid Late","16","Current"
"INV-00039","2026-03","P01","Harbor Point","Kadikoy","Aylin Kaya","P01-U04","T004","Derya Aydin","2026-03-05","1575","1575","0","2026-03-08","Paid","3","Current"
"INV-00040","2026-04","P01","Harbor Point","Kadikoy","Aylin Kaya","P01-U04","T004","Derya Aydin","2026-04-05","1575","1575","0","2026-04-14","Paid Late","9","Current"
"INV-00041","2026-05","P01","Harbor Point","Kadikoy","Aylin Kaya","P01-U04","T004","Derya Aydin","2026-05-05","1575","1575","0","2026-05-03","Paid","0","Current"
"INV-00042","2026-06","P01","Harbor Point","Kadikoy","Aylin Kaya","P01-U04","T004","Derya Aydin","2026-06-05","1575","858","717","2026-06-22","Partial","209","90+ Days"
"INV-00043","2026-07","P01","Harbor Point","Kadikoy","Aylin Kaya","P01-U04","T004","Derya Aydin","2026-07-05","1575","1575","0","2026-07-12","Paid Late","7","Current"
"INV-00044","2026-08","P01","Harbor Point","Kadikoy","Aylin Kaya","P01-U04","T004","Derya Aydin","2026-08-05","1575","1575","0","2026-08-09","Paid","4","Current"
"INV-00045","2026-09","P01","Harbor Point","Kadikoy","Aylin Kaya","P01-U04","T004","Derya Aydin","2026-09-05","1575","1575","0","2026-09-10","Paid","5","Current"
"INV-00046","2026-10","P01","Harbor Point","Kadikoy","Aylin Kaya","P01-U04","T004","Derya Aydin","2026-10-05","1575","1575","0","2026-10-08","Paid","3","Current"
"INV-00047","2026-11","P01","Harbor Point","Kadikoy","Aylin Kaya","P01-U04","T004","Derya Aydin","2026-11-05","1575","1575","0","2026-11-21","Paid Late","16","Current"
"INV-00048","2026-12","P01","Harbor Point","Kadikoy","Aylin Kaya","P01-U04","T004","Derya Aydin","2026-12-05","1575","1575","0","2026-12-22","Paid Late","17","Current"
"INV-00049","2026-01","P01","Harbor Point","Kadikoy","Aylin Kaya","P01-U05","T005","Aylin Kaya","2026-01-05","1525","1525","0","2026-01-11","Paid","6","Current"
"INV-00050","2026-02","P01","Harbor Point","Kadikoy","Aylin Kaya","P01-U05","T005","Aylin Kaya","2026-02-05","1525","1525","0","2026-02-05","Paid","0","Current"
"INV-00051","2026-03","P01","Harbor Point","Kadikoy","Aylin Kaya","P01-U05","T005","Aylin Kaya","2026-03-05","1525","1525","0","2026-03-11","Paid","6","Current"
"INV-00052","2026-04","P01","Harbor Point","Kadikoy","Aylin Kaya","P01-U05","T005","Aylin Kaya","2026-04-05","1525","1525","0","2026-04-04","Paid","0","Current"
"INV-00053","2026-05","P01","Harbor Point","Kadikoy","Aylin Kaya","P01-U05","T005","Aylin Kaya","2026-05-05","1525","1525","0","2026-05-07","Paid","2","Current"
"INV-00054","2026-06","P01","Harbor Point","Kadikoy","Aylin Kaya","P01-U05","T005","Aylin Kaya","2026-06-05","1525","1525","0","2026-06-11","Paid","6","Current"
"INV-00055","2026-07","P01","Harbor Point","Kadikoy","Aylin Kaya","P01-U05","T005","Aylin Kaya","2026-07-05","1525","1525","0","2026-07-09","Paid","4","Current"
"INV-00056","2026-08","P01","Harbor Point","Kadikoy","Aylin Kaya","P01-U05","T005","Aylin Kaya","2026-08-05","1525","1525","0","2026-08-02","Paid","0","Current"
"INV-00057","2026-09","P01","Harbor Point","Kadikoy","Aylin Kaya","P01-U05","T005","Aylin Kaya","2026-09-05","1525","0","1525","","Unpaid","117","90+ Days"
"INV-00058","2026-10","P01","Harbor Point","Kadikoy","Aylin Kaya","P01-U05","T005","Aylin Kaya","2026-10-05","1525","1525","0","2026-10-04","Paid","0","Current"
"INV-00059","2026-11","P01","Harbor Point","Kadikoy","Aylin Kaya","P01-U05","T005","Aylin Kaya","2026-11-05","1525","1525","0","2026-11-05","Paid","0","Current"
"INV-00060","2026-12","P01","Harbor Point","Kadikoy","Aylin Kaya","P01-U05","T005","Aylin Kaya","2026-12-05","1525","1525","0","2026-12-16","Paid Late","11","Current"
"INV-00061","2026-01","P01","Harbor Point","Kadikoy","Aylin Kaya","P01-U06","T006","Mert Koc","2026-01-05","1525","1525","0","2026-01-03","Paid","0","Current"
"INV-00062","2026-02","P01","Harbor Point","Kadikoy","Aylin Kaya","P01-U06","T006","Mert Koc","2026-02-05","1525","1525","0","2026-02-02","Paid","0","Current"
"INV-00063","2026-03","P01","Harbor Point","Kadikoy","Aylin Kaya","P01-U06","T006","Mert Koc","2026-03-05","1525","1525","0","2026-03-08","Paid","3","Current"
"INV-00064","2026-04","P01","Harbor Point","Kadikoy","Aylin Kaya","P01-U06","T006","Mert Koc","2026-04-05","1525","1525","0","2026-04-09","Paid","4","Current"
"INV-00065","2026-05","P01","Harbor Point","Kadikoy","Aylin Kaya","P01-U06","T006","Mert Koc","2026-05-05","1525","1525","0","2026-05-03","Paid","0","Current"
"INV-00066","2026-06","P01","Harbor Point","Kadikoy","Aylin Kaya","P01-U06","T006","Mert Koc","2026-06-05","1525","1525","0","2026-06-10","Paid","5","Current"
"INV-00067","2026-07","P01","Harbor Point","Kadikoy","Aylin Kaya","P01-U06","T006","Mert Koc","2026-07-05","1525","1525","0","2026-07-02","Paid","0","Current"
"INV-00068","2026-08","P01","Harbor Point","Kadikoy","Aylin Kaya","P01-U06","T006","Mert Koc","2026-08-05","1525","1525","0","2026-08-05","Paid","0","Current"
"INV-00069","2026-09","P01","Harbor Point","Kadikoy","Aylin Kaya","P01-U06","T006","Mert Koc","2026-09-05","1525","1525","0","2026-09-03","Paid","0","Current"
"INV-00070","2026-10","P01","Harbor Point","Kadikoy","Aylin Kaya","P01-U06","T006","Mert Koc","2026-10-05","1525","1525","0","2026-10-11","Paid","6","Current"
"INV-00071","2026-11","P01","Harbor Point","Kadikoy","Aylin Kaya","P01-U06","T006","Mert Koc","2026-11-05","1525","1525","0","2026-11-10","Paid","5","Current"
"INV-00072","2026-12","P01","Harbor Point","Kadikoy","Aylin Kaya","P01-U06","T006","Mert Koc","2026-12-05","1525","1525","0","2026-12-02","Paid","0","Current"
"INV-00073","2026-01","P01","Harbor Point","Kadikoy","Aylin Kaya","P01-U08","T007","Mert Aydin","2026-01-05","1600","1600","0","2026-01-04","Paid","0","Current"
"INV-00074","2026-02","P01","Harbor Point","Kadikoy","Aylin Kaya","P01-U08","T007","Mert Aydin","2026-02-05","1600","1600","0","2026-02-02","Paid","0","Current"
"INV-00075","2026-03","P01","Harbor Point","Kadikoy","Aylin Kaya","P01-U08","T007","Mert Aydin","2026-03-05","1600","1600","0","2026-03-02","Paid","0","Current"
"INV-00076","2026-04","P01","Harbor Point","Kadikoy","Aylin Kaya","P01-U08","T007","Mert Aydin","2026-04-05","1600","1600","0","2026-04-10","Paid","5","Current"
"INV-00077","2026-05","P01","Harbor Point","Kadikoy","Aylin Kaya","P01-U08","T007","Mert Aydin","2026-05-05","1600","875","725","2026-05-21","Partial","240","90+ Days"
"INV-00078","2026-06","P01","Harbor Point","Kadikoy","Aylin Kaya","P01-U08","T007","Mert Aydin","2026-06-05","1600","1600","0","2026-06-02","Paid","0","Current"
"INV-00079","2026-07","P01","Harbor Point","Kadikoy","Aylin Kaya","P01-U08","T007","Mert Aydin","2026-07-05","1600","1600","0","2026-07-23","Paid Late","18","Current"
"INV-00080","2026-08","P01","Harbor Point","Kadikoy","Aylin Kaya","P01-U08","T007","Mert Aydin","2026-08-05","1600","1015","585","2026-08-24","Partial","148","90+ Days"
"INV-00081","2026-09","P01","Harbor Point","Kadikoy","Aylin Kaya","P01-U08","T007","Mert Aydin","2026-09-05","1600","1600","0","2026-09-08","Paid","3","Current"
"INV-00082","2026-10","P01","Harbor Point","Kadikoy","Aylin Kaya","P01-U08","T007","Mert Aydin","2026-10-05","1600","1600","0","2026-10-11","Paid","6","Current"
"INV-00083","2026-11","P01","Harbor Point","Kadikoy","Aylin Kaya","P01-U08","T007","Mert Aydin","2026-11-05","1600","1600","0","2026-11-09","Paid","4","Current"
"INV-00084","2026-12","P01","Harbor Point","Kadikoy","Aylin Kaya","P01-U08","T007","Mert Aydin","2026-12-05","1600","1600","0","2026-12-13","Paid Late","8","Current"
"INV-00085","2026-01","P02","Maple Court","Besiktas","Mert Demir","P02-U02","T008","Ece Arslan","2026-01-05","1550","1550","0","2026-01-02","Paid","0","Current"
"INV-00086","2026-02","P02","Maple Court","Besiktas","Mert Demir","P02-U02","T008","Ece Arslan","2026-02-05","1550","1550","0","2026-02-02","Paid","0","Current"
"INV-00087","2026-03","P02","Maple Court","Besiktas","Mert Demir","P02-U02","T008","Ece Arslan","2026-03-05","1550","820","730","2026-03-25","Partial","301","90+ Days"
"INV-00088","2026-04","P02","Maple Court","Besiktas","Mert Demir","P02-U02","T008","Ece Arslan","2026-04-05","1550","1550","0","2026-04-06","Paid","1","Current"
"INV-00089","2026-05","P02","Maple Court","Besiktas","Mert Demir","P02-U02","T008","Ece Arslan","2026-05-05","1550","1550","0","2026-05-02","Paid","0","Current"
"INV-00090","2026-06","P02","Maple Court","Besiktas","Mert Demir","P02-U02","T008","Ece Arslan","2026-06-05","1550","1550","0","2026-06-19","Paid Late","14","Current"
"INV-00091","2026-07","P02","Maple Court","Besiktas","Mert Demir","P02-U02","T008","Ece Arslan","2026-07-05","1550","1550","0","2026-07-05","Paid","0","Current"
"INV-00092","2026-08","P02","Maple Court","Besiktas","Mert Demir","P02-U02","T008","Ece Arslan","2026-08-05","1550","1550","0","2026-08-10","Paid","5","Current"
"INV-00093","2026-09","P02","Maple Court","Besiktas","Mert Demir","P02-U02","T008","Ece Arslan","2026-09-05","1550","1550","0","2026-09-11","Paid","6","Current"
"INV-00094","2026-10","P02","Maple Court","Besiktas","Mert Demir","P02-U02","T008","Ece Arslan","2026-10-05","1550","1550","0","2026-10-03","Paid","0","Current"
"INV-00095","2026-11","P02","Maple Court","Besiktas","Mert Demir","P02-U02","T008","Ece Arslan","2026-11-05","1550","1550","0","2026-11-04","Paid","0","Current"
"INV-00096","2026-12","P02","Maple Court","Besiktas","Mert Demir","P02-U02","T008","Ece Arslan","2026-12-05","1550","1550","0","2026-12-09","Paid","4","Current"
"INV-00097","2026-01","P02","Maple Court","Besiktas","Mert Demir","P02-U03","T009","Kerem Aksoy","2026-01-05","1550","1550","0","2026-01-05","Paid","0","Current"
"INV-00098","2026-02","P02","Maple Court","Besiktas","Mert Demir","P02-U03","T009","Kerem Aksoy","2026-02-05","1550","1550","0","2026-02-21","Paid Late","16","Current"
"INV-00099","2026-03","P02","Maple Court","Besiktas","Mert Demir","P02-U03","T009","Kerem Aksoy","2026-03-05","1550","1550","0","2026-03-08","Paid","3","Current"
"INV-00100","2026-04","P02","Maple Court","Besiktas","Mert Demir","P02-U03","T009","Kerem Aksoy","2026-04-05","1550","1550","0","2026-04-06","Paid","1","Current"
"INV-00101","2026-05","P02","Maple Court","Besiktas","Mert Demir","P02-U03","T009","Kerem Aksoy","2026-05-05","1550","1550","0","2026-05-10","Paid","5","Current"
"INV-00102","2026-06","P02","Maple Court","Besiktas","Mert Demir","P02-U03","T009","Kerem Aksoy","2026-06-05","1550","1550","0","2026-06-16","Paid Late","11","Current"
"INV-00103","2026-07","P02","Maple Court","Besiktas","Mert Demir","P02-U03","T009","Kerem Aksoy","2026-07-05","1550","1550","0","2026-07-04","Paid","0","Current"
"INV-00104","2026-08","P02","Maple Court","Besiktas","Mert Demir","P02-U03","T009","Kerem Aksoy","2026-08-05","1550","1550","0","2026-08-11","Paid","6","Current"
"INV-00105","2026-09","P02","Maple Court","Besiktas","Mert Demir","P02-U03","T009","Kerem Aksoy","2026-09-05","1550","1550","0","2026-09-02","Paid","0","Current"
"INV-00106","2026-10","P02","Maple Court","Besiktas","Mert Demir","P02-U03","T009","Kerem Aksoy","2026-10-05","1550","1550","0","2026-10-08","Paid","3","Current"
"INV-00107","2026-11","P02","Maple Court","Besiktas","Mert Demir","P02-U03","T009","Kerem Aksoy","2026-11-05","1550","1550","0","2026-11-03","Paid","0","Current"
"INV-00108","2026-12","P02","Maple Court","Besiktas","Mert Demir","P02-U03","T009","Kerem Aksoy","2026-12-05","1550","1550","0","2026-12-08","Paid","3","Current"
"INV-00109","2026-01","P02","Maple Court","Besiktas","Mert Demir","P02-U04","T010","Mert Koc","2026-01-05","1700","1700","0","2026-01-04","Paid","0","Current"
"INV-00110","2026-02","P02","Maple Court","Besiktas","Mert Demir","P02-U04","T010","Mert Koc","2026-02-05","1700","1700","0","2026-02-16","Paid Late","11","Current"
"INV-00111","2026-03","P02","Maple Court","Besiktas","Mert Demir","P02-U04","T010","Mert Koc","2026-03-05","1700","1700","0","2026-03-02","Paid","0","Current"
"INV-00112","2026-04","P02","Maple Court","Besiktas","Mert Demir","P02-U04","T010","Mert Koc","2026-04-05","1700","1700","0","2026-04-06","Paid","1","Current"
"INV-00113","2026-05","P02","Maple Court","Besiktas","Mert Demir","P02-U04","T010","Mert Koc","2026-05-05","1700","1700","0","2026-05-07","Paid","2","Current"
"INV-00114","2026-06","P02","Maple Court","Besiktas","Mert Demir","P02-U04","T010","Mert Koc","2026-06-05","1700","1700","0","2026-06-10","Paid","5","Current"
"INV-00115","2026-07","P02","Maple Court","Besiktas","Mert Demir","P02-U04","T010","Mert Koc","2026-07-05","1700","1700","0","2026-07-07","Paid","2","Current"
"INV-00116","2026-08","P02","Maple Court","Besiktas","Mert Demir","P02-U04","T010","Mert Koc","2026-08-05","1700","1700","0","2026-08-08","Paid","3","Current"
"INV-00117","2026-09","P02","Maple Court","Besiktas","Mert Demir","P02-U04","T010","Mert Koc","2026-09-05","1700","1700","0","2026-09-08","Paid","3","Current"
"INV-00118","2026-10","P02","Maple Court","Besiktas","Mert Demir","P02-U04","T010","Mert Koc","2026-10-05","1700","1700","0","2026-10-02","Paid","0","Current"
"INV-00119","2026-11","P02","Maple Court","Besiktas","Mert Demir","P02-U04","T010","Mert Koc","2026-11-05","1700","1700","0","2026-11-04","Paid","0","Current"
"INV-00120","2026-12","P02","Maple Court","Besiktas","Mert Demir","P02-U04","T010","Mert Koc","2026-12-05","1700","1700","0","2026-12-06","Paid","1","Current"
"INV-00121","2026-01","P02","Maple Court","Besiktas","Mert Demir","P02-U05","T011","Can Kaya","2026-01-05","1625","1625","0","2026-01-08","Paid","3","Current"
"INV-00122","2026-02","P02","Maple Court","Besiktas","Mert Demir","P02-U05","T011","Can Kaya","2026-02-05","1625","1625","0","2026-02-03","Paid","0","Current"
"INV-00123","2026-03","P02","Maple Court","Besiktas","Mert Demir","P02-U05","T011","Can Kaya","2026-03-05","1625","1625","0","2026-03-03","Paid","0","Current"
"INV-00124","2026-04","P02","Maple Court","Besiktas","Mert Demir","P02-U05","T011","Can Kaya","2026-04-05","1625","1625","0","2026-04-11","Paid Late","6","Current"
"INV-00125","2026-05","P02","Maple Court","Besiktas","Mert Demir","P02-U05","T011","Can Kaya","2026-05-05","1625","0","1625","","Unpaid","240","90+ Days"
"INV-00126","2026-06","P02","Maple Court","Besiktas","Mert Demir","P02-U05","T011","Can Kaya","2026-06-05","1625","1625","0","2026-06-06","Paid","1","Current"
"INV-00127","2026-07","P02","Maple Court","Besiktas","Mert Demir","P02-U05","T011","Can Kaya","2026-07-05","1625","1625","0","2026-07-04","Paid","0","Current"
"INV-00128","2026-08","P02","Maple Court","Besiktas","Mert Demir","P02-U05","T011","Can Kaya","2026-08-05","1625","821","804","2026-08-25","Partial","148","90+ Days"
"INV-00129","2026-09","P02","Maple Court","Besiktas","Mert Demir","P02-U05","T011","Can Kaya","2026-09-05","1625","1625","0","2026-09-05","Paid","0","Current"
"INV-00130","2026-10","P02","Maple Court","Besiktas","Mert Demir","P02-U05","T011","Can Kaya","2026-10-05","1625","1625","0","2026-10-05","Paid","0","Current"
"INV-00131","2026-11","P02","Maple Court","Besiktas","Mert Demir","P02-U05","T011","Can Kaya","2026-11-05","1625","1625","0","2026-11-07","Paid","2","Current"
"INV-00132","2026-12","P02","Maple Court","Besiktas","Mert Demir","P02-U05","T011","Can Kaya","2026-12-05","1625","1625","0","2026-12-09","Paid","4","Current"
"INV-00133","2026-01","P02","Maple Court","Besiktas","Mert Demir","P02-U06","T012","Burak Arslan","2026-01-05","1650","1650","0","2026-01-03","Paid","0","Current"
"INV-00134","2026-02","P02","Maple Court","Besiktas","Mert Demir","P02-U06","T012","Burak Arslan","2026-02-05","1650","819","831","2026-02-25","Partial","329","90+ Days"
"INV-00135","2026-03","P02","Maple Court","Besiktas","Mert Demir","P02-U06","T012","Burak Arslan","2026-03-05","1650","1650","0","2026-03-06","Paid","1","Current"
"INV-00136","2026-04","P02","Maple Court","Besiktas","Mert Demir","P02-U06","T012","Burak Arslan","2026-04-05","1650","1650","0","2026-04-08","Paid","3","Current"
"INV-00137","2026-05","P02","Maple Court","Besiktas","Mert Demir","P02-U06","T012","Burak Arslan","2026-05-05","1650","1650","0","2026-05-08","Paid","3","Current"
"INV-00138","2026-06","P02","Maple Court","Besiktas","Mert Demir","P02-U06","T012","Burak Arslan","2026-06-05","1650","1650","0","2026-06-04","Paid","0","Current"
"INV-00139","2026-07","P02","Maple Court","Besiktas","Mert Demir","P02-U06","T012","Burak Arslan","2026-07-05","1650","1650","0","2026-07-08","Paid","3","Current"
"INV-00140","2026-08","P02","Maple Court","Besiktas","Mert Demir","P02-U06","T012","Burak Arslan","2026-08-05","1650","1650","0","2026-08-18","Paid Late","13","Current"
"INV-00141","2026-09","P02","Maple Court","Besiktas","Mert Demir","P02-U06","T012","Burak Arslan","2026-09-05","1650","1650","0","2026-09-08","Paid","3","Current"
"INV-00142","2026-10","P02","Maple Court","Besiktas","Mert Demir","P02-U06","T012","Burak Arslan","2026-10-05","1650","0","1650","","Unpaid","87","61-90 Days"
"INV-00143","2026-11","P02","Maple Court","Besiktas","Mert Demir","P02-U06","T012","Burak Arslan","2026-11-05","1650","1650","0","2026-11-22","Paid Late","17","Current"
"INV-00144","2026-12","P02","Maple Court","Besiktas","Mert Demir","P02-U06","T012","Burak Arslan","2026-12-05","1650","0","1650","","Unpaid","26","1-30 Days"
"INV-00145","2026-01","P02","Maple Court","Besiktas","Mert Demir","P02-U07","T013","Ece Koc","2026-01-05","1800","1800","0","2026-01-06","Paid","1","Current"
"INV-00146","2026-02","P02","Maple Court","Besiktas","Mert Demir","P02-U07","T013","Ece Koc","2026-02-05","1800","1800","0","2026-02-08","Paid","3","Current"
"INV-00147","2026-03","P02","Maple Court","Besiktas","Mert Demir","P02-U07","T013","Ece Koc","2026-03-05","1800","1800","0","2026-03-09","Paid","4","Current"
"INV-00148","2026-04","P02","Maple Court","Besiktas","Mert Demir","P02-U07","T013","Ece Koc","2026-04-05","1800","1800","0","2026-04-06","Paid","1","Current"
"INV-00149","2026-05","P02","Maple Court","Besiktas","Mert Demir","P02-U07","T013","Ece Koc","2026-05-05","1800","1800","0","2026-05-10","Paid","5","Current"
"INV-00150","2026-06","P02","Maple Court","Besiktas","Mert Demir","P02-U07","T013","Ece Koc","2026-06-05","1800","1800","0","2026-06-02","Paid","0","Current"
"INV-00151","2026-07","P02","Maple Court","Besiktas","Mert Demir","P02-U07","T013","Ece Koc","2026-07-05","1800","0","1800","","Unpaid","179","90+ Days"
"INV-00152","2026-08","P02","Maple Court","Besiktas","Mert Demir","P02-U07","T013","Ece Koc","2026-08-05","1800","1800","0","2026-08-03","Paid","0","Current"
"INV-00153","2026-09","P02","Maple Court","Besiktas","Mert Demir","P02-U07","T013","Ece Koc","2026-09-05","1800","1800","0","2026-09-09","Paid","4","Current"
"INV-00154","2026-10","P02","Maple Court","Besiktas","Mert Demir","P02-U07","T013","Ece Koc","2026-10-05","1800","1800","0","2026-10-03","Paid","0","Current"
"INV-00155","2026-11","P02","Maple Court","Besiktas","Mert Demir","P02-U07","T013","Ece Koc","2026-11-05","1800","1800","0","2026-11-09","Paid","4","Current"
"INV-00156","2026-12","P02","Maple Court","Besiktas","Mert Demir","P02-U07","T013","Ece Koc","2026-12-05","1800","1800","0","2026-12-02","Paid","0","Current"
"INV-00157","2026-01","P02","Maple Court","Besiktas","Mert Demir","P02-U08","T014","Can Kaya","2026-01-05","1800","1800","0","2026-01-02","Paid","0","Current"
"INV-00158","2026-02","P02","Maple Court","Besiktas","Mert Demir","P02-U08","T014","Can Kaya","2026-02-05","1800","1800","0","2026-02-11","Paid","6","Current"
"INV-00159","2026-03","P02","Maple Court","Besiktas","Mert Demir","P02-U08","T014","Can Kaya","2026-03-05","1800","1800","0","2026-03-03","Paid","0","Current"
"INV-00160","2026-04","P02","Maple Court","Besiktas","Mert Demir","P02-U08","T014","Can Kaya","2026-04-05","1800","1800","0","2026-04-02","Paid","0","Current"
"INV-00161","2026-05","P02","Maple Court","Besiktas","Mert Demir","P02-U08","T014","Can Kaya","2026-05-05","1800","1800","0","2026-05-22","Paid Late","17","Current"
"INV-00162","2026-06","P02","Maple Court","Besiktas","Mert Demir","P02-U08","T014","Can Kaya","2026-06-05","1800","1800","0","2026-06-07","Paid","2","Current"
"INV-00163","2026-07","P02","Maple Court","Besiktas","Mert Demir","P02-U08","T014","Can Kaya","2026-07-05","1800","1800","0","2026-07-05","Paid","0","Current"
"INV-00164","2026-08","P02","Maple Court","Besiktas","Mert Demir","P02-U08","T014","Can Kaya","2026-08-05","1800","1800","0","2026-08-04","Paid","0","Current"
"INV-00165","2026-09","P02","Maple Court","Besiktas","Mert Demir","P02-U08","T014","Can Kaya","2026-09-05","1800","1800","0","2026-09-12","Paid Late","7","Current"
"INV-00166","2026-10","P02","Maple Court","Besiktas","Mert Demir","P02-U08","T014","Can Kaya","2026-10-05","1800","1800","0","2026-10-07","Paid","2","Current"
"INV-00167","2026-11","P02","Maple Court","Besiktas","Mert Demir","P02-U08","T014","Can Kaya","2026-11-05","1800","1800","0","2026-11-07","Paid","2","Current"
"INV-00168","2026-12","P02","Maple Court","Besiktas","Mert Demir","P02-U08","T014","Can Kaya","2026-12-05","1800","0","1800","","Unpaid","26","1-30 Days"
"INV-00169","2026-01","P03","Orchid House","Sisli","Selin Arslan","P03-U01","T015","Selin Kaya","2026-01-05","1325","1325","0","2026-01-09","Paid","4","Current"
"INV-00170","2026-02","P03","Orchid House","Sisli","Selin Arslan","P03-U01","T015","Selin Kaya","2026-02-05","1325","1325","0","2026-02-21","Paid Late","16","Current"
"INV-00171","2026-03","P03","Orchid House","Sisli","Selin Arslan","P03-U01","T015","Selin Kaya","2026-03-05","1325","1325","0","2026-03-10","Paid","5","Current"
"INV-00172","2026-04","P03","Orchid House","Sisli","Selin Arslan","P03-U01","T015","Selin Kaya","2026-04-05","1325","0","1325","","Unpaid","270","90+ Days"
"INV-00173","2026-05","P03","Orchid House","Sisli","Selin Arslan","P03-U01","T015","Selin Kaya","2026-05-05","1325","1325","0","2026-05-08","Paid","3","Current"
"INV-00174","2026-06","P03","Orchid House","Sisli","Selin Arslan","P03-U01","T015","Selin Kaya","2026-06-05","1325","1325","0","2026-06-04","Paid","0","Current"
"INV-00175","2026-07","P03","Orchid House","Sisli","Selin Arslan","P03-U01","T015","Selin Kaya","2026-07-05","1325","1325","0","2026-07-06","Paid","1","Current"
"INV-00176","2026-08","P03","Orchid House","Sisli","Selin Arslan","P03-U01","T015","Selin Kaya","2026-08-05","1325","1325","0","2026-08-06","Paid","1","Current"
"INV-00177","2026-09","P03","Orchid House","Sisli","Selin Arslan","P03-U01","T015","Selin Kaya","2026-09-05","1325","1325","0","2026-09-04","Paid","0","Current"
"INV-00178","2026-10","P03","Orchid House","Sisli","Selin Arslan","P03-U01","T015","Selin Kaya","2026-10-05","1325","0","1325","","Unpaid","87","61-90 Days"
"INV-00179","2026-11","P03","Orchid House","Sisli","Selin Arslan","P03-U01","T015","Selin Kaya","2026-11-05","1325","1325","0","2026-11-04","Paid","0","Current"
"INV-00180","2026-12","P03","Orchid House","Sisli","Selin Arslan","P03-U01","T015","Selin Kaya","2026-12-05","1325","1325","0","2026-12-03","Paid","0","Current"
"INV-00181","2026-01","P03","Orchid House","Sisli","Selin Arslan","P03-U02","T016","Burak Celik","2026-01-05","1400","1400","0","2026-01-12","Paid Late","7","Current"
"INV-00182","2026-02","P03","Orchid House","Sisli","Selin Arslan","P03-U02","T016","Burak Celik","2026-02-05","1400","1400","0","2026-02-24","Paid Late","19","Current"
"INV-00183","2026-03","P03","Orchid House","Sisli","Selin Arslan","P03-U02","T016","Burak Celik","2026-03-05","1400","1400","0","2026-03-05","Paid","0","Current"
"INV-00184","2026-04","P03","Orchid House","Sisli","Selin Arslan","P03-U02","T016","Burak Celik","2026-04-05","1400","1400","0","2026-04-09","Paid","4","Current"
"INV-00185","2026-05","P03","Orchid House","Sisli","Selin Arslan","P03-U02","T016","Burak Celik","2026-05-05","1400","1400","0","2026-05-02","Paid","0","Current"
"INV-00186","2026-06","P03","Orchid House","Sisli","Selin Arslan","P03-U02","T016","Burak Celik","2026-06-05","1400","756","644","2026-06-21","Partial","209","90+ Days"
"INV-00187","2026-07","P03","Orchid House","Sisli","Selin Arslan","P03-U02","T016","Burak Celik","2026-07-05","1400","1400","0","2026-07-11","Paid","6","Current"
"INV-00188","2026-08","P03","Orchid House","Sisli","Selin Arslan","P03-U02","T016","Burak Celik","2026-08-05","1400","1400","0","2026-08-07","Paid","2","Current"
"INV-00189","2026-09","P03","Orchid House","Sisli","Selin Arslan","P03-U02","T016","Burak Celik","2026-09-05","1400","1400","0","2026-09-08","Paid","3","Current"
"INV-00190","2026-10","P03","Orchid House","Sisli","Selin Arslan","P03-U02","T016","Burak Celik","2026-10-05","1400","1400","0","2026-10-08","Paid","3","Current"
"INV-00191","2026-11","P03","Orchid House","Sisli","Selin Arslan","P03-U02","T016","Burak Celik","2026-11-05","1400","1400","0","2026-11-10","Paid","5","Current"
"INV-00192","2026-12","P03","Orchid House","Sisli","Selin Arslan","P03-U02","T016","Burak Celik","2026-12-05","1400","1400","0","2026-12-09","Paid","4","Current"
"INV-00193","2026-01","P03","Orchid House","Sisli","Selin Arslan","P03-U03","T017","Derya Polat","2026-01-05","1400","1400","0","2026-01-03","Paid","0","Current"
"INV-00194","2026-02","P03","Orchid House","Sisli","Selin Arslan","P03-U03","T017","Derya Polat","2026-02-05","1400","1400","0","2026-02-02","Paid","0","Current"
"INV-00195","2026-03","P03","Orchid House","Sisli","Selin Arslan","P03-U03","T017","Derya Polat","2026-03-05","1400","1400","0","2026-03-10","Paid","5","Current"
"INV-00196","2026-04","P03","Orchid House","Sisli","Selin Arslan","P03-U03","T017","Derya Polat","2026-04-05","1400","1400","0","2026-04-03","Paid","0","Current"
"INV-00197","2026-05","P03","Orchid House","Sisli","Selin Arslan","P03-U03","T017","Derya Polat","2026-05-05","1400","1400","0","2026-05-04","Paid","0","Current"
"INV-00198","2026-06","P03","Orchid House","Sisli","Selin Arslan","P03-U03","T017","Derya Polat","2026-06-05","1400","1400","0","2026-06-09","Paid","4","Current"
"INV-00199","2026-07","P03","Orchid House","Sisli","Selin Arslan","P03-U03","T017","Derya Polat","2026-07-05","1400","1400","0","2026-07-03","Paid","0","Current"
"INV-00200","2026-08","P03","Orchid House","Sisli","Selin Arslan","P03-U03","T017","Derya Polat","2026-08-05","1400","1400","0","2026-08-04","Paid","0","Current"
"INV-00201","2026-09","P03","Orchid House","Sisli","Selin Arslan","P03-U03","T017","Derya Polat","2026-09-05","1400","1400","0","2026-09-16","Paid Late","11","Current"
"INV-00202","2026-10","P03","Orchid House","Sisli","Selin Arslan","P03-U03","T017","Derya Polat","2026-10-05","1400","1400","0","2026-10-21","Paid Late","16","Current"
"INV-00203","2026-11","P03","Orchid House","Sisli","Selin Arslan","P03-U03","T017","Derya Polat","2026-11-05","1400","1400","0","2026-11-02","Paid","0","Current"
"INV-00204","2026-12","P03","Orchid House","Sisli","Selin Arslan","P03-U03","T017","Derya Polat","2026-12-05","1400","1400","0","2026-12-07","Paid","2","Current"
"INV-00205","2026-01","P03","Orchid House","Sisli","Selin Arslan","P03-U04","T018","Ece Kaya","2026-01-05","1550","582","968","2026-01-20","Partial","360","90+ Days"
"INV-00206","2026-02","P03","Orchid House","Sisli","Selin Arslan","P03-U04","T018","Ece Kaya","2026-02-05","1550","1550","0","2026-02-05","Paid","0","Current"
"INV-00207","2026-03","P03","Orchid House","Sisli","Selin Arslan","P03-U04","T018","Ece Kaya","2026-03-05","1550","1550","0","2026-03-12","Paid Late","7","Current"
"INV-00208","2026-04","P03","Orchid House","Sisli","Selin Arslan","P03-U04","T018","Ece Kaya","2026-04-05","1550","1550","0","2026-04-05","Paid","0","Current"
"INV-00209","2026-05","P03","Orchid House","Sisli","Selin Arslan","P03-U04","T018","Ece Kaya","2026-05-05","1550","1550","0","2026-05-07","Paid","2","Current"
"INV-00210","2026-06","P03","Orchid House","Sisli","Selin Arslan","P03-U04","T018","Ece Kaya","2026-06-05","1550","1550","0","2026-06-07","Paid","2","Current"
"INV-00211","2026-07","P03","Orchid House","Sisli","Selin Arslan","P03-U04","T018","Ece Kaya","2026-07-05","1550","1550","0","2026-07-04","Paid","0","Current"
"INV-00212","2026-08","P03","Orchid House","Sisli","Selin Arslan","P03-U04","T018","Ece Kaya","2026-08-05","1550","1550","0","2026-08-06","Paid","1","Current"
"INV-00213","2026-09","P03","Orchid House","Sisli","Selin Arslan","P03-U04","T018","Ece Kaya","2026-09-05","1550","786","764","2026-09-25","Partial","117","90+ Days"
"INV-00214","2026-10","P03","Orchid House","Sisli","Selin Arslan","P03-U04","T018","Ece Kaya","2026-10-05","1550","1550","0","2026-10-04","Paid","0","Current"
"INV-00215","2026-11","P03","Orchid House","Sisli","Selin Arslan","P03-U04","T018","Ece Kaya","2026-11-05","1550","1550","0","2026-11-12","Paid Late","7","Current"
"INV-00216","2026-12","P03","Orchid House","Sisli","Selin Arslan","P03-U04","T018","Ece Kaya","2026-12-05","1550","1550","0","2026-12-17","Paid Late","12","Current"
"INV-00217","2026-01","P03","Orchid House","Sisli","Selin Arslan","P03-U05","T019","Deniz Aksoy","2026-01-05","1450","1450","0","2026-01-06","Paid","1","Current"
"INV-00218","2026-02","P03","Orchid House","Sisli","Selin Arslan","P03-U05","T019","Deniz Aksoy","2026-02-05","1450","1450","0","2026-02-05","Paid","0","Current"
"INV-00219","2026-03","P03","Orchid House","Sisli","Selin Arslan","P03-U05","T019","Deniz Aksoy","2026-03-05","1450","1450","0","2026-03-04","Paid","0","Current"
"INV-00220","2026-04","P03","Orchid House","Sisli","Selin Arslan","P03-U05","T019","Deniz Aksoy","2026-04-05","1450","1450","0","2026-04-05","Paid","0","Current"
"INV-00221","2026-05","P03","Orchid House","Sisli","Selin Arslan","P03-U05","T019","Deniz Aksoy","2026-05-05","1450","1450","0","2026-05-02","Paid","0","Current"
"INV-00222","2026-06","P03","Orchid House","Sisli","Selin Arslan","P03-U05","T019","Deniz Aksoy","2026-06-05","1450","1450","0","2026-06-02","Paid","0","Current"
"INV-00223","2026-07","P03","Orchid House","Sisli","Selin Arslan","P03-U05","T019","Deniz Aksoy","2026-07-05","1450","1450","0","2026-07-08","Paid","3","Current"
"INV-00224","2026-08","P03","Orchid House","Sisli","Selin Arslan","P03-U05","T019","Deniz Aksoy","2026-08-05","1450","0","1450","","Unpaid","148","90+ Days"
"INV-00225","2026-09","P03","Orchid House","Sisli","Selin Arslan","P03-U05","T019","Deniz Aksoy","2026-09-05","1450","1450","0","2026-09-09","Paid","4","Current"
"INV-00226","2026-10","P03","Orchid House","Sisli","Selin Arslan","P03-U05","T019","Deniz Aksoy","2026-10-05","1450","1450","0","2026-10-02","Paid","0","Current"
"INV-00227","2026-11","P03","Orchid House","Sisli","Selin Arslan","P03-U05","T019","Deniz Aksoy","2026-11-05","1450","1450","0","2026-11-10","Paid","5","Current"
"INV-00228","2026-12","P03","Orchid House","Sisli","Selin Arslan","P03-U05","T019","Deniz Aksoy","2026-12-05","1450","1450","0","2026-12-06","Paid","1","Current"
"INV-00229","2026-01","P03","Orchid House","Sisli","Selin Arslan","P03-U06","T020","Zeynep Demir","2026-01-05","1625","1625","0","2026-01-03","Paid","0","Current"
"INV-00230","2026-02","P03","Orchid House","Sisli","Selin Arslan","P03-U06","T020","Zeynep Demir","2026-02-05","1625","1625","0","2026-02-23","Paid Late","18","Current"
"INV-00231","2026-03","P03","Orchid House","Sisli","Selin Arslan","P03-U06","T020","Zeynep Demir","2026-03-05","1625","1625","0","2026-03-21","Paid Late","16","Current"
"INV-00232","2026-04","P03","Orchid House","Sisli","Selin Arslan","P03-U06","T020","Zeynep Demir","2026-04-05","1625","1625","0","2026-04-02","Paid","0","Current"
"INV-00233","2026-05","P03","Orchid House","Sisli","Selin Arslan","P03-U06","T020","Zeynep Demir","2026-05-05","1625","1625","0","2026-05-20","Paid Late","15","Current"
"INV-00234","2026-06","P03","Orchid House","Sisli","Selin Arslan","P03-U06","T020","Zeynep Demir","2026-06-05","1625","1625","0","2026-06-08","Paid","3","Current"
"INV-00235","2026-07","P03","Orchid House","Sisli","Selin Arslan","P03-U06","T020","Zeynep Demir","2026-07-05","1625","1625","0","2026-07-10","Paid","5","Current"
"INV-00236","2026-08","P03","Orchid House","Sisli","Selin Arslan","P03-U06","T020","Zeynep Demir","2026-08-05","1625","0","1625","","Unpaid","148","90+ Days"
"INV-00237","2026-09","P03","Orchid House","Sisli","Selin Arslan","P03-U06","T020","Zeynep Demir","2026-09-05","1625","1625","0","2026-09-04","Paid","0","Current"
"INV-00238","2026-10","P03","Orchid House","Sisli","Selin Arslan","P03-U06","T020","Zeynep Demir","2026-10-05","1625","1625","0","2026-10-11","Paid","6","Current"
"INV-00239","2026-11","P03","Orchid House","Sisli","Selin Arslan","P03-U06","T020","Zeynep Demir","2026-11-05","1625","1625","0","2026-11-10","Paid","5","Current"
"INV-00240","2026-12","P03","Orchid House","Sisli","Selin Arslan","P03-U06","T020","Zeynep Demir","2026-12-05","1625","1625","0","2026-12-14","Paid Late","9","Current"
"INV-00241","2026-01","P03","Orchid House","Sisli","Selin Arslan","P03-U07","T021","Deniz Arslan","2026-01-05","1625","1625","0","2026-01-11","Paid","6","Current"
"INV-00242","2026-02","P03","Orchid House","Sisli","Selin Arslan","P03-U07","T021","Deniz Arslan","2026-02-05","1625","0","1625","","Unpaid","329","90+ Days"
"INV-00243","2026-03","P03","Orchid House","Sisli","Selin Arslan","P03-U07","T021","Deniz Arslan","2026-03-05","1625","1625","0","2026-03-08","Paid","3","Current"
"INV-00244","2026-04","P03","Orchid House","Sisli","Selin Arslan","P03-U07","T021","Deniz Arslan","2026-04-05","1625","1625","0","2026-04-07","Paid","2","Current"
"INV-00245","2026-05","P03","Orchid House","Sisli","Selin Arslan","P03-U07","T021","Deniz Arslan","2026-05-05","1625","1625","0","2026-05-10","Paid","5","Current"
"INV-00246","2026-06","P03","Orchid House","Sisli","Selin Arslan","P03-U07","T021","Deniz Arslan","2026-06-05","1625","1625","0","2026-06-11","Paid","6","Current"
"INV-00247","2026-07","P03","Orchid House","Sisli","Selin Arslan","P03-U07","T021","Deniz Arslan","2026-07-05","1625","1625","0","2026-07-05","Paid","0","Current"
"INV-00248","2026-08","P03","Orchid House","Sisli","Selin Arslan","P03-U07","T021","Deniz Arslan","2026-08-05","1625","1625","0","2026-08-09","Paid","4","Current"
"INV-00249","2026-09","P03","Orchid House","Sisli","Selin Arslan","P03-U07","T021","Deniz Arslan","2026-09-05","1625","1625","0","2026-09-08","Paid","3","Current"
"INV-00250","2026-10","P03","Orchid House","Sisli","Selin Arslan","P03-U07","T021","Deniz Arslan","2026-10-05","1625","1625","0","2026-10-05","Paid","0","Current"
"INV-00251","2026-11","P03","Orchid House","Sisli","Selin Arslan","P03-U07","T021","Deniz Arslan","2026-11-05","1625","1625","0","2026-11-02","Paid","0","Current"
"INV-00252","2026-12","P03","Orchid House","Sisli","Selin Arslan","P03-U07","T021","Deniz Arslan","2026-12-05","1625","1625","0","2026-12-08","Paid","3","Current"
"INV-00253","2026-01","P03","Orchid House","Sisli","Selin Arslan","P03-U08","T022","Mert Koc","2026-01-05","1575","1575","0","2026-01-06","Paid","1","Current"
"INV-00254","2026-02","P03","Orchid House","Sisli","Selin Arslan","P03-U08","T022","Mert Koc","2026-02-05","1575","858","717","2026-02-23","Partial","329","90+ Days"
"INV-00255","2026-03","P03","Orchid House","Sisli","Selin Arslan","P03-U08","T022","Mert Koc","2026-03-05","1575","1575","0","2026-03-04","Paid","0","Current"
"INV-00256","2026-04","P03","Orchid House","Sisli","Selin Arslan","P03-U08","T022","Mert Koc","2026-04-05","1575","1575","0","2026-04-03","Paid","0","Current"
"INV-00257","2026-05","P03","Orchid House","Sisli","Selin Arslan","P03-U08","T022","Mert Koc","2026-05-05","1575","1575","0","2026-05-05","Paid","0","Current"
"INV-00258","2026-06","P03","Orchid House","Sisli","Selin Arslan","P03-U08","T022","Mert Koc","2026-06-05","1575","1575","0","2026-06-12","Paid Late","7","Current"
"INV-00259","2026-07","P03","Orchid House","Sisli","Selin Arslan","P03-U08","T022","Mert Koc","2026-07-05","1575","1575","0","2026-07-24","Paid Late","19","Current"
"INV-00260","2026-08","P03","Orchid House","Sisli","Selin Arslan","P03-U08","T022","Mert Koc","2026-08-05","1575","1575","0","2026-08-06","Paid","1","Current"
"INV-00261","2026-09","P03","Orchid House","Sisli","Selin Arslan","P03-U08","T022","Mert Koc","2026-09-05","1575","1575","0","2026-09-05","Paid","0","Current"
"INV-00262","2026-10","P03","Orchid House","Sisli","Selin Arslan","P03-U08","T022","Mert Koc","2026-10-05","1575","1575","0","2026-10-10","Paid","5","Current"
"INV-00263","2026-11","P03","Orchid House","Sisli","Selin Arslan","P03-U08","T022","Mert Koc","2026-11-05","1575","1575","0","2026-11-04","Paid","0","Current"
"INV-00264","2026-12","P03","Orchid House","Sisli","Selin Arslan","P03-U08","T022","Mert Koc","2026-12-05","1575","1575","0","2026-12-03","Paid","0","Current"
"INV-00265","2026-01","P04","Parkline","Uskudar","Aylin Kaya","P04-U01","T023","Aylin Aydin","2026-01-05","1200","1200","0","2026-01-08","Paid","3","Current"
"INV-00266","2026-02","P04","Parkline","Uskudar","Aylin Kaya","P04-U01","T023","Aylin Aydin","2026-02-05","1200","1200","0","2026-02-16","Paid Late","11","Current"
"INV-00267","2026-03","P04","Parkline","Uskudar","Aylin Kaya","P04-U01","T023","Aylin Aydin","2026-03-05","1200","1200","0","2026-03-04","Paid","0","Current"
"INV-00268","2026-04","P04","Parkline","Uskudar","Aylin Kaya","P04-U01","T023","Aylin Aydin","2026-04-05","1200","1200","0","2026-04-11","Paid","6","Current"
"INV-00269","2026-05","P04","Parkline","Uskudar","Aylin Kaya","P04-U01","T023","Aylin Aydin","2026-05-05","1200","1200","0","2026-05-06","Paid","1","Current"
"INV-00270","2026-06","P04","Parkline","Uskudar","Aylin Kaya","P04-U01","T023","Aylin Aydin","2026-06-05","1200","0","1200","","Unpaid","209","90+ Days"
"INV-00271","2026-07","P04","Parkline","Uskudar","Aylin Kaya","P04-U01","T023","Aylin Aydin","2026-07-05","1200","1200","0","2026-07-09","Paid","4","Current"
"INV-00272","2026-08","P04","Parkline","Uskudar","Aylin Kaya","P04-U01","T023","Aylin Aydin","2026-08-05","1200","1200","0","2026-08-04","Paid","0","Current"
"INV-00273","2026-09","P04","Parkline","Uskudar","Aylin Kaya","P04-U01","T023","Aylin Aydin","2026-09-05","1200","1200","0","2026-09-13","Paid Late","8","Current"
"INV-00274","2026-10","P04","Parkline","Uskudar","Aylin Kaya","P04-U01","T023","Aylin Aydin","2026-10-05","1200","1200","0","2026-10-10","Paid","5","Current"
"INV-00275","2026-11","P04","Parkline","Uskudar","Aylin Kaya","P04-U01","T023","Aylin Aydin","2026-11-05","1200","1200","0","2026-11-04","Paid","0","Current"
"INV-00276","2026-12","P04","Parkline","Uskudar","Aylin Kaya","P04-U01","T023","Aylin Aydin","2026-12-05","1200","1200","0","2026-12-07","Paid","2","Current"
"INV-00277","2026-01","P04","Parkline","Uskudar","Aylin Kaya","P04-U02","T024","Derya Yilmaz","2026-01-05","1325","0","1325","","Unpaid","360","90+ Days"
"INV-00278","2026-02","P04","Parkline","Uskudar","Aylin Kaya","P04-U02","T024","Derya Yilmaz","2026-02-05","1325","550","775","2026-02-22","Partial","329","90+ Days"
"INV-00279","2026-03","P04","Parkline","Uskudar","Aylin Kaya","P04-U02","T024","Derya Yilmaz","2026-03-05","1325","956","369","2026-03-18","Partial","301","90+ Days"
"INV-00280","2026-04","P04","Parkline","Uskudar","Aylin Kaya","P04-U02","T024","Derya Yilmaz","2026-04-05","1325","1325","0","2026-04-11","Paid","6","Current"
"INV-00281","2026-05","P04","Parkline","Uskudar","Aylin Kaya","P04-U02","T024","Derya Yilmaz","2026-05-05","1325","1325","0","2026-05-09","Paid","4","Current"
"INV-00282","2026-06","P04","Parkline","Uskudar","Aylin Kaya","P04-U02","T024","Derya Yilmaz","2026-06-05","1325","1325","0","2026-06-02","Paid","0","Current"
"INV-00283","2026-07","P04","Parkline","Uskudar","Aylin Kaya","P04-U02","T024","Derya Yilmaz","2026-07-05","1325","836","489","2026-07-18","Partial","179","90+ Days"
"INV-00284","2026-08","P04","Parkline","Uskudar","Aylin Kaya","P04-U02","T024","Derya Yilmaz","2026-08-05","1325","1325","0","2026-08-02","Paid","0","Current"
"INV-00285","2026-09","P04","Parkline","Uskudar","Aylin Kaya","P04-U02","T024","Derya Yilmaz","2026-09-05","1325","1325","0","2026-09-17","Paid Late","12","Current"
"INV-00286","2026-10","P04","Parkline","Uskudar","Aylin Kaya","P04-U02","T024","Derya Yilmaz","2026-10-05","1325","1325","0","2026-10-03","Paid","0","Current"
"INV-00287","2026-11","P04","Parkline","Uskudar","Aylin Kaya","P04-U02","T024","Derya Yilmaz","2026-11-05","1325","1325","0","2026-11-10","Paid","5","Current"
"INV-00288","2026-12","P04","Parkline","Uskudar","Aylin Kaya","P04-U02","T024","Derya Yilmaz","2026-12-05","1325","1325","0","2026-12-07","Paid","2","Current"
"INV-00289","2026-01","P04","Parkline","Uskudar","Aylin Kaya","P04-U03","T025","Can Koc","2026-01-05","1300","0","1300","","Unpaid","360","90+ Days"
"INV-00290","2026-02","P04","Parkline","Uskudar","Aylin Kaya","P04-U03","T025","Can Koc","2026-02-05","1300","0","1300","","Unpaid","329","90+ Days"
"INV-00291","2026-03","P04","Parkline","Uskudar","Aylin Kaya","P04-U03","T025","Can Koc","2026-03-05","1300","1300","0","2026-03-15","Paid Late","10","Current"
"INV-00292","2026-04","P04","Parkline","Uskudar","Aylin Kaya","P04-U03","T025","Can Koc","2026-04-05","1300","1300","0","2026-04-08","Paid","3","Current"
"INV-00293","2026-05","P04","Parkline","Uskudar","Aylin Kaya","P04-U03","T025","Can Koc","2026-05-05","1300","1300","0","2026-05-06","Paid","1","Current"
"INV-00294","2026-06","P04","Parkline","Uskudar","Aylin Kaya","P04-U03","T025","Can Koc","2026-06-05","1300","0","1300","","Unpaid","209","90+ Days"
"INV-00295","2026-07","P04","Parkline","Uskudar","Aylin Kaya","P04-U03","T025","Can Koc","2026-07-05","1300","1300","0","2026-07-04","Paid","0","Current"
"INV-00296","2026-08","P04","Parkline","Uskudar","Aylin Kaya","P04-U03","T025","Can Koc","2026-08-05","1300","1300","0","2026-08-11","Paid","6","Current"
"INV-00297","2026-09","P04","Parkline","Uskudar","Aylin Kaya","P04-U03","T025","Can Koc","2026-09-05","1300","1300","0","2026-09-22","Paid Late","17","Current"
"INV-00298","2026-10","P04","Parkline","Uskudar","Aylin Kaya","P04-U03","T025","Can Koc","2026-10-05","1300","1300","0","2026-10-18","Paid Late","13","Current"
"INV-00299","2026-11","P04","Parkline","Uskudar","Aylin Kaya","P04-U03","T025","Can Koc","2026-11-05","1300","1300","0","2026-11-07","Paid","2","Current"
"INV-00300","2026-12","P04","Parkline","Uskudar","Aylin Kaya","P04-U03","T025","Can Koc","2026-12-05","1300","1300","0","2026-12-05","Paid","0","Current"
"INV-00301","2026-01","P04","Parkline","Uskudar","Aylin Kaya","P04-U04","T026","Ece Celik","2026-01-05","1425","1425","0","2026-01-05","Paid","0","Current"
"INV-00302","2026-02","P04","Parkline","Uskudar","Aylin Kaya","P04-U04","T026","Ece Celik","2026-02-05","1425","1425","0","2026-02-10","Paid","5","Current"
"INV-00303","2026-03","P04","Parkline","Uskudar","Aylin Kaya","P04-U04","T026","Ece Celik","2026-03-05","1425","1425","0","2026-03-04","Paid","0","Current"
"INV-00304","2026-04","P04","Parkline","Uskudar","Aylin Kaya","P04-U04","T026","Ece Celik","2026-04-05","1425","1425","0","2026-04-10","Paid","5","Current"
"INV-00305","2026-05","P04","Parkline","Uskudar","Aylin Kaya","P04-U04","T026","Ece Celik","2026-05-05","1425","1425","0","2026-05-09","Paid","4","Current"
"INV-00306","2026-06","P04","Parkline","Uskudar","Aylin Kaya","P04-U04","T026","Ece Celik","2026-06-05","1425","1425","0","2026-06-10","Paid","5","Current"
"INV-00307","2026-07","P04","Parkline","Uskudar","Aylin Kaya","P04-U04","T026","Ece Celik","2026-07-05","1425","1425","0","2026-07-14","Paid Late","9","Current"
"INV-00308","2026-08","P04","Parkline","Uskudar","Aylin Kaya","P04-U04","T026","Ece Celik","2026-08-05","1425","0","1425","","Unpaid","148","90+ Days"
"INV-00309","2026-09","P04","Parkline","Uskudar","Aylin Kaya","P04-U04","T026","Ece Celik","2026-09-05","1425","1425","0","2026-09-10","Paid","5","Current"
"INV-00310","2026-10","P04","Parkline","Uskudar","Aylin Kaya","P04-U04","T026","Ece Celik","2026-10-05","1425","1425","0","2026-10-04","Paid","0","Current"
"INV-00311","2026-11","P04","Parkline","Uskudar","Aylin Kaya","P04-U04","T026","Ece Celik","2026-11-05","1425","0","1425","","Unpaid","56","31-60 Days"
"INV-00312","2026-12","P04","Parkline","Uskudar","Aylin Kaya","P04-U04","T026","Ece Celik","2026-12-05","1425","1425","0","2026-12-03","Paid","0","Current"
"INV-00313","2026-01","P04","Parkline","Uskudar","Aylin Kaya","P04-U05","T027","Derya Demir","2026-01-05","1350","0","1350","","Unpaid","360","90+ Days"
"INV-00314","2026-02","P04","Parkline","Uskudar","Aylin Kaya","P04-U05","T027","Derya Demir","2026-02-05","1350","586","764","2026-02-25","Partial","329","90+ Days"
"INV-00315","2026-03","P04","Parkline","Uskudar","Aylin Kaya","P04-U05","T027","Derya Demir","2026-03-05","1350","1350","0","2026-03-06","Paid","1","Current"
"INV-00316","2026-04","P04","Parkline","Uskudar","Aylin Kaya","P04-U05","T027","Derya Demir","2026-04-05","1350","1350","0","2026-04-09","Paid","4","Current"
"INV-00317","2026-05","P04","Parkline","Uskudar","Aylin Kaya","P04-U05","T027","Derya Demir","2026-05-05","1350","1350","0","2026-05-02","Paid","0","Current"
"INV-00318","2026-06","P04","Parkline","Uskudar","Aylin Kaya","P04-U05","T027","Derya Demir","2026-06-05","1350","1350","0","2026-06-03","Paid","0","Current"
"INV-00319","2026-07","P04","Parkline","Uskudar","Aylin Kaya","P04-U05","T027","Derya Demir","2026-07-05","1350","1350","0","2026-07-10","Paid","5","Current"
"INV-00320","2026-08","P04","Parkline","Uskudar","Aylin Kaya","P04-U05","T027","Derya Demir","2026-08-05","1350","1350","0","2026-08-11","Paid","6","Current"
"INV-00321","2026-09","P04","Parkline","Uskudar","Aylin Kaya","P04-U05","T027","Derya Demir","2026-09-05","1350","1350","0","2026-09-04","Paid","0","Current"
"INV-00322","2026-10","P04","Parkline","Uskudar","Aylin Kaya","P04-U05","T027","Derya Demir","2026-10-05","1350","1350","0","2026-10-02","Paid","0","Current"
"INV-00323","2026-11","P04","Parkline","Uskudar","Aylin Kaya","P04-U05","T027","Derya Demir","2026-11-05","1350","1350","0","2026-11-05","Paid","0","Current"
"INV-00324","2026-12","P04","Parkline","Uskudar","Aylin Kaya","P04-U05","T027","Derya Demir","2026-12-05","1350","1350","0","2026-12-24","Paid Late","19","Current"
"INV-00325","2026-01","P04","Parkline","Uskudar","Aylin Kaya","P04-U06","T028","Zeynep Arslan","2026-01-05","1375","1375","0","2026-01-06","Paid","1","Current"
"INV-00326","2026-02","P04","Parkline","Uskudar","Aylin Kaya","P04-U06","T028","Zeynep Arslan","2026-02-05","1375","1375","0","2026-02-10","Paid","5","Current"
"INV-00327","2026-03","P04","Parkline","Uskudar","Aylin Kaya","P04-U06","T028","Zeynep Arslan","2026-03-05","1375","0","1375","","Unpaid","301","90+ Days"
"INV-00328","2026-04","P04","Parkline","Uskudar","Aylin Kaya","P04-U06","T028","Zeynep Arslan","2026-04-05","1375","1375","0","2026-04-05","Paid","0","Current"
"INV-00329","2026-05","P04","Parkline","Uskudar","Aylin Kaya","P04-U06","T028","Zeynep Arslan","2026-05-05","1375","1375","0","2026-05-08","Paid","3","Current"
"INV-00330","2026-06","P04","Parkline","Uskudar","Aylin Kaya","P04-U06","T028","Zeynep Arslan","2026-06-05","1375","1375","0","2026-06-05","Paid","0","Current"
"INV-00331","2026-07","P04","Parkline","Uskudar","Aylin Kaya","P04-U06","T028","Zeynep Arslan","2026-07-05","1375","1375","0","2026-07-03","Paid","0","Current"
"INV-00332","2026-08","P04","Parkline","Uskudar","Aylin Kaya","P04-U06","T028","Zeynep Arslan","2026-08-05","1375","735","640","2026-08-18","Partial","148","90+ Days"
"INV-00333","2026-09","P04","Parkline","Uskudar","Aylin Kaya","P04-U06","T028","Zeynep Arslan","2026-09-05","1375","1375","0","2026-09-15","Paid Late","10","Current"
"INV-00334","2026-10","P04","Parkline","Uskudar","Aylin Kaya","P04-U06","T028","Zeynep Arslan","2026-10-05","1375","1375","0","2026-10-09","Paid","4","Current"
"INV-00335","2026-11","P04","Parkline","Uskudar","Aylin Kaya","P04-U06","T028","Zeynep Arslan","2026-11-05","1375","1375","0","2026-11-11","Paid","6","Current"
"INV-00336","2026-12","P04","Parkline","Uskudar","Aylin Kaya","P04-U06","T028","Zeynep Arslan","2026-12-05","1375","1375","0","2026-12-02","Paid","0","Current"
"INV-00337","2026-01","P04","Parkline","Uskudar","Aylin Kaya","P04-U07","T029","Aylin Demir","2026-01-05","1550","1550","0","2026-01-08","Paid","3","Current"
"INV-00338","2026-02","P04","Parkline","Uskudar","Aylin Kaya","P04-U07","T029","Aylin Demir","2026-02-05","1550","0","1550","","Unpaid","329","90+ Days"
"INV-00339","2026-03","P04","Parkline","Uskudar","Aylin Kaya","P04-U07","T029","Aylin Demir","2026-03-05","1550","1550","0","2026-03-02","Paid","0","Current"
"INV-00340","2026-04","P04","Parkline","Uskudar","Aylin Kaya","P04-U07","T029","Aylin Demir","2026-04-05","1550","1550","0","2026-04-02","Paid","0","Current"
"INV-00341","2026-05","P04","Parkline","Uskudar","Aylin Kaya","P04-U07","T029","Aylin Demir","2026-05-05","1550","1550","0","2026-05-11","Paid","6","Current"
"INV-00342","2026-06","P04","Parkline","Uskudar","Aylin Kaya","P04-U07","T029","Aylin Demir","2026-06-05","1550","1550","0","2026-06-06","Paid","1","Current"
"INV-00343","2026-07","P04","Parkline","Uskudar","Aylin Kaya","P04-U07","T029","Aylin Demir","2026-07-05","1550","1550","0","2026-07-11","Paid","6","Current"
"INV-00344","2026-08","P04","Parkline","Uskudar","Aylin Kaya","P04-U07","T029","Aylin Demir","2026-08-05","1550","1550","0","2026-08-06","Paid","1","Current"
"INV-00345","2026-09","P04","Parkline","Uskudar","Aylin Kaya","P04-U07","T029","Aylin Demir","2026-09-05","1550","1550","0","2026-09-02","Paid","0","Current"
"INV-00346","2026-10","P04","Parkline","Uskudar","Aylin Kaya","P04-U07","T029","Aylin Demir","2026-10-05","1550","1550","0","2026-10-03","Paid","0","Current"
"INV-00347","2026-11","P04","Parkline","Uskudar","Aylin Kaya","P04-U07","T029","Aylin Demir","2026-11-05","1550","1550","0","2026-11-04","Paid","0","Current"
"INV-00348","2026-12","P04","Parkline","Uskudar","Aylin Kaya","P04-U07","T029","Aylin Demir","2026-12-05","1550","1550","0","2026-12-05","Paid","0","Current"
"INV-00349","2026-01","P04","Parkline","Uskudar","Aylin Kaya","P04-U08","T030","Can Yilmaz","2026-01-05","1575","1575","0","2026-01-09","Paid","4","Current"
"INV-00350","2026-02","P04","Parkline","Uskudar","Aylin Kaya","P04-U08","T030","Can Yilmaz","2026-02-05","1575","1575","0","2026-02-02","Paid","0","Current"
"INV-00351","2026-03","P04","Parkline","Uskudar","Aylin Kaya","P04-U08","T030","Can Yilmaz","2026-03-05","1575","1575","0","2026-03-03","Paid","0","Current"
"INV-00352","2026-04","P04","Parkline","Uskudar","Aylin Kaya","P04-U08","T030","Can Yilmaz","2026-04-05","1575","1575","0","2026-04-02","Paid","0","Current"
"INV-00353","2026-05","P04","Parkline","Uskudar","Aylin Kaya","P04-U08","T030","Can Yilmaz","2026-05-05","1575","0","1575","","Unpaid","240","90+ Days"
"INV-00354","2026-06","P04","Parkline","Uskudar","Aylin Kaya","P04-U08","T030","Can Yilmaz","2026-06-05","1575","1575","0","2026-06-18","Paid Late","13","Current"
"INV-00355","2026-07","P04","Parkline","Uskudar","Aylin Kaya","P04-U08","T030","Can Yilmaz","2026-07-05","1575","1575","0","2026-07-08","Paid","3","Current"
"INV-00356","2026-08","P04","Parkline","Uskudar","Aylin Kaya","P04-U08","T030","Can Yilmaz","2026-08-05","1575","1575","0","2026-08-07","Paid","2","Current"
"INV-00357","2026-09","P04","Parkline","Uskudar","Aylin Kaya","P04-U08","T030","Can Yilmaz","2026-09-05","1575","1575","0","2026-09-04","Paid","0","Current"
"INV-00358","2026-10","P04","Parkline","Uskudar","Aylin Kaya","P04-U08","T030","Can Yilmaz","2026-10-05","1575","1575","0","2026-10-18","Paid Late","13","Current"
"INV-00359","2026-11","P04","Parkline","Uskudar","Aylin Kaya","P04-U08","T030","Can Yilmaz","2026-11-05","1575","1575","0","2026-11-03","Paid","0","Current"
"INV-00360","2026-12","P04","Parkline","Uskudar","Aylin Kaya","P04-U08","T030","Can Yilmaz","2026-12-05","1575","1575","0","2026-12-11","Paid Late","6","Current"
"INV-00361","2026-01","P05","Cedar Residence","Kadikoy","Mert Demir","P05-U01","T031","Kerem Aydin","2026-01-05","1475","1475","0","2026-01-22","Paid Late","17","Current"
"INV-00362","2026-02","P05","Cedar Residence","Kadikoy","Mert Demir","P05-U01","T031","Kerem Aydin","2026-02-05","1475","1475","0","2026-02-09","Paid","4","Current"
"INV-00363","2026-03","P05","Cedar Residence","Kadikoy","Mert Demir","P05-U01","T031","Kerem Aydin","2026-03-05","1475","1475","0","2026-03-06","Paid","1","Current"
"INV-00364","2026-04","P05","Cedar Residence","Kadikoy","Mert Demir","P05-U01","T031","Kerem Aydin","2026-04-05","1475","0","1475","","Unpaid","270","90+ Days"
"INV-00365","2026-05","P05","Cedar Residence","Kadikoy","Mert Demir","P05-U01","T031","Kerem Aydin","2026-05-05","1475","1475","0","2026-05-13","Paid Late","8","Current"
"INV-00366","2026-06","P05","Cedar Residence","Kadikoy","Mert Demir","P05-U01","T031","Kerem Aydin","2026-06-05","1475","1475","0","2026-06-07","Paid","2","Current"
"INV-00367","2026-07","P05","Cedar Residence","Kadikoy","Mert Demir","P05-U01","T031","Kerem Aydin","2026-07-05","1475","1475","0","2026-07-03","Paid","0","Current"
"INV-00368","2026-08","P05","Cedar Residence","Kadikoy","Mert Demir","P05-U01","T031","Kerem Aydin","2026-08-05","1475","0","1475","","Unpaid","148","90+ Days"
"INV-00369","2026-09","P05","Cedar Residence","Kadikoy","Mert Demir","P05-U01","T031","Kerem Aydin","2026-09-05","1475","1475","0","2026-09-18","Paid Late","13","Current"
"INV-00370","2026-10","P05","Cedar Residence","Kadikoy","Mert Demir","P05-U01","T031","Kerem Aydin","2026-10-05","1475","1475","0","2026-10-11","Paid","6","Current"
"INV-00371","2026-11","P05","Cedar Residence","Kadikoy","Mert Demir","P05-U01","T031","Kerem Aydin","2026-11-05","1475","1475","0","2026-11-07","Paid","2","Current"
"INV-00372","2026-12","P05","Cedar Residence","Kadikoy","Mert Demir","P05-U01","T031","Kerem Aydin","2026-12-05","1475","1475","0","2026-12-06","Paid","1","Current"
"INV-00373","2026-01","P05","Cedar Residence","Kadikoy","Mert Demir","P05-U02","T032","Burak Arslan","2026-01-05","1400","1400","0","2026-01-04","Paid","0","Current"
"INV-00374","2026-02","P05","Cedar Residence","Kadikoy","Mert Demir","P05-U02","T032","Burak Arslan","2026-02-05","1400","1400","0","2026-02-03","Paid","0","Current"
"INV-00375","2026-03","P05","Cedar Residence","Kadikoy","Mert Demir","P05-U02","T032","Burak Arslan","2026-03-05","1400","1400","0","2026-03-07","Paid","2","Current"
"INV-00376","2026-04","P05","Cedar Residence","Kadikoy","Mert Demir","P05-U02","T032","Burak Arslan","2026-04-05","1400","1400","0","2026-04-19","Paid Late","14","Current"
"INV-00377","2026-05","P05","Cedar Residence","Kadikoy","Mert Demir","P05-U02","T032","Burak Arslan","2026-05-05","1400","1400","0","2026-05-07","Paid","2","Current"
"INV-00378","2026-06","P05","Cedar Residence","Kadikoy","Mert Demir","P05-U02","T032","Burak Arslan","2026-06-05","1400","1400","0","2026-06-20","Paid Late","15","Current"
"INV-00379","2026-07","P05","Cedar Residence","Kadikoy","Mert Demir","P05-U02","T032","Burak Arslan","2026-07-05","1400","1400","0","2026-07-10","Paid","5","Current"
"INV-00380","2026-08","P05","Cedar Residence","Kadikoy","Mert Demir","P05-U02","T032","Burak Arslan","2026-08-05","1400","1400","0","2026-08-05","Paid","0","Current"
"INV-00381","2026-09","P05","Cedar Residence","Kadikoy","Mert Demir","P05-U02","T032","Burak Arslan","2026-09-05","1400","1400","0","2026-09-10","Paid","5","Current"
"INV-00382","2026-10","P05","Cedar Residence","Kadikoy","Mert Demir","P05-U02","T032","Burak Arslan","2026-10-05","1400","1400","0","2026-10-05","Paid","0","Current"
"INV-00383","2026-11","P05","Cedar Residence","Kadikoy","Mert Demir","P05-U02","T032","Burak Arslan","2026-11-05","1400","1400","0","2026-11-07","Paid","2","Current"
"INV-00384","2026-12","P05","Cedar Residence","Kadikoy","Mert Demir","P05-U02","T032","Burak Arslan","2026-12-05","1400","1400","0","2026-12-09","Paid","4","Current"
"INV-00385","2026-01","P05","Cedar Residence","Kadikoy","Mert Demir","P05-U03","T033","Kerem Aydin","2026-01-05","1525","1525","0","2026-01-10","Paid","5","Current"
"INV-00386","2026-02","P05","Cedar Residence","Kadikoy","Mert Demir","P05-U03","T033","Kerem Aydin","2026-02-05","1525","1525","0","2026-02-05","Paid","0","Current"
"INV-00387","2026-03","P05","Cedar Residence","Kadikoy","Mert Demir","P05-U03","T033","Kerem Aydin","2026-03-05","1525","868","657","2026-03-18","Partial","301","90+ Days"
"INV-00388","2026-04","P05","Cedar Residence","Kadikoy","Mert Demir","P05-U03","T033","Kerem Aydin","2026-04-05","1525","1525","0","2026-04-11","Paid","6","Current"
"INV-00389","2026-05","P05","Cedar Residence","Kadikoy","Mert Demir","P05-U03","T033","Kerem Aydin","2026-05-05","1525","1525","0","2026-05-12","Paid Late","7","Current"
"INV-00390","2026-06","P05","Cedar Residence","Kadikoy","Mert Demir","P05-U03","T033","Kerem Aydin","2026-06-05","1525","1525","0","2026-06-05","Paid","0","Current"
"INV-00391","2026-07","P05","Cedar Residence","Kadikoy","Mert Demir","P05-U03","T033","Kerem Aydin","2026-07-05","1525","1525","0","2026-07-10","Paid","5","Current"
"INV-00392","2026-08","P05","Cedar Residence","Kadikoy","Mert Demir","P05-U03","T033","Kerem Aydin","2026-08-05","1525","1525","0","2026-08-08","Paid","3","Current"
"INV-00393","2026-09","P05","Cedar Residence","Kadikoy","Mert Demir","P05-U03","T033","Kerem Aydin","2026-09-05","1525","1525","0","2026-09-02","Paid","0","Current"
"INV-00394","2026-10","P05","Cedar Residence","Kadikoy","Mert Demir","P05-U03","T033","Kerem Aydin","2026-10-05","1525","1525","0","2026-10-08","Paid","3","Current"
"INV-00395","2026-11","P05","Cedar Residence","Kadikoy","Mert Demir","P05-U03","T033","Kerem Aydin","2026-11-05","1525","1525","0","2026-11-11","Paid","6","Current"
"INV-00396","2026-12","P05","Cedar Residence","Kadikoy","Mert Demir","P05-U03","T033","Kerem Aydin","2026-12-05","1525","1525","0","2026-12-04","Paid","0","Current"
"INV-00397","2026-01","P05","Cedar Residence","Kadikoy","Mert Demir","P05-U04","T034","Kerem Yilmaz","2026-01-05","1550","1550","0","2026-01-05","Paid","0","Current"
"INV-00398","2026-02","P05","Cedar Residence","Kadikoy","Mert Demir","P05-U04","T034","Kerem Yilmaz","2026-02-05","1550","1550","0","2026-02-21","Paid Late","16","Current"
"INV-00399","2026-03","P05","Cedar Residence","Kadikoy","Mert Demir","P05-U04","T034","Kerem Yilmaz","2026-03-05","1550","1550","0","2026-03-06","Paid","1","Current"
"INV-00400","2026-04","P05","Cedar Residence","Kadikoy","Mert Demir","P05-U04","T034","Kerem Yilmaz","2026-04-05","1550","1158","392","2026-04-18","Partial","270","90+ Days"
"INV-00401","2026-05","P05","Cedar Residence","Kadikoy","Mert Demir","P05-U04","T034","Kerem Yilmaz","2026-05-05","1550","1550","0","2026-05-08","Paid","3","Current"
"INV-00402","2026-06","P05","Cedar Residence","Kadikoy","Mert Demir","P05-U04","T034","Kerem Yilmaz","2026-06-05","1550","1550","0","2026-06-02","Paid","0","Current"
"INV-00403","2026-07","P05","Cedar Residence","Kadikoy","Mert Demir","P05-U04","T034","Kerem Yilmaz","2026-07-05","1550","0","1550","","Unpaid","179","90+ Days"
"INV-00404","2026-08","P05","Cedar Residence","Kadikoy","Mert Demir","P05-U04","T034","Kerem Yilmaz","2026-08-05","1550","1550","0","2026-08-07","Paid","2","Current"
"INV-00405","2026-09","P05","Cedar Residence","Kadikoy","Mert Demir","P05-U04","T034","Kerem Yilmaz","2026-09-05","1550","1550","0","2026-09-06","Paid","1","Current"
"INV-00406","2026-10","P05","Cedar Residence","Kadikoy","Mert Demir","P05-U04","T034","Kerem Yilmaz","2026-10-05","1550","1550","0","2026-10-11","Paid","6","Current"
"INV-00407","2026-11","P05","Cedar Residence","Kadikoy","Mert Demir","P05-U04","T034","Kerem Yilmaz","2026-11-05","1550","1550","0","2026-11-02","Paid","0","Current"
"INV-00408","2026-12","P05","Cedar Residence","Kadikoy","Mert Demir","P05-U04","T034","Kerem Yilmaz","2026-12-05","1550","1550","0","2026-12-19","Paid Late","14","Current"
"INV-00409","2026-01","P05","Cedar Residence","Kadikoy","Mert Demir","P05-U05","T035","Elif Sahin","2026-01-05","1600","1600","0","2026-01-15","Paid Late","10","Current"
"INV-00410","2026-02","P05","Cedar Residence","Kadikoy","Mert Demir","P05-U05","T035","Elif Sahin","2026-02-05","1600","1600","0","2026-02-03","Paid","0","Current"
"INV-00411","2026-03","P05","Cedar Residence","Kadikoy","Mert Demir","P05-U05","T035","Elif Sahin","2026-03-05","1600","1600","0","2026-03-05","Paid","0","Current"
"INV-00412","2026-04","P05","Cedar Residence","Kadikoy","Mert Demir","P05-U05","T035","Elif Sahin","2026-04-05","1600","1600","0","2026-04-03","Paid","0","Current"
"INV-00413","2026-05","P05","Cedar Residence","Kadikoy","Mert Demir","P05-U05","T035","Elif Sahin","2026-05-05","1600","1600","0","2026-05-02","Paid","0","Current"
"INV-00414","2026-06","P05","Cedar Residence","Kadikoy","Mert Demir","P05-U05","T035","Elif Sahin","2026-06-05","1600","724","876","2026-06-19","Partial","209","90+ Days"
"INV-00415","2026-07","P05","Cedar Residence","Kadikoy","Mert Demir","P05-U05","T035","Elif Sahin","2026-07-05","1600","1600","0","2026-07-11","Paid","6","Current"
"INV-00416","2026-08","P05","Cedar Residence","Kadikoy","Mert Demir","P05-U05","T035","Elif Sahin","2026-08-05","1600","1600","0","2026-08-03","Paid","0","Current"
"INV-00417","2026-09","P05","Cedar Residence","Kadikoy","Mert Demir","P05-U05","T035","Elif Sahin","2026-09-05","1600","1600","0","2026-09-11","Paid","6","Current"
"INV-00418","2026-10","P05","Cedar Residence","Kadikoy","Mert Demir","P05-U05","T035","Elif Sahin","2026-10-05","1600","1600","0","2026-10-10","Paid","5","Current"
"INV-00419","2026-11","P05","Cedar Residence","Kadikoy","Mert Demir","P05-U05","T035","Elif Sahin","2026-11-05","1600","1600","0","2026-11-04","Paid","0","Current"
"INV-00420","2026-12","P05","Cedar Residence","Kadikoy","Mert Demir","P05-U05","T035","Elif Sahin","2026-12-05","1600","1600","0","2026-12-10","Paid","5","Current"
"INV-00421","2026-01","P05","Cedar Residence","Kadikoy","Mert Demir","P05-U06","T036","Mert Sahin","2026-01-05","1600","1600","0","2026-01-07","Paid","2","Current"
"INV-00422","2026-02","P05","Cedar Residence","Kadikoy","Mert Demir","P05-U06","T036","Mert Sahin","2026-02-05","1600","1600","0","2026-02-08","Paid","3","Current"
"INV-00423","2026-03","P05","Cedar Residence","Kadikoy","Mert Demir","P05-U06","T036","Mert Sahin","2026-03-05","1600","1600","0","2026-03-07","Paid","2","Current"
"INV-00424","2026-04","P05","Cedar Residence","Kadikoy","Mert Demir","P05-U06","T036","Mert Sahin","2026-04-05","1600","1600","0","2026-04-04","Paid","0","Current"
"INV-00425","2026-05","P05","Cedar Residence","Kadikoy","Mert Demir","P05-U06","T036","Mert Sahin","2026-05-05","1600","1600","0","2026-05-03","Paid","0","Current"
"INV-00426","2026-06","P05","Cedar Residence","Kadikoy","Mert Demir","P05-U06","T036","Mert Sahin","2026-06-05","1600","1600","0","2026-06-02","Paid","0","Current"
"INV-00427","2026-07","P05","Cedar Residence","Kadikoy","Mert Demir","P05-U06","T036","Mert Sahin","2026-07-05","1600","0","1600","","Unpaid","179","90+ Days"
"INV-00428","2026-08","P05","Cedar Residence","Kadikoy","Mert Demir","P05-U06","T036","Mert Sahin","2026-08-05","1600","1600","0","2026-08-03","Paid","0","Current"
"INV-00429","2026-09","P05","Cedar Residence","Kadikoy","Mert Demir","P05-U06","T036","Mert Sahin","2026-09-05","1600","1600","0","2026-09-21","Paid Late","16","Current"
"INV-00430","2026-10","P05","Cedar Residence","Kadikoy","Mert Demir","P05-U06","T036","Mert Sahin","2026-10-05","1600","0","1600","","Unpaid","87","61-90 Days"
"INV-00431","2026-11","P05","Cedar Residence","Kadikoy","Mert Demir","P05-U06","T036","Mert Sahin","2026-11-05","1600","1600","0","2026-11-06","Paid","1","Current"
"INV-00432","2026-12","P05","Cedar Residence","Kadikoy","Mert Demir","P05-U06","T036","Mert Sahin","2026-12-05","1600","1600","0","2026-12-09","Paid","4","Current"
"INV-00433","2026-01","P05","Cedar Residence","Kadikoy","Mert Demir","P05-U07","T037","Kerem Demir","2026-01-05","1625","1625","0","2026-01-03","Paid","0","Current"
"INV-00434","2026-02","P05","Cedar Residence","Kadikoy","Mert Demir","P05-U07","T037","Kerem Demir","2026-02-05","1625","1625","0","2026-02-10","Paid","5","Current"
"INV-00435","2026-03","P05","Cedar Residence","Kadikoy","Mert Demir","P05-U07","T037","Kerem Demir","2026-03-05","1625","1625","0","2026-03-19","Paid Late","14","Current"
"INV-00436","2026-04","P05","Cedar Residence","Kadikoy","Mert Demir","P05-U07","T037","Kerem Demir","2026-04-05","1625","1625","0","2026-04-09","Paid","4","Current"
"INV-00437","2026-05","P05","Cedar Residence","Kadikoy","Mert Demir","P05-U07","T037","Kerem Demir","2026-05-05","1625","1625","0","2026-05-08","Paid","3","Current"
"INV-00438","2026-06","P05","Cedar Residence","Kadikoy","Mert Demir","P05-U07","T037","Kerem Demir","2026-06-05","1625","1625","0","2026-06-02","Paid","0","Current"
"INV-00439","2026-07","P05","Cedar Residence","Kadikoy","Mert Demir","P05-U07","T037","Kerem Demir","2026-07-05","1625","1625","0","2026-07-11","Paid","6","Current"
"INV-00440","2026-08","P05","Cedar Residence","Kadikoy","Mert Demir","P05-U07","T037","Kerem Demir","2026-08-05","1625","1625","0","2026-08-09","Paid","4","Current"
"INV-00441","2026-09","P05","Cedar Residence","Kadikoy","Mert Demir","P05-U07","T037","Kerem Demir","2026-09-05","1625","1625","0","2026-09-05","Paid","0","Current"
"INV-00442","2026-10","P05","Cedar Residence","Kadikoy","Mert Demir","P05-U07","T037","Kerem Demir","2026-10-05","1625","1625","0","2026-10-08","Paid","3","Current"
"INV-00443","2026-11","P05","Cedar Residence","Kadikoy","Mert Demir","P05-U07","T037","Kerem Demir","2026-11-05","1625","1625","0","2026-11-08","Paid","3","Current"
"INV-00444","2026-12","P05","Cedar Residence","Kadikoy","Mert Demir","P05-U07","T037","Kerem Demir","2026-12-05","1625","1625","0","2026-12-05","Paid","0","Current"
"INV-00445","2026-01","P06","Bluegate","Besiktas","Selin Arslan","P06-U02","T038","Selin Kaya","2026-01-05","1650","1650","0","2026-01-21","Paid Late","16","Current"
"INV-00446","2026-02","P06","Bluegate","Besiktas","Selin Arslan","P06-U02","T038","Selin Kaya","2026-02-05","1650","1650","0","2026-02-10","Paid","5","Current"
"INV-00447","2026-03","P06","Bluegate","Besiktas","Selin Arslan","P06-U02","T038","Selin Kaya","2026-03-05","1650","1650","0","2026-03-11","Paid","6","Current"
"INV-00448","2026-04","P06","Bluegate","Besiktas","Selin Arslan","P06-U02","T038","Selin Kaya","2026-04-05","1650","1650","0","2026-04-10","Paid","5","Current"
"INV-00449","2026-05","P06","Bluegate","Besiktas","Selin Arslan","P06-U02","T038","Selin Kaya","2026-05-05","1650","1650","0","2026-05-05","Paid","0","Current"
"INV-00450","2026-06","P06","Bluegate","Besiktas","Selin Arslan","P06-U02","T038","Selin Kaya","2026-06-05","1650","1650","0","2026-06-10","Paid","5","Current"
"INV-00451","2026-07","P06","Bluegate","Besiktas","Selin Arslan","P06-U02","T038","Selin Kaya","2026-07-05","1650","1650","0","2026-07-11","Paid","6","Current"
"INV-00452","2026-08","P06","Bluegate","Besiktas","Selin Arslan","P06-U02","T038","Selin Kaya","2026-08-05","1650","957","693","2026-08-18","Partial","148","90+ Days"
"INV-00453","2026-09","P06","Bluegate","Besiktas","Selin Arslan","P06-U02","T038","Selin Kaya","2026-09-05","1650","1650","0","2026-09-05","Paid","0","Current"
"INV-00454","2026-10","P06","Bluegate","Besiktas","Selin Arslan","P06-U02","T038","Selin Kaya","2026-10-05","1650","1650","0","2026-10-13","Paid Late","8","Current"
"INV-00455","2026-11","P06","Bluegate","Besiktas","Selin Arslan","P06-U02","T038","Selin Kaya","2026-11-05","1650","1650","0","2026-11-08","Paid","3","Current"
"INV-00456","2026-12","P06","Bluegate","Besiktas","Selin Arslan","P06-U02","T038","Selin Kaya","2026-12-05","1650","606","1044","2026-12-23","Partial","26","1-30 Days"
"INV-00457","2026-01","P06","Bluegate","Besiktas","Selin Arslan","P06-U03","T039","Ece Aydin","2026-01-05","1675","1675","0","2026-01-03","Paid","0","Current"
"INV-00458","2026-02","P06","Bluegate","Besiktas","Selin Arslan","P06-U03","T039","Ece Aydin","2026-02-05","1675","1675","0","2026-02-04","Paid","0","Current"
"INV-00459","2026-03","P06","Bluegate","Besiktas","Selin Arslan","P06-U03","T039","Ece Aydin","2026-03-05","1675","1675","0","2026-03-06","Paid","1","Current"
"INV-00460","2026-04","P06","Bluegate","Besiktas","Selin Arslan","P06-U03","T039","Ece Aydin","2026-04-05","1675","1675","0","2026-04-08","Paid","3","Current"
"INV-00461","2026-05","P06","Bluegate","Besiktas","Selin Arslan","P06-U03","T039","Ece Aydin","2026-05-05","1675","0","1675","","Unpaid","240","90+ Days"
"INV-00462","2026-06","P06","Bluegate","Besiktas","Selin Arslan","P06-U03","T039","Ece Aydin","2026-06-05","1675","1675","0","2026-06-08","Paid","3","Current"
"INV-00463","2026-07","P06","Bluegate","Besiktas","Selin Arslan","P06-U03","T039","Ece Aydin","2026-07-05","1675","1675","0","2026-07-05","Paid","0","Current"
"INV-00464","2026-08","P06","Bluegate","Besiktas","Selin Arslan","P06-U03","T039","Ece Aydin","2026-08-05","1675","1675","0","2026-08-07","Paid","2","Current"
"INV-00465","2026-09","P06","Bluegate","Besiktas","Selin Arslan","P06-U03","T039","Ece Aydin","2026-09-05","1675","1675","0","2026-09-04","Paid","0","Current"
"INV-00466","2026-10","P06","Bluegate","Besiktas","Selin Arslan","P06-U03","T039","Ece Aydin","2026-10-05","1675","1675","0","2026-10-09","Paid","4","Current"
"INV-00467","2026-11","P06","Bluegate","Besiktas","Selin Arslan","P06-U03","T039","Ece Aydin","2026-11-05","1675","1675","0","2026-11-08","Paid","3","Current"
"INV-00468","2026-12","P06","Bluegate","Besiktas","Selin Arslan","P06-U03","T039","Ece Aydin","2026-12-05","1675","1675","0","2026-12-10","Paid","5","Current"
"INV-00469","2026-01","P06","Bluegate","Besiktas","Selin Arslan","P06-U04","T040","Kerem Aksoy","2026-01-05","1750","1750","0","2026-01-06","Paid","1","Current"
"INV-00470","2026-02","P06","Bluegate","Besiktas","Selin Arslan","P06-U04","T040","Kerem Aksoy","2026-02-05","1750","1750","0","2026-02-03","Paid","0","Current"
"INV-00471","2026-03","P06","Bluegate","Besiktas","Selin Arslan","P06-U04","T040","Kerem Aksoy","2026-03-05","1750","1750","0","2026-03-09","Paid","4","Current"
"INV-00472","2026-04","P06","Bluegate","Besiktas","Selin Arslan","P06-U04","T040","Kerem Aksoy","2026-04-05","1750","1750","0","2026-04-11","Paid","6","Current"
"INV-00473","2026-05","P06","Bluegate","Besiktas","Selin Arslan","P06-U04","T040","Kerem Aksoy","2026-05-05","1750","1750","0","2026-05-10","Paid","5","Current"
"INV-00474","2026-06","P06","Bluegate","Besiktas","Selin Arslan","P06-U04","T040","Kerem Aksoy","2026-06-05","1750","1750","0","2026-06-11","Paid","6","Current"
"INV-00475","2026-07","P06","Bluegate","Besiktas","Selin Arslan","P06-U04","T040","Kerem Aksoy","2026-07-05","1750","1750","0","2026-07-07","Paid","2","Current"
"INV-00476","2026-08","P06","Bluegate","Besiktas","Selin Arslan","P06-U04","T040","Kerem Aksoy","2026-08-05","1750","1750","0","2026-08-05","Paid","0","Current"
"INV-00477","2026-09","P06","Bluegate","Besiktas","Selin Arslan","P06-U04","T040","Kerem Aksoy","2026-09-05","1750","0","1750","","Unpaid","117","90+ Days"
"INV-00478","2026-10","P06","Bluegate","Besiktas","Selin Arslan","P06-U04","T040","Kerem Aksoy","2026-10-05","1750","1750","0","2026-10-11","Paid","6","Current"
"INV-00479","2026-11","P06","Bluegate","Besiktas","Selin Arslan","P06-U04","T040","Kerem Aksoy","2026-11-05","1750","0","1750","","Unpaid","56","31-60 Days"
"INV-00480","2026-12","P06","Bluegate","Besiktas","Selin Arslan","P06-U04","T040","Kerem Aksoy","2026-12-05","1750","733","1017","2026-12-22","Partial","26","1-30 Days"
"INV-00481","2026-01","P06","Bluegate","Besiktas","Selin Arslan","P06-U05","T041","Kerem Yilmaz","2026-01-05","1750","1750","0","2026-01-16","Paid Late","11","Current"
"INV-00482","2026-02","P06","Bluegate","Besiktas","Selin Arslan","P06-U05","T041","Kerem Yilmaz","2026-02-05","1750","1750","0","2026-02-09","Paid","4","Current"
"INV-00483","2026-03","P06","Bluegate","Besiktas","Selin Arslan","P06-U05","T041","Kerem Yilmaz","2026-03-05","1750","1750","0","2026-03-09","Paid","4","Current"
"INV-00484","2026-04","P06","Bluegate","Besiktas","Selin Arslan","P06-U05","T041","Kerem Yilmaz","2026-04-05","1750","1750","0","2026-04-04","Paid","0","Current"
"INV-00485","2026-05","P06","Bluegate","Besiktas","Selin Arslan","P06-U05","T041","Kerem Yilmaz","2026-05-05","1750","1750","0","2026-05-11","Paid","6","Current"
"INV-00486","2026-06","P06","Bluegate","Besiktas","Selin Arslan","P06-U05","T041","Kerem Yilmaz","2026-06-05","1750","1750","0","2026-06-04","Paid","0","Current"
"INV-00487","2026-07","P06","Bluegate","Besiktas","Selin Arslan","P06-U05","T041","Kerem Yilmaz","2026-07-05","1750","1750","0","2026-07-14","Paid Late","9","Current"
"INV-00488","2026-08","P06","Bluegate","Besiktas","Selin Arslan","P06-U05","T041","Kerem Yilmaz","2026-08-05","1750","1750","0","2026-08-09","Paid","4","Current"
"INV-00489","2026-09","P06","Bluegate","Besiktas","Selin Arslan","P06-U05","T041","Kerem Yilmaz","2026-09-05","1750","0","1750","","Unpaid","117","90+ Days"
"INV-00490","2026-10","P06","Bluegate","Besiktas","Selin Arslan","P06-U05","T041","Kerem Yilmaz","2026-10-05","1750","1750","0","2026-10-07","Paid","2","Current"
"INV-00491","2026-11","P06","Bluegate","Besiktas","Selin Arslan","P06-U05","T041","Kerem Yilmaz","2026-11-05","1750","1750","0","2026-11-09","Paid","4","Current"
"INV-00492","2026-12","P06","Bluegate","Besiktas","Selin Arslan","P06-U05","T041","Kerem Yilmaz","2026-12-05","1750","1750","0","2026-12-02","Paid","0","Current"
"INV-00493","2026-01","P06","Bluegate","Besiktas","Selin Arslan","P06-U06","T042","Selin Polat","2026-01-05","1675","1675","0","2026-01-03","Paid","0","Current"
"INV-00494","2026-02","P06","Bluegate","Besiktas","Selin Arslan","P06-U06","T042","Selin Polat","2026-02-05","1675","1675","0","2026-02-11","Paid","6","Current"
"INV-00495","2026-03","P06","Bluegate","Besiktas","Selin Arslan","P06-U06","T042","Selin Polat","2026-03-05","1675","1675","0","2026-03-07","Paid","2","Current"
"INV-00496","2026-04","P06","Bluegate","Besiktas","Selin Arslan","P06-U06","T042","Selin Polat","2026-04-05","1675","1675","0","2026-04-04","Paid","0","Current"
"INV-00497","2026-05","P06","Bluegate","Besiktas","Selin Arslan","P06-U06","T042","Selin Polat","2026-05-05","1675","1226","449","2026-05-23","Partial","240","90+ Days"
"INV-00498","2026-06","P06","Bluegate","Besiktas","Selin Arslan","P06-U06","T042","Selin Polat","2026-06-05","1675","1675","0","2026-06-07","Paid","2","Current"
"INV-00499","2026-07","P06","Bluegate","Besiktas","Selin Arslan","P06-U06","T042","Selin Polat","2026-07-05","1675","1675","0","2026-07-09","Paid","4","Current"
"INV-00500","2026-08","P06","Bluegate","Besiktas","Selin Arslan","P06-U06","T042","Selin Polat","2026-08-05","1675","0","1675","","Unpaid","148","90+ Days"
"INV-00501","2026-09","P06","Bluegate","Besiktas","Selin Arslan","P06-U06","T042","Selin Polat","2026-09-05","1675","1675","0","2026-09-08","Paid","3","Current"
"INV-00502","2026-10","P06","Bluegate","Besiktas","Selin Arslan","P06-U06","T042","Selin Polat","2026-10-05","1675","1675","0","2026-10-05","Paid","0","Current"
"INV-00503","2026-11","P06","Bluegate","Besiktas","Selin Arslan","P06-U06","T042","Selin Polat","2026-11-05","1675","1675","0","2026-11-09","Paid","4","Current"
"INV-00504","2026-12","P06","Bluegate","Besiktas","Selin Arslan","P06-U06","T042","Selin Polat","2026-12-05","1675","1675","0","2026-12-17","Paid Late","12","Current"
"INV-00505","2026-01","P06","Bluegate","Besiktas","Selin Arslan","P06-U07","T043","Aylin Polat","2026-01-05","1725","1725","0","2026-01-05","Paid","0","Current"
"INV-00506","2026-02","P06","Bluegate","Besiktas","Selin Arslan","P06-U07","T043","Aylin Polat","2026-02-05","1725","1725","0","2026-02-04","Paid","0","Current"
"INV-00507","2026-03","P06","Bluegate","Besiktas","Selin Arslan","P06-U07","T043","Aylin Polat","2026-03-05","1725","1725","0","2026-03-21","Paid Late","16","Current"
"INV-00508","2026-04","P06","Bluegate","Besiktas","Selin Arslan","P06-U07","T043","Aylin Polat","2026-04-05","1725","1725","0","2026-04-19","Paid Late","14","Current"
"INV-00509","2026-05","P06","Bluegate","Besiktas","Selin Arslan","P06-U07","T043","Aylin Polat","2026-05-05","1725","1725","0","2026-05-10","Paid","5","Current"
"INV-00510","2026-06","P06","Bluegate","Besiktas","Selin Arslan","P06-U07","T043","Aylin Polat","2026-06-05","1725","1725","0","2026-06-23","Paid Late","18","Current"
"INV-00511","2026-07","P06","Bluegate","Besiktas","Selin Arslan","P06-U07","T043","Aylin Polat","2026-07-05","1725","1725","0","2026-07-07","Paid","2","Current"
"INV-00512","2026-08","P06","Bluegate","Besiktas","Selin Arslan","P06-U07","T043","Aylin Polat","2026-08-05","1725","1725","0","2026-08-06","Paid","1","Current"
"INV-00513","2026-09","P06","Bluegate","Besiktas","Selin Arslan","P06-U07","T043","Aylin Polat","2026-09-05","1725","1725","0","2026-09-23","Paid Late","18","Current"
"INV-00514","2026-10","P06","Bluegate","Besiktas","Selin Arslan","P06-U07","T043","Aylin Polat","2026-10-05","1725","1725","0","2026-10-11","Paid","6","Current"
"INV-00515","2026-11","P06","Bluegate","Besiktas","Selin Arslan","P06-U07","T043","Aylin Polat","2026-11-05","1725","1725","0","2026-11-08","Paid","3","Current"
"INV-00516","2026-12","P06","Bluegate","Besiktas","Selin Arslan","P06-U07","T043","Aylin Polat","2026-12-05","1725","1725","0","2026-12-04","Paid","0","Current"
"INV-00517","2026-01","P06","Bluegate","Besiktas","Selin Arslan","P06-U08","T044","Selin Sahin","2026-01-05","1850","1850","0","2026-01-06","Paid","1","Current"
"INV-00518","2026-02","P06","Bluegate","Besiktas","Selin Arslan","P06-U08","T044","Selin Sahin","2026-02-05","1850","1850","0","2026-02-09","Paid","4","Current"
"INV-00519","2026-03","P06","Bluegate","Besiktas","Selin Arslan","P06-U08","T044","Selin Sahin","2026-03-05","1850","1850","0","2026-03-09","Paid","4","Current"
"INV-00520","2026-04","P06","Bluegate","Besiktas","Selin Arslan","P06-U08","T044","Selin Sahin","2026-04-05","1850","1850","0","2026-04-10","Paid","5","Current"
"INV-00521","2026-05","P06","Bluegate","Besiktas","Selin Arslan","P06-U08","T044","Selin Sahin","2026-05-05","1850","1850","0","2026-05-04","Paid","0","Current"
"INV-00522","2026-06","P06","Bluegate","Besiktas","Selin Arslan","P06-U08","T044","Selin Sahin","2026-06-05","1850","1850","0","2026-06-04","Paid","0","Current"
"INV-00523","2026-07","P06","Bluegate","Besiktas","Selin Arslan","P06-U08","T044","Selin Sahin","2026-07-05","1850","1850","0","2026-07-08","Paid","3","Current"
"INV-00524","2026-08","P06","Bluegate","Besiktas","Selin Arslan","P06-U08","T044","Selin Sahin","2026-08-05","1850","1850","0","2026-08-07","Paid","2","Current"
"INV-00525","2026-09","P06","Bluegate","Besiktas","Selin Arslan","P06-U08","T044","Selin Sahin","2026-09-05","1850","1850","0","2026-09-04","Paid","0","Current"
"INV-00526","2026-10","P06","Bluegate","Besiktas","Selin Arslan","P06-U08","T044","Selin Sahin","2026-10-05","1850","1850","0","2026-10-08","Paid","3","Current"
"INV-00527","2026-11","P06","Bluegate","Besiktas","Selin Arslan","P06-U08","T044","Selin Sahin","2026-11-05","1850","1850","0","2026-11-18","Paid Late","13","Current"
"INV-00528","2026-12","P06","Bluegate","Besiktas","Selin Arslan","P06-U08","T044","Selin Sahin","2026-12-05","1850","0","1850","","Unpaid","26","1-30 Days"
"INV-00529","2026-01","P07","Marmara View","Sisli","Aylin Kaya","P07-U01","T045","Derya Demir","2026-01-05","1325","1325","0","2026-01-03","Paid","0","Current"
"INV-00530","2026-02","P07","Marmara View","Sisli","Aylin Kaya","P07-U01","T045","Derya Demir","2026-02-05","1325","1325","0","2026-02-09","Paid","4","Current"
"INV-00531","2026-03","P07","Marmara View","Sisli","Aylin Kaya","P07-U01","T045","Derya Demir","2026-03-05","1325","1325","0","2026-03-08","Paid","3","Current"
"INV-00532","2026-04","P07","Marmara View","Sisli","Aylin Kaya","P07-U01","T045","Derya Demir","2026-04-05","1325","1325","0","2026-04-08","Paid","3","Current"
"INV-00533","2026-05","P07","Marmara View","Sisli","Aylin Kaya","P07-U01","T045","Derya Demir","2026-05-05","1325","1325","0","2026-05-07","Paid","2","Current"
"INV-00534","2026-06","P07","Marmara View","Sisli","Aylin Kaya","P07-U01","T045","Derya Demir","2026-06-05","1325","646","679","2026-06-23","Partial","209","90+ Days"
"INV-00535","2026-07","P07","Marmara View","Sisli","Aylin Kaya","P07-U01","T045","Derya Demir","2026-07-05","1325","1325","0","2026-07-11","Paid Late","6","Current"
"INV-00536","2026-08","P07","Marmara View","Sisli","Aylin Kaya","P07-U01","T045","Derya Demir","2026-08-05","1325","1325","0","2026-08-04","Paid","0","Current"
"INV-00537","2026-09","P07","Marmara View","Sisli","Aylin Kaya","P07-U01","T045","Derya Demir","2026-09-05","1325","1325","0","2026-09-07","Paid","2","Current"
"INV-00538","2026-10","P07","Marmara View","Sisli","Aylin Kaya","P07-U01","T045","Derya Demir","2026-10-05","1325","1325","0","2026-10-03","Paid","0","Current"
"INV-00539","2026-11","P07","Marmara View","Sisli","Aylin Kaya","P07-U01","T045","Derya Demir","2026-11-05","1325","1325","0","2026-11-11","Paid","6","Current"
"INV-00540","2026-12","P07","Marmara View","Sisli","Aylin Kaya","P07-U01","T045","Derya Demir","2026-12-05","1325","1325","0","2026-12-10","Paid","5","Current"
"INV-00541","2026-01","P07","Marmara View","Sisli","Aylin Kaya","P07-U02","T046","Deniz Sahin","2026-01-05","1375","1375","0","2026-01-09","Paid","4","Current"
"INV-00542","2026-02","P07","Marmara View","Sisli","Aylin Kaya","P07-U02","T046","Deniz Sahin","2026-02-05","1375","1375","0","2026-02-10","Paid","5","Current"
"INV-00543","2026-03","P07","Marmara View","Sisli","Aylin Kaya","P07-U02","T046","Deniz Sahin","2026-03-05","1375","1375","0","2026-03-02","Paid","0","Current"
"INV-00544","2026-04","P07","Marmara View","Sisli","Aylin Kaya","P07-U02","T046","Deniz Sahin","2026-04-05","1375","668","707","2026-04-20","Partial","270","90+ Days"
"INV-00545","2026-05","P07","Marmara View","Sisli","Aylin Kaya","P07-U02","T046","Deniz Sahin","2026-05-05","1375","1375","0","2026-05-10","Paid","5","Current"
"INV-00546","2026-06","P07","Marmara View","Sisli","Aylin Kaya","P07-U02","T046","Deniz Sahin","2026-06-05","1375","1375","0","2026-06-03","Paid","0","Current"
"INV-00547","2026-07","P07","Marmara View","Sisli","Aylin Kaya","P07-U02","T046","Deniz Sahin","2026-07-05","1375","1375","0","2026-07-08","Paid","3","Current"
"INV-00548","2026-08","P07","Marmara View","Sisli","Aylin Kaya","P07-U02","T046","Deniz Sahin","2026-08-05","1375","1375","0","2026-08-02","Paid","0","Current"
"INV-00549","2026-09","P07","Marmara View","Sisli","Aylin Kaya","P07-U02","T046","Deniz Sahin","2026-09-05","1375","1375","0","2026-09-24","Paid Late","19","Current"
"INV-00550","2026-10","P07","Marmara View","Sisli","Aylin Kaya","P07-U02","T046","Deniz Sahin","2026-10-05","1375","1375","0","2026-10-23","Paid Late","18","Current"
"INV-00551","2026-11","P07","Marmara View","Sisli","Aylin Kaya","P07-U02","T046","Deniz Sahin","2026-11-05","1375","1375","0","2026-11-11","Paid","6","Current"
"INV-00552","2026-12","P07","Marmara View","Sisli","Aylin Kaya","P07-U02","T046","Deniz Sahin","2026-12-05","1375","1375","0","2026-12-07","Paid","2","Current"
"INV-00553","2026-01","P07","Marmara View","Sisli","Aylin Kaya","P07-U04","T047","Ece Aydin","2026-01-05","1400","1400","0","2026-01-03","Paid","0","Current"
"INV-00554","2026-02","P07","Marmara View","Sisli","Aylin Kaya","P07-U04","T047","Ece Aydin","2026-02-05","1400","1400","0","2026-02-05","Paid","0","Current"
"INV-00555","2026-03","P07","Marmara View","Sisli","Aylin Kaya","P07-U04","T047","Ece Aydin","2026-03-05","1400","1400","0","2026-03-14","Paid Late","9","Current"
"INV-00556","2026-04","P07","Marmara View","Sisli","Aylin Kaya","P07-U04","T047","Ece Aydin","2026-04-05","1400","1400","0","2026-04-05","Paid","0","Current"
"INV-00557","2026-05","P07","Marmara View","Sisli","Aylin Kaya","P07-U04","T047","Ece Aydin","2026-05-05","1400","1047","353","2026-05-20","Partial","240","90+ Days"
"INV-00558","2026-06","P07","Marmara View","Sisli","Aylin Kaya","P07-U04","T047","Ece Aydin","2026-06-05","1400","1400","0","2026-06-02","Paid","0","Current"
"INV-00559","2026-07","P07","Marmara View","Sisli","Aylin Kaya","P07-U04","T047","Ece Aydin","2026-07-05","1400","1400","0","2026-07-21","Paid Late","16","Current"
"INV-00560","2026-08","P07","Marmara View","Sisli","Aylin Kaya","P07-U04","T047","Ece Aydin","2026-08-05","1400","1400","0","2026-08-11","Paid","6","Current"
"INV-00561","2026-09","P07","Marmara View","Sisli","Aylin Kaya","P07-U04","T047","Ece Aydin","2026-09-05","1400","1400","0","2026-09-07","Paid","2","Current"
"INV-00562","2026-10","P07","Marmara View","Sisli","Aylin Kaya","P07-U04","T047","Ece Aydin","2026-10-05","1400","1400","0","2026-10-08","Paid","3","Current"
"INV-00563","2026-11","P07","Marmara View","Sisli","Aylin Kaya","P07-U04","T047","Ece Aydin","2026-11-05","1400","1400","0","2026-11-03","Paid","0","Current"
"INV-00564","2026-12","P07","Marmara View","Sisli","Aylin Kaya","P07-U04","T047","Ece Aydin","2026-12-05","1400","1400","0","2026-12-06","Paid","1","Current"
"INV-00565","2026-01","P07","Marmara View","Sisli","Aylin Kaya","P07-U05","T048","Emre Celik","2026-01-05","1450","1450","0","2026-01-10","Paid","5","Current"
"INV-00566","2026-02","P07","Marmara View","Sisli","Aylin Kaya","P07-U05","T048","Emre Celik","2026-02-05","1450","1450","0","2026-02-22","Paid Late","17","Current"
"INV-00567","2026-03","P07","Marmara View","Sisli","Aylin Kaya","P07-U05","T048","Emre Celik","2026-03-05","1450","1450","0","2026-03-17","Paid Late","12","Current"
"INV-00568","2026-04","P07","Marmara View","Sisli","Aylin Kaya","P07-U05","T048","Emre Celik","2026-04-05","1450","1450","0","2026-04-06","Paid","1","Current"
"INV-00569","2026-05","P07","Marmara View","Sisli","Aylin Kaya","P07-U05","T048","Emre Celik","2026-05-05","1450","1450","0","2026-05-09","Paid","4","Current"
"INV-00570","2026-06","P07","Marmara View","Sisli","Aylin Kaya","P07-U05","T048","Emre Celik","2026-06-05","1450","1450","0","2026-06-03","Paid","0","Current"
"INV-00571","2026-07","P07","Marmara View","Sisli","Aylin Kaya","P07-U05","T048","Emre Celik","2026-07-05","1450","1450","0","2026-07-04","Paid","0","Current"
"INV-00572","2026-08","P07","Marmara View","Sisli","Aylin Kaya","P07-U05","T048","Emre Celik","2026-08-05","1450","1450","0","2026-08-07","Paid","2","Current"
"INV-00573","2026-09","P07","Marmara View","Sisli","Aylin Kaya","P07-U05","T048","Emre Celik","2026-09-05","1450","0","1450","","Unpaid","117","90+ Days"
"INV-00574","2026-10","P07","Marmara View","Sisli","Aylin Kaya","P07-U05","T048","Emre Celik","2026-10-05","1450","1450","0","2026-10-23","Paid Late","18","Current"
"INV-00575","2026-11","P07","Marmara View","Sisli","Aylin Kaya","P07-U05","T048","Emre Celik","2026-11-05","1450","1450","0","2026-11-02","Paid","0","Current"
"INV-00576","2026-12","P07","Marmara View","Sisli","Aylin Kaya","P07-U05","T048","Emre Celik","2026-12-05","1450","1450","0","2026-12-05","Paid","0","Current"
"INV-00577","2026-01","P07","Marmara View","Sisli","Aylin Kaya","P07-U06","T049","Aylin Koc","2026-01-05","1475","1475","0","2026-01-11","Paid","6","Current"
"INV-00578","2026-02","P07","Marmara View","Sisli","Aylin Kaya","P07-U06","T049","Aylin Koc","2026-02-05","1475","1475","0","2026-02-09","Paid","4","Current"
"INV-00579","2026-03","P07","Marmara View","Sisli","Aylin Kaya","P07-U06","T049","Aylin Koc","2026-03-05","1475","1475","0","2026-03-05","Paid","0","Current"
"INV-00580","2026-04","P07","Marmara View","Sisli","Aylin Kaya","P07-U06","T049","Aylin Koc","2026-04-05","1475","1475","0","2026-04-03","Paid","0","Current"
"INV-00581","2026-05","P07","Marmara View","Sisli","Aylin Kaya","P07-U06","T049","Aylin Koc","2026-05-05","1475","1475","0","2026-05-10","Paid","5","Current"
"INV-00582","2026-06","P07","Marmara View","Sisli","Aylin Kaya","P07-U06","T049","Aylin Koc","2026-06-05","1475","1475","0","2026-06-06","Paid","1","Current"
"INV-00583","2026-07","P07","Marmara View","Sisli","Aylin Kaya","P07-U06","T049","Aylin Koc","2026-07-05","1475","1475","0","2026-07-02","Paid","0","Current"
"INV-00584","2026-08","P07","Marmara View","Sisli","Aylin Kaya","P07-U06","T049","Aylin Koc","2026-08-05","1475","1475","0","2026-08-16","Paid Late","11","Current"
"INV-00585","2026-09","P07","Marmara View","Sisli","Aylin Kaya","P07-U06","T049","Aylin Koc","2026-09-05","1475","1475","0","2026-09-08","Paid","3","Current"
"INV-00586","2026-10","P07","Marmara View","Sisli","Aylin Kaya","P07-U06","T049","Aylin Koc","2026-10-05","1475","1475","0","2026-10-05","Paid","0","Current"
"INV-00587","2026-11","P07","Marmara View","Sisli","Aylin Kaya","P07-U06","T049","Aylin Koc","2026-11-05","1475","1475","0","2026-11-05","Paid","0","Current"
"INV-00588","2026-12","P07","Marmara View","Sisli","Aylin Kaya","P07-U06","T049","Aylin Koc","2026-12-05","1475","686","789","2026-12-24","Partial","26","1-30 Days"
"INV-00589","2026-01","P07","Marmara View","Sisli","Aylin Kaya","P07-U07","T050","Can Aydin","2026-01-05","1650","1650","0","2026-01-09","Paid","4","Current"
"INV-00590","2026-02","P07","Marmara View","Sisli","Aylin Kaya","P07-U07","T050","Can Aydin","2026-02-05","1650","1650","0","2026-02-10","Paid","5","Current"
"INV-00591","2026-03","P07","Marmara View","Sisli","Aylin Kaya","P07-U07","T050","Can Aydin","2026-03-05","1650","0","1650","","Unpaid","301","90+ Days"
"INV-00592","2026-04","P07","Marmara View","Sisli","Aylin Kaya","P07-U07","T050","Can Aydin","2026-04-05","1650","1650","0","2026-04-03","Paid","0","Current"
"INV-00593","2026-05","P07","Marmara View","Sisli","Aylin Kaya","P07-U07","T050","Can Aydin","2026-05-05","1650","1650","0","2026-05-14","Paid Late","9","Current"
"INV-00594","2026-06","P07","Marmara View","Sisli","Aylin Kaya","P07-U07","T050","Can Aydin","2026-06-05","1650","1650","0","2026-06-12","Paid Late","7","Current"
"INV-00595","2026-07","P07","Marmara View","Sisli","Aylin Kaya","P07-U07","T050","Can Aydin","2026-07-05","1650","1650","0","2026-07-09","Paid","4","Current"
"INV-00596","2026-08","P07","Marmara View","Sisli","Aylin Kaya","P07-U07","T050","Can Aydin","2026-08-05","1650","1650","0","2026-08-10","Paid","5","Current"
"INV-00597","2026-09","P07","Marmara View","Sisli","Aylin Kaya","P07-U07","T050","Can Aydin","2026-09-05","1650","1650","0","2026-09-05","Paid","0","Current"
"INV-00598","2026-10","P07","Marmara View","Sisli","Aylin Kaya","P07-U07","T050","Can Aydin","2026-10-05","1650","1650","0","2026-10-05","Paid","0","Current"
"INV-00599","2026-11","P07","Marmara View","Sisli","Aylin Kaya","P07-U07","T050","Can Aydin","2026-11-05","1650","1650","0","2026-11-14","Paid Late","9","Current"
"INV-00600","2026-12","P07","Marmara View","Sisli","Aylin Kaya","P07-U07","T050","Can Aydin","2026-12-05","1650","1650","0","2026-12-10","Paid","5","Current"
"INV-00601","2026-01","P07","Marmara View","Sisli","Aylin Kaya","P07-U08","T051","Kerem Kaya","2026-01-05","1700","1700","0","2026-01-08","Paid","3","Current"
"INV-00602","2026-02","P07","Marmara View","Sisli","Aylin Kaya","P07-U08","T051","Kerem Kaya","2026-02-05","1700","1700","0","2026-02-05","Paid","0","Current"
"INV-00603","2026-03","P07","Marmara View","Sisli","Aylin Kaya","P07-U08","T051","Kerem Kaya","2026-03-05","1700","1700","0","2026-03-03","Paid","0","Current"
"INV-00604","2026-04","P07","Marmara View","Sisli","Aylin Kaya","P07-U08","T051","Kerem Kaya","2026-04-05","1700","1700","0","2026-04-09","Paid","4","Current"
"INV-00605","2026-05","P07","Marmara View","Sisli","Aylin Kaya","P07-U08","T051","Kerem Kaya","2026-05-05","1700","1700","0","2026-05-07","Paid","2","Current"
"INV-00606","2026-06","P07","Marmara View","Sisli","Aylin Kaya","P07-U08","T051","Kerem Kaya","2026-06-05","1700","1700","0","2026-06-07","Paid","2","Current"
"INV-00607","2026-07","P07","Marmara View","Sisli","Aylin Kaya","P07-U08","T051","Kerem Kaya","2026-07-05","1700","1700","0","2026-07-09","Paid","4","Current"
"INV-00608","2026-08","P07","Marmara View","Sisli","Aylin Kaya","P07-U08","T051","Kerem Kaya","2026-08-05","1700","1700","0","2026-08-04","Paid","0","Current"
"INV-00609","2026-09","P07","Marmara View","Sisli","Aylin Kaya","P07-U08","T051","Kerem Kaya","2026-09-05","1700","0","1700","","Unpaid","117","90+ Days"
"INV-00610","2026-10","P07","Marmara View","Sisli","Aylin Kaya","P07-U08","T051","Kerem Kaya","2026-10-05","1700","1700","0","2026-10-22","Paid Late","17","Current"
"INV-00611","2026-11","P07","Marmara View","Sisli","Aylin Kaya","P07-U08","T051","Kerem Kaya","2026-11-05","1700","1700","0","2026-11-04","Paid","0","Current"
"INV-00612","2026-12","P07","Marmara View","Sisli","Aylin Kaya","P07-U08","T051","Kerem Kaya","2026-12-05","1700","1700","0","2026-12-05","Paid","0","Current"
"INV-00613","2026-01","P08","Linden Court","Uskudar","Mert Demir","P08-U01","T052","Ece Aydin","2026-01-05","1275","1275","0","2026-01-04","Paid","0","Current"
"INV-00614","2026-02","P08","Linden Court","Uskudar","Mert Demir","P08-U01","T052","Ece Aydin","2026-02-05","1275","1275","0","2026-02-05","Paid","0","Current"
"INV-00615","2026-03","P08","Linden Court","Uskudar","Mert Demir","P08-U01","T052","Ece Aydin","2026-03-05","1275","1275","0","2026-03-02","Paid","0","Current"
"INV-00616","2026-04","P08","Linden Court","Uskudar","Mert Demir","P08-U01","T052","Ece Aydin","2026-04-05","1275","1275","0","2026-04-04","Paid","0","Current"
"INV-00617","2026-05","P08","Linden Court","Uskudar","Mert Demir","P08-U01","T052","Ece Aydin","2026-05-05","1275","1275","0","2026-05-02","Paid","0","Current"
"INV-00618","2026-06","P08","Linden Court","Uskudar","Mert Demir","P08-U01","T052","Ece Aydin","2026-06-05","1275","1275","0","2026-06-04","Paid","0","Current"
"INV-00619","2026-07","P08","Linden Court","Uskudar","Mert Demir","P08-U01","T052","Ece Aydin","2026-07-05","1275","1275","0","2026-07-07","Paid","2","Current"
"INV-00620","2026-08","P08","Linden Court","Uskudar","Mert Demir","P08-U01","T052","Ece Aydin","2026-08-05","1275","1275","0","2026-08-06","Paid","1","Current"
"INV-00621","2026-09","P08","Linden Court","Uskudar","Mert Demir","P08-U01","T052","Ece Aydin","2026-09-05","1275","1275","0","2026-09-04","Paid","0","Current"
"INV-00622","2026-10","P08","Linden Court","Uskudar","Mert Demir","P08-U01","T052","Ece Aydin","2026-10-05","1275","1275","0","2026-10-03","Paid","0","Current"
"INV-00623","2026-11","P08","Linden Court","Uskudar","Mert Demir","P08-U01","T052","Ece Aydin","2026-11-05","1275","1275","0","2026-11-03","Paid","0","Current"
"INV-00624","2026-12","P08","Linden Court","Uskudar","Mert Demir","P08-U01","T052","Ece Aydin","2026-12-05","1275","1275","0","2026-12-10","Paid","5","Current"
"INV-00625","2026-01","P08","Linden Court","Uskudar","Mert Demir","P08-U02","T053","Zeynep Yilmaz","2026-01-05","1325","1325","0","2026-01-09","Paid","4","Current"
"INV-00626","2026-02","P08","Linden Court","Uskudar","Mert Demir","P08-U02","T053","Zeynep Yilmaz","2026-02-05","1325","0","1325","","Unpaid","329","90+ Days"
"INV-00627","2026-03","P08","Linden Court","Uskudar","Mert Demir","P08-U02","T053","Zeynep Yilmaz","2026-03-05","1325","1325","0","2026-03-07","Paid","2","Current"
"INV-00628","2026-04","P08","Linden Court","Uskudar","Mert Demir","P08-U02","T053","Zeynep Yilmaz","2026-04-05","1325","1325","0","2026-04-08","Paid","3","Current"
"INV-00629","2026-05","P08","Linden Court","Uskudar","Mert Demir","P08-U02","T053","Zeynep Yilmaz","2026-05-05","1325","1325","0","2026-05-07","Paid","2","Current"
"INV-00630","2026-06","P08","Linden Court","Uskudar","Mert Demir","P08-U02","T053","Zeynep Yilmaz","2026-06-05","1325","1325","0","2026-06-06","Paid","1","Current"
"INV-00631","2026-07","P08","Linden Court","Uskudar","Mert Demir","P08-U02","T053","Zeynep Yilmaz","2026-07-05","1325","1325","0","2026-07-10","Paid","5","Current"
"INV-00632","2026-08","P08","Linden Court","Uskudar","Mert Demir","P08-U02","T053","Zeynep Yilmaz","2026-08-05","1325","1325","0","2026-08-21","Paid Late","16","Current"
"INV-00633","2026-09","P08","Linden Court","Uskudar","Mert Demir","P08-U02","T053","Zeynep Yilmaz","2026-09-05","1325","1325","0","2026-09-06","Paid","1","Current"
"INV-00634","2026-10","P08","Linden Court","Uskudar","Mert Demir","P08-U02","T053","Zeynep Yilmaz","2026-10-05","1325","1325","0","2026-10-06","Paid","1","Current"
"INV-00635","2026-11","P08","Linden Court","Uskudar","Mert Demir","P08-U02","T053","Zeynep Yilmaz","2026-11-05","1325","0","1325","","Unpaid","56","31-60 Days"
"INV-00636","2026-12","P08","Linden Court","Uskudar","Mert Demir","P08-U02","T053","Zeynep Yilmaz","2026-12-05","1325","1325","0","2026-12-08","Paid","3","Current"
"INV-00637","2026-01","P08","Linden Court","Uskudar","Mert Demir","P08-U03","T054","Selin Aydin","2026-01-05","1250","1250","0","2026-01-06","Paid","1","Current"
"INV-00638","2026-02","P08","Linden Court","Uskudar","Mert Demir","P08-U03","T054","Selin Aydin","2026-02-05","1250","1250","0","2026-02-08","Paid","3","Current"
"INV-00639","2026-03","P08","Linden Court","Uskudar","Mert Demir","P08-U03","T054","Selin Aydin","2026-03-05","1250","1250","0","2026-03-03","Paid","0","Current"
"INV-00640","2026-04","P08","Linden Court","Uskudar","Mert Demir","P08-U03","T054","Selin Aydin","2026-04-05","1250","1250","0","2026-04-23","Paid Late","18","Current"
"INV-00641","2026-05","P08","Linden Court","Uskudar","Mert Demir","P08-U03","T054","Selin Aydin","2026-05-05","1250","1250","0","2026-05-09","Paid","4","Current"
"INV-00642","2026-06","P08","Linden Court","Uskudar","Mert Demir","P08-U03","T054","Selin Aydin","2026-06-05","1250","1250","0","2026-06-07","Paid","2","Current"
"INV-00643","2026-07","P08","Linden Court","Uskudar","Mert Demir","P08-U03","T054","Selin Aydin","2026-07-05","1250","1250","0","2026-07-07","Paid","2","Current"
"INV-00644","2026-08","P08","Linden Court","Uskudar","Mert Demir","P08-U03","T054","Selin Aydin","2026-08-05","1250","1250","0","2026-08-07","Paid","2","Current"
"INV-00645","2026-09","P08","Linden Court","Uskudar","Mert Demir","P08-U03","T054","Selin Aydin","2026-09-05","1250","1250","0","2026-09-07","Paid","2","Current"
"INV-00646","2026-10","P08","Linden Court","Uskudar","Mert Demir","P08-U03","T054","Selin Aydin","2026-10-05","1250","488","762","2026-10-22","Partial","87","61-90 Days"
"INV-00647","2026-11","P08","Linden Court","Uskudar","Mert Demir","P08-U03","T054","Selin Aydin","2026-11-05","1250","1250","0","2026-11-20","Paid Late","15","Current"
"INV-00648","2026-12","P08","Linden Court","Uskudar","Mert Demir","P08-U03","T054","Selin Aydin","2026-12-05","1250","1250","0","2026-12-07","Paid","2","Current"
"INV-00649","2026-01","P08","Linden Court","Uskudar","Mert Demir","P08-U04","T055","Can Yilmaz","2026-01-05","1325","1325","0","2026-01-10","Paid","5","Current"
"INV-00650","2026-02","P08","Linden Court","Uskudar","Mert Demir","P08-U04","T055","Can Yilmaz","2026-02-05","1325","1325","0","2026-02-02","Paid","0","Current"
"INV-00651","2026-03","P08","Linden Court","Uskudar","Mert Demir","P08-U04","T055","Can Yilmaz","2026-03-05","1325","1325","0","2026-03-08","Paid","3","Current"
"INV-00652","2026-04","P08","Linden Court","Uskudar","Mert Demir","P08-U04","T055","Can Yilmaz","2026-04-05","1325","1325","0","2026-04-10","Paid","5","Current"
"INV-00653","2026-05","P08","Linden Court","Uskudar","Mert Demir","P08-U04","T055","Can Yilmaz","2026-05-05","1325","1325","0","2026-05-06","Paid","1","Current"
"INV-00654","2026-06","P08","Linden Court","Uskudar","Mert Demir","P08-U04","T055","Can Yilmaz","2026-06-05","1325","1325","0","2026-06-09","Paid","4","Current"
"INV-00655","2026-07","P08","Linden Court","Uskudar","Mert Demir","P08-U04","T055","Can Yilmaz","2026-07-05","1325","1325","0","2026-07-05","Paid","0","Current"
"INV-00656","2026-08","P08","Linden Court","Uskudar","Mert Demir","P08-U04","T055","Can Yilmaz","2026-08-05","1325","1325","0","2026-08-16","Paid Late","11","Current"
"INV-00657","2026-09","P08","Linden Court","Uskudar","Mert Demir","P08-U04","T055","Can Yilmaz","2026-09-05","1325","1325","0","2026-09-10","Paid","5","Current"
"INV-00658","2026-10","P08","Linden Court","Uskudar","Mert Demir","P08-U04","T055","Can Yilmaz","2026-10-05","1325","1325","0","2026-10-06","Paid","1","Current"
"INV-00659","2026-11","P08","Linden Court","Uskudar","Mert Demir","P08-U04","T055","Can Yilmaz","2026-11-05","1325","610","715","2026-11-24","Partial","56","31-60 Days"
"INV-00660","2026-12","P08","Linden Court","Uskudar","Mert Demir","P08-U04","T055","Can Yilmaz","2026-12-05","1325","0","1325","","Unpaid","26","1-30 Days"
"INV-00661","2026-01","P08","Linden Court","Uskudar","Mert Demir","P08-U05","T056","Derya Aydin","2026-01-05","1350","1350","0","2026-01-02","Paid","0","Current"
"INV-00662","2026-02","P08","Linden Court","Uskudar","Mert Demir","P08-U05","T056","Derya Aydin","2026-02-05","1350","0","1350","","Unpaid","329","90+ Days"
"INV-00663","2026-03","P08","Linden Court","Uskudar","Mert Demir","P08-U05","T056","Derya Aydin","2026-03-05","1350","1350","0","2026-03-06","Paid","1","Current"
"INV-00664","2026-04","P08","Linden Court","Uskudar","Mert Demir","P08-U05","T056","Derya Aydin","2026-04-05","1350","1350","0","2026-04-20","Paid Late","15","Current"
"INV-00665","2026-05","P08","Linden Court","Uskudar","Mert Demir","P08-U05","T056","Derya Aydin","2026-05-05","1350","1350","0","2026-05-02","Paid","0","Current"
"INV-00666","2026-06","P08","Linden Court","Uskudar","Mert Demir","P08-U05","T056","Derya Aydin","2026-06-05","1350","1350","0","2026-06-11","Paid","6","Current"
"INV-00667","2026-07","P08","Linden Court","Uskudar","Mert Demir","P08-U05","T056","Derya Aydin","2026-07-05","1350","1350","0","2026-07-11","Paid","6","Current"
"INV-00668","2026-08","P08","Linden Court","Uskudar","Mert Demir","P08-U05","T056","Derya Aydin","2026-08-05","1350","1350","0","2026-08-11","Paid","6","Current"
"INV-00669","2026-09","P08","Linden Court","Uskudar","Mert Demir","P08-U05","T056","Derya Aydin","2026-09-05","1350","1350","0","2026-09-03","Paid","0","Current"
"INV-00670","2026-10","P08","Linden Court","Uskudar","Mert Demir","P08-U05","T056","Derya Aydin","2026-10-05","1350","1350","0","2026-10-09","Paid","4","Current"
"INV-00671","2026-11","P08","Linden Court","Uskudar","Mert Demir","P08-U05","T056","Derya Aydin","2026-11-05","1350","1350","0","2026-11-16","Paid Late","11","Current"
"INV-00672","2026-12","P08","Linden Court","Uskudar","Mert Demir","P08-U05","T056","Derya Aydin","2026-12-05","1350","1350","0","2026-12-06","Paid","1","Current"
"INV-00673","2026-01","P08","Linden Court","Uskudar","Mert Demir","P08-U06","T057","Selin Polat","2026-01-05","1500","1500","0","2026-01-08","Paid","3","Current"
"INV-00674","2026-02","P08","Linden Court","Uskudar","Mert Demir","P08-U06","T057","Selin Polat","2026-02-05","1500","1500","0","2026-02-11","Paid","6","Current"
"INV-00675","2026-03","P08","Linden Court","Uskudar","Mert Demir","P08-U06","T057","Selin Polat","2026-03-05","1500","1500","0","2026-03-15","Paid Late","10","Current"
"INV-00676","2026-04","P08","Linden Court","Uskudar","Mert Demir","P08-U06","T057","Selin Polat","2026-04-05","1500","1500","0","2026-04-07","Paid","2","Current"
"INV-00677","2026-05","P08","Linden Court","Uskudar","Mert Demir","P08-U06","T057","Selin Polat","2026-05-05","1500","1500","0","2026-05-04","Paid","0","Current"
"INV-00678","2026-06","P08","Linden Court","Uskudar","Mert Demir","P08-U06","T057","Selin Polat","2026-06-05","1500","1500","0","2026-06-04","Paid","0","Current"
"INV-00679","2026-07","P08","Linden Court","Uskudar","Mert Demir","P08-U06","T057","Selin Polat","2026-07-05","1500","0","1500","","Unpaid","179","90+ Days"
"INV-00680","2026-08","P08","Linden Court","Uskudar","Mert Demir","P08-U06","T057","Selin Polat","2026-08-05","1500","1500","0","2026-08-10","Paid","5","Current"
"INV-00681","2026-09","P08","Linden Court","Uskudar","Mert Demir","P08-U06","T057","Selin Polat","2026-09-05","1500","1500","0","2026-09-03","Paid","0","Current"
"INV-00682","2026-10","P08","Linden Court","Uskudar","Mert Demir","P08-U06","T057","Selin Polat","2026-10-05","1500","1500","0","2026-10-11","Paid","6","Current"
"INV-00683","2026-11","P08","Linden Court","Uskudar","Mert Demir","P08-U06","T057","Selin Polat","2026-11-05","1500","609","891","2026-11-18","Partial","56","31-60 Days"
"INV-00684","2026-12","P08","Linden Court","Uskudar","Mert Demir","P08-U06","T057","Selin Polat","2026-12-05","1500","1500","0","2026-12-10","Paid","5","Current"
"INV-00685","2026-01","P08","Linden Court","Uskudar","Mert Demir","P08-U07","T058","Derya Sahin","2026-01-05","1475","1475","0","2026-01-11","Paid","6","Current"
"INV-00686","2026-02","P08","Linden Court","Uskudar","Mert Demir","P08-U07","T058","Derya Sahin","2026-02-05","1475","1475","0","2026-02-06","Paid","1","Current"
"INV-00687","2026-03","P08","Linden Court","Uskudar","Mert Demir","P08-U07","T058","Derya Sahin","2026-03-05","1475","1475","0","2026-03-04","Paid","0","Current"
"INV-00688","2026-04","P08","Linden Court","Uskudar","Mert Demir","P08-U07","T058","Derya Sahin","2026-04-05","1475","1475","0","2026-04-05","Paid","0","Current"
"INV-00689","2026-05","P08","Linden Court","Uskudar","Mert Demir","P08-U07","T058","Derya Sahin","2026-05-05","1475","1475","0","2026-05-11","Paid","6","Current"
"INV-00690","2026-06","P08","Linden Court","Uskudar","Mert Demir","P08-U07","T058","Derya Sahin","2026-06-05","1475","1475","0","2026-06-09","Paid","4","Current"
"INV-00691","2026-07","P08","Linden Court","Uskudar","Mert Demir","P08-U07","T058","Derya Sahin","2026-07-05","1475","1475","0","2026-07-09","Paid","4","Current"
"INV-00692","2026-08","P08","Linden Court","Uskudar","Mert Demir","P08-U07","T058","Derya Sahin","2026-08-05","1475","1475","0","2026-08-07","Paid","2","Current"
"INV-00693","2026-09","P08","Linden Court","Uskudar","Mert Demir","P08-U07","T058","Derya Sahin","2026-09-05","1475","1475","0","2026-09-06","Paid","1","Current"
"INV-00694","2026-10","P08","Linden Court","Uskudar","Mert Demir","P08-U07","T058","Derya Sahin","2026-10-05","1475","1475","0","2026-10-13","Paid Late","8","Current"
"INV-00695","2026-11","P08","Linden Court","Uskudar","Mert Demir","P08-U07","T058","Derya Sahin","2026-11-05","1475","1475","0","2026-11-07","Paid","2","Current"
"INV-00696","2026-12","P08","Linden Court","Uskudar","Mert Demir","P08-U07","T058","Derya Sahin","2026-12-05","1475","1475","0","2026-12-02","Paid","0","Current"
"INV-00697","2026-01","P08","Linden Court","Uskudar","Mert Demir","P08-U08","T059","Zeynep Kaya","2026-01-05","1600","1600","0","2026-01-03","Paid","0","Current"
"INV-00698","2026-02","P08","Linden Court","Uskudar","Mert Demir","P08-U08","T059","Zeynep Kaya","2026-02-05","1600","1600","0","2026-02-03","Paid","0","Current"
"INV-00699","2026-03","P08","Linden Court","Uskudar","Mert Demir","P08-U08","T059","Zeynep Kaya","2026-03-05","1600","1600","0","2026-03-06","Paid","1","Current"
"INV-00700","2026-04","P08","Linden Court","Uskudar","Mert Demir","P08-U08","T059","Zeynep Kaya","2026-04-05","1600","1600","0","2026-04-08","Paid","3","Current"
"INV-00701","2026-05","P08","Linden Court","Uskudar","Mert Demir","P08-U08","T059","Zeynep Kaya","2026-05-05","1600","1600","0","2026-05-19","Paid Late","14","Current"
"INV-00702","2026-06","P08","Linden Court","Uskudar","Mert Demir","P08-U08","T059","Zeynep Kaya","2026-06-05","1600","1600","0","2026-06-09","Paid","4","Current"
"INV-00703","2026-07","P08","Linden Court","Uskudar","Mert Demir","P08-U08","T059","Zeynep Kaya","2026-07-05","1600","1600","0","2026-07-02","Paid","0","Current"
"INV-00704","2026-08","P08","Linden Court","Uskudar","Mert Demir","P08-U08","T059","Zeynep Kaya","2026-08-05","1600","1600","0","2026-08-04","Paid","0","Current"
"INV-00705","2026-09","P08","Linden Court","Uskudar","Mert Demir","P08-U08","T059","Zeynep Kaya","2026-09-05","1600","1600","0","2026-09-07","Paid","2","Current"
"INV-00706","2026-10","P08","Linden Court","Uskudar","Mert Demir","P08-U08","T059","Zeynep Kaya","2026-10-05","1600","0","1600","","Unpaid","87","61-90 Days"
"INV-00707","2026-11","P08","Linden Court","Uskudar","Mert Demir","P08-U08","T059","Zeynep Kaya","2026-11-05","1600","1600","0","2026-11-06","Paid","1","Current"
"INV-00708","2026-12","P08","Linden Court","Uskudar","Mert Demir","P08-U08","T059","Zeynep Kaya","2026-12-05","1600","1600","0","2026-12-03","Paid","0","Current"
"INV-00709","2026-01","P09","Nova Apartments","Kadikoy","Selin Arslan","P09-U01","T060","Deniz Arslan","2026-01-05","1400","1400","0","2026-01-10","Paid","5","Current"
"INV-00710","2026-02","P09","Nova Apartments","Kadikoy","Selin Arslan","P09-U01","T060","Deniz Arslan","2026-02-05","1400","1400","0","2026-02-04","Paid","0","Current"
"INV-00711","2026-03","P09","Nova Apartments","Kadikoy","Selin Arslan","P09-U01","T060","Deniz Arslan","2026-03-05","1400","1400","0","2026-03-13","Paid Late","8","Current"
"INV-00712","2026-04","P09","Nova Apartments","Kadikoy","Selin Arslan","P09-U01","T060","Deniz Arslan","2026-04-05","1400","1400","0","2026-04-03","Paid","0","Current"
"INV-00713","2026-05","P09","Nova Apartments","Kadikoy","Selin Arslan","P09-U01","T060","Deniz Arslan","2026-05-05","1400","1400","0","2026-05-05","Paid","0","Current"
"INV-00714","2026-06","P09","Nova Apartments","Kadikoy","Selin Arslan","P09-U01","T060","Deniz Arslan","2026-06-05","1400","1400","0","2026-06-06","Paid","1","Current"
"INV-00715","2026-07","P09","Nova Apartments","Kadikoy","Selin Arslan","P09-U01","T060","Deniz Arslan","2026-07-05","1400","819","581","2026-07-25","Partial","179","90+ Days"
"INV-00716","2026-08","P09","Nova Apartments","Kadikoy","Selin Arslan","P09-U01","T060","Deniz Arslan","2026-08-05","1400","1400","0","2026-08-11","Paid","6","Current"
"INV-00717","2026-09","P09","Nova Apartments","Kadikoy","Selin Arslan","P09-U01","T060","Deniz Arslan","2026-09-05","1400","1400","0","2026-09-16","Paid Late","11","Current"
"INV-00718","2026-10","P09","Nova Apartments","Kadikoy","Selin Arslan","P09-U01","T060","Deniz Arslan","2026-10-05","1400","1400","0","2026-10-03","Paid","0","Current"
"INV-00719","2026-11","P09","Nova Apartments","Kadikoy","Selin Arslan","P09-U01","T060","Deniz Arslan","2026-11-05","1400","647","753","2026-11-22","Partial","56","31-60 Days"
"INV-00720","2026-12","P09","Nova Apartments","Kadikoy","Selin Arslan","P09-U01","T060","Deniz Arslan","2026-12-05","1400","1400","0","2026-12-24","Paid Late","19","Current"
"INV-00721","2026-01","P09","Nova Apartments","Kadikoy","Selin Arslan","P09-U02","T061","Elif Celik","2026-01-05","1400","1400","0","2026-01-22","Paid Late","17","Current"
"INV-00722","2026-02","P09","Nova Apartments","Kadikoy","Selin Arslan","P09-U02","T061","Elif Celik","2026-02-05","1400","1400","0","2026-02-07","Paid","2","Current"
"INV-00723","2026-03","P09","Nova Apartments","Kadikoy","Selin Arslan","P09-U02","T061","Elif Celik","2026-03-05","1400","1400","0","2026-03-14","Paid Late","9","Current"
"INV-00724","2026-04","P09","Nova Apartments","Kadikoy","Selin Arslan","P09-U02","T061","Elif Celik","2026-04-05","1400","1400","0","2026-04-11","Paid","6","Current"
"INV-00725","2026-05","P09","Nova Apartments","Kadikoy","Selin Arslan","P09-U02","T061","Elif Celik","2026-05-05","1400","1400","0","2026-05-18","Paid Late","13","Current"
"INV-00726","2026-06","P09","Nova Apartments","Kadikoy","Selin Arslan","P09-U02","T061","Elif Celik","2026-06-05","1400","1400","0","2026-06-10","Paid","5","Current"
"INV-00727","2026-07","P09","Nova Apartments","Kadikoy","Selin Arslan","P09-U02","T061","Elif Celik","2026-07-05","1400","1400","0","2026-07-21","Paid Late","16","Current"
"INV-00728","2026-08","P09","Nova Apartments","Kadikoy","Selin Arslan","P09-U02","T061","Elif Celik","2026-08-05","1400","1400","0","2026-08-12","Paid Late","7","Current"
"INV-00729","2026-09","P09","Nova Apartments","Kadikoy","Selin Arslan","P09-U02","T061","Elif Celik","2026-09-05","1400","1400","0","2026-09-05","Paid","0","Current"
"INV-00730","2026-10","P09","Nova Apartments","Kadikoy","Selin Arslan","P09-U02","T061","Elif Celik","2026-10-05","1400","1400","0","2026-10-02","Paid","0","Current"
"INV-00731","2026-11","P09","Nova Apartments","Kadikoy","Selin Arslan","P09-U02","T061","Elif Celik","2026-11-05","1400","1400","0","2026-11-07","Paid","2","Current"
"INV-00732","2026-12","P09","Nova Apartments","Kadikoy","Selin Arslan","P09-U02","T061","Elif Celik","2026-12-05","1400","0","1400","","Unpaid","26","1-30 Days"
"INV-00733","2026-01","P09","Nova Apartments","Kadikoy","Selin Arslan","P09-U03","T062","Mert Aksoy","2026-01-05","1525","1525","0","2026-01-10","Paid","5","Current"
"INV-00734","2026-02","P09","Nova Apartments","Kadikoy","Selin Arslan","P09-U03","T062","Mert Aksoy","2026-02-05","1525","1525","0","2026-02-05","Paid","0","Current"
"INV-00735","2026-03","P09","Nova Apartments","Kadikoy","Selin Arslan","P09-U03","T062","Mert Aksoy","2026-03-05","1525","1525","0","2026-03-11","Paid","6","Current"
"INV-00736","2026-04","P09","Nova Apartments","Kadikoy","Selin Arslan","P09-U03","T062","Mert Aksoy","2026-04-05","1525","1525","0","2026-04-11","Paid","6","Current"
"INV-00737","2026-05","P09","Nova Apartments","Kadikoy","Selin Arslan","P09-U03","T062","Mert Aksoy","2026-05-05","1525","1525","0","2026-05-03","Paid","0","Current"
"INV-00738","2026-06","P09","Nova Apartments","Kadikoy","Selin Arslan","P09-U03","T062","Mert Aksoy","2026-06-05","1525","1525","0","2026-06-20","Paid Late","15","Current"
"INV-00739","2026-07","P09","Nova Apartments","Kadikoy","Selin Arslan","P09-U03","T062","Mert Aksoy","2026-07-05","1525","1525","0","2026-07-02","Paid","0","Current"
"INV-00740","2026-08","P09","Nova Apartments","Kadikoy","Selin Arslan","P09-U03","T062","Mert Aksoy","2026-08-05","1525","1525","0","2026-08-11","Paid","6","Current"
"INV-00741","2026-09","P09","Nova Apartments","Kadikoy","Selin Arslan","P09-U03","T062","Mert Aksoy","2026-09-05","1525","1525","0","2026-09-03","Paid","0","Current"
"INV-00742","2026-10","P09","Nova Apartments","Kadikoy","Selin Arslan","P09-U03","T062","Mert Aksoy","2026-10-05","1525","1525","0","2026-10-11","Paid","6","Current"
"INV-00743","2026-11","P09","Nova Apartments","Kadikoy","Selin Arslan","P09-U03","T062","Mert Aksoy","2026-11-05","1525","1525","0","2026-11-02","Paid","0","Current"
"INV-00744","2026-12","P09","Nova Apartments","Kadikoy","Selin Arslan","P09-U03","T062","Mert Aksoy","2026-12-05","1525","1525","0","2026-12-11","Paid","6","Current"
"INV-00745","2026-01","P09","Nova Apartments","Kadikoy","Selin Arslan","P09-U04","T063","Emre Yilmaz","2026-01-05","1475","1475","0","2026-01-08","Paid","3","Current"
"INV-00746","2026-02","P09","Nova Apartments","Kadikoy","Selin Arslan","P09-U04","T063","Emre Yilmaz","2026-02-05","1475","1475","0","2026-02-10","Paid","5","Current"
"INV-00747","2026-03","P09","Nova Apartments","Kadikoy","Selin Arslan","P09-U04","T063","Emre Yilmaz","2026-03-05","1475","0","1475","","Unpaid","301","90+ Days"
"INV-00748","2026-04","P09","Nova Apartments","Kadikoy","Selin Arslan","P09-U04","T063","Emre Yilmaz","2026-04-05","1475","1475","0","2026-04-02","Paid","0","Current"
"INV-00749","2026-05","P09","Nova Apartments","Kadikoy","Selin Arslan","P09-U04","T063","Emre Yilmaz","2026-05-05","1475","1475","0","2026-05-02","Paid","0","Current"
"INV-00750","2026-06","P09","Nova Apartments","Kadikoy","Selin Arslan","P09-U04","T063","Emre Yilmaz","2026-06-05","1475","1475","0","2026-06-06","Paid","1","Current"
"INV-00751","2026-07","P09","Nova Apartments","Kadikoy","Selin Arslan","P09-U04","T063","Emre Yilmaz","2026-07-05","1475","1475","0","2026-07-11","Paid Late","6","Current"
"INV-00752","2026-08","P09","Nova Apartments","Kadikoy","Selin Arslan","P09-U04","T063","Emre Yilmaz","2026-08-05","1475","1475","0","2026-08-08","Paid","3","Current"
"INV-00753","2026-09","P09","Nova Apartments","Kadikoy","Selin Arslan","P09-U04","T063","Emre Yilmaz","2026-09-05","1475","1475","0","2026-09-06","Paid","1","Current"
"INV-00754","2026-10","P09","Nova Apartments","Kadikoy","Selin Arslan","P09-U04","T063","Emre Yilmaz","2026-10-05","1475","1475","0","2026-10-04","Paid","0","Current"
"INV-00755","2026-11","P09","Nova Apartments","Kadikoy","Selin Arslan","P09-U04","T063","Emre Yilmaz","2026-11-05","1475","1475","0","2026-11-07","Paid","2","Current"
"INV-00756","2026-12","P09","Nova Apartments","Kadikoy","Selin Arslan","P09-U04","T063","Emre Yilmaz","2026-12-05","1475","1475","0","2026-12-16","Paid Late","11","Current"
"INV-00757","2026-01","P09","Nova Apartments","Kadikoy","Selin Arslan","P09-U06","T064","Burak Demir","2026-01-05","1650","1650","0","2026-01-08","Paid","3","Current"
"INV-00758","2026-02","P09","Nova Apartments","Kadikoy","Selin Arslan","P09-U06","T064","Burak Demir","2026-02-05","1650","1650","0","2026-02-08","Paid","3","Current"
"INV-00759","2026-03","P09","Nova Apartments","Kadikoy","Selin Arslan","P09-U06","T064","Burak Demir","2026-03-05","1650","1650","0","2026-03-20","Paid Late","15","Current"
"INV-00760","2026-04","P09","Nova Apartments","Kadikoy","Selin Arslan","P09-U06","T064","Burak Demir","2026-04-05","1650","1650","0","2026-04-07","Paid","2","Current"
"INV-00761","2026-05","P09","Nova Apartments","Kadikoy","Selin Arslan","P09-U06","T064","Burak Demir","2026-05-05","1650","1650","0","2026-05-24","Paid Late","19","Current"
"INV-00762","2026-06","P09","Nova Apartments","Kadikoy","Selin Arslan","P09-U06","T064","Burak Demir","2026-06-05","1650","1650","0","2026-06-05","Paid","0","Current"
"INV-00763","2026-07","P09","Nova Apartments","Kadikoy","Selin Arslan","P09-U06","T064","Burak Demir","2026-07-05","1650","1650","0","2026-07-06","Paid","1","Current"
"INV-00764","2026-08","P09","Nova Apartments","Kadikoy","Selin Arslan","P09-U06","T064","Burak Demir","2026-08-05","1650","1650","0","2026-08-10","Paid","5","Current"
"INV-00765","2026-09","P09","Nova Apartments","Kadikoy","Selin Arslan","P09-U06","T064","Burak Demir","2026-09-05","1650","1650","0","2026-09-07","Paid","2","Current"
"INV-00766","2026-10","P09","Nova Apartments","Kadikoy","Selin Arslan","P09-U06","T064","Burak Demir","2026-10-05","1650","1650","0","2026-10-05","Paid","0","Current"
"INV-00767","2026-11","P09","Nova Apartments","Kadikoy","Selin Arslan","P09-U06","T064","Burak Demir","2026-11-05","1650","1650","0","2026-11-06","Paid","1","Current"
"INV-00768","2026-12","P09","Nova Apartments","Kadikoy","Selin Arslan","P09-U06","T064","Burak Demir","2026-12-05","1650","1650","0","2026-12-02","Paid","0","Current"
"INV-00769","2026-01","P09","Nova Apartments","Kadikoy","Selin Arslan","P09-U07","T065","Aylin Aksoy","2026-01-05","1650","1650","0","2026-01-10","Paid","5","Current"
"INV-00770","2026-02","P09","Nova Apartments","Kadikoy","Selin Arslan","P09-U07","T065","Aylin Aksoy","2026-02-05","1650","1650","0","2026-02-22","Paid Late","17","Current"
"INV-00771","2026-03","P09","Nova Apartments","Kadikoy","Selin Arslan","P09-U07","T065","Aylin Aksoy","2026-03-05","1650","586","1064","2026-03-21","Partial","301","90+ Days"
"INV-00772","2026-04","P09","Nova Apartments","Kadikoy","Selin Arslan","P09-U07","T065","Aylin Aksoy","2026-04-05","1650","1650","0","2026-04-02","Paid","0","Current"
"INV-00773","2026-05","P09","Nova Apartments","Kadikoy","Selin Arslan","P09-U07","T065","Aylin Aksoy","2026-05-05","1650","1650","0","2026-05-10","Paid","5","Current"
"INV-00774","2026-06","P09","Nova Apartments","Kadikoy","Selin Arslan","P09-U07","T065","Aylin Aksoy","2026-06-05","1650","1650","0","2026-06-07","Paid","2","Current"
"INV-00775","2026-07","P09","Nova Apartments","Kadikoy","Selin Arslan","P09-U07","T065","Aylin Aksoy","2026-07-05","1650","1650","0","2026-07-04","Paid","0","Current"
"INV-00776","2026-08","P09","Nova Apartments","Kadikoy","Selin Arslan","P09-U07","T065","Aylin Aksoy","2026-08-05","1650","1650","0","2026-08-09","Paid","4","Current"
"INV-00777","2026-09","P09","Nova Apartments","Kadikoy","Selin Arslan","P09-U07","T065","Aylin Aksoy","2026-09-05","1650","876","774","2026-09-19","Partial","117","90+ Days"
"INV-00778","2026-10","P09","Nova Apartments","Kadikoy","Selin Arslan","P09-U07","T065","Aylin Aksoy","2026-10-05","1650","1650","0","2026-10-02","Paid","0","Current"
"INV-00779","2026-11","P09","Nova Apartments","Kadikoy","Selin Arslan","P09-U07","T065","Aylin Aksoy","2026-11-05","1650","1650","0","2026-11-04","Paid","0","Current"
"INV-00780","2026-12","P09","Nova Apartments","Kadikoy","Selin Arslan","P09-U07","T065","Aylin Aksoy","2026-12-05","1650","1650","0","2026-12-05","Paid","0","Current"
"INV-00781","2026-01","P09","Nova Apartments","Kadikoy","Selin Arslan","P09-U08","T066","Zeynep Aydin","2026-01-05","1700","1700","0","2026-01-02","Paid","0","Current"
"INV-00782","2026-02","P09","Nova Apartments","Kadikoy","Selin Arslan","P09-U08","T066","Zeynep Aydin","2026-02-05","1700","1700","0","2026-02-02","Paid","0","Current"
"INV-00783","2026-03","P09","Nova Apartments","Kadikoy","Selin Arslan","P09-U08","T066","Zeynep Aydin","2026-03-05","1700","1700","0","2026-03-09","Paid","4","Current"
"INV-00784","2026-04","P09","Nova Apartments","Kadikoy","Selin Arslan","P09-U08","T066","Zeynep Aydin","2026-04-05","1700","1700","0","2026-04-04","Paid","0","Current"
"INV-00785","2026-05","P09","Nova Apartments","Kadikoy","Selin Arslan","P09-U08","T066","Zeynep Aydin","2026-05-05","1700","1700","0","2026-05-07","Paid","2","Current"
"INV-00786","2026-06","P09","Nova Apartments","Kadikoy","Selin Arslan","P09-U08","T066","Zeynep Aydin","2026-06-05","1700","1700","0","2026-06-09","Paid","4","Current"
"INV-00787","2026-07","P09","Nova Apartments","Kadikoy","Selin Arslan","P09-U08","T066","Zeynep Aydin","2026-07-05","1700","1700","0","2026-07-18","Paid Late","13","Current"
"INV-00788","2026-08","P09","Nova Apartments","Kadikoy","Selin Arslan","P09-U08","T066","Zeynep Aydin","2026-08-05","1700","1700","0","2026-08-04","Paid","0","Current"
"INV-00789","2026-09","P09","Nova Apartments","Kadikoy","Selin Arslan","P09-U08","T066","Zeynep Aydin","2026-09-05","1700","1700","0","2026-09-10","Paid","5","Current"
"INV-00790","2026-10","P09","Nova Apartments","Kadikoy","Selin Arslan","P09-U08","T066","Zeynep Aydin","2026-10-05","1700","0","1700","","Unpaid","87","61-90 Days"
"INV-00791","2026-11","P09","Nova Apartments","Kadikoy","Selin Arslan","P09-U08","T066","Zeynep Aydin","2026-11-05","1700","0","1700","","Unpaid","56","31-60 Days"
"INV-00792","2026-12","P09","Nova Apartments","Kadikoy","Selin Arslan","P09-U08","T066","Zeynep Aydin","2026-12-05","1700","1700","0","2026-12-08","Paid","3","Current"
"INV-00793","2026-01","P10","Bosporus Place","Besiktas","Aylin Kaya","P10-U01","T067","Mert Demir","2026-01-05","1625","1625","0","2026-01-07","Paid","2","Current"
"INV-00794","2026-02","P10","Bosporus Place","Besiktas","Aylin Kaya","P10-U01","T067","Mert Demir","2026-02-05","1625","1625","0","2026-02-03","Paid","0","Current"
"INV-00795","2026-03","P10","Bosporus Place","Besiktas","Aylin Kaya","P10-U01","T067","Mert Demir","2026-03-05","1625","1625","0","2026-03-09","Paid","4","Current"
"INV-00796","2026-04","P10","Bosporus Place","Besiktas","Aylin Kaya","P10-U01","T067","Mert Demir","2026-04-05","1625","1625","0","2026-04-06","Paid","1","Current"
"INV-00797","2026-05","P10","Bosporus Place","Besiktas","Aylin Kaya","P10-U01","T067","Mert Demir","2026-05-05","1625","1625","0","2026-05-10","Paid","5","Current"
"INV-00798","2026-06","P10","Bosporus Place","Besiktas","Aylin Kaya","P10-U01","T067","Mert Demir","2026-06-05","1625","0","1625","","Unpaid","209","90+ Days"
"INV-00799","2026-07","P10","Bosporus Place","Besiktas","Aylin Kaya","P10-U01","T067","Mert Demir","2026-07-05","1625","1625","0","2026-07-09","Paid","4","Current"
"INV-00800","2026-08","P10","Bosporus Place","Besiktas","Aylin Kaya","P10-U01","T067","Mert Demir","2026-08-05","1625","1625","0","2026-08-03","Paid","0","Current"
"INV-00801","2026-09","P10","Bosporus Place","Besiktas","Aylin Kaya","P10-U01","T067","Mert Demir","2026-09-05","1625","1625","0","2026-09-11","Paid","6","Current"
"INV-00802","2026-10","P10","Bosporus Place","Besiktas","Aylin Kaya","P10-U01","T067","Mert Demir","2026-10-05","1625","1625","0","2026-10-06","Paid","1","Current"
"INV-00803","2026-11","P10","Bosporus Place","Besiktas","Aylin Kaya","P10-U01","T067","Mert Demir","2026-11-05","1625","1625","0","2026-11-05","Paid","0","Current"
"INV-00804","2026-12","P10","Bosporus Place","Besiktas","Aylin Kaya","P10-U01","T067","Mert Demir","2026-12-05","1625","621","1004","2026-12-25","Partial","26","1-30 Days"
"INV-00805","2026-01","P10","Bosporus Place","Besiktas","Aylin Kaya","P10-U02","T068","Elif Koc","2026-01-05","1575","1575","0","2026-01-08","Paid","3","Current"
"INV-00806","2026-02","P10","Bosporus Place","Besiktas","Aylin Kaya","P10-U02","T068","Elif Koc","2026-02-05","1575","1575","0","2026-02-03","Paid","0","Current"
"INV-00807","2026-03","P10","Bosporus Place","Besiktas","Aylin Kaya","P10-U02","T068","Elif Koc","2026-03-05","1575","1575","0","2026-03-10","Paid","5","Current"
"INV-00808","2026-04","P10","Bosporus Place","Besiktas","Aylin Kaya","P10-U02","T068","Elif Koc","2026-04-05","1575","1575","0","2026-04-06","Paid","1","Current"
"INV-00809","2026-05","P10","Bosporus Place","Besiktas","Aylin Kaya","P10-U02","T068","Elif Koc","2026-05-05","1575","1575","0","2026-05-06","Paid","1","Current"
"INV-00810","2026-06","P10","Bosporus Place","Besiktas","Aylin Kaya","P10-U02","T068","Elif Koc","2026-06-05","1575","1575","0","2026-06-10","Paid","5","Current"
"INV-00811","2026-07","P10","Bosporus Place","Besiktas","Aylin Kaya","P10-U02","T068","Elif Koc","2026-07-05","1575","1575","0","2026-07-17","Paid Late","12","Current"
"INV-00812","2026-08","P10","Bosporus Place","Besiktas","Aylin Kaya","P10-U02","T068","Elif Koc","2026-08-05","1575","1575","0","2026-08-19","Paid Late","14","Current"
"INV-00813","2026-09","P10","Bosporus Place","Besiktas","Aylin Kaya","P10-U02","T068","Elif Koc","2026-09-05","1575","1575","0","2026-09-16","Paid Late","11","Current"
"INV-00814","2026-10","P10","Bosporus Place","Besiktas","Aylin Kaya","P10-U02","T068","Elif Koc","2026-10-05","1575","1575","0","2026-10-07","Paid","2","Current"
"INV-00815","2026-11","P10","Bosporus Place","Besiktas","Aylin Kaya","P10-U02","T068","Elif Koc","2026-11-05","1575","1575","0","2026-11-08","Paid","3","Current"
"INV-00816","2026-12","P10","Bosporus Place","Besiktas","Aylin Kaya","P10-U02","T068","Elif Koc","2026-12-05","1575","1575","0","2026-12-18","Paid Late","13","Current"
"INV-00817","2026-01","P10","Bosporus Place","Besiktas","Aylin Kaya","P10-U03","T069","Kerem Aksoy","2026-01-05","1575","1575","0","2026-01-12","Paid Late","7","Current"
"INV-00818","2026-02","P10","Bosporus Place","Besiktas","Aylin Kaya","P10-U03","T069","Kerem Aksoy","2026-02-05","1575","1575","0","2026-02-22","Paid Late","17","Current"
"INV-00819","2026-03","P10","Bosporus Place","Besiktas","Aylin Kaya","P10-U03","T069","Kerem Aksoy","2026-03-05","1575","1575","0","2026-03-06","Paid","1","Current"
"INV-00820","2026-04","P10","Bosporus Place","Besiktas","Aylin Kaya","P10-U03","T069","Kerem Aksoy","2026-04-05","1575","1575","0","2026-04-11","Paid","6","Current"
"INV-00821","2026-05","P10","Bosporus Place","Besiktas","Aylin Kaya","P10-U03","T069","Kerem Aksoy","2026-05-05","1575","1575","0","2026-05-05","Paid","0","Current"
"INV-00822","2026-06","P10","Bosporus Place","Besiktas","Aylin Kaya","P10-U03","T069","Kerem Aksoy","2026-06-05","1575","1575","0","2026-06-07","Paid","2","Current"
"INV-00823","2026-07","P10","Bosporus Place","Besiktas","Aylin Kaya","P10-U03","T069","Kerem Aksoy","2026-07-05","1575","1575","0","2026-07-03","Paid","0","Current"
"INV-00824","2026-08","P10","Bosporus Place","Besiktas","Aylin Kaya","P10-U03","T069","Kerem Aksoy","2026-08-05","1575","1575","0","2026-08-08","Paid","3","Current"
"INV-00825","2026-09","P10","Bosporus Place","Besiktas","Aylin Kaya","P10-U03","T069","Kerem Aksoy","2026-09-05","1575","1575","0","2026-09-03","Paid","0","Current"
"INV-00826","2026-10","P10","Bosporus Place","Besiktas","Aylin Kaya","P10-U03","T069","Kerem Aksoy","2026-10-05","1575","1575","0","2026-10-08","Paid","3","Current"
"INV-00827","2026-11","P10","Bosporus Place","Besiktas","Aylin Kaya","P10-U03","T069","Kerem Aksoy","2026-11-05","1575","1575","0","2026-11-19","Paid Late","14","Current"
"INV-00828","2026-12","P10","Bosporus Place","Besiktas","Aylin Kaya","P10-U03","T069","Kerem Aksoy","2026-12-05","1575","1575","0","2026-12-03","Paid","0","Current"
"INV-00829","2026-01","P10","Bosporus Place","Besiktas","Aylin Kaya","P10-U04","T070","Burak Celik","2026-01-05","1675","1675","0","2026-01-04","Paid","0","Current"
"INV-00830","2026-02","P10","Bosporus Place","Besiktas","Aylin Kaya","P10-U04","T070","Burak Celik","2026-02-05","1675","1675","0","2026-02-06","Paid","1","Current"
"INV-00831","2026-03","P10","Bosporus Place","Besiktas","Aylin Kaya","P10-U04","T070","Burak Celik","2026-03-05","1675","1675","0","2026-03-10","Paid","5","Current"
"INV-00832","2026-04","P10","Bosporus Place","Besiktas","Aylin Kaya","P10-U04","T070","Burak Celik","2026-04-05","1675","1675","0","2026-04-06","Paid","1","Current"
"INV-00833","2026-05","P10","Bosporus Place","Besiktas","Aylin Kaya","P10-U04","T070","Burak Celik","2026-05-05","1675","0","1675","","Unpaid","240","90+ Days"
"INV-00834","2026-06","P10","Bosporus Place","Besiktas","Aylin Kaya","P10-U04","T070","Burak Celik","2026-06-05","1675","1675","0","2026-06-08","Paid","3","Current"
"INV-00835","2026-07","P10","Bosporus Place","Besiktas","Aylin Kaya","P10-U04","T070","Burak Celik","2026-07-05","1675","1675","0","2026-07-10","Paid","5","Current"
"INV-00836","2026-08","P10","Bosporus Place","Besiktas","Aylin Kaya","P10-U04","T070","Burak Celik","2026-08-05","1675","759","916","2026-08-21","Partial","148","90+ Days"
"INV-00837","2026-09","P10","Bosporus Place","Besiktas","Aylin Kaya","P10-U04","T070","Burak Celik","2026-09-05","1675","1675","0","2026-09-05","Paid","0","Current"
"INV-00838","2026-10","P10","Bosporus Place","Besiktas","Aylin Kaya","P10-U04","T070","Burak Celik","2026-10-05","1675","1675","0","2026-10-03","Paid","0","Current"
"INV-00839","2026-11","P10","Bosporus Place","Besiktas","Aylin Kaya","P10-U04","T070","Burak Celik","2026-11-05","1675","1675","0","2026-11-03","Paid","0","Current"
"INV-00840","2026-12","P10","Bosporus Place","Besiktas","Aylin Kaya","P10-U04","T070","Burak Celik","2026-12-05","1675","1675","0","2026-12-08","Paid","3","Current"
"INV-00841","2026-01","P10","Bosporus Place","Besiktas","Aylin Kaya","P10-U05","T071","Kerem Polat","2026-01-05","1625","1625","0","2026-01-02","Paid","0","Current"
"INV-00842","2026-02","P10","Bosporus Place","Besiktas","Aylin Kaya","P10-U05","T071","Kerem Polat","2026-02-05","1625","1625","0","2026-02-09","Paid","4","Current"
"INV-00843","2026-03","P10","Bosporus Place","Besiktas","Aylin Kaya","P10-U05","T071","Kerem Polat","2026-03-05","1625","1625","0","2026-03-15","Paid Late","10","Current"
"INV-00844","2026-04","P10","Bosporus Place","Besiktas","Aylin Kaya","P10-U05","T071","Kerem Polat","2026-04-05","1625","1625","0","2026-04-05","Paid","0","Current"
"INV-00845","2026-05","P10","Bosporus Place","Besiktas","Aylin Kaya","P10-U05","T071","Kerem Polat","2026-05-05","1625","1625","0","2026-05-05","Paid","0","Current"
"INV-00846","2026-06","P10","Bosporus Place","Besiktas","Aylin Kaya","P10-U05","T071","Kerem Polat","2026-06-05","1625","1625","0","2026-06-06","Paid","1","Current"
"INV-00847","2026-07","P10","Bosporus Place","Besiktas","Aylin Kaya","P10-U05","T071","Kerem Polat","2026-07-05","1625","1625","0","2026-07-06","Paid","1","Current"
"INV-00848","2026-08","P10","Bosporus Place","Besiktas","Aylin Kaya","P10-U05","T071","Kerem Polat","2026-08-05","1625","1625","0","2026-08-06","Paid","1","Current"
"INV-00849","2026-09","P10","Bosporus Place","Besiktas","Aylin Kaya","P10-U05","T071","Kerem Polat","2026-09-05","1625","1625","0","2026-09-09","Paid","4","Current"
"INV-00850","2026-10","P10","Bosporus Place","Besiktas","Aylin Kaya","P10-U05","T071","Kerem Polat","2026-10-05","1625","1053","572","2026-10-20","Partial","87","61-90 Days"
"INV-00851","2026-11","P10","Bosporus Place","Besiktas","Aylin Kaya","P10-U05","T071","Kerem Polat","2026-11-05","1625","1625","0","2026-11-02","Paid","0","Current"
"INV-00852","2026-12","P10","Bosporus Place","Besiktas","Aylin Kaya","P10-U05","T071","Kerem Polat","2026-12-05","1625","1625","0","2026-12-09","Paid","4","Current"
"INV-00853","2026-01","P10","Bosporus Place","Besiktas","Aylin Kaya","P10-U06","T072","Can Celik","2026-01-05","1700","0","1700","","Unpaid","360","90+ Days"
"INV-00854","2026-02","P10","Bosporus Place","Besiktas","Aylin Kaya","P10-U06","T072","Can Celik","2026-02-05","1700","1700","0","2026-02-11","Paid","6","Current"
"INV-00855","2026-03","P10","Bosporus Place","Besiktas","Aylin Kaya","P10-U06","T072","Can Celik","2026-03-05","1700","1700","0","2026-03-06","Paid","1","Current"
"INV-00856","2026-04","P10","Bosporus Place","Besiktas","Aylin Kaya","P10-U06","T072","Can Celik","2026-04-05","1700","1700","0","2026-04-05","Paid","0","Current"
"INV-00857","2026-05","P10","Bosporus Place","Besiktas","Aylin Kaya","P10-U06","T072","Can Celik","2026-05-05","1700","1700","0","2026-05-03","Paid","0","Current"
"INV-00858","2026-06","P10","Bosporus Place","Besiktas","Aylin Kaya","P10-U06","T072","Can Celik","2026-06-05","1700","1700","0","2026-06-20","Paid Late","15","Current"
"INV-00859","2026-07","P10","Bosporus Place","Besiktas","Aylin Kaya","P10-U06","T072","Can Celik","2026-07-05","1700","1700","0","2026-07-03","Paid","0","Current"
"INV-00860","2026-08","P10","Bosporus Place","Besiktas","Aylin Kaya","P10-U06","T072","Can Celik","2026-08-05","1700","1700","0","2026-08-10","Paid","5","Current"
"INV-00861","2026-09","P10","Bosporus Place","Besiktas","Aylin Kaya","P10-U06","T072","Can Celik","2026-09-05","1700","0","1700","","Unpaid","117","90+ Days"
"INV-00862","2026-10","P10","Bosporus Place","Besiktas","Aylin Kaya","P10-U06","T072","Can Celik","2026-10-05","1700","1700","0","2026-10-06","Paid","1","Current"
"INV-00863","2026-11","P10","Bosporus Place","Besiktas","Aylin Kaya","P10-U06","T072","Can Celik","2026-11-05","1700","1700","0","2026-11-09","Paid","4","Current"
"INV-00864","2026-12","P10","Bosporus Place","Besiktas","Aylin Kaya","P10-U06","T072","Can Celik","2026-12-05","1700","1700","0","2026-12-11","Paid","6","Current"
"INV-00865","2026-01","P10","Bosporus Place","Besiktas","Aylin Kaya","P10-U07","T073","Aylin Sahin","2026-01-05","1750","1750","0","2026-01-08","Paid","3","Current"
"INV-00866","2026-02","P10","Bosporus Place","Besiktas","Aylin Kaya","P10-U07","T073","Aylin Sahin","2026-02-05","1750","1750","0","2026-02-04","Paid","0","Current"
"INV-00867","2026-03","P10","Bosporus Place","Besiktas","Aylin Kaya","P10-U07","T073","Aylin Sahin","2026-03-05","1750","1750","0","2026-03-09","Paid","4","Current"
"INV-00868","2026-04","P10","Bosporus Place","Besiktas","Aylin Kaya","P10-U07","T073","Aylin Sahin","2026-04-05","1750","1750","0","2026-04-08","Paid","3","Current"
"INV-00869","2026-05","P10","Bosporus Place","Besiktas","Aylin Kaya","P10-U07","T073","Aylin Sahin","2026-05-05","1750","1750","0","2026-05-07","Paid","2","Current"
"INV-00870","2026-06","P10","Bosporus Place","Besiktas","Aylin Kaya","P10-U07","T073","Aylin Sahin","2026-06-05","1750","1750","0","2026-06-07","Paid","2","Current"
"INV-00871","2026-07","P10","Bosporus Place","Besiktas","Aylin Kaya","P10-U07","T073","Aylin Sahin","2026-07-05","1750","1750","0","2026-07-02","Paid","0","Current"
"INV-00872","2026-08","P10","Bosporus Place","Besiktas","Aylin Kaya","P10-U07","T073","Aylin Sahin","2026-08-05","1750","1750","0","2026-08-07","Paid","2","Current"
"INV-00873","2026-09","P10","Bosporus Place","Besiktas","Aylin Kaya","P10-U07","T073","Aylin Sahin","2026-09-05","1750","1750","0","2026-09-07","Paid","2","Current"
"INV-00874","2026-10","P10","Bosporus Place","Besiktas","Aylin Kaya","P10-U07","T073","Aylin Sahin","2026-10-05","1750","1750","0","2026-10-05","Paid","0","Current"
"INV-00875","2026-11","P10","Bosporus Place","Besiktas","Aylin Kaya","P10-U07","T073","Aylin Sahin","2026-11-05","1750","1750","0","2026-11-08","Paid","3","Current"
"INV-00876","2026-12","P10","Bosporus Place","Besiktas","Aylin Kaya","P10-U07","T073","Aylin Sahin","2026-12-05","1750","1750","0","2026-12-09","Paid","4","Current"
"INV-00877","2026-01","P11","Sunset House","Sisli","Mert Demir","P11-U01","T074","Zeynep Kaya","2026-01-05","1325","1325","0","2026-01-23","Paid Late","18","Current"
"INV-00878","2026-02","P11","Sunset House","Sisli","Mert Demir","P11-U01","T074","Zeynep Kaya","2026-02-05","1325","1325","0","2026-02-07","Paid","2","Current"
"INV-00879","2026-03","P11","Sunset House","Sisli","Mert Demir","P11-U01","T074","Zeynep Kaya","2026-03-05","1325","1325","0","2026-03-02","Paid","0","Current"
"INV-00880","2026-04","P11","Sunset House","Sisli","Mert Demir","P11-U01","T074","Zeynep Kaya","2026-04-05","1325","1325","0","2026-04-06","Paid","1","Current"
"INV-00881","2026-05","P11","Sunset House","Sisli","Mert Demir","P11-U01","T074","Zeynep Kaya","2026-05-05","1325","1325","0","2026-05-02","Paid","0","Current"
"INV-00882","2026-06","P11","Sunset House","Sisli","Mert Demir","P11-U01","T074","Zeynep Kaya","2026-06-05","1325","1325","0","2026-06-04","Paid","0","Current"
"INV-00883","2026-07","P11","Sunset House","Sisli","Mert Demir","P11-U01","T074","Zeynep Kaya","2026-07-05","1325","1325","0","2026-07-09","Paid","4","Current"
"INV-00884","2026-08","P11","Sunset House","Sisli","Mert Demir","P11-U01","T074","Zeynep Kaya","2026-08-05","1325","1325","0","2026-08-16","Paid Late","11","Current"
"INV-00885","2026-09","P11","Sunset House","Sisli","Mert Demir","P11-U01","T074","Zeynep Kaya","2026-09-05","1325","1325","0","2026-09-09","Paid","4","Current"
"INV-00886","2026-10","P11","Sunset House","Sisli","Mert Demir","P11-U01","T074","Zeynep Kaya","2026-10-05","1325","1325","0","2026-10-21","Paid Late","16","Current"
"INV-00887","2026-11","P11","Sunset House","Sisli","Mert Demir","P11-U01","T074","Zeynep Kaya","2026-11-05","1325","1325","0","2026-11-07","Paid","2","Current"
"INV-00888","2026-12","P11","Sunset House","Sisli","Mert Demir","P11-U01","T074","Zeynep Kaya","2026-12-05","1325","1325","0","2026-12-24","Paid Late","19","Current"
"INV-00889","2026-01","P11","Sunset House","Sisli","Mert Demir","P11-U03","T075","Burak Kaya","2026-01-05","1350","1350","0","2026-01-02","Paid","0","Current"
"INV-00890","2026-02","P11","Sunset House","Sisli","Mert Demir","P11-U03","T075","Burak Kaya","2026-02-05","1350","1350","0","2026-02-08","Paid","3","Current"
"INV-00891","2026-03","P11","Sunset House","Sisli","Mert Demir","P11-U03","T075","Burak Kaya","2026-03-05","1350","1350","0","2026-03-04","Paid","0","Current"
"INV-00892","2026-04","P11","Sunset House","Sisli","Mert Demir","P11-U03","T075","Burak Kaya","2026-04-05","1350","1350","0","2026-04-19","Paid Late","14","Current"
"INV-00893","2026-05","P11","Sunset House","Sisli","Mert Demir","P11-U03","T075","Burak Kaya","2026-05-05","1350","1350","0","2026-05-15","Paid Late","10","Current"
"INV-00894","2026-06","P11","Sunset House","Sisli","Mert Demir","P11-U03","T075","Burak Kaya","2026-06-05","1350","1350","0","2026-06-18","Paid Late","13","Current"
"INV-00895","2026-07","P11","Sunset House","Sisli","Mert Demir","P11-U03","T075","Burak Kaya","2026-07-05","1350","1350","0","2026-07-24","Paid Late","19","Current"
"INV-00896","2026-08","P11","Sunset House","Sisli","Mert Demir","P11-U03","T075","Burak Kaya","2026-08-05","1350","1350","0","2026-08-04","Paid","0","Current"
"INV-00897","2026-09","P11","Sunset House","Sisli","Mert Demir","P11-U03","T075","Burak Kaya","2026-09-05","1350","1350","0","2026-09-07","Paid","2","Current"
"INV-00898","2026-10","P11","Sunset House","Sisli","Mert Demir","P11-U03","T075","Burak Kaya","2026-10-05","1350","1350","0","2026-10-15","Paid Late","10","Current"
"INV-00899","2026-11","P11","Sunset House","Sisli","Mert Demir","P11-U03","T075","Burak Kaya","2026-11-05","1350","1350","0","2026-11-06","Paid","1","Current"
"INV-00900","2026-12","P11","Sunset House","Sisli","Mert Demir","P11-U03","T075","Burak Kaya","2026-12-05","1350","1350","0","2026-12-09","Paid","4","Current"
"INV-00901","2026-01","P11","Sunset House","Sisli","Mert Demir","P11-U04","T076","Zeynep Demir","2026-01-05","1425","1425","0","2026-01-07","Paid","2","Current"
"INV-00902","2026-02","P11","Sunset House","Sisli","Mert Demir","P11-U04","T076","Zeynep Demir","2026-02-05","1425","1425","0","2026-02-07","Paid","2","Current"
"INV-00903","2026-03","P11","Sunset House","Sisli","Mert Demir","P11-U04","T076","Zeynep Demir","2026-03-05","1425","1425","0","2026-03-08","Paid","3","Current"
"INV-00904","2026-04","P11","Sunset House","Sisli","Mert Demir","P11-U04","T076","Zeynep Demir","2026-04-05","1425","598","827","2026-04-19","Partial","270","90+ Days"
"INV-00905","2026-05","P11","Sunset House","Sisli","Mert Demir","P11-U04","T076","Zeynep Demir","2026-05-05","1425","1425","0","2026-05-08","Paid","3","Current"
"INV-00906","2026-06","P11","Sunset House","Sisli","Mert Demir","P11-U04","T076","Zeynep Demir","2026-06-05","1425","1425","0","2026-06-05","Paid","0","Current"
"INV-00907","2026-07","P11","Sunset House","Sisli","Mert Demir","P11-U04","T076","Zeynep Demir","2026-07-05","1425","1425","0","2026-07-05","Paid","0","Current"
"INV-00908","2026-08","P11","Sunset House","Sisli","Mert Demir","P11-U04","T076","Zeynep Demir","2026-08-05","1425","668","757","2026-08-25","Partial","148","90+ Days"
"INV-00909","2026-09","P11","Sunset House","Sisli","Mert Demir","P11-U04","T076","Zeynep Demir","2026-09-05","1425","766","659","2026-09-25","Partial","117","90+ Days"
"INV-00910","2026-10","P11","Sunset House","Sisli","Mert Demir","P11-U04","T076","Zeynep Demir","2026-10-05","1425","1425","0","2026-10-03","Paid","0","Current"
"INV-00911","2026-11","P11","Sunset House","Sisli","Mert Demir","P11-U04","T076","Zeynep Demir","2026-11-05","1425","1425","0","2026-11-03","Paid","0","Current"
"INV-00912","2026-12","P11","Sunset House","Sisli","Mert Demir","P11-U04","T076","Zeynep Demir","2026-12-05","1425","1425","0","2026-12-05","Paid","0","Current"
"INV-00913","2026-01","P11","Sunset House","Sisli","Mert Demir","P11-U05","T077","Can Kaya","2026-01-05","1450","1450","0","2026-01-11","Paid","6","Current"
"INV-00914","2026-02","P11","Sunset House","Sisli","Mert Demir","P11-U05","T077","Can Kaya","2026-02-05","1450","1450","0","2026-02-05","Paid","0","Current"
"INV-00915","2026-03","P11","Sunset House","Sisli","Mert Demir","P11-U05","T077","Can Kaya","2026-03-05","1450","1450","0","2026-03-08","Paid","3","Current"
"INV-00916","2026-04","P11","Sunset House","Sisli","Mert Demir","P11-U05","T077","Can Kaya","2026-04-05","1450","1450","0","2026-04-08","Paid","3","Current"
"INV-00917","2026-05","P11","Sunset House","Sisli","Mert Demir","P11-U05","T077","Can Kaya","2026-05-05","1450","1450","0","2026-05-05","Paid","0","Current"
"INV-00918","2026-06","P11","Sunset House","Sisli","Mert Demir","P11-U05","T077","Can Kaya","2026-06-05","1450","1450","0","2026-06-05","Paid","0","Current"
"INV-00919","2026-07","P11","Sunset House","Sisli","Mert Demir","P11-U05","T077","Can Kaya","2026-07-05","1450","1450","0","2026-07-10","Paid","5","Current"
"INV-00920","2026-08","P11","Sunset House","Sisli","Mert Demir","P11-U05","T077","Can Kaya","2026-08-05","1450","1450","0","2026-08-05","Paid","0","Current"
"INV-00921","2026-09","P11","Sunset House","Sisli","Mert Demir","P11-U05","T077","Can Kaya","2026-09-05","1450","1450","0","2026-09-11","Paid","6","Current"
"INV-00922","2026-10","P11","Sunset House","Sisli","Mert Demir","P11-U05","T077","Can Kaya","2026-10-05","1450","1450","0","2026-10-04","Paid","0","Current"
"INV-00923","2026-11","P11","Sunset House","Sisli","Mert Demir","P11-U05","T077","Can Kaya","2026-11-05","1450","1450","0","2026-11-09","Paid","4","Current"
"INV-00924","2026-12","P11","Sunset House","Sisli","Mert Demir","P11-U05","T077","Can Kaya","2026-12-05","1450","1450","0","2026-12-22","Paid Late","17","Current"
"INV-00925","2026-01","P11","Sunset House","Sisli","Mert Demir","P11-U06","T078","Aylin Demir","2026-01-05","1600","1600","0","2026-01-05","Paid","0","Current"
"INV-00926","2026-02","P11","Sunset House","Sisli","Mert Demir","P11-U06","T078","Aylin Demir","2026-02-05","1600","1600","0","2026-02-11","Paid","6","Current"
"INV-00927","2026-03","P11","Sunset House","Sisli","Mert Demir","P11-U06","T078","Aylin Demir","2026-03-05","1600","1600","0","2026-03-10","Paid","5","Current"
"INV-00928","2026-04","P11","Sunset House","Sisli","Mert Demir","P11-U06","T078","Aylin Demir","2026-04-05","1600","1600","0","2026-04-11","Paid","6","Current"
"INV-00929","2026-05","P11","Sunset House","Sisli","Mert Demir","P11-U06","T078","Aylin Demir","2026-05-05","1600","1600","0","2026-05-07","Paid","2","Current"
"INV-00930","2026-06","P11","Sunset House","Sisli","Mert Demir","P11-U06","T078","Aylin Demir","2026-06-05","1600","1600","0","2026-06-10","Paid","5","Current"
"INV-00931","2026-07","P11","Sunset House","Sisli","Mert Demir","P11-U06","T078","Aylin Demir","2026-07-05","1600","1600","0","2026-07-03","Paid","0","Current"
"INV-00932","2026-08","P11","Sunset House","Sisli","Mert Demir","P11-U06","T078","Aylin Demir","2026-08-05","1600","1600","0","2026-08-08","Paid","3","Current"
"INV-00933","2026-09","P11","Sunset House","Sisli","Mert Demir","P11-U06","T078","Aylin Demir","2026-09-05","1600","1600","0","2026-09-05","Paid","0","Current"
"INV-00934","2026-10","P11","Sunset House","Sisli","Mert Demir","P11-U06","T078","Aylin Demir","2026-10-05","1600","1600","0","2026-10-16","Paid Late","11","Current"
"INV-00935","2026-11","P11","Sunset House","Sisli","Mert Demir","P11-U06","T078","Aylin Demir","2026-11-05","1600","1600","0","2026-11-11","Paid","6","Current"
"INV-00936","2026-12","P11","Sunset House","Sisli","Mert Demir","P11-U06","T078","Aylin Demir","2026-12-05","1600","1600","0","2026-12-11","Paid","6","Current"
"INV-00937","2026-01","P11","Sunset House","Sisli","Mert Demir","P11-U07","T079","Deniz Kaya","2026-01-05","1625","1625","0","2026-01-02","Paid","0","Current"
"INV-00938","2026-02","P11","Sunset House","Sisli","Mert Demir","P11-U07","T079","Deniz Kaya","2026-02-05","1625","1625","0","2026-02-02","Paid","0","Current"
"INV-00939","2026-03","P11","Sunset House","Sisli","Mert Demir","P11-U07","T079","Deniz Kaya","2026-03-05","1625","792","833","2026-03-22","Partial","301","90+ Days"
"INV-00940","2026-04","P11","Sunset House","Sisli","Mert Demir","P11-U07","T079","Deniz Kaya","2026-04-05","1625","1625","0","2026-04-03","Paid","0","Current"
"INV-00941","2026-05","P11","Sunset House","Sisli","Mert Demir","P11-U07","T079","Deniz Kaya","2026-05-05","1625","1625","0","2026-05-05","Paid","0","Current"
"INV-00942","2026-06","P11","Sunset House","Sisli","Mert Demir","P11-U07","T079","Deniz Kaya","2026-06-05","1625","1625","0","2026-06-08","Paid","3","Current"
"INV-00943","2026-07","P11","Sunset House","Sisli","Mert Demir","P11-U07","T079","Deniz Kaya","2026-07-05","1625","1625","0","2026-07-07","Paid","2","Current"
"INV-00944","2026-08","P11","Sunset House","Sisli","Mert Demir","P11-U07","T079","Deniz Kaya","2026-08-05","1625","1625","0","2026-08-06","Paid","1","Current"
"INV-00945","2026-09","P11","Sunset House","Sisli","Mert Demir","P11-U07","T079","Deniz Kaya","2026-09-05","1625","0","1625","","Unpaid","117","90+ Days"
"INV-00946","2026-10","P11","Sunset House","Sisli","Mert Demir","P11-U07","T079","Deniz Kaya","2026-10-05","1625","1625","0","2026-10-07","Paid","2","Current"
"INV-00947","2026-11","P11","Sunset House","Sisli","Mert Demir","P11-U07","T079","Deniz Kaya","2026-11-05","1625","1625","0","2026-11-04","Paid","0","Current"
"INV-00948","2026-12","P11","Sunset House","Sisli","Mert Demir","P11-U07","T079","Deniz Kaya","2026-12-05","1625","1182","443","2026-12-18","Partial","26","1-30 Days"
"INV-00949","2026-01","P11","Sunset House","Sisli","Mert Demir","P11-U08","T080","Mert Polat","2026-01-05","1725","1283","442","2026-01-23","Partial","360","90+ Days"
"INV-00950","2026-02","P11","Sunset House","Sisli","Mert Demir","P11-U08","T080","Mert Polat","2026-02-05","1725","1725","0","2026-02-08","Paid","3","Current"
"INV-00951","2026-03","P11","Sunset House","Sisli","Mert Demir","P11-U08","T080","Mert Polat","2026-03-05","1725","1725","0","2026-03-14","Paid Late","9","Current"
"INV-00952","2026-04","P11","Sunset House","Sisli","Mert Demir","P11-U08","T080","Mert Polat","2026-04-05","1725","1725","0","2026-04-06","Paid","1","Current"
"INV-00953","2026-05","P11","Sunset House","Sisli","Mert Demir","P11-U08","T080","Mert Polat","2026-05-05","1725","1725","0","2026-05-04","Paid","0","Current"
"INV-00954","2026-06","P11","Sunset House","Sisli","Mert Demir","P11-U08","T080","Mert Polat","2026-06-05","1725","704","1021","2026-06-25","Partial","209","90+ Days"
"INV-00955","2026-07","P11","Sunset House","Sisli","Mert Demir","P11-U08","T080","Mert Polat","2026-07-05","1725","0","1725","","Unpaid","179","90+ Days"
"INV-00956","2026-08","P11","Sunset House","Sisli","Mert Demir","P11-U08","T080","Mert Polat","2026-08-05","1725","1725","0","2026-08-08","Paid","3","Current"
"INV-00957","2026-09","P11","Sunset House","Sisli","Mert Demir","P11-U08","T080","Mert Polat","2026-09-05","1725","1005","720","2026-09-22","Partial","117","90+ Days"
"INV-00958","2026-10","P11","Sunset House","Sisli","Mert Demir","P11-U08","T080","Mert Polat","2026-10-05","1725","1725","0","2026-10-24","Paid Late","19","Current"
"INV-00959","2026-11","P11","Sunset House","Sisli","Mert Demir","P11-U08","T080","Mert Polat","2026-11-05","1725","1725","0","2026-11-10","Paid","5","Current"
"INV-00960","2026-12","P11","Sunset House","Sisli","Mert Demir","P11-U08","T080","Mert Polat","2026-12-05","1725","1725","0","2026-12-10","Paid","5","Current"
"INV-00961","2026-01","P12","Metro Lofts","Uskudar","Selin Arslan","P12-U01","T081","Burak Aydin","2026-01-05","1200","0","1200","","Unpaid","360","90+ Days"
"INV-00962","2026-02","P12","Metro Lofts","Uskudar","Selin Arslan","P12-U01","T081","Burak Aydin","2026-02-05","1200","0","1200","","Unpaid","329","90+ Days"
"INV-00963","2026-03","P12","Metro Lofts","Uskudar","Selin Arslan","P12-U01","T081","Burak Aydin","2026-03-05","1200","1200","0","2026-03-05","Paid","0","Current"
"INV-00964","2026-04","P12","Metro Lofts","Uskudar","Selin Arslan","P12-U01","T081","Burak Aydin","2026-04-05","1200","1200","0","2026-04-02","Paid","0","Current"
"INV-00965","2026-05","P12","Metro Lofts","Uskudar","Selin Arslan","P12-U01","T081","Burak Aydin","2026-05-05","1200","1200","0","2026-05-06","Paid","1","Current"
"INV-00966","2026-06","P12","Metro Lofts","Uskudar","Selin Arslan","P12-U01","T081","Burak Aydin","2026-06-05","1200","1200","0","2026-06-11","Paid","6","Current"
"INV-00967","2026-07","P12","Metro Lofts","Uskudar","Selin Arslan","P12-U01","T081","Burak Aydin","2026-07-05","1200","1200","0","2026-07-10","Paid","5","Current"
"INV-00968","2026-08","P12","Metro Lofts","Uskudar","Selin Arslan","P12-U01","T081","Burak Aydin","2026-08-05","1200","650","550","2026-08-25","Partial","148","90+ Days"
"INV-00969","2026-09","P12","Metro Lofts","Uskudar","Selin Arslan","P12-U01","T081","Burak Aydin","2026-09-05","1200","739","461","2026-09-24","Partial","117","90+ Days"
"INV-00970","2026-10","P12","Metro Lofts","Uskudar","Selin Arslan","P12-U01","T081","Burak Aydin","2026-10-05","1200","1200","0","2026-10-02","Paid","0","Current"
"INV-00971","2026-11","P12","Metro Lofts","Uskudar","Selin Arslan","P12-U01","T081","Burak Aydin","2026-11-05","1200","1200","0","2026-11-09","Paid","4","Current"
"INV-00972","2026-12","P12","Metro Lofts","Uskudar","Selin Arslan","P12-U01","T081","Burak Aydin","2026-12-05","1200","1200","0","2026-12-11","Paid Late","6","Current"
"INV-00973","2026-01","P12","Metro Lofts","Uskudar","Selin Arslan","P12-U02","T082","Emre Koc","2026-01-05","1375","1375","0","2026-01-16","Paid Late","11","Current"
"INV-00974","2026-02","P12","Metro Lofts","Uskudar","Selin Arslan","P12-U02","T082","Emre Koc","2026-02-05","1375","1375","0","2026-02-03","Paid","0","Current"
"INV-00975","2026-03","P12","Metro Lofts","Uskudar","Selin Arslan","P12-U02","T082","Emre Koc","2026-03-05","1375","1375","0","2026-03-08","Paid","3","Current"
"INV-00976","2026-04","P12","Metro Lofts","Uskudar","Selin Arslan","P12-U02","T082","Emre Koc","2026-04-05","1375","1375","0","2026-04-02","Paid","0","Current"
"INV-00977","2026-05","P12","Metro Lofts","Uskudar","Selin Arslan","P12-U02","T082","Emre Koc","2026-05-05","1375","1375","0","2026-05-03","Paid","0","Current"
"INV-00978","2026-06","P12","Metro Lofts","Uskudar","Selin Arslan","P12-U02","T082","Emre Koc","2026-06-05","1375","1375","0","2026-06-04","Paid","0","Current"
"INV-00979","2026-07","P12","Metro Lofts","Uskudar","Selin Arslan","P12-U02","T082","Emre Koc","2026-07-05","1375","1375","0","2026-07-05","Paid","0","Current"
"INV-00980","2026-08","P12","Metro Lofts","Uskudar","Selin Arslan","P12-U02","T082","Emre Koc","2026-08-05","1375","1375","0","2026-08-02","Paid","0","Current"
"INV-00981","2026-09","P12","Metro Lofts","Uskudar","Selin Arslan","P12-U02","T082","Emre Koc","2026-09-05","1375","1375","0","2026-09-10","Paid","5","Current"
"INV-00982","2026-10","P12","Metro Lofts","Uskudar","Selin Arslan","P12-U02","T082","Emre Koc","2026-10-05","1375","1375","0","2026-10-09","Paid","4","Current"
"INV-00983","2026-11","P12","Metro Lofts","Uskudar","Selin Arslan","P12-U02","T082","Emre Koc","2026-11-05","1375","1375","0","2026-11-06","Paid","1","Current"
"INV-00984","2026-12","P12","Metro Lofts","Uskudar","Selin Arslan","P12-U02","T082","Emre Koc","2026-12-05","1375","1375","0","2026-12-04","Paid","0","Current"
"INV-00985","2026-01","P12","Metro Lofts","Uskudar","Selin Arslan","P12-U03","T083","Elif Yilmaz","2026-01-05","1250","1250","0","2026-01-07","Paid","2","Current"
"INV-00986","2026-02","P12","Metro Lofts","Uskudar","Selin Arslan","P12-U03","T083","Elif Yilmaz","2026-02-05","1250","1250","0","2026-02-04","Paid","0","Current"
"INV-00987","2026-03","P12","Metro Lofts","Uskudar","Selin Arslan","P12-U03","T083","Elif Yilmaz","2026-03-05","1250","793","457","2026-03-23","Partial","301","90+ Days"
"INV-00988","2026-04","P12","Metro Lofts","Uskudar","Selin Arslan","P12-U03","T083","Elif Yilmaz","2026-04-05","1250","1250","0","2026-04-05","Paid","0","Current"
"INV-00989","2026-05","P12","Metro Lofts","Uskudar","Selin Arslan","P12-U03","T083","Elif Yilmaz","2026-05-05","1250","1250","0","2026-05-17","Paid Late","12","Current"
"INV-00990","2026-06","P12","Metro Lofts","Uskudar","Selin Arslan","P12-U03","T083","Elif Yilmaz","2026-06-05","1250","1250","0","2026-06-04","Paid","0","Current"
"INV-00991","2026-07","P12","Metro Lofts","Uskudar","Selin Arslan","P12-U03","T083","Elif Yilmaz","2026-07-05","1250","1250","0","2026-07-11","Paid","6","Current"
"INV-00992","2026-08","P12","Metro Lofts","Uskudar","Selin Arslan","P12-U03","T083","Elif Yilmaz","2026-08-05","1250","1250","0","2026-08-21","Paid Late","16","Current"
"INV-00993","2026-09","P12","Metro Lofts","Uskudar","Selin Arslan","P12-U03","T083","Elif Yilmaz","2026-09-05","1250","1250","0","2026-09-03","Paid","0","Current"
"INV-00994","2026-10","P12","Metro Lofts","Uskudar","Selin Arslan","P12-U03","T083","Elif Yilmaz","2026-10-05","1250","1250","0","2026-10-07","Paid","2","Current"
"INV-00995","2026-11","P12","Metro Lofts","Uskudar","Selin Arslan","P12-U03","T083","Elif Yilmaz","2026-11-05","1250","1250","0","2026-11-06","Paid","1","Current"
"INV-00996","2026-12","P12","Metro Lofts","Uskudar","Selin Arslan","P12-U03","T083","Elif Yilmaz","2026-12-05","1250","1250","0","2026-12-05","Paid","0","Current"
"INV-00997","2026-01","P12","Metro Lofts","Uskudar","Selin Arslan","P12-U04","T084","Derya Celik","2026-01-05","1400","1400","0","2026-01-17","Paid Late","12","Current"
"INV-00998","2026-02","P12","Metro Lofts","Uskudar","Selin Arslan","P12-U04","T084","Derya Celik","2026-02-05","1400","1400","0","2026-02-03","Paid","0","Current"
"INV-00999","2026-03","P12","Metro Lofts","Uskudar","Selin Arslan","P12-U04","T084","Derya Celik","2026-03-05","1400","1400","0","2026-03-04","Paid","0","Current"
"INV-01000","2026-04","P12","Metro Lofts","Uskudar","Selin Arslan","P12-U04","T084","Derya Celik","2026-04-05","1400","1400","0","2026-04-07","Paid","2","Current"
"INV-01001","2026-05","P12","Metro Lofts","Uskudar","Selin Arslan","P12-U04","T084","Derya Celik","2026-05-05","1400","1400","0","2026-05-05","Paid","0","Current"
"INV-01002","2026-06","P12","Metro Lofts","Uskudar","Selin Arslan","P12-U04","T084","Derya Celik","2026-06-05","1400","1400","0","2026-06-06","Paid","1","Current"
"INV-01003","2026-07","P12","Metro Lofts","Uskudar","Selin Arslan","P12-U04","T084","Derya Celik","2026-07-05","1400","1400","0","2026-07-19","Paid Late","14","Current"
"INV-01004","2026-08","P12","Metro Lofts","Uskudar","Selin Arslan","P12-U04","T084","Derya Celik","2026-08-05","1400","1400","0","2026-08-02","Paid","0","Current"
"INV-01005","2026-09","P12","Metro Lofts","Uskudar","Selin Arslan","P12-U04","T084","Derya Celik","2026-09-05","1400","1400","0","2026-09-09","Paid","4","Current"
"INV-01006","2026-10","P12","Metro Lofts","Uskudar","Selin Arslan","P12-U04","T084","Derya Celik","2026-10-05","1400","1400","0","2026-10-11","Paid","6","Current"
"INV-01007","2026-11","P12","Metro Lofts","Uskudar","Selin Arslan","P12-U04","T084","Derya Celik","2026-11-05","1400","1400","0","2026-11-03","Paid","0","Current"
"INV-01008","2026-12","P12","Metro Lofts","Uskudar","Selin Arslan","P12-U04","T084","Derya Celik","2026-12-05","1400","1400","0","2026-12-04","Paid","0","Current"
"INV-01009","2026-01","P12","Metro Lofts","Uskudar","Selin Arslan","P12-U05","T085","Zeynep Aydin","2026-01-05","1475","1475","0","2026-01-10","Paid","5","Current"
"INV-01010","2026-02","P12","Metro Lofts","Uskudar","Selin Arslan","P12-U05","T085","Zeynep Aydin","2026-02-05","1475","1475","0","2026-02-14","Paid Late","9","Current"
"INV-01011","2026-03","P12","Metro Lofts","Uskudar","Selin Arslan","P12-U05","T085","Zeynep Aydin","2026-03-05","1475","1475","0","2026-03-04","Paid","0","Current"
"INV-01012","2026-04","P12","Metro Lofts","Uskudar","Selin Arslan","P12-U05","T085","Zeynep Aydin","2026-04-05","1475","1475","0","2026-04-11","Paid","6","Current"
"INV-01013","2026-05","P12","Metro Lofts","Uskudar","Selin Arslan","P12-U05","T085","Zeynep Aydin","2026-05-05","1475","1475","0","2026-05-10","Paid","5","Current"
"INV-01014","2026-06","P12","Metro Lofts","Uskudar","Selin Arslan","P12-U05","T085","Zeynep Aydin","2026-06-05","1475","1475","0","2026-06-11","Paid","6","Current"
"INV-01015","2026-07","P12","Metro Lofts","Uskudar","Selin Arslan","P12-U05","T085","Zeynep Aydin","2026-07-05","1475","1475","0","2026-07-07","Paid","2","Current"
"INV-01016","2026-08","P12","Metro Lofts","Uskudar","Selin Arslan","P12-U05","T085","Zeynep Aydin","2026-08-05","1475","0","1475","","Unpaid","148","90+ Days"
"INV-01017","2026-09","P12","Metro Lofts","Uskudar","Selin Arslan","P12-U05","T085","Zeynep Aydin","2026-09-05","1475","1475","0","2026-09-14","Paid Late","9","Current"
"INV-01018","2026-10","P12","Metro Lofts","Uskudar","Selin Arslan","P12-U05","T085","Zeynep Aydin","2026-10-05","1475","1475","0","2026-10-04","Paid","0","Current"
"INV-01019","2026-11","P12","Metro Lofts","Uskudar","Selin Arslan","P12-U05","T085","Zeynep Aydin","2026-11-05","1475","1475","0","2026-11-11","Paid","6","Current"
"INV-01020","2026-12","P12","Metro Lofts","Uskudar","Selin Arslan","P12-U05","T085","Zeynep Aydin","2026-12-05","1475","1475","0","2026-12-07","Paid","2","Current"
"INV-01021","2026-01","P12","Metro Lofts","Uskudar","Selin Arslan","P12-U06","T086","Can Celik","2026-01-05","1450","1450","0","2026-01-07","Paid","2","Current"
"INV-01022","2026-02","P12","Metro Lofts","Uskudar","Selin Arslan","P12-U06","T086","Can Celik","2026-02-05","1450","1450","0","2026-02-06","Paid","1","Current"
"INV-01023","2026-03","P12","Metro Lofts","Uskudar","Selin Arslan","P12-U06","T086","Can Celik","2026-03-05","1450","1450","0","2026-03-06","Paid","1","Current"
"INV-01024","2026-04","P12","Metro Lofts","Uskudar","Selin Arslan","P12-U06","T086","Can Celik","2026-04-05","1450","1450","0","2026-04-22","Paid Late","17","Current"
"INV-01025","2026-05","P12","Metro Lofts","Uskudar","Selin Arslan","P12-U06","T086","Can Celik","2026-05-05","1450","1450","0","2026-05-20","Paid Late","15","Current"
"INV-01026","2026-06","P12","Metro Lofts","Uskudar","Selin Arslan","P12-U06","T086","Can Celik","2026-06-05","1450","1450","0","2026-06-05","Paid","0","Current"
"INV-01027","2026-07","P12","Metro Lofts","Uskudar","Selin Arslan","P12-U06","T086","Can Celik","2026-07-05","1450","1450","0","2026-07-02","Paid","0","Current"
"INV-01028","2026-08","P12","Metro Lofts","Uskudar","Selin Arslan","P12-U06","T086","Can Celik","2026-08-05","1450","1450","0","2026-08-06","Paid","1","Current"
"INV-01029","2026-09","P12","Metro Lofts","Uskudar","Selin Arslan","P12-U06","T086","Can Celik","2026-09-05","1450","1450","0","2026-09-06","Paid","1","Current"
"INV-01030","2026-10","P12","Metro Lofts","Uskudar","Selin Arslan","P12-U06","T086","Can Celik","2026-10-05","1450","1450","0","2026-10-09","Paid","4","Current"
"INV-01031","2026-11","P12","Metro Lofts","Uskudar","Selin Arslan","P12-U06","T086","Can Celik","2026-11-05","1450","1450","0","2026-11-08","Paid","3","Current"
"INV-01032","2026-12","P12","Metro Lofts","Uskudar","Selin Arslan","P12-U06","T086","Can Celik","2026-12-05","1450","1450","0","2026-12-11","Paid","6","Current"
"INV-01033","2026-01","P12","Metro Lofts","Uskudar","Selin Arslan","P12-U07","T087","Selin Aydin","2026-01-05","1525","1525","0","2026-01-02","Paid","0","Current"
"INV-01034","2026-02","P12","Metro Lofts","Uskudar","Selin Arslan","P12-U07","T087","Selin Aydin","2026-02-05","1525","1525","0","2026-02-16","Paid Late","11","Current"
"INV-01035","2026-03","P12","Metro Lofts","Uskudar","Selin Arslan","P12-U07","T087","Selin Aydin","2026-03-05","1525","1525","0","2026-03-08","Paid","3","Current"
"INV-01036","2026-04","P12","Metro Lofts","Uskudar","Selin Arslan","P12-U07","T087","Selin Aydin","2026-04-05","1525","1525","0","2026-04-03","Paid","0","Current"
"INV-01037","2026-05","P12","Metro Lofts","Uskudar","Selin Arslan","P12-U07","T087","Selin Aydin","2026-05-05","1525","1525","0","2026-05-03","Paid","0","Current"
"INV-01038","2026-06","P12","Metro Lofts","Uskudar","Selin Arslan","P12-U07","T087","Selin Aydin","2026-06-05","1525","1525","0","2026-06-15","Paid Late","10","Current"
"INV-01039","2026-07","P12","Metro Lofts","Uskudar","Selin Arslan","P12-U07","T087","Selin Aydin","2026-07-05","1525","1525","0","2026-07-06","Paid","1","Current"
"INV-01040","2026-08","P12","Metro Lofts","Uskudar","Selin Arslan","P12-U07","T087","Selin Aydin","2026-08-05","1525","1525","0","2026-08-09","Paid","4","Current"
"INV-01041","2026-09","P12","Metro Lofts","Uskudar","Selin Arslan","P12-U07","T087","Selin Aydin","2026-09-05","1525","1525","0","2026-09-16","Paid Late","11","Current"
"INV-01042","2026-10","P12","Metro Lofts","Uskudar","Selin Arslan","P12-U07","T087","Selin Aydin","2026-10-05","1525","1525","0","2026-10-10","Paid","5","Current"
"INV-01043","2026-11","P12","Metro Lofts","Uskudar","Selin Arslan","P12-U07","T087","Selin Aydin","2026-11-05","1525","1525","0","2026-11-11","Paid","6","Current"
"INV-01044","2026-12","P12","Metro Lofts","Uskudar","Selin Arslan","P12-U07","T087","Selin Aydin","2026-12-05","1525","1525","0","2026-12-04","Paid","0","Current"
"INV-01045","2026-01","P12","Metro Lofts","Uskudar","Selin Arslan","P12-U08","T088","Kerem Koc","2026-01-05","1425","1425","0","2026-01-14","Paid Late","9","Current"
"INV-01046","2026-02","P12","Metro Lofts","Uskudar","Selin Arslan","P12-U08","T088","Kerem Koc","2026-02-05","1425","1425","0","2026-02-06","Paid","1","Current"
"INV-01047","2026-03","P12","Metro Lofts","Uskudar","Selin Arslan","P12-U08","T088","Kerem Koc","2026-03-05","1425","1425","0","2026-03-04","Paid","0","Current"
"INV-01048","2026-04","P12","Metro Lofts","Uskudar","Selin Arslan","P12-U08","T088","Kerem Koc","2026-04-05","1425","0","1425","","Unpaid","270","90+ Days"
"INV-01049","2026-05","P12","Metro Lofts","Uskudar","Selin Arslan","P12-U08","T088","Kerem Koc","2026-05-05","1425","1425","0","2026-05-22","Paid Late","17","Current"
"INV-01050","2026-06","P12","Metro Lofts","Uskudar","Selin Arslan","P12-U08","T088","Kerem Koc","2026-06-05","1425","716","709","2026-06-24","Partial","209","90+ Days"
"INV-01051","2026-07","P12","Metro Lofts","Uskudar","Selin Arslan","P12-U08","T088","Kerem Koc","2026-07-05","1425","1425","0","2026-07-02","Paid","0","Current"
"INV-01052","2026-08","P12","Metro Lofts","Uskudar","Selin Arslan","P12-U08","T088","Kerem Koc","2026-08-05","1425","1425","0","2026-08-07","Paid","2","Current"
"INV-01053","2026-09","P12","Metro Lofts","Uskudar","Selin Arslan","P12-U08","T088","Kerem Koc","2026-09-05","1425","1425","0","2026-09-15","Paid Late","10","Current"
"INV-01054","2026-10","P12","Metro Lofts","Uskudar","Selin Arslan","P12-U08","T088","Kerem Koc","2026-10-05","1425","0","1425","","Unpaid","87","61-90 Days"
"INV-01055","2026-11","P12","Metro Lofts","Uskudar","Selin Arslan","P12-U08","T088","Kerem Koc","2026-11-05","1425","0","1425","","Unpaid","56","31-60 Days"
"INV-01056","2026-12","P12","Metro Lofts","Uskudar","Selin Arslan","P12-U08","T088","Kerem Koc","2026-12-05","1425","1425","0","2026-12-10","Paid","5","Current"