member_id,month_end,active_flag
1,2024-07-31,1
1,2024-08-31,1
1,2024-09-30,1
1,2024-10-31,1
1,2024-11-30,1
1,2024-12-31,1
1,2025-01-31,1
1,2025-02-28,1
1,2025-03-31,1
1,2025-04-30,1
1,2025-05-31,1
1,2025-06-30,1
1,2025-07-31,1
1,2025-08-31,1
1,2025-09-30,1
1,2025-10-31,1
1,2025-11-30,1
1,2025-12-31,1
1,2026-01-31,1
1,2026-02-28,1
1,2026-03-31,1
1,2026-04-30,1
1,2026-05-31,1
1,2026-06-30,1
1,2026-07-31,1
2,2025-11-30,1
2,2025-12-31,1
2,2026-01-31,1
2,2026-02-28,1
2,2026-03-31,1
2,2026-04-30,1
2,2026-05-31,1
2,2026-06-30,1
2,2026-07-31,1
3,2024-03-31,1
3,2024-04-30,1
3,2024-05-31,1
3,2024-06-30,1
3,2024-07-31,1
3,2024-08-31,1
3,2024-09-30,1
3,2024-10-31,1
3,2024-11-30,1
3,2024-12-31,1
3,2025-01-31,1
3,2025-02-28,1
3,2025-03-31,1
3,2025-04-30,1
3,2025-05-31,1
3,2025-06-30,1
3,2025-07-31,1
3,2025-08-31,1
3,2025-09-30,1
3,2025-10-31,1
3,2025-11-30,1
3,2025-12-31,1
3,2026-01-31,1
3,2026-02-28,0
3,2026-03-31,0
3,2026-04-30,0
3,2026-05-31,0
3,2026-06-30,0
3,2026-07-31,0
4,2024-01-31,1
4,2024-02-29,1
4,2024-03-31,1
4,2024-04-30,1
4,2024-05-31,1
4,2024-06-30,1
4,2024-07-31,1
4,2024-08-31,1
4,2024-09-30,1
4,2024-10-31,1
4,2024-11-30,1
4,2024-12-31,1
4,2025-01-31,1
4,2025-02-28,1
4,2025-03-31,1
4,2025-04-30,1
4,2025-05-31,1
4,2025-06-30,1
4,2025-07-31,1
4,2025-08-31,1
4,2025-09-30,1
4,2025-10-31,1
4,2025-11-30,1
4,2025-12-31,1
4,2026-01-31,1
4,2026-02-28,1
4,2026-03-31,1
4,2026-04-30,1
4,2026-05-31,1
4,2026-06-30,1
4,2026-07-31,1
5,2024-04-30,1
5,2024-05-31,1
5,2024-06-30,1
5,2024-07-31,1
5,2024-08-31,1
5,2024-09-30,1
5,2024-10-31,1
5,2024-11-30,1
5,2024-12-31,1
5,2025-01-31,1
5,2025-02-28,1
5,2025-03-31,1
5,2025-04-30,1
5,2025-05-31,1
5,2025-06-30,1
5,2025-07-31,1
5,2025-08-31,1
5,2025-09-30,1
5,2025-10-31,1
5,2025-11-30,1
5,2025-12-31,1
5,2026-01-31,1
5,2026-02-28,1
5,2026-03-31,1
5,2026-04-30,1
5,2026-05-31,1
5,2026-06-30,1
5,2026-07-31,1
6,2024-08-31,1
6,2024-09-30,1
6,2024-10-31,1
6,2024-11-30,1
6,2024-12-31,1
6,2025-01-31,1
6,2025-02-28,1
6,2025-03-31,1
6,2025-04-30,1
6,2025-05-31,1
6,2025-06-30,1
6,2025-07-31,1
6,2025-08-31,1
6,2025-09-30,1
6,2025-10-31,1
6,2025-11-30,1
6,2025-12-31,1
6,2026-01-31,1
6,2026-02-28,1
6,2026-03-31,1
6,2026-04-30,1
6,2026-05-31,1
6,2026-06-30,1
6,2026-07-31,1
7,2024-01-31,1
7,2024-02-29,1
7,2024-03-31,1
7,2024-04-30,1
7,2024-05-31,1
7,2024-06-30,1
7,2024-07-31,1
7,2024-08-31,1
7,2024-09-30,1
7,2024-10-31,1
7,2024-11-30,1
7,2024-12-31,1
7,2025-01-31,1
7,2025-02-28,1
7,2025-03-31,1
7,2025-04-30,1
7,2025-05-31,1
7,2025-06-30,1
7,2025-07-31,1
7,2025-08-31,1
7,2025-09-30,1
7,2025-10-31,1
7,2025-11-30,1
7,2025-12-31,1
7,2026-01-31,1
7,2026-02-28,1
7,2026-03-31,1
7,2026-04-30,1
7,2026-05-31,1
7,2026-06-30,1
7,2026-07-31,1
8,2024-10-31,1
8,2024-11-30,1
8,2024-12-31,1
8,2025-01-31,1
8,2025-02-28,1
8,2025-03-31,1
8,2025-04-30,1
8,2025-05-31,1
8,2025-06-30,1
8,2025-07-31,1
8,2025-08-31,1
8,2025-09-30,1
8,2025-10-31,1
8,2025-11-30,1
8,2025-12-31,1
8,2026-01-31,1
8,2026-02-28,0
8,2026-03-31,0
8,2026-04-30,0
8,2026-05-31,0
8,2026-06-30,0
8,2026-07-31,0
9,2025-08-31,1
9,2025-09-30,1
9,2025-10-31,1
9,2025-11-30,1
9,2025-12-31,1
9,2026-01-31,1
9,2026-02-28,1
9,2026-03-31,1
9,2026-04-30,1
9,2026-05-31,1
9,2026-06-30,1
9,2026-07-31,1
10,2026-06-30,1
10,2026-07-31,0
11,2024-07-31,1
11,2024-08-31,1
11,2024-09-30,1
11,2024-10-31,1
11,2024-11-30,0
11,2024-12-31,0
11,2025-01-31,0
11,2025-02-28,0
11,2025-03-31,0
11,2025-04-30,0
11,2025-05-31,0
11,2025-06-30,0
11,2025-07-31,0
11,2025-08-31,0
11,2025-09-30,0
11,2025-10-31,0
11,2025-11-30,0
11,2025-12-31,0
11,2026-01-31,0
11,2026-02-28,0
11,2026-03-31,0
11,2026-04-30,0
11,2026-05-31,0
11,2026-06-30,0
11,2026-07-31,0
12,2024-12-31,1
12,2025-01-31,1
12,2025-02-28,1
12,2025-03-31,1
12,2025-04-30,1
12,2025-05-31,1
12,2025-06-30,1
12,2025-07-31,1
12,2025-08-31,1
12,2025-09-30,1
12,2025-10-31,1
12,2025-11-30,1
12,2025-12-31,1
12,2026-01-31,1
12,2026-02-28,1
12,2026-03-31,1
12,2026-04-30,0
12,2026-05-31,0
12,2026-06-30,0
12,2026-07-31,0
13,2024-04-30,1
13,2024-05-31,1
13,2024-06-30,1
13,2024-07-31,1
13,2024-08-31,1
13,2024-09-30,1
13,2024-10-31,1
13,2024-11-30,1
13,2024-12-31,1
13,2025-01-31,1
13,2025-02-28,1
13,2025-03-31,1
13,2025-04-30,1
13,2025-05-31,1
13,2025-06-30,1
13,2025-07-31,1
13,2025-08-31,1
13,2025-09-30,1
13,2025-10-31,1
13,2025-11-30,1
13,2025-12-31,1
13,2026-01-31,1
13,2026-02-28,1
13,2026-03-31,1
13,2026-04-30,1
13,2026-05-31,1
13,2026-06-30,1
13,2026-07-31,1
14,2025-08-31,1
14,2025-09-30,1
14,2025-10-31,1
14,2025-11-30,1
14,2025-12-31,1
14,2026-01-31,1
14,2026-02-28,1
14,2026-03-31,1
14,2026-04-30,1
14,2026-05-31,1
14,2026-06-30,1
14,2026-07-31,0
15,2025-04-30,1
15,2025-05-31,1
15,2025-06-30,1
15,2025-07-31,1
15,2025-08-31,1
15,2025-09-30,1
15,2025-10-31,1
15,2025-11-30,1
15,2025-12-31,1
15,2026-01-31,1
15,2026-02-28,1
15,2026-03-31,1
15,2026-04-30,1
15,2026-05-31,1
15,2026-06-30,1
15,2026-07-31,0
16,2024-08-31,1
16,2024-09-30,1
16,2024-10-31,1
16,2024-11-30,1
16,2024-12-31,1
16,2025-01-31,1
16,2025-02-28,1
16,2025-03-31,1
16,2025-04-30,1
16,2025-05-31,1
16,2025-06-30,1
16,2025-07-31,1
16,2025-08-31,1
16,2025-09-30,1
16,2025-10-31,1
16,2025-11-30,1
16,2025-12-31,1
16,2026-01-31,1
16,2026-02-28,1
16,2026-03-31,1
16,2026-04-30,1
16,2026-05-31,1
16,2026-06-30,1
16,2026-07-31,1
17,2024-08-31,1
17,2024-09-30,1
17,2024-10-31,1
17,2024-11-30,1
17,2024-12-31,1
17,2025-01-31,1
17,2025-02-28,1
17,2025-03-31,1
17,2025-04-30,1
17,2025-05-31,1
17,2025-06-30,1
17,2025-07-31,1
17,2025-08-31,1
17,2025-09-30,1
17,2025-10-31,1
17,2025-11-30,1
17,2025-12-31,1
17,2026-01-31,1
17,2026-02-28,1
17,2026-03-31,0
17,2026-04-30,0
17,2026-05-31,0
17,2026-06-30,0
17,2026-07-31,0
18,2026-05-31,1
18,2026-06-30,1
18,2026-07-31,1
19,2026-02-28,1
19,2026-03-31,1
19,2026-04-30,1
19,2026-05-31,1
19,2026-06-30,1
19,2026-07-31,1
20,2026-06-30,1
20,2026-07-31,1
21,2025-07-31,1
21,2025-08-31,1
21,2025-09-30,1
21,2025-10-31,1
21,2025-11-30,1
21,2025-12-31,1
21,2026-01-31,1
21,2026-02-28,1
21,2026-03-31,1
21,2026-04-30,1
21,2026-05-31,1
21,2026-06-30,1
21,2026-07-31,1
22,2026-03-31,1
22,2026-04-30,1
22,2026-05-31,1
22,2026-06-30,1
22,2026-07-31,1
23,2026-06-30,1
23,2026-07-31,1
24,2025-10-31,1
24,2025-11-30,1
24,2025-12-31,1
24,2026-01-31,1
24,2026-02-28,1
24,2026-03-31,1
24,2026-04-30,1
24,2026-05-31,1
24,2026-06-30,1
24,2026-07-31,1
25,2025-02-28,1
25,2025-03-31,1
25,2025-04-30,1
25,2025-05-31,1
25,2025-06-30,0
25,2025-07-31,0
25,2025-08-31,0
25,2025-09-30,0
25,2025-10-31,0
25,2025-11-30,0
25,2025-12-31,0
25,2026-01-31,0
25,2026-02-28,0
25,2026-03-31,0
25,2026-04-30,0
25,2026-05-31,0
25,2026-06-30,0
25,2026-07-31,0
26,2024-06-30,1
26,2024-07-31,1
26,2024-08-31,1
26,2024-09-30,1
26,2024-10-31,1
26,2024-11-30,1
26,2024-12-31,1
26,2025-01-31,1
26,2025-02-28,1
26,2025-03-31,1
26,2025-04-30,1
26,2025-05-31,1
26,2025-06-30,1
26,2025-07-31,1
26,2025-08-31,1
26,2025-09-30,1
26,2025-10-31,1
26,2025-11-30,1
26,2025-12-31,1
26,2026-01-31,1
26,2026-02-28,1
26,2026-03-31,1
26,2026-04-30,1
26,2026-05-31,1
26,2026-06-30,1
26,2026-07-31,1
27,2024-06-30,1
27,2024-07-31,1
27,2024-08-31,1
27,2024-09-30,1
27,2024-10-31,1
27,2024-11-30,1
27,2024-12-31,1
27,2025-01-31,1
27,2025-02-28,1
27,2025-03-31,1
27,2025-04-30,1
27,2025-05-31,1
27,2025-06-30,1
27,2025-07-31,1
27,2025-08-31,1
27,2025-09-30,1
27,2025-10-31,1
27,2025-11-30,1
27,2025-12-31,1
27,2026-01-31,1
27,2026-02-28,1
27,2026-03-31,1
27,2026-04-30,1
27,2026-05-31,1
27,2026-06-30,1
27,2026-07-31,1
28,2025-05-31,1
28,2025-06-30,1
28,2025-07-31,1
28,2025-08-31,1
28,2025-09-30,1
28,2025-10-31,1
28,2025-11-30,1
28,2025-12-31,1
28,2026-01-31,1
28,2026-02-28,1
28,2026-03-31,1
28,2026-04-30,0
28,2026-05-31,0
28,2026-06-30,0
28,2026-07-31,0
29,2025-10-31,1
29,2025-11-30,1
29,2025-12-31,1
29,2026-01-31,1
29,2026-02-28,1
29,2026-03-31,1
29,2026-04-30,1
29,2026-05-31,1
29,2026-06-30,1
29,2026-07-31,1
30,2026-01-31,1
30,2026-02-28,1
30,2026-03-31,1
30,2026-04-30,1
30,2026-05-31,1
30,2026-06-30,1
30,2026-07-31,1
31,2025-11-30,1
31,2025-12-31,1
31,2026-01-31,1
31,2026-02-28,1
31,2026-03-31,1
31,2026-04-30,1
31,2026-05-31,1
31,2026-06-30,1
31,2026-07-31,1
32,2025-11-30,1
32,2025-12-31,1
32,2026-01-31,1
32,2026-02-28,1
32,2026-03-31,1
32,2026-04-30,1
32,2026-05-31,1
32,2026-06-30,1
32,2026-07-31,1
33,2025-04-30,1
33,2025-05-31,1
33,2025-06-30,1
33,2025-07-31,1
33,2025-08-31,1
33,2025-09-30,1
33,2025-10-31,1
33,2025-11-30,1
33,2025-12-31,1
33,2026-01-31,1
33,2026-02-28,1
33,2026-03-31,1
33,2026-04-30,1
33,2026-05-31,1
33,2026-06-30,1
33,2026-07-31,1
34,2024-02-29,1
34,2024-03-31,1
34,2024-04-30,1
34,2024-05-31,1
34,2024-06-30,1
34,2024-07-31,1
34,2024-08-31,1
34,2024-09-30,1
34,2024-10-31,1
34,2024-11-30,1
34,2024-12-31,1
34,2025-01-31,1
34,2025-02-28,1
34,2025-03-31,1
34,2025-04-30,1
34,2025-05-31,1
34,2025-06-30,1
34,2025-07-31,1
34,2025-08-31,1
34,2025-09-30,1
34,2025-10-31,1
34,2025-11-30,1
34,2025-12-31,1
34,2026-01-31,1
34,2026-02-28,0
34,2026-03-31,0
34,2026-04-30,0
34,2026-05-31,0
34,2026-06-30,0
34,2026-07-31,0
35,2024-11-30,1
35,2024-12-31,1
35,2025-01-31,1
35,2025-02-28,1
35,2025-03-31,1
35,2025-04-30,1
35,2025-05-31,1
35,2025-06-30,1
35,2025-07-31,1
35,2025-08-31,1
35,2025-09-30,1
35,2025-10-31,1
35,2025-11-30,1
35,2025-12-31,1
35,2026-01-31,1
35,2026-02-28,1
35,2026-03-31,1
35,2026-04-30,1
35,2026-05-31,1
35,2026-06-30,1
35,2026-07-31,1
36,2024-08-31,1
36,2024-09-30,1
36,2024-10-31,1
36,2024-11-30,1
36,2024-12-31,1
36,2025-01-31,1
36,2025-02-28,1
36,2025-03-31,1
36,2025-04-30,1
36,2025-05-31,1
36,2025-06-30,1
36,2025-07-31,1
36,2025-08-31,1
36,2025-09-30,1
36,2025-10-31,1
36,2025-11-30,1
36,2025-12-31,1
36,2026-01-31,1
36,2026-02-28,1
36,2026-03-31,1
36,2026-04-30,1
36,2026-05-31,1
36,2026-06-30,1
36,2026-07-31,1
37,2025-08-31,1
37,2025-09-30,1
37,2025-10-31,1
37,2025-11-30,1
37,2025-12-31,0
37,2026-01-31,0
37,2026-02-28,0
37,2026-03-31,0
37,2026-04-30,0
37,2026-05-31,0
37,2026-06-30,0
37,2026-07-31,0
38,2025-02-28,1
38,2025-03-31,1
38,2025-04-30,1
38,2025-05-31,1
38,2025-06-30,1
38,2025-07-31,1
38,2025-08-31,1
38,2025-09-30,0
38,2025-10-31,0
38,2025-11-30,0
38,2025-12-31,0
38,2026-01-31,0
38,2026-02-28,0
38,2026-03-31,0
38,2026-04-30,0
38,2026-05-31,0
38,2026-06-30,0
38,2026-07-31,0
39,2026-05-31,1
39,2026-06-30,1
39,2026-07-31,1
40,2026-05-31,1
40,2026-06-30,0
40,2026-07-31,0
41,2026-01-31,1
41,2026-02-28,1
41,2026-03-31,1
41,2026-04-30,1
41,2026-05-31,1
41,2026-06-30,1
41,2026-07-31,1
42,2024-10-31,1
42,2024-11-30,1
42,2024-12-31,1
42,2025-01-31,1
42,2025-02-28,1
42,2025-03-31,1
42,2025-04-30,1
42,2025-05-31,1
42,2025-06-30,1
42,2025-07-31,1
42,2025-08-31,1
42,2025-09-30,1
42,2025-10-31,1
42,2025-11-30,1
42,2025-12-31,1
42,2026-01-31,1
42,2026-02-28,1
42,2026-03-31,1
42,2026-04-30,1
42,2026-05-31,1
42,2026-06-30,1
42,2026-07-31,1
43,2025-12-31,1
43,2026-01-31,1
43,2026-02-28,1
43,2026-03-31,1
43,2026-04-30,1
43,2026-05-31,1
43,2026-06-30,1
43,2026-07-31,1
44,2026-06-30,1
44,2026-07-31,0
45,2025-04-30,1
45,2025-05-31,1
45,2025-06-30,1
45,2025-07-31,1
45,2025-08-31,1
45,2025-09-30,1
45,2025-10-31,1
45,2025-11-30,1
45,2025-12-31,1
45,2026-01-31,1
45,2026-02-28,1
45,2026-03-31,1
45,2026-04-30,1
45,2026-05-31,1
45,2026-06-30,1
45,2026-07-31,1
46,2026-04-30,1
46,2026-05-31,1
46,2026-06-30,0
46,2026-07-31,0
47,2025-09-30,1
47,2025-10-31,1
47,2025-11-30,1
47,2025-12-31,1
47,2026-01-31,1
47,2026-02-28,1
47,2026-03-31,1
47,2026-04-30,1
47,2026-05-31,1
47,2026-06-30,1
47,2026-07-31,1
48,2026-02-28,1
48,2026-03-31,1
48,2026-04-30,1
48,2026-05-31,1
48,2026-06-30,0
48,2026-07-31,0
49,2025-09-30,1
49,2025-10-31,1
49,2025-11-30,1
49,2025-12-31,1
49,2026-01-31,1
49,2026-02-28,1
49,2026-03-31,1
49,2026-04-30,1
49,2026-05-31,1
49,2026-06-30,1
49,2026-07-31,1
50,2026-01-31,1
50,2026-02-28,1
50,2026-03-31,0
50,2026-04-30,0
50,2026-05-31,0
50,2026-06-30,0
50,2026-07-31,0
51,2024-06-30,1
51,2024-07-31,1
51,2024-08-31,1
51,2024-09-30,1
51,2024-10-31,1
51,2024-11-30,1
51,2024-12-31,1
51,2025-01-31,1
51,2025-02-28,1
51,2025-03-31,1
51,2025-04-30,1
51,2025-05-31,1
51,2025-06-30,1
51,2025-07-31,1
51,2025-08-31,1
51,2025-09-30,1
51,2025-10-31,1
51,2025-11-30,1
51,2025-12-31,1
51,2026-01-31,1
51,2026-02-28,1
51,2026-03-31,1
51,2026-04-30,1
51,2026-05-31,1
51,2026-06-30,1
51,2026-07-31,1
52,2024-04-30,1
52,2024-05-31,1
52,2024-06-30,1
52,2024-07-31,1
52,2024-08-31,1
52,2024-09-30,1
52,2024-10-31,1
52,2024-11-30,1
52,2024-12-31,1
52,2025-01-31,1
52,2025-02-28,1
52,2025-03-31,1
52,2025-04-30,1
52,2025-05-31,1
52,2025-06-30,1
52,2025-07-31,1
52,2025-08-31,1
52,2025-09-30,1
52,2025-10-31,1
52,2025-11-30,1
52,2025-12-31,1
52,2026-01-31,1
52,2026-02-28,1
52,2026-03-31,1
52,2026-04-30,1
52,2026-05-31,1
52,2026-06-30,1
52,2026-07-31,1
53,2025-03-31,1
53,2025-04-30,1
53,2025-05-31,1
53,2025-06-30,1
53,2025-07-31,1
53,2025-08-31,1
53,2025-09-30,1
53,2025-10-31,1
53,2025-11-30,1
53,2025-12-31,1
53,2026-01-31,1
53,2026-02-28,1
53,2026-03-31,1
53,2026-04-30,1
53,2026-05-31,1
53,2026-06-30,1
53,2026-07-31,1
54,2024-10-31,1
54,2024-11-30,1
54,2024-12-31,1
54,2025-01-31,1
54,2025-02-28,1
54,2025-03-31,1
54,2025-04-30,1
54,2025-05-31,1
54,2025-06-30,1
54,2025-07-31,1
54,2025-08-31,1
54,2025-09-30,1
54,2025-10-31,1
54,2025-11-30,1
54,2025-12-31,1
54,2026-01-31,1
54,2026-02-28,1
54,2026-03-31,1
54,2026-04-30,1
54,2026-05-31,1
54,2026-06-30,1
54,2026-07-31,1
55,2026-03-31,1
55,2026-04-30,1
55,2026-05-31,1
55,2026-06-30,1
55,2026-07-31,1
56,2025-05-31,1
56,2025-06-30,1
56,2025-07-31,1
56,2025-08-31,1
56,2025-09-30,1
56,2025-10-31,1
56,2025-11-30,1
56,2025-12-31,1
56,2026-01-31,1
56,2026-02-28,1
56,2026-03-31,1
56,2026-04-30,1
56,2026-05-31,1
56,2026-06-30,1
56,2026-07-31,1
57,2024-07-31,1
57,2024-08-31,1
57,2024-09-30,1
57,2024-10-31,1
57,2024-11-30,1
57,2024-12-31,1
57,2025-01-31,1
57,2025-02-28,1
57,2025-03-31,1
57,2025-04-30,1
57,2025-05-31,1
57,2025-06-30,1
57,2025-07-31,1
57,2025-08-31,1
57,2025-09-30,1
57,2025-10-31,1
57,2025-11-30,1
57,2025-12-31,1
57,2026-01-31,1
57,2026-02-28,1
57,2026-03-31,1
57,2026-04-30,1
57,2026-05-31,1
57,2026-06-30,1
57,2026-07-31,1
58,2024-09-30,1
58,2024-10-31,1
58,2024-11-30,1
58,2024-12-31,1
58,2025-01-31,1
58,2025-02-28,1
58,2025-03-31,1
58,2025-04-30,1
58,2025-05-31,1
58,2025-06-30,1
58,2025-07-31,1
58,2025-08-31,1
58,2025-09-30,1
58,2025-10-31,1
58,2025-11-30,1
58,2025-12-31,1
58,2026-01-31,1
58,2026-02-28,1
58,2026-03-31,0
58,2026-04-30,0
58,2026-05-31,0
58,2026-06-30,0
58,2026-07-31,0
59,2024-07-31,1
59,2024-08-31,1
59,2024-09-30,1
59,2024-10-31,1
59,2024-11-30,1
59,2024-12-31,1
59,2025-01-31,1
59,2025-02-28,1
59,2025-03-31,1
59,2025-04-30,1
59,2025-05-31,1
59,2025-06-30,1
59,2025-07-31,1
59,2025-08-31,1
59,2025-09-30,1
59,2025-10-31,1
59,2025-11-30,1
59,2025-12-31,1
59,2026-01-31,1
59,2026-02-28,1
59,2026-03-31,1
59,2026-04-30,1
59,2026-05-31,1
59,2026-06-30,1
59,2026-07-31,1
60,2025-12-31,1
60,2026-01-31,1
60,2026-02-28,1
60,2026-03-31,1
60,2026-04-30,1
60,2026-05-31,1
60,2026-06-30,1
60,2026-07-31,1
61,2025-05-31,1
61,2025-06-30,1
61,2025-07-31,1
61,2025-08-31,1
61,2025-09-30,1
61,2025-10-31,1
61,2025-11-30,1
61,2025-12-31,1
61,2026-01-31,1
61,2026-02-28,1
61,2026-03-31,1
61,2026-04-30,1
61,2026-05-31,1
61,2026-06-30,1
61,2026-07-31,1
62,2025-09-30,1
62,2025-10-31,1
62,2025-11-30,1
62,2025-12-31,1
62,2026-01-31,1
62,2026-02-28,1
62,2026-03-31,1
62,2026-04-30,1
62,2026-05-31,1
62,2026-06-30,1
62,2026-07-31,1
63,2026-04-30,1
63,2026-05-31,1
63,2026-06-30,0
63,2026-07-31,0
64,2025-06-30,1
64,2025-07-31,1
64,2025-08-31,1
64,2025-09-30,1
64,2025-10-31,1
64,2025-11-30,1
64,2025-12-31,1
64,2026-01-31,1
64,2026-02-28,1
64,2026-03-31,1
64,2026-04-30,1
64,2026-05-31,1
64,2026-06-30,1
64,2026-07-31,1
65,2025-03-31,1
65,2025-04-30,1
65,2025-05-31,1
65,2025-06-30,1
65,2025-07-31,1
65,2025-08-31,1
65,2025-09-30,1
65,2025-10-31,1
65,2025-11-30,1
65,2025-12-31,1
65,2026-01-31,1
65,2026-02-28,1
65,2026-03-31,1
65,2026-04-30,1
65,2026-05-31,0
65,2026-06-30,0
65,2026-07-31,0
66,2025-05-31,1
66,2025-06-30,1
66,2025-07-31,1
66,2025-08-31,1
66,2025-09-30,1
66,2025-10-31,1
66,2025-11-30,1
66,2025-12-31,1
66,2026-01-31,1
66,2026-02-28,1
66,2026-03-31,1
66,2026-04-30,1
66,2026-05-31,1
66,2026-06-30,1
66,2026-07-31,1
67,2026-05-31,1
67,2026-06-30,0
67,2026-07-31,0
68,2025-11-30,1
68,2025-12-31,1
68,2026-01-31,1
68,2026-02-28,1
68,2026-03-31,1
68,2026-04-30,1
68,2026-05-31,1
68,2026-06-30,1
68,2026-07-31,1
69,2024-02-29,1
69,2024-03-31,1
69,2024-04-30,1
69,2024-05-31,1
69,2024-06-30,1
69,2024-07-31,1
69,2024-08-31,1
69,2024-09-30,1
69,2024-10-31,1
69,2024-11-30,1
69,2024-12-31,1
69,2025-01-31,1
69,2025-02-28,1
69,2025-03-31,1
69,2025-04-30,1
69,2025-05-31,1
69,2025-06-30,1
69,2025-07-31,1
69,2025-08-31,1
69,2025-09-30,1
69,2025-10-31,1
69,2025-11-30,1
69,2025-12-31,1
69,2026-01-31,1
69,2026-02-28,1
69,2026-03-31,1
69,2026-04-30,1
69,2026-05-31,1
69,2026-06-30,1
69,2026-07-31,1
70,2026-04-30,1
70,2026-05-31,1
70,2026-06-30,1
70,2026-07-31,0
71,2024-06-30,1
71,2024-07-31,1
71,2024-08-31,1
71,2024-09-30,1
71,2024-10-31,1
71,2024-11-30,1
71,2024-12-31,1
71,2025-01-31,1
71,2025-02-28,1
71,2025-03-31,1
71,2025-04-30,1
71,2025-05-31,1
71,2025-06-30,1
71,2025-07-31,1
71,2025-08-31,1
71,2025-09-30,1
71,2025-10-31,1
71,2025-11-30,1
71,2025-12-31,1
71,2026-01-31,1
71,2026-02-28,1
71,2026-03-31,1
71,2026-04-30,1
71,2026-05-31,1
71,2026-06-30,1
71,2026-07-31,1
72,2025-09-30,1
72,2025-10-31,1
72,2025-11-30,1
72,2025-12-31,1
72,2026-01-31,1
72,2026-02-28,1
72,2026-03-31,1
72,2026-04-30,1
72,2026-05-31,1
72,2026-06-30,1
72,2026-07-31,1
73,2026-05-31,1
73,2026-06-30,1
73,2026-07-31,0
74,2024-12-31,1
74,2025-01-31,1
74,2025-02-28,1
74,2025-03-31,1
74,2025-04-30,1
74,2025-05-31,1
74,2025-06-30,1
74,2025-07-31,1
74,2025-08-31,1
74,2025-09-30,1
74,2025-10-31,1
74,2025-11-30,1
74,2025-12-31,1
74,2026-01-31,1
74,2026-02-28,1
74,2026-03-31,1
74,2026-04-30,1
74,2026-05-31,1
74,2026-06-30,1
74,2026-07-31,1
75,2024-07-31,1
75,2024-08-31,1
75,2024-09-30,1
75,2024-10-31,1
75,2024-11-30,1
75,2024-12-31,1
75,2025-01-31,1
75,2025-02-28,1
75,2025-03-31,1
75,2025-04-30,1
75,2025-05-31,1
75,2025-06-30,1
75,2025-07-31,1
75,2025-08-31,0
75,2025-09-30,0
75,2025-10-31,0
75,2025-11-30,0
75,2025-12-31,0
75,2026-01-31,0
75,2026-02-28,0
75,2026-03-31,0
75,2026-04-30,0
75,2026-05-31,0
75,2026-06-30,0
75,2026-07-31,0
76,2024-05-31,1
76,2024-06-30,1
76,2024-07-31,1
76,2024-08-31,1
76,2024-09-30,1
76,2024-10-31,1
76,2024-11-30,1
76,2024-12-31,1
76,2025-01-31,1
76,2025-02-28,1
76,2025-03-31,1
76,2025-04-30,1
76,2025-05-31,1
76,2025-06-30,1
76,2025-07-31,1
76,2025-08-31,0
76,2025-09-30,0
76,2025-10-31,0
76,2025-11-30,0
76,2025-12-31,0
76,2026-01-31,0
76,2026-02-28,0
76,2026-03-31,0
76,2026-04-30,0
76,2026-05-31,0
76,2026-06-30,0
76,2026-07-31,0
77,2025-08-31,1
77,2025-09-30,1
77,2025-10-31,1
77,2025-11-30,1
77,2025-12-31,1
77,2026-01-31,1
77,2026-02-28,1
77,2026-03-31,1
77,2026-04-30,1
77,2026-05-31,1
77,2026-06-30,1
77,2026-07-31,1
78,2024-11-30,1
78,2024-12-31,1
78,2025-01-31,1
78,2025-02-28,1
78,2025-03-31,1
78,2025-04-30,1
78,2025-05-31,1
78,2025-06-30,1
78,2025-07-31,1
78,2025-08-31,1
78,2025-09-30,1
78,2025-10-31,1
78,2025-11-30,1
78,2025-12-31,1
78,2026-01-31,1
78,2026-02-28,1
78,2026-03-31,1
78,2026-04-30,1
78,2026-05-31,1
78,2026-06-30,1
78,2026-07-31,1
79,2025-11-30,1
79,2025-12-31,1
79,2026-01-31,1
79,2026-02-28,1
79,2026-03-31,1
79,2026-04-30,1
79,2026-05-31,1
79,2026-06-30,1
79,2026-07-31,1
80,2025-03-31,1
80,2025-04-30,1
80,2025-05-31,1
80,2025-06-30,1
80,2025-07-31,1
80,2025-08-31,1
80,2025-09-30,1
80,2025-10-31,1
80,2025-11-30,1
80,2025-12-31,1
80,2026-01-31,1
80,2026-02-28,1
80,2026-03-31,1
80,2026-04-30,1
80,2026-05-31,0
80,2026-06-30,0
80,2026-07-31,0
81,2024-11-30,1
81,2024-12-31,1
81,2025-01-31,1
81,2025-02-28,1
81,2025-03-31,1
81,2025-04-30,1
81,2025-05-31,1
81,2025-06-30,1
81,2025-07-31,1
81,2025-08-31,1
81,2025-09-30,1
81,2025-10-31,1
81,2025-11-30,1
81,2025-12-31,1
81,2026-01-31,1
81,2026-02-28,1
81,2026-03-31,1
81,2026-04-30,1
81,2026-05-31,1
81,2026-06-30,1
81,2026-07-31,1
82,2026-06-30,1
82,2026-07-31,1
83,2024-08-31,1
83,2024-09-30,1
83,2024-10-31,1
83,2024-11-30,1
83,2024-12-31,1
83,2025-01-31,1
83,2025-02-28,1
83,2025-03-31,1
83,2025-04-30,1
83,2025-05-31,1
83,2025-06-30,1
83,2025-07-31,1
83,2025-08-31,0
83,2025-09-30,0
83,2025-10-31,0
83,2025-11-30,0
83,2025-12-31,0
83,2026-01-31,0
83,2026-02-28,0
83,2026-03-31,0
83,2026-04-30,0
83,2026-05-31,0
83,2026-06-30,0
83,2026-07-31,0
84,2025-07-31,1
84,2025-08-31,1
84,2025-09-30,1
84,2025-10-31,1
84,2025-11-30,1
84,2025-12-31,1
84,2026-01-31,1
84,2026-02-28,1
84,2026-03-31,1
84,2026-04-30,1
84,2026-05-31,1
84,2026-06-30,1
84,2026-07-31,1
85,2024-11-30,1
85,2024-12-31,1
85,2025-01-31,1
85,2025-02-28,1
85,2025-03-31,1
85,2025-04-30,1
85,2025-05-31,1
85,2025-06-30,1
85,2025-07-31,1
85,2025-08-31,1
85,2025-09-30,1
85,2025-10-31,1
85,2025-11-30,1
85,2025-12-31,1
85,2026-01-31,1
85,2026-02-28,1
85,2026-03-31,1
85,2026-04-30,1
85,2026-05-31,1
85,2026-06-30,1
85,2026-07-31,1
86,2024-09-30,1
86,2024-10-31,1
86,2024-11-30,1
86,2024-12-31,1
86,2025-01-31,1
86,2025-02-28,1
86,2025-03-31,1
86,2025-04-30,1
86,2025-05-31,1
86,2025-06-30,1
86,2025-07-31,1
86,2025-08-31,1
86,2025-09-30,1
86,2025-10-31,1
86,2025-11-30,1
86,2025-12-31,1
86,2026-01-31,1
86,2026-02-28,1
86,2026-03-31,1
86,2026-04-30,1
86,2026-05-31,1
86,2026-06-30,1
86,2026-07-31,1
87,2025-04-30,1
87,2025-05-31,1
87,2025-06-30,1
87,2025-07-31,1
87,2025-08-31,1
87,2025-09-30,1
87,2025-10-31,1
87,2025-11-30,1
87,2025-12-31,1
87,2026-01-31,1
87,2026-02-28,1
87,2026-03-31,1
87,2026-04-30,1
87,2026-05-31,1
87,2026-06-30,1
87,2026-07-31,1
88,2025-09-30,1
88,2025-10-31,1
88,2025-11-30,1
88,2025-12-31,1
88,2026-01-31,1
88,2026-02-28,1
88,2026-03-31,1
88,2026-04-30,1
88,2026-05-31,1
88,2026-06-30,1
88,2026-07-31,1
89,2024-01-31,1
89,2024-02-29,1
89,2024-03-31,1
89,2024-04-30,1
89,2024-05-31,1
89,2024-06-30,1
89,2024-07-31,1
89,2024-08-31,1
89,2024-09-30,1
89,2024-10-31,1
89,2024-11-30,1
89,2024-12-31,1
89,2025-01-31,1
89,2025-02-28,1
89,2025-03-31,1
89,2025-04-30,1
89,2025-05-31,1
89,2025-06-30,1
89,2025-07-31,1
89,2025-08-31,1
89,2025-09-30,1
89,2025-10-31,1
89,2025-11-30,1
89,2025-12-31,1
89,2026-01-31,1
89,2026-02-28,1
89,2026-03-31,1
89,2026-04-30,1
89,2026-05-31,1
89,2026-06-30,1
89,2026-07-31,1
90,2025-06-30,1
90,2025-07-31,1
90,2025-08-31,1
90,2025-09-30,1
90,2025-10-31,1
90,2025-11-30,1
90,2025-12-31,1
90,2026-01-31,1
90,2026-02-28,0
90,2026-03-31,0
90,2026-04-30,0
90,2026-05-31,0
90,2026-06-30,0
90,2026-07-31,0
91,2024-01-31,1
91,2024-02-29,1
91,2024-03-31,1
91,2024-04-30,1
91,2024-05-31,1
91,2024-06-30,1
91,2024-07-31,1
91,2024-08-31,1
91,2024-09-30,1
91,2024-10-31,1
91,2024-11-30,1
91,2024-12-31,1
91,2025-01-31,1
91,2025-02-28,1
91,2025-03-31,1
91,2025-04-30,1
91,2025-05-31,1
91,2025-06-30,1
91,2025-07-31,1
91,2025-08-31,1
91,2025-09-30,1
91,2025-10-31,1
91,2025-11-30,1
91,2025-12-31,1
91,2026-01-31,1
91,2026-02-28,1
91,2026-03-31,1
91,2026-04-30,1
91,2026-05-31,1
91,2026-06-30,1
91,2026-07-31,1
92,2026-02-28,1
92,2026-03-31,1
92,2026-04-30,1
92,2026-05-31,1
92,2026-06-30,0
92,2026-07-31,0
93,2024-07-31,1
93,2024-08-31,1
93,2024-09-30,1
93,2024-10-31,1
93,2024-11-30,1
93,2024-12-31,1
93,2025-01-31,1
93,2025-02-28,1
93,2025-03-31,1
93,2025-04-30,1
93,2025-05-31,1
93,2025-06-30,1
93,2025-07-31,1
93,2025-08-31,1
93,2025-09-30,1
93,2025-10-31,1
93,2025-11-30,1
93,2025-12-31,1
93,2026-01-31,1
93,2026-02-28,1
93,2026-03-31,1
93,2026-04-30,1
93,2026-05-31,1
93,2026-06-30,1
93,2026-07-31,1
94,2024-03-31,1
94,2024-04-30,1
94,2024-05-31,1
94,2024-06-30,1
94,2024-07-31,1
94,2024-08-31,1
94,2024-09-30,1
94,2024-10-31,1
94,2024-11-30,1
94,2024-12-31,1
94,2025-01-31,1
94,2025-02-28,1
94,2025-03-31,1
94,2025-04-30,1
94,2025-05-31,1
94,2025-06-30,1
94,2025-07-31,1
94,2025-08-31,1
94,2025-09-30,1
94,2025-10-31,1
94,2025-11-30,1
94,2025-12-31,1
94,2026-01-31,1
94,2026-02-28,1
94,2026-03-31,1
94,2026-04-30,1
94,2026-05-31,1
94,2026-06-30,1
94,2026-07-31,1
95,2024-07-31,1
95,2024-08-31,1
95,2024-09-30,1
95,2024-10-31,1
95,2024-11-30,1
95,2024-12-31,1
95,2025-01-31,1
95,2025-02-28,1
95,2025-03-31,1
95,2025-04-30,1
95,2025-05-31,1
95,2025-06-30,1
95,2025-07-31,1
95,2025-08-31,1
95,2025-09-30,1
95,2025-10-31,1
95,2025-11-30,1
95,2025-12-31,1
95,2026-01-31,1
95,2026-02-28,1
95,2026-03-31,1
95,2026-04-30,1
95,2026-05-31,1
95,2026-06-30,1
95,2026-07-31,1
96,2026-05-31,1
96,2026-06-30,1
96,2026-07-31,1
97,2026-01-31,1
97,2026-02-28,1
97,2026-03-31,1
97,2026-04-30,1
97,2026-05-31,1
97,2026-06-30,1
97,2026-07-31,1
98,2024-11-30,1
98,2024-12-31,1
98,2025-01-31,1
98,2025-02-28,1
98,2025-03-31,1
98,2025-04-30,1
98,2025-05-31,1
98,2025-06-30,1
98,2025-07-31,1
98,2025-08-31,1
98,2025-09-30,1
98,2025-10-31,1
98,2025-11-30,1
98,2025-12-31,1
98,2026-01-31,1
98,2026-02-28,1
98,2026-03-31,1
98,2026-04-30,1
98,2026-05-31,1
98,2026-06-30,1
98,2026-07-31,1
99,2025-04-30,1
99,2025-05-31,1
99,2025-06-30,1
99,2025-07-31,1
99,2025-08-31,1
99,2025-09-30,1
99,2025-10-31,1
99,2025-11-30,1
99,2025-12-31,1
99,2026-01-31,1
99,2026-02-28,1
99,2026-03-31,1
99,2026-04-30,1
99,2026-05-31,1
99,2026-06-30,1
99,2026-07-31,1
100,2025-04-30,1
100,2025-05-31,1
100,2025-06-30,1
100,2025-07-31,1
100,2025-08-31,1
100,2025-09-30,1
100,2025-10-31,1
100,2025-11-30,1
100,2025-12-31,1
100,2026-01-31,1
100,2026-02-28,1
100,2026-03-31,1
100,2026-04-30,1
100,2026-05-31,1
100,2026-06-30,1
100,2026-07-31,1
101,2024-05-31,1
101,2024-06-30,1
101,2024-07-31,1
101,2024-08-31,1
101,2024-09-30,1
101,2024-10-31,1
101,2024-11-30,1
101,2024-12-31,1
101,2025-01-31,1
101,2025-02-28,1
101,2025-03-31,1
101,2025-04-30,1
101,2025-05-31,1
101,2025-06-30,1
101,2025-07-31,1
101,2025-08-31,1
101,2025-09-30,1
101,2025-10-31,1
101,2025-11-30,1
101,2025-12-31,1
101,2026-01-31,1
101,2026-02-28,1
101,2026-03-31,1
101,2026-04-30,1
101,2026-05-31,1
101,2026-06-30,1
101,2026-07-31,1
102,2024-11-30,1
102,2024-12-31,1
102,2025-01-31,1
102,2025-02-28,1
102,2025-03-31,1
102,2025-04-30,1
102,2025-05-31,1
102,2025-06-30,1
102,2025-07-31,1
102,2025-08-31,1
102,2025-09-30,0
102,2025-10-31,0
102,2025-11-30,0
102,2025-12-31,0
102,2026-01-31,0
102,2026-02-28,0
102,2026-03-31,0
102,2026-04-30,0
102,2026-05-31,0
102,2026-06-30,0
102,2026-07-31,0
103,2024-10-31,1
103,2024-11-30,1
103,2024-12-31,1
103,2025-01-31,1
103,2025-02-28,1
103,2025-03-31,1
103,2025-04-30,1
103,2025-05-31,1
103,2025-06-30,1
103,2025-07-31,1
103,2025-08-31,1
103,2025-09-30,1
103,2025-10-31,1
103,2025-11-30,1
103,2025-12-31,1
103,2026-01-31,1
103,2026-02-28,1
103,2026-03-31,1
103,2026-04-30,0
103,2026-05-31,0
103,2026-06-30,0
103,2026-07-31,0
104,2024-07-31,1
104,2024-08-31,1
104,2024-09-30,1
104,2024-10-31,1
104,2024-11-30,1
104,2024-12-31,1
104,2025-01-31,1
104,2025-02-28,1
104,2025-03-31,1
104,2025-04-30,1
104,2025-05-31,1
104,2025-06-30,1
104,2025-07-31,1
104,2025-08-31,1
104,2025-09-30,1
104,2025-10-31,1
104,2025-11-30,1
104,2025-12-31,1
104,2026-01-31,1
104,2026-02-28,1
104,2026-03-31,1
104,2026-04-30,1
104,2026-05-31,1
104,2026-06-30,1
104,2026-07-31,1
105,2026-02-28,1
105,2026-03-31,1
105,2026-04-30,1
105,2026-05-31,1
105,2026-06-30,1
105,2026-07-31,1
106,2024-08-31,1
106,2024-09-30,1
106,2024-10-31,1
106,2024-11-30,1
106,2024-12-31,1
106,2025-01-31,1
106,2025-02-28,1
106,2025-03-31,1
106,2025-04-30,1
106,2025-05-31,1
106,2025-06-30,1
106,2025-07-31,1
106,2025-08-31,1
106,2025-09-30,1
106,2025-10-31,1
106,2025-11-30,1
106,2025-12-31,1
106,2026-01-31,1
106,2026-02-28,1
106,2026-03-31,1
106,2026-04-30,1
106,2026-05-31,1
106,2026-06-30,1
106,2026-07-31,1
107,2026-03-31,1
107,2026-04-30,1
107,2026-05-31,1
107,2026-06-30,1
107,2026-07-31,1
108,2025-12-31,1
108,2026-01-31,0
108,2026-02-28,0
108,2026-03-31,0
108,2026-04-30,0
108,2026-05-31,0
108,2026-06-30,0
108,2026-07-31,0
109,2025-05-31,1
109,2025-06-30,1
109,2025-07-31,1
109,2025-08-31,1
109,2025-09-30,1
109,2025-10-31,1
109,2025-11-30,1
109,2025-12-31,1
109,2026-01-31,1
109,2026-02-28,1
109,2026-03-31,1
109,2026-04-30,1
109,2026-05-31,1
109,2026-06-30,1
109,2026-07-31,1
110,2024-11-30,1
110,2024-12-31,1
110,2025-01-31,1
110,2025-02-28,1
110,2025-03-31,1
110,2025-04-30,1
110,2025-05-31,1
110,2025-06-30,1
110,2025-07-31,1
110,2025-08-31,1
110,2025-09-30,1
110,2025-10-31,1
110,2025-11-30,1
110,2025-12-31,1
110,2026-01-31,1
110,2026-02-28,1
110,2026-03-31,1
110,2026-04-30,1
110,2026-05-31,1
110,2026-06-30,1
110,2026-07-31,1
111,2024-11-30,1
111,2024-12-31,1
111,2025-01-31,1
111,2025-02-28,1
111,2025-03-31,1
111,2025-04-30,1
111,2025-05-31,1
111,2025-06-30,0
111,2025-07-31,0
111,2025-08-31,0
111,2025-09-30,0
111,2025-10-31,0
111,2025-11-30,0
111,2025-12-31,0
111,2026-01-31,0
111,2026-02-28,0
111,2026-03-31,0
111,2026-04-30,0
111,2026-05-31,0
111,2026-06-30,0
111,2026-07-31,0
112,2026-05-31,1
112,2026-06-30,0
112,2026-07-31,0
113,2025-09-30,1
113,2025-10-31,1
113,2025-11-30,1
113,2025-12-31,1
113,2026-01-31,1
113,2026-02-28,1
113,2026-03-31,1
113,2026-04-30,1
113,2026-05-31,1
113,2026-06-30,0
113,2026-07-31,0
114,2024-06-30,1
114,2024-07-31,1
114,2024-08-31,1
114,2024-09-30,1
114,2024-10-31,1
114,2024-11-30,1
114,2024-12-31,1
114,2025-01-31,1
114,2025-02-28,1
114,2025-03-31,1
114,2025-04-30,1
114,2025-05-31,1
114,2025-06-30,1
114,2025-07-31,1
114,2025-08-31,1
114,2025-09-30,1
114,2025-10-31,1
114,2025-11-30,1
114,2025-12-31,1
114,2026-01-31,1
114,2026-02-28,1
114,2026-03-31,1
114,2026-04-30,1
114,2026-05-31,1
114,2026-06-30,1
114,2026-07-31,1
115,2024-07-31,1
115,2024-08-31,1
115,2024-09-30,1
115,2024-10-31,1
115,2024-11-30,1
115,2024-12-31,1
115,2025-01-31,1
115,2025-02-28,1
115,2025-03-31,1
115,2025-04-30,1
115,2025-05-31,1
115,2025-06-30,1
115,2025-07-31,1
115,2025-08-31,1
115,2025-09-30,1
115,2025-10-31,1
115,2025-11-30,1
115,2025-12-31,1
115,2026-01-31,1
115,2026-02-28,1
115,2026-03-31,1
115,2026-04-30,1
115,2026-05-31,1
115,2026-06-30,1
115,2026-07-31,1
116,2024-07-31,1
116,2024-08-31,1
116,2024-09-30,1
116,2024-10-31,1
116,2024-11-30,1
116,2024-12-31,1
116,2025-01-31,1
116,2025-02-28,1
116,2025-03-31,1
116,2025-04-30,1
116,2025-05-31,1
116,2025-06-30,1
116,2025-07-31,1
116,2025-08-31,1
116,2025-09-30,1
116,2025-10-31,1
116,2025-11-30,1
116,2025-12-31,1
116,2026-01-31,1
116,2026-02-28,1
116,2026-03-31,1
116,2026-04-30,1
116,2026-05-31,1
116,2026-06-30,1
116,2026-07-31,1
117,2024-06-30,1
117,2024-07-31,1
117,2024-08-31,1
117,2024-09-30,1
117,2024-10-31,1
117,2024-11-30,1
117,2024-12-31,1
117,2025-01-31,1
117,2025-02-28,1
117,2025-03-31,1
117,2025-04-30,1
117,2025-05-31,1
117,2025-06-30,1
117,2025-07-31,1
117,2025-08-31,1
117,2025-09-30,1
117,2025-10-31,1
117,2025-11-30,1
117,2025-12-31,1
117,2026-01-31,1
117,2026-02-28,1
117,2026-03-31,1
117,2026-04-30,1
117,2026-05-31,1
117,2026-06-30,1
117,2026-07-31,1
118,2025-03-31,1
118,2025-04-30,1
118,2025-05-31,1
118,2025-06-30,1
118,2025-07-31,1
118,2025-08-31,1
118,2025-09-30,1
118,2025-10-31,1
118,2025-11-30,1
118,2025-12-31,1
118,2026-01-31,1
118,2026-02-28,1
118,2026-03-31,1
118,2026-04-30,1
118,2026-05-31,1
118,2026-06-30,1
118,2026-07-31,1
119,2026-02-28,1
119,2026-03-31,1
119,2026-04-30,1
119,2026-05-31,1
119,2026-06-30,1
119,2026-07-31,1
120,2024-01-31,1
120,2024-02-29,1
120,2024-03-31,1
120,2024-04-30,1
120,2024-05-31,1
120,2024-06-30,1
120,2024-07-31,1
120,2024-08-31,1
120,2024-09-30,1
120,2024-10-31,1
120,2024-11-30,1
120,2024-12-31,1
120,2025-01-31,1
120,2025-02-28,1
120,2025-03-31,1
120,2025-04-30,1
120,2025-05-31,1
120,2025-06-30,1
120,2025-07-31,1
120,2025-08-31,1
120,2025-09-30,1
120,2025-10-31,1
120,2025-11-30,1
120,2025-12-31,1
120,2026-01-31,1
120,2026-02-28,1
120,2026-03-31,1
120,2026-04-30,1
120,2026-05-31,1
120,2026-06-30,1
120,2026-07-31,1
121,2025-09-30,1
121,2025-10-31,1
121,2025-11-30,0
121,2025-12-31,0
121,2026-01-31,0
121,2026-02-28,0
121,2026-03-31,0
121,2026-04-30,0
121,2026-05-31,0
121,2026-06-30,0
121,2026-07-31,0
122,2024-07-31,1
122,2024-08-31,1
122,2024-09-30,1
122,2024-10-31,1
122,2024-11-30,1
122,2024-12-31,1
122,2025-01-31,1
122,2025-02-28,1
122,2025-03-31,1
122,2025-04-30,1
122,2025-05-31,1
122,2025-06-30,1
122,2025-07-31,1
122,2025-08-31,1
122,2025-09-30,1
122,2025-10-31,1
122,2025-11-30,1
122,2025-12-31,1
122,2026-01-31,1
122,2026-02-28,1
122,2026-03-31,1
122,2026-04-30,1
122,2026-05-31,1
122,2026-06-30,1
122,2026-07-31,1
123,2024-11-30,1
123,2024-12-31,1
123,2025-01-31,1
123,2025-02-28,1
123,2025-03-31,1
123,2025-04-30,1
123,2025-05-31,1
123,2025-06-30,1
123,2025-07-31,1
123,2025-08-31,1
123,2025-09-30,1
123,2025-10-31,1
123,2025-11-30,1
123,2025-12-31,1
123,2026-01-31,1
123,2026-02-28,1
123,2026-03-31,1
123,2026-04-30,1
123,2026-05-31,1
123,2026-06-30,1
123,2026-07-31,1
124,2026-02-28,1
124,2026-03-31,1
124,2026-04-30,1
124,2026-05-31,1
124,2026-06-30,1
124,2026-07-31,1
125,2024-08-31,1
125,2024-09-30,1
125,2024-10-31,1
125,2024-11-30,1
125,2024-12-31,1
125,2025-01-31,1
125,2025-02-28,1
125,2025-03-31,1
125,2025-04-30,1
125,2025-05-31,1
125,2025-06-30,1
125,2025-07-31,1
125,2025-08-31,1
125,2025-09-30,1
125,2025-10-31,1
125,2025-11-30,1
125,2025-12-31,1
125,2026-01-31,1
125,2026-02-28,1
125,2026-03-31,1
125,2026-04-30,1
125,2026-05-31,1
125,2026-06-30,1
125,2026-07-31,1
126,2024-07-31,1
126,2024-08-31,1
126,2024-09-30,1
126,2024-10-31,1
126,2024-11-30,1
126,2024-12-31,1
126,2025-01-31,1
126,2025-02-28,1
126,2025-03-31,1
126,2025-04-30,1
126,2025-05-31,1
126,2025-06-30,1
126,2025-07-31,1
126,2025-08-31,1
126,2025-09-30,1
126,2025-10-31,1
126,2025-11-30,1
126,2025-12-31,1
126,2026-01-31,1
126,2026-02-28,1
126,2026-03-31,1
126,2026-04-30,1
126,2026-05-31,1
126,2026-06-30,1
126,2026-07-31,1
127,2026-03-31,1
127,2026-04-30,1
127,2026-05-31,1
127,2026-06-30,0
127,2026-07-31,0
128,2024-11-30,1
128,2024-12-31,1
128,2025-01-31,1
128,2025-02-28,1
128,2025-03-31,1
128,2025-04-30,1
128,2025-05-31,1
128,2025-06-30,1
128,2025-07-31,1
128,2025-08-31,1
128,2025-09-30,1
128,2025-10-31,1
128,2025-11-30,1
128,2025-12-31,1
128,2026-01-31,1
128,2026-02-28,1
128,2026-03-31,1
128,2026-04-30,1
128,2026-05-31,1
128,2026-06-30,1
128,2026-07-31,1
129,2026-04-30,1
129,2026-05-31,1
129,2026-06-30,1
129,2026-07-31,1
130,2025-07-31,1
130,2025-08-31,1
130,2025-09-30,1
130,2025-10-31,0
130,2025-11-30,0
130,2025-12-31,0
130,2026-01-31,0
130,2026-02-28,0
130,2026-03-31,0
130,2026-04-30,0
130,2026-05-31,0
130,2026-06-30,0
130,2026-07-31,0
131,2025-04-30,1
131,2025-05-31,1
131,2025-06-30,1
131,2025-07-31,1
131,2025-08-31,1
131,2025-09-30,1
131,2025-10-31,1
131,2025-11-30,1
131,2025-12-31,1
131,2026-01-31,1
131,2026-02-28,1
131,2026-03-31,1
131,2026-04-30,1
131,2026-05-31,1
131,2026-06-30,1
131,2026-07-31,1
132,2025-04-30,1
132,2025-05-31,1
132,2025-06-30,1
132,2025-07-31,1
132,2025-08-31,1
132,2025-09-30,1
132,2025-10-31,1
132,2025-11-30,1
132,2025-12-31,1
132,2026-01-31,1
132,2026-02-28,1
132,2026-03-31,1
132,2026-04-30,1
132,2026-05-31,1
132,2026-06-30,1
132,2026-07-31,1
133,2025-07-31,1
133,2025-08-31,1
133,2025-09-30,1
133,2025-10-31,1
133,2025-11-30,1
133,2025-12-31,1
133,2026-01-31,1
133,2026-02-28,1
133,2026-03-31,1
133,2026-04-30,1
133,2026-05-31,1
133,2026-06-30,1
133,2026-07-31,1
134,2024-07-31,1
134,2024-08-31,1
134,2024-09-30,1
134,2024-10-31,1
134,2024-11-30,1
134,2024-12-31,1
134,2025-01-31,1
134,2025-02-28,1
134,2025-03-31,1
134,2025-04-30,1
134,2025-05-31,1
134,2025-06-30,1
134,2025-07-31,1
134,2025-08-31,1
134,2025-09-30,1
134,2025-10-31,1
134,2025-11-30,1
134,2025-12-31,1
134,2026-01-31,1
134,2026-02-28,1
134,2026-03-31,1
134,2026-04-30,1
134,2026-05-31,1
134,2026-06-30,1
134,2026-07-31,1
135,2025-09-30,1
135,2025-10-31,1
135,2025-11-30,1
135,2025-12-31,1
135,2026-01-31,1
135,2026-02-28,1
135,2026-03-31,1
135,2026-04-30,1
135,2026-05-31,1
135,2026-06-30,1
135,2026-07-31,1
136,2024-02-29,1
136,2024-03-31,1
136,2024-04-30,1
136,2024-05-31,1
136,2024-06-30,1
136,2024-07-31,1
136,2024-08-31,1
136,2024-09-30,1
136,2024-10-31,1
136,2024-11-30,1
136,2024-12-31,1
136,2025-01-31,1
136,2025-02-28,1
136,2025-03-31,1
136,2025-04-30,1
136,2025-05-31,1
136,2025-06-30,1
136,2025-07-31,1
136,2025-08-31,1
136,2025-09-30,1
136,2025-10-31,1
136,2025-11-30,1
136,2025-12-31,1
136,2026-01-31,1
136,2026-02-28,1
136,2026-03-31,1
136,2026-04-30,1
136,2026-05-31,1
136,2026-06-30,1
136,2026-07-31,1
137,2026-03-31,1
137,2026-04-30,1
137,2026-05-31,1
137,2026-06-30,1
137,2026-07-31,1
138,2025-05-31,1
138,2025-06-30,1
138,2025-07-31,1
138,2025-08-31,1
138,2025-09-30,1
138,2025-10-31,1
138,2025-11-30,1
138,2025-12-31,1
138,2026-01-31,1
138,2026-02-28,1
138,2026-03-31,1
138,2026-04-30,1
138,2026-05-31,1
138,2026-06-30,1
138,2026-07-31,1
139,2024-07-31,1
139,2024-08-31,1
139,2024-09-30,1
139,2024-10-31,1
139,2024-11-30,1
139,2024-12-31,1
139,2025-01-31,1
139,2025-02-28,1
139,2025-03-31,1
139,2025-04-30,1
139,2025-05-31,1
139,2025-06-30,1
139,2025-07-31,1
139,2025-08-31,1
139,2025-09-30,1
139,2025-10-31,1
139,2025-11-30,1
139,2025-12-31,1
139,2026-01-31,1
139,2026-02-28,1
139,2026-03-31,1
139,2026-04-30,1
139,2026-05-31,1
139,2026-06-30,1
139,2026-07-31,1
140,2025-02-28,1
140,2025-03-31,1
140,2025-04-30,1
140,2025-05-31,1
140,2025-06-30,1
140,2025-07-31,1
140,2025-08-31,1
140,2025-09-30,1
140,2025-10-31,1
140,2025-11-30,1
140,2025-12-31,1
140,2026-01-31,1
140,2026-02-28,1
140,2026-03-31,1
140,2026-04-30,1
140,2026-05-31,1
140,2026-06-30,1
140,2026-07-31,0
141,2026-06-30,1
141,2026-07-31,1
142,2025-07-31,1
142,2025-08-31,1
142,2025-09-30,1
142,2025-10-31,1
142,2025-11-30,1
142,2025-12-31,1
142,2026-01-31,1
142,2026-02-28,1
142,2026-03-31,1
142,2026-04-30,1
142,2026-05-31,1
142,2026-06-30,1
142,2026-07-31,1
143,2024-09-30,1
143,2024-10-31,1
143,2024-11-30,1
143,2024-12-31,1
143,2025-01-31,1
143,2025-02-28,1
143,2025-03-31,1
143,2025-04-30,1
143,2025-05-31,1
143,2025-06-30,1
143,2025-07-31,1
143,2025-08-31,1
143,2025-09-30,0
143,2025-10-31,0
143,2025-11-30,0
143,2025-12-31,0
143,2026-01-31,0
143,2026-02-28,0
143,2026-03-31,0
143,2026-04-30,0
143,2026-05-31,0
143,2026-06-30,0
143,2026-07-31,0
144,2025-05-31,1
144,2025-06-30,1
144,2025-07-31,1
144,2025-08-31,1
144,2025-09-30,1
144,2025-10-31,1
144,2025-11-30,1
144,2025-12-31,1
144,2026-01-31,1
144,2026-02-28,1
144,2026-03-31,1
144,2026-04-30,1
144,2026-05-31,1
144,2026-06-30,1
144,2026-07-31,1
145,2024-02-29,1
145,2024-03-31,1
145,2024-04-30,1
145,2024-05-31,1
145,2024-06-30,1
145,2024-07-31,1
145,2024-08-31,1
145,2024-09-30,1
145,2024-10-31,1
145,2024-11-30,1
145,2024-12-31,1
145,2025-01-31,1
145,2025-02-28,1
145,2025-03-31,1
145,2025-04-30,1
145,2025-05-31,1
145,2025-06-30,1
145,2025-07-31,1
145,2025-08-31,1
145,2025-09-30,1
145,2025-10-31,1
145,2025-11-30,1
145,2025-12-31,1
145,2026-01-31,1
145,2026-02-28,1
145,2026-03-31,1
145,2026-04-30,1
145,2026-05-31,1
145,2026-06-30,1
145,2026-07-31,1
146,2025-12-31,1
146,2026-01-31,1
146,2026-02-28,1
146,2026-03-31,1
146,2026-04-30,1
146,2026-05-31,1
146,2026-06-30,1
146,2026-07-31,0
147,2026-04-30,1
147,2026-05-31,1
147,2026-06-30,0
147,2026-07-31,0
148,2025-05-31,1
148,2025-06-30,1
148,2025-07-31,1
148,2025-08-31,1
148,2025-09-30,1
148,2025-10-31,1
148,2025-11-30,1
148,2025-12-31,1
148,2026-01-31,1
148,2026-02-28,1
148,2026-03-31,1
148,2026-04-30,1
148,2026-05-31,1
148,2026-06-30,1
148,2026-07-31,1
149,2024-05-31,1
149,2024-06-30,1
149,2024-07-31,1
149,2024-08-31,1
149,2024-09-30,1
149,2024-10-31,1
149,2024-11-30,1
149,2024-12-31,1
149,2025-01-31,1
149,2025-02-28,1
149,2025-03-31,1
149,2025-04-30,1
149,2025-05-31,1
149,2025-06-30,1
149,2025-07-31,1
149,2025-08-31,1
149,2025-09-30,1
149,2025-10-31,1
149,2025-11-30,1
149,2025-12-31,1
149,2026-01-31,1
149,2026-02-28,1
149,2026-03-31,1
149,2026-04-30,1
149,2026-05-31,1
149,2026-06-30,1
149,2026-07-31,1
150,2024-06-30,1
150,2024-07-31,1
150,2024-08-31,1
150,2024-09-30,1
150,2024-10-31,1
150,2024-11-30,1
150,2024-12-31,1
150,2025-01-31,1
150,2025-02-28,1
150,2025-03-31,1
150,2025-04-30,1
150,2025-05-31,1
150,2025-06-30,1
150,2025-07-31,1
150,2025-08-31,1
150,2025-09-30,1
150,2025-10-31,1
150,2025-11-30,1
150,2025-12-31,1
150,2026-01-31,0
150,2026-02-28,0
150,2026-03-31,0
150,2026-04-30,0
150,2026-05-31,0
150,2026-06-30,0
150,2026-07-31,0
151,2025-02-28,1
151,2025-03-31,1
151,2025-04-30,1
151,2025-05-31,1
151,2025-06-30,1
151,2025-07-31,1
151,2025-08-31,1
151,2025-09-30,1
151,2025-10-31,1
151,2025-11-30,1
151,2025-12-31,1
151,2026-01-31,1
151,2026-02-28,0
151,2026-03-31,0
151,2026-04-30,0
151,2026-05-31,0
151,2026-06-30,0
151,2026-07-31,0
152,2024-09-30,1
152,2024-10-31,1
152,2024-11-30,1
152,2024-12-31,1
152,2025-01-31,1
152,2025-02-28,1
152,2025-03-31,1
152,2025-04-30,1
152,2025-05-31,1
152,2025-06-30,1
152,2025-07-31,1
152,2025-08-31,1
152,2025-09-30,1
152,2025-10-31,1
152,2025-11-30,1
152,2025-12-31,1
152,2026-01-31,1
152,2026-02-28,1
152,2026-03-31,1
152,2026-04-30,1
152,2026-05-31,1
152,2026-06-30,1
152,2026-07-31,1
153,2025-12-31,1
153,2026-01-31,1
153,2026-02-28,1
153,2026-03-31,1
153,2026-04-30,1
153,2026-05-31,1
153,2026-06-30,1
153,2026-07-31,1
154,2025-01-31,1
154,2025-02-28,1
154,2025-03-31,1
154,2025-04-30,1
154,2025-05-31,1
154,2025-06-30,0
154,2025-07-31,0
154,2025-08-31,0
154,2025-09-30,0
154,2025-10-31,0
154,2025-11-30,0
154,2025-12-31,0
154,2026-01-31,0
154,2026-02-28,0
154,2026-03-31,0
154,2026-04-30,0
154,2026-05-31,0
154,2026-06-30,0
154,2026-07-31,0
155,2024-04-30,1
155,2024-05-31,1
155,2024-06-30,1
155,2024-07-31,1
155,2024-08-31,1
155,2024-09-30,1
155,2024-10-31,1
155,2024-11-30,1
155,2024-12-31,1
155,2025-01-31,1
155,2025-02-28,1
155,2025-03-31,1
155,2025-04-30,1
155,2025-05-31,1
155,2025-06-30,1
155,2025-07-31,1
155,2025-08-31,1
155,2025-09-30,1
155,2025-10-31,1
155,2025-11-30,1
155,2025-12-31,1
155,2026-01-31,1
155,2026-02-28,1
155,2026-03-31,1
155,2026-04-30,1
155,2026-05-31,1
155,2026-06-30,1
155,2026-07-31,1
156,2025-09-30,1
156,2025-10-31,1
156,2025-11-30,1
156,2025-12-31,1
156,2026-01-31,1
156,2026-02-28,1
156,2026-03-31,0
156,2026-04-30,0
156,2026-05-31,0
156,2026-06-30,0
156,2026-07-31,0
157,2026-02-28,1
157,2026-03-31,1
157,2026-04-30,1
157,2026-05-31,1
157,2026-06-30,1
157,2026-07-31,1
158,2024-01-31,1
158,2024-02-29,1
158,2024-03-31,1
158,2024-04-30,1
158,2024-05-31,1
158,2024-06-30,1
158,2024-07-31,1
158,2024-08-31,1
158,2024-09-30,1
158,2024-10-31,1
158,2024-11-30,1
158,2024-12-31,1
158,2025-01-31,1
158,2025-02-28,1
158,2025-03-31,1
158,2025-04-30,1
158,2025-05-31,1
158,2025-06-30,1
158,2025-07-31,1
158,2025-08-31,1
158,2025-09-30,1
158,2025-10-31,1
158,2025-11-30,1
158,2025-12-31,1
158,2026-01-31,1
158,2026-02-28,1
158,2026-03-31,1
158,2026-04-30,1
158,2026-05-31,1
158,2026-06-30,1
158,2026-07-31,1
159,2026-04-30,1
159,2026-05-31,1
159,2026-06-30,1
159,2026-07-31,1
160,2024-05-31,1
160,2024-06-30,1
160,2024-07-31,1
160,2024-08-31,1
160,2024-09-30,1
160,2024-10-31,1
160,2024-11-30,1
160,2024-12-31,1
160,2025-01-31,1
160,2025-02-28,1
160,2025-03-31,1
160,2025-04-30,1
160,2025-05-31,1
160,2025-06-30,1
160,2025-07-31,1
160,2025-08-31,1
160,2025-09-30,1
160,2025-10-31,1
160,2025-11-30,1
160,2025-12-31,1
160,2026-01-31,1
160,2026-02-28,1
160,2026-03-31,1
160,2026-04-30,1
160,2026-05-31,1
160,2026-06-30,1
160,2026-07-31,1
161,2024-07-31,1
161,2024-08-31,1
161,2024-09-30,1
161,2024-10-31,1
161,2024-11-30,1
161,2024-12-31,1
161,2025-01-31,1
161,2025-02-28,1
161,2025-03-31,1
161,2025-04-30,1
161,2025-05-31,1
161,2025-06-30,1
161,2025-07-31,1
161,2025-08-31,1
161,2025-09-30,1
161,2025-10-31,1
161,2025-11-30,1
161,2025-12-31,1
161,2026-01-31,1
161,2026-02-28,1
161,2026-03-31,1
161,2026-04-30,1
161,2026-05-31,1
161,2026-06-30,1
161,2026-07-31,1
162,2025-02-28,1
162,2025-03-31,1
162,2025-04-30,1
162,2025-05-31,1
162,2025-06-30,1
162,2025-07-31,1
162,2025-08-31,1
162,2025-09-30,1
162,2025-10-31,1
162,2025-11-30,1
162,2025-12-31,1
162,2026-01-31,1
162,2026-02-28,1
162,2026-03-31,1
162,2026-04-30,1
162,2026-05-31,1
162,2026-06-30,1
162,2026-07-31,1
163,2025-12-31,1
163,2026-01-31,1
163,2026-02-28,1
163,2026-03-31,1
163,2026-04-30,1
163,2026-05-31,1
163,2026-06-30,1
163,2026-07-31,1
164,2024-07-31,1
164,2024-08-31,1
164,2024-09-30,1
164,2024-10-31,1
164,2024-11-30,1
164,2024-12-31,1
164,2025-01-31,1
164,2025-02-28,1
164,2025-03-31,1
164,2025-04-30,1
164,2025-05-31,1
164,2025-06-30,1
164,2025-07-31,1
164,2025-08-31,1
164,2025-09-30,1
164,2025-10-31,1
164,2025-11-30,1
164,2025-12-31,1
164,2026-01-31,1
164,2026-02-28,1
164,2026-03-31,1
164,2026-04-30,1
164,2026-05-31,1
164,2026-06-30,1
164,2026-07-31,1
165,2024-12-31,1
165,2025-01-31,1
165,2025-02-28,1
165,2025-03-31,1
165,2025-04-30,1
165,2025-05-31,1
165,2025-06-30,1
165,2025-07-31,1
165,2025-08-31,1
165,2025-09-30,1
165,2025-10-31,1
165,2025-11-30,1
165,2025-12-31,1
165,2026-01-31,1
165,2026-02-28,1
165,2026-03-31,1
165,2026-04-30,1
165,2026-05-31,1
165,2026-06-30,1
165,2026-07-31,1
166,2025-05-31,1
166,2025-06-30,1
166,2025-07-31,1
166,2025-08-31,1
166,2025-09-30,1
166,2025-10-31,1
166,2025-11-30,0
166,2025-12-31,0
166,2026-01-31,0
166,2026-02-28,0
166,2026-03-31,0
166,2026-04-30,0
166,2026-05-31,0
166,2026-06-30,0
166,2026-07-31,0
167,2025-08-31,1
167,2025-09-30,1
167,2025-10-31,1
167,2025-11-30,1
167,2025-12-31,1
167,2026-01-31,1
167,2026-02-28,1
167,2026-03-31,1
167,2026-04-30,1
167,2026-05-31,1
167,2026-06-30,1
167,2026-07-31,1
168,2024-10-31,1
168,2024-11-30,1
168,2024-12-31,1
168,2025-01-31,1
168,2025-02-28,1
168,2025-03-31,1
168,2025-04-30,1
168,2025-05-31,1
168,2025-06-30,1
168,2025-07-31,1
168,2025-08-31,1
168,2025-09-30,1
168,2025-10-31,1
168,2025-11-30,1
168,2025-12-31,1
168,2026-01-31,1
168,2026-02-28,1
168,2026-03-31,1
168,2026-04-30,1
168,2026-05-31,1
168,2026-06-30,1
168,2026-07-31,1
169,2025-09-30,1
169,2025-10-31,1
169,2025-11-30,1
169,2025-12-31,0
169,2026-01-31,0
169,2026-02-28,0
169,2026-03-31,0
169,2026-04-30,0
169,2026-05-31,0
169,2026-06-30,0
169,2026-07-31,0
170,2026-03-31,1
170,2026-04-30,1
170,2026-05-31,1
170,2026-06-30,1
170,2026-07-31,1
171,2024-10-31,1
171,2024-11-30,1
171,2024-12-31,1
171,2025-01-31,1
171,2025-02-28,1
171,2025-03-31,1
171,2025-04-30,1
171,2025-05-31,1
171,2025-06-30,1
171,2025-07-31,1
171,2025-08-31,1
171,2025-09-30,1
171,2025-10-31,1
171,2025-11-30,1
171,2025-12-31,1
171,2026-01-31,1
171,2026-02-28,1
171,2026-03-31,1
171,2026-04-30,1
171,2026-05-31,1
171,2026-06-30,1
171,2026-07-31,1
172,2024-11-30,1
172,2024-12-31,1
172,2025-01-31,1
172,2025-02-28,1
172,2025-03-31,1
172,2025-04-30,1
172,2025-05-31,1
172,2025-06-30,1
172,2025-07-31,1
172,2025-08-31,1
172,2025-09-30,1
172,2025-10-31,1
172,2025-11-30,1
172,2025-12-31,1
172,2026-01-31,1
172,2026-02-28,0
172,2026-03-31,0
172,2026-04-30,0
172,2026-05-31,0
172,2026-06-30,0
172,2026-07-31,0
173,2024-02-29,1
173,2024-03-31,1
173,2024-04-30,1
173,2024-05-31,1
173,2024-06-30,1
173,2024-07-31,1
173,2024-08-31,1
173,2024-09-30,1
173,2024-10-31,1
173,2024-11-30,1
173,2024-12-31,1
173,2025-01-31,1
173,2025-02-28,1
173,2025-03-31,1
173,2025-04-30,1
173,2025-05-31,1
173,2025-06-30,1
173,2025-07-31,1
173,2025-08-31,1
173,2025-09-30,1
173,2025-10-31,1
173,2025-11-30,1
173,2025-12-31,1
173,2026-01-31,1
173,2026-02-28,1
173,2026-03-31,1
173,2026-04-30,1
173,2026-05-31,1
173,2026-06-30,1
173,2026-07-31,1
174,2025-10-31,1
174,2025-11-30,1
174,2025-12-31,1
174,2026-01-31,1
174,2026-02-28,1
174,2026-03-31,1
174,2026-04-30,1
174,2026-05-31,1
174,2026-06-30,1
174,2026-07-31,1
175,2024-02-29,1
175,2024-03-31,1
175,2024-04-30,1
175,2024-05-31,1
175,2024-06-30,1
175,2024-07-31,1
175,2024-08-31,1
175,2024-09-30,1
175,2024-10-31,1
175,2024-11-30,1
175,2024-12-31,1
175,2025-01-31,1
175,2025-02-28,1
175,2025-03-31,1
175,2025-04-30,1
175,2025-05-31,1
175,2025-06-30,1
175,2025-07-31,1
175,2025-08-31,1
175,2025-09-30,1
175,2025-10-31,1
175,2025-11-30,1
175,2025-12-31,1
175,2026-01-31,1
175,2026-02-28,1
175,2026-03-31,1
175,2026-04-30,1
175,2026-05-31,1
175,2026-06-30,1
175,2026-07-31,1
176,2024-07-31,1
176,2024-08-31,1
176,2024-09-30,1
176,2024-10-31,1
176,2024-11-30,1
176,2024-12-31,0
176,2025-01-31,0
176,2025-02-28,0
176,2025-03-31,0
176,2025-04-30,0
176,2025-05-31,0
176,2025-06-30,0
176,2025-07-31,0
176,2025-08-31,0
176,2025-09-30,0
176,2025-10-31,0
176,2025-11-30,0
176,2025-12-31,0
176,2026-01-31,0
176,2026-02-28,0
176,2026-03-31,0
176,2026-04-30,0
176,2026-05-31,0
176,2026-06-30,0
176,2026-07-31,0
177,2025-10-31,1
177,2025-11-30,1
177,2025-12-31,1
177,2026-01-31,0
177,2026-02-28,0
177,2026-03-31,0
177,2026-04-30,0
177,2026-05-31,0
177,2026-06-30,0
177,2026-07-31,0
178,2025-06-30,1
178,2025-07-31,1
178,2025-08-31,1
178,2025-09-30,1
178,2025-10-31,1
178,2025-11-30,1
178,2025-12-31,1
178,2026-01-31,1
178,2026-02-28,1
178,2026-03-31,1
178,2026-04-30,1
178,2026-05-31,1
178,2026-06-30,1
178,2026-07-31,1
179,2025-08-31,1
179,2025-09-30,1
179,2025-10-31,1
179,2025-11-30,1
179,2025-12-31,1
179,2026-01-31,1
179,2026-02-28,1
179,2026-03-31,0
179,2026-04-30,0
179,2026-05-31,0
179,2026-06-30,0
179,2026-07-31,0
180,2024-04-30,1
180,2024-05-31,1
180,2024-06-30,1
180,2024-07-31,1
180,2024-08-31,1
180,2024-09-30,1
180,2024-10-31,1
180,2024-11-30,1
180,2024-12-31,1
180,2025-01-31,1
180,2025-02-28,1
180,2025-03-31,1
180,2025-04-30,1
180,2025-05-31,1
180,2025-06-30,1
180,2025-07-31,0
180,2025-08-31,0
180,2025-09-30,0
180,2025-10-31,0
180,2025-11-30,0
180,2025-12-31,0
180,2026-01-31,0
180,2026-02-28,0
180,2026-03-31,0
180,2026-04-30,0
180,2026-05-31,0
180,2026-06-30,0
180,2026-07-31,0
181,2025-04-30,1
181,2025-05-31,1
181,2025-06-30,1
181,2025-07-31,1
181,2025-08-31,1
181,2025-09-30,1
181,2025-10-31,1
181,2025-11-30,1
181,2025-12-31,1
181,2026-01-31,1
181,2026-02-28,1
181,2026-03-31,1
181,2026-04-30,1
181,2026-05-31,1
181,2026-06-30,1
181,2026-07-31,1
182,2025-09-30,1
182,2025-10-31,1
182,2025-11-30,1
182,2025-12-31,1
182,2026-01-31,1
182,2026-02-28,1
182,2026-03-31,1
182,2026-04-30,1
182,2026-05-31,1
182,2026-06-30,1
182,2026-07-31,1
183,2026-02-28,1
183,2026-03-31,1
183,2026-04-30,1
183,2026-05-31,1
183,2026-06-30,1
183,2026-07-31,0
184,2026-03-31,1
184,2026-04-30,1
184,2026-05-31,1
184,2026-06-30,0
184,2026-07-31,0
185,2024-05-31,1
185,2024-06-30,1
185,2024-07-31,1
185,2024-08-31,1
185,2024-09-30,1
185,2024-10-31,1
185,2024-11-30,1
185,2024-12-31,1
185,2025-01-31,1
185,2025-02-28,1
185,2025-03-31,1
185,2025-04-30,1
185,2025-05-31,1
185,2025-06-30,1
185,2025-07-31,1
185,2025-08-31,1
185,2025-09-30,1
185,2025-10-31,1
185,2025-11-30,1
185,2025-12-31,1
185,2026-01-31,1
185,2026-02-28,1
185,2026-03-31,1
185,2026-04-30,1
185,2026-05-31,1
185,2026-06-30,1
185,2026-07-31,1
186,2024-11-30,1
186,2024-12-31,1
186,2025-01-31,1
186,2025-02-28,1
186,2025-03-31,1
186,2025-04-30,1
186,2025-05-31,1
186,2025-06-30,1
186,2025-07-31,1
186,2025-08-31,1
186,2025-09-30,1
186,2025-10-31,1
186,2025-11-30,1
186,2025-12-31,1
186,2026-01-31,1
186,2026-02-28,1
186,2026-03-31,0
186,2026-04-30,0
186,2026-05-31,0
186,2026-06-30,0
186,2026-07-31,0
187,2024-03-31,1
187,2024-04-30,1
187,2024-05-31,1
187,2024-06-30,1
187,2024-07-31,1
187,2024-08-31,1
187,2024-09-30,1
187,2024-10-31,1
187,2024-11-30,1
187,2024-12-31,0
187,2025-01-31,0
187,2025-02-28,0
187,2025-03-31,0
187,2025-04-30,0
187,2025-05-31,0
187,2025-06-30,0
187,2025-07-31,0
187,2025-08-31,0
187,2025-09-30,0
187,2025-10-31,0
187,2025-11-30,0
187,2025-12-31,0
187,2026-01-31,0
187,2026-02-28,0
187,2026-03-31,0
187,2026-04-30,0
187,2026-05-31,0
187,2026-06-30,0
187,2026-07-31,0
188,2025-04-30,1
188,2025-05-31,1
188,2025-06-30,1
188,2025-07-31,1
188,2025-08-31,1
188,2025-09-30,1
188,2025-10-31,1
188,2025-11-30,1
188,2025-12-31,1
188,2026-01-31,1
188,2026-02-28,1
188,2026-03-31,1
188,2026-04-30,1
188,2026-05-31,1
188,2026-06-30,1
188,2026-07-31,1
189,2024-11-30,1
189,2024-12-31,1
189,2025-01-31,1
189,2025-02-28,1
189,2025-03-31,1
189,2025-04-30,1
189,2025-05-31,1
189,2025-06-30,1
189,2025-07-31,1
189,2025-08-31,1
189,2025-09-30,1
189,2025-10-31,1
189,2025-11-30,1
189,2025-12-31,1
189,2026-01-31,1
189,2026-02-28,1
189,2026-03-31,1
189,2026-04-30,1
189,2026-05-31,1
189,2026-06-30,1
189,2026-07-31,1
190,2025-05-31,1
190,2025-06-30,1
190,2025-07-31,1
190,2025-08-31,1
190,2025-09-30,1
190,2025-10-31,1
190,2025-11-30,1
190,2025-12-31,1
190,2026-01-31,1
190,2026-02-28,1
190,2026-03-31,1
190,2026-04-30,1
190,2026-05-31,1
190,2026-06-30,1
190,2026-07-31,1
191,2026-01-31,1
191,2026-02-28,1
191,2026-03-31,1
191,2026-04-30,1
191,2026-05-31,1
191,2026-06-30,1
191,2026-07-31,0
192,2026-02-28,1
192,2026-03-31,1
192,2026-04-30,1
192,2026-05-31,0
192,2026-06-30,0
192,2026-07-31,0
193,2025-02-28,1
193,2025-03-31,1
193,2025-04-30,1
193,2025-05-31,1
193,2025-06-30,1
193,2025-07-31,1
193,2025-08-31,1
193,2025-09-30,1
193,2025-10-31,1
193,2025-11-30,1
193,2025-12-31,1
193,2026-01-31,1
193,2026-02-28,1
193,2026-03-31,1
193,2026-04-30,1
193,2026-05-31,1
193,2026-06-30,1
193,2026-07-31,1
194,2025-10-31,1
194,2025-11-30,1
194,2025-12-31,1
194,2026-01-31,1
194,2026-02-28,1
194,2026-03-31,1
194,2026-04-30,1
194,2026-05-31,1
194,2026-06-30,1
194,2026-07-31,1
195,2025-07-31,1
195,2025-08-31,1
195,2025-09-30,1
195,2025-10-31,1
195,2025-11-30,1
195,2025-12-31,1
195,2026-01-31,1
195,2026-02-28,1
195,2026-03-31,1
195,2026-04-30,1
195,2026-05-31,1
195,2026-06-30,1
195,2026-07-31,1
196,2024-12-31,1
196,2025-01-31,1
196,2025-02-28,1
196,2025-03-31,1
196,2025-04-30,1
196,2025-05-31,1
196,2025-06-30,1
196,2025-07-31,1
196,2025-08-31,1
196,2025-09-30,1
196,2025-10-31,1
196,2025-11-30,1
196,2025-12-31,1
196,2026-01-31,1
196,2026-02-28,1
196,2026-03-31,1
196,2026-04-30,1
196,2026-05-31,1
196,2026-06-30,1
196,2026-07-31,0
197,2024-12-31,1
197,2025-01-31,1
197,2025-02-28,1
197,2025-03-31,1
197,2025-04-30,1
197,2025-05-31,1
197,2025-06-30,1
197,2025-07-31,1
197,2025-08-31,1
197,2025-09-30,1
197,2025-10-31,1
197,2025-11-30,1
197,2025-12-31,1
197,2026-01-31,1
197,2026-02-28,1
197,2026-03-31,1
197,2026-04-30,1
197,2026-05-31,1
197,2026-06-30,1
197,2026-07-31,0
198,2024-07-31,1
198,2024-08-31,1
198,2024-09-30,1
198,2024-10-31,1
198,2024-11-30,1
198,2024-12-31,1
198,2025-01-31,1
198,2025-02-28,1
198,2025-03-31,1
198,2025-04-30,1
198,2025-05-31,1
198,2025-06-30,1
198,2025-07-31,1
198,2025-08-31,1
198,2025-09-30,1
198,2025-10-31,1
198,2025-11-30,1
198,2025-12-31,1
198,2026-01-31,1
198,2026-02-28,1
198,2026-03-31,1
198,2026-04-30,1
198,2026-05-31,1
198,2026-06-30,1
198,2026-07-31,1
199,2025-01-31,1
199,2025-02-28,1
199,2025-03-31,1
199,2025-04-30,1
199,2025-05-31,1
199,2025-06-30,1
199,2025-07-31,1
199,2025-08-31,1
199,2025-09-30,1
199,2025-10-31,1
199,2025-11-30,1
199,2025-12-31,1
199,2026-01-31,1
199,2026-02-28,1
199,2026-03-31,1
199,2026-04-30,1
199,2026-05-31,1
199,2026-06-30,1
199,2026-07-31,1
200,2025-06-30,1
200,2025-07-31,1
200,2025-08-31,1
200,2025-09-30,1
200,2025-10-31,1
200,2025-11-30,1
200,2025-12-31,1
200,2026-01-31,1
200,2026-02-28,1
200,2026-03-31,1
200,2026-04-30,1
200,2026-05-31,1
200,2026-06-30,1
200,2026-07-31,1
201,2024-08-31,1
201,2024-09-30,1
201,2024-10-31,1
201,2024-11-30,1
201,2024-12-31,1
201,2025-01-31,1
201,2025-02-28,1
201,2025-03-31,0
201,2025-04-30,0
201,2025-05-31,0
201,2025-06-30,0
201,2025-07-31,0
201,2025-08-31,0
201,2025-09-30,0
201,2025-10-31,0
201,2025-11-30,0
201,2025-12-31,0
201,2026-01-31,0
201,2026-02-28,0
201,2026-03-31,0
201,2026-04-30,0
201,2026-05-31,0
201,2026-06-30,0
201,2026-07-31,0
202,2026-01-31,1
202,2026-02-28,1
202,2026-03-31,1
202,2026-04-30,1
202,2026-05-31,1
202,2026-06-30,1
202,2026-07-31,1
203,2024-04-30,1
203,2024-05-31,1
203,2024-06-30,1
203,2024-07-31,1
203,2024-08-31,1
203,2024-09-30,1
203,2024-10-31,1
203,2024-11-30,1
203,2024-12-31,1
203,2025-01-31,1
203,2025-02-28,1
203,2025-03-31,1
203,2025-04-30,1
203,2025-05-31,1
203,2025-06-30,1
203,2025-07-31,1
203,2025-08-31,1
203,2025-09-30,1
203,2025-10-31,1
203,2025-11-30,1
203,2025-12-31,1
203,2026-01-31,1
203,2026-02-28,1
203,2026-03-31,1
203,2026-04-30,1
203,2026-05-31,1
203,2026-06-30,1
203,2026-07-31,1
204,2024-05-31,1
204,2024-06-30,1
204,2024-07-31,1
204,2024-08-31,1
204,2024-09-30,1
204,2024-10-31,1
204,2024-11-30,1
204,2024-12-31,1
204,2025-01-31,1
204,2025-02-28,1
204,2025-03-31,1
204,2025-04-30,1
204,2025-05-31,1
204,2025-06-30,1
204,2025-07-31,1
204,2025-08-31,1
204,2025-09-30,1
204,2025-10-31,1
204,2025-11-30,1
204,2025-12-31,1
204,2026-01-31,1
204,2026-02-28,1
204,2026-03-31,1
204,2026-04-30,1
204,2026-05-31,1
204,2026-06-30,1
204,2026-07-31,1
205,2025-07-31,1
205,2025-08-31,1
205,2025-09-30,1
205,2025-10-31,1
205,2025-11-30,1
205,2025-12-31,1
205,2026-01-31,1
205,2026-02-28,1
205,2026-03-31,1
205,2026-04-30,1
205,2026-05-31,1
205,2026-06-30,1
205,2026-07-31,1
206,2024-06-30,1
206,2024-07-31,1
206,2024-08-31,1
206,2024-09-30,1
206,2024-10-31,1
206,2024-11-30,1
206,2024-12-31,1
206,2025-01-31,1
206,2025-02-28,1
206,2025-03-31,1
206,2025-04-30,1
206,2025-05-31,1
206,2025-06-30,1
206,2025-07-31,1
206,2025-08-31,0
206,2025-09-30,0
206,2025-10-31,0
206,2025-11-30,0
206,2025-12-31,0
206,2026-01-31,0
206,2026-02-28,0
206,2026-03-31,0
206,2026-04-30,0
206,2026-05-31,0
206,2026-06-30,0
206,2026-07-31,0
207,2025-10-31,1
207,2025-11-30,1
207,2025-12-31,1
207,2026-01-31,1
207,2026-02-28,1
207,2026-03-31,1
207,2026-04-30,1
207,2026-05-31,1
207,2026-06-30,1
207,2026-07-31,1
208,2026-03-31,1
208,2026-04-30,1
208,2026-05-31,1
208,2026-06-30,1
208,2026-07-31,1
209,2024-07-31,1
209,2024-08-31,1
209,2024-09-30,1
209,2024-10-31,1
209,2024-11-30,1
209,2024-12-31,1
209,2025-01-31,1
209,2025-02-28,1
209,2025-03-31,1
209,2025-04-30,1
209,2025-05-31,1
209,2025-06-30,1
209,2025-07-31,1
209,2025-08-31,1
209,2025-09-30,1
209,2025-10-31,1
209,2025-11-30,1
209,2025-12-31,1
209,2026-01-31,1
209,2026-02-28,1
209,2026-03-31,1
209,2026-04-30,1
209,2026-05-31,1
209,2026-06-30,1
209,2026-07-31,1
210,2026-03-31,1
210,2026-04-30,0
210,2026-05-31,0
210,2026-06-30,0
210,2026-07-31,0
211,2024-03-31,1
211,2024-04-30,1
211,2024-05-31,1
211,2024-06-30,1
211,2024-07-31,1
211,2024-08-31,1
211,2024-09-30,1
211,2024-10-31,1
211,2024-11-30,1
211,2024-12-31,1
211,2025-01-31,1
211,2025-02-28,1
211,2025-03-31,1
211,2025-04-30,1
211,2025-05-31,1
211,2025-06-30,1
211,2025-07-31,1
211,2025-08-31,1
211,2025-09-30,1
211,2025-10-31,1
211,2025-11-30,1
211,2025-12-31,1
211,2026-01-31,1
211,2026-02-28,1
211,2026-03-31,1
211,2026-04-30,1
211,2026-05-31,1
211,2026-06-30,1
211,2026-07-31,1
212,2024-12-31,1
212,2025-01-31,1
212,2025-02-28,1
212,2025-03-31,1
212,2025-04-30,1
212,2025-05-31,1
212,2025-06-30,1
212,2025-07-31,1
212,2025-08-31,1
212,2025-09-30,1
212,2025-10-31,1
212,2025-11-30,1
212,2025-12-31,1
212,2026-01-31,1
212,2026-02-28,1
212,2026-03-31,1
212,2026-04-30,1
212,2026-05-31,1
212,2026-06-30,1
212,2026-07-31,1
213,2024-09-30,1
213,2024-10-31,1
213,2024-11-30,1
213,2024-12-31,1
213,2025-01-31,1
213,2025-02-28,1
213,2025-03-31,1
213,2025-04-30,1
213,2025-05-31,1
213,2025-06-30,1
213,2025-07-31,1
213,2025-08-31,1
213,2025-09-30,1
213,2025-10-31,1
213,2025-11-30,1
213,2025-12-31,1
213,2026-01-31,1
213,2026-02-28,1
213,2026-03-31,1
213,2026-04-30,1
213,2026-05-31,1
213,2026-06-30,1
213,2026-07-31,1
214,2025-07-31,1
214,2025-08-31,1
214,2025-09-30,1
214,2025-10-31,1
214,2025-11-30,1
214,2025-12-31,1
214,2026-01-31,1
214,2026-02-28,1
214,2026-03-31,1
214,2026-04-30,1
214,2026-05-31,1
214,2026-06-30,1
214,2026-07-31,1
215,2025-06-30,1
215,2025-07-31,1
215,2025-08-31,1
215,2025-09-30,1
215,2025-10-31,1
215,2025-11-30,1
215,2025-12-31,1
215,2026-01-31,1
215,2026-02-28,1
215,2026-03-31,0
215,2026-04-30,0
215,2026-05-31,0
215,2026-06-30,0
215,2026-07-31,0
216,2026-06-30,1
216,2026-07-31,1
217,2025-02-28,1
217,2025-03-31,1
217,2025-04-30,1
217,2025-05-31,1
217,2025-06-30,1
217,2025-07-31,1
217,2025-08-31,0
217,2025-09-30,0
217,2025-10-31,0
217,2025-11-30,0
217,2025-12-31,0
217,2026-01-31,0
217,2026-02-28,0
217,2026-03-31,0
217,2026-04-30,0
217,2026-05-31,0
217,2026-06-30,0
217,2026-07-31,0
218,2025-07-31,1
218,2025-08-31,1
218,2025-09-30,1
218,2025-10-31,1
218,2025-11-30,1
218,2025-12-31,1
218,2026-01-31,1
218,2026-02-28,1
218,2026-03-31,1
218,2026-04-30,1
218,2026-05-31,1
218,2026-06-30,1
218,2026-07-31,1
219,2024-12-31,1
219,2025-01-31,1
219,2025-02-28,1
219,2025-03-31,1
219,2025-04-30,1
219,2025-05-31,1
219,2025-06-30,1
219,2025-07-31,1
219,2025-08-31,1
219,2025-09-30,1
219,2025-10-31,1
219,2025-11-30,1
219,2025-12-31,1
219,2026-01-31,1
219,2026-02-28,1
219,2026-03-31,1
219,2026-04-30,1
219,2026-05-31,1
219,2026-06-30,1
219,2026-07-31,1
220,2024-05-31,1
220,2024-06-30,1
220,2024-07-31,1
220,2024-08-31,1
220,2024-09-30,1
220,2024-10-31,1
220,2024-11-30,1
220,2024-12-31,1
220,2025-01-31,1
220,2025-02-28,1
220,2025-03-31,1
220,2025-04-30,1
220,2025-05-31,1
220,2025-06-30,1
220,2025-07-31,1
220,2025-08-31,1
220,2025-09-30,1
220,2025-10-31,1
220,2025-11-30,1
220,2025-12-31,1
220,2026-01-31,1
220,2026-02-28,1
220,2026-03-31,1
220,2026-04-30,1
220,2026-05-31,1
220,2026-06-30,1
220,2026-07-31,1
221,2024-08-31,1
221,2024-09-30,1
221,2024-10-31,1
221,2024-11-30,1
221,2024-12-31,1
221,2025-01-31,1
221,2025-02-28,1
221,2025-03-31,1
221,2025-04-30,1
221,2025-05-31,1
221,2025-06-30,1
221,2025-07-31,1
221,2025-08-31,1
221,2025-09-30,1
221,2025-10-31,1
221,2025-11-30,1
221,2025-12-31,1
221,2026-01-31,1
221,2026-02-28,1
221,2026-03-31,1
221,2026-04-30,1
221,2026-05-31,1
221,2026-06-30,1
221,2026-07-31,1
222,2025-02-28,1
222,2025-03-31,1
222,2025-04-30,1
222,2025-05-31,1
222,2025-06-30,1
222,2025-07-31,1
222,2025-08-31,1
222,2025-09-30,1
222,2025-10-31,1
222,2025-11-30,1
222,2025-12-31,1
222,2026-01-31,1
222,2026-02-28,1
222,2026-03-31,1
222,2026-04-30,1
222,2026-05-31,1
222,2026-06-30,1
222,2026-07-31,1
223,2024-01-31,1
223,2024-02-29,1
223,2024-03-31,1
223,2024-04-30,1
223,2024-05-31,1
223,2024-06-30,1
223,2024-07-31,1
223,2024-08-31,1
223,2024-09-30,1
223,2024-10-31,1
223,2024-11-30,1
223,2024-12-31,1
223,2025-01-31,1
223,2025-02-28,1
223,2025-03-31,1
223,2025-04-30,1
223,2025-05-31,1
223,2025-06-30,1
223,2025-07-31,1
223,2025-08-31,0
223,2025-09-30,0
223,2025-10-31,0
223,2025-11-30,0
223,2025-12-31,0
223,2026-01-31,0
223,2026-02-28,0
223,2026-03-31,0
223,2026-04-30,0
223,2026-05-31,0
223,2026-06-30,0
223,2026-07-31,0
224,2024-12-31,1
224,2025-01-31,1
224,2025-02-28,1
224,2025-03-31,1
224,2025-04-30,1
224,2025-05-31,1
224,2025-06-30,1
224,2025-07-31,1
224,2025-08-31,1
224,2025-09-30,1
224,2025-10-31,1
224,2025-11-30,1
224,2025-12-31,1
224,2026-01-31,1
224,2026-02-28,1
224,2026-03-31,1
224,2026-04-30,1
224,2026-05-31,1
224,2026-06-30,1
224,2026-07-31,1
225,2024-01-31,1
225,2024-02-29,1
225,2024-03-31,1
225,2024-04-30,1
225,2024-05-31,1
225,2024-06-30,1
225,2024-07-31,1
225,2024-08-31,1
225,2024-09-30,1
225,2024-10-31,1
225,2024-11-30,1
225,2024-12-31,1
225,2025-01-31,1
225,2025-02-28,1
225,2025-03-31,1
225,2025-04-30,1
225,2025-05-31,1
225,2025-06-30,1
225,2025-07-31,1
225,2025-08-31,1
225,2025-09-30,1
225,2025-10-31,1
225,2025-11-30,1
225,2025-12-31,1
225,2026-01-31,1
225,2026-02-28,1
225,2026-03-31,1
225,2026-04-30,1
225,2026-05-31,1
225,2026-06-30,1
225,2026-07-31,1
226,2025-07-31,1
226,2025-08-31,1
226,2025-09-30,1
226,2025-10-31,1
226,2025-11-30,1
226,2025-12-31,1
226,2026-01-31,1
226,2026-02-28,1
226,2026-03-31,1
226,2026-04-30,1
226,2026-05-31,1
226,2026-06-30,1
226,2026-07-31,1
227,2025-02-28,1
227,2025-03-31,1
227,2025-04-30,1
227,2025-05-31,1
227,2025-06-30,1
227,2025-07-31,1
227,2025-08-31,1
227,2025-09-30,1
227,2025-10-31,1
227,2025-11-30,1
227,2025-12-31,1
227,2026-01-31,1
227,2026-02-28,1
227,2026-03-31,1
227,2026-04-30,1
227,2026-05-31,1
227,2026-06-30,1
227,2026-07-31,1
228,2024-06-30,1
228,2024-07-31,1
228,2024-08-31,1
228,2024-09-30,1
228,2024-10-31,1
228,2024-11-30,1
228,2024-12-31,1
228,2025-01-31,1
228,2025-02-28,1
228,2025-03-31,1
228,2025-04-30,1
228,2025-05-31,1
228,2025-06-30,1
228,2025-07-31,1
228,2025-08-31,1
228,2025-09-30,1
228,2025-10-31,1
228,2025-11-30,1
228,2025-12-31,1
228,2026-01-31,1
228,2026-02-28,1
228,2026-03-31,1
228,2026-04-30,1
228,2026-05-31,1
228,2026-06-30,1
228,2026-07-31,1
229,2025-07-31,1
229,2025-08-31,1
229,2025-09-30,1
229,2025-10-31,1
229,2025-11-30,1
229,2025-12-31,1
229,2026-01-31,1
229,2026-02-28,1
229,2026-03-31,1
229,2026-04-30,1
229,2026-05-31,1
229,2026-06-30,1
229,2026-07-31,1
230,2026-05-31,1
230,2026-06-30,1
230,2026-07-31,1
231,2025-05-31,1
231,2025-06-30,1
231,2025-07-31,1
231,2025-08-31,1
231,2025-09-30,1
231,2025-10-31,1
231,2025-11-30,1
231,2025-12-31,1
231,2026-01-31,1
231,2026-02-28,1
231,2026-03-31,1
231,2026-04-30,1
231,2026-05-31,1
231,2026-06-30,1
231,2026-07-31,1
232,2024-07-31,1
232,2024-08-31,1
232,2024-09-30,1
232,2024-10-31,1
232,2024-11-30,1
232,2024-12-31,1
232,2025-01-31,1
232,2025-02-28,1
232,2025-03-31,1
232,2025-04-30,1
232,2025-05-31,1
232,2025-06-30,1
232,2025-07-31,1
232,2025-08-31,1
232,2025-09-30,1
232,2025-10-31,1
232,2025-11-30,1
232,2025-12-31,1
232,2026-01-31,1
232,2026-02-28,1
232,2026-03-31,1
232,2026-04-30,1
232,2026-05-31,1
232,2026-06-30,1
232,2026-07-31,1
233,2025-11-30,1
233,2025-12-31,1
233,2026-01-31,1
233,2026-02-28,1
233,2026-03-31,1
233,2026-04-30,1
233,2026-05-31,1
233,2026-06-30,1
233,2026-07-31,1
234,2025-01-31,1
234,2025-02-28,1
234,2025-03-31,1
234,2025-04-30,1
234,2025-05-31,1
234,2025-06-30,1
234,2025-07-31,1
234,2025-08-31,1
234,2025-09-30,1
234,2025-10-31,1
234,2025-11-30,1
234,2025-12-31,1
234,2026-01-31,1
234,2026-02-28,1
234,2026-03-31,1
234,2026-04-30,1
234,2026-05-31,1
234,2026-06-30,1
234,2026-07-31,1
235,2024-06-30,1
235,2024-07-31,1
235,2024-08-31,1
235,2024-09-30,1
235,2024-10-31,1
235,2024-11-30,1
235,2024-12-31,1
235,2025-01-31,1
235,2025-02-28,1
235,2025-03-31,1
235,2025-04-30,1
235,2025-05-31,0
235,2025-06-30,0
235,2025-07-31,0
235,2025-08-31,0
235,2025-09-30,0
235,2025-10-31,0
235,2025-11-30,0
235,2025-12-31,0
235,2026-01-31,0
235,2026-02-28,0
235,2026-03-31,0
235,2026-04-30,0
235,2026-05-31,0
235,2026-06-30,0
235,2026-07-31,0
236,2025-10-31,1
236,2025-11-30,1
236,2025-12-31,1
236,2026-01-31,1
236,2026-02-28,1
236,2026-03-31,1
236,2026-04-30,1
236,2026-05-31,1
236,2026-06-30,1
236,2026-07-31,0
237,2025-03-31,1
237,2025-04-30,1
237,2025-05-31,1
237,2025-06-30,1
237,2025-07-31,1
237,2025-08-31,1
237,2025-09-30,1
237,2025-10-31,1
237,2025-11-30,1
237,2025-12-31,1
237,2026-01-31,1
237,2026-02-28,1
237,2026-03-31,1
237,2026-04-30,1
237,2026-05-31,1
237,2026-06-30,1
237,2026-07-31,1
238,2025-06-30,1
238,2025-07-31,1
238,2025-08-31,1
238,2025-09-30,1
238,2025-10-31,1
238,2025-11-30,1
238,2025-12-31,1
238,2026-01-31,1
238,2026-02-28,1
238,2026-03-31,1
238,2026-04-30,1
238,2026-05-31,1
238,2026-06-30,1
238,2026-07-31,1
239,2026-05-31,1
239,2026-06-30,1
239,2026-07-31,1
240,2025-06-30,1
240,2025-07-31,1
240,2025-08-31,0
240,2025-09-30,0
240,2025-10-31,0
240,2025-11-30,0
240,2025-12-31,0
240,2026-01-31,0
240,2026-02-28,0
240,2026-03-31,0
240,2026-04-30,0
240,2026-05-31,0
240,2026-06-30,0
240,2026-07-31,0
241,2026-04-30,1
241,2026-05-31,0
241,2026-06-30,0
241,2026-07-31,0
242,2026-01-31,1
242,2026-02-28,0
242,2026-03-31,0
242,2026-04-30,0
242,2026-05-31,0
242,2026-06-30,0
242,2026-07-31,0
243,2024-10-31,1
243,2024-11-30,1
243,2024-12-31,1
243,2025-01-31,1
243,2025-02-28,1
243,2025-03-31,1
243,2025-04-30,1
243,2025-05-31,1
243,2025-06-30,1
243,2025-07-31,1
243,2025-08-31,1
243,2025-09-30,1
243,2025-10-31,1
243,2025-11-30,1
243,2025-12-31,1
243,2026-01-31,1
243,2026-02-28,1
243,2026-03-31,1
243,2026-04-30,1
243,2026-05-31,1
243,2026-06-30,1
243,2026-07-31,1
244,2026-02-28,1
244,2026-03-31,1
244,2026-04-30,1
244,2026-05-31,1
244,2026-06-30,1
244,2026-07-31,1
245,2024-10-31,1
245,2024-11-30,1
245,2024-12-31,1
245,2025-01-31,1
245,2025-02-28,1
245,2025-03-31,1
245,2025-04-30,1
245,2025-05-31,1
245,2025-06-30,1
245,2025-07-31,1
245,2025-08-31,1
245,2025-09-30,1
245,2025-10-31,1
245,2025-11-30,1
245,2025-12-31,1
245,2026-01-31,1
245,2026-02-28,1
245,2026-03-31,1
245,2026-04-30,1
245,2026-05-31,1
245,2026-06-30,1
245,2026-07-31,1
246,2024-08-31,1
246,2024-09-30,1
246,2024-10-31,1
246,2024-11-30,1
246,2024-12-31,1
246,2025-01-31,1
246,2025-02-28,1
246,2025-03-31,1
246,2025-04-30,1
246,2025-05-31,1
246,2025-06-30,1
246,2025-07-31,1
246,2025-08-31,1
246,2025-09-30,1
246,2025-10-31,1
246,2025-11-30,1
246,2025-12-31,1
246,2026-01-31,1
246,2026-02-28,1
246,2026-03-31,1
246,2026-04-30,1
246,2026-05-31,1
246,2026-06-30,1
246,2026-07-31,1
247,2024-07-31,1
247,2024-08-31,1
247,2024-09-30,1
247,2024-10-31,1
247,2024-11-30,1
247,2024-12-31,1
247,2025-01-31,1
247,2025-02-28,1
247,2025-03-31,1
247,2025-04-30,1
247,2025-05-31,1
247,2025-06-30,1
247,2025-07-31,1
247,2025-08-31,1
247,2025-09-30,1
247,2025-10-31,1
247,2025-11-30,1
247,2025-12-31,1
247,2026-01-31,1
247,2026-02-28,1
247,2026-03-31,1
247,2026-04-30,1
247,2026-05-31,1
247,2026-06-30,1
247,2026-07-31,1
248,2025-12-31,1
248,2026-01-31,1
248,2026-02-28,1
248,2026-03-31,1
248,2026-04-30,1
248,2026-05-31,1
248,2026-06-30,1
248,2026-07-31,1
249,2024-10-31,1
249,2024-11-30,1
249,2024-12-31,1
249,2025-01-31,1
249,2025-02-28,1
249,2025-03-31,1
249,2025-04-30,1
249,2025-05-31,1
249,2025-06-30,1
249,2025-07-31,1
249,2025-08-31,1
249,2025-09-30,1
249,2025-10-31,1
249,2025-11-30,1
249,2025-12-31,1
249,2026-01-31,1
249,2026-02-28,1
249,2026-03-31,1
249,2026-04-30,1
249,2026-05-31,1
249,2026-06-30,1
249,2026-07-31,1
250,2024-04-30,1
250,2024-05-31,1
250,2024-06-30,1
250,2024-07-31,1
250,2024-08-31,1
250,2024-09-30,1
250,2024-10-31,1
250,2024-11-30,1
250,2024-12-31,1
250,2025-01-31,1
250,2025-02-28,1
250,2025-03-31,1
250,2025-04-30,1
250,2025-05-31,1
250,2025-06-30,1
250,2025-07-31,1
250,2025-08-31,1
250,2025-09-30,1
250,2025-10-31,1
250,2025-11-30,1
250,2025-12-31,1
250,2026-01-31,1
250,2026-02-28,1
250,2026-03-31,1
250,2026-04-30,1
250,2026-05-31,1
250,2026-06-30,1
250,2026-07-31,1
251,2025-07-31,1
251,2025-08-31,1
251,2025-09-30,1
251,2025-10-31,0
251,2025-11-30,0
251,2025-12-31,0
251,2026-01-31,0
251,2026-02-28,0
251,2026-03-31,0
251,2026-04-30,0
251,2026-05-31,0
251,2026-06-30,0
251,2026-07-31,0
252,2025-03-31,1
252,2025-04-30,1
252,2025-05-31,1
252,2025-06-30,1
252,2025-07-31,1
252,2025-08-31,1
252,2025-09-30,1
252,2025-10-31,1
252,2025-11-30,1
252,2025-12-31,1
252,2026-01-31,1
252,2026-02-28,1
252,2026-03-31,1
252,2026-04-30,1
252,2026-05-31,1
252,2026-06-30,1
252,2026-07-31,1
253,2024-11-30,1
253,2024-12-31,1
253,2025-01-31,1
253,2025-02-28,1
253,2025-03-31,1
253,2025-04-30,1
253,2025-05-31,1
253,2025-06-30,1
253,2025-07-31,1
253,2025-08-31,1
253,2025-09-30,1
253,2025-10-31,1
253,2025-11-30,1
253,2025-12-31,1
253,2026-01-31,1
253,2026-02-28,1
253,2026-03-31,1
253,2026-04-30,1
253,2026-05-31,1
253,2026-06-30,1
253,2026-07-31,1
254,2024-08-31,1
254,2024-09-30,1
254,2024-10-31,1
254,2024-11-30,1
254,2024-12-31,1
254,2025-01-31,1
254,2025-02-28,1
254,2025-03-31,1
254,2025-04-30,1
254,2025-05-31,1
254,2025-06-30,1
254,2025-07-31,1
254,2025-08-31,1
254,2025-09-30,1
254,2025-10-31,1
254,2025-11-30,1
254,2025-12-31,1
254,2026-01-31,1
254,2026-02-28,1
254,2026-03-31,1
254,2026-04-30,1
254,2026-05-31,1
254,2026-06-30,1
254,2026-07-31,1
255,2024-06-30,1
255,2024-07-31,1
255,2024-08-31,1
255,2024-09-30,1
255,2024-10-31,1
255,2024-11-30,1
255,2024-12-31,1
255,2025-01-31,1
255,2025-02-28,1
255,2025-03-31,1
255,2025-04-30,1
255,2025-05-31,1
255,2025-06-30,1
255,2025-07-31,1
255,2025-08-31,1
255,2025-09-30,1
255,2025-10-31,1
255,2025-11-30,1
255,2025-12-31,1
255,2026-01-31,1
255,2026-02-28,1
255,2026-03-31,1
255,2026-04-30,1
255,2026-05-31,1
255,2026-06-30,1
255,2026-07-31,1
256,2025-07-31,1
256,2025-08-31,1
256,2025-09-30,1
256,2025-10-31,1
256,2025-11-30,1
256,2025-12-31,1
256,2026-01-31,1
256,2026-02-28,1
256,2026-03-31,1
256,2026-04-30,1
256,2026-05-31,1
256,2026-06-30,1
256,2026-07-31,1
257,2025-01-31,1
257,2025-02-28,1
257,2025-03-31,1
257,2025-04-30,1
257,2025-05-31,1
257,2025-06-30,1
257,2025-07-31,1
257,2025-08-31,1
257,2025-09-30,1
257,2025-10-31,1
257,2025-11-30,1
257,2025-12-31,1
257,2026-01-31,1
257,2026-02-28,1
257,2026-03-31,1
257,2026-04-30,1
257,2026-05-31,1
257,2026-06-30,1
257,2026-07-31,1
258,2025-09-30,1
258,2025-10-31,1
258,2025-11-30,1
258,2025-12-31,1
258,2026-01-31,1
258,2026-02-28,1
258,2026-03-31,1
258,2026-04-30,1
258,2026-05-31,1
258,2026-06-30,1
258,2026-07-31,1
259,2025-01-31,1
259,2025-02-28,1
259,2025-03-31,1
259,2025-04-30,0
259,2025-05-31,0
259,2025-06-30,0
259,2025-07-31,0
259,2025-08-31,0
259,2025-09-30,0
259,2025-10-31,0
259,2025-11-30,0
259,2025-12-31,0
259,2026-01-31,0
259,2026-02-28,0
259,2026-03-31,0
259,2026-04-30,0
259,2026-05-31,0
259,2026-06-30,0
259,2026-07-31,0
260,2024-10-31,1
260,2024-11-30,1
260,2024-12-31,1
260,2025-01-31,1
260,2025-02-28,1
260,2025-03-31,1
260,2025-04-30,1
260,2025-05-31,1
260,2025-06-30,1
260,2025-07-31,1
260,2025-08-31,1
260,2025-09-30,1
260,2025-10-31,1
260,2025-11-30,1
260,2025-12-31,1
260,2026-01-31,1
260,2026-02-28,1
260,2026-03-31,1
260,2026-04-30,1
260,2026-05-31,1
260,2026-06-30,1
260,2026-07-31,1
261,2025-10-31,1
261,2025-11-30,1
261,2025-12-31,1
261,2026-01-31,1
261,2026-02-28,1
261,2026-03-31,1
261,2026-04-30,1
261,2026-05-31,1
261,2026-06-30,1
261,2026-07-31,1
262,2025-08-31,1
262,2025-09-30,1
262,2025-10-31,1
262,2025-11-30,1
262,2025-12-31,1
262,2026-01-31,1
262,2026-02-28,1
262,2026-03-31,1
262,2026-04-30,1
262,2026-05-31,1
262,2026-06-30,1
262,2026-07-31,1
263,2025-03-31,1
263,2025-04-30,1
263,2025-05-31,1
263,2025-06-30,1
263,2025-07-31,1
263,2025-08-31,1
263,2025-09-30,1
263,2025-10-31,1
263,2025-11-30,1
263,2025-12-31,1
263,2026-01-31,1
263,2026-02-28,1
263,2026-03-31,1
263,2026-04-30,1
263,2026-05-31,1
263,2026-06-30,1
263,2026-07-31,1
264,2025-11-30,1
264,2025-12-31,1
264,2026-01-31,1
264,2026-02-28,1
264,2026-03-31,1
264,2026-04-30,1
264,2026-05-31,1
264,2026-06-30,1
264,2026-07-31,1
265,2024-11-30,1
265,2024-12-31,1
265,2025-01-31,1
265,2025-02-28,1
265,2025-03-31,1
265,2025-04-30,1
265,2025-05-31,1
265,2025-06-30,1
265,2025-07-31,1
265,2025-08-31,1
265,2025-09-30,1
265,2025-10-31,1
265,2025-11-30,1
265,2025-12-31,1
265,2026-01-31,1
265,2026-02-28,1
265,2026-03-31,1
265,2026-04-30,1
265,2026-05-31,1
265,2026-06-30,1
265,2026-07-31,1
266,2024-07-31,1
266,2024-08-31,1
266,2024-09-30,1
266,2024-10-31,1
266,2024-11-30,1
266,2024-12-31,1
266,2025-01-31,1
266,2025-02-28,1
266,2025-03-31,1
266,2025-04-30,1
266,2025-05-31,1
266,2025-06-30,1
266,2025-07-31,1
266,2025-08-31,1
266,2025-09-30,1
266,2025-10-31,1
266,2025-11-30,1
266,2025-12-31,1
266,2026-01-31,1
266,2026-02-28,1
266,2026-03-31,1
266,2026-04-30,1
266,2026-05-31,1
266,2026-06-30,1
266,2026-07-31,1
267,2024-02-29,1
267,2024-03-31,1
267,2024-04-30,1
267,2024-05-31,1
267,2024-06-30,1
267,2024-07-31,1
267,2024-08-31,1
267,2024-09-30,1
267,2024-10-31,1
267,2024-11-30,1
267,2024-12-31,1
267,2025-01-31,1
267,2025-02-28,1
267,2025-03-31,1
267,2025-04-30,1
267,2025-05-31,1
267,2025-06-30,1
267,2025-07-31,1
267,2025-08-31,1
267,2025-09-30,1
267,2025-10-31,1
267,2025-11-30,1
267,2025-12-31,1
267,2026-01-31,1
267,2026-02-28,1
267,2026-03-31,1
267,2026-04-30,1
267,2026-05-31,1
267,2026-06-30,1
267,2026-07-31,1
268,2024-11-30,1
268,2024-12-31,1
268,2025-01-31,1
268,2025-02-28,1
268,2025-03-31,1
268,2025-04-30,1
268,2025-05-31,1
268,2025-06-30,1
268,2025-07-31,1
268,2025-08-31,1
268,2025-09-30,1
268,2025-10-31,1
268,2025-11-30,1
268,2025-12-31,1
268,2026-01-31,1
268,2026-02-28,1
268,2026-03-31,1
268,2026-04-30,1
268,2026-05-31,1
268,2026-06-30,1
268,2026-07-31,1
269,2024-02-29,1
269,2024-03-31,1
269,2024-04-30,1
269,2024-05-31,1
269,2024-06-30,1
269,2024-07-31,1
269,2024-08-31,1
269,2024-09-30,1
269,2024-10-31,1
269,2024-11-30,1
269,2024-12-31,1
269,2025-01-31,1
269,2025-02-28,1
269,2025-03-31,1
269,2025-04-30,1
269,2025-05-31,1
269,2025-06-30,1
269,2025-07-31,1
269,2025-08-31,1
269,2025-09-30,1
269,2025-10-31,1
269,2025-11-30,1
269,2025-12-31,1
269,2026-01-31,1
269,2026-02-28,1
269,2026-03-31,1
269,2026-04-30,1
269,2026-05-31,1
269,2026-06-30,1
269,2026-07-31,1
270,2025-05-31,1
270,2025-06-30,1
270,2025-07-31,1
270,2025-08-31,1
270,2025-09-30,1
270,2025-10-31,1
270,2025-11-30,1
270,2025-12-31,1
270,2026-01-31,1
270,2026-02-28,1
270,2026-03-31,1
270,2026-04-30,1
270,2026-05-31,1
270,2026-06-30,1
270,2026-07-31,1
271,2025-03-31,1
271,2025-04-30,1
271,2025-05-31,1
271,2025-06-30,1
271,2025-07-31,1
271,2025-08-31,1
271,2025-09-30,1
271,2025-10-31,1
271,2025-11-30,1
271,2025-12-31,1
271,2026-01-31,0
271,2026-02-28,0
271,2026-03-31,0
271,2026-04-30,0
271,2026-05-31,0
271,2026-06-30,0
271,2026-07-31,0
272,2024-12-31,1
272,2025-01-31,1
272,2025-02-28,1
272,2025-03-31,1
272,2025-04-30,1
272,2025-05-31,1
272,2025-06-30,1
272,2025-07-31,1
272,2025-08-31,1
272,2025-09-30,1
272,2025-10-31,1
272,2025-11-30,1
272,2025-12-31,1
272,2026-01-31,1
272,2026-02-28,1
272,2026-03-31,1
272,2026-04-30,1
272,2026-05-31,1
272,2026-06-30,1
272,2026-07-31,1
273,2025-05-31,1
273,2025-06-30,1
273,2025-07-31,1
273,2025-08-31,1
273,2025-09-30,1
273,2025-10-31,1
273,2025-11-30,1
273,2025-12-31,1
273,2026-01-31,1
273,2026-02-28,1
273,2026-03-31,1
273,2026-04-30,1
273,2026-05-31,1
273,2026-06-30,1
273,2026-07-31,1
274,2025-05-31,1
274,2025-06-30,1
274,2025-07-31,1
274,2025-08-31,1
274,2025-09-30,1
274,2025-10-31,1
274,2025-11-30,1
274,2025-12-31,1
274,2026-01-31,1
274,2026-02-28,1
274,2026-03-31,1
274,2026-04-30,1
274,2026-05-31,1
274,2026-06-30,1
274,2026-07-31,1
275,2024-06-30,1
275,2024-07-31,1
275,2024-08-31,1
275,2024-09-30,1
275,2024-10-31,1
275,2024-11-30,1
275,2024-12-31,1
275,2025-01-31,1
275,2025-02-28,1
275,2025-03-31,1
275,2025-04-30,1
275,2025-05-31,1
275,2025-06-30,1
275,2025-07-31,1
275,2025-08-31,1
275,2025-09-30,1
275,2025-10-31,1
275,2025-11-30,1
275,2025-12-31,1
275,2026-01-31,1
275,2026-02-28,1
275,2026-03-31,1
275,2026-04-30,1
275,2026-05-31,1
275,2026-06-30,1
275,2026-07-31,1
276,2024-12-31,1
276,2025-01-31,1
276,2025-02-28,1
276,2025-03-31,1
276,2025-04-30,1
276,2025-05-31,1
276,2025-06-30,1
276,2025-07-31,1
276,2025-08-31,1
276,2025-09-30,1
276,2025-10-31,1
276,2025-11-30,1
276,2025-12-31,1
276,2026-01-31,1
276,2026-02-28,1
276,2026-03-31,1
276,2026-04-30,1
276,2026-05-31,1
276,2026-06-30,1
276,2026-07-31,1
277,2026-06-30,1
277,2026-07-31,1
278,2024-05-31,1
278,2024-06-30,1
278,2024-07-31,1
278,2024-08-31,1
278,2024-09-30,1
278,2024-10-31,1
278,2024-11-30,1
278,2024-12-31,1
278,2025-01-31,1
278,2025-02-28,1
278,2025-03-31,1
278,2025-04-30,1
278,2025-05-31,1
278,2025-06-30,1
278,2025-07-31,1
278,2025-08-31,1
278,2025-09-30,1
278,2025-10-31,1
278,2025-11-30,1
278,2025-12-31,1
278,2026-01-31,1
278,2026-02-28,1
278,2026-03-31,1
278,2026-04-30,1
278,2026-05-31,1
278,2026-06-30,1
278,2026-07-31,1
279,2024-07-31,1
279,2024-08-31,1
279,2024-09-30,1
279,2024-10-31,1
279,2024-11-30,1
279,2024-12-31,1
279,2025-01-31,1
279,2025-02-28,1
279,2025-03-31,1
279,2025-04-30,1
279,2025-05-31,1
279,2025-06-30,1
279,2025-07-31,1
279,2025-08-31,1
279,2025-09-30,1
279,2025-10-31,1
279,2025-11-30,1
279,2025-12-31,1
279,2026-01-31,1
279,2026-02-28,1
279,2026-03-31,1
279,2026-04-30,1
279,2026-05-31,1
279,2026-06-30,1
279,2026-07-31,1
280,2026-03-31,1
280,2026-04-30,1
280,2026-05-31,1
280,2026-06-30,1
280,2026-07-31,1
281,2025-01-31,1
281,2025-02-28,1
281,2025-03-31,1
281,2025-04-30,1
281,2025-05-31,1
281,2025-06-30,1
281,2025-07-31,1
281,2025-08-31,1
281,2025-09-30,1
281,2025-10-31,1
281,2025-11-30,1
281,2025-12-31,1
281,2026-01-31,1
281,2026-02-28,1
281,2026-03-31,1
281,2026-04-30,1
281,2026-05-31,1
281,2026-06-30,1
281,2026-07-31,1
282,2025-05-31,1
282,2025-06-30,1
282,2025-07-31,1
282,2025-08-31,1
282,2025-09-30,1
282,2025-10-31,1
282,2025-11-30,1
282,2025-12-31,1
282,2026-01-31,1
282,2026-02-28,1
282,2026-03-31,1
282,2026-04-30,1
282,2026-05-31,1
282,2026-06-30,1
282,2026-07-31,1
283,2026-05-31,1
283,2026-06-30,1
283,2026-07-31,0
284,2024-06-30,1
284,2024-07-31,1
284,2024-08-31,1
284,2024-09-30,1
284,2024-10-31,1
284,2024-11-30,1
284,2024-12-31,1
284,2025-01-31,1
284,2025-02-28,1
284,2025-03-31,1
284,2025-04-30,1
284,2025-05-31,1
284,2025-06-30,1
284,2025-07-31,1
284,2025-08-31,1
284,2025-09-30,1
284,2025-10-31,1
284,2025-11-30,1
284,2025-12-31,1
284,2026-01-31,1
284,2026-02-28,1
284,2026-03-31,1
284,2026-04-30,1
284,2026-05-31,0
284,2026-06-30,0
284,2026-07-31,0
285,2024-04-30,1
285,2024-05-31,1
285,2024-06-30,1
285,2024-07-31,1
285,2024-08-31,1
285,2024-09-30,1
285,2024-10-31,1
285,2024-11-30,1
285,2024-12-31,1
285,2025-01-31,1
285,2025-02-28,1
285,2025-03-31,1
285,2025-04-30,1
285,2025-05-31,1
285,2025-06-30,1
285,2025-07-31,1
285,2025-08-31,1
285,2025-09-30,1
285,2025-10-31,1
285,2025-11-30,1
285,2025-12-31,1
285,2026-01-31,1
285,2026-02-28,1
285,2026-03-31,1
285,2026-04-30,1
285,2026-05-31,1
285,2026-06-30,1
285,2026-07-31,1
286,2024-09-30,1
286,2024-10-31,1
286,2024-11-30,1
286,2024-12-31,1
286,2025-01-31,1
286,2025-02-28,1
286,2025-03-31,1
286,2025-04-30,1
286,2025-05-31,1
286,2025-06-30,1
286,2025-07-31,1
286,2025-08-31,1
286,2025-09-30,1
286,2025-10-31,1
286,2025-11-30,1
286,2025-12-31,1
286,2026-01-31,1
286,2026-02-28,1
286,2026-03-31,1
286,2026-04-30,1
286,2026-05-31,1
286,2026-06-30,1
286,2026-07-31,1
287,2024-12-31,1
287,2025-01-31,1
287,2025-02-28,1
287,2025-03-31,1
287,2025-04-30,0
287,2025-05-31,0
287,2025-06-30,0
287,2025-07-31,0
287,2025-08-31,0
287,2025-09-30,0
287,2025-10-31,0
287,2025-11-30,0
287,2025-12-31,0
287,2026-01-31,0
287,2026-02-28,0
287,2026-03-31,0
287,2026-04-30,0
287,2026-05-31,0
287,2026-06-30,0
287,2026-07-31,0
288,2024-08-31,1
288,2024-09-30,1
288,2024-10-31,1
288,2024-11-30,1
288,2024-12-31,1
288,2025-01-31,1
288,2025-02-28,1
288,2025-03-31,1
288,2025-04-30,1
288,2025-05-31,1
288,2025-06-30,1
288,2025-07-31,1
288,2025-08-31,1
288,2025-09-30,1
288,2025-10-31,1
288,2025-11-30,1
288,2025-12-31,1
288,2026-01-31,1
288,2026-02-28,1
288,2026-03-31,1
288,2026-04-30,1
288,2026-05-31,1
288,2026-06-30,1
288,2026-07-31,1
289,2024-10-31,1
289,2024-11-30,1
289,2024-12-31,1
289,2025-01-31,1
289,2025-02-28,1
289,2025-03-31,1
289,2025-04-30,1
289,2025-05-31,1
289,2025-06-30,1
289,2025-07-31,1
289,2025-08-31,1
289,2025-09-30,1
289,2025-10-31,1
289,2025-11-30,1
289,2025-12-31,1
289,2026-01-31,1
289,2026-02-28,1
289,2026-03-31,1
289,2026-04-30,1
289,2026-05-31,1
289,2026-06-30,1
289,2026-07-31,1
290,2024-01-31,1
290,2024-02-29,1
290,2024-03-31,1
290,2024-04-30,1
290,2024-05-31,1
290,2024-06-30,1
290,2024-07-31,1
290,2024-08-31,1
290,2024-09-30,1
290,2024-10-31,1
290,2024-11-30,1
290,2024-12-31,1
290,2025-01-31,1
290,2025-02-28,1
290,2025-03-31,1
290,2025-04-30,1
290,2025-05-31,1
290,2025-06-30,1
290,2025-07-31,1
290,2025-08-31,1
290,2025-09-30,1
290,2025-10-31,1
290,2025-11-30,1
290,2025-12-31,1
290,2026-01-31,1
290,2026-02-28,1
290,2026-03-31,1
290,2026-04-30,1
290,2026-05-31,1
290,2026-06-30,1
290,2026-07-31,1
291,2024-12-31,1
291,2025-01-31,1
291,2025-02-28,1
291,2025-03-31,1
291,2025-04-30,1
291,2025-05-31,1
291,2025-06-30,1
291,2025-07-31,1
291,2025-08-31,1
291,2025-09-30,1
291,2025-10-31,1
291,2025-11-30,1
291,2025-12-31,1
291,2026-01-31,1
291,2026-02-28,1
291,2026-03-31,1
291,2026-04-30,1
291,2026-05-31,1
291,2026-06-30,1
291,2026-07-31,1
292,2025-07-31,1
292,2025-08-31,1
292,2025-09-30,1
292,2025-10-31,1
292,2025-11-30,1
292,2025-12-31,1
292,2026-01-31,1
292,2026-02-28,1
292,2026-03-31,1
292,2026-04-30,1
292,2026-05-31,1
292,2026-06-30,1
292,2026-07-31,1
293,2024-01-31,1
293,2024-02-29,1
293,2024-03-31,1
293,2024-04-30,1
293,2024-05-31,1
293,2024-06-30,1
293,2024-07-31,1
293,2024-08-31,1
293,2024-09-30,1
293,2024-10-31,1
293,2024-11-30,1
293,2024-12-31,1
293,2025-01-31,1
293,2025-02-28,1
293,2025-03-31,1
293,2025-04-30,1
293,2025-05-31,1
293,2025-06-30,1
293,2025-07-31,1
293,2025-08-31,1
293,2025-09-30,1
293,2025-10-31,1
293,2025-11-30,1
293,2025-12-31,1
293,2026-01-31,1
293,2026-02-28,1
293,2026-03-31,1
293,2026-04-30,1
293,2026-05-31,1
293,2026-06-30,1
293,2026-07-31,1
294,2024-09-30,1
294,2024-10-31,1
294,2024-11-30,1
294,2024-12-31,1
294,2025-01-31,1
294,2025-02-28,1
294,2025-03-31,1
294,2025-04-30,1
294,2025-05-31,1
294,2025-06-30,1
294,2025-07-31,1
294,2025-08-31,1
294,2025-09-30,1
294,2025-10-31,1
294,2025-11-30,1
294,2025-12-31,1
294,2026-01-31,1
294,2026-02-28,1
294,2026-03-31,1
294,2026-04-30,1
294,2026-05-31,1
294,2026-06-30,1
294,2026-07-31,1
295,2025-04-30,1
295,2025-05-31,1
295,2025-06-30,1
295,2025-07-31,1
295,2025-08-31,1
295,2025-09-30,1
295,2025-10-31,1
295,2025-11-30,1
295,2025-12-31,1
295,2026-01-31,1
295,2026-02-28,1
295,2026-03-31,1
295,2026-04-30,1
295,2026-05-31,1
295,2026-06-30,1
295,2026-07-31,1
296,2025-05-31,1
296,2025-06-30,1
296,2025-07-31,0
296,2025-08-31,0
296,2025-09-30,0
296,2025-10-31,0
296,2025-11-30,0
296,2025-12-31,0
296,2026-01-31,0
296,2026-02-28,0
296,2026-03-31,0
296,2026-04-30,0
296,2026-05-31,0
296,2026-06-30,0
296,2026-07-31,0
297,2024-12-31,1
297,2025-01-31,1
297,2025-02-28,1
297,2025-03-31,1
297,2025-04-30,1
297,2025-05-31,1
297,2025-06-30,1
297,2025-07-31,1
297,2025-08-31,1
297,2025-09-30,1
297,2025-10-31,1
297,2025-11-30,1
297,2025-12-31,1
297,2026-01-31,1
297,2026-02-28,1
297,2026-03-31,1
297,2026-04-30,1
297,2026-05-31,1
297,2026-06-30,1
297,2026-07-31,1
298,2024-11-30,1
298,2024-12-31,1
298,2025-01-31,1
298,2025-02-28,1
298,2025-03-31,1
298,2025-04-30,1
298,2025-05-31,1
298,2025-06-30,1
298,2025-07-31,1
298,2025-08-31,1
298,2025-09-30,1
298,2025-10-31,1
298,2025-11-30,1
298,2025-12-31,1
298,2026-01-31,1
298,2026-02-28,1
298,2026-03-31,1
298,2026-04-30,1
298,2026-05-31,1
298,2026-06-30,1
298,2026-07-31,1
299,2026-04-30,1
299,2026-05-31,1
299,2026-06-30,1
299,2026-07-31,1
300,2024-06-30,1
300,2024-07-31,1
300,2024-08-31,1
300,2024-09-30,1
300,2024-10-31,1
300,2024-11-30,1
300,2024-12-31,1
300,2025-01-31,1
300,2025-02-28,1
300,2025-03-31,1
300,2025-04-30,1
300,2025-05-31,1
300,2025-06-30,0
300,2025-07-31,0
300,2025-08-31,0
300,2025-09-30,0
300,2025-10-31,0
300,2025-11-30,0
300,2025-12-31,0
300,2026-01-31,0
300,2026-02-28,0
300,2026-03-31,0
300,2026-04-30,0
300,2026-05-31,0
300,2026-06-30,0
300,2026-07-31,0
301,2025-02-28,1
301,2025-03-31,1
301,2025-04-30,1
301,2025-05-31,1
301,2025-06-30,1
301,2025-07-31,1
301,2025-08-31,1
301,2025-09-30,1
301,2025-10-31,1
301,2025-11-30,1
301,2025-12-31,1
301,2026-01-31,1
301,2026-02-28,1
301,2026-03-31,1
301,2026-04-30,1
301,2026-05-31,1
301,2026-06-30,1
301,2026-07-31,1
302,2024-05-31,1
302,2024-06-30,1
302,2024-07-31,1
302,2024-08-31,1
302,2024-09-30,1
302,2024-10-31,1
302,2024-11-30,1
302,2024-12-31,1
302,2025-01-31,1
302,2025-02-28,1
302,2025-03-31,1
302,2025-04-30,1
302,2025-05-31,1
302,2025-06-30,1
302,2025-07-31,1
302,2025-08-31,1
302,2025-09-30,1
302,2025-10-31,1
302,2025-11-30,1
302,2025-12-31,1
302,2026-01-31,0
302,2026-02-28,0
302,2026-03-31,0
302,2026-04-30,0
302,2026-05-31,0
302,2026-06-30,0
302,2026-07-31,0
303,2026-05-31,1
303,2026-06-30,1
303,2026-07-31,1
304,2024-02-29,1
304,2024-03-31,1
304,2024-04-30,1
304,2024-05-31,1
304,2024-06-30,1
304,2024-07-31,1
304,2024-08-31,1
304,2024-09-30,1
304,2024-10-31,1
304,2024-11-30,1
304,2024-12-31,1
304,2025-01-31,1
304,2025-02-28,1
304,2025-03-31,1
304,2025-04-30,1
304,2025-05-31,1
304,2025-06-30,1
304,2025-07-31,1
304,2025-08-31,1
304,2025-09-30,1
304,2025-10-31,1
304,2025-11-30,1
304,2025-12-31,1
304,2026-01-31,1
304,2026-02-28,1
304,2026-03-31,1
304,2026-04-30,1
304,2026-05-31,1
304,2026-06-30,1
304,2026-07-31,1
305,2024-03-31,1
305,2024-04-30,1
305,2024-05-31,1
305,2024-06-30,1
305,2024-07-31,1
305,2024-08-31,1
305,2024-09-30,1
305,2024-10-31,1
305,2024-11-30,1
305,2024-12-31,1
305,2025-01-31,1
305,2025-02-28,1
305,2025-03-31,1
305,2025-04-30,1
305,2025-05-31,1
305,2025-06-30,1
305,2025-07-31,1
305,2025-08-31,1
305,2025-09-30,1
305,2025-10-31,1
305,2025-11-30,1
305,2025-12-31,1
305,2026-01-31,1
305,2026-02-28,1
305,2026-03-31,1
305,2026-04-30,1
305,2026-05-31,1
305,2026-06-30,1
305,2026-07-31,1
306,2026-04-30,1
306,2026-05-31,1
306,2026-06-30,1
306,2026-07-31,1
307,2026-03-31,1
307,2026-04-30,1
307,2026-05-31,1
307,2026-06-30,1
307,2026-07-31,1
308,2025-04-30,1
308,2025-05-31,1
308,2025-06-30,1
308,2025-07-31,1
308,2025-08-31,1
308,2025-09-30,1
308,2025-10-31,1
308,2025-11-30,1
308,2025-12-31,1
308,2026-01-31,1
308,2026-02-28,1
308,2026-03-31,1
308,2026-04-30,1
308,2026-05-31,1
308,2026-06-30,1
308,2026-07-31,1
309,2026-02-28,1
309,2026-03-31,1
309,2026-04-30,1
309,2026-05-31,0
309,2026-06-30,0
309,2026-07-31,0
310,2024-11-30,1
310,2024-12-31,1
310,2025-01-31,0
310,2025-02-28,0
310,2025-03-31,0
310,2025-04-30,0
310,2025-05-31,0
310,2025-06-30,0
310,2025-07-31,0
310,2025-08-31,0
310,2025-09-30,0
310,2025-10-31,0
310,2025-11-30,0
310,2025-12-31,0
310,2026-01-31,0
310,2026-02-28,0
310,2026-03-31,0
310,2026-04-30,0
310,2026-05-31,0
310,2026-06-30,0
310,2026-07-31,0
311,2025-03-31,1
311,2025-04-30,1
311,2025-05-31,1
311,2025-06-30,1
311,2025-07-31,1
311,2025-08-31,1
311,2025-09-30,1
311,2025-10-31,1
311,2025-11-30,1
311,2025-12-31,1
311,2026-01-31,1
311,2026-02-28,1
311,2026-03-31,1
311,2026-04-30,1
311,2026-05-31,1
311,2026-06-30,1
311,2026-07-31,1
312,2024-08-31,1
312,2024-09-30,1
312,2024-10-31,1
312,2024-11-30,1
312,2024-12-31,1
312,2025-01-31,1
312,2025-02-28,1
312,2025-03-31,1
312,2025-04-30,1
312,2025-05-31,1
312,2025-06-30,1
312,2025-07-31,1
312,2025-08-31,1
312,2025-09-30,1
312,2025-10-31,1
312,2025-11-30,1
312,2025-12-31,1
312,2026-01-31,1
312,2026-02-28,1
312,2026-03-31,1
312,2026-04-30,1
312,2026-05-31,1
312,2026-06-30,1
312,2026-07-31,1
313,2024-02-29,1
313,2024-03-31,1
313,2024-04-30,1
313,2024-05-31,1
313,2024-06-30,1
313,2024-07-31,1
313,2024-08-31,1
313,2024-09-30,1
313,2024-10-31,1
313,2024-11-30,1
313,2024-12-31,1
313,2025-01-31,1
313,2025-02-28,1
313,2025-03-31,1
313,2025-04-30,1
313,2025-05-31,1
313,2025-06-30,1
313,2025-07-31,1
313,2025-08-31,1
313,2025-09-30,1
313,2025-10-31,1
313,2025-11-30,1
313,2025-12-31,1
313,2026-01-31,1
313,2026-02-28,1
313,2026-03-31,1
313,2026-04-30,1
313,2026-05-31,1
313,2026-06-30,1
313,2026-07-31,1
314,2025-07-31,1
314,2025-08-31,1
314,2025-09-30,1
314,2025-10-31,1
314,2025-11-30,1
314,2025-12-31,1
314,2026-01-31,1
314,2026-02-28,1
314,2026-03-31,1
314,2026-04-30,1
314,2026-05-31,1
314,2026-06-30,1
314,2026-07-31,1
315,2025-05-31,1
315,2025-06-30,1
315,2025-07-31,1
315,2025-08-31,1
315,2025-09-30,1
315,2025-10-31,1
315,2025-11-30,1
315,2025-12-31,1
315,2026-01-31,1
315,2026-02-28,1
315,2026-03-31,1
315,2026-04-30,1
315,2026-05-31,1
315,2026-06-30,1
315,2026-07-31,1
316,2024-12-31,1
316,2025-01-31,1
316,2025-02-28,1
316,2025-03-31,1
316,2025-04-30,1
316,2025-05-31,1
316,2025-06-30,1
316,2025-07-31,1
316,2025-08-31,1
316,2025-09-30,1
316,2025-10-31,1
316,2025-11-30,1
316,2025-12-31,1
316,2026-01-31,1
316,2026-02-28,1
316,2026-03-31,1
316,2026-04-30,1
316,2026-05-31,1
316,2026-06-30,1
316,2026-07-31,1
317,2024-08-31,1
317,2024-09-30,1
317,2024-10-31,1
317,2024-11-30,1
317,2024-12-31,1
317,2025-01-31,1
317,2025-02-28,1
317,2025-03-31,1
317,2025-04-30,1
317,2025-05-31,1
317,2025-06-30,1
317,2025-07-31,1
317,2025-08-31,1
317,2025-09-30,1
317,2025-10-31,1
317,2025-11-30,1
317,2025-12-31,1
317,2026-01-31,1
317,2026-02-28,1
317,2026-03-31,1
317,2026-04-30,1
317,2026-05-31,1
317,2026-06-30,1
317,2026-07-31,1
318,2025-09-30,1
318,2025-10-31,1
318,2025-11-30,1
318,2025-12-31,1
318,2026-01-31,1
318,2026-02-28,1
318,2026-03-31,1
318,2026-04-30,1
318,2026-05-31,1
318,2026-06-30,1
318,2026-07-31,1
319,2025-07-31,1
319,2025-08-31,1
319,2025-09-30,1
319,2025-10-31,1
319,2025-11-30,1
319,2025-12-31,1
319,2026-01-31,1
319,2026-02-28,1
319,2026-03-31,1
319,2026-04-30,1
319,2026-05-31,0
319,2026-06-30,0
319,2026-07-31,0
320,2024-08-31,1
320,2024-09-30,1
320,2024-10-31,1
320,2024-11-30,1
320,2024-12-31,1
320,2025-01-31,1
320,2025-02-28,1
320,2025-03-31,1
320,2025-04-30,1
320,2025-05-31,1
320,2025-06-30,1
320,2025-07-31,1
320,2025-08-31,1
320,2025-09-30,1
320,2025-10-31,1
320,2025-11-30,1
320,2025-12-31,1
320,2026-01-31,1
320,2026-02-28,1
320,2026-03-31,1
320,2026-04-30,1
320,2026-05-31,1
320,2026-06-30,1
320,2026-07-31,1
321,2025-01-31,1
321,2025-02-28,1
321,2025-03-31,1
321,2025-04-30,1
321,2025-05-31,1
321,2025-06-30,1
321,2025-07-31,1
321,2025-08-31,1
321,2025-09-30,1
321,2025-10-31,1
321,2025-11-30,1
321,2025-12-31,1
321,2026-01-31,1
321,2026-02-28,1
321,2026-03-31,1
321,2026-04-30,1
321,2026-05-31,1
321,2026-06-30,1
321,2026-07-31,1
322,2025-02-28,1
322,2025-03-31,1
322,2025-04-30,1
322,2025-05-31,1
322,2025-06-30,1
322,2025-07-31,1
322,2025-08-31,1
322,2025-09-30,1
322,2025-10-31,1
322,2025-11-30,1
322,2025-12-31,1
322,2026-01-31,1
322,2026-02-28,1
322,2026-03-31,1
322,2026-04-30,1
322,2026-05-31,1
322,2026-06-30,1
322,2026-07-31,1
323,2025-05-31,1
323,2025-06-30,1
323,2025-07-31,1
323,2025-08-31,1
323,2025-09-30,1
323,2025-10-31,1
323,2025-11-30,1
323,2025-12-31,1
323,2026-01-31,1
323,2026-02-28,1
323,2026-03-31,1
323,2026-04-30,1
323,2026-05-31,1
323,2026-06-30,1
323,2026-07-31,1
324,2026-02-28,1
324,2026-03-31,1
324,2026-04-30,1
324,2026-05-31,1
324,2026-06-30,1
324,2026-07-31,1
325,2024-09-30,1
325,2024-10-31,1
325,2024-11-30,1
325,2024-12-31,1
325,2025-01-31,1
325,2025-02-28,1
325,2025-03-31,1
325,2025-04-30,1
325,2025-05-31,1
325,2025-06-30,1
325,2025-07-31,1
325,2025-08-31,1
325,2025-09-30,1
325,2025-10-31,1
325,2025-11-30,1
325,2025-12-31,1
325,2026-01-31,1
325,2026-02-28,1
325,2026-03-31,1
325,2026-04-30,1
325,2026-05-31,1
325,2026-06-30,1
325,2026-07-31,1
326,2024-11-30,1
326,2024-12-31,1
326,2025-01-31,1
326,2025-02-28,1
326,2025-03-31,1
326,2025-04-30,1
326,2025-05-31,1
326,2025-06-30,1
326,2025-07-31,1
326,2025-08-31,1
326,2025-09-30,1
326,2025-10-31,1
326,2025-11-30,1
326,2025-12-31,1
326,2026-01-31,1
326,2026-02-28,1
326,2026-03-31,1
326,2026-04-30,1
326,2026-05-31,1
326,2026-06-30,1
326,2026-07-31,1
327,2024-02-29,1
327,2024-03-31,1
327,2024-04-30,1
327,2024-05-31,1
327,2024-06-30,1
327,2024-07-31,1
327,2024-08-31,1
327,2024-09-30,1
327,2024-10-31,1
327,2024-11-30,1
327,2024-12-31,1
327,2025-01-31,1
327,2025-02-28,1
327,2025-03-31,1
327,2025-04-30,1
327,2025-05-31,1
327,2025-06-30,1
327,2025-07-31,1
327,2025-08-31,1
327,2025-09-30,1
327,2025-10-31,1
327,2025-11-30,1
327,2025-12-31,1
327,2026-01-31,1
327,2026-02-28,1
327,2026-03-31,1
327,2026-04-30,1
327,2026-05-31,1
327,2026-06-30,1
327,2026-07-31,1
328,2026-01-31,1
328,2026-02-28,1
328,2026-03-31,1
328,2026-04-30,1
328,2026-05-31,1
328,2026-06-30,1
328,2026-07-31,1
329,2024-08-31,1
329,2024-09-30,1
329,2024-10-31,1
329,2024-11-30,1
329,2024-12-31,1
329,2025-01-31,1
329,2025-02-28,1
329,2025-03-31,1
329,2025-04-30,1
329,2025-05-31,1
329,2025-06-30,1
329,2025-07-31,1
329,2025-08-31,1
329,2025-09-30,1
329,2025-10-31,1
329,2025-11-30,1
329,2025-12-31,1
329,2026-01-31,1
329,2026-02-28,1
329,2026-03-31,1
329,2026-04-30,1
329,2026-05-31,1
329,2026-06-30,1
329,2026-07-31,1
330,2025-12-31,1
330,2026-01-31,1
330,2026-02-28,1
330,2026-03-31,0
330,2026-04-30,0
330,2026-05-31,0
330,2026-06-30,0
330,2026-07-31,0
331,2025-09-30,1
331,2025-10-31,1
331,2025-11-30,1
331,2025-12-31,1
331,2026-01-31,1
331,2026-02-28,1
331,2026-03-31,1
331,2026-04-30,1
331,2026-05-31,0
331,2026-06-30,0
331,2026-07-31,0
332,2024-05-31,1
332,2024-06-30,1
332,2024-07-31,1
332,2024-08-31,1
332,2024-09-30,1
332,2024-10-31,1
332,2024-11-30,1
332,2024-12-31,1
332,2025-01-31,1
332,2025-02-28,1
332,2025-03-31,1
332,2025-04-30,1
332,2025-05-31,1
332,2025-06-30,1
332,2025-07-31,1
332,2025-08-31,1
332,2025-09-30,1
332,2025-10-31,1
332,2025-11-30,1
332,2025-12-31,1
332,2026-01-31,1
332,2026-02-28,1
332,2026-03-31,1
332,2026-04-30,1
332,2026-05-31,1
332,2026-06-30,1
332,2026-07-31,1
333,2024-12-31,1
333,2025-01-31,1
333,2025-02-28,1
333,2025-03-31,1
333,2025-04-30,1
333,2025-05-31,1
333,2025-06-30,1
333,2025-07-31,1
333,2025-08-31,1
333,2025-09-30,1
333,2025-10-31,1
333,2025-11-30,1
333,2025-12-31,1
333,2026-01-31,1
333,2026-02-28,1
333,2026-03-31,1
333,2026-04-30,1
333,2026-05-31,1
333,2026-06-30,1
333,2026-07-31,1
334,2024-04-30,1
334,2024-05-31,1
334,2024-06-30,1
334,2024-07-31,1
334,2024-08-31,1
334,2024-09-30,1
334,2024-10-31,1
334,2024-11-30,1
334,2024-12-31,1
334,2025-01-31,1
334,2025-02-28,1
334,2025-03-31,1
334,2025-04-30,1
334,2025-05-31,1
334,2025-06-30,1
334,2025-07-31,1
334,2025-08-31,1
334,2025-09-30,1
334,2025-10-31,1
334,2025-11-30,1
334,2025-12-31,1
334,2026-01-31,1
334,2026-02-28,1
334,2026-03-31,1
334,2026-04-30,1
334,2026-05-31,1
334,2026-06-30,1
334,2026-07-31,1
335,2024-11-30,1
335,2024-12-31,1
335,2025-01-31,1
335,2025-02-28,1
335,2025-03-31,1
335,2025-04-30,1
335,2025-05-31,1
335,2025-06-30,1
335,2025-07-31,1
335,2025-08-31,1
335,2025-09-30,1
335,2025-10-31,1
335,2025-11-30,1
335,2025-12-31,1
335,2026-01-31,1
335,2026-02-28,1
335,2026-03-31,1
335,2026-04-30,1
335,2026-05-31,1
335,2026-06-30,1
335,2026-07-31,1
336,2024-05-31,1
336,2024-06-30,1
336,2024-07-31,1
336,2024-08-31,1
336,2024-09-30,1
336,2024-10-31,1
336,2024-11-30,1
336,2024-12-31,1
336,2025-01-31,1
336,2025-02-28,1
336,2025-03-31,1
336,2025-04-30,1
336,2025-05-31,1
336,2025-06-30,1
336,2025-07-31,1
336,2025-08-31,1
336,2025-09-30,1
336,2025-10-31,1
336,2025-11-30,1
336,2025-12-31,1
336,2026-01-31,1
336,2026-02-28,1
336,2026-03-31,1
336,2026-04-30,1
336,2026-05-31,1
336,2026-06-30,1
336,2026-07-31,1
337,2024-01-31,1
337,2024-02-29,1
337,2024-03-31,1
337,2024-04-30,1
337,2024-05-31,1
337,2024-06-30,1
337,2024-07-31,1
337,2024-08-31,1
337,2024-09-30,1
337,2024-10-31,1
337,2024-11-30,1
337,2024-12-31,1
337,2025-01-31,1
337,2025-02-28,1
337,2025-03-31,1
337,2025-04-30,1
337,2025-05-31,1
337,2025-06-30,1
337,2025-07-31,1
337,2025-08-31,1
337,2025-09-30,1
337,2025-10-31,1
337,2025-11-30,1
337,2025-12-31,1
337,2026-01-31,1
337,2026-02-28,1
337,2026-03-31,1
337,2026-04-30,1
337,2026-05-31,1
337,2026-06-30,1
337,2026-07-31,1
338,2025-06-30,1
338,2025-07-31,1
338,2025-08-31,1
338,2025-09-30,1
338,2025-10-31,1
338,2025-11-30,1
338,2025-12-31,1
338,2026-01-31,1
338,2026-02-28,1
338,2026-03-31,1
338,2026-04-30,1
338,2026-05-31,0
338,2026-06-30,0
338,2026-07-31,0
339,2025-04-30,1
339,2025-05-31,1
339,2025-06-30,1
339,2025-07-31,1
339,2025-08-31,1
339,2025-09-30,1
339,2025-10-31,1
339,2025-11-30,1
339,2025-12-31,1
339,2026-01-31,1
339,2026-02-28,1
339,2026-03-31,1
339,2026-04-30,1
339,2026-05-31,1
339,2026-06-30,1
339,2026-07-31,1
340,2025-09-30,1
340,2025-10-31,1
340,2025-11-30,1
340,2025-12-31,1
340,2026-01-31,1
340,2026-02-28,1
340,2026-03-31,1
340,2026-04-30,1
340,2026-05-31,1
340,2026-06-30,1
340,2026-07-31,1
341,2025-08-31,1
341,2025-09-30,1
341,2025-10-31,1
341,2025-11-30,1
341,2025-12-31,1
341,2026-01-31,1
341,2026-02-28,1
341,2026-03-31,1
341,2026-04-30,1
341,2026-05-31,1
341,2026-06-30,1
341,2026-07-31,1
342,2024-01-31,1
342,2024-02-29,1
342,2024-03-31,1
342,2024-04-30,1
342,2024-05-31,1
342,2024-06-30,1
342,2024-07-31,1
342,2024-08-31,1
342,2024-09-30,1
342,2024-10-31,1
342,2024-11-30,1
342,2024-12-31,1
342,2025-01-31,1
342,2025-02-28,1
342,2025-03-31,1
342,2025-04-30,1
342,2025-05-31,1
342,2025-06-30,1
342,2025-07-31,1
342,2025-08-31,1
342,2025-09-30,0
342,2025-10-31,0
342,2025-11-30,0
342,2025-12-31,0
342,2026-01-31,0
342,2026-02-28,0
342,2026-03-31,0
342,2026-04-30,0
342,2026-05-31,0
342,2026-06-30,0
342,2026-07-31,0
343,2026-06-30,1
343,2026-07-31,1
344,2025-12-31,1
344,2026-01-31,1
344,2026-02-28,1
344,2026-03-31,1
344,2026-04-30,1
344,2026-05-31,1
344,2026-06-30,1
344,2026-07-31,0
345,2026-06-30,1
345,2026-07-31,1
346,2024-08-31,1
346,2024-09-30,1
346,2024-10-31,1
346,2024-11-30,1
346,2024-12-31,1
346,2025-01-31,1
346,2025-02-28,1
346,2025-03-31,1
346,2025-04-30,1
346,2025-05-31,1
346,2025-06-30,1
346,2025-07-31,1
346,2025-08-31,1
346,2025-09-30,1
346,2025-10-31,1
346,2025-11-30,1
346,2025-12-31,1
346,2026-01-31,1
346,2026-02-28,1
346,2026-03-31,1
346,2026-04-30,1
346,2026-05-31,1
346,2026-06-30,0
346,2026-07-31,0
347,2025-12-31,1
347,2026-01-31,1
347,2026-02-28,1
347,2026-03-31,1
347,2026-04-30,1
347,2026-05-31,1
347,2026-06-30,1
347,2026-07-31,1
348,2025-01-31,1
348,2025-02-28,1
348,2025-03-31,1
348,2025-04-30,1
348,2025-05-31,1
348,2025-06-30,1
348,2025-07-31,1
348,2025-08-31,0
348,2025-09-30,0
348,2025-10-31,0
348,2025-11-30,0
348,2025-12-31,0
348,2026-01-31,0
348,2026-02-28,0
348,2026-03-31,0
348,2026-04-30,0
348,2026-05-31,0
348,2026-06-30,0
348,2026-07-31,0
349,2024-10-31,1
349,2024-11-30,1
349,2024-12-31,1
349,2025-01-31,1
349,2025-02-28,1
349,2025-03-31,1
349,2025-04-30,1
349,2025-05-31,1
349,2025-06-30,1
349,2025-07-31,1
349,2025-08-31,1
349,2025-09-30,1
349,2025-10-31,1
349,2025-11-30,1
349,2025-12-31,1
349,2026-01-31,1
349,2026-02-28,1
349,2026-03-31,1
349,2026-04-30,1
349,2026-05-31,1
349,2026-06-30,1
349,2026-07-31,1
350,2026-02-28,1
350,2026-03-31,1
350,2026-04-30,1
350,2026-05-31,0
350,2026-06-30,0
350,2026-07-31,0
351,2025-05-31,1
351,2025-06-30,1
351,2025-07-31,1
351,2025-08-31,1
351,2025-09-30,1
351,2025-10-31,1
351,2025-11-30,1
351,2025-12-31,1
351,2026-01-31,1
351,2026-02-28,0
351,2026-03-31,0
351,2026-04-30,0
351,2026-05-31,0
351,2026-06-30,0
351,2026-07-31,0
352,2024-01-31,1
352,2024-02-29,1
352,2024-03-31,1
352,2024-04-30,1
352,2024-05-31,1
352,2024-06-30,1
352,2024-07-31,1
352,2024-08-31,1
352,2024-09-30,1
352,2024-10-31,1
352,2024-11-30,1
352,2024-12-31,1
352,2025-01-31,1
352,2025-02-28,1
352,2025-03-31,1
352,2025-04-30,1
352,2025-05-31,1
352,2025-06-30,1
352,2025-07-31,1
352,2025-08-31,1
352,2025-09-30,1
352,2025-10-31,1
352,2025-11-30,1
352,2025-12-31,1
352,2026-01-31,1
352,2026-02-28,1
352,2026-03-31,1
352,2026-04-30,1
352,2026-05-31,1
352,2026-06-30,1
352,2026-07-31,1
353,2025-06-30,1
353,2025-07-31,1
353,2025-08-31,1
353,2025-09-30,1
353,2025-10-31,1
353,2025-11-30,1
353,2025-12-31,1
353,2026-01-31,1
353,2026-02-28,1
353,2026-03-31,1
353,2026-04-30,1
353,2026-05-31,1
353,2026-06-30,1
353,2026-07-31,1
354,2024-10-31,1
354,2024-11-30,1
354,2024-12-31,1
354,2025-01-31,1
354,2025-02-28,1
354,2025-03-31,1
354,2025-04-30,1
354,2025-05-31,1
354,2025-06-30,1
354,2025-07-31,1
354,2025-08-31,1
354,2025-09-30,1
354,2025-10-31,1
354,2025-11-30,1
354,2025-12-31,1
354,2026-01-31,1
354,2026-02-28,1
354,2026-03-31,1
354,2026-04-30,1
354,2026-05-31,1
354,2026-06-30,1
354,2026-07-31,1
355,2026-04-30,1
355,2026-05-31,1
355,2026-06-30,1
355,2026-07-31,0
356,2026-04-30,1
356,2026-05-31,1
356,2026-06-30,1
356,2026-07-31,0
357,2024-12-31,1
357,2025-01-31,1
357,2025-02-28,1
357,2025-03-31,1
357,2025-04-30,1
357,2025-05-31,1
357,2025-06-30,1
357,2025-07-31,1
357,2025-08-31,1
357,2025-09-30,1
357,2025-10-31,1
357,2025-11-30,1
357,2025-12-31,1
357,2026-01-31,1
357,2026-02-28,1
357,2026-03-31,1
357,2026-04-30,1
357,2026-05-31,1
357,2026-06-30,1
357,2026-07-31,1
358,2024-04-30,1
358,2024-05-31,1
358,2024-06-30,1
358,2024-07-31,1
358,2024-08-31,1
358,2024-09-30,1
358,2024-10-31,1
358,2024-11-30,1
358,2024-12-31,1
358,2025-01-31,1
358,2025-02-28,1
358,2025-03-31,1
358,2025-04-30,1
358,2025-05-31,1
358,2025-06-30,1
358,2025-07-31,1
358,2025-08-31,1
358,2025-09-30,1
358,2025-10-31,1
358,2025-11-30,1
358,2025-12-31,1
358,2026-01-31,1
358,2026-02-28,1
358,2026-03-31,1
358,2026-04-30,1
358,2026-05-31,1
358,2026-06-30,1
358,2026-07-31,1
359,2026-06-30,1
359,2026-07-31,0
360,2025-04-30,1
360,2025-05-31,1
360,2025-06-30,1
360,2025-07-31,1
360,2025-08-31,1
360,2025-09-30,1
360,2025-10-31,1
360,2025-11-30,1
360,2025-12-31,1
360,2026-01-31,1
360,2026-02-28,1
360,2026-03-31,1
360,2026-04-30,1
360,2026-05-31,1
360,2026-06-30,1
360,2026-07-31,1
361,2024-09-30,1
361,2024-10-31,1
361,2024-11-30,1
361,2024-12-31,1
361,2025-01-31,1
361,2025-02-28,1
361,2025-03-31,1
361,2025-04-30,1
361,2025-05-31,1
361,2025-06-30,1
361,2025-07-31,1
361,2025-08-31,1
361,2025-09-30,1
361,2025-10-31,1
361,2025-11-30,1
361,2025-12-31,1
361,2026-01-31,1
361,2026-02-28,1
361,2026-03-31,1
361,2026-04-30,1
361,2026-05-31,0
361,2026-06-30,0
361,2026-07-31,0
362,2025-12-31,1
362,2026-01-31,1
362,2026-02-28,1
362,2026-03-31,1
362,2026-04-30,1
362,2026-05-31,1
362,2026-06-30,1
362,2026-07-31,1
363,2024-06-30,1
363,2024-07-31,1
363,2024-08-31,1
363,2024-09-30,1
363,2024-10-31,1
363,2024-11-30,1
363,2024-12-31,1
363,2025-01-31,1
363,2025-02-28,1
363,2025-03-31,1
363,2025-04-30,1
363,2025-05-31,1
363,2025-06-30,1
363,2025-07-31,1
363,2025-08-31,1
363,2025-09-30,1
363,2025-10-31,1
363,2025-11-30,1
363,2025-12-31,1
363,2026-01-31,1
363,2026-02-28,1
363,2026-03-31,1
363,2026-04-30,1
363,2026-05-31,1
363,2026-06-30,1
363,2026-07-31,1
364,2024-08-31,1
364,2024-09-30,1
364,2024-10-31,1
364,2024-11-30,1
364,2024-12-31,1
364,2025-01-31,1
364,2025-02-28,1
364,2025-03-31,1
364,2025-04-30,1
364,2025-05-31,1
364,2025-06-30,1
364,2025-07-31,1
364,2025-08-31,1
364,2025-09-30,1
364,2025-10-31,1
364,2025-11-30,1
364,2025-12-31,1
364,2026-01-31,1
364,2026-02-28,1
364,2026-03-31,1
364,2026-04-30,1
364,2026-05-31,1
364,2026-06-30,1
364,2026-07-31,1
365,2026-02-28,1
365,2026-03-31,1
365,2026-04-30,1
365,2026-05-31,1
365,2026-06-30,1
365,2026-07-31,0
366,2024-02-29,1
366,2024-03-31,1
366,2024-04-30,1
366,2024-05-31,1
366,2024-06-30,1
366,2024-07-31,1
366,2024-08-31,1
366,2024-09-30,1
366,2024-10-31,1
366,2024-11-30,1
366,2024-12-31,1
366,2025-01-31,1
366,2025-02-28,1
366,2025-03-31,1
366,2025-04-30,1
366,2025-05-31,1
366,2025-06-30,1
366,2025-07-31,1
366,2025-08-31,1
366,2025-09-30,1
366,2025-10-31,1
366,2025-11-30,1
366,2025-12-31,1
366,2026-01-31,1
366,2026-02-28,1
366,2026-03-31,1
366,2026-04-30,1
366,2026-05-31,1
366,2026-06-30,1
366,2026-07-31,1
367,2025-03-31,1
367,2025-04-30,1
367,2025-05-31,1
367,2025-06-30,1
367,2025-07-31,1
367,2025-08-31,1
367,2025-09-30,1
367,2025-10-31,1
367,2025-11-30,1
367,2025-12-31,1
367,2026-01-31,1
367,2026-02-28,1
367,2026-03-31,1
367,2026-04-30,1
367,2026-05-31,1
367,2026-06-30,1
367,2026-07-31,1
368,2024-09-30,1
368,2024-10-31,1
368,2024-11-30,1
368,2024-12-31,0
368,2025-01-31,0
368,2025-02-28,0
368,2025-03-31,0
368,2025-04-30,0
368,2025-05-31,0
368,2025-06-30,0
368,2025-07-31,0
368,2025-08-31,0
368,2025-09-30,0
368,2025-10-31,0
368,2025-11-30,0
368,2025-12-31,0
368,2026-01-31,0
368,2026-02-28,0
368,2026-03-31,0
368,2026-04-30,0
368,2026-05-31,0
368,2026-06-30,0
368,2026-07-31,0
369,2025-10-31,1
369,2025-11-30,1
369,2025-12-31,1
369,2026-01-31,1
369,2026-02-28,1
369,2026-03-31,1
369,2026-04-30,1
369,2026-05-31,1
369,2026-06-30,1
369,2026-07-31,1
370,2025-12-31,1
370,2026-01-31,1
370,2026-02-28,1
370,2026-03-31,1
370,2026-04-30,1
370,2026-05-31,1
370,2026-06-30,1
370,2026-07-31,1
371,2025-09-30,1
371,2025-10-31,1
371,2025-11-30,1
371,2025-12-31,1
371,2026-01-31,1
371,2026-02-28,1
371,2026-03-31,1
371,2026-04-30,1
371,2026-05-31,1
371,2026-06-30,0
371,2026-07-31,0
372,2025-08-31,1
372,2025-09-30,1
372,2025-10-31,1
372,2025-11-30,1
372,2025-12-31,1
372,2026-01-31,1
372,2026-02-28,1
372,2026-03-31,1
372,2026-04-30,1
372,2026-05-31,1
372,2026-06-30,1
372,2026-07-31,1
373,2024-04-30,1
373,2024-05-31,1
373,2024-06-30,1
373,2024-07-31,1
373,2024-08-31,1
373,2024-09-30,1
373,2024-10-31,1
373,2024-11-30,1
373,2024-12-31,1
373,2025-01-31,1
373,2025-02-28,1
373,2025-03-31,1
373,2025-04-30,1
373,2025-05-31,1
373,2025-06-30,1
373,2025-07-31,1
373,2025-08-31,1
373,2025-09-30,1
373,2025-10-31,1
373,2025-11-30,1
373,2025-12-31,1
373,2026-01-31,1
373,2026-02-28,1
373,2026-03-31,1
373,2026-04-30,1
373,2026-05-31,1
373,2026-06-30,1
373,2026-07-31,1
374,2025-11-30,1
374,2025-12-31,1
374,2026-01-31,1
374,2026-02-28,1
374,2026-03-31,1
374,2026-04-30,1
374,2026-05-31,1
374,2026-06-30,1
374,2026-07-31,1
375,2025-07-31,1
375,2025-08-31,1
375,2025-09-30,1
375,2025-10-31,1
375,2025-11-30,1
375,2025-12-31,1
375,2026-01-31,1
375,2026-02-28,1
375,2026-03-31,1
375,2026-04-30,1
375,2026-05-31,1
375,2026-06-30,1
375,2026-07-31,1
376,2025-09-30,1
376,2025-10-31,1
376,2025-11-30,1
376,2025-12-31,1
376,2026-01-31,1
376,2026-02-28,1
376,2026-03-31,1
376,2026-04-30,1
376,2026-05-31,1
376,2026-06-30,1
376,2026-07-31,1
377,2025-12-31,1
377,2026-01-31,1
377,2026-02-28,1
377,2026-03-31,1
377,2026-04-30,1
377,2026-05-31,1
377,2026-06-30,1
377,2026-07-31,1
378,2026-05-31,1
378,2026-06-30,1
378,2026-07-31,0
379,2024-09-30,1
379,2024-10-31,1
379,2024-11-30,1
379,2024-12-31,1
379,2025-01-31,1
379,2025-02-28,1
379,2025-03-31,1
379,2025-04-30,1
379,2025-05-31,1
379,2025-06-30,0
379,2025-07-31,0
379,2025-08-31,0
379,2025-09-30,0
379,2025-10-31,0
379,2025-11-30,0
379,2025-12-31,0
379,2026-01-31,0
379,2026-02-28,0
379,2026-03-31,0
379,2026-04-30,0
379,2026-05-31,0
379,2026-06-30,0
379,2026-07-31,0
380,2024-12-31,1
380,2025-01-31,1
380,2025-02-28,1
380,2025-03-31,1
380,2025-04-30,1
380,2025-05-31,1
380,2025-06-30,1
380,2025-07-31,1
380,2025-08-31,1
380,2025-09-30,1
380,2025-10-31,1
380,2025-11-30,1
380,2025-12-31,1
380,2026-01-31,1
380,2026-02-28,1
380,2026-03-31,1
380,2026-04-30,1
380,2026-05-31,1
380,2026-06-30,1
380,2026-07-31,1
381,2025-10-31,1
381,2025-11-30,1
381,2025-12-31,1
381,2026-01-31,1
381,2026-02-28,1
381,2026-03-31,1
381,2026-04-30,1
381,2026-05-31,1
381,2026-06-30,1
381,2026-07-31,1
382,2024-01-31,1
382,2024-02-29,1
382,2024-03-31,0
382,2024-04-30,0
382,2024-05-31,0
382,2024-06-30,0
382,2024-07-31,0
382,2024-08-31,0
382,2024-09-30,0
382,2024-10-31,0
382,2024-11-30,0
382,2024-12-31,0
382,2025-01-31,0
382,2025-02-28,0
382,2025-03-31,0
382,2025-04-30,0
382,2025-05-31,0
382,2025-06-30,0
382,2025-07-31,0
382,2025-08-31,0
382,2025-09-30,0
382,2025-10-31,0
382,2025-11-30,0
382,2025-12-31,0
382,2026-01-31,0
382,2026-02-28,0
382,2026-03-31,0
382,2026-04-30,0
382,2026-05-31,0
382,2026-06-30,0
382,2026-07-31,0
383,2025-08-31,1
383,2025-09-30,1
383,2025-10-31,1
383,2025-11-30,1
383,2025-12-31,1
383,2026-01-31,1
383,2026-02-28,1
383,2026-03-31,1
383,2026-04-30,1
383,2026-05-31,1
383,2026-06-30,1
383,2026-07-31,1
384,2024-09-30,1
384,2024-10-31,1
384,2024-11-30,1
384,2024-12-31,1
384,2025-01-31,1
384,2025-02-28,1
384,2025-03-31,1
384,2025-04-30,1
384,2025-05-31,1
384,2025-06-30,1
384,2025-07-31,1
384,2025-08-31,1
384,2025-09-30,1
384,2025-10-31,1
384,2025-11-30,1
384,2025-12-31,1
384,2026-01-31,1
384,2026-02-28,1
384,2026-03-31,1
384,2026-04-30,1
384,2026-05-31,1
384,2026-06-30,1
384,2026-07-31,1
385,2024-09-30,1
385,2024-10-31,1
385,2024-11-30,1
385,2024-12-31,1
385,2025-01-31,1
385,2025-02-28,1
385,2025-03-31,1
385,2025-04-30,1
385,2025-05-31,1
385,2025-06-30,1
385,2025-07-31,1
385,2025-08-31,1
385,2025-09-30,1
385,2025-10-31,1
385,2025-11-30,1
385,2025-12-31,1
385,2026-01-31,1
385,2026-02-28,1
385,2026-03-31,1
385,2026-04-30,1
385,2026-05-31,1
385,2026-06-30,1
385,2026-07-31,1
386,2024-10-31,1
386,2024-11-30,1
386,2024-12-31,1
386,2025-01-31,1
386,2025-02-28,0
386,2025-03-31,0
386,2025-04-30,0
386,2025-05-31,0
386,2025-06-30,0
386,2025-07-31,0
386,2025-08-31,0
386,2025-09-30,0
386,2025-10-31,0
386,2025-11-30,0
386,2025-12-31,0
386,2026-01-31,0
386,2026-02-28,0
386,2026-03-31,0
386,2026-04-30,0
386,2026-05-31,0
386,2026-06-30,0
386,2026-07-31,0
387,2024-03-31,1
387,2024-04-30,1
387,2024-05-31,1
387,2024-06-30,1
387,2024-07-31,1
387,2024-08-31,1
387,2024-09-30,1
387,2024-10-31,1
387,2024-11-30,1
387,2024-12-31,1
387,2025-01-31,1
387,2025-02-28,1
387,2025-03-31,1
387,2025-04-30,1
387,2025-05-31,1
387,2025-06-30,1
387,2025-07-31,1
387,2025-08-31,1
387,2025-09-30,1
387,2025-10-31,1
387,2025-11-30,1
387,2025-12-31,1
387,2026-01-31,1
387,2026-02-28,1
387,2026-03-31,1
387,2026-04-30,1
387,2026-05-31,1
387,2026-06-30,1
387,2026-07-31,1
388,2024-07-31,1
388,2024-08-31,1
388,2024-09-30,1
388,2024-10-31,1
388,2024-11-30,1
388,2024-12-31,1
388,2025-01-31,1
388,2025-02-28,1
388,2025-03-31,1
388,2025-04-30,1
388,2025-05-31,1
388,2025-06-30,1
388,2025-07-31,1
388,2025-08-31,1
388,2025-09-30,1
388,2025-10-31,1
388,2025-11-30,1
388,2025-12-31,1
388,2026-01-31,1
388,2026-02-28,1
388,2026-03-31,1
388,2026-04-30,1
388,2026-05-31,1
388,2026-06-30,1
388,2026-07-31,1
389,2024-06-30,1
389,2024-07-31,1
389,2024-08-31,1
389,2024-09-30,1
389,2024-10-31,1
389,2024-11-30,1
389,2024-12-31,1
389,2025-01-31,1
389,2025-02-28,1
389,2025-03-31,1
389,2025-04-30,1
389,2025-05-31,1
389,2025-06-30,1
389,2025-07-31,1
389,2025-08-31,1
389,2025-09-30,1
389,2025-10-31,1
389,2025-11-30,1
389,2025-12-31,1
389,2026-01-31,1
389,2026-02-28,1
389,2026-03-31,1
389,2026-04-30,1
389,2026-05-31,1
389,2026-06-30,1
389,2026-07-31,1
390,2024-08-31,1
390,2024-09-30,1
390,2024-10-31,1
390,2024-11-30,1
390,2024-12-31,1
390,2025-01-31,1
390,2025-02-28,1
390,2025-03-31,1
390,2025-04-30,1
390,2025-05-31,1
390,2025-06-30,1
390,2025-07-31,1
390,2025-08-31,1
390,2025-09-30,1
390,2025-10-31,1
390,2025-11-30,1
390,2025-12-31,1
390,2026-01-31,1
390,2026-02-28,1
390,2026-03-31,1
390,2026-04-30,1
390,2026-05-31,1
390,2026-06-30,1
390,2026-07-31,1
391,2026-04-30,1
391,2026-05-31,1
391,2026-06-30,1
391,2026-07-31,1
392,2024-06-30,1
392,2024-07-31,1
392,2024-08-31,1
392,2024-09-30,1
392,2024-10-31,1
392,2024-11-30,1
392,2024-12-31,1
392,2025-01-31,1
392,2025-02-28,1
392,2025-03-31,1
392,2025-04-30,1
392,2025-05-31,1
392,2025-06-30,1
392,2025-07-31,1
392,2025-08-31,1
392,2025-09-30,1
392,2025-10-31,1
392,2025-11-30,1
392,2025-12-31,1
392,2026-01-31,1
392,2026-02-28,1
392,2026-03-31,1
392,2026-04-30,1
392,2026-05-31,1
392,2026-06-30,1
392,2026-07-31,1
393,2025-06-30,1
393,2025-07-31,1
393,2025-08-31,1
393,2025-09-30,1
393,2025-10-31,1
393,2025-11-30,1
393,2025-12-31,1
393,2026-01-31,1
393,2026-02-28,1
393,2026-03-31,1
393,2026-04-30,1
393,2026-05-31,1
393,2026-06-30,1
393,2026-07-31,1
394,2024-07-31,1
394,2024-08-31,1
394,2024-09-30,1
394,2024-10-31,1
394,2024-11-30,1
394,2024-12-31,1
394,2025-01-31,1
394,2025-02-28,1
394,2025-03-31,1
394,2025-04-30,1
394,2025-05-31,1
394,2025-06-30,1
394,2025-07-31,1
394,2025-08-31,1
394,2025-09-30,1
394,2025-10-31,1
394,2025-11-30,1
394,2025-12-31,1
394,2026-01-31,1
394,2026-02-28,1
394,2026-03-31,1
394,2026-04-30,1
394,2026-05-31,1
394,2026-06-30,1
394,2026-07-31,1
395,2026-04-30,1
395,2026-05-31,1
395,2026-06-30,1
395,2026-07-31,1
396,2025-04-30,1
396,2025-05-31,1
396,2025-06-30,1
396,2025-07-31,1
396,2025-08-31,1
396,2025-09-30,1
396,2025-10-31,1
396,2025-11-30,1
396,2025-12-31,1
396,2026-01-31,1
396,2026-02-28,1
396,2026-03-31,1
396,2026-04-30,1
396,2026-05-31,1
396,2026-06-30,1
396,2026-07-31,1
397,2024-11-30,1
397,2024-12-31,1
397,2025-01-31,0
397,2025-02-28,0
397,2025-03-31,0
397,2025-04-30,0
397,2025-05-31,0
397,2025-06-30,0
397,2025-07-31,0
397,2025-08-31,0
397,2025-09-30,0
397,2025-10-31,0
397,2025-11-30,0
397,2025-12-31,0
397,2026-01-31,0
397,2026-02-28,0
397,2026-03-31,0
397,2026-04-30,0
397,2026-05-31,0
397,2026-06-30,0
397,2026-07-31,0
398,2025-07-31,1
398,2025-08-31,1
398,2025-09-30,1
398,2025-10-31,1
398,2025-11-30,1
398,2025-12-31,1
398,2026-01-31,0
398,2026-02-28,0
398,2026-03-31,0
398,2026-04-30,0
398,2026-05-31,0
398,2026-06-30,0
398,2026-07-31,0
399,2025-11-30,1
399,2025-12-31,1
399,2026-01-31,1
399,2026-02-28,1
399,2026-03-31,1
399,2026-04-30,1
399,2026-05-31,1
399,2026-06-30,1
399,2026-07-31,1
400,2024-06-30,1
400,2024-07-31,1
400,2024-08-31,1
400,2024-09-30,1
400,2024-10-31,1
400,2024-11-30,1
400,2024-12-31,1
400,2025-01-31,1
400,2025-02-28,1
400,2025-03-31,1
400,2025-04-30,1
400,2025-05-31,1
400,2025-06-30,1
400,2025-07-31,1
400,2025-08-31,1
400,2025-09-30,0
400,2025-10-31,0
400,2025-11-30,0
400,2025-12-31,0
400,2026-01-31,0
400,2026-02-28,0
400,2026-03-31,0
400,2026-04-30,0
400,2026-05-31,0
400,2026-06-30,0
400,2026-07-31,0
401,2025-04-30,1
401,2025-05-31,1
401,2025-06-30,1
401,2025-07-31,1
401,2025-08-31,1
401,2025-09-30,1
401,2025-10-31,1
401,2025-11-30,1
401,2025-12-31,1
401,2026-01-31,1
401,2026-02-28,1
401,2026-03-31,1
401,2026-04-30,1
401,2026-05-31,1
401,2026-06-30,1
401,2026-07-31,1
402,2026-01-31,1
402,2026-02-28,1
402,2026-03-31,1
402,2026-04-30,1
402,2026-05-31,1
402,2026-06-30,1
402,2026-07-31,1
403,2024-06-30,1
403,2024-07-31,1
403,2024-08-31,1
403,2024-09-30,1
403,2024-10-31,1
403,2024-11-30,1
403,2024-12-31,1
403,2025-01-31,1
403,2025-02-28,1
403,2025-03-31,1
403,2025-04-30,1
403,2025-05-31,1
403,2025-06-30,1
403,2025-07-31,1
403,2025-08-31,1
403,2025-09-30,1
403,2025-10-31,1
403,2025-11-30,1
403,2025-12-31,1
403,2026-01-31,1
403,2026-02-28,1
403,2026-03-31,1
403,2026-04-30,1
403,2026-05-31,1
403,2026-06-30,1
403,2026-07-31,1
404,2025-12-31,1
404,2026-01-31,1
404,2026-02-28,1
404,2026-03-31,1
404,2026-04-30,1
404,2026-05-31,1
404,2026-06-30,1
404,2026-07-31,1
405,2025-01-31,1
405,2025-02-28,1
405,2025-03-31,1
405,2025-04-30,1
405,2025-05-31,1
405,2025-06-30,1
405,2025-07-31,1
405,2025-08-31,1
405,2025-09-30,1
405,2025-10-31,1
405,2025-11-30,1
405,2025-12-31,1
405,2026-01-31,1
405,2026-02-28,1
405,2026-03-31,1
405,2026-04-30,1
405,2026-05-31,1
405,2026-06-30,1
405,2026-07-31,1
406,2024-04-30,1
406,2024-05-31,1
406,2024-06-30,1
406,2024-07-31,1
406,2024-08-31,1
406,2024-09-30,1
406,2024-10-31,1
406,2024-11-30,1
406,2024-12-31,1
406,2025-01-31,1
406,2025-02-28,1
406,2025-03-31,1
406,2025-04-30,1
406,2025-05-31,1
406,2025-06-30,1
406,2025-07-31,1
406,2025-08-31,1
406,2025-09-30,1
406,2025-10-31,1
406,2025-11-30,1
406,2025-12-31,1
406,2026-01-31,1
406,2026-02-28,0
406,2026-03-31,0
406,2026-04-30,0
406,2026-05-31,0
406,2026-06-30,0
406,2026-07-31,0
407,2025-08-31,1
407,2025-09-30,1
407,2025-10-31,1
407,2025-11-30,1
407,2025-12-31,1
407,2026-01-31,1
407,2026-02-28,1
407,2026-03-31,0
407,2026-04-30,0
407,2026-05-31,0
407,2026-06-30,0
407,2026-07-31,0
408,2026-05-31,1
408,2026-06-30,1
408,2026-07-31,1
409,2025-03-31,1
409,2025-04-30,1
409,2025-05-31,1
409,2025-06-30,1
409,2025-07-31,1
409,2025-08-31,1
409,2025-09-30,1
409,2025-10-31,1
409,2025-11-30,1
409,2025-12-31,1
409,2026-01-31,1
409,2026-02-28,1
409,2026-03-31,1
409,2026-04-30,1
409,2026-05-31,1
409,2026-06-30,1
409,2026-07-31,1
410,2026-05-31,1
410,2026-06-30,1
410,2026-07-31,1
411,2024-01-31,1
411,2024-02-29,1
411,2024-03-31,1
411,2024-04-30,1
411,2024-05-31,1
411,2024-06-30,1
411,2024-07-31,1
411,2024-08-31,1
411,2024-09-30,1
411,2024-10-31,1
411,2024-11-30,1
411,2024-12-31,1
411,2025-01-31,1
411,2025-02-28,1
411,2025-03-31,1
411,2025-04-30,1
411,2025-05-31,1
411,2025-06-30,1
411,2025-07-31,1
411,2025-08-31,1
411,2025-09-30,1
411,2025-10-31,1
411,2025-11-30,1
411,2025-12-31,1
411,2026-01-31,1
411,2026-02-28,1
411,2026-03-31,1
411,2026-04-30,1
411,2026-05-31,1
411,2026-06-30,1
411,2026-07-31,1
412,2024-07-31,1
412,2024-08-31,1
412,2024-09-30,1
412,2024-10-31,1
412,2024-11-30,1
412,2024-12-31,1
412,2025-01-31,1
412,2025-02-28,1
412,2025-03-31,1
412,2025-04-30,1
412,2025-05-31,1
412,2025-06-30,1
412,2025-07-31,1
412,2025-08-31,1
412,2025-09-30,1
412,2025-10-31,1
412,2025-11-30,1
412,2025-12-31,1
412,2026-01-31,1
412,2026-02-28,1
412,2026-03-31,1
412,2026-04-30,1
412,2026-05-31,1
412,2026-06-30,1
412,2026-07-31,1
413,2024-06-30,1
413,2024-07-31,1
413,2024-08-31,1
413,2024-09-30,1
413,2024-10-31,1
413,2024-11-30,1
413,2024-12-31,1
413,2025-01-31,1
413,2025-02-28,1
413,2025-03-31,1
413,2025-04-30,1
413,2025-05-31,1
413,2025-06-30,1
413,2025-07-31,1
413,2025-08-31,1
413,2025-09-30,1
413,2025-10-31,1
413,2025-11-30,1
413,2025-12-31,1
413,2026-01-31,1
413,2026-02-28,1
413,2026-03-31,1
413,2026-04-30,1
413,2026-05-31,1
413,2026-06-30,1
413,2026-07-31,1
414,2026-06-30,1
414,2026-07-31,0
415,2024-04-30,1
415,2024-05-31,1
415,2024-06-30,1
415,2024-07-31,1
415,2024-08-31,1
415,2024-09-30,1
415,2024-10-31,1
415,2024-11-30,1
415,2024-12-31,1
415,2025-01-31,1
415,2025-02-28,1
415,2025-03-31,1
415,2025-04-30,1
415,2025-05-31,1
415,2025-06-30,1
415,2025-07-31,1
415,2025-08-31,1
415,2025-09-30,1
415,2025-10-31,1
415,2025-11-30,1
415,2025-12-31,1
415,2026-01-31,1
415,2026-02-28,1
415,2026-03-31,1
415,2026-04-30,1
415,2026-05-31,1
415,2026-06-30,1
415,2026-07-31,1
416,2025-01-31,1
416,2025-02-28,1
416,2025-03-31,1
416,2025-04-30,1
416,2025-05-31,1
416,2025-06-30,1
416,2025-07-31,1
416,2025-08-31,1
416,2025-09-30,1
416,2025-10-31,1
416,2025-11-30,1
416,2025-12-31,1
416,2026-01-31,1
416,2026-02-28,1
416,2026-03-31,1
416,2026-04-30,1
416,2026-05-31,1
416,2026-06-30,1
416,2026-07-31,1
417,2026-06-30,1
417,2026-07-31,1
418,2025-12-31,1
418,2026-01-31,1
418,2026-02-28,1
418,2026-03-31,1
418,2026-04-30,1
418,2026-05-31,1
418,2026-06-30,0
418,2026-07-31,0
419,2024-12-31,1
419,2025-01-31,1
419,2025-02-28,1
419,2025-03-31,1
419,2025-04-30,1
419,2025-05-31,1
419,2025-06-30,1
419,2025-07-31,1
419,2025-08-31,1
419,2025-09-30,1
419,2025-10-31,1
419,2025-11-30,1
419,2025-12-31,1
419,2026-01-31,1
419,2026-02-28,1
419,2026-03-31,1
419,2026-04-30,1
419,2026-05-31,1
419,2026-06-30,1
419,2026-07-31,1
420,2026-03-31,1
420,2026-04-30,1
420,2026-05-31,1
420,2026-06-30,1
420,2026-07-31,1
421,2026-02-28,1
421,2026-03-31,1
421,2026-04-30,1
421,2026-05-31,1
421,2026-06-30,1
421,2026-07-31,1
422,2026-03-31,1
422,2026-04-30,1
422,2026-05-31,1
422,2026-06-30,1
422,2026-07-31,1
423,2025-08-31,1
423,2025-09-30,1
423,2025-10-31,1
423,2025-11-30,1
423,2025-12-31,1
423,2026-01-31,0
423,2026-02-28,0
423,2026-03-31,0
423,2026-04-30,0
423,2026-05-31,0
423,2026-06-30,0
423,2026-07-31,0
424,2025-02-28,1
424,2025-03-31,1
424,2025-04-30,1
424,2025-05-31,1
424,2025-06-30,1
424,2025-07-31,1
424,2025-08-31,1
424,2025-09-30,1
424,2025-10-31,1
424,2025-11-30,1
424,2025-12-31,1
424,2026-01-31,1
424,2026-02-28,1
424,2026-03-31,1
424,2026-04-30,1
424,2026-05-31,1
424,2026-06-30,1
424,2026-07-31,1
425,2025-08-31,1
425,2025-09-30,1
425,2025-10-31,1
425,2025-11-30,1
425,2025-12-31,1
425,2026-01-31,1
425,2026-02-28,1
425,2026-03-31,1
425,2026-04-30,1
425,2026-05-31,1
425,2026-06-30,1
425,2026-07-31,1
426,2026-02-28,1
426,2026-03-31,1
426,2026-04-30,1
426,2026-05-31,1
426,2026-06-30,1
426,2026-07-31,1
427,2024-11-30,1
427,2024-12-31,1
427,2025-01-31,1
427,2025-02-28,1
427,2025-03-31,0
427,2025-04-30,0
427,2025-05-31,0
427,2025-06-30,0
427,2025-07-31,0
427,2025-08-31,0
427,2025-09-30,0
427,2025-10-31,0
427,2025-11-30,0
427,2025-12-31,0
427,2026-01-31,0
427,2026-02-28,0
427,2026-03-31,0
427,2026-04-30,0
427,2026-05-31,0
427,2026-06-30,0
427,2026-07-31,0
428,2026-02-28,1
428,2026-03-31,1
428,2026-04-30,1
428,2026-05-31,0
428,2026-06-30,0
428,2026-07-31,0
429,2025-03-31,1
429,2025-04-30,1
429,2025-05-31,1
429,2025-06-30,1
429,2025-07-31,0
429,2025-08-31,0
429,2025-09-30,0
429,2025-10-31,0
429,2025-11-30,0
429,2025-12-31,0
429,2026-01-31,0
429,2026-02-28,0
429,2026-03-31,0
429,2026-04-30,0
429,2026-05-31,0
429,2026-06-30,0
429,2026-07-31,0
430,2024-05-31,1
430,2024-06-30,1
430,2024-07-31,1
430,2024-08-31,1
430,2024-09-30,1
430,2024-10-31,1
430,2024-11-30,1
430,2024-12-31,1
430,2025-01-31,1
430,2025-02-28,1
430,2025-03-31,1
430,2025-04-30,1
430,2025-05-31,1
430,2025-06-30,1
430,2025-07-31,1
430,2025-08-31,1
430,2025-09-30,1
430,2025-10-31,1
430,2025-11-30,1
430,2025-12-31,1
430,2026-01-31,1
430,2026-02-28,1
430,2026-03-31,1
430,2026-04-30,1
430,2026-05-31,1
430,2026-06-30,1
430,2026-07-31,1
431,2026-03-31,1
431,2026-04-30,1
431,2026-05-31,1
431,2026-06-30,1
431,2026-07-31,1
432,2026-04-30,1
432,2026-05-31,1
432,2026-06-30,1
432,2026-07-31,0
433,2025-03-31,1
433,2025-04-30,1
433,2025-05-31,1
433,2025-06-30,1
433,2025-07-31,1
433,2025-08-31,1
433,2025-09-30,1
433,2025-10-31,1
433,2025-11-30,1
433,2025-12-31,1
433,2026-01-31,1
433,2026-02-28,1
433,2026-03-31,1
433,2026-04-30,1
433,2026-05-31,1
433,2026-06-30,1
433,2026-07-31,1
434,2024-01-31,1
434,2024-02-29,1
434,2024-03-31,1
434,2024-04-30,1
434,2024-05-31,1
434,2024-06-30,1
434,2024-07-31,1
434,2024-08-31,1
434,2024-09-30,1
434,2024-10-31,1
434,2024-11-30,1
434,2024-12-31,1
434,2025-01-31,1
434,2025-02-28,1
434,2025-03-31,1
434,2025-04-30,1
434,2025-05-31,1
434,2025-06-30,1
434,2025-07-31,1
434,2025-08-31,1
434,2025-09-30,1
434,2025-10-31,1
434,2025-11-30,1
434,2025-12-31,1
434,2026-01-31,1
434,2026-02-28,1
434,2026-03-31,1
434,2026-04-30,1
434,2026-05-31,1
434,2026-06-30,1
434,2026-07-31,1
435,2025-03-31,1
435,2025-04-30,1
435,2025-05-31,1
435,2025-06-30,1
435,2025-07-31,1
435,2025-08-31,1
435,2025-09-30,1
435,2025-10-31,1
435,2025-11-30,1
435,2025-12-31,1
435,2026-01-31,1
435,2026-02-28,1
435,2026-03-31,1
435,2026-04-30,1
435,2026-05-31,1
435,2026-06-30,1
435,2026-07-31,1
436,2025-09-30,1
436,2025-10-31,1
436,2025-11-30,1
436,2025-12-31,1
436,2026-01-31,1
436,2026-02-28,1
436,2026-03-31,1
436,2026-04-30,1
436,2026-05-31,1
436,2026-06-30,1
436,2026-07-31,1
437,2024-06-30,1
437,2024-07-31,1
437,2024-08-31,1
437,2024-09-30,1
437,2024-10-31,1
437,2024-11-30,1
437,2024-12-31,1
437,2025-01-31,1
437,2025-02-28,1
437,2025-03-31,1
437,2025-04-30,1
437,2025-05-31,1
437,2025-06-30,1
437,2025-07-31,1
437,2025-08-31,1
437,2025-09-30,1
437,2025-10-31,1
437,2025-11-30,1
437,2025-12-31,1
437,2026-01-31,1
437,2026-02-28,1
437,2026-03-31,1
437,2026-04-30,1
437,2026-05-31,1
437,2026-06-30,1
437,2026-07-31,1
438,2025-05-31,1
438,2025-06-30,1
438,2025-07-31,1
438,2025-08-31,1
438,2025-09-30,1
438,2025-10-31,1
438,2025-11-30,1
438,2025-12-31,1
438,2026-01-31,1
438,2026-02-28,1
438,2026-03-31,1
438,2026-04-30,1
438,2026-05-31,1
438,2026-06-30,1
438,2026-07-31,1
439,2024-03-31,1
439,2024-04-30,1
439,2024-05-31,1
439,2024-06-30,1
439,2024-07-31,1
439,2024-08-31,1
439,2024-09-30,1
439,2024-10-31,1
439,2024-11-30,1
439,2024-12-31,1
439,2025-01-31,1
439,2025-02-28,1
439,2025-03-31,1
439,2025-04-30,1
439,2025-05-31,1
439,2025-06-30,1
439,2025-07-31,1
439,2025-08-31,1
439,2025-09-30,1
439,2025-10-31,1
439,2025-11-30,1
439,2025-12-31,1
439,2026-01-31,1
439,2026-02-28,1
439,2026-03-31,1
439,2026-04-30,1
439,2026-05-31,1
439,2026-06-30,1
439,2026-07-31,1
440,2025-01-31,1
440,2025-02-28,1
440,2025-03-31,1
440,2025-04-30,1
440,2025-05-31,1
440,2025-06-30,1
440,2025-07-31,1
440,2025-08-31,1
440,2025-09-30,1
440,2025-10-31,1
440,2025-11-30,1
440,2025-12-31,1
440,2026-01-31,1
440,2026-02-28,1
440,2026-03-31,1
440,2026-04-30,1
440,2026-05-31,1
440,2026-06-30,1
440,2026-07-31,1
441,2025-11-30,1
441,2025-12-31,1
441,2026-01-31,1
441,2026-02-28,1
441,2026-03-31,1
441,2026-04-30,1
441,2026-05-31,1
441,2026-06-30,1
441,2026-07-31,1
442,2025-01-31,1
442,2025-02-28,1
442,2025-03-31,1
442,2025-04-30,1
442,2025-05-31,1
442,2025-06-30,1
442,2025-07-31,1
442,2025-08-31,1
442,2025-09-30,1
442,2025-10-31,1
442,2025-11-30,1
442,2025-12-31,1
442,2026-01-31,1
442,2026-02-28,1
442,2026-03-31,1
442,2026-04-30,1
442,2026-05-31,1
442,2026-06-30,1
442,2026-07-31,1
443,2024-09-30,1
443,2024-10-31,1
443,2024-11-30,1
443,2024-12-31,1
443,2025-01-31,1
443,2025-02-28,1
443,2025-03-31,1
443,2025-04-30,1
443,2025-05-31,1
443,2025-06-30,1
443,2025-07-31,1
443,2025-08-31,1
443,2025-09-30,1
443,2025-10-31,1
443,2025-11-30,1
443,2025-12-31,1
443,2026-01-31,1
443,2026-02-28,1
443,2026-03-31,1
443,2026-04-30,1
443,2026-05-31,1
443,2026-06-30,1
443,2026-07-31,1
444,2024-11-30,1
444,2024-12-31,1
444,2025-01-31,1
444,2025-02-28,1
444,2025-03-31,1
444,2025-04-30,1
444,2025-05-31,1
444,2025-06-30,1
444,2025-07-31,1
444,2025-08-31,1
444,2025-09-30,1
444,2025-10-31,1
444,2025-11-30,1
444,2025-12-31,1
444,2026-01-31,1
444,2026-02-28,1
444,2026-03-31,1
444,2026-04-30,1
444,2026-05-31,1
444,2026-06-30,1
444,2026-07-31,1
445,2025-05-31,1
445,2025-06-30,1
445,2025-07-31,1
445,2025-08-31,1
445,2025-09-30,1
445,2025-10-31,1
445,2025-11-30,1
445,2025-12-31,1
445,2026-01-31,1
445,2026-02-28,1
445,2026-03-31,1
445,2026-04-30,1
445,2026-05-31,1
445,2026-06-30,1
445,2026-07-31,1
446,2025-04-30,1
446,2025-05-31,1
446,2025-06-30,1
446,2025-07-31,1
446,2025-08-31,1
446,2025-09-30,1
446,2025-10-31,1
446,2025-11-30,1
446,2025-12-31,1
446,2026-01-31,1
446,2026-02-28,1
446,2026-03-31,1
446,2026-04-30,1
446,2026-05-31,1
446,2026-06-30,1
446,2026-07-31,1
447,2026-01-31,1
447,2026-02-28,1
447,2026-03-31,1
447,2026-04-30,1
447,2026-05-31,1
447,2026-06-30,1
447,2026-07-31,1
448,2025-09-30,1
448,2025-10-31,1
448,2025-11-30,1
448,2025-12-31,1
448,2026-01-31,1
448,2026-02-28,1
448,2026-03-31,0
448,2026-04-30,0
448,2026-05-31,0
448,2026-06-30,0
448,2026-07-31,0
449,2024-04-30,1
449,2024-05-31,1
449,2024-06-30,1
449,2024-07-31,1
449,2024-08-31,1
449,2024-09-30,1
449,2024-10-31,1
449,2024-11-30,1
449,2024-12-31,1
449,2025-01-31,1
449,2025-02-28,1
449,2025-03-31,1
449,2025-04-30,1
449,2025-05-31,1
449,2025-06-30,1
449,2025-07-31,1
449,2025-08-31,1
449,2025-09-30,1
449,2025-10-31,1
449,2025-11-30,1
449,2025-12-31,1
449,2026-01-31,1
449,2026-02-28,1
449,2026-03-31,1
449,2026-04-30,1
449,2026-05-31,1
449,2026-06-30,1
449,2026-07-31,1
450,2024-03-31,1
450,2024-04-30,1
450,2024-05-31,1
450,2024-06-30,1
450,2024-07-31,1
450,2024-08-31,1
450,2024-09-30,1
450,2024-10-31,1
450,2024-11-30,1
450,2024-12-31,1
450,2025-01-31,1
450,2025-02-28,1
450,2025-03-31,1
450,2025-04-30,1
450,2025-05-31,1
450,2025-06-30,1
450,2025-07-31,1
450,2025-08-31,1
450,2025-09-30,1
450,2025-10-31,1
450,2025-11-30,1
450,2025-12-31,1
450,2026-01-31,1
450,2026-02-28,1
450,2026-03-31,1
450,2026-04-30,1
450,2026-05-31,1
450,2026-06-30,1
450,2026-07-31,1
451,2026-05-31,1
451,2026-06-30,1
451,2026-07-31,1
452,2024-04-30,1
452,2024-05-31,1
452,2024-06-30,1
452,2024-07-31,1
452,2024-08-31,1
452,2024-09-30,1
452,2024-10-31,1
452,2024-11-30,1
452,2024-12-31,1
452,2025-01-31,1
452,2025-02-28,1
452,2025-03-31,1
452,2025-04-30,1
452,2025-05-31,1
452,2025-06-30,1
452,2025-07-31,0
452,2025-08-31,0
452,2025-09-30,0
452,2025-10-31,0
452,2025-11-30,0
452,2025-12-31,0
452,2026-01-31,0
452,2026-02-28,0
452,2026-03-31,0
452,2026-04-30,0
452,2026-05-31,0
452,2026-06-30,0
452,2026-07-31,0
453,2024-08-31,1
453,2024-09-30,1
453,2024-10-31,1
453,2024-11-30,1
453,2024-12-31,1
453,2025-01-31,1
453,2025-02-28,1
453,2025-03-31,1
453,2025-04-30,1
453,2025-05-31,1
453,2025-06-30,1
453,2025-07-31,1
453,2025-08-31,1
453,2025-09-30,1
453,2025-10-31,1
453,2025-11-30,1
453,2025-12-31,1
453,2026-01-31,1
453,2026-02-28,1
453,2026-03-31,1
453,2026-04-30,1
453,2026-05-31,1
453,2026-06-30,1
453,2026-07-31,1
454,2024-07-31,1
454,2024-08-31,1
454,2024-09-30,1
454,2024-10-31,1
454,2024-11-30,1
454,2024-12-31,1
454,2025-01-31,1
454,2025-02-28,1
454,2025-03-31,1
454,2025-04-30,1
454,2025-05-31,1
454,2025-06-30,1
454,2025-07-31,1
454,2025-08-31,1
454,2025-09-30,1
454,2025-10-31,1
454,2025-11-30,1
454,2025-12-31,1
454,2026-01-31,1
454,2026-02-28,1
454,2026-03-31,1
454,2026-04-30,1
454,2026-05-31,1
454,2026-06-30,1
454,2026-07-31,1
455,2024-08-31,1
455,2024-09-30,1
455,2024-10-31,1
455,2024-11-30,1
455,2024-12-31,1
455,2025-01-31,1
455,2025-02-28,1
455,2025-03-31,1
455,2025-04-30,1
455,2025-05-31,1
455,2025-06-30,1
455,2025-07-31,1
455,2025-08-31,1
455,2025-09-30,1
455,2025-10-31,1
455,2025-11-30,1
455,2025-12-31,1
455,2026-01-31,1
455,2026-02-28,1
455,2026-03-31,1
455,2026-04-30,1
455,2026-05-31,1
455,2026-06-30,1
455,2026-07-31,1
456,2024-10-31,1
456,2024-11-30,1
456,2024-12-31,1
456,2025-01-31,1
456,2025-02-28,1
456,2025-03-31,1
456,2025-04-30,1
456,2025-05-31,1
456,2025-06-30,1
456,2025-07-31,1
456,2025-08-31,1
456,2025-09-30,1
456,2025-10-31,1
456,2025-11-30,1
456,2025-12-31,1
456,2026-01-31,1
456,2026-02-28,1
456,2026-03-31,1
456,2026-04-30,1
456,2026-05-31,1
456,2026-06-30,1
456,2026-07-31,1
457,2026-02-28,1
457,2026-03-31,1
457,2026-04-30,1
457,2026-05-31,1
457,2026-06-30,1
457,2026-07-31,1
458,2024-07-31,1
458,2024-08-31,1
458,2024-09-30,1
458,2024-10-31,1
458,2024-11-30,1
458,2024-12-31,1
458,2025-01-31,1
458,2025-02-28,1
458,2025-03-31,1
458,2025-04-30,1
458,2025-05-31,1
458,2025-06-30,1
458,2025-07-31,1
458,2025-08-31,1
458,2025-09-30,1
458,2025-10-31,1
458,2025-11-30,1
458,2025-12-31,1
458,2026-01-31,1
458,2026-02-28,1
458,2026-03-31,1
458,2026-04-30,1
458,2026-05-31,1
458,2026-06-30,1
458,2026-07-31,1
459,2024-10-31,1
459,2024-11-30,1
459,2024-12-31,1
459,2025-01-31,1
459,2025-02-28,1
459,2025-03-31,1
459,2025-04-30,1
459,2025-05-31,1
459,2025-06-30,1
459,2025-07-31,1
459,2025-08-31,1
459,2025-09-30,1
459,2025-10-31,1
459,2025-11-30,1
459,2025-12-31,1
459,2026-01-31,1
459,2026-02-28,1
459,2026-03-31,1
459,2026-04-30,1
459,2026-05-31,1
459,2026-06-30,1
459,2026-07-31,1
460,2026-04-30,1
460,2026-05-31,1
460,2026-06-30,1
460,2026-07-31,0
461,2024-05-31,1
461,2024-06-30,1
461,2024-07-31,1
461,2024-08-31,1
461,2024-09-30,1
461,2024-10-31,1
461,2024-11-30,1
461,2024-12-31,1
461,2025-01-31,1
461,2025-02-28,1
461,2025-03-31,1
461,2025-04-30,0
461,2025-05-31,0
461,2025-06-30,0
461,2025-07-31,0
461,2025-08-31,0
461,2025-09-30,0
461,2025-10-31,0
461,2025-11-30,0
461,2025-12-31,0
461,2026-01-31,0
461,2026-02-28,0
461,2026-03-31,0
461,2026-04-30,0
461,2026-05-31,0
461,2026-06-30,0
461,2026-07-31,0
462,2024-11-30,1
462,2024-12-31,1
462,2025-01-31,1
462,2025-02-28,1
462,2025-03-31,1
462,2025-04-30,1
462,2025-05-31,1
462,2025-06-30,1
462,2025-07-31,1
462,2025-08-31,1
462,2025-09-30,1
462,2025-10-31,1
462,2025-11-30,0
462,2025-12-31,0
462,2026-01-31,0
462,2026-02-28,0
462,2026-03-31,0
462,2026-04-30,0
462,2026-05-31,0
462,2026-06-30,0
462,2026-07-31,0
463,2026-06-30,1
463,2026-07-31,1
464,2025-04-30,1
464,2025-05-31,1
464,2025-06-30,1
464,2025-07-31,1
464,2025-08-31,1
464,2025-09-30,1
464,2025-10-31,1
464,2025-11-30,1
464,2025-12-31,1
464,2026-01-31,1
464,2026-02-28,1
464,2026-03-31,1
464,2026-04-30,1
464,2026-05-31,1
464,2026-06-30,1
464,2026-07-31,1
465,2024-05-31,1
465,2024-06-30,1
465,2024-07-31,1
465,2024-08-31,1
465,2024-09-30,1
465,2024-10-31,1
465,2024-11-30,1
465,2024-12-31,1
465,2025-01-31,1
465,2025-02-28,1
465,2025-03-31,1
465,2025-04-30,1
465,2025-05-31,1
465,2025-06-30,1
465,2025-07-31,1
465,2025-08-31,1
465,2025-09-30,1
465,2025-10-31,0
465,2025-11-30,0
465,2025-12-31,0
465,2026-01-31,0
465,2026-02-28,0
465,2026-03-31,0
465,2026-04-30,0
465,2026-05-31,0
465,2026-06-30,0
465,2026-07-31,0
466,2025-04-30,1
466,2025-05-31,1
466,2025-06-30,1
466,2025-07-31,1
466,2025-08-31,1
466,2025-09-30,1
466,2025-10-31,1
466,2025-11-30,1
466,2025-12-31,1
466,2026-01-31,1
466,2026-02-28,1
466,2026-03-31,1
466,2026-04-30,1
466,2026-05-31,1
466,2026-06-30,1
466,2026-07-31,1
467,2026-05-31,1
467,2026-06-30,1
467,2026-07-31,1
468,2024-06-30,1
468,2024-07-31,1
468,2024-08-31,1
468,2024-09-30,1
468,2024-10-31,1
468,2024-11-30,1
468,2024-12-31,1
468,2025-01-31,1
468,2025-02-28,1
468,2025-03-31,1
468,2025-04-30,1
468,2025-05-31,1
468,2025-06-30,1
468,2025-07-31,1
468,2025-08-31,1
468,2025-09-30,1
468,2025-10-31,1
468,2025-11-30,1
468,2025-12-31,1
468,2026-01-31,1
468,2026-02-28,1
468,2026-03-31,1
468,2026-04-30,1
468,2026-05-31,1
468,2026-06-30,1
468,2026-07-31,1
469,2026-04-30,1
469,2026-05-31,1
469,2026-06-30,1
469,2026-07-31,1
470,2025-09-30,1
470,2025-10-31,1
470,2025-11-30,1
470,2025-12-31,1
470,2026-01-31,1
470,2026-02-28,1
470,2026-03-31,1
470,2026-04-30,1
470,2026-05-31,1
470,2026-06-30,1
470,2026-07-31,1
471,2024-11-30,1
471,2024-12-31,1
471,2025-01-31,1
471,2025-02-28,1
471,2025-03-31,1
471,2025-04-30,1
471,2025-05-31,1
471,2025-06-30,1
471,2025-07-31,1
471,2025-08-31,1
471,2025-09-30,1
471,2025-10-31,1
471,2025-11-30,1
471,2025-12-31,1
471,2026-01-31,1
471,2026-02-28,1
471,2026-03-31,1
471,2026-04-30,1
471,2026-05-31,1
471,2026-06-30,1
471,2026-07-31,1
472,2024-01-31,1
472,2024-02-29,1
472,2024-03-31,1
472,2024-04-30,1
472,2024-05-31,1
472,2024-06-30,1
472,2024-07-31,1
472,2024-08-31,1
472,2024-09-30,1
472,2024-10-31,1
472,2024-11-30,1
472,2024-12-31,1
472,2025-01-31,1
472,2025-02-28,1
472,2025-03-31,1
472,2025-04-30,1
472,2025-05-31,1
472,2025-06-30,1
472,2025-07-31,1
472,2025-08-31,1
472,2025-09-30,1
472,2025-10-31,1
472,2025-11-30,1
472,2025-12-31,1
472,2026-01-31,1
472,2026-02-28,1
472,2026-03-31,1
472,2026-04-30,1
472,2026-05-31,1
472,2026-06-30,0
472,2026-07-31,0
473,2024-02-29,1
473,2024-03-31,1
473,2024-04-30,1
473,2024-05-31,1
473,2024-06-30,1
473,2024-07-31,1
473,2024-08-31,1
473,2024-09-30,1
473,2024-10-31,1
473,2024-11-30,1
473,2024-12-31,1
473,2025-01-31,1
473,2025-02-28,1
473,2025-03-31,1
473,2025-04-30,1
473,2025-05-31,1
473,2025-06-30,1
473,2025-07-31,1
473,2025-08-31,1
473,2025-09-30,1
473,2025-10-31,1
473,2025-11-30,1
473,2025-12-31,1
473,2026-01-31,1
473,2026-02-28,1
473,2026-03-31,1
473,2026-04-30,1
473,2026-05-31,1
473,2026-06-30,1
473,2026-07-31,1
474,2024-11-30,1
474,2024-12-31,1
474,2025-01-31,1
474,2025-02-28,1
474,2025-03-31,1
474,2025-04-30,1
474,2025-05-31,1
474,2025-06-30,1
474,2025-07-31,1
474,2025-08-31,1
474,2025-09-30,1
474,2025-10-31,1
474,2025-11-30,1
474,2025-12-31,1
474,2026-01-31,1
474,2026-02-28,1
474,2026-03-31,1
474,2026-04-30,1
474,2026-05-31,1
474,2026-06-30,1
474,2026-07-31,1
475,2025-09-30,1
475,2025-10-31,1
475,2025-11-30,1
475,2025-12-31,1
475,2026-01-31,1
475,2026-02-28,1
475,2026-03-31,1
475,2026-04-30,1
475,2026-05-31,1
475,2026-06-30,1
475,2026-07-31,1
476,2026-06-30,1
476,2026-07-31,0
477,2026-05-31,1
477,2026-06-30,1
477,2026-07-31,1
478,2024-03-31,1
478,2024-04-30,1
478,2024-05-31,1
478,2024-06-30,1
478,2024-07-31,1
478,2024-08-31,1
478,2024-09-30,1
478,2024-10-31,1
478,2024-11-30,1
478,2024-12-31,1
478,2025-01-31,1
478,2025-02-28,0
478,2025-03-31,0
478,2025-04-30,0
478,2025-05-31,0
478,2025-06-30,0
478,2025-07-31,0
478,2025-08-31,0
478,2025-09-30,0
478,2025-10-31,0
478,2025-11-30,0
478,2025-12-31,0
478,2026-01-31,0
478,2026-02-28,0
478,2026-03-31,0
478,2026-04-30,0
478,2026-05-31,0
478,2026-06-30,0
478,2026-07-31,0
479,2026-01-31,1
479,2026-02-28,1
479,2026-03-31,1
479,2026-04-30,1
479,2026-05-31,1
479,2026-06-30,1
479,2026-07-31,1
480,2024-01-31,1
480,2024-02-29,1
480,2024-03-31,1
480,2024-04-30,1
480,2024-05-31,1
480,2024-06-30,1
480,2024-07-31,1
480,2024-08-31,1
480,2024-09-30,1
480,2024-10-31,1
480,2024-11-30,1
480,2024-12-31,1
480,2025-01-31,1
480,2025-02-28,1
480,2025-03-31,1
480,2025-04-30,1
480,2025-05-31,1
480,2025-06-30,1
480,2025-07-31,1
480,2025-08-31,1
480,2025-09-30,1
480,2025-10-31,1
480,2025-11-30,1
480,2025-12-31,1
480,2026-01-31,1
480,2026-02-28,1
480,2026-03-31,1
480,2026-04-30,1
480,2026-05-31,1
480,2026-06-30,1
480,2026-07-31,1
481,2024-01-31,1
481,2024-02-29,1
481,2024-03-31,1
481,2024-04-30,1
481,2024-05-31,1
481,2024-06-30,1
481,2024-07-31,1
481,2024-08-31,1
481,2024-09-30,1
481,2024-10-31,1
481,2024-11-30,1
481,2024-12-31,1
481,2025-01-31,1
481,2025-02-28,1
481,2025-03-31,1
481,2025-04-30,1
481,2025-05-31,1
481,2025-06-30,1
481,2025-07-31,1
481,2025-08-31,1
481,2025-09-30,1
481,2025-10-31,1
481,2025-11-30,1
481,2025-12-31,1
481,2026-01-31,1
481,2026-02-28,1
481,2026-03-31,1
481,2026-04-30,1
481,2026-05-31,1
481,2026-06-30,1
481,2026-07-31,1
482,2024-01-31,1
482,2024-02-29,1
482,2024-03-31,1
482,2024-04-30,1
482,2024-05-31,1
482,2024-06-30,1
482,2024-07-31,1
482,2024-08-31,1
482,2024-09-30,1
482,2024-10-31,1
482,2024-11-30,1
482,2024-12-31,1
482,2025-01-31,1
482,2025-02-28,1
482,2025-03-31,1
482,2025-04-30,1
482,2025-05-31,1
482,2025-06-30,1
482,2025-07-31,1
482,2025-08-31,1
482,2025-09-30,1
482,2025-10-31,1
482,2025-11-30,1
482,2025-12-31,1
482,2026-01-31,1
482,2026-02-28,1
482,2026-03-31,1
482,2026-04-30,1
482,2026-05-31,1
482,2026-06-30,1
482,2026-07-31,1
483,2024-06-30,1
483,2024-07-31,1
483,2024-08-31,1
483,2024-09-30,1
483,2024-10-31,1
483,2024-11-30,1
483,2024-12-31,1
483,2025-01-31,1
483,2025-02-28,1
483,2025-03-31,1
483,2025-04-30,1
483,2025-05-31,1
483,2025-06-30,1
483,2025-07-31,1
483,2025-08-31,1
483,2025-09-30,1
483,2025-10-31,1
483,2025-11-30,1
483,2025-12-31,1
483,2026-01-31,1
483,2026-02-28,1
483,2026-03-31,1
483,2026-04-30,1
483,2026-05-31,1
483,2026-06-30,1
483,2026-07-31,1
484,2025-03-31,1
484,2025-04-30,1
484,2025-05-31,1
484,2025-06-30,1
484,2025-07-31,1
484,2025-08-31,1
484,2025-09-30,1
484,2025-10-31,1
484,2025-11-30,1
484,2025-12-31,1
484,2026-01-31,1
484,2026-02-28,1
484,2026-03-31,0
484,2026-04-30,0
484,2026-05-31,0
484,2026-06-30,0
484,2026-07-31,0
485,2026-06-30,1
485,2026-07-31,1
486,2025-07-31,1
486,2025-08-31,1
486,2025-09-30,1
486,2025-10-31,1
486,2025-11-30,1
486,2025-12-31,1
486,2026-01-31,1
486,2026-02-28,1
486,2026-03-31,1
486,2026-04-30,1
486,2026-05-31,1
486,2026-06-30,1
486,2026-07-31,1
487,2024-09-30,1
487,2024-10-31,1
487,2024-11-30,1
487,2024-12-31,1
487,2025-01-31,1
487,2025-02-28,1
487,2025-03-31,1
487,2025-04-30,1
487,2025-05-31,1
487,2025-06-30,1
487,2025-07-31,1
487,2025-08-31,1
487,2025-09-30,1
487,2025-10-31,1
487,2025-11-30,1
487,2025-12-31,1
487,2026-01-31,1
487,2026-02-28,1
487,2026-03-31,1
487,2026-04-30,1
487,2026-05-31,1
487,2026-06-30,1
487,2026-07-31,1
488,2025-03-31,1
488,2025-04-30,1
488,2025-05-31,1
488,2025-06-30,1
488,2025-07-31,1
488,2025-08-31,1
488,2025-09-30,1
488,2025-10-31,1
488,2025-11-30,1
488,2025-12-31,1
488,2026-01-31,1
488,2026-02-28,1
488,2026-03-31,1
488,2026-04-30,1
488,2026-05-31,1
488,2026-06-30,1
488,2026-07-31,1
489,2025-09-30,1
489,2025-10-31,1
489,2025-11-30,1
489,2025-12-31,1
489,2026-01-31,1
489,2026-02-28,1
489,2026-03-31,1
489,2026-04-30,1
489,2026-05-31,1
489,2026-06-30,1
489,2026-07-31,1
490,2025-04-30,1
490,2025-05-31,1
490,2025-06-30,1
490,2025-07-31,1
490,2025-08-31,1
490,2025-09-30,1
490,2025-10-31,1
490,2025-11-30,1
490,2025-12-31,1
490,2026-01-31,1
490,2026-02-28,1
490,2026-03-31,1
490,2026-04-30,1
490,2026-05-31,1
490,2026-06-30,1
490,2026-07-31,1
491,2024-06-30,1
491,2024-07-31,1
491,2024-08-31,1
491,2024-09-30,1
491,2024-10-31,1
491,2024-11-30,1
491,2024-12-31,1
491,2025-01-31,1
491,2025-02-28,1
491,2025-03-31,1
491,2025-04-30,1
491,2025-05-31,1
491,2025-06-30,1
491,2025-07-31,1
491,2025-08-31,1
491,2025-09-30,1
491,2025-10-31,1
491,2025-11-30,1
491,2025-12-31,1
491,2026-01-31,1
491,2026-02-28,1
491,2026-03-31,1
491,2026-04-30,1
491,2026-05-31,1
491,2026-06-30,1
491,2026-07-31,1
492,2024-02-29,1
492,2024-03-31,1
492,2024-04-30,1
492,2024-05-31,1
492,2024-06-30,1
492,2024-07-31,1
492,2024-08-31,1
492,2024-09-30,1
492,2024-10-31,1
492,2024-11-30,1
492,2024-12-31,1
492,2025-01-31,1
492,2025-02-28,1
492,2025-03-31,1
492,2025-04-30,1
492,2025-05-31,1
492,2025-06-30,1
492,2025-07-31,1
492,2025-08-31,1
492,2025-09-30,1
492,2025-10-31,1
492,2025-11-30,1
492,2025-12-31,1
492,2026-01-31,1
492,2026-02-28,1
492,2026-03-31,1
492,2026-04-30,1
492,2026-05-31,1
492,2026-06-30,1
492,2026-07-31,1
493,2025-02-28,1
493,2025-03-31,1
493,2025-04-30,1
493,2025-05-31,1
493,2025-06-30,1
493,2025-07-31,1
493,2025-08-31,1
493,2025-09-30,1
493,2025-10-31,1
493,2025-11-30,1
493,2025-12-31,1
493,2026-01-31,1
493,2026-02-28,1
493,2026-03-31,1
493,2026-04-30,1
493,2026-05-31,0
493,2026-06-30,0
493,2026-07-31,0
494,2025-12-31,1
494,2026-01-31,1
494,2026-02-28,1
494,2026-03-31,0
494,2026-04-30,0
494,2026-05-31,0
494,2026-06-30,0
494,2026-07-31,0
495,2024-03-31,1
495,2024-04-30,1
495,2024-05-31,1
495,2024-06-30,1
495,2024-07-31,1
495,2024-08-31,1
495,2024-09-30,1
495,2024-10-31,1
495,2024-11-30,1
495,2024-12-31,1
495,2025-01-31,1
495,2025-02-28,1
495,2025-03-31,1
495,2025-04-30,1
495,2025-05-31,1
495,2025-06-30,1
495,2025-07-31,1
495,2025-08-31,1
495,2025-09-30,1
495,2025-10-31,1
495,2025-11-30,1
495,2025-12-31,1
495,2026-01-31,1
495,2026-02-28,1
495,2026-03-31,1
495,2026-04-30,1
495,2026-05-31,1
495,2026-06-30,1
495,2026-07-31,1
496,2024-05-31,1
496,2024-06-30,1
496,2024-07-31,1
496,2024-08-31,1
496,2024-09-30,1
496,2024-10-31,1
496,2024-11-30,1
496,2024-12-31,1
496,2025-01-31,1
496,2025-02-28,1
496,2025-03-31,1
496,2025-04-30,1
496,2025-05-31,1
496,2025-06-30,1
496,2025-07-31,1
496,2025-08-31,1
496,2025-09-30,1
496,2025-10-31,1
496,2025-11-30,1
496,2025-12-31,1
496,2026-01-31,1
496,2026-02-28,1
496,2026-03-31,1
496,2026-04-30,1
496,2026-05-31,1
496,2026-06-30,1
496,2026-07-31,1
497,2024-02-29,1
497,2024-03-31,1
497,2024-04-30,1
497,2024-05-31,1
497,2024-06-30,1
497,2024-07-31,1
497,2024-08-31,1
497,2024-09-30,1
497,2024-10-31,1
497,2024-11-30,1
497,2024-12-31,1
497,2025-01-31,1
497,2025-02-28,1
497,2025-03-31,1
497,2025-04-30,1
497,2025-05-31,1
497,2025-06-30,1
497,2025-07-31,1
497,2025-08-31,1
497,2025-09-30,1
497,2025-10-31,1
497,2025-11-30,1
497,2025-12-31,1
497,2026-01-31,1
497,2026-02-28,1
497,2026-03-31,1
497,2026-04-30,1
497,2026-05-31,1
497,2026-06-30,1
497,2026-07-31,1
498,2025-02-28,1
498,2025-03-31,1
498,2025-04-30,1
498,2025-05-31,1
498,2025-06-30,1
498,2025-07-31,1
498,2025-08-31,1
498,2025-09-30,1
498,2025-10-31,1
498,2025-11-30,1
498,2025-12-31,1
498,2026-01-31,1
498,2026-02-28,1
498,2026-03-31,1
498,2026-04-30,1
498,2026-05-31,1
498,2026-06-30,1
498,2026-07-31,1
499,2025-05-31,1
499,2025-06-30,1
499,2025-07-31,1
499,2025-08-31,1
499,2025-09-30,1
499,2025-10-31,1
499,2025-11-30,1
499,2025-12-31,1
499,2026-01-31,1
499,2026-02-28,1
499,2026-03-31,1
499,2026-04-30,1
499,2026-05-31,1
499,2026-06-30,1
499,2026-07-31,1
500,2026-03-31,1
500,2026-04-30,1
500,2026-05-31,1
500,2026-06-30,1
500,2026-07-31,1
501,2024-04-30,1
501,2024-05-31,1
501,2024-06-30,1
501,2024-07-31,1
501,2024-08-31,1
501,2024-09-30,1
501,2024-10-31,1
501,2024-11-30,1
501,2024-12-31,1
501,2025-01-31,1
501,2025-02-28,1
501,2025-03-31,1
501,2025-04-30,1
501,2025-05-31,1
501,2025-06-30,1
501,2025-07-31,1
501,2025-08-31,1
501,2025-09-30,1
501,2025-10-31,1
501,2025-11-30,1
501,2025-12-31,1
501,2026-01-31,1
501,2026-02-28,1
501,2026-03-31,1
501,2026-04-30,1
501,2026-05-31,1
501,2026-06-30,1
501,2026-07-31,1
502,2024-06-30,1
502,2024-07-31,1
502,2024-08-31,1
502,2024-09-30,1
502,2024-10-31,1
502,2024-11-30,1
502,2024-12-31,1
502,2025-01-31,1
502,2025-02-28,1
502,2025-03-31,1
502,2025-04-30,1
502,2025-05-31,1
502,2025-06-30,1
502,2025-07-31,1
502,2025-08-31,1
502,2025-09-30,1
502,2025-10-31,1
502,2025-11-30,1
502,2025-12-31,1
502,2026-01-31,1
502,2026-02-28,1
502,2026-03-31,1
502,2026-04-30,1
502,2026-05-31,1
502,2026-06-30,1
502,2026-07-31,1
503,2024-07-31,1
503,2024-08-31,1
503,2024-09-30,1
503,2024-10-31,1
503,2024-11-30,1
503,2024-12-31,1
503,2025-01-31,1
503,2025-02-28,1
503,2025-03-31,1
503,2025-04-30,1
503,2025-05-31,1
503,2025-06-30,1
503,2025-07-31,1
503,2025-08-31,1
503,2025-09-30,1
503,2025-10-31,1
503,2025-11-30,1
503,2025-12-31,1
503,2026-01-31,1
503,2026-02-28,1
503,2026-03-31,1
503,2026-04-30,1
503,2026-05-31,1
503,2026-06-30,1
503,2026-07-31,1
504,2025-12-31,1
504,2026-01-31,1
504,2026-02-28,1
504,2026-03-31,1
504,2026-04-30,1
504,2026-05-31,1
504,2026-06-30,1
504,2026-07-31,1
505,2024-12-31,1
505,2025-01-31,1
505,2025-02-28,1
505,2025-03-31,1
505,2025-04-30,1
505,2025-05-31,1
505,2025-06-30,1
505,2025-07-31,1
505,2025-08-31,1
505,2025-09-30,1
505,2025-10-31,1
505,2025-11-30,1
505,2025-12-31,1
505,2026-01-31,1
505,2026-02-28,1
505,2026-03-31,1
505,2026-04-30,1
505,2026-05-31,1
505,2026-06-30,1
505,2026-07-31,1
506,2025-04-30,1
506,2025-05-31,1
506,2025-06-30,1
506,2025-07-31,1
506,2025-08-31,1
506,2025-09-30,1
506,2025-10-31,1
506,2025-11-30,1
506,2025-12-31,1
506,2026-01-31,1
506,2026-02-28,1
506,2026-03-31,1
506,2026-04-30,1
506,2026-05-31,1
506,2026-06-30,1
506,2026-07-31,1
507,2024-04-30,1
507,2024-05-31,1
507,2024-06-30,1
507,2024-07-31,1
507,2024-08-31,1
507,2024-09-30,1
507,2024-10-31,1
507,2024-11-30,1
507,2024-12-31,1
507,2025-01-31,1
507,2025-02-28,1
507,2025-03-31,1
507,2025-04-30,1
507,2025-05-31,1
507,2025-06-30,1
507,2025-07-31,1
507,2025-08-31,1
507,2025-09-30,1
507,2025-10-31,1
507,2025-11-30,1
507,2025-12-31,1
507,2026-01-31,1
507,2026-02-28,1
507,2026-03-31,1
507,2026-04-30,1
507,2026-05-31,1
507,2026-06-30,1
507,2026-07-31,1
508,2025-02-28,1
508,2025-03-31,1
508,2025-04-30,1
508,2025-05-31,1
508,2025-06-30,1
508,2025-07-31,1
508,2025-08-31,1
508,2025-09-30,1
508,2025-10-31,1
508,2025-11-30,1
508,2025-12-31,1
508,2026-01-31,1
508,2026-02-28,1
508,2026-03-31,1
508,2026-04-30,0
508,2026-05-31,0
508,2026-06-30,0
508,2026-07-31,0
509,2024-09-30,1
509,2024-10-31,1
509,2024-11-30,1
509,2024-12-31,1
509,2025-01-31,1
509,2025-02-28,1
509,2025-03-31,1
509,2025-04-30,1
509,2025-05-31,1
509,2025-06-30,1
509,2025-07-31,1
509,2025-08-31,1
509,2025-09-30,1
509,2025-10-31,1
509,2025-11-30,1
509,2025-12-31,1
509,2026-01-31,1
509,2026-02-28,1
509,2026-03-31,1
509,2026-04-30,1
509,2026-05-31,1
509,2026-06-30,1
509,2026-07-31,1
510,2024-03-31,1
510,2024-04-30,1
510,2024-05-31,1
510,2024-06-30,1
510,2024-07-31,1
510,2024-08-31,1
510,2024-09-30,1
510,2024-10-31,1
510,2024-11-30,0
510,2024-12-31,0
510,2025-01-31,0
510,2025-02-28,0
510,2025-03-31,0
510,2025-04-30,0
510,2025-05-31,0
510,2025-06-30,0
510,2025-07-31,0
510,2025-08-31,0
510,2025-09-30,0
510,2025-10-31,0
510,2025-11-30,0
510,2025-12-31,0
510,2026-01-31,0
510,2026-02-28,0
510,2026-03-31,0
510,2026-04-30,0
510,2026-05-31,0
510,2026-06-30,0
510,2026-07-31,0
511,2024-07-31,1
511,2024-08-31,1
511,2024-09-30,1
511,2024-10-31,1
511,2024-11-30,1
511,2024-12-31,1
511,2025-01-31,1
511,2025-02-28,1
511,2025-03-31,1
511,2025-04-30,1
511,2025-05-31,1
511,2025-06-30,1
511,2025-07-31,1
511,2025-08-31,1
511,2025-09-30,1
511,2025-10-31,1
511,2025-11-30,1
511,2025-12-31,1
511,2026-01-31,1
511,2026-02-28,1
511,2026-03-31,1
511,2026-04-30,1
511,2026-05-31,1
511,2026-06-30,1
511,2026-07-31,1
512,2024-07-31,1
512,2024-08-31,1
512,2024-09-30,1
512,2024-10-31,1
512,2024-11-30,1
512,2024-12-31,1
512,2025-01-31,1
512,2025-02-28,1
512,2025-03-31,1
512,2025-04-30,1
512,2025-05-31,1
512,2025-06-30,1
512,2025-07-31,1
512,2025-08-31,1
512,2025-09-30,1
512,2025-10-31,1
512,2025-11-30,1
512,2025-12-31,1
512,2026-01-31,1
512,2026-02-28,1
512,2026-03-31,1
512,2026-04-30,1
512,2026-05-31,1
512,2026-06-30,1
512,2026-07-31,1
513,2024-07-31,1
513,2024-08-31,1
513,2024-09-30,1
513,2024-10-31,1
513,2024-11-30,1
513,2024-12-31,1
513,2025-01-31,1
513,2025-02-28,1
513,2025-03-31,1
513,2025-04-30,1
513,2025-05-31,1
513,2025-06-30,1
513,2025-07-31,1
513,2025-08-31,1
513,2025-09-30,1
513,2025-10-31,0
513,2025-11-30,0
513,2025-12-31,0
513,2026-01-31,0
513,2026-02-28,0
513,2026-03-31,0
513,2026-04-30,0
513,2026-05-31,0
513,2026-06-30,0
513,2026-07-31,0
514,2024-02-29,1
514,2024-03-31,1
514,2024-04-30,1
514,2024-05-31,1
514,2024-06-30,1
514,2024-07-31,1
514,2024-08-31,1
514,2024-09-30,1
514,2024-10-31,1
514,2024-11-30,1
514,2024-12-31,1
514,2025-01-31,1
514,2025-02-28,1
514,2025-03-31,1
514,2025-04-30,1
514,2025-05-31,1
514,2025-06-30,1
514,2025-07-31,1
514,2025-08-31,1
514,2025-09-30,1
514,2025-10-31,1
514,2025-11-30,1
514,2025-12-31,1
514,2026-01-31,1
514,2026-02-28,1
514,2026-03-31,1
514,2026-04-30,1
514,2026-05-31,1
514,2026-06-30,1
514,2026-07-31,1
515,2025-03-31,1
515,2025-04-30,1
515,2025-05-31,1
515,2025-06-30,1
515,2025-07-31,1
515,2025-08-31,1
515,2025-09-30,1
515,2025-10-31,1
515,2025-11-30,1
515,2025-12-31,1
515,2026-01-31,1
515,2026-02-28,1
515,2026-03-31,1
515,2026-04-30,1
515,2026-05-31,1
515,2026-06-30,1
515,2026-07-31,1
516,2026-05-31,1
516,2026-06-30,1
516,2026-07-31,0
517,2024-03-31,1
517,2024-04-30,1
517,2024-05-31,1
517,2024-06-30,1
517,2024-07-31,1
517,2024-08-31,1
517,2024-09-30,1
517,2024-10-31,1
517,2024-11-30,1
517,2024-12-31,1
517,2025-01-31,1
517,2025-02-28,1
517,2025-03-31,1
517,2025-04-30,1
517,2025-05-31,1
517,2025-06-30,1
517,2025-07-31,1
517,2025-08-31,1
517,2025-09-30,1
517,2025-10-31,1
517,2025-11-30,1
517,2025-12-31,1
517,2026-01-31,1
517,2026-02-28,1
517,2026-03-31,1
517,2026-04-30,1
517,2026-05-31,1
517,2026-06-30,1
517,2026-07-31,1
518,2026-04-30,1
518,2026-05-31,1
518,2026-06-30,1
518,2026-07-31,1
519,2024-11-30,1
519,2024-12-31,1
519,2025-01-31,1
519,2025-02-28,1
519,2025-03-31,1
519,2025-04-30,1
519,2025-05-31,1
519,2025-06-30,1
519,2025-07-31,1
519,2025-08-31,1
519,2025-09-30,1
519,2025-10-31,1
519,2025-11-30,1
519,2025-12-31,1
519,2026-01-31,1
519,2026-02-28,1
519,2026-03-31,1
519,2026-04-30,1
519,2026-05-31,1
519,2026-06-30,1
519,2026-07-31,1
520,2024-03-31,1
520,2024-04-30,1
520,2024-05-31,1
520,2024-06-30,1
520,2024-07-31,1
520,2024-08-31,1
520,2024-09-30,1
520,2024-10-31,1
520,2024-11-30,1
520,2024-12-31,1
520,2025-01-31,1
520,2025-02-28,1
520,2025-03-31,1
520,2025-04-30,1
520,2025-05-31,1
520,2025-06-30,1
520,2025-07-31,0
520,2025-08-31,0
520,2025-09-30,0
520,2025-10-31,0
520,2025-11-30,0
520,2025-12-31,0
520,2026-01-31,0
520,2026-02-28,0
520,2026-03-31,0
520,2026-04-30,0
520,2026-05-31,0
520,2026-06-30,0
520,2026-07-31,0
521,2024-09-30,1
521,2024-10-31,1
521,2024-11-30,1
521,2024-12-31,1
521,2025-01-31,1
521,2025-02-28,1
521,2025-03-31,1
521,2025-04-30,1
521,2025-05-31,1
521,2025-06-30,1
521,2025-07-31,1
521,2025-08-31,1
521,2025-09-30,1
521,2025-10-31,1
521,2025-11-30,1
521,2025-12-31,1
521,2026-01-31,1
521,2026-02-28,1
521,2026-03-31,1
521,2026-04-30,1
521,2026-05-31,1
521,2026-06-30,1
521,2026-07-31,1
522,2024-06-30,1
522,2024-07-31,1
522,2024-08-31,1
522,2024-09-30,1
522,2024-10-31,1
522,2024-11-30,1
522,2024-12-31,1
522,2025-01-31,1
522,2025-02-28,1
522,2025-03-31,1
522,2025-04-30,1
522,2025-05-31,1
522,2025-06-30,1
522,2025-07-31,1
522,2025-08-31,1
522,2025-09-30,1
522,2025-10-31,1
522,2025-11-30,1
522,2025-12-31,1
522,2026-01-31,1
522,2026-02-28,1
522,2026-03-31,1
522,2026-04-30,1
522,2026-05-31,1
522,2026-06-30,1
522,2026-07-31,1
523,2025-02-28,1
523,2025-03-31,1
523,2025-04-30,1
523,2025-05-31,1
523,2025-06-30,1
523,2025-07-31,1
523,2025-08-31,1
523,2025-09-30,1
523,2025-10-31,1
523,2025-11-30,1
523,2025-12-31,0
523,2026-01-31,0
523,2026-02-28,0
523,2026-03-31,0
523,2026-04-30,0
523,2026-05-31,0
523,2026-06-30,0
523,2026-07-31,0
524,2024-09-30,1
524,2024-10-31,1
524,2024-11-30,1
524,2024-12-31,1
524,2025-01-31,1
524,2025-02-28,1
524,2025-03-31,1
524,2025-04-30,1
524,2025-05-31,1
524,2025-06-30,1
524,2025-07-31,1
524,2025-08-31,1
524,2025-09-30,1
524,2025-10-31,0
524,2025-11-30,0
524,2025-12-31,0
524,2026-01-31,0
524,2026-02-28,0
524,2026-03-31,0
524,2026-04-30,0
524,2026-05-31,0
524,2026-06-30,0
524,2026-07-31,0
525,2024-02-29,1
525,2024-03-31,1
525,2024-04-30,1
525,2024-05-31,1
525,2024-06-30,1
525,2024-07-31,1
525,2024-08-31,1
525,2024-09-30,1
525,2024-10-31,1
525,2024-11-30,1
525,2024-12-31,1
525,2025-01-31,1
525,2025-02-28,1
525,2025-03-31,1
525,2025-04-30,1
525,2025-05-31,1
525,2025-06-30,1
525,2025-07-31,1
525,2025-08-31,1
525,2025-09-30,1
525,2025-10-31,1
525,2025-11-30,1
525,2025-12-31,1
525,2026-01-31,1
525,2026-02-28,1
525,2026-03-31,1
525,2026-04-30,1
525,2026-05-31,1
525,2026-06-30,1
525,2026-07-31,1
526,2024-05-31,1
526,2024-06-30,1
526,2024-07-31,1
526,2024-08-31,1
526,2024-09-30,1
526,2024-10-31,1
526,2024-11-30,1
526,2024-12-31,1
526,2025-01-31,1
526,2025-02-28,1
526,2025-03-31,1
526,2025-04-30,1
526,2025-05-31,1
526,2025-06-30,1
526,2025-07-31,1
526,2025-08-31,1
526,2025-09-30,1
526,2025-10-31,1
526,2025-11-30,1
526,2025-12-31,1
526,2026-01-31,1
526,2026-02-28,1
526,2026-03-31,0
526,2026-04-30,0
526,2026-05-31,0
526,2026-06-30,0
526,2026-07-31,0
527,2026-05-31,1
527,2026-06-30,1
527,2026-07-31,1
528,2026-04-30,1
528,2026-05-31,1
528,2026-06-30,1
528,2026-07-31,1
529,2024-05-31,1
529,2024-06-30,1
529,2024-07-31,1
529,2024-08-31,1
529,2024-09-30,1
529,2024-10-31,1
529,2024-11-30,1
529,2024-12-31,1
529,2025-01-31,1
529,2025-02-28,1
529,2025-03-31,1
529,2025-04-30,1
529,2025-05-31,1
529,2025-06-30,0
529,2025-07-31,0
529,2025-08-31,0
529,2025-09-30,0
529,2025-10-31,0
529,2025-11-30,0
529,2025-12-31,0
529,2026-01-31,0
529,2026-02-28,0
529,2026-03-31,0
529,2026-04-30,0
529,2026-05-31,0
529,2026-06-30,0
529,2026-07-31,0
530,2024-05-31,1
530,2024-06-30,1
530,2024-07-31,1
530,2024-08-31,1
530,2024-09-30,1
530,2024-10-31,1
530,2024-11-30,1
530,2024-12-31,1
530,2025-01-31,1
530,2025-02-28,1
530,2025-03-31,1
530,2025-04-30,1
530,2025-05-31,1
530,2025-06-30,1
530,2025-07-31,1
530,2025-08-31,1
530,2025-09-30,1
530,2025-10-31,1
530,2025-11-30,1
530,2025-12-31,1
530,2026-01-31,1
530,2026-02-28,1
530,2026-03-31,1
530,2026-04-30,1
530,2026-05-31,1
530,2026-06-30,1
530,2026-07-31,0
531,2025-02-28,1
531,2025-03-31,1
531,2025-04-30,1
531,2025-05-31,1
531,2025-06-30,0
531,2025-07-31,0
531,2025-08-31,0
531,2025-09-30,0
531,2025-10-31,0
531,2025-11-30,0
531,2025-12-31,0
531,2026-01-31,0
531,2026-02-28,0
531,2026-03-31,0
531,2026-04-30,0
531,2026-05-31,0
531,2026-06-30,0
531,2026-07-31,0
532,2024-01-31,1
532,2024-02-29,1
532,2024-03-31,1
532,2024-04-30,1
532,2024-05-31,1
532,2024-06-30,1
532,2024-07-31,1
532,2024-08-31,1
532,2024-09-30,1
532,2024-10-31,1
532,2024-11-30,1
532,2024-12-31,1
532,2025-01-31,1
532,2025-02-28,1
532,2025-03-31,1
532,2025-04-30,1
532,2025-05-31,1
532,2025-06-30,1
532,2025-07-31,1
532,2025-08-31,1
532,2025-09-30,1
532,2025-10-31,1
532,2025-11-30,1
532,2025-12-31,1
532,2026-01-31,1
532,2026-02-28,1
532,2026-03-31,1
532,2026-04-30,1
532,2026-05-31,1
532,2026-06-30,1
532,2026-07-31,1
533,2025-02-28,1
533,2025-03-31,1
533,2025-04-30,0
533,2025-05-31,0
533,2025-06-30,0
533,2025-07-31,0
533,2025-08-31,0
533,2025-09-30,0
533,2025-10-31,0
533,2025-11-30,0
533,2025-12-31,0
533,2026-01-31,0
533,2026-02-28,0
533,2026-03-31,0
533,2026-04-30,0
533,2026-05-31,0
533,2026-06-30,0
533,2026-07-31,0
534,2025-07-31,1
534,2025-08-31,1
534,2025-09-30,1
534,2025-10-31,1
534,2025-11-30,1
534,2025-12-31,1
534,2026-01-31,1
534,2026-02-28,1
534,2026-03-31,1
534,2026-04-30,1
534,2026-05-31,1
534,2026-06-30,1
534,2026-07-31,1
535,2026-01-31,1
535,2026-02-28,1
535,2026-03-31,1
535,2026-04-30,1
535,2026-05-31,1
535,2026-06-30,1
535,2026-07-31,1
536,2025-12-31,1
536,2026-01-31,1
536,2026-02-28,1
536,2026-03-31,1
536,2026-04-30,1
536,2026-05-31,0
536,2026-06-30,0
536,2026-07-31,0
537,2024-02-29,1
537,2024-03-31,1
537,2024-04-30,1
537,2024-05-31,1
537,2024-06-30,1
537,2024-07-31,1
537,2024-08-31,1
537,2024-09-30,1
537,2024-10-31,1
537,2024-11-30,1
537,2024-12-31,1
537,2025-01-31,1
537,2025-02-28,1
537,2025-03-31,1
537,2025-04-30,1
537,2025-05-31,1
537,2025-06-30,1
537,2025-07-31,1
537,2025-08-31,1
537,2025-09-30,1
537,2025-10-31,1
537,2025-11-30,1
537,2025-12-31,1
537,2026-01-31,1
537,2026-02-28,1
537,2026-03-31,1
537,2026-04-30,1
537,2026-05-31,1
537,2026-06-30,1
537,2026-07-31,1
538,2024-11-30,1
538,2024-12-31,1
538,2025-01-31,1
538,2025-02-28,1
538,2025-03-31,1
538,2025-04-30,1
538,2025-05-31,1
538,2025-06-30,1
538,2025-07-31,1
538,2025-08-31,1
538,2025-09-30,1
538,2025-10-31,1
538,2025-11-30,1
538,2025-12-31,1
538,2026-01-31,1
538,2026-02-28,1
538,2026-03-31,1
538,2026-04-30,1
538,2026-05-31,1
538,2026-06-30,1
538,2026-07-31,1
539,2026-01-31,1
539,2026-02-28,1
539,2026-03-31,1
539,2026-04-30,1
539,2026-05-31,1
539,2026-06-30,1
539,2026-07-31,1
540,2024-05-31,1
540,2024-06-30,1
540,2024-07-31,1
540,2024-08-31,1
540,2024-09-30,1
540,2024-10-31,1
540,2024-11-30,1
540,2024-12-31,1
540,2025-01-31,1
540,2025-02-28,1
540,2025-03-31,1
540,2025-04-30,1
540,2025-05-31,1
540,2025-06-30,1
540,2025-07-31,1
540,2025-08-31,1
540,2025-09-30,1
540,2025-10-31,1
540,2025-11-30,1
540,2025-12-31,1
540,2026-01-31,1
540,2026-02-28,1
540,2026-03-31,1
540,2026-04-30,1
540,2026-05-31,1
540,2026-06-30,1
540,2026-07-31,1
541,2024-03-31,1
541,2024-04-30,1
541,2024-05-31,1
541,2024-06-30,1
541,2024-07-31,1
541,2024-08-31,1
541,2024-09-30,1
541,2024-10-31,1
541,2024-11-30,1
541,2024-12-31,1
541,2025-01-31,1
541,2025-02-28,1
541,2025-03-31,1
541,2025-04-30,1
541,2025-05-31,1
541,2025-06-30,1
541,2025-07-31,1
541,2025-08-31,1
541,2025-09-30,1
541,2025-10-31,1
541,2025-11-30,1
541,2025-12-31,1
541,2026-01-31,1
541,2026-02-28,1
541,2026-03-31,1
541,2026-04-30,1
541,2026-05-31,1
541,2026-06-30,1
541,2026-07-31,1
542,2024-06-30,1
542,2024-07-31,1
542,2024-08-31,1
542,2024-09-30,1
542,2024-10-31,1
542,2024-11-30,1
542,2024-12-31,1
542,2025-01-31,1
542,2025-02-28,1
542,2025-03-31,1
542,2025-04-30,1
542,2025-05-31,1
542,2025-06-30,1
542,2025-07-31,1
542,2025-08-31,1
542,2025-09-30,1
542,2025-10-31,1
542,2025-11-30,1
542,2025-12-31,0
542,2026-01-31,0
542,2026-02-28,0
542,2026-03-31,0
542,2026-04-30,0
542,2026-05-31,0
542,2026-06-30,0
542,2026-07-31,0
543,2025-06-30,1
543,2025-07-31,1
543,2025-08-31,1
543,2025-09-30,1
543,2025-10-31,1
543,2025-11-30,1
543,2025-12-31,1
543,2026-01-31,1
543,2026-02-28,1
543,2026-03-31,1
543,2026-04-30,1
543,2026-05-31,1
543,2026-06-30,1
543,2026-07-31,1
544,2026-03-31,1
544,2026-04-30,1
544,2026-05-31,1
544,2026-06-30,1
544,2026-07-31,1
545,2026-05-31,1
545,2026-06-30,1
545,2026-07-31,0
546,2024-03-31,1
546,2024-04-30,1
546,2024-05-31,1
546,2024-06-30,1
546,2024-07-31,1
546,2024-08-31,1
546,2024-09-30,1
546,2024-10-31,1
546,2024-11-30,1
546,2024-12-31,1
546,2025-01-31,1
546,2025-02-28,1
546,2025-03-31,1
546,2025-04-30,1
546,2025-05-31,1
546,2025-06-30,1
546,2025-07-31,1
546,2025-08-31,1
546,2025-09-30,1
546,2025-10-31,1
546,2025-11-30,1
546,2025-12-31,1
546,2026-01-31,1
546,2026-02-28,1
546,2026-03-31,1
546,2026-04-30,1
546,2026-05-31,1
546,2026-06-30,1
546,2026-07-31,1
547,2024-08-31,1
547,2024-09-30,1
547,2024-10-31,1
547,2024-11-30,1
547,2024-12-31,1
547,2025-01-31,1
547,2025-02-28,1
547,2025-03-31,1
547,2025-04-30,1
547,2025-05-31,1
547,2025-06-30,1
547,2025-07-31,1
547,2025-08-31,1
547,2025-09-30,1
547,2025-10-31,1
547,2025-11-30,1
547,2025-12-31,1
547,2026-01-31,1
547,2026-02-28,1
547,2026-03-31,1
547,2026-04-30,1
547,2026-05-31,1
547,2026-06-30,1
547,2026-07-31,1
548,2024-09-30,1
548,2024-10-31,1
548,2024-11-30,1
548,2024-12-31,1
548,2025-01-31,1
548,2025-02-28,1
548,2025-03-31,1
548,2025-04-30,1
548,2025-05-31,1
548,2025-06-30,1
548,2025-07-31,1
548,2025-08-31,1
548,2025-09-30,1
548,2025-10-31,1
548,2025-11-30,1
548,2025-12-31,1
548,2026-01-31,1
548,2026-02-28,1
548,2026-03-31,1
548,2026-04-30,1
548,2026-05-31,1
548,2026-06-30,1
548,2026-07-31,1
549,2025-03-31,1
549,2025-04-30,1
549,2025-05-31,1
549,2025-06-30,1
549,2025-07-31,1
549,2025-08-31,1
549,2025-09-30,1
549,2025-10-31,1
549,2025-11-30,1
549,2025-12-31,1
549,2026-01-31,1
549,2026-02-28,1
549,2026-03-31,1
549,2026-04-30,1
549,2026-05-31,1
549,2026-06-30,1
549,2026-07-31,1
550,2024-07-31,1
550,2024-08-31,1
550,2024-09-30,1
550,2024-10-31,1
550,2024-11-30,1
550,2024-12-31,1
550,2025-01-31,1
550,2025-02-28,1
550,2025-03-31,1
550,2025-04-30,1
550,2025-05-31,1
550,2025-06-30,1
550,2025-07-31,1
550,2025-08-31,1
550,2025-09-30,1
550,2025-10-31,1
550,2025-11-30,1
550,2025-12-31,1
550,2026-01-31,1
550,2026-02-28,1
550,2026-03-31,1
550,2026-04-30,1
550,2026-05-31,1
550,2026-06-30,1
550,2026-07-31,1
551,2025-07-31,1
551,2025-08-31,1
551,2025-09-30,1
551,2025-10-31,1
551,2025-11-30,1
551,2025-12-31,1
551,2026-01-31,1
551,2026-02-28,1
551,2026-03-31,1
551,2026-04-30,1
551,2026-05-31,1
551,2026-06-30,1
551,2026-07-31,1
552,2024-07-31,1
552,2024-08-31,1
552,2024-09-30,1
552,2024-10-31,1
552,2024-11-30,1
552,2024-12-31,1
552,2025-01-31,1
552,2025-02-28,1
552,2025-03-31,1
552,2025-04-30,1
552,2025-05-31,1
552,2025-06-30,1
552,2025-07-31,1
552,2025-08-31,1
552,2025-09-30,1
552,2025-10-31,1
552,2025-11-30,1
552,2025-12-31,1
552,2026-01-31,1
552,2026-02-28,1
552,2026-03-31,1
552,2026-04-30,1
552,2026-05-31,1
552,2026-06-30,1
552,2026-07-31,1
553,2024-02-29,1
553,2024-03-31,1
553,2024-04-30,1
553,2024-05-31,1
553,2024-06-30,1
553,2024-07-31,1
553,2024-08-31,1
553,2024-09-30,1
553,2024-10-31,1
553,2024-11-30,1
553,2024-12-31,1
553,2025-01-31,1
553,2025-02-28,1
553,2025-03-31,1
553,2025-04-30,1
553,2025-05-31,1
553,2025-06-30,1
553,2025-07-31,1
553,2025-08-31,1
553,2025-09-30,1
553,2025-10-31,1
553,2025-11-30,1
553,2025-12-31,1
553,2026-01-31,1
553,2026-02-28,1
553,2026-03-31,1
553,2026-04-30,1
553,2026-05-31,1
553,2026-06-30,1
553,2026-07-31,1
554,2025-11-30,1
554,2025-12-31,1
554,2026-01-31,1
554,2026-02-28,1
554,2026-03-31,1
554,2026-04-30,1
554,2026-05-31,1
554,2026-06-30,1
554,2026-07-31,1
555,2024-05-31,1
555,2024-06-30,1
555,2024-07-31,1
555,2024-08-31,1
555,2024-09-30,1
555,2024-10-31,1
555,2024-11-30,1
555,2024-12-31,1
555,2025-01-31,1
555,2025-02-28,1
555,2025-03-31,1
555,2025-04-30,1
555,2025-05-31,1
555,2025-06-30,1
555,2025-07-31,1
555,2025-08-31,1
555,2025-09-30,1
555,2025-10-31,1
555,2025-11-30,1
555,2025-12-31,1
555,2026-01-31,1
555,2026-02-28,1
555,2026-03-31,1
555,2026-04-30,1
555,2026-05-31,1
555,2026-06-30,1
555,2026-07-31,1
556,2025-05-31,1
556,2025-06-30,1
556,2025-07-31,1
556,2025-08-31,1
556,2025-09-30,1
556,2025-10-31,1
556,2025-11-30,1
556,2025-12-31,1
556,2026-01-31,1
556,2026-02-28,1
556,2026-03-31,1
556,2026-04-30,1
556,2026-05-31,1
556,2026-06-30,1
556,2026-07-31,1
557,2025-06-30,1
557,2025-07-31,1
557,2025-08-31,1
557,2025-09-30,1
557,2025-10-31,1
557,2025-11-30,1
557,2025-12-31,1
557,2026-01-31,1
557,2026-02-28,1
557,2026-03-31,1
557,2026-04-30,1
557,2026-05-31,1
557,2026-06-30,1
557,2026-07-31,1
558,2025-05-31,1
558,2025-06-30,1
558,2025-07-31,1
558,2025-08-31,1
558,2025-09-30,1
558,2025-10-31,1
558,2025-11-30,1
558,2025-12-31,1
558,2026-01-31,1
558,2026-02-28,1
558,2026-03-31,1
558,2026-04-30,1
558,2026-05-31,1
558,2026-06-30,1
558,2026-07-31,1
559,2024-10-31,1
559,2024-11-30,1
559,2024-12-31,1
559,2025-01-31,1
559,2025-02-28,0
559,2025-03-31,0
559,2025-04-30,0
559,2025-05-31,0
559,2025-06-30,0
559,2025-07-31,0
559,2025-08-31,0
559,2025-09-30,0
559,2025-10-31,0
559,2025-11-30,0
559,2025-12-31,0
559,2026-01-31,0
559,2026-02-28,0
559,2026-03-31,0
559,2026-04-30,0
559,2026-05-31,0
559,2026-06-30,0
559,2026-07-31,0
560,2025-09-30,1
560,2025-10-31,1
560,2025-11-30,1
560,2025-12-31,1
560,2026-01-31,1
560,2026-02-28,1
560,2026-03-31,1
560,2026-04-30,1
560,2026-05-31,1
560,2026-06-30,1
560,2026-07-31,1
561,2026-06-30,1
561,2026-07-31,0
562,2025-01-31,1
562,2025-02-28,1
562,2025-03-31,1
562,2025-04-30,1
562,2025-05-31,1
562,2025-06-30,1
562,2025-07-31,1
562,2025-08-31,1
562,2025-09-30,1
562,2025-10-31,1
562,2025-11-30,1
562,2025-12-31,1
562,2026-01-31,1
562,2026-02-28,1
562,2026-03-31,1
562,2026-04-30,1
562,2026-05-31,1
562,2026-06-30,1
562,2026-07-31,1
563,2024-05-31,1
563,2024-06-30,1
563,2024-07-31,1
563,2024-08-31,1
563,2024-09-30,1
563,2024-10-31,1
563,2024-11-30,1
563,2024-12-31,1
563,2025-01-31,1
563,2025-02-28,1
563,2025-03-31,1
563,2025-04-30,1
563,2025-05-31,1
563,2025-06-30,1
563,2025-07-31,1
563,2025-08-31,1
563,2025-09-30,1
563,2025-10-31,1
563,2025-11-30,1
563,2025-12-31,1
563,2026-01-31,1
563,2026-02-28,1
563,2026-03-31,1
563,2026-04-30,1
563,2026-05-31,1
563,2026-06-30,1
563,2026-07-31,1
564,2025-03-31,1
564,2025-04-30,1
564,2025-05-31,1
564,2025-06-30,1
564,2025-07-31,1
564,2025-08-31,1
564,2025-09-30,0
564,2025-10-31,0
564,2025-11-30,0
564,2025-12-31,0
564,2026-01-31,0
564,2026-02-28,0
564,2026-03-31,0
564,2026-04-30,0
564,2026-05-31,0
564,2026-06-30,0
564,2026-07-31,0
565,2025-03-31,1
565,2025-04-30,1
565,2025-05-31,1
565,2025-06-30,1
565,2025-07-31,1
565,2025-08-31,1
565,2025-09-30,1
565,2025-10-31,1
565,2025-11-30,1
565,2025-12-31,1
565,2026-01-31,1
565,2026-02-28,1
565,2026-03-31,1
565,2026-04-30,1
565,2026-05-31,1
565,2026-06-30,1
565,2026-07-31,1
566,2026-06-30,1
566,2026-07-31,0
567,2026-06-30,1
567,2026-07-31,0
568,2026-06-30,1
568,2026-07-31,0
569,2025-11-30,1
569,2025-12-31,1
569,2026-01-31,1
569,2026-02-28,1
569,2026-03-31,1
569,2026-04-30,1
569,2026-05-31,1
569,2026-06-30,1
569,2026-07-31,1
570,2025-04-30,1
570,2025-05-31,1
570,2025-06-30,1
570,2025-07-31,1
570,2025-08-31,1
570,2025-09-30,1
570,2025-10-31,1
570,2025-11-30,1
570,2025-12-31,1
570,2026-01-31,1
570,2026-02-28,1
570,2026-03-31,1
570,2026-04-30,1
570,2026-05-31,1
570,2026-06-30,1
570,2026-07-31,1
571,2026-05-31,1
571,2026-06-30,1
571,2026-07-31,1
572,2025-08-31,1
572,2025-09-30,1
572,2025-10-31,1
572,2025-11-30,1
572,2025-12-31,1
572,2026-01-31,1
572,2026-02-28,1
572,2026-03-31,1
572,2026-04-30,1
572,2026-05-31,1
572,2026-06-30,1
572,2026-07-31,1
573,2024-07-31,1
573,2024-08-31,1
573,2024-09-30,1
573,2024-10-31,1
573,2024-11-30,1
573,2024-12-31,1
573,2025-01-31,1
573,2025-02-28,1
573,2025-03-31,1
573,2025-04-30,1
573,2025-05-31,1
573,2025-06-30,1
573,2025-07-31,1
573,2025-08-31,1
573,2025-09-30,1
573,2025-10-31,1
573,2025-11-30,1
573,2025-12-31,1
573,2026-01-31,1
573,2026-02-28,1
573,2026-03-31,0
573,2026-04-30,0
573,2026-05-31,0
573,2026-06-30,0
573,2026-07-31,0
574,2024-01-31,1
574,2024-02-29,1
574,2024-03-31,1
574,2024-04-30,1
574,2024-05-31,1
574,2024-06-30,1
574,2024-07-31,1
574,2024-08-31,1
574,2024-09-30,1
574,2024-10-31,1
574,2024-11-30,1
574,2024-12-31,1
574,2025-01-31,1
574,2025-02-28,1
574,2025-03-31,1
574,2025-04-30,1
574,2025-05-31,1
574,2025-06-30,1
574,2025-07-31,1
574,2025-08-31,1
574,2025-09-30,1
574,2025-10-31,1
574,2025-11-30,1
574,2025-12-31,1
574,2026-01-31,1
574,2026-02-28,1
574,2026-03-31,1
574,2026-04-30,1
574,2026-05-31,1
574,2026-06-30,1
574,2026-07-31,1
575,2025-12-31,1
575,2026-01-31,1
575,2026-02-28,1
575,2026-03-31,1
575,2026-04-30,1
575,2026-05-31,1
575,2026-06-30,1
575,2026-07-31,0
576,2026-02-28,1
576,2026-03-31,1
576,2026-04-30,1
576,2026-05-31,1
576,2026-06-30,1
576,2026-07-31,1
577,2024-01-31,1
577,2024-02-29,1
577,2024-03-31,1
577,2024-04-30,1
577,2024-05-31,1
577,2024-06-30,1
577,2024-07-31,1
577,2024-08-31,1
577,2024-09-30,1
577,2024-10-31,1
577,2024-11-30,1
577,2024-12-31,1
577,2025-01-31,1
577,2025-02-28,1
577,2025-03-31,1
577,2025-04-30,1
577,2025-05-31,1
577,2025-06-30,1
577,2025-07-31,1
577,2025-08-31,1
577,2025-09-30,1
577,2025-10-31,1
577,2025-11-30,1
577,2025-12-31,1
577,2026-01-31,1
577,2026-02-28,1
577,2026-03-31,1
577,2026-04-30,1
577,2026-05-31,1
577,2026-06-30,1
577,2026-07-31,1
578,2025-08-31,1
578,2025-09-30,1
578,2025-10-31,1
578,2025-11-30,1
578,2025-12-31,1
578,2026-01-31,1
578,2026-02-28,1
578,2026-03-31,1
578,2026-04-30,1
578,2026-05-31,1
578,2026-06-30,1
578,2026-07-31,1
579,2025-12-31,1
579,2026-01-31,1
579,2026-02-28,1
579,2026-03-31,1
579,2026-04-30,1
579,2026-05-31,1
579,2026-06-30,1
579,2026-07-31,1
580,2024-02-29,1
580,2024-03-31,1
580,2024-04-30,1
580,2024-05-31,1
580,2024-06-30,1
580,2024-07-31,1
580,2024-08-31,1
580,2024-09-30,1
580,2024-10-31,1
580,2024-11-30,1
580,2024-12-31,1
580,2025-01-31,1
580,2025-02-28,1
580,2025-03-31,1
580,2025-04-30,1
580,2025-05-31,1
580,2025-06-30,1
580,2025-07-31,1
580,2025-08-31,1
580,2025-09-30,1
580,2025-10-31,1
580,2025-11-30,1
580,2025-12-31,1
580,2026-01-31,1
580,2026-02-28,1
580,2026-03-31,1
580,2026-04-30,1
580,2026-05-31,1
580,2026-06-30,1
580,2026-07-31,1
581,2024-04-30,1
581,2024-05-31,1
581,2024-06-30,1
581,2024-07-31,1
581,2024-08-31,1
581,2024-09-30,1
581,2024-10-31,1
581,2024-11-30,1
581,2024-12-31,1
581,2025-01-31,1
581,2025-02-28,1
581,2025-03-31,1
581,2025-04-30,1
581,2025-05-31,1
581,2025-06-30,1
581,2025-07-31,1
581,2025-08-31,1
581,2025-09-30,1
581,2025-10-31,1
581,2025-11-30,1
581,2025-12-31,1
581,2026-01-31,1
581,2026-02-28,1
581,2026-03-31,1
581,2026-04-30,1
581,2026-05-31,1
581,2026-06-30,1
581,2026-07-31,1
582,2025-01-31,1
582,2025-02-28,1
582,2025-03-31,1
582,2025-04-30,1
582,2025-05-31,1
582,2025-06-30,1
582,2025-07-31,1
582,2025-08-31,1
582,2025-09-30,1
582,2025-10-31,1
582,2025-11-30,1
582,2025-12-31,1
582,2026-01-31,1
582,2026-02-28,1
582,2026-03-31,1
582,2026-04-30,1
582,2026-05-31,1
582,2026-06-30,1
582,2026-07-31,1
583,2024-09-30,1
583,2024-10-31,1
583,2024-11-30,1
583,2024-12-31,1
583,2025-01-31,1
583,2025-02-28,1
583,2025-03-31,0
583,2025-04-30,0
583,2025-05-31,0
583,2025-06-30,0
583,2025-07-31,0
583,2025-08-31,0
583,2025-09-30,0
583,2025-10-31,0
583,2025-11-30,0
583,2025-12-31,0
583,2026-01-31,0
583,2026-02-28,0
583,2026-03-31,0
583,2026-04-30,0
583,2026-05-31,0
583,2026-06-30,0
583,2026-07-31,0
584,2025-12-31,1
584,2026-01-31,1
584,2026-02-28,1
584,2026-03-31,1
584,2026-04-30,1
584,2026-05-31,1
584,2026-06-30,1
584,2026-07-31,1
585,2026-02-28,1
585,2026-03-31,1
585,2026-04-30,1
585,2026-05-31,1
585,2026-06-30,1
585,2026-07-31,1
586,2026-05-31,1
586,2026-06-30,1
586,2026-07-31,0
587,2024-06-30,1
587,2024-07-31,1
587,2024-08-31,1
587,2024-09-30,1
587,2024-10-31,1
587,2024-11-30,1
587,2024-12-31,1
587,2025-01-31,1
587,2025-02-28,1
587,2025-03-31,1
587,2025-04-30,1
587,2025-05-31,1
587,2025-06-30,1
587,2025-07-31,1
587,2025-08-31,1
587,2025-09-30,1
587,2025-10-31,1
587,2025-11-30,1
587,2025-12-31,1
587,2026-01-31,1
587,2026-02-28,1
587,2026-03-31,1
587,2026-04-30,1
587,2026-05-31,1
587,2026-06-30,1
587,2026-07-31,1
588,2026-05-31,1
588,2026-06-30,0
588,2026-07-31,0
589,2025-05-31,1
589,2025-06-30,1
589,2025-07-31,1
589,2025-08-31,1
589,2025-09-30,0
589,2025-10-31,0
589,2025-11-30,0
589,2025-12-31,0
589,2026-01-31,0
589,2026-02-28,0
589,2026-03-31,0
589,2026-04-30,0
589,2026-05-31,0
589,2026-06-30,0
589,2026-07-31,0
590,2025-05-31,1
590,2025-06-30,1
590,2025-07-31,1
590,2025-08-31,1
590,2025-09-30,1
590,2025-10-31,1
590,2025-11-30,1
590,2025-12-31,1
590,2026-01-31,1
590,2026-02-28,1
590,2026-03-31,0
590,2026-04-30,0
590,2026-05-31,0
590,2026-06-30,0
590,2026-07-31,0
591,2025-06-30,1
591,2025-07-31,1
591,2025-08-31,1
591,2025-09-30,1
591,2025-10-31,1
591,2025-11-30,1
591,2025-12-31,1
591,2026-01-31,1
591,2026-02-28,1
591,2026-03-31,1
591,2026-04-30,1
591,2026-05-31,1
591,2026-06-30,1
591,2026-07-31,1
592,2024-06-30,1
592,2024-07-31,1
592,2024-08-31,1
592,2024-09-30,1
592,2024-10-31,1
592,2024-11-30,1
592,2024-12-31,1
592,2025-01-31,1
592,2025-02-28,1
592,2025-03-31,1
592,2025-04-30,1
592,2025-05-31,1
592,2025-06-30,1
592,2025-07-31,1
592,2025-08-31,1
592,2025-09-30,1
592,2025-10-31,1
592,2025-11-30,1
592,2025-12-31,1
592,2026-01-31,1
592,2026-02-28,1
592,2026-03-31,1
592,2026-04-30,1
592,2026-05-31,1
592,2026-06-30,1
592,2026-07-31,1
593,2024-07-31,1
593,2024-08-31,1
593,2024-09-30,1
593,2024-10-31,1
593,2024-11-30,1
593,2024-12-31,1
593,2025-01-31,1
593,2025-02-28,1
593,2025-03-31,1
593,2025-04-30,1
593,2025-05-31,1
593,2025-06-30,1
593,2025-07-31,1
593,2025-08-31,1
593,2025-09-30,1
593,2025-10-31,1
593,2025-11-30,1
593,2025-12-31,1
593,2026-01-31,1
593,2026-02-28,1
593,2026-03-31,1
593,2026-04-30,1
593,2026-05-31,1
593,2026-06-30,1
593,2026-07-31,1
594,2025-09-30,1
594,2025-10-31,1
594,2025-11-30,1
594,2025-12-31,1
594,2026-01-31,1
594,2026-02-28,1
594,2026-03-31,1
594,2026-04-30,1
594,2026-05-31,1
594,2026-06-30,1
594,2026-07-31,0
595,2025-08-31,1
595,2025-09-30,1
595,2025-10-31,1
595,2025-11-30,1
595,2025-12-31,1
595,2026-01-31,1
595,2026-02-28,1
595,2026-03-31,1
595,2026-04-30,1
595,2026-05-31,1
595,2026-06-30,1
595,2026-07-31,1
596,2024-08-31,1
596,2024-09-30,1
596,2024-10-31,1
596,2024-11-30,1
596,2024-12-31,1
596,2025-01-31,1
596,2025-02-28,1
596,2025-03-31,1
596,2025-04-30,1
596,2025-05-31,1
596,2025-06-30,1
596,2025-07-31,0
596,2025-08-31,0
596,2025-09-30,0
596,2025-10-31,0
596,2025-11-30,0
596,2025-12-31,0
596,2026-01-31,0
596,2026-02-28,0
596,2026-03-31,0
596,2026-04-30,0
596,2026-05-31,0
596,2026-06-30,0
596,2026-07-31,0
597,2026-01-31,1
597,2026-02-28,1
597,2026-03-31,1
597,2026-04-30,1
597,2026-05-31,1
597,2026-06-30,1
597,2026-07-31,1
598,2024-08-31,1
598,2024-09-30,1
598,2024-10-31,1
598,2024-11-30,1
598,2024-12-31,1
598,2025-01-31,1
598,2025-02-28,1
598,2025-03-31,1
598,2025-04-30,1
598,2025-05-31,1
598,2025-06-30,1
598,2025-07-31,1
598,2025-08-31,1
598,2025-09-30,1
598,2025-10-31,1
598,2025-11-30,1
598,2025-12-31,1
598,2026-01-31,1
598,2026-02-28,1
598,2026-03-31,1
598,2026-04-30,1
598,2026-05-31,1
598,2026-06-30,1
598,2026-07-31,1
599,2025-03-31,1
599,2025-04-30,1
599,2025-05-31,1
599,2025-06-30,1
599,2025-07-31,1
599,2025-08-31,1
599,2025-09-30,1
599,2025-10-31,1
599,2025-11-30,1
599,2025-12-31,1
599,2026-01-31,1
599,2026-02-28,1
599,2026-03-31,1
599,2026-04-30,1
599,2026-05-31,1
599,2026-06-30,1
599,2026-07-31,1
600,2025-10-31,1
600,2025-11-30,1
600,2025-12-31,1
600,2026-01-31,1
600,2026-02-28,1
600,2026-03-31,1
600,2026-04-30,1
600,2026-05-31,1
600,2026-06-30,1
600,2026-07-31,1
601,2025-06-30,1
601,2025-07-31,1
601,2025-08-31,1
601,2025-09-30,1
601,2025-10-31,1
601,2025-11-30,1
601,2025-12-31,1
601,2026-01-31,1
601,2026-02-28,1
601,2026-03-31,1
601,2026-04-30,1
601,2026-05-31,1
601,2026-06-30,1
601,2026-07-31,1
602,2025-03-31,1
602,2025-04-30,1
602,2025-05-31,1
602,2025-06-30,1
602,2025-07-31,1
602,2025-08-31,1
602,2025-09-30,1
602,2025-10-31,1
602,2025-11-30,1
602,2025-12-31,1
602,2026-01-31,1
602,2026-02-28,1
602,2026-03-31,1
602,2026-04-30,1
602,2026-05-31,1
602,2026-06-30,1
602,2026-07-31,1
603,2025-03-31,1
603,2025-04-30,1
603,2025-05-31,1
603,2025-06-30,1
603,2025-07-31,1
603,2025-08-31,1
603,2025-09-30,1
603,2025-10-31,1
603,2025-11-30,1
603,2025-12-31,1
603,2026-01-31,1
603,2026-02-28,1
603,2026-03-31,1
603,2026-04-30,0
603,2026-05-31,0
603,2026-06-30,0
603,2026-07-31,0
604,2024-02-29,1
604,2024-03-31,1
604,2024-04-30,1
604,2024-05-31,1
604,2024-06-30,1
604,2024-07-31,1
604,2024-08-31,1
604,2024-09-30,1
604,2024-10-31,1
604,2024-11-30,1
604,2024-12-31,1
604,2025-01-31,1
604,2025-02-28,1
604,2025-03-31,1
604,2025-04-30,1
604,2025-05-31,1
604,2025-06-30,1
604,2025-07-31,1
604,2025-08-31,1
604,2025-09-30,1
604,2025-10-31,1
604,2025-11-30,1
604,2025-12-31,1
604,2026-01-31,1
604,2026-02-28,1
604,2026-03-31,1
604,2026-04-30,1
604,2026-05-31,1
604,2026-06-30,1
604,2026-07-31,1
605,2025-02-28,1
605,2025-03-31,1
605,2025-04-30,1
605,2025-05-31,1
605,2025-06-30,1
605,2025-07-31,1
605,2025-08-31,1
605,2025-09-30,1
605,2025-10-31,1
605,2025-11-30,1
605,2025-12-31,1
605,2026-01-31,0
605,2026-02-28,0
605,2026-03-31,0
605,2026-04-30,0
605,2026-05-31,0
605,2026-06-30,0
605,2026-07-31,0
606,2024-08-31,1
606,2024-09-30,1
606,2024-10-31,1
606,2024-11-30,1
606,2024-12-31,1
606,2025-01-31,1
606,2025-02-28,1
606,2025-03-31,1
606,2025-04-30,1
606,2025-05-31,1
606,2025-06-30,1
606,2025-07-31,1
606,2025-08-31,1
606,2025-09-30,1
606,2025-10-31,1
606,2025-11-30,1
606,2025-12-31,1
606,2026-01-31,1
606,2026-02-28,1
606,2026-03-31,1
606,2026-04-30,1
606,2026-05-31,1
606,2026-06-30,1
606,2026-07-31,1
607,2024-11-30,1
607,2024-12-31,1
607,2025-01-31,1
607,2025-02-28,1
607,2025-03-31,1
607,2025-04-30,1
607,2025-05-31,1
607,2025-06-30,1
607,2025-07-31,1
607,2025-08-31,1
607,2025-09-30,1
607,2025-10-31,1
607,2025-11-30,1
607,2025-12-31,1
607,2026-01-31,1
607,2026-02-28,1
607,2026-03-31,1
607,2026-04-30,1
607,2026-05-31,1
607,2026-06-30,1
607,2026-07-31,1
608,2025-09-30,1
608,2025-10-31,1
608,2025-11-30,1
608,2025-12-31,1
608,2026-01-31,1
608,2026-02-28,1
608,2026-03-31,1
608,2026-04-30,1
608,2026-05-31,1
608,2026-06-30,1
608,2026-07-31,1
609,2025-01-31,1
609,2025-02-28,1
609,2025-03-31,1
609,2025-04-30,1
609,2025-05-31,1
609,2025-06-30,1
609,2025-07-31,1
609,2025-08-31,1
609,2025-09-30,1
609,2025-10-31,1
609,2025-11-30,1
609,2025-12-31,1
609,2026-01-31,1
609,2026-02-28,1
609,2026-03-31,1
609,2026-04-30,1
609,2026-05-31,1
609,2026-06-30,1
609,2026-07-31,1
610,2024-02-29,1
610,2024-03-31,1
610,2024-04-30,1
610,2024-05-31,1
610,2024-06-30,1
610,2024-07-31,1
610,2024-08-31,1
610,2024-09-30,1
610,2024-10-31,1
610,2024-11-30,1
610,2024-12-31,1
610,2025-01-31,1
610,2025-02-28,1
610,2025-03-31,1
610,2025-04-30,1
610,2025-05-31,1
610,2025-06-30,1
610,2025-07-31,1
610,2025-08-31,1
610,2025-09-30,1
610,2025-10-31,1
610,2025-11-30,1
610,2025-12-31,1
610,2026-01-31,1
610,2026-02-28,1
610,2026-03-31,1
610,2026-04-30,1
610,2026-05-31,1
610,2026-06-30,1
610,2026-07-31,1
611,2024-09-30,1
611,2024-10-31,1
611,2024-11-30,1
611,2024-12-31,1
611,2025-01-31,1
611,2025-02-28,1
611,2025-03-31,1
611,2025-04-30,1
611,2025-05-31,1
611,2025-06-30,1
611,2025-07-31,1
611,2025-08-31,1
611,2025-09-30,1
611,2025-10-31,1
611,2025-11-30,1
611,2025-12-31,1
611,2026-01-31,0
611,2026-02-28,0
611,2026-03-31,0
611,2026-04-30,0
611,2026-05-31,0
611,2026-06-30,0
611,2026-07-31,0
612,2025-04-30,1
612,2025-05-31,1
612,2025-06-30,1
612,2025-07-31,1
612,2025-08-31,1
612,2025-09-30,1
612,2025-10-31,1
612,2025-11-30,1
612,2025-12-31,1
612,2026-01-31,1
612,2026-02-28,1
612,2026-03-31,1
612,2026-04-30,1
612,2026-05-31,1
612,2026-06-30,0
612,2026-07-31,0
613,2024-08-31,1
613,2024-09-30,1
613,2024-10-31,1
613,2024-11-30,1
613,2024-12-31,1
613,2025-01-31,1
613,2025-02-28,1
613,2025-03-31,1
613,2025-04-30,1
613,2025-05-31,1
613,2025-06-30,1
613,2025-07-31,1
613,2025-08-31,1
613,2025-09-30,1
613,2025-10-31,1
613,2025-11-30,1
613,2025-12-31,1
613,2026-01-31,1
613,2026-02-28,1
613,2026-03-31,1
613,2026-04-30,1
613,2026-05-31,1
613,2026-06-30,1
613,2026-07-31,1
614,2025-07-31,1
614,2025-08-31,1
614,2025-09-30,1
614,2025-10-31,1
614,2025-11-30,1
614,2025-12-31,1
614,2026-01-31,1
614,2026-02-28,1
614,2026-03-31,1
614,2026-04-30,1
614,2026-05-31,1
614,2026-06-30,1
614,2026-07-31,1
615,2025-02-28,1
615,2025-03-31,1
615,2025-04-30,0
615,2025-05-31,0
615,2025-06-30,0
615,2025-07-31,0
615,2025-08-31,0
615,2025-09-30,0
615,2025-10-31,0
615,2025-11-30,0
615,2025-12-31,0
615,2026-01-31,0
615,2026-02-28,0
615,2026-03-31,0
615,2026-04-30,0
615,2026-05-31,0
615,2026-06-30,0
615,2026-07-31,0
616,2025-06-30,1
616,2025-07-31,1
616,2025-08-31,1
616,2025-09-30,1
616,2025-10-31,1
616,2025-11-30,1
616,2025-12-31,1
616,2026-01-31,1
616,2026-02-28,1
616,2026-03-31,1
616,2026-04-30,1
616,2026-05-31,1
616,2026-06-30,1
616,2026-07-31,1
617,2024-01-31,1
617,2024-02-29,1
617,2024-03-31,1
617,2024-04-30,1
617,2024-05-31,1
617,2024-06-30,1
617,2024-07-31,1
617,2024-08-31,1
617,2024-09-30,1
617,2024-10-31,1
617,2024-11-30,1
617,2024-12-31,1
617,2025-01-31,1
617,2025-02-28,1
617,2025-03-31,1
617,2025-04-30,1
617,2025-05-31,1
617,2025-06-30,1
617,2025-07-31,1
617,2025-08-31,1
617,2025-09-30,1
617,2025-10-31,1
617,2025-11-30,1
617,2025-12-31,1
617,2026-01-31,1
617,2026-02-28,1
617,2026-03-31,1
617,2026-04-30,1
617,2026-05-31,1
617,2026-06-30,1
617,2026-07-31,1
618,2025-02-28,1
618,2025-03-31,1
618,2025-04-30,1
618,2025-05-31,1
618,2025-06-30,1
618,2025-07-31,1
618,2025-08-31,1
618,2025-09-30,1
618,2025-10-31,1
618,2025-11-30,1
618,2025-12-31,1
618,2026-01-31,1
618,2026-02-28,1
618,2026-03-31,1
618,2026-04-30,1
618,2026-05-31,1
618,2026-06-30,1
618,2026-07-31,1
619,2024-04-30,1
619,2024-05-31,1
619,2024-06-30,1
619,2024-07-31,1
619,2024-08-31,1
619,2024-09-30,1
619,2024-10-31,1
619,2024-11-30,1
619,2024-12-31,1
619,2025-01-31,1
619,2025-02-28,1
619,2025-03-31,1
619,2025-04-30,1
619,2025-05-31,1
619,2025-06-30,1
619,2025-07-31,1
619,2025-08-31,1
619,2025-09-30,1
619,2025-10-31,1
619,2025-11-30,1
619,2025-12-31,1
619,2026-01-31,1
619,2026-02-28,1
619,2026-03-31,1
619,2026-04-30,1
619,2026-05-31,1
619,2026-06-30,1
619,2026-07-31,1
620,2024-03-31,1
620,2024-04-30,1
620,2024-05-31,1
620,2024-06-30,1
620,2024-07-31,1
620,2024-08-31,1
620,2024-09-30,1
620,2024-10-31,1
620,2024-11-30,1
620,2024-12-31,1
620,2025-01-31,1
620,2025-02-28,1
620,2025-03-31,1
620,2025-04-30,1
620,2025-05-31,1
620,2025-06-30,1
620,2025-07-31,1
620,2025-08-31,1
620,2025-09-30,1
620,2025-10-31,1
620,2025-11-30,1
620,2025-12-31,1
620,2026-01-31,1
620,2026-02-28,1
620,2026-03-31,1
620,2026-04-30,1
620,2026-05-31,1
620,2026-06-30,1
620,2026-07-31,1
621,2026-01-31,1
621,2026-02-28,1
621,2026-03-31,0
621,2026-04-30,0
621,2026-05-31,0
621,2026-06-30,0
621,2026-07-31,0
622,2024-07-31,1
622,2024-08-31,1
622,2024-09-30,1
622,2024-10-31,1
622,2024-11-30,1
622,2024-12-31,1
622,2025-01-31,1
622,2025-02-28,1
622,2025-03-31,1
622,2025-04-30,1
622,2025-05-31,1
622,2025-06-30,1
622,2025-07-31,1
622,2025-08-31,1
622,2025-09-30,1
622,2025-10-31,1
622,2025-11-30,1
622,2025-12-31,1
622,2026-01-31,1
622,2026-02-28,1
622,2026-03-31,1
622,2026-04-30,1
622,2026-05-31,1
622,2026-06-30,1
622,2026-07-31,1
623,2025-04-30,1
623,2025-05-31,1
623,2025-06-30,1
623,2025-07-31,1
623,2025-08-31,1
623,2025-09-30,0
623,2025-10-31,0
623,2025-11-30,0
623,2025-12-31,0
623,2026-01-31,0
623,2026-02-28,0
623,2026-03-31,0
623,2026-04-30,0
623,2026-05-31,0
623,2026-06-30,0
623,2026-07-31,0
624,2026-03-31,1
624,2026-04-30,1
624,2026-05-31,1
624,2026-06-30,1
624,2026-07-31,1
625,2025-11-30,1
625,2025-12-31,1
625,2026-01-31,1
625,2026-02-28,1
625,2026-03-31,1
625,2026-04-30,1
625,2026-05-31,1
625,2026-06-30,1
625,2026-07-31,1
626,2024-11-30,1
626,2024-12-31,1
626,2025-01-31,1
626,2025-02-28,1
626,2025-03-31,1
626,2025-04-30,1
626,2025-05-31,1
626,2025-06-30,1
626,2025-07-31,1
626,2025-08-31,1
626,2025-09-30,1
626,2025-10-31,1
626,2025-11-30,1
626,2025-12-31,1
626,2026-01-31,1
626,2026-02-28,1
626,2026-03-31,1
626,2026-04-30,1
626,2026-05-31,1
626,2026-06-30,1
626,2026-07-31,1
627,2025-04-30,1
627,2025-05-31,1
627,2025-06-30,1
627,2025-07-31,1
627,2025-08-31,1
627,2025-09-30,1
627,2025-10-31,1
627,2025-11-30,1
627,2025-12-31,1
627,2026-01-31,1
627,2026-02-28,1
627,2026-03-31,1
627,2026-04-30,1
627,2026-05-31,1
627,2026-06-30,1
627,2026-07-31,1
628,2025-06-30,1
628,2025-07-31,1
628,2025-08-31,1
628,2025-09-30,1
628,2025-10-31,1
628,2025-11-30,1
628,2025-12-31,1
628,2026-01-31,1
628,2026-02-28,1
628,2026-03-31,1
628,2026-04-30,1
628,2026-05-31,1
628,2026-06-30,1
628,2026-07-31,1
629,2024-04-30,1
629,2024-05-31,1
629,2024-06-30,0
629,2024-07-31,0
629,2024-08-31,0
629,2024-09-30,0
629,2024-10-31,0
629,2024-11-30,0
629,2024-12-31,0
629,2025-01-31,0
629,2025-02-28,0
629,2025-03-31,0
629,2025-04-30,0
629,2025-05-31,0
629,2025-06-30,0
629,2025-07-31,0
629,2025-08-31,0
629,2025-09-30,0
629,2025-10-31,0
629,2025-11-30,0
629,2025-12-31,0
629,2026-01-31,0
629,2026-02-28,0
629,2026-03-31,0
629,2026-04-30,0
629,2026-05-31,0
629,2026-06-30,0
629,2026-07-31,0
630,2024-12-31,1
630,2025-01-31,1
630,2025-02-28,1
630,2025-03-31,1
630,2025-04-30,1
630,2025-05-31,1
630,2025-06-30,1
630,2025-07-31,1
630,2025-08-31,1
630,2025-09-30,1
630,2025-10-31,1
630,2025-11-30,1
630,2025-12-31,1
630,2026-01-31,1
630,2026-02-28,1
630,2026-03-31,1
630,2026-04-30,1
630,2026-05-31,1
630,2026-06-30,1
630,2026-07-31,1
631,2024-06-30,1
631,2024-07-31,1
631,2024-08-31,1
631,2024-09-30,1
631,2024-10-31,0
631,2024-11-30,0
631,2024-12-31,0
631,2025-01-31,0
631,2025-02-28,0
631,2025-03-31,0
631,2025-04-30,0
631,2025-05-31,0
631,2025-06-30,0
631,2025-07-31,0
631,2025-08-31,0
631,2025-09-30,0
631,2025-10-31,0
631,2025-11-30,0
631,2025-12-31,0
631,2026-01-31,0
631,2026-02-28,0
631,2026-03-31,0
631,2026-04-30,0
631,2026-05-31,0
631,2026-06-30,0
631,2026-07-31,0
632,2024-04-30,1
632,2024-05-31,1
632,2024-06-30,1
632,2024-07-31,1
632,2024-08-31,1
632,2024-09-30,1
632,2024-10-31,1
632,2024-11-30,1
632,2024-12-31,1
632,2025-01-31,1
632,2025-02-28,1
632,2025-03-31,1
632,2025-04-30,1
632,2025-05-31,1
632,2025-06-30,1
632,2025-07-31,1
632,2025-08-31,1
632,2025-09-30,1
632,2025-10-31,1
632,2025-11-30,1
632,2025-12-31,1
632,2026-01-31,1
632,2026-02-28,1
632,2026-03-31,1
632,2026-04-30,1
632,2026-05-31,1
632,2026-06-30,1
632,2026-07-31,1
633,2025-08-31,1
633,2025-09-30,1
633,2025-10-31,1
633,2025-11-30,1
633,2025-12-31,1
633,2026-01-31,1
633,2026-02-28,1
633,2026-03-31,1
633,2026-04-30,1
633,2026-05-31,1
633,2026-06-30,1
633,2026-07-31,1
634,2024-12-31,1
634,2025-01-31,1
634,2025-02-28,1
634,2025-03-31,1
634,2025-04-30,1
634,2025-05-31,1
634,2025-06-30,1
634,2025-07-31,1
634,2025-08-31,1
634,2025-09-30,1
634,2025-10-31,1
634,2025-11-30,1
634,2025-12-31,1
634,2026-01-31,1
634,2026-02-28,1
634,2026-03-31,1
634,2026-04-30,1
634,2026-05-31,1
634,2026-06-30,1
634,2026-07-31,1
635,2026-06-30,1
635,2026-07-31,1
636,2025-09-30,1
636,2025-10-31,1
636,2025-11-30,1
636,2025-12-31,1
636,2026-01-31,1
636,2026-02-28,1
636,2026-03-31,1
636,2026-04-30,1
636,2026-05-31,1
636,2026-06-30,1
636,2026-07-31,1
637,2025-08-31,1
637,2025-09-30,1
637,2025-10-31,1
637,2025-11-30,1
637,2025-12-31,1
637,2026-01-31,1
637,2026-02-28,1
637,2026-03-31,1
637,2026-04-30,1
637,2026-05-31,1
637,2026-06-30,1
637,2026-07-31,1
638,2024-01-31,1
638,2024-02-29,1
638,2024-03-31,1
638,2024-04-30,1
638,2024-05-31,1
638,2024-06-30,1
638,2024-07-31,1
638,2024-08-31,1
638,2024-09-30,1
638,2024-10-31,1
638,2024-11-30,1
638,2024-12-31,1
638,2025-01-31,1
638,2025-02-28,1
638,2025-03-31,1
638,2025-04-30,1
638,2025-05-31,1
638,2025-06-30,1
638,2025-07-31,1
638,2025-08-31,1
638,2025-09-30,1
638,2025-10-31,1
638,2025-11-30,1
638,2025-12-31,1
638,2026-01-31,1
638,2026-02-28,1
638,2026-03-31,1
638,2026-04-30,1
638,2026-05-31,1
638,2026-06-30,1
638,2026-07-31,1
639,2024-04-30,1
639,2024-05-31,1
639,2024-06-30,1
639,2024-07-31,1
639,2024-08-31,1
639,2024-09-30,1
639,2024-10-31,1
639,2024-11-30,1
639,2024-12-31,1
639,2025-01-31,1
639,2025-02-28,1
639,2025-03-31,1
639,2025-04-30,1
639,2025-05-31,1
639,2025-06-30,1
639,2025-07-31,1
639,2025-08-31,1
639,2025-09-30,1
639,2025-10-31,1
639,2025-11-30,1
639,2025-12-31,1
639,2026-01-31,1
639,2026-02-28,1
639,2026-03-31,1
639,2026-04-30,1
639,2026-05-31,1
639,2026-06-30,1
639,2026-07-31,1
640,2024-03-31,1
640,2024-04-30,1
640,2024-05-31,1
640,2024-06-30,1
640,2024-07-31,1
640,2024-08-31,1
640,2024-09-30,1
640,2024-10-31,1
640,2024-11-30,1
640,2024-12-31,1
640,2025-01-31,1
640,2025-02-28,1
640,2025-03-31,1
640,2025-04-30,1
640,2025-05-31,1
640,2025-06-30,1
640,2025-07-31,1
640,2025-08-31,1
640,2025-09-30,1
640,2025-10-31,1
640,2025-11-30,1
640,2025-12-31,1
640,2026-01-31,1
640,2026-02-28,1
640,2026-03-31,1
640,2026-04-30,1
640,2026-05-31,1
640,2026-06-30,1
640,2026-07-31,1
641,2026-06-30,1
641,2026-07-31,1
642,2025-12-31,1
642,2026-01-31,1
642,2026-02-28,1
642,2026-03-31,1
642,2026-04-30,1
642,2026-05-31,1
642,2026-06-30,1
642,2026-07-31,1
643,2026-02-28,1
643,2026-03-31,1
643,2026-04-30,1
643,2026-05-31,1
643,2026-06-30,1
643,2026-07-31,1
644,2025-02-28,1
644,2025-03-31,1
644,2025-04-30,1
644,2025-05-31,1
644,2025-06-30,1
644,2025-07-31,1
644,2025-08-31,1
644,2025-09-30,1
644,2025-10-31,1
644,2025-11-30,1
644,2025-12-31,1
644,2026-01-31,1
644,2026-02-28,1
644,2026-03-31,1
644,2026-04-30,1
644,2026-05-31,0
644,2026-06-30,0
644,2026-07-31,0
645,2025-06-30,1
645,2025-07-31,1
645,2025-08-31,1
645,2025-09-30,1
645,2025-10-31,1
645,2025-11-30,1
645,2025-12-31,1
645,2026-01-31,1
645,2026-02-28,1
645,2026-03-31,1
645,2026-04-30,1
645,2026-05-31,1
645,2026-06-30,1
645,2026-07-31,1
646,2025-09-30,1
646,2025-10-31,1
646,2025-11-30,1
646,2025-12-31,1
646,2026-01-31,1
646,2026-02-28,1
646,2026-03-31,1
646,2026-04-30,1
646,2026-05-31,1
646,2026-06-30,1
646,2026-07-31,1
647,2025-07-31,1
647,2025-08-31,1
647,2025-09-30,1
647,2025-10-31,1
647,2025-11-30,1
647,2025-12-31,1
647,2026-01-31,1
647,2026-02-28,1
647,2026-03-31,1
647,2026-04-30,1
647,2026-05-31,1
647,2026-06-30,1
647,2026-07-31,1
648,2024-02-29,1
648,2024-03-31,1
648,2024-04-30,1
648,2024-05-31,1
648,2024-06-30,1
648,2024-07-31,1
648,2024-08-31,1
648,2024-09-30,1
648,2024-10-31,1
648,2024-11-30,1
648,2024-12-31,0
648,2025-01-31,0
648,2025-02-28,0
648,2025-03-31,0
648,2025-04-30,0
648,2025-05-31,0
648,2025-06-30,0
648,2025-07-31,0
648,2025-08-31,0
648,2025-09-30,0
648,2025-10-31,0
648,2025-11-30,0
648,2025-12-31,0
648,2026-01-31,0
648,2026-02-28,0
648,2026-03-31,0
648,2026-04-30,0
648,2026-05-31,0
648,2026-06-30,0
648,2026-07-31,0
649,2024-08-31,1
649,2024-09-30,1
649,2024-10-31,1
649,2024-11-30,1
649,2024-12-31,1
649,2025-01-31,1
649,2025-02-28,1
649,2025-03-31,1
649,2025-04-30,1
649,2025-05-31,1
649,2025-06-30,1
649,2025-07-31,1
649,2025-08-31,1
649,2025-09-30,1
649,2025-10-31,1
649,2025-11-30,1
649,2025-12-31,1
649,2026-01-31,1
649,2026-02-28,1
649,2026-03-31,1
649,2026-04-30,1
649,2026-05-31,1
649,2026-06-30,1
649,2026-07-31,1
650,2026-03-31,1
650,2026-04-30,1
650,2026-05-31,0
650,2026-06-30,0
650,2026-07-31,0
651,2024-07-31,1
651,2024-08-31,1
651,2024-09-30,1
651,2024-10-31,1
651,2024-11-30,1
651,2024-12-31,1
651,2025-01-31,1
651,2025-02-28,1
651,2025-03-31,1
651,2025-04-30,1
651,2025-05-31,1
651,2025-06-30,1
651,2025-07-31,1
651,2025-08-31,1
651,2025-09-30,1
651,2025-10-31,1
651,2025-11-30,1
651,2025-12-31,1
651,2026-01-31,1
651,2026-02-28,1
651,2026-03-31,1
651,2026-04-30,1
651,2026-05-31,1
651,2026-06-30,1
651,2026-07-31,1
652,2024-12-31,1
652,2025-01-31,1
652,2025-02-28,1
652,2025-03-31,1
652,2025-04-30,1
652,2025-05-31,1
652,2025-06-30,1
652,2025-07-31,1
652,2025-08-31,1
652,2025-09-30,1
652,2025-10-31,1
652,2025-11-30,1
652,2025-12-31,1
652,2026-01-31,1
652,2026-02-28,1
652,2026-03-31,1
652,2026-04-30,1
652,2026-05-31,1
652,2026-06-30,1
652,2026-07-31,1
653,2025-01-31,1
653,2025-02-28,1
653,2025-03-31,1
653,2025-04-30,1
653,2025-05-31,1
653,2025-06-30,1
653,2025-07-31,1
653,2025-08-31,1
653,2025-09-30,1
653,2025-10-31,1
653,2025-11-30,1
653,2025-12-31,1
653,2026-01-31,1
653,2026-02-28,1
653,2026-03-31,1
653,2026-04-30,1
653,2026-05-31,1
653,2026-06-30,1
653,2026-07-31,1
654,2024-03-31,1
654,2024-04-30,1
654,2024-05-31,1
654,2024-06-30,1
654,2024-07-31,1
654,2024-08-31,1
654,2024-09-30,1
654,2024-10-31,1
654,2024-11-30,1
654,2024-12-31,1
654,2025-01-31,1
654,2025-02-28,1
654,2025-03-31,1
654,2025-04-30,1
654,2025-05-31,1
654,2025-06-30,1
654,2025-07-31,1
654,2025-08-31,1
654,2025-09-30,1
654,2025-10-31,1
654,2025-11-30,1
654,2025-12-31,1
654,2026-01-31,1
654,2026-02-28,1
654,2026-03-31,1
654,2026-04-30,1
654,2026-05-31,1
654,2026-06-30,1
654,2026-07-31,1
655,2026-01-31,1
655,2026-02-28,1
655,2026-03-31,1
655,2026-04-30,1
655,2026-05-31,1
655,2026-06-30,1
655,2026-07-31,1
656,2024-04-30,1
656,2024-05-31,1
656,2024-06-30,1
656,2024-07-31,1
656,2024-08-31,1
656,2024-09-30,1
656,2024-10-31,1
656,2024-11-30,1
656,2024-12-31,1
656,2025-01-31,1
656,2025-02-28,1
656,2025-03-31,1
656,2025-04-30,1
656,2025-05-31,1
656,2025-06-30,1
656,2025-07-31,1
656,2025-08-31,1
656,2025-09-30,1
656,2025-10-31,1
656,2025-11-30,1
656,2025-12-31,1
656,2026-01-31,1
656,2026-02-28,1
656,2026-03-31,1
656,2026-04-30,0
656,2026-05-31,0
656,2026-06-30,0
656,2026-07-31,0
657,2024-02-29,1
657,2024-03-31,1
657,2024-04-30,1
657,2024-05-31,1
657,2024-06-30,1
657,2024-07-31,1
657,2024-08-31,1
657,2024-09-30,1
657,2024-10-31,1
657,2024-11-30,1
657,2024-12-31,1
657,2025-01-31,1
657,2025-02-28,1
657,2025-03-31,1
657,2025-04-30,1
657,2025-05-31,1
657,2025-06-30,1
657,2025-07-31,1
657,2025-08-31,1
657,2025-09-30,1
657,2025-10-31,1
657,2025-11-30,1
657,2025-12-31,1
657,2026-01-31,1
657,2026-02-28,1
657,2026-03-31,1
657,2026-04-30,1
657,2026-05-31,1
657,2026-06-30,1
657,2026-07-31,1
658,2025-04-30,1
658,2025-05-31,1
658,2025-06-30,1
658,2025-07-31,1
658,2025-08-31,1
658,2025-09-30,1
658,2025-10-31,1
658,2025-11-30,1
658,2025-12-31,1
658,2026-01-31,1
658,2026-02-28,1
658,2026-03-31,1
658,2026-04-30,1
658,2026-05-31,1
658,2026-06-30,1
658,2026-07-31,1
659,2025-07-31,1
659,2025-08-31,1
659,2025-09-30,1
659,2025-10-31,1
659,2025-11-30,1
659,2025-12-31,1
659,2026-01-31,1
659,2026-02-28,1
659,2026-03-31,1
659,2026-04-30,1
659,2026-05-31,1
659,2026-06-30,1
659,2026-07-31,1
660,2026-01-31,1
660,2026-02-28,1
660,2026-03-31,1
660,2026-04-30,1
660,2026-05-31,1
660,2026-06-30,1
660,2026-07-31,1
661,2024-11-30,1
661,2024-12-31,0
661,2025-01-31,0
661,2025-02-28,0
661,2025-03-31,0
661,2025-04-30,0
661,2025-05-31,0
661,2025-06-30,0
661,2025-07-31,0
661,2025-08-31,0
661,2025-09-30,0
661,2025-10-31,0
661,2025-11-30,0
661,2025-12-31,0
661,2026-01-31,0
661,2026-02-28,0
661,2026-03-31,0
661,2026-04-30,0
661,2026-05-31,0
661,2026-06-30,0
661,2026-07-31,0
662,2024-01-31,1
662,2024-02-29,1
662,2024-03-31,1
662,2024-04-30,1
662,2024-05-31,1
662,2024-06-30,1
662,2024-07-31,1
662,2024-08-31,1
662,2024-09-30,1
662,2024-10-31,1
662,2024-11-30,1
662,2024-12-31,1
662,2025-01-31,1
662,2025-02-28,1
662,2025-03-31,1
662,2025-04-30,1
662,2025-05-31,1
662,2025-06-30,1
662,2025-07-31,1
662,2025-08-31,1
662,2025-09-30,1
662,2025-10-31,1
662,2025-11-30,1
662,2025-12-31,1
662,2026-01-31,1
662,2026-02-28,1
662,2026-03-31,1
662,2026-04-30,1
662,2026-05-31,1
662,2026-06-30,1
662,2026-07-31,1
663,2024-11-30,1
663,2024-12-31,1
663,2025-01-31,1
663,2025-02-28,1
663,2025-03-31,1
663,2025-04-30,1
663,2025-05-31,1
663,2025-06-30,1
663,2025-07-31,1
663,2025-08-31,1
663,2025-09-30,1
663,2025-10-31,1
663,2025-11-30,1
663,2025-12-31,1
663,2026-01-31,1
663,2026-02-28,1
663,2026-03-31,1
663,2026-04-30,1
663,2026-05-31,1
663,2026-06-30,1
663,2026-07-31,1
664,2026-04-30,1
664,2026-05-31,1
664,2026-06-30,1
664,2026-07-31,1
665,2024-06-30,1
665,2024-07-31,1
665,2024-08-31,1
665,2024-09-30,1
665,2024-10-31,1
665,2024-11-30,1
665,2024-12-31,1
665,2025-01-31,1
665,2025-02-28,1
665,2025-03-31,1
665,2025-04-30,1
665,2025-05-31,1
665,2025-06-30,1
665,2025-07-31,1
665,2025-08-31,1
665,2025-09-30,0
665,2025-10-31,0
665,2025-11-30,0
665,2025-12-31,0
665,2026-01-31,0
665,2026-02-28,0
665,2026-03-31,0
665,2026-04-30,0
665,2026-05-31,0
665,2026-06-30,0
665,2026-07-31,0
666,2024-04-30,1
666,2024-05-31,1
666,2024-06-30,1
666,2024-07-31,1
666,2024-08-31,1
666,2024-09-30,1
666,2024-10-31,1
666,2024-11-30,1
666,2024-12-31,1
666,2025-01-31,1
666,2025-02-28,1
666,2025-03-31,1
666,2025-04-30,1
666,2025-05-31,1
666,2025-06-30,1
666,2025-07-31,1
666,2025-08-31,1
666,2025-09-30,1
666,2025-10-31,1
666,2025-11-30,1
666,2025-12-31,1
666,2026-01-31,1
666,2026-02-28,1
666,2026-03-31,1
666,2026-04-30,1
666,2026-05-31,1
666,2026-06-30,1
666,2026-07-31,1
667,2025-07-31,1
667,2025-08-31,1
667,2025-09-30,1
667,2025-10-31,1
667,2025-11-30,1
667,2025-12-31,1
667,2026-01-31,1
667,2026-02-28,1
667,2026-03-31,1
667,2026-04-30,1
667,2026-05-31,1
667,2026-06-30,1
667,2026-07-31,1
668,2025-12-31,1
668,2026-01-31,0
668,2026-02-28,0
668,2026-03-31,0
668,2026-04-30,0
668,2026-05-31,0
668,2026-06-30,0
668,2026-07-31,0
669,2025-10-31,1
669,2025-11-30,1
669,2025-12-31,1
669,2026-01-31,1
669,2026-02-28,1
669,2026-03-31,0
669,2026-04-30,0
669,2026-05-31,0
669,2026-06-30,0
669,2026-07-31,0
670,2026-05-31,1
670,2026-06-30,1
670,2026-07-31,1
671,2026-02-28,1
671,2026-03-31,1
671,2026-04-30,1
671,2026-05-31,1
671,2026-06-30,1
671,2026-07-31,1
672,2025-04-30,1
672,2025-05-31,1
672,2025-06-30,1
672,2025-07-31,1
672,2025-08-31,1
672,2025-09-30,1
672,2025-10-31,1
672,2025-11-30,1
672,2025-12-31,1
672,2026-01-31,1
672,2026-02-28,1
672,2026-03-31,1
672,2026-04-30,1
672,2026-05-31,1
672,2026-06-30,1
672,2026-07-31,1
673,2024-07-31,1
673,2024-08-31,1
673,2024-09-30,1
673,2024-10-31,1
673,2024-11-30,1
673,2024-12-31,1
673,2025-01-31,1
673,2025-02-28,1
673,2025-03-31,1
673,2025-04-30,1
673,2025-05-31,1
673,2025-06-30,1
673,2025-07-31,1
673,2025-08-31,1
673,2025-09-30,1
673,2025-10-31,1
673,2025-11-30,1
673,2025-12-31,1
673,2026-01-31,1
673,2026-02-28,1
673,2026-03-31,1
673,2026-04-30,1
673,2026-05-31,1
673,2026-06-30,1
673,2026-07-31,1
674,2026-01-31,1
674,2026-02-28,1
674,2026-03-31,0
674,2026-04-30,0
674,2026-05-31,0
674,2026-06-30,0
674,2026-07-31,0
675,2024-04-30,1
675,2024-05-31,1
675,2024-06-30,1
675,2024-07-31,0
675,2024-08-31,0
675,2024-09-30,0
675,2024-10-31,0
675,2024-11-30,0
675,2024-12-31,0
675,2025-01-31,0
675,2025-02-28,0
675,2025-03-31,0
675,2025-04-30,0
675,2025-05-31,0
675,2025-06-30,0
675,2025-07-31,0
675,2025-08-31,0
675,2025-09-30,0
675,2025-10-31,0
675,2025-11-30,0
675,2025-12-31,0
675,2026-01-31,0
675,2026-02-28,0
675,2026-03-31,0
675,2026-04-30,0
675,2026-05-31,0
675,2026-06-30,0
675,2026-07-31,0
676,2026-06-30,1
676,2026-07-31,0
677,2025-04-30,1
677,2025-05-31,1
677,2025-06-30,1
677,2025-07-31,1
677,2025-08-31,1
677,2025-09-30,1
677,2025-10-31,1
677,2025-11-30,1
677,2025-12-31,1
677,2026-01-31,1
677,2026-02-28,1
677,2026-03-31,1
677,2026-04-30,1
677,2026-05-31,1
677,2026-06-30,1
677,2026-07-31,1
678,2024-09-30,1
678,2024-10-31,1
678,2024-11-30,1
678,2024-12-31,1
678,2025-01-31,1
678,2025-02-28,1
678,2025-03-31,1
678,2025-04-30,1
678,2025-05-31,1
678,2025-06-30,1
678,2025-07-31,1
678,2025-08-31,1
678,2025-09-30,1
678,2025-10-31,1
678,2025-11-30,1
678,2025-12-31,1
678,2026-01-31,1
678,2026-02-28,1
678,2026-03-31,1
678,2026-04-30,1
678,2026-05-31,1
678,2026-06-30,1
678,2026-07-31,1
679,2025-04-30,1
679,2025-05-31,1
679,2025-06-30,1
679,2025-07-31,1
679,2025-08-31,1
679,2025-09-30,1
679,2025-10-31,1
679,2025-11-30,1
679,2025-12-31,1
679,2026-01-31,1
679,2026-02-28,1
679,2026-03-31,1
679,2026-04-30,1
679,2026-05-31,1
679,2026-06-30,1
679,2026-07-31,1
680,2024-05-31,1
680,2024-06-30,1
680,2024-07-31,1
680,2024-08-31,1
680,2024-09-30,1
680,2024-10-31,1
680,2024-11-30,1
680,2024-12-31,1
680,2025-01-31,1
680,2025-02-28,1
680,2025-03-31,1
680,2025-04-30,1
680,2025-05-31,1
680,2025-06-30,1
680,2025-07-31,1
680,2025-08-31,1
680,2025-09-30,1
680,2025-10-31,1
680,2025-11-30,1
680,2025-12-31,1
680,2026-01-31,1
680,2026-02-28,1
680,2026-03-31,1
680,2026-04-30,1
680,2026-05-31,1
680,2026-06-30,1
680,2026-07-31,1
681,2024-06-30,1
681,2024-07-31,1
681,2024-08-31,1
681,2024-09-30,1
681,2024-10-31,1
681,2024-11-30,1
681,2024-12-31,1
681,2025-01-31,1
681,2025-02-28,1
681,2025-03-31,1
681,2025-04-30,1
681,2025-05-31,1
681,2025-06-30,1
681,2025-07-31,1
681,2025-08-31,1
681,2025-09-30,1
681,2025-10-31,1
681,2025-11-30,1
681,2025-12-31,1
681,2026-01-31,1
681,2026-02-28,1
681,2026-03-31,1
681,2026-04-30,1
681,2026-05-31,1
681,2026-06-30,1
681,2026-07-31,1
682,2024-05-31,1
682,2024-06-30,1
682,2024-07-31,1
682,2024-08-31,1
682,2024-09-30,1
682,2024-10-31,1
682,2024-11-30,1
682,2024-12-31,1
682,2025-01-31,1
682,2025-02-28,1
682,2025-03-31,1
682,2025-04-30,1
682,2025-05-31,1
682,2025-06-30,1
682,2025-07-31,0
682,2025-08-31,0
682,2025-09-30,0
682,2025-10-31,0
682,2025-11-30,0
682,2025-12-31,0
682,2026-01-31,0
682,2026-02-28,0
682,2026-03-31,0
682,2026-04-30,0
682,2026-05-31,0
682,2026-06-30,0
682,2026-07-31,0
683,2024-08-31,1
683,2024-09-30,1
683,2024-10-31,1
683,2024-11-30,1
683,2024-12-31,1
683,2025-01-31,1
683,2025-02-28,1
683,2025-03-31,1
683,2025-04-30,1
683,2025-05-31,1
683,2025-06-30,1
683,2025-07-31,1
683,2025-08-31,1
683,2025-09-30,1
683,2025-10-31,1
683,2025-11-30,1
683,2025-12-31,1
683,2026-01-31,1
683,2026-02-28,1
683,2026-03-31,1
683,2026-04-30,1
683,2026-05-31,1
683,2026-06-30,1
683,2026-07-31,1
684,2024-01-31,1
684,2024-02-29,1
684,2024-03-31,1
684,2024-04-30,1
684,2024-05-31,1
684,2024-06-30,1
684,2024-07-31,1
684,2024-08-31,1
684,2024-09-30,1
684,2024-10-31,1
684,2024-11-30,1
684,2024-12-31,1
684,2025-01-31,1
684,2025-02-28,1
684,2025-03-31,1
684,2025-04-30,1
684,2025-05-31,1
684,2025-06-30,1
684,2025-07-31,1
684,2025-08-31,1
684,2025-09-30,1
684,2025-10-31,1
684,2025-11-30,1
684,2025-12-31,1
684,2026-01-31,1
684,2026-02-28,1
684,2026-03-31,1
684,2026-04-30,1
684,2026-05-31,1
684,2026-06-30,1
684,2026-07-31,1
685,2024-09-30,1
685,2024-10-31,1
685,2024-11-30,1
685,2024-12-31,1
685,2025-01-31,1
685,2025-02-28,1
685,2025-03-31,1
685,2025-04-30,0
685,2025-05-31,0
685,2025-06-30,0
685,2025-07-31,0
685,2025-08-31,0
685,2025-09-30,0
685,2025-10-31,0
685,2025-11-30,0
685,2025-12-31,0
685,2026-01-31,0
685,2026-02-28,0
685,2026-03-31,0
685,2026-04-30,0
685,2026-05-31,0
685,2026-06-30,0
685,2026-07-31,0
686,2024-07-31,1
686,2024-08-31,1
686,2024-09-30,1
686,2024-10-31,1
686,2024-11-30,1
686,2024-12-31,1
686,2025-01-31,1
686,2025-02-28,1
686,2025-03-31,1
686,2025-04-30,1
686,2025-05-31,1
686,2025-06-30,1
686,2025-07-31,1
686,2025-08-31,1
686,2025-09-30,1
686,2025-10-31,1
686,2025-11-30,1
686,2025-12-31,1
686,2026-01-31,1
686,2026-02-28,1
686,2026-03-31,1
686,2026-04-30,1
686,2026-05-31,1
686,2026-06-30,1
686,2026-07-31,1
687,2024-05-31,1
687,2024-06-30,1
687,2024-07-31,1
687,2024-08-31,1
687,2024-09-30,1
687,2024-10-31,1
687,2024-11-30,1
687,2024-12-31,1
687,2025-01-31,1
687,2025-02-28,1
687,2025-03-31,1
687,2025-04-30,1
687,2025-05-31,1
687,2025-06-30,1
687,2025-07-31,1
687,2025-08-31,1
687,2025-09-30,1
687,2025-10-31,1
687,2025-11-30,1
687,2025-12-31,1
687,2026-01-31,1
687,2026-02-28,1
687,2026-03-31,1
687,2026-04-30,1
687,2026-05-31,1
687,2026-06-30,1
687,2026-07-31,1
688,2025-12-31,1
688,2026-01-31,1
688,2026-02-28,1
688,2026-03-31,1
688,2026-04-30,1
688,2026-05-31,1
688,2026-06-30,1
688,2026-07-31,1
689,2024-11-30,1
689,2024-12-31,1
689,2025-01-31,1
689,2025-02-28,1
689,2025-03-31,1
689,2025-04-30,1
689,2025-05-31,1
689,2025-06-30,1
689,2025-07-31,1
689,2025-08-31,1
689,2025-09-30,1
689,2025-10-31,1
689,2025-11-30,1
689,2025-12-31,1
689,2026-01-31,1
689,2026-02-28,1
689,2026-03-31,1
689,2026-04-30,1
689,2026-05-31,1
689,2026-06-30,1
689,2026-07-31,1
690,2024-05-31,1
690,2024-06-30,1
690,2024-07-31,1
690,2024-08-31,1
690,2024-09-30,1
690,2024-10-31,1
690,2024-11-30,1
690,2024-12-31,1
690,2025-01-31,1
690,2025-02-28,1
690,2025-03-31,1
690,2025-04-30,1
690,2025-05-31,1
690,2025-06-30,1
690,2025-07-31,1
690,2025-08-31,1
690,2025-09-30,1
690,2025-10-31,1
690,2025-11-30,1
690,2025-12-31,1
690,2026-01-31,1
690,2026-02-28,1
690,2026-03-31,1
690,2026-04-30,1
690,2026-05-31,1
690,2026-06-30,1
690,2026-07-31,1
691,2025-01-31,1
691,2025-02-28,1
691,2025-03-31,1
691,2025-04-30,1
691,2025-05-31,1
691,2025-06-30,1
691,2025-07-31,1
691,2025-08-31,1
691,2025-09-30,1
691,2025-10-31,1
691,2025-11-30,1
691,2025-12-31,1
691,2026-01-31,1
691,2026-02-28,1
691,2026-03-31,1
691,2026-04-30,1
691,2026-05-31,1
691,2026-06-30,1
691,2026-07-31,1
692,2025-01-31,1
692,2025-02-28,1
692,2025-03-31,1
692,2025-04-30,1
692,2025-05-31,1
692,2025-06-30,1
692,2025-07-31,1
692,2025-08-31,1
692,2025-09-30,1
692,2025-10-31,1
692,2025-11-30,1
692,2025-12-31,1
692,2026-01-31,1
692,2026-02-28,1
692,2026-03-31,1
692,2026-04-30,1
692,2026-05-31,1
692,2026-06-30,1
692,2026-07-31,1
693,2024-04-30,1
693,2024-05-31,1
693,2024-06-30,1
693,2024-07-31,1
693,2024-08-31,1
693,2024-09-30,1
693,2024-10-31,1
693,2024-11-30,1
693,2024-12-31,1
693,2025-01-31,1
693,2025-02-28,1
693,2025-03-31,1
693,2025-04-30,1
693,2025-05-31,1
693,2025-06-30,1
693,2025-07-31,1
693,2025-08-31,1
693,2025-09-30,1
693,2025-10-31,1
693,2025-11-30,1
693,2025-12-31,1
693,2026-01-31,1
693,2026-02-28,1
693,2026-03-31,1
693,2026-04-30,1
693,2026-05-31,1
693,2026-06-30,1
693,2026-07-31,1
694,2024-10-31,1
694,2024-11-30,1
694,2024-12-31,1
694,2025-01-31,1
694,2025-02-28,1
694,2025-03-31,1
694,2025-04-30,1
694,2025-05-31,1
694,2025-06-30,1
694,2025-07-31,1
694,2025-08-31,1
694,2025-09-30,1
694,2025-10-31,1
694,2025-11-30,1
694,2025-12-31,1
694,2026-01-31,1
694,2026-02-28,1
694,2026-03-31,1
694,2026-04-30,1
694,2026-05-31,1
694,2026-06-30,1
694,2026-07-31,1
695,2024-04-30,1
695,2024-05-31,1
695,2024-06-30,1
695,2024-07-31,1
695,2024-08-31,1
695,2024-09-30,1
695,2024-10-31,1
695,2024-11-30,1
695,2024-12-31,1
695,2025-01-31,1
695,2025-02-28,1
695,2025-03-31,1
695,2025-04-30,1
695,2025-05-31,1
695,2025-06-30,1
695,2025-07-31,1
695,2025-08-31,1
695,2025-09-30,1
695,2025-10-31,1
695,2025-11-30,1
695,2025-12-31,1
695,2026-01-31,1
695,2026-02-28,1
695,2026-03-31,1
695,2026-04-30,1
695,2026-05-31,1
695,2026-06-30,1
695,2026-07-31,1
696,2024-12-31,1
696,2025-01-31,1
696,2025-02-28,1
696,2025-03-31,1
696,2025-04-30,1
696,2025-05-31,1
696,2025-06-30,1
696,2025-07-31,1
696,2025-08-31,1
696,2025-09-30,1
696,2025-10-31,1
696,2025-11-30,1
696,2025-12-31,1
696,2026-01-31,1
696,2026-02-28,1
696,2026-03-31,1
696,2026-04-30,1
696,2026-05-31,1
696,2026-06-30,1
696,2026-07-31,1
697,2024-10-31,1
697,2024-11-30,1
697,2024-12-31,1
697,2025-01-31,1
697,2025-02-28,1
697,2025-03-31,1
697,2025-04-30,1
697,2025-05-31,1
697,2025-06-30,1
697,2025-07-31,1
697,2025-08-31,1
697,2025-09-30,1
697,2025-10-31,1
697,2025-11-30,1
697,2025-12-31,1
697,2026-01-31,1
697,2026-02-28,1
697,2026-03-31,1
697,2026-04-30,1
697,2026-05-31,1
697,2026-06-30,1
697,2026-07-31,1
698,2026-03-31,1
698,2026-04-30,1
698,2026-05-31,1
698,2026-06-30,0
698,2026-07-31,0
699,2024-03-31,1
699,2024-04-30,1
699,2024-05-31,1
699,2024-06-30,1
699,2024-07-31,1
699,2024-08-31,0
699,2024-09-30,0
699,2024-10-31,0
699,2024-11-30,0
699,2024-12-31,0
699,2025-01-31,0
699,2025-02-28,0
699,2025-03-31,0
699,2025-04-30,0
699,2025-05-31,0
699,2025-06-30,0
699,2025-07-31,0
699,2025-08-31,0
699,2025-09-30,0
699,2025-10-31,0
699,2025-11-30,0
699,2025-12-31,0
699,2026-01-31,0
699,2026-02-28,0
699,2026-03-31,0
699,2026-04-30,0
699,2026-05-31,0
699,2026-06-30,0
699,2026-07-31,0
700,2025-01-31,1
700,2025-02-28,1
700,2025-03-31,1
700,2025-04-30,1
700,2025-05-31,1
700,2025-06-30,1
700,2025-07-31,1
700,2025-08-31,1
700,2025-09-30,1
700,2025-10-31,1
700,2025-11-30,1
700,2025-12-31,1
700,2026-01-31,1
700,2026-02-28,1
700,2026-03-31,1
700,2026-04-30,1
700,2026-05-31,1
700,2026-06-30,1
700,2026-07-31,1
701,2024-09-30,1
701,2024-10-31,1
701,2024-11-30,1
701,2024-12-31,1
701,2025-01-31,1
701,2025-02-28,1
701,2025-03-31,1
701,2025-04-30,1
701,2025-05-31,1
701,2025-06-30,1
701,2025-07-31,1
701,2025-08-31,1
701,2025-09-30,1
701,2025-10-31,1
701,2025-11-30,1
701,2025-12-31,1
701,2026-01-31,1
701,2026-02-28,1
701,2026-03-31,1
701,2026-04-30,1
701,2026-05-31,1
701,2026-06-30,1
701,2026-07-31,1
702,2026-04-30,1
702,2026-05-31,1
702,2026-06-30,0
702,2026-07-31,0
703,2025-01-31,1
703,2025-02-28,1
703,2025-03-31,1
703,2025-04-30,1
703,2025-05-31,1
703,2025-06-30,1
703,2025-07-31,1
703,2025-08-31,1
703,2025-09-30,1
703,2025-10-31,1
703,2025-11-30,1
703,2025-12-31,1
703,2026-01-31,1
703,2026-02-28,1
703,2026-03-31,1
703,2026-04-30,1
703,2026-05-31,1
703,2026-06-30,1
703,2026-07-31,1
704,2025-02-28,1
704,2025-03-31,1
704,2025-04-30,1
704,2025-05-31,1
704,2025-06-30,1
704,2025-07-31,1
704,2025-08-31,1
704,2025-09-30,1
704,2025-10-31,1
704,2025-11-30,0
704,2025-12-31,0
704,2026-01-31,0
704,2026-02-28,0
704,2026-03-31,0
704,2026-04-30,0
704,2026-05-31,0
704,2026-06-30,0
704,2026-07-31,0
705,2024-03-31,1
705,2024-04-30,1
705,2024-05-31,1
705,2024-06-30,1
705,2024-07-31,1
705,2024-08-31,1
705,2024-09-30,1
705,2024-10-31,1
705,2024-11-30,1
705,2024-12-31,1
705,2025-01-31,1
705,2025-02-28,1
705,2025-03-31,1
705,2025-04-30,1
705,2025-05-31,1
705,2025-06-30,1
705,2025-07-31,1
705,2025-08-31,1
705,2025-09-30,1
705,2025-10-31,1
705,2025-11-30,1
705,2025-12-31,1
705,2026-01-31,1
705,2026-02-28,1
705,2026-03-31,1
705,2026-04-30,1
705,2026-05-31,1
705,2026-06-30,1
705,2026-07-31,1
706,2024-06-30,1
706,2024-07-31,1
706,2024-08-31,1
706,2024-09-30,1
706,2024-10-31,1
706,2024-11-30,1
706,2024-12-31,1
706,2025-01-31,1
706,2025-02-28,1
706,2025-03-31,1
706,2025-04-30,1
706,2025-05-31,1
706,2025-06-30,1
706,2025-07-31,1
706,2025-08-31,1
706,2025-09-30,1
706,2025-10-31,1
706,2025-11-30,1
706,2025-12-31,1
706,2026-01-31,1
706,2026-02-28,1
706,2026-03-31,1
706,2026-04-30,1
706,2026-05-31,1
706,2026-06-30,1
706,2026-07-31,1
707,2025-01-31,1
707,2025-02-28,1
707,2025-03-31,1
707,2025-04-30,1
707,2025-05-31,1
707,2025-06-30,1
707,2025-07-31,1
707,2025-08-31,1
707,2025-09-30,1
707,2025-10-31,1
707,2025-11-30,1
707,2025-12-31,1
707,2026-01-31,1
707,2026-02-28,1
707,2026-03-31,1
707,2026-04-30,1
707,2026-05-31,1
707,2026-06-30,1
707,2026-07-31,1
708,2025-09-30,1
708,2025-10-31,1
708,2025-11-30,1
708,2025-12-31,1
708,2026-01-31,1
708,2026-02-28,1
708,2026-03-31,1
708,2026-04-30,1
708,2026-05-31,1
708,2026-06-30,1
708,2026-07-31,1
709,2026-02-28,1
709,2026-03-31,1
709,2026-04-30,1
709,2026-05-31,1
709,2026-06-30,1
709,2026-07-31,1
710,2024-02-29,1
710,2024-03-31,1
710,2024-04-30,1
710,2024-05-31,1
710,2024-06-30,1
710,2024-07-31,1
710,2024-08-31,1
710,2024-09-30,1
710,2024-10-31,1
710,2024-11-30,1
710,2024-12-31,1
710,2025-01-31,1
710,2025-02-28,1
710,2025-03-31,1
710,2025-04-30,1
710,2025-05-31,1
710,2025-06-30,1
710,2025-07-31,1
710,2025-08-31,1
710,2025-09-30,1
710,2025-10-31,1
710,2025-11-30,1
710,2025-12-31,1
710,2026-01-31,1
710,2026-02-28,1
710,2026-03-31,1
710,2026-04-30,1
710,2026-05-31,1
710,2026-06-30,1
710,2026-07-31,1
711,2025-04-30,1
711,2025-05-31,1
711,2025-06-30,1
711,2025-07-31,1
711,2025-08-31,1
711,2025-09-30,1
711,2025-10-31,1
711,2025-11-30,1
711,2025-12-31,1
711,2026-01-31,1
711,2026-02-28,1
711,2026-03-31,1
711,2026-04-30,1
711,2026-05-31,1
711,2026-06-30,1
711,2026-07-31,1
712,2024-02-29,1
712,2024-03-31,1
712,2024-04-30,1
712,2024-05-31,1
712,2024-06-30,1
712,2024-07-31,1
712,2024-08-31,1
712,2024-09-30,1
712,2024-10-31,1
712,2024-11-30,1
712,2024-12-31,1
712,2025-01-31,1
712,2025-02-28,1
712,2025-03-31,1
712,2025-04-30,1
712,2025-05-31,1
712,2025-06-30,1
712,2025-07-31,1
712,2025-08-31,1
712,2025-09-30,1
712,2025-10-31,1
712,2025-11-30,1
712,2025-12-31,1
712,2026-01-31,1
712,2026-02-28,1
712,2026-03-31,1
712,2026-04-30,1
712,2026-05-31,1
712,2026-06-30,1
712,2026-07-31,1
713,2025-07-31,1
713,2025-08-31,1
713,2025-09-30,1
713,2025-10-31,1
713,2025-11-30,1
713,2025-12-31,1
713,2026-01-31,1
713,2026-02-28,1
713,2026-03-31,1
713,2026-04-30,1
713,2026-05-31,1
713,2026-06-30,1
713,2026-07-31,1
714,2025-08-31,1
714,2025-09-30,1
714,2025-10-31,1
714,2025-11-30,1
714,2025-12-31,1
714,2026-01-31,1
714,2026-02-28,1
714,2026-03-31,1
714,2026-04-30,1
714,2026-05-31,1
714,2026-06-30,1
714,2026-07-31,1
715,2024-03-31,1
715,2024-04-30,1
715,2024-05-31,1
715,2024-06-30,1
715,2024-07-31,1
715,2024-08-31,1
715,2024-09-30,1
715,2024-10-31,1
715,2024-11-30,1
715,2024-12-31,1
715,2025-01-31,1
715,2025-02-28,1
715,2025-03-31,1
715,2025-04-30,1
715,2025-05-31,1
715,2025-06-30,1
715,2025-07-31,0
715,2025-08-31,0
715,2025-09-30,0
715,2025-10-31,0
715,2025-11-30,0
715,2025-12-31,0
715,2026-01-31,0
715,2026-02-28,0
715,2026-03-31,0
715,2026-04-30,0
715,2026-05-31,0
715,2026-06-30,0
715,2026-07-31,0
716,2025-12-31,1
716,2026-01-31,1
716,2026-02-28,0
716,2026-03-31,0
716,2026-04-30,0
716,2026-05-31,0
716,2026-06-30,0
716,2026-07-31,0
717,2025-01-31,1
717,2025-02-28,1
717,2025-03-31,1
717,2025-04-30,1
717,2025-05-31,1
717,2025-06-30,1
717,2025-07-31,1
717,2025-08-31,1
717,2025-09-30,1
717,2025-10-31,1
717,2025-11-30,1
717,2025-12-31,1
717,2026-01-31,1
717,2026-02-28,1
717,2026-03-31,1
717,2026-04-30,1
717,2026-05-31,1
717,2026-06-30,1
717,2026-07-31,1
718,2025-04-30,1
718,2025-05-31,1
718,2025-06-30,1
718,2025-07-31,1
718,2025-08-31,1
718,2025-09-30,1
718,2025-10-31,1
718,2025-11-30,1
718,2025-12-31,1
718,2026-01-31,1
718,2026-02-28,1
718,2026-03-31,1
718,2026-04-30,1
718,2026-05-31,1
718,2026-06-30,1
718,2026-07-31,1
719,2024-01-31,1
719,2024-02-29,1
719,2024-03-31,1
719,2024-04-30,1
719,2024-05-31,0
719,2024-06-30,0
719,2024-07-31,0
719,2024-08-31,0
719,2024-09-30,0
719,2024-10-31,0
719,2024-11-30,0
719,2024-12-31,0
719,2025-01-31,0
719,2025-02-28,0
719,2025-03-31,0
719,2025-04-30,0
719,2025-05-31,0
719,2025-06-30,0
719,2025-07-31,0
719,2025-08-31,0
719,2025-09-30,0
719,2025-10-31,0
719,2025-11-30,0
719,2025-12-31,0
719,2026-01-31,0
719,2026-02-28,0
719,2026-03-31,0
719,2026-04-30,0
719,2026-05-31,0
719,2026-06-30,0
719,2026-07-31,0
720,2025-09-30,1
720,2025-10-31,1
720,2025-11-30,1
720,2025-12-31,1
720,2026-01-31,1
720,2026-02-28,1
720,2026-03-31,1
720,2026-04-30,1
720,2026-05-31,1
720,2026-06-30,1
720,2026-07-31,1
721,2026-05-31,1
721,2026-06-30,1
721,2026-07-31,1
722,2026-01-31,1
722,2026-02-28,1
722,2026-03-31,0
722,2026-04-30,0
722,2026-05-31,0
722,2026-06-30,0
722,2026-07-31,0
723,2024-06-30,1
723,2024-07-31,1
723,2024-08-31,1
723,2024-09-30,1
723,2024-10-31,1
723,2024-11-30,1
723,2024-12-31,1
723,2025-01-31,1
723,2025-02-28,1
723,2025-03-31,1
723,2025-04-30,1
723,2025-05-31,1
723,2025-06-30,1
723,2025-07-31,1
723,2025-08-31,1
723,2025-09-30,1
723,2025-10-31,1
723,2025-11-30,1
723,2025-12-31,1
723,2026-01-31,1
723,2026-02-28,1
723,2026-03-31,1
723,2026-04-30,1
723,2026-05-31,1
723,2026-06-30,1
723,2026-07-31,1
724,2026-05-31,1
724,2026-06-30,1
724,2026-07-31,1
725,2025-08-31,1
725,2025-09-30,1
725,2025-10-31,1
725,2025-11-30,1
725,2025-12-31,1
725,2026-01-31,1
725,2026-02-28,1
725,2026-03-31,1
725,2026-04-30,1
725,2026-05-31,1
725,2026-06-30,0
725,2026-07-31,0
726,2025-06-30,1
726,2025-07-31,1
726,2025-08-31,1
726,2025-09-30,1
726,2025-10-31,1
726,2025-11-30,1
726,2025-12-31,1
726,2026-01-31,1
726,2026-02-28,1
726,2026-03-31,1
726,2026-04-30,1
726,2026-05-31,1
726,2026-06-30,1
726,2026-07-31,1
727,2024-05-31,1
727,2024-06-30,1
727,2024-07-31,1
727,2024-08-31,1
727,2024-09-30,1
727,2024-10-31,1
727,2024-11-30,1
727,2024-12-31,1
727,2025-01-31,1
727,2025-02-28,1
727,2025-03-31,1
727,2025-04-30,1
727,2025-05-31,1
727,2025-06-30,1
727,2025-07-31,1
727,2025-08-31,1
727,2025-09-30,0
727,2025-10-31,0
727,2025-11-30,0
727,2025-12-31,0
727,2026-01-31,0
727,2026-02-28,0
727,2026-03-31,0
727,2026-04-30,0
727,2026-05-31,0
727,2026-06-30,0
727,2026-07-31,0
728,2025-09-30,1
728,2025-10-31,1
728,2025-11-30,1
728,2025-12-31,1
728,2026-01-31,1
728,2026-02-28,1
728,2026-03-31,0
728,2026-04-30,0
728,2026-05-31,0
728,2026-06-30,0
728,2026-07-31,0
729,2024-10-31,1
729,2024-11-30,1
729,2024-12-31,1
729,2025-01-31,1
729,2025-02-28,1
729,2025-03-31,1
729,2025-04-30,1
729,2025-05-31,1
729,2025-06-30,1
729,2025-07-31,1
729,2025-08-31,1
729,2025-09-30,1
729,2025-10-31,1
729,2025-11-30,1
729,2025-12-31,1
729,2026-01-31,1
729,2026-02-28,1
729,2026-03-31,1
729,2026-04-30,1
729,2026-05-31,1
729,2026-06-30,1
729,2026-07-31,1
730,2025-09-30,1
730,2025-10-31,1
730,2025-11-30,1
730,2025-12-31,1
730,2026-01-31,1
730,2026-02-28,1
730,2026-03-31,1
730,2026-04-30,1
730,2026-05-31,1
730,2026-06-30,1
730,2026-07-31,1
731,2025-04-30,1
731,2025-05-31,1
731,2025-06-30,1
731,2025-07-31,1
731,2025-08-31,1
731,2025-09-30,1
731,2025-10-31,1
731,2025-11-30,1
731,2025-12-31,1
731,2026-01-31,1
731,2026-02-28,1
731,2026-03-31,1
731,2026-04-30,1
731,2026-05-31,1
731,2026-06-30,1
731,2026-07-31,1
732,2025-08-31,1
732,2025-09-30,1
732,2025-10-31,1
732,2025-11-30,1
732,2025-12-31,1
732,2026-01-31,1
732,2026-02-28,1
732,2026-03-31,1
732,2026-04-30,1
732,2026-05-31,1
732,2026-06-30,1
732,2026-07-31,1
733,2026-01-31,1
733,2026-02-28,1
733,2026-03-31,1
733,2026-04-30,1
733,2026-05-31,1
733,2026-06-30,1
733,2026-07-31,0
734,2025-12-31,1
734,2026-01-31,1
734,2026-02-28,1
734,2026-03-31,1
734,2026-04-30,1
734,2026-05-31,1
734,2026-06-30,1
734,2026-07-31,1
735,2024-03-31,1
735,2024-04-30,1
735,2024-05-31,1
735,2024-06-30,1
735,2024-07-31,1
735,2024-08-31,1
735,2024-09-30,1
735,2024-10-31,1
735,2024-11-30,1
735,2024-12-31,1
735,2025-01-31,1
735,2025-02-28,1
735,2025-03-31,1
735,2025-04-30,1
735,2025-05-31,1
735,2025-06-30,1
735,2025-07-31,1
735,2025-08-31,1
735,2025-09-30,1
735,2025-10-31,1
735,2025-11-30,1
735,2025-12-31,1
735,2026-01-31,1
735,2026-02-28,1
735,2026-03-31,1
735,2026-04-30,1
735,2026-05-31,0
735,2026-06-30,0
735,2026-07-31,0
736,2025-10-31,1
736,2025-11-30,1
736,2025-12-31,1
736,2026-01-31,1
736,2026-02-28,1
736,2026-03-31,1
736,2026-04-30,1
736,2026-05-31,1
736,2026-06-30,1
736,2026-07-31,1
737,2026-02-28,1
737,2026-03-31,1
737,2026-04-30,1
737,2026-05-31,1
737,2026-06-30,1
737,2026-07-31,1
738,2025-12-31,1
738,2026-01-31,1
738,2026-02-28,1
738,2026-03-31,1
738,2026-04-30,1
738,2026-05-31,1
738,2026-06-30,1
738,2026-07-31,1
739,2024-03-31,1
739,2024-04-30,1
739,2024-05-31,1
739,2024-06-30,1
739,2024-07-31,1
739,2024-08-31,1
739,2024-09-30,1
739,2024-10-31,1
739,2024-11-30,1
739,2024-12-31,1
739,2025-01-31,1
739,2025-02-28,1
739,2025-03-31,1
739,2025-04-30,1
739,2025-05-31,1
739,2025-06-30,1
739,2025-07-31,1
739,2025-08-31,1
739,2025-09-30,1
739,2025-10-31,1
739,2025-11-30,1
739,2025-12-31,1
739,2026-01-31,1
739,2026-02-28,1
739,2026-03-31,1
739,2026-04-30,1
739,2026-05-31,1
739,2026-06-30,1
739,2026-07-31,1
740,2025-06-30,1
740,2025-07-31,1
740,2025-08-31,0
740,2025-09-30,0
740,2025-10-31,0
740,2025-11-30,0
740,2025-12-31,0
740,2026-01-31,0
740,2026-02-28,0
740,2026-03-31,0
740,2026-04-30,0
740,2026-05-31,0
740,2026-06-30,0
740,2026-07-31,0
741,2024-01-31,1
741,2024-02-29,1
741,2024-03-31,1
741,2024-04-30,1
741,2024-05-31,1
741,2024-06-30,1
741,2024-07-31,1
741,2024-08-31,1
741,2024-09-30,1
741,2024-10-31,1
741,2024-11-30,1
741,2024-12-31,1
741,2025-01-31,1
741,2025-02-28,1
741,2025-03-31,1
741,2025-04-30,1
741,2025-05-31,1
741,2025-06-30,1
741,2025-07-31,1
741,2025-08-31,1
741,2025-09-30,1
741,2025-10-31,1
741,2025-11-30,1
741,2025-12-31,1
741,2026-01-31,1
741,2026-02-28,1
741,2026-03-31,1
741,2026-04-30,1
741,2026-05-31,1
741,2026-06-30,1
741,2026-07-31,1
742,2024-02-29,1
742,2024-03-31,1
742,2024-04-30,1
742,2024-05-31,1
742,2024-06-30,1
742,2024-07-31,1
742,2024-08-31,1
742,2024-09-30,1
742,2024-10-31,1
742,2024-11-30,1
742,2024-12-31,1
742,2025-01-31,1
742,2025-02-28,1
742,2025-03-31,1
742,2025-04-30,1
742,2025-05-31,1
742,2025-06-30,1
742,2025-07-31,1
742,2025-08-31,1
742,2025-09-30,1
742,2025-10-31,1
742,2025-11-30,1
742,2025-12-31,1
742,2026-01-31,1
742,2026-02-28,1
742,2026-03-31,1
742,2026-04-30,1
742,2026-05-31,1
742,2026-06-30,1
742,2026-07-31,1
743,2026-04-30,1
743,2026-05-31,1
743,2026-06-30,1
743,2026-07-31,0
744,2026-03-31,1
744,2026-04-30,1
744,2026-05-31,1
744,2026-06-30,1
744,2026-07-31,1
745,2024-11-30,1
745,2024-12-31,1
745,2025-01-31,1
745,2025-02-28,1
745,2025-03-31,1
745,2025-04-30,1
745,2025-05-31,1
745,2025-06-30,1
745,2025-07-31,1
745,2025-08-31,1
745,2025-09-30,1
745,2025-10-31,1
745,2025-11-30,1
745,2025-12-31,1
745,2026-01-31,1
745,2026-02-28,1
745,2026-03-31,1
745,2026-04-30,1
745,2026-05-31,1
745,2026-06-30,1
745,2026-07-31,1
746,2026-01-31,1
746,2026-02-28,1
746,2026-03-31,1
746,2026-04-30,1
746,2026-05-31,1
746,2026-06-30,1
746,2026-07-31,1
747,2025-01-31,1
747,2025-02-28,1
747,2025-03-31,1
747,2025-04-30,1
747,2025-05-31,1
747,2025-06-30,1
747,2025-07-31,0
747,2025-08-31,0
747,2025-09-30,0
747,2025-10-31,0
747,2025-11-30,0
747,2025-12-31,0
747,2026-01-31,0
747,2026-02-28,0
747,2026-03-31,0
747,2026-04-30,0
747,2026-05-31,0
747,2026-06-30,0
747,2026-07-31,0
748,2026-01-31,1
748,2026-02-28,1
748,2026-03-31,1
748,2026-04-30,1
748,2026-05-31,1
748,2026-06-30,1
748,2026-07-31,1
749,2026-04-30,1
749,2026-05-31,1
749,2026-06-30,0
749,2026-07-31,0
750,2026-02-28,1
750,2026-03-31,1
750,2026-04-30,1
750,2026-05-31,0
750,2026-06-30,0
750,2026-07-31,0
751,2024-11-30,1
751,2024-12-31,1
751,2025-01-31,1
751,2025-02-28,1
751,2025-03-31,1
751,2025-04-30,1
751,2025-05-31,1
751,2025-06-30,1
751,2025-07-31,1
751,2025-08-31,1
751,2025-09-30,1
751,2025-10-31,1
751,2025-11-30,1
751,2025-12-31,1
751,2026-01-31,1
751,2026-02-28,1
751,2026-03-31,1
751,2026-04-30,1
751,2026-05-31,1
751,2026-06-30,1
751,2026-07-31,1
752,2026-03-31,1
752,2026-04-30,1
752,2026-05-31,1
752,2026-06-30,1
752,2026-07-31,1
753,2025-04-30,1
753,2025-05-31,1
753,2025-06-30,1
753,2025-07-31,1
753,2025-08-31,1
753,2025-09-30,1
753,2025-10-31,1
753,2025-11-30,1
753,2025-12-31,1
753,2026-01-31,1
753,2026-02-28,1
753,2026-03-31,1
753,2026-04-30,1
753,2026-05-31,1
753,2026-06-30,1
753,2026-07-31,1
754,2025-09-30,1
754,2025-10-31,1
754,2025-11-30,1
754,2025-12-31,1
754,2026-01-31,1
754,2026-02-28,1
754,2026-03-31,1
754,2026-04-30,1
754,2026-05-31,1
754,2026-06-30,1
754,2026-07-31,1
755,2024-09-30,1
755,2024-10-31,1
755,2024-11-30,1
755,2024-12-31,1
755,2025-01-31,1
755,2025-02-28,1
755,2025-03-31,1
755,2025-04-30,1
755,2025-05-31,1
755,2025-06-30,1
755,2025-07-31,0
755,2025-08-31,0
755,2025-09-30,0
755,2025-10-31,0
755,2025-11-30,0
755,2025-12-31,0
755,2026-01-31,0
755,2026-02-28,0
755,2026-03-31,0
755,2026-04-30,0
755,2026-05-31,0
755,2026-06-30,0
755,2026-07-31,0
756,2026-03-31,1
756,2026-04-30,0
756,2026-05-31,0
756,2026-06-30,0
756,2026-07-31,0
757,2025-12-31,1
757,2026-01-31,1
757,2026-02-28,1
757,2026-03-31,1
757,2026-04-30,1
757,2026-05-31,1
757,2026-06-30,1
757,2026-07-31,1
758,2024-06-30,1
758,2024-07-31,1
758,2024-08-31,1
758,2024-09-30,1
758,2024-10-31,1
758,2024-11-30,1
758,2024-12-31,1
758,2025-01-31,1
758,2025-02-28,1
758,2025-03-31,1
758,2025-04-30,1
758,2025-05-31,1
758,2025-06-30,1
758,2025-07-31,1
758,2025-08-31,1
758,2025-09-30,1
758,2025-10-31,1
758,2025-11-30,1
758,2025-12-31,1
758,2026-01-31,1
758,2026-02-28,1
758,2026-03-31,1
758,2026-04-30,1
758,2026-05-31,1
758,2026-06-30,1
758,2026-07-31,1
759,2024-03-31,1
759,2024-04-30,1
759,2024-05-31,1
759,2024-06-30,1
759,2024-07-31,1
759,2024-08-31,1
759,2024-09-30,1
759,2024-10-31,1
759,2024-11-30,1
759,2024-12-31,1
759,2025-01-31,1
759,2025-02-28,1
759,2025-03-31,1
759,2025-04-30,1
759,2025-05-31,1
759,2025-06-30,1
759,2025-07-31,1
759,2025-08-31,1
759,2025-09-30,1
759,2025-10-31,1
759,2025-11-30,1
759,2025-12-31,1
759,2026-01-31,1
759,2026-02-28,1
759,2026-03-31,1
759,2026-04-30,1
759,2026-05-31,1
759,2026-06-30,1
759,2026-07-31,1
760,2025-11-30,1
760,2025-12-31,1
760,2026-01-31,0
760,2026-02-28,0
760,2026-03-31,0
760,2026-04-30,0
760,2026-05-31,0
760,2026-06-30,0
760,2026-07-31,0
761,2024-02-29,1
761,2024-03-31,1
761,2024-04-30,1
761,2024-05-31,1
761,2024-06-30,1
761,2024-07-31,1
761,2024-08-31,1
761,2024-09-30,1
761,2024-10-31,1
761,2024-11-30,1
761,2024-12-31,1
761,2025-01-31,1
761,2025-02-28,1
761,2025-03-31,1
761,2025-04-30,1
761,2025-05-31,1
761,2025-06-30,1
761,2025-07-31,1
761,2025-08-31,1
761,2025-09-30,1
761,2025-10-31,1
761,2025-11-30,1
761,2025-12-31,1
761,2026-01-31,1
761,2026-02-28,1
761,2026-03-31,1
761,2026-04-30,1
761,2026-05-31,1
761,2026-06-30,1
761,2026-07-31,1
762,2026-01-31,1
762,2026-02-28,1
762,2026-03-31,1
762,2026-04-30,1
762,2026-05-31,1
762,2026-06-30,1
762,2026-07-31,1
763,2025-08-31,1
763,2025-09-30,1
763,2025-10-31,1
763,2025-11-30,1
763,2025-12-31,1
763,2026-01-31,1
763,2026-02-28,1
763,2026-03-31,0
763,2026-04-30,0
763,2026-05-31,0
763,2026-06-30,0
763,2026-07-31,0
764,2024-07-31,1
764,2024-08-31,1
764,2024-09-30,1
764,2024-10-31,1
764,2024-11-30,1
764,2024-12-31,1
764,2025-01-31,1
764,2025-02-28,1
764,2025-03-31,1
764,2025-04-30,1
764,2025-05-31,1
764,2025-06-30,1
764,2025-07-31,1
764,2025-08-31,1
764,2025-09-30,1
764,2025-10-31,1
764,2025-11-30,1
764,2025-12-31,1
764,2026-01-31,1
764,2026-02-28,1
764,2026-03-31,1
764,2026-04-30,1
764,2026-05-31,1
764,2026-06-30,1
764,2026-07-31,1
765,2024-03-31,1
765,2024-04-30,1
765,2024-05-31,1
765,2024-06-30,1
765,2024-07-31,1
765,2024-08-31,1
765,2024-09-30,1
765,2024-10-31,1
765,2024-11-30,1
765,2024-12-31,1
765,2025-01-31,1
765,2025-02-28,1
765,2025-03-31,1
765,2025-04-30,1
765,2025-05-31,1
765,2025-06-30,1
765,2025-07-31,1
765,2025-08-31,1
765,2025-09-30,1
765,2025-10-31,1
765,2025-11-30,1
765,2025-12-31,1
765,2026-01-31,1
765,2026-02-28,1
765,2026-03-31,1
765,2026-04-30,1
765,2026-05-31,1
765,2026-06-30,1
765,2026-07-31,1
766,2024-03-31,1
766,2024-04-30,1
766,2024-05-31,1
766,2024-06-30,1
766,2024-07-31,1
766,2024-08-31,1
766,2024-09-30,0
766,2024-10-31,0
766,2024-11-30,0
766,2024-12-31,0
766,2025-01-31,0
766,2025-02-28,0
766,2025-03-31,0
766,2025-04-30,0
766,2025-05-31,0
766,2025-06-30,0
766,2025-07-31,0
766,2025-08-31,0
766,2025-09-30,0
766,2025-10-31,0
766,2025-11-30,0
766,2025-12-31,0
766,2026-01-31,0
766,2026-02-28,0
766,2026-03-31,0
766,2026-04-30,0
766,2026-05-31,0
766,2026-06-30,0
766,2026-07-31,0
767,2024-03-31,1
767,2024-04-30,1
767,2024-05-31,1
767,2024-06-30,1
767,2024-07-31,1
767,2024-08-31,1
767,2024-09-30,1
767,2024-10-31,1
767,2024-11-30,1
767,2024-12-31,1
767,2025-01-31,1
767,2025-02-28,1
767,2025-03-31,1
767,2025-04-30,1
767,2025-05-31,1
767,2025-06-30,1
767,2025-07-31,1
767,2025-08-31,1
767,2025-09-30,1
767,2025-10-31,1
767,2025-11-30,1
767,2025-12-31,1
767,2026-01-31,1
767,2026-02-28,1
767,2026-03-31,1
767,2026-04-30,1
767,2026-05-31,1
767,2026-06-30,1
767,2026-07-31,1
768,2025-10-31,1
768,2025-11-30,1
768,2025-12-31,1
768,2026-01-31,1
768,2026-02-28,1
768,2026-03-31,1
768,2026-04-30,1
768,2026-05-31,1
768,2026-06-30,1
768,2026-07-31,1
769,2026-03-31,1
769,2026-04-30,0
769,2026-05-31,0
769,2026-06-30,0
769,2026-07-31,0
770,2024-01-31,1
770,2024-02-29,1
770,2024-03-31,1
770,2024-04-30,1
770,2024-05-31,1
770,2024-06-30,1
770,2024-07-31,1
770,2024-08-31,1
770,2024-09-30,1
770,2024-10-31,1
770,2024-11-30,1
770,2024-12-31,1
770,2025-01-31,1
770,2025-02-28,1
770,2025-03-31,1
770,2025-04-30,1
770,2025-05-31,1
770,2025-06-30,1
770,2025-07-31,1
770,2025-08-31,1
770,2025-09-30,1
770,2025-10-31,1
770,2025-11-30,1
770,2025-12-31,1
770,2026-01-31,1
770,2026-02-28,1
770,2026-03-31,1
770,2026-04-30,1
770,2026-05-31,1
770,2026-06-30,1
770,2026-07-31,1
771,2024-11-30,1
771,2024-12-31,1
771,2025-01-31,1
771,2025-02-28,1
771,2025-03-31,1
771,2025-04-30,1
771,2025-05-31,1
771,2025-06-30,1
771,2025-07-31,1
771,2025-08-31,1
771,2025-09-30,1
771,2025-10-31,1
771,2025-11-30,1
771,2025-12-31,1
771,2026-01-31,1
771,2026-02-28,1
771,2026-03-31,1
771,2026-04-30,1
771,2026-05-31,1
771,2026-06-30,1
771,2026-07-31,1
772,2025-08-31,1
772,2025-09-30,1
772,2025-10-31,1
772,2025-11-30,1
772,2025-12-31,1
772,2026-01-31,1
772,2026-02-28,1
772,2026-03-31,1
772,2026-04-30,1
772,2026-05-31,1
772,2026-06-30,1
772,2026-07-31,1
773,2025-05-31,1
773,2025-06-30,1
773,2025-07-31,1
773,2025-08-31,1
773,2025-09-30,1
773,2025-10-31,1
773,2025-11-30,1
773,2025-12-31,1
773,2026-01-31,1
773,2026-02-28,1
773,2026-03-31,1
773,2026-04-30,1
773,2026-05-31,1
773,2026-06-30,1
773,2026-07-31,1
774,2026-02-28,1
774,2026-03-31,1
774,2026-04-30,1
774,2026-05-31,1
774,2026-06-30,1
774,2026-07-31,1
775,2026-02-28,1
775,2026-03-31,1
775,2026-04-30,1
775,2026-05-31,1
775,2026-06-30,1
775,2026-07-31,1
776,2024-05-31,1
776,2024-06-30,1
776,2024-07-31,1
776,2024-08-31,1
776,2024-09-30,1
776,2024-10-31,1
776,2024-11-30,1
776,2024-12-31,1
776,2025-01-31,1
776,2025-02-28,1
776,2025-03-31,1
776,2025-04-30,1
776,2025-05-31,1
776,2025-06-30,1
776,2025-07-31,1
776,2025-08-31,1
776,2025-09-30,1
776,2025-10-31,1
776,2025-11-30,1
776,2025-12-31,1
776,2026-01-31,1
776,2026-02-28,1
776,2026-03-31,1
776,2026-04-30,1
776,2026-05-31,1
776,2026-06-30,1
776,2026-07-31,1
777,2025-12-31,1
777,2026-01-31,1
777,2026-02-28,0
777,2026-03-31,0
777,2026-04-30,0
777,2026-05-31,0
777,2026-06-30,0
777,2026-07-31,0
778,2025-10-31,1
778,2025-11-30,1
778,2025-12-31,1
778,2026-01-31,1
778,2026-02-28,1
778,2026-03-31,1
778,2026-04-30,1
778,2026-05-31,1
778,2026-06-30,1
778,2026-07-31,1
779,2024-10-31,1
779,2024-11-30,1
779,2024-12-31,1
779,2025-01-31,1
779,2025-02-28,1
779,2025-03-31,1
779,2025-04-30,1
779,2025-05-31,1
779,2025-06-30,1
779,2025-07-31,1
779,2025-08-31,1
779,2025-09-30,1
779,2025-10-31,1
779,2025-11-30,1
779,2025-12-31,1
779,2026-01-31,1
779,2026-02-28,1
779,2026-03-31,1
779,2026-04-30,1
779,2026-05-31,1
779,2026-06-30,1
779,2026-07-31,1
780,2024-03-31,1
780,2024-04-30,1
780,2024-05-31,1
780,2024-06-30,1
780,2024-07-31,1
780,2024-08-31,1
780,2024-09-30,1
780,2024-10-31,1
780,2024-11-30,1
780,2024-12-31,1
780,2025-01-31,1
780,2025-02-28,1
780,2025-03-31,1
780,2025-04-30,1
780,2025-05-31,1
780,2025-06-30,1
780,2025-07-31,1
780,2025-08-31,1
780,2025-09-30,1
780,2025-10-31,1
780,2025-11-30,1
780,2025-12-31,1
780,2026-01-31,1
780,2026-02-28,1
780,2026-03-31,1
780,2026-04-30,1
780,2026-05-31,1
780,2026-06-30,1
780,2026-07-31,1
781,2025-04-30,1
781,2025-05-31,1
781,2025-06-30,1
781,2025-07-31,1
781,2025-08-31,1
781,2025-09-30,1
781,2025-10-31,1
781,2025-11-30,1
781,2025-12-31,1
781,2026-01-31,1
781,2026-02-28,1
781,2026-03-31,1
781,2026-04-30,1
781,2026-05-31,1
781,2026-06-30,1
781,2026-07-31,1
782,2025-07-31,1
782,2025-08-31,1
782,2025-09-30,1
782,2025-10-31,1
782,2025-11-30,1
782,2025-12-31,1
782,2026-01-31,1
782,2026-02-28,1
782,2026-03-31,1
782,2026-04-30,0
782,2026-05-31,0
782,2026-06-30,0
782,2026-07-31,0
783,2024-02-29,1
783,2024-03-31,1
783,2024-04-30,1
783,2024-05-31,1
783,2024-06-30,1
783,2024-07-31,1
783,2024-08-31,1
783,2024-09-30,1
783,2024-10-31,1
783,2024-11-30,1
783,2024-12-31,1
783,2025-01-31,1
783,2025-02-28,1
783,2025-03-31,1
783,2025-04-30,1
783,2025-05-31,1
783,2025-06-30,1
783,2025-07-31,1
783,2025-08-31,1
783,2025-09-30,1
783,2025-10-31,1
783,2025-11-30,1
783,2025-12-31,1
783,2026-01-31,1
783,2026-02-28,1
783,2026-03-31,1
783,2026-04-30,1
783,2026-05-31,1
783,2026-06-30,1
783,2026-07-31,1
784,2024-06-30,1
784,2024-07-31,1
784,2024-08-31,1
784,2024-09-30,1
784,2024-10-31,1
784,2024-11-30,1
784,2024-12-31,1
784,2025-01-31,1
784,2025-02-28,1
784,2025-03-31,1
784,2025-04-30,1
784,2025-05-31,1
784,2025-06-30,1
784,2025-07-31,1
784,2025-08-31,1
784,2025-09-30,1
784,2025-10-31,1
784,2025-11-30,1
784,2025-12-31,1
784,2026-01-31,1
784,2026-02-28,1
784,2026-03-31,1
784,2026-04-30,1
784,2026-05-31,1
784,2026-06-30,1
784,2026-07-31,1
785,2024-09-30,1
785,2024-10-31,1
785,2024-11-30,1
785,2024-12-31,1
785,2025-01-31,1
785,2025-02-28,1
785,2025-03-31,1
785,2025-04-30,1
785,2025-05-31,1
785,2025-06-30,1
785,2025-07-31,1
785,2025-08-31,1
785,2025-09-30,1
785,2025-10-31,1
785,2025-11-30,1
785,2025-12-31,1
785,2026-01-31,1
785,2026-02-28,1
785,2026-03-31,1
785,2026-04-30,1
785,2026-05-31,1
785,2026-06-30,1
785,2026-07-31,1
786,2025-05-31,1
786,2025-06-30,1
786,2025-07-31,1
786,2025-08-31,1
786,2025-09-30,1
786,2025-10-31,1
786,2025-11-30,1
786,2025-12-31,1
786,2026-01-31,1
786,2026-02-28,1
786,2026-03-31,1
786,2026-04-30,1
786,2026-05-31,1
786,2026-06-30,1
786,2026-07-31,1
787,2024-09-30,1
787,2024-10-31,1
787,2024-11-30,1
787,2024-12-31,1
787,2025-01-31,1
787,2025-02-28,1
787,2025-03-31,1
787,2025-04-30,1
787,2025-05-31,1
787,2025-06-30,1
787,2025-07-31,1
787,2025-08-31,1
787,2025-09-30,1
787,2025-10-31,1
787,2025-11-30,1
787,2025-12-31,1
787,2026-01-31,1
787,2026-02-28,1
787,2026-03-31,1
787,2026-04-30,1
787,2026-05-31,1
787,2026-06-30,1
787,2026-07-31,1
788,2024-08-31,1
788,2024-09-30,1
788,2024-10-31,1
788,2024-11-30,1
788,2024-12-31,1
788,2025-01-31,1
788,2025-02-28,1
788,2025-03-31,1
788,2025-04-30,1
788,2025-05-31,1
788,2025-06-30,1
788,2025-07-31,1
788,2025-08-31,1
788,2025-09-30,1
788,2025-10-31,1
788,2025-11-30,1
788,2025-12-31,1
788,2026-01-31,1
788,2026-02-28,1
788,2026-03-31,1
788,2026-04-30,1
788,2026-05-31,1
788,2026-06-30,1
788,2026-07-31,1
789,2025-05-31,1
789,2025-06-30,1
789,2025-07-31,1
789,2025-08-31,1
789,2025-09-30,1
789,2025-10-31,1
789,2025-11-30,1
789,2025-12-31,1
789,2026-01-31,1
789,2026-02-28,1
789,2026-03-31,1
789,2026-04-30,1
789,2026-05-31,1
789,2026-06-30,1
789,2026-07-31,1
790,2025-11-30,1
790,2025-12-31,1
790,2026-01-31,1
790,2026-02-28,1
790,2026-03-31,1
790,2026-04-30,1
790,2026-05-31,1
790,2026-06-30,1
790,2026-07-31,1
791,2024-04-30,1
791,2024-05-31,0
791,2024-06-30,0
791,2024-07-31,0
791,2024-08-31,0
791,2024-09-30,0
791,2024-10-31,0
791,2024-11-30,0
791,2024-12-31,0
791,2025-01-31,0
791,2025-02-28,0
791,2025-03-31,0
791,2025-04-30,0
791,2025-05-31,0
791,2025-06-30,0
791,2025-07-31,0
791,2025-08-31,0
791,2025-09-30,0
791,2025-10-31,0
791,2025-11-30,0
791,2025-12-31,0
791,2026-01-31,0
791,2026-02-28,0
791,2026-03-31,0
791,2026-04-30,0
791,2026-05-31,0
791,2026-06-30,0
791,2026-07-31,0
792,2025-12-31,1
792,2026-01-31,1
792,2026-02-28,1
792,2026-03-31,1
792,2026-04-30,1
792,2026-05-31,1
792,2026-06-30,1
792,2026-07-31,1
793,2024-05-31,1
793,2024-06-30,1
793,2024-07-31,1
793,2024-08-31,1
793,2024-09-30,1
793,2024-10-31,1
793,2024-11-30,1
793,2024-12-31,1
793,2025-01-31,1
793,2025-02-28,1
793,2025-03-31,1
793,2025-04-30,1
793,2025-05-31,1
793,2025-06-30,1
793,2025-07-31,1
793,2025-08-31,1
793,2025-09-30,1
793,2025-10-31,1
793,2025-11-30,1
793,2025-12-31,1
793,2026-01-31,1
793,2026-02-28,1
793,2026-03-31,1
793,2026-04-30,1
793,2026-05-31,1
793,2026-06-30,1
793,2026-07-31,1
794,2025-11-30,1
794,2025-12-31,1
794,2026-01-31,1
794,2026-02-28,1
794,2026-03-31,1
794,2026-04-30,1
794,2026-05-31,1
794,2026-06-30,1
794,2026-07-31,1
795,2024-10-31,1
795,2024-11-30,1
795,2024-12-31,1
795,2025-01-31,1
795,2025-02-28,1
795,2025-03-31,1
795,2025-04-30,1
795,2025-05-31,1
795,2025-06-30,1
795,2025-07-31,1
795,2025-08-31,1
795,2025-09-30,1
795,2025-10-31,1
795,2025-11-30,1
795,2025-12-31,1
795,2026-01-31,1
795,2026-02-28,1
795,2026-03-31,1
795,2026-04-30,1
795,2026-05-31,1
795,2026-06-30,1
795,2026-07-31,1
796,2024-09-30,1
796,2024-10-31,1
796,2024-11-30,1
796,2024-12-31,1
796,2025-01-31,1
796,2025-02-28,1
796,2025-03-31,1
796,2025-04-30,1
796,2025-05-31,1
796,2025-06-30,0
796,2025-07-31,0
796,2025-08-31,0
796,2025-09-30,0
796,2025-10-31,0
796,2025-11-30,0
796,2025-12-31,0
796,2026-01-31,0
796,2026-02-28,0
796,2026-03-31,0
796,2026-04-30,0
796,2026-05-31,0
796,2026-06-30,0
796,2026-07-31,0
797,2025-12-31,1
797,2026-01-31,1
797,2026-02-28,1
797,2026-03-31,0
797,2026-04-30,0
797,2026-05-31,0
797,2026-06-30,0
797,2026-07-31,0
798,2025-04-30,1
798,2025-05-31,1
798,2025-06-30,1
798,2025-07-31,1
798,2025-08-31,1
798,2025-09-30,1
798,2025-10-31,1
798,2025-11-30,1
798,2025-12-31,1
798,2026-01-31,1
798,2026-02-28,1
798,2026-03-31,1
798,2026-04-30,1
798,2026-05-31,1
798,2026-06-30,1
798,2026-07-31,1
799,2025-04-30,1
799,2025-05-31,1
799,2025-06-30,1
799,2025-07-31,1
799,2025-08-31,1
799,2025-09-30,1
799,2025-10-31,1
799,2025-11-30,1
799,2025-12-31,1
799,2026-01-31,1
799,2026-02-28,1
799,2026-03-31,1
799,2026-04-30,1
799,2026-05-31,1
799,2026-06-30,1
799,2026-07-31,1
800,2024-09-30,1
800,2024-10-31,1
800,2024-11-30,1
800,2024-12-31,1
800,2025-01-31,1
800,2025-02-28,1
800,2025-03-31,1
800,2025-04-30,1
800,2025-05-31,1
800,2025-06-30,1
800,2025-07-31,1
800,2025-08-31,1
800,2025-09-30,1
800,2025-10-31,1
800,2025-11-30,1
800,2025-12-31,1
800,2026-01-31,1
800,2026-02-28,1
800,2026-03-31,1
800,2026-04-30,1
800,2026-05-31,1
800,2026-06-30,1
800,2026-07-31,1
801,2025-11-30,1
801,2025-12-31,1
801,2026-01-31,1
801,2026-02-28,1
801,2026-03-31,1
801,2026-04-30,1
801,2026-05-31,1
801,2026-06-30,1
801,2026-07-31,1
802,2024-08-31,1
802,2024-09-30,1
802,2024-10-31,1
802,2024-11-30,1
802,2024-12-31,1
802,2025-01-31,1
802,2025-02-28,1
802,2025-03-31,1
802,2025-04-30,1
802,2025-05-31,1
802,2025-06-30,0
802,2025-07-31,0
802,2025-08-31,0
802,2025-09-30,0
802,2025-10-31,0
802,2025-11-30,0
802,2025-12-31,0
802,2026-01-31,0
802,2026-02-28,0
802,2026-03-31,0
802,2026-04-30,0
802,2026-05-31,0
802,2026-06-30,0
802,2026-07-31,0
803,2026-05-31,1
803,2026-06-30,1
803,2026-07-31,1
804,2025-04-30,1
804,2025-05-31,1
804,2025-06-30,1
804,2025-07-31,1
804,2025-08-31,1
804,2025-09-30,1
804,2025-10-31,1
804,2025-11-30,1
804,2025-12-31,1
804,2026-01-31,1
804,2026-02-28,1
804,2026-03-31,1
804,2026-04-30,1
804,2026-05-31,1
804,2026-06-30,1
804,2026-07-31,1
805,2024-04-30,1
805,2024-05-31,1
805,2024-06-30,1
805,2024-07-31,1
805,2024-08-31,1
805,2024-09-30,1
805,2024-10-31,1
805,2024-11-30,1
805,2024-12-31,1
805,2025-01-31,1
805,2025-02-28,1
805,2025-03-31,1
805,2025-04-30,1
805,2025-05-31,1
805,2025-06-30,1
805,2025-07-31,1
805,2025-08-31,1
805,2025-09-30,1
805,2025-10-31,1
805,2025-11-30,1
805,2025-12-31,1
805,2026-01-31,1
805,2026-02-28,1
805,2026-03-31,1
805,2026-04-30,1
805,2026-05-31,1
805,2026-06-30,1
805,2026-07-31,1
806,2025-09-30,1
806,2025-10-31,1
806,2025-11-30,1
806,2025-12-31,1
806,2026-01-31,1
806,2026-02-28,1
806,2026-03-31,1
806,2026-04-30,1
806,2026-05-31,1
806,2026-06-30,1
806,2026-07-31,1
807,2024-09-30,1
807,2024-10-31,1
807,2024-11-30,1
807,2024-12-31,1
807,2025-01-31,1
807,2025-02-28,1
807,2025-03-31,1
807,2025-04-30,1
807,2025-05-31,1
807,2025-06-30,1
807,2025-07-31,1
807,2025-08-31,1
807,2025-09-30,1
807,2025-10-31,1
807,2025-11-30,1
807,2025-12-31,1
807,2026-01-31,1
807,2026-02-28,1
807,2026-03-31,1
807,2026-04-30,1
807,2026-05-31,1
807,2026-06-30,1
807,2026-07-31,1
808,2026-06-30,1
808,2026-07-31,1
809,2024-04-30,1
809,2024-05-31,1
809,2024-06-30,1
809,2024-07-31,1
809,2024-08-31,1
809,2024-09-30,1
809,2024-10-31,1
809,2024-11-30,1
809,2024-12-31,1
809,2025-01-31,1
809,2025-02-28,1
809,2025-03-31,1
809,2025-04-30,1
809,2025-05-31,1
809,2025-06-30,1
809,2025-07-31,1
809,2025-08-31,1
809,2025-09-30,1
809,2025-10-31,1
809,2025-11-30,1
809,2025-12-31,1
809,2026-01-31,1
809,2026-02-28,1
809,2026-03-31,1
809,2026-04-30,1
809,2026-05-31,1
809,2026-06-30,1
809,2026-07-31,1
810,2026-04-30,1
810,2026-05-31,1
810,2026-06-30,1
810,2026-07-31,1
811,2026-01-31,1
811,2026-02-28,1
811,2026-03-31,1
811,2026-04-30,1
811,2026-05-31,0
811,2026-06-30,0
811,2026-07-31,0
812,2025-01-31,1
812,2025-02-28,1
812,2025-03-31,1
812,2025-04-30,1
812,2025-05-31,1
812,2025-06-30,1
812,2025-07-31,1
812,2025-08-31,1
812,2025-09-30,1
812,2025-10-31,1
812,2025-11-30,1
812,2025-12-31,1
812,2026-01-31,1
812,2026-02-28,1
812,2026-03-31,1
812,2026-04-30,1
812,2026-05-31,1
812,2026-06-30,1
812,2026-07-31,1
813,2025-11-30,1
813,2025-12-31,1
813,2026-01-31,1
813,2026-02-28,1
813,2026-03-31,1
813,2026-04-30,0
813,2026-05-31,0
813,2026-06-30,0
813,2026-07-31,0
814,2025-01-31,1
814,2025-02-28,1
814,2025-03-31,1
814,2025-04-30,1
814,2025-05-31,1
814,2025-06-30,1
814,2025-07-31,1
814,2025-08-31,1
814,2025-09-30,0
814,2025-10-31,0
814,2025-11-30,0
814,2025-12-31,0
814,2026-01-31,0
814,2026-02-28,0
814,2026-03-31,0
814,2026-04-30,0
814,2026-05-31,0
814,2026-06-30,0
814,2026-07-31,0
815,2024-12-31,1
815,2025-01-31,1
815,2025-02-28,1
815,2025-03-31,1
815,2025-04-30,1
815,2025-05-31,1
815,2025-06-30,1
815,2025-07-31,1
815,2025-08-31,1
815,2025-09-30,1
815,2025-10-31,1
815,2025-11-30,1
815,2025-12-31,1
815,2026-01-31,1
815,2026-02-28,1
815,2026-03-31,1
815,2026-04-30,1
815,2026-05-31,1
815,2026-06-30,1
815,2026-07-31,1
816,2024-07-31,1
816,2024-08-31,1
816,2024-09-30,1
816,2024-10-31,1
816,2024-11-30,1
816,2024-12-31,1
816,2025-01-31,1
816,2025-02-28,1
816,2025-03-31,1
816,2025-04-30,1
816,2025-05-31,1
816,2025-06-30,1
816,2025-07-31,1
816,2025-08-31,1
816,2025-09-30,1
816,2025-10-31,1
816,2025-11-30,1
816,2025-12-31,1
816,2026-01-31,1
816,2026-02-28,1
816,2026-03-31,1
816,2026-04-30,1
816,2026-05-31,1
816,2026-06-30,1
816,2026-07-31,1
817,2024-04-30,1
817,2024-05-31,1
817,2024-06-30,1
817,2024-07-31,1
817,2024-08-31,1
817,2024-09-30,1
817,2024-10-31,1
817,2024-11-30,1
817,2024-12-31,1
817,2025-01-31,1
817,2025-02-28,1
817,2025-03-31,1
817,2025-04-30,1
817,2025-05-31,1
817,2025-06-30,1
817,2025-07-31,1
817,2025-08-31,1
817,2025-09-30,1
817,2025-10-31,1
817,2025-11-30,1
817,2025-12-31,1
817,2026-01-31,1
817,2026-02-28,1
817,2026-03-31,1
817,2026-04-30,1
817,2026-05-31,1
817,2026-06-30,1
817,2026-07-31,1
818,2024-11-30,1
818,2024-12-31,1
818,2025-01-31,1
818,2025-02-28,1
818,2025-03-31,1
818,2025-04-30,1
818,2025-05-31,1
818,2025-06-30,1
818,2025-07-31,1
818,2025-08-31,1
818,2025-09-30,1
818,2025-10-31,1
818,2025-11-30,1
818,2025-12-31,1
818,2026-01-31,0
818,2026-02-28,0
818,2026-03-31,0
818,2026-04-30,0
818,2026-05-31,0
818,2026-06-30,0
818,2026-07-31,0
819,2025-02-28,1
819,2025-03-31,1
819,2025-04-30,1
819,2025-05-31,1
819,2025-06-30,1
819,2025-07-31,1
819,2025-08-31,1
819,2025-09-30,1
819,2025-10-31,1
819,2025-11-30,1
819,2025-12-31,1
819,2026-01-31,1
819,2026-02-28,1
819,2026-03-31,1
819,2026-04-30,1
819,2026-05-31,1
819,2026-06-30,1
819,2026-07-31,1
820,2026-03-31,1
820,2026-04-30,1
820,2026-05-31,1
820,2026-06-30,1
820,2026-07-31,1
821,2025-07-31,1
821,2025-08-31,1
821,2025-09-30,1
821,2025-10-31,1
821,2025-11-30,1
821,2025-12-31,1
821,2026-01-31,1
821,2026-02-28,1
821,2026-03-31,1
821,2026-04-30,1
821,2026-05-31,1
821,2026-06-30,1
821,2026-07-31,1
822,2026-02-28,1
822,2026-03-31,1
822,2026-04-30,1
822,2026-05-31,1
822,2026-06-30,1
822,2026-07-31,1
823,2025-02-28,1
823,2025-03-31,1
823,2025-04-30,1
823,2025-05-31,1
823,2025-06-30,1
823,2025-07-31,1
823,2025-08-31,1
823,2025-09-30,1
823,2025-10-31,1
823,2025-11-30,1
823,2025-12-31,1
823,2026-01-31,1
823,2026-02-28,1
823,2026-03-31,1
823,2026-04-30,1
823,2026-05-31,1
823,2026-06-30,1
823,2026-07-31,1
824,2024-02-29,1
824,2024-03-31,1
824,2024-04-30,1
824,2024-05-31,1
824,2024-06-30,1
824,2024-07-31,1
824,2024-08-31,1
824,2024-09-30,1
824,2024-10-31,1
824,2024-11-30,1
824,2024-12-31,1
824,2025-01-31,1
824,2025-02-28,1
824,2025-03-31,1
824,2025-04-30,1
824,2025-05-31,1
824,2025-06-30,1
824,2025-07-31,1
824,2025-08-31,1
824,2025-09-30,1
824,2025-10-31,1
824,2025-11-30,1
824,2025-12-31,1
824,2026-01-31,1
824,2026-02-28,1
824,2026-03-31,1
824,2026-04-30,1
824,2026-05-31,1
824,2026-06-30,1
824,2026-07-31,1
825,2026-03-31,1
825,2026-04-30,1
825,2026-05-31,1
825,2026-06-30,1
825,2026-07-31,1
826,2025-07-31,1
826,2025-08-31,1
826,2025-09-30,1
826,2025-10-31,1
826,2025-11-30,1
826,2025-12-31,1
826,2026-01-31,0
826,2026-02-28,0
826,2026-03-31,0
826,2026-04-30,0
826,2026-05-31,0
826,2026-06-30,0
826,2026-07-31,0
827,2025-02-28,1
827,2025-03-31,1
827,2025-04-30,1
827,2025-05-31,1
827,2025-06-30,1
827,2025-07-31,1
827,2025-08-31,1
827,2025-09-30,1
827,2025-10-31,1
827,2025-11-30,1
827,2025-12-31,1
827,2026-01-31,1
827,2026-02-28,1
827,2026-03-31,1
827,2026-04-30,1
827,2026-05-31,1
827,2026-06-30,1
827,2026-07-31,1
828,2024-10-31,1
828,2024-11-30,1
828,2024-12-31,1
828,2025-01-31,1
828,2025-02-28,1
828,2025-03-31,1
828,2025-04-30,1
828,2025-05-31,1
828,2025-06-30,1
828,2025-07-31,1
828,2025-08-31,1
828,2025-09-30,1
828,2025-10-31,0
828,2025-11-30,0
828,2025-12-31,0
828,2026-01-31,0
828,2026-02-28,0
828,2026-03-31,0
828,2026-04-30,0
828,2026-05-31,0
828,2026-06-30,0
828,2026-07-31,0
829,2025-12-31,1
829,2026-01-31,1
829,2026-02-28,1
829,2026-03-31,1
829,2026-04-30,1
829,2026-05-31,1
829,2026-06-30,0
829,2026-07-31,0
830,2024-04-30,1
830,2024-05-31,1
830,2024-06-30,1
830,2024-07-31,1
830,2024-08-31,1
830,2024-09-30,1
830,2024-10-31,1
830,2024-11-30,1
830,2024-12-31,1
830,2025-01-31,1
830,2025-02-28,1
830,2025-03-31,1
830,2025-04-30,1
830,2025-05-31,1
830,2025-06-30,1
830,2025-07-31,1
830,2025-08-31,1
830,2025-09-30,1
830,2025-10-31,1
830,2025-11-30,1
830,2025-12-31,1
830,2026-01-31,1
830,2026-02-28,1
830,2026-03-31,1
830,2026-04-30,1
830,2026-05-31,1
830,2026-06-30,1
830,2026-07-31,1
831,2025-11-30,1
831,2025-12-31,1
831,2026-01-31,1
831,2026-02-28,1
831,2026-03-31,1
831,2026-04-30,1
831,2026-05-31,1
831,2026-06-30,1
831,2026-07-31,1
832,2025-02-28,1
832,2025-03-31,1
832,2025-04-30,1
832,2025-05-31,1
832,2025-06-30,1
832,2025-07-31,1
832,2025-08-31,0
832,2025-09-30,0
832,2025-10-31,0
832,2025-11-30,0
832,2025-12-31,0
832,2026-01-31,0
832,2026-02-28,0
832,2026-03-31,0
832,2026-04-30,0
832,2026-05-31,0
832,2026-06-30,0
832,2026-07-31,0
833,2026-05-31,1
833,2026-06-30,0
833,2026-07-31,0
834,2024-05-31,1
834,2024-06-30,1
834,2024-07-31,1
834,2024-08-31,1
834,2024-09-30,1
834,2024-10-31,1
834,2024-11-30,1
834,2024-12-31,1
834,2025-01-31,1
834,2025-02-28,1
834,2025-03-31,1
834,2025-04-30,1
834,2025-05-31,1
834,2025-06-30,1
834,2025-07-31,1
834,2025-08-31,1
834,2025-09-30,1
834,2025-10-31,1
834,2025-11-30,1
834,2025-12-31,1
834,2026-01-31,1
834,2026-02-28,1
834,2026-03-31,1
834,2026-04-30,1
834,2026-05-31,1
834,2026-06-30,1
834,2026-07-31,1
835,2026-06-30,1
835,2026-07-31,0
836,2026-03-31,1
836,2026-04-30,1
836,2026-05-31,1
836,2026-06-30,1
836,2026-07-31,1
837,2025-08-31,1
837,2025-09-30,1
837,2025-10-31,1
837,2025-11-30,1
837,2025-12-31,1
837,2026-01-31,1
837,2026-02-28,1
837,2026-03-31,1
837,2026-04-30,1
837,2026-05-31,1
837,2026-06-30,1
837,2026-07-31,1
838,2025-08-31,1
838,2025-09-30,1
838,2025-10-31,1
838,2025-11-30,1
838,2025-12-31,1
838,2026-01-31,1
838,2026-02-28,1
838,2026-03-31,1
838,2026-04-30,1
838,2026-05-31,1
838,2026-06-30,1
838,2026-07-31,1
839,2024-11-30,1
839,2024-12-31,1
839,2025-01-31,1
839,2025-02-28,1
839,2025-03-31,1
839,2025-04-30,1
839,2025-05-31,1
839,2025-06-30,1
839,2025-07-31,1
839,2025-08-31,1
839,2025-09-30,1
839,2025-10-31,1
839,2025-11-30,1
839,2025-12-31,1
839,2026-01-31,1
839,2026-02-28,1
839,2026-03-31,1
839,2026-04-30,1
839,2026-05-31,1
839,2026-06-30,1
839,2026-07-31,1
840,2025-05-31,1
840,2025-06-30,1
840,2025-07-31,1
840,2025-08-31,1
840,2025-09-30,1
840,2025-10-31,1
840,2025-11-30,1
840,2025-12-31,1
840,2026-01-31,1
840,2026-02-28,1
840,2026-03-31,1
840,2026-04-30,1
840,2026-05-31,1
840,2026-06-30,1
840,2026-07-31,1
841,2024-07-31,1
841,2024-08-31,1
841,2024-09-30,1
841,2024-10-31,1
841,2024-11-30,1
841,2024-12-31,1
841,2025-01-31,1
841,2025-02-28,1
841,2025-03-31,1
841,2025-04-30,1
841,2025-05-31,1
841,2025-06-30,1
841,2025-07-31,1
841,2025-08-31,1
841,2025-09-30,1
841,2025-10-31,1
841,2025-11-30,1
841,2025-12-31,1
841,2026-01-31,1
841,2026-02-28,1
841,2026-03-31,1
841,2026-04-30,1
841,2026-05-31,1
841,2026-06-30,1
841,2026-07-31,1
842,2026-01-31,1
842,2026-02-28,1
842,2026-03-31,1
842,2026-04-30,0
842,2026-05-31,0
842,2026-06-30,0
842,2026-07-31,0
843,2026-01-31,1
843,2026-02-28,1
843,2026-03-31,1
843,2026-04-30,1
843,2026-05-31,1
843,2026-06-30,1
843,2026-07-31,1
844,2024-02-29,1
844,2024-03-31,1
844,2024-04-30,1
844,2024-05-31,1
844,2024-06-30,1
844,2024-07-31,1
844,2024-08-31,1
844,2024-09-30,1
844,2024-10-31,1
844,2024-11-30,1
844,2024-12-31,1
844,2025-01-31,1
844,2025-02-28,1
844,2025-03-31,1
844,2025-04-30,1
844,2025-05-31,1
844,2025-06-30,1
844,2025-07-31,1
844,2025-08-31,1
844,2025-09-30,1
844,2025-10-31,1
844,2025-11-30,1
844,2025-12-31,1
844,2026-01-31,1
844,2026-02-28,1
844,2026-03-31,1
844,2026-04-30,1
844,2026-05-31,1
844,2026-06-30,1
844,2026-07-31,1
845,2025-12-31,1
845,2026-01-31,1
845,2026-02-28,1
845,2026-03-31,1
845,2026-04-30,1
845,2026-05-31,1
845,2026-06-30,1
845,2026-07-31,1
846,2024-02-29,1
846,2024-03-31,1
846,2024-04-30,1
846,2024-05-31,1
846,2024-06-30,1
846,2024-07-31,1
846,2024-08-31,1
846,2024-09-30,1
846,2024-10-31,1
846,2024-11-30,1
846,2024-12-31,1
846,2025-01-31,1
846,2025-02-28,1
846,2025-03-31,1
846,2025-04-30,1
846,2025-05-31,1
846,2025-06-30,1
846,2025-07-31,1
846,2025-08-31,1
846,2025-09-30,1
846,2025-10-31,1
846,2025-11-30,1
846,2025-12-31,1
846,2026-01-31,1
846,2026-02-28,1
846,2026-03-31,1
846,2026-04-30,1
846,2026-05-31,1
846,2026-06-30,1
846,2026-07-31,1
847,2024-08-31,1
847,2024-09-30,1
847,2024-10-31,1
847,2024-11-30,1
847,2024-12-31,1
847,2025-01-31,1
847,2025-02-28,1
847,2025-03-31,1
847,2025-04-30,1
847,2025-05-31,1
847,2025-06-30,1
847,2025-07-31,1
847,2025-08-31,1
847,2025-09-30,1
847,2025-10-31,1
847,2025-11-30,1
847,2025-12-31,1
847,2026-01-31,1
847,2026-02-28,1
847,2026-03-31,1
847,2026-04-30,1
847,2026-05-31,1
847,2026-06-30,1
847,2026-07-31,1
848,2024-10-31,1
848,2024-11-30,1
848,2024-12-31,1
848,2025-01-31,1
848,2025-02-28,1
848,2025-03-31,1
848,2025-04-30,1
848,2025-05-31,1
848,2025-06-30,1
848,2025-07-31,1
848,2025-08-31,1
848,2025-09-30,1
848,2025-10-31,1
848,2025-11-30,1
848,2025-12-31,1
848,2026-01-31,1
848,2026-02-28,1
848,2026-03-31,1
848,2026-04-30,1
848,2026-05-31,1
848,2026-06-30,1
848,2026-07-31,1
849,2025-05-31,1
849,2025-06-30,1
849,2025-07-31,1
849,2025-08-31,1
849,2025-09-30,1
849,2025-10-31,1
849,2025-11-30,1
849,2025-12-31,1
849,2026-01-31,1
849,2026-02-28,1
849,2026-03-31,1
849,2026-04-30,1
849,2026-05-31,1
849,2026-06-30,1
849,2026-07-31,1
850,2024-11-30,1
850,2024-12-31,1
850,2025-01-31,1
850,2025-02-28,1
850,2025-03-31,1
850,2025-04-30,1
850,2025-05-31,1
850,2025-06-30,1
850,2025-07-31,1
850,2025-08-31,1
850,2025-09-30,1
850,2025-10-31,1
850,2025-11-30,1
850,2025-12-31,1
850,2026-01-31,1
850,2026-02-28,1
850,2026-03-31,1
850,2026-04-30,1
850,2026-05-31,1
850,2026-06-30,1
850,2026-07-31,1
851,2024-09-30,1
851,2024-10-31,1
851,2024-11-30,1
851,2024-12-31,1
851,2025-01-31,1
851,2025-02-28,1
851,2025-03-31,1
851,2025-04-30,1
851,2025-05-31,1
851,2025-06-30,1
851,2025-07-31,1
851,2025-08-31,1
851,2025-09-30,1
851,2025-10-31,1
851,2025-11-30,1
851,2025-12-31,1
851,2026-01-31,1
851,2026-02-28,1
851,2026-03-31,1
851,2026-04-30,1
851,2026-05-31,1
851,2026-06-30,1
851,2026-07-31,1
852,2025-09-30,1
852,2025-10-31,1
852,2025-11-30,0
852,2025-12-31,0
852,2026-01-31,0
852,2026-02-28,0
852,2026-03-31,0
852,2026-04-30,0
852,2026-05-31,0
852,2026-06-30,0
852,2026-07-31,0
853,2025-08-31,1
853,2025-09-30,1
853,2025-10-31,1
853,2025-11-30,1
853,2025-12-31,1
853,2026-01-31,1
853,2026-02-28,1
853,2026-03-31,1
853,2026-04-30,1
853,2026-05-31,1
853,2026-06-30,1
853,2026-07-31,1
854,2025-03-31,1
854,2025-04-30,1
854,2025-05-31,1
854,2025-06-30,1
854,2025-07-31,1
854,2025-08-31,1
854,2025-09-30,1
854,2025-10-31,1
854,2025-11-30,1
854,2025-12-31,1
854,2026-01-31,1
854,2026-02-28,1
854,2026-03-31,0
854,2026-04-30,0
854,2026-05-31,0
854,2026-06-30,0
854,2026-07-31,0
855,2024-06-30,1
855,2024-07-31,1
855,2024-08-31,1
855,2024-09-30,1
855,2024-10-31,1
855,2024-11-30,1
855,2024-12-31,1
855,2025-01-31,1
855,2025-02-28,1
855,2025-03-31,0
855,2025-04-30,0
855,2025-05-31,0
855,2025-06-30,0
855,2025-07-31,0
855,2025-08-31,0
855,2025-09-30,0
855,2025-10-31,0
855,2025-11-30,0
855,2025-12-31,0
855,2026-01-31,0
855,2026-02-28,0
855,2026-03-31,0
855,2026-04-30,0
855,2026-05-31,0
855,2026-06-30,0
855,2026-07-31,0
856,2025-08-31,1
856,2025-09-30,1
856,2025-10-31,1
856,2025-11-30,1
856,2025-12-31,1
856,2026-01-31,1
856,2026-02-28,1
856,2026-03-31,1
856,2026-04-30,1
856,2026-05-31,1
856,2026-06-30,1
856,2026-07-31,1
857,2026-05-31,1
857,2026-06-30,1
857,2026-07-31,1
858,2024-09-30,1
858,2024-10-31,1
858,2024-11-30,1
858,2024-12-31,1
858,2025-01-31,1
858,2025-02-28,1
858,2025-03-31,1
858,2025-04-30,1
858,2025-05-31,1
858,2025-06-30,1
858,2025-07-31,1
858,2025-08-31,1
858,2025-09-30,1
858,2025-10-31,1
858,2025-11-30,1
858,2025-12-31,1
858,2026-01-31,1
858,2026-02-28,1
858,2026-03-31,1
858,2026-04-30,1
858,2026-05-31,1
858,2026-06-30,1
858,2026-07-31,1
859,2024-09-30,1
859,2024-10-31,1
859,2024-11-30,1
859,2024-12-31,1
859,2025-01-31,1
859,2025-02-28,1
859,2025-03-31,1
859,2025-04-30,1
859,2025-05-31,1
859,2025-06-30,1
859,2025-07-31,1
859,2025-08-31,1
859,2025-09-30,1
859,2025-10-31,1
859,2025-11-30,1
859,2025-12-31,1
859,2026-01-31,1
859,2026-02-28,1
859,2026-03-31,1
859,2026-04-30,1
859,2026-05-31,0
859,2026-06-30,0
859,2026-07-31,0
860,2025-01-31,1
860,2025-02-28,1
860,2025-03-31,1
860,2025-04-30,1
860,2025-05-31,1
860,2025-06-30,1
860,2025-07-31,1
860,2025-08-31,1
860,2025-09-30,1
860,2025-10-31,0
860,2025-11-30,0
860,2025-12-31,0
860,2026-01-31,0
860,2026-02-28,0
860,2026-03-31,0
860,2026-04-30,0
860,2026-05-31,0
860,2026-06-30,0
860,2026-07-31,0
861,2024-08-31,1
861,2024-09-30,1
861,2024-10-31,1
861,2024-11-30,1
861,2024-12-31,1
861,2025-01-31,1
861,2025-02-28,1
861,2025-03-31,1
861,2025-04-30,1
861,2025-05-31,1
861,2025-06-30,1
861,2025-07-31,1
861,2025-08-31,1
861,2025-09-30,1
861,2025-10-31,1
861,2025-11-30,1
861,2025-12-31,1
861,2026-01-31,1
861,2026-02-28,1
861,2026-03-31,1
861,2026-04-30,1
861,2026-05-31,1
861,2026-06-30,1
861,2026-07-31,1
862,2026-02-28,1
862,2026-03-31,1
862,2026-04-30,1
862,2026-05-31,1
862,2026-06-30,1
862,2026-07-31,1
863,2025-05-31,1
863,2025-06-30,1
863,2025-07-31,1
863,2025-08-31,1
863,2025-09-30,1
863,2025-10-31,1
863,2025-11-30,1
863,2025-12-31,1
863,2026-01-31,0
863,2026-02-28,0
863,2026-03-31,0
863,2026-04-30,0
863,2026-05-31,0
863,2026-06-30,0
863,2026-07-31,0
864,2025-04-30,1
864,2025-05-31,1
864,2025-06-30,1
864,2025-07-31,1
864,2025-08-31,1
864,2025-09-30,1
864,2025-10-31,1
864,2025-11-30,1
864,2025-12-31,1
864,2026-01-31,1
864,2026-02-28,1
864,2026-03-31,1
864,2026-04-30,1
864,2026-05-31,1
864,2026-06-30,1
864,2026-07-31,1
865,2025-06-30,1
865,2025-07-31,1
865,2025-08-31,1
865,2025-09-30,0
865,2025-10-31,0
865,2025-11-30,0
865,2025-12-31,0
865,2026-01-31,0
865,2026-02-28,0
865,2026-03-31,0
865,2026-04-30,0
865,2026-05-31,0
865,2026-06-30,0
865,2026-07-31,0
866,2024-04-30,1
866,2024-05-31,1
866,2024-06-30,1
866,2024-07-31,1
866,2024-08-31,1
866,2024-09-30,1
866,2024-10-31,1
866,2024-11-30,1
866,2024-12-31,1
866,2025-01-31,1
866,2025-02-28,1
866,2025-03-31,1
866,2025-04-30,1
866,2025-05-31,1
866,2025-06-30,1
866,2025-07-31,1
866,2025-08-31,1
866,2025-09-30,1
866,2025-10-31,1
866,2025-11-30,1
866,2025-12-31,1
866,2026-01-31,1
866,2026-02-28,1
866,2026-03-31,1
866,2026-04-30,1
866,2026-05-31,1
866,2026-06-30,1
866,2026-07-31,1
867,2024-07-31,1
867,2024-08-31,1
867,2024-09-30,1
867,2024-10-31,1
867,2024-11-30,1
867,2024-12-31,1
867,2025-01-31,1
867,2025-02-28,1
867,2025-03-31,1
867,2025-04-30,1
867,2025-05-31,1
867,2025-06-30,1
867,2025-07-31,1
867,2025-08-31,1
867,2025-09-30,1
867,2025-10-31,1
867,2025-11-30,1
867,2025-12-31,1
867,2026-01-31,1
867,2026-02-28,1
867,2026-03-31,1
867,2026-04-30,1
867,2026-05-31,1
867,2026-06-30,1
867,2026-07-31,1
868,2025-09-30,1
868,2025-10-31,1
868,2025-11-30,1
868,2025-12-31,1
868,2026-01-31,1
868,2026-02-28,1
868,2026-03-31,1
868,2026-04-30,1
868,2026-05-31,1
868,2026-06-30,1
868,2026-07-31,1
869,2024-10-31,1
869,2024-11-30,1
869,2024-12-31,1
869,2025-01-31,1
869,2025-02-28,1
869,2025-03-31,1
869,2025-04-30,1
869,2025-05-31,1
869,2025-06-30,1
869,2025-07-31,1
869,2025-08-31,1
869,2025-09-30,1
869,2025-10-31,1
869,2025-11-30,1
869,2025-12-31,1
869,2026-01-31,1
869,2026-02-28,1
869,2026-03-31,1
869,2026-04-30,1
869,2026-05-31,1
869,2026-06-30,1
869,2026-07-31,1
870,2025-06-30,1
870,2025-07-31,1
870,2025-08-31,1
870,2025-09-30,1
870,2025-10-31,1
870,2025-11-30,1
870,2025-12-31,1
870,2026-01-31,1
870,2026-02-28,1
870,2026-03-31,1
870,2026-04-30,1
870,2026-05-31,1
870,2026-06-30,1
870,2026-07-31,1
871,2026-01-31,1
871,2026-02-28,1
871,2026-03-31,1
871,2026-04-30,1
871,2026-05-31,1
871,2026-06-30,1
871,2026-07-31,1
872,2026-02-28,1
872,2026-03-31,1
872,2026-04-30,1
872,2026-05-31,1
872,2026-06-30,1
872,2026-07-31,1
873,2024-10-31,1
873,2024-11-30,1
873,2024-12-31,1
873,2025-01-31,1
873,2025-02-28,1
873,2025-03-31,1
873,2025-04-30,1
873,2025-05-31,1
873,2025-06-30,1
873,2025-07-31,1
873,2025-08-31,1
873,2025-09-30,1
873,2025-10-31,1
873,2025-11-30,1
873,2025-12-31,1
873,2026-01-31,1
873,2026-02-28,1
873,2026-03-31,1
873,2026-04-30,1
873,2026-05-31,1
873,2026-06-30,1
873,2026-07-31,1
874,2026-05-31,1
874,2026-06-30,1
874,2026-07-31,1
875,2024-04-30,1
875,2024-05-31,1
875,2024-06-30,1
875,2024-07-31,1
875,2024-08-31,1
875,2024-09-30,1
875,2024-10-31,1
875,2024-11-30,1
875,2024-12-31,1
875,2025-01-31,1
875,2025-02-28,1
875,2025-03-31,1
875,2025-04-30,1
875,2025-05-31,1
875,2025-06-30,1
875,2025-07-31,1
875,2025-08-31,1
875,2025-09-30,1
875,2025-10-31,1
875,2025-11-30,1
875,2025-12-31,1
875,2026-01-31,1
875,2026-02-28,1
875,2026-03-31,1
875,2026-04-30,1
875,2026-05-31,1
875,2026-06-30,1
875,2026-07-31,1
876,2024-05-31,1
876,2024-06-30,1
876,2024-07-31,1
876,2024-08-31,1
876,2024-09-30,1
876,2024-10-31,1
876,2024-11-30,1
876,2024-12-31,1
876,2025-01-31,1
876,2025-02-28,1
876,2025-03-31,1
876,2025-04-30,1
876,2025-05-31,1
876,2025-06-30,1
876,2025-07-31,1
876,2025-08-31,1
876,2025-09-30,1
876,2025-10-31,1
876,2025-11-30,1
876,2025-12-31,1
876,2026-01-31,1
876,2026-02-28,1
876,2026-03-31,1
876,2026-04-30,1
876,2026-05-31,1
876,2026-06-30,1
876,2026-07-31,1
877,2026-01-31,1
877,2026-02-28,1
877,2026-03-31,1
877,2026-04-30,1
877,2026-05-31,1
877,2026-06-30,1
877,2026-07-31,1
878,2024-04-30,1
878,2024-05-31,1
878,2024-06-30,1
878,2024-07-31,1
878,2024-08-31,1
878,2024-09-30,1
878,2024-10-31,1
878,2024-11-30,1
878,2024-12-31,1
878,2025-01-31,1
878,2025-02-28,1
878,2025-03-31,1
878,2025-04-30,1
878,2025-05-31,1
878,2025-06-30,1
878,2025-07-31,1
878,2025-08-31,1
878,2025-09-30,1
878,2025-10-31,1
878,2025-11-30,1
878,2025-12-31,1
878,2026-01-31,1
878,2026-02-28,1
878,2026-03-31,1
878,2026-04-30,1
878,2026-05-31,1
878,2026-06-30,1
878,2026-07-31,1
879,2024-01-31,1
879,2024-02-29,1
879,2024-03-31,1
879,2024-04-30,1
879,2024-05-31,1
879,2024-06-30,1
879,2024-07-31,1
879,2024-08-31,1
879,2024-09-30,1
879,2024-10-31,1
879,2024-11-30,1
879,2024-12-31,1
879,2025-01-31,1
879,2025-02-28,1
879,2025-03-31,1
879,2025-04-30,1
879,2025-05-31,1
879,2025-06-30,1
879,2025-07-31,1
879,2025-08-31,1
879,2025-09-30,1
879,2025-10-31,1
879,2025-11-30,1
879,2025-12-31,1
879,2026-01-31,1
879,2026-02-28,1
879,2026-03-31,1
879,2026-04-30,1
879,2026-05-31,1
879,2026-06-30,1
879,2026-07-31,1
880,2025-10-31,1
880,2025-11-30,1
880,2025-12-31,1
880,2026-01-31,1
880,2026-02-28,1
880,2026-03-31,1
880,2026-04-30,1
880,2026-05-31,1
880,2026-06-30,1
880,2026-07-31,1
881,2025-03-31,1
881,2025-04-30,1
881,2025-05-31,1
881,2025-06-30,1
881,2025-07-31,1
881,2025-08-31,1
881,2025-09-30,1
881,2025-10-31,1
881,2025-11-30,1
881,2025-12-31,1
881,2026-01-31,1
881,2026-02-28,1
881,2026-03-31,1
881,2026-04-30,1
881,2026-05-31,1
881,2026-06-30,1
881,2026-07-31,1
882,2025-06-30,1
882,2025-07-31,1
882,2025-08-31,1
882,2025-09-30,1
882,2025-10-31,1
882,2025-11-30,1
882,2025-12-31,1
882,2026-01-31,1
882,2026-02-28,1
882,2026-03-31,1
882,2026-04-30,1
882,2026-05-31,1
882,2026-06-30,1
882,2026-07-31,1
883,2025-02-28,1
883,2025-03-31,1
883,2025-04-30,1
883,2025-05-31,1
883,2025-06-30,1
883,2025-07-31,1
883,2025-08-31,1
883,2025-09-30,1
883,2025-10-31,1
883,2025-11-30,1
883,2025-12-31,1
883,2026-01-31,1
883,2026-02-28,1
883,2026-03-31,1
883,2026-04-30,1
883,2026-05-31,1
883,2026-06-30,1
883,2026-07-31,1
884,2024-07-31,1
884,2024-08-31,1
884,2024-09-30,1
884,2024-10-31,1
884,2024-11-30,1
884,2024-12-31,1
884,2025-01-31,1
884,2025-02-28,1
884,2025-03-31,1
884,2025-04-30,1
884,2025-05-31,1
884,2025-06-30,1
884,2025-07-31,1
884,2025-08-31,1
884,2025-09-30,1
884,2025-10-31,1
884,2025-11-30,1
884,2025-12-31,1
884,2026-01-31,1
884,2026-02-28,1
884,2026-03-31,1
884,2026-04-30,1
884,2026-05-31,1
884,2026-06-30,1
884,2026-07-31,1
885,2025-07-31,1
885,2025-08-31,1
885,2025-09-30,1
885,2025-10-31,1
885,2025-11-30,1
885,2025-12-31,1
885,2026-01-31,1
885,2026-02-28,1
885,2026-03-31,1
885,2026-04-30,1
885,2026-05-31,0
885,2026-06-30,0
885,2026-07-31,0
886,2024-06-30,1
886,2024-07-31,1
886,2024-08-31,1
886,2024-09-30,1
886,2024-10-31,1
886,2024-11-30,1
886,2024-12-31,1
886,2025-01-31,1
886,2025-02-28,1
886,2025-03-31,1
886,2025-04-30,1
886,2025-05-31,1
886,2025-06-30,1
886,2025-07-31,1
886,2025-08-31,1
886,2025-09-30,1
886,2025-10-31,1
886,2025-11-30,1
886,2025-12-31,1
886,2026-01-31,1
886,2026-02-28,1
886,2026-03-31,1
886,2026-04-30,1
886,2026-05-31,1
886,2026-06-30,1
886,2026-07-31,1
887,2024-01-31,1
887,2024-02-29,1
887,2024-03-31,1
887,2024-04-30,1
887,2024-05-31,1
887,2024-06-30,1
887,2024-07-31,1
887,2024-08-31,1
887,2024-09-30,1
887,2024-10-31,1
887,2024-11-30,1
887,2024-12-31,1
887,2025-01-31,1
887,2025-02-28,1
887,2025-03-31,1
887,2025-04-30,1
887,2025-05-31,1
887,2025-06-30,1
887,2025-07-31,1
887,2025-08-31,1
887,2025-09-30,1
887,2025-10-31,1
887,2025-11-30,1
887,2025-12-31,1
887,2026-01-31,1
887,2026-02-28,1
887,2026-03-31,1
887,2026-04-30,1
887,2026-05-31,1
887,2026-06-30,1
887,2026-07-31,0
888,2024-09-30,1
888,2024-10-31,1
888,2024-11-30,1
888,2024-12-31,1
888,2025-01-31,1
888,2025-02-28,1
888,2025-03-31,1
888,2025-04-30,1
888,2025-05-31,1
888,2025-06-30,1
888,2025-07-31,1
888,2025-08-31,1
888,2025-09-30,1
888,2025-10-31,1
888,2025-11-30,1
888,2025-12-31,1
888,2026-01-31,1
888,2026-02-28,1
888,2026-03-31,1
888,2026-04-30,1
888,2026-05-31,1
888,2026-06-30,1
888,2026-07-31,1
889,2026-06-30,1
889,2026-07-31,1
890,2025-12-31,1
890,2026-01-31,1
890,2026-02-28,1
890,2026-03-31,1
890,2026-04-30,1
890,2026-05-31,1
890,2026-06-30,1
890,2026-07-31,1
891,2025-07-31,1
891,2025-08-31,1
891,2025-09-30,1
891,2025-10-31,1
891,2025-11-30,1
891,2025-12-31,1
891,2026-01-31,1
891,2026-02-28,1
891,2026-03-31,1
891,2026-04-30,0
891,2026-05-31,0
891,2026-06-30,0
891,2026-07-31,0
892,2024-10-31,1
892,2024-11-30,1
892,2024-12-31,1
892,2025-01-31,1
892,2025-02-28,1
892,2025-03-31,1
892,2025-04-30,1
892,2025-05-31,1
892,2025-06-30,1
892,2025-07-31,1
892,2025-08-31,1
892,2025-09-30,1
892,2025-10-31,1
892,2025-11-30,1
892,2025-12-31,1
892,2026-01-31,1
892,2026-02-28,1
892,2026-03-31,1
892,2026-04-30,1
892,2026-05-31,1
892,2026-06-30,1
892,2026-07-31,1
893,2025-05-31,1
893,2025-06-30,1
893,2025-07-31,1
893,2025-08-31,1
893,2025-09-30,1
893,2025-10-31,1
893,2025-11-30,1
893,2025-12-31,0
893,2026-01-31,0
893,2026-02-28,0
893,2026-03-31,0
893,2026-04-30,0
893,2026-05-31,0
893,2026-06-30,0
893,2026-07-31,0
894,2024-06-30,1
894,2024-07-31,1
894,2024-08-31,1
894,2024-09-30,1
894,2024-10-31,1
894,2024-11-30,1
894,2024-12-31,1
894,2025-01-31,1
894,2025-02-28,1
894,2025-03-31,1
894,2025-04-30,1
894,2025-05-31,1
894,2025-06-30,1
894,2025-07-31,1
894,2025-08-31,1
894,2025-09-30,1
894,2025-10-31,1
894,2025-11-30,1
894,2025-12-31,1
894,2026-01-31,1
894,2026-02-28,1
894,2026-03-31,1
894,2026-04-30,1
894,2026-05-31,1
894,2026-06-30,1
894,2026-07-31,1
895,2024-06-30,1
895,2024-07-31,1
895,2024-08-31,0
895,2024-09-30,0
895,2024-10-31,0
895,2024-11-30,0
895,2024-12-31,0
895,2025-01-31,0
895,2025-02-28,0
895,2025-03-31,0
895,2025-04-30,0
895,2025-05-31,0
895,2025-06-30,0
895,2025-07-31,0
895,2025-08-31,0
895,2025-09-30,0
895,2025-10-31,0
895,2025-11-30,0
895,2025-12-31,0
895,2026-01-31,0
895,2026-02-28,0
895,2026-03-31,0
895,2026-04-30,0
895,2026-05-31,0
895,2026-06-30,0
895,2026-07-31,0
896,2025-09-30,1
896,2025-10-31,1
896,2025-11-30,1
896,2025-12-31,1
896,2026-01-31,1
896,2026-02-28,1
896,2026-03-31,1
896,2026-04-30,1
896,2026-05-31,1
896,2026-06-30,1
896,2026-07-31,0
897,2025-06-30,1
897,2025-07-31,1
897,2025-08-31,1
897,2025-09-30,1
897,2025-10-31,1
897,2025-11-30,1
897,2025-12-31,1
897,2026-01-31,1
897,2026-02-28,1
897,2026-03-31,1
897,2026-04-30,1
897,2026-05-31,1
897,2026-06-30,1
897,2026-07-31,1
898,2025-02-28,1
898,2025-03-31,1
898,2025-04-30,1
898,2025-05-31,1
898,2025-06-30,1
898,2025-07-31,1
898,2025-08-31,1
898,2025-09-30,1
898,2025-10-31,1
898,2025-11-30,1
898,2025-12-31,1
898,2026-01-31,1
898,2026-02-28,1
898,2026-03-31,1
898,2026-04-30,1
898,2026-05-31,1
898,2026-06-30,1
898,2026-07-31,1
899,2025-12-31,1
899,2026-01-31,1
899,2026-02-28,1
899,2026-03-31,1
899,2026-04-30,1
899,2026-05-31,1
899,2026-06-30,1
899,2026-07-31,1
900,2024-01-31,1
900,2024-02-29,1
900,2024-03-31,1
900,2024-04-30,1
900,2024-05-31,1
900,2024-06-30,1
900,2024-07-31,1
900,2024-08-31,1
900,2024-09-30,1
900,2024-10-31,1
900,2024-11-30,1
900,2024-12-31,1
900,2025-01-31,1
900,2025-02-28,1
900,2025-03-31,1
900,2025-04-30,1
900,2025-05-31,1
900,2025-06-30,1
900,2025-07-31,1
900,2025-08-31,1
900,2025-09-30,1
900,2025-10-31,1
900,2025-11-30,1
900,2025-12-31,1
900,2026-01-31,1
900,2026-02-28,1
900,2026-03-31,1
900,2026-04-30,1
900,2026-05-31,1
900,2026-06-30,1
900,2026-07-31,1
901,2025-02-28,1
901,2025-03-31,1
901,2025-04-30,1
901,2025-05-31,1
901,2025-06-30,1
901,2025-07-31,1
901,2025-08-31,1
901,2025-09-30,1
901,2025-10-31,1
901,2025-11-30,1
901,2025-12-31,1
901,2026-01-31,1
901,2026-02-28,1
901,2026-03-31,1
901,2026-04-30,1
901,2026-05-31,1
901,2026-06-30,1
901,2026-07-31,1
902,2025-04-30,1
902,2025-05-31,1
902,2025-06-30,1
902,2025-07-31,1
902,2025-08-31,1
902,2025-09-30,1
902,2025-10-31,1
902,2025-11-30,1
902,2025-12-31,1
902,2026-01-31,1
902,2026-02-28,1
902,2026-03-31,1
902,2026-04-30,1
902,2026-05-31,1
902,2026-06-30,1
902,2026-07-31,1
903,2026-05-31,1
903,2026-06-30,1
903,2026-07-31,1
904,2025-07-31,1
904,2025-08-31,1
904,2025-09-30,1
904,2025-10-31,1
904,2025-11-30,1
904,2025-12-31,1
904,2026-01-31,1
904,2026-02-28,1
904,2026-03-31,1
904,2026-04-30,1
904,2026-05-31,1
904,2026-06-30,1
904,2026-07-31,1
905,2024-03-31,1
905,2024-04-30,1
905,2024-05-31,0
905,2024-06-30,0
905,2024-07-31,0
905,2024-08-31,0
905,2024-09-30,0
905,2024-10-31,0
905,2024-11-30,0
905,2024-12-31,0
905,2025-01-31,0
905,2025-02-28,0
905,2025-03-31,0
905,2025-04-30,0
905,2025-05-31,0
905,2025-06-30,0
905,2025-07-31,0
905,2025-08-31,0
905,2025-09-30,0
905,2025-10-31,0
905,2025-11-30,0
905,2025-12-31,0
905,2026-01-31,0
905,2026-02-28,0
905,2026-03-31,0
905,2026-04-30,0
905,2026-05-31,0
905,2026-06-30,0
905,2026-07-31,0
906,2024-08-31,1
906,2024-09-30,1
906,2024-10-31,1
906,2024-11-30,1
906,2024-12-31,1
906,2025-01-31,1
906,2025-02-28,1
906,2025-03-31,1
906,2025-04-30,1
906,2025-05-31,1
906,2025-06-30,1
906,2025-07-31,1
906,2025-08-31,1
906,2025-09-30,1
906,2025-10-31,1
906,2025-11-30,1
906,2025-12-31,1
906,2026-01-31,1
906,2026-02-28,1
906,2026-03-31,1
906,2026-04-30,1
906,2026-05-31,1
906,2026-06-30,1
906,2026-07-31,1
907,2024-05-31,1
907,2024-06-30,1
907,2024-07-31,1
907,2024-08-31,1
907,2024-09-30,1
907,2024-10-31,1
907,2024-11-30,1
907,2024-12-31,1
907,2025-01-31,1
907,2025-02-28,1
907,2025-03-31,1
907,2025-04-30,1
907,2025-05-31,1
907,2025-06-30,1
907,2025-07-31,1
907,2025-08-31,1
907,2025-09-30,1
907,2025-10-31,1
907,2025-11-30,1
907,2025-12-31,1
907,2026-01-31,1
907,2026-02-28,1
907,2026-03-31,1
907,2026-04-30,1
907,2026-05-31,1
907,2026-06-30,1
907,2026-07-31,1
908,2026-04-30,1
908,2026-05-31,1
908,2026-06-30,1
908,2026-07-31,1
909,2024-11-30,1
909,2024-12-31,1
909,2025-01-31,1
909,2025-02-28,1
909,2025-03-31,1
909,2025-04-30,1
909,2025-05-31,1
909,2025-06-30,1
909,2025-07-31,1
909,2025-08-31,1
909,2025-09-30,1
909,2025-10-31,1
909,2025-11-30,1
909,2025-12-31,1
909,2026-01-31,1
909,2026-02-28,1
909,2026-03-31,1
909,2026-04-30,1
909,2026-05-31,1
909,2026-06-30,1
909,2026-07-31,1
910,2024-06-30,1
910,2024-07-31,1
910,2024-08-31,1
910,2024-09-30,1
910,2024-10-31,1
910,2024-11-30,1
910,2024-12-31,1
910,2025-01-31,1
910,2025-02-28,1
910,2025-03-31,1
910,2025-04-30,1
910,2025-05-31,1
910,2025-06-30,1
910,2025-07-31,1
910,2025-08-31,1
910,2025-09-30,1
910,2025-10-31,1
910,2025-11-30,1
910,2025-12-31,1
910,2026-01-31,1
910,2026-02-28,1
910,2026-03-31,1
910,2026-04-30,1
910,2026-05-31,1
910,2026-06-30,1
910,2026-07-31,1
911,2025-03-31,1
911,2025-04-30,1
911,2025-05-31,1
911,2025-06-30,1
911,2025-07-31,1
911,2025-08-31,1
911,2025-09-30,1
911,2025-10-31,1
911,2025-11-30,1
911,2025-12-31,1
911,2026-01-31,1
911,2026-02-28,1
911,2026-03-31,1
911,2026-04-30,1
911,2026-05-31,1
911,2026-06-30,1
911,2026-07-31,1
912,2024-06-30,1
912,2024-07-31,1
912,2024-08-31,1
912,2024-09-30,1
912,2024-10-31,1
912,2024-11-30,1
912,2024-12-31,1
912,2025-01-31,1
912,2025-02-28,1
912,2025-03-31,1
912,2025-04-30,1
912,2025-05-31,1
912,2025-06-30,1
912,2025-07-31,1
912,2025-08-31,1
912,2025-09-30,1
912,2025-10-31,1
912,2025-11-30,1
912,2025-12-31,1
912,2026-01-31,1
912,2026-02-28,1
912,2026-03-31,1
912,2026-04-30,1
912,2026-05-31,1
912,2026-06-30,1
912,2026-07-31,1
913,2024-11-30,1
913,2024-12-31,1
913,2025-01-31,1
913,2025-02-28,1
913,2025-03-31,1
913,2025-04-30,1
913,2025-05-31,1
913,2025-06-30,1
913,2025-07-31,1
913,2025-08-31,1
913,2025-09-30,1
913,2025-10-31,1
913,2025-11-30,1
913,2025-12-31,1
913,2026-01-31,1
913,2026-02-28,1
913,2026-03-31,1
913,2026-04-30,1
913,2026-05-31,1
913,2026-06-30,1
913,2026-07-31,1
914,2024-04-30,1
914,2024-05-31,1
914,2024-06-30,1
914,2024-07-31,1
914,2024-08-31,1
914,2024-09-30,1
914,2024-10-31,1
914,2024-11-30,1
914,2024-12-31,1
914,2025-01-31,1
914,2025-02-28,1
914,2025-03-31,1
914,2025-04-30,1
914,2025-05-31,1
914,2025-06-30,1
914,2025-07-31,1
914,2025-08-31,1
914,2025-09-30,1
914,2025-10-31,1
914,2025-11-30,1
914,2025-12-31,1
914,2026-01-31,1
914,2026-02-28,1
914,2026-03-31,1
914,2026-04-30,1
914,2026-05-31,1
914,2026-06-30,1
914,2026-07-31,1
915,2024-07-31,1
915,2024-08-31,1
915,2024-09-30,1
915,2024-10-31,1
915,2024-11-30,1
915,2024-12-31,1
915,2025-01-31,1
915,2025-02-28,1
915,2025-03-31,1
915,2025-04-30,1
915,2025-05-31,1
915,2025-06-30,1
915,2025-07-31,1
915,2025-08-31,1
915,2025-09-30,1
915,2025-10-31,1
915,2025-11-30,1
915,2025-12-31,1
915,2026-01-31,1
915,2026-02-28,1
915,2026-03-31,1
915,2026-04-30,1
915,2026-05-31,1
915,2026-06-30,1
915,2026-07-31,1
916,2025-10-31,1
916,2025-11-30,1
916,2025-12-31,1
916,2026-01-31,1
916,2026-02-28,1
916,2026-03-31,1
916,2026-04-30,1
916,2026-05-31,1
916,2026-06-30,1
916,2026-07-31,1
917,2025-09-30,1
917,2025-10-31,1
917,2025-11-30,1
917,2025-12-31,1
917,2026-01-31,1
917,2026-02-28,1
917,2026-03-31,1
917,2026-04-30,1
917,2026-05-31,1
917,2026-06-30,1
917,2026-07-31,1
918,2024-04-30,1
918,2024-05-31,1
918,2024-06-30,1
918,2024-07-31,1
918,2024-08-31,1
918,2024-09-30,1
918,2024-10-31,1
918,2024-11-30,1
918,2024-12-31,1
918,2025-01-31,1
918,2025-02-28,1
918,2025-03-31,1
918,2025-04-30,1
918,2025-05-31,1
918,2025-06-30,1
918,2025-07-31,1
918,2025-08-31,1
918,2025-09-30,1
918,2025-10-31,1
918,2025-11-30,1
918,2025-12-31,1
918,2026-01-31,1
918,2026-02-28,1
918,2026-03-31,1
918,2026-04-30,1
918,2026-05-31,1
918,2026-06-30,1
918,2026-07-31,1
919,2025-05-31,1
919,2025-06-30,1
919,2025-07-31,0
919,2025-08-31,0
919,2025-09-30,0
919,2025-10-31,0
919,2025-11-30,0
919,2025-12-31,0
919,2026-01-31,0
919,2026-02-28,0
919,2026-03-31,0
919,2026-04-30,0
919,2026-05-31,0
919,2026-06-30,0
919,2026-07-31,0
920,2026-06-30,1
920,2026-07-31,1
921,2025-12-31,1
921,2026-01-31,1
921,2026-02-28,1
921,2026-03-31,1
921,2026-04-30,1
921,2026-05-31,1
921,2026-06-30,1
921,2026-07-31,1
922,2024-08-31,1
922,2024-09-30,1
922,2024-10-31,1
922,2024-11-30,1
922,2024-12-31,1
922,2025-01-31,1
922,2025-02-28,1
922,2025-03-31,1
922,2025-04-30,1
922,2025-05-31,1
922,2025-06-30,1
922,2025-07-31,0
922,2025-08-31,0
922,2025-09-30,0
922,2025-10-31,0
922,2025-11-30,0
922,2025-12-31,0
922,2026-01-31,0
922,2026-02-28,0
922,2026-03-31,0
922,2026-04-30,0
922,2026-05-31,0
922,2026-06-30,0
922,2026-07-31,0
923,2024-04-30,1
923,2024-05-31,1
923,2024-06-30,1
923,2024-07-31,1
923,2024-08-31,1
923,2024-09-30,1
923,2024-10-31,1
923,2024-11-30,1
923,2024-12-31,1
923,2025-01-31,1
923,2025-02-28,1
923,2025-03-31,1
923,2025-04-30,1
923,2025-05-31,1
923,2025-06-30,1
923,2025-07-31,1
923,2025-08-31,1
923,2025-09-30,1
923,2025-10-31,1
923,2025-11-30,1
923,2025-12-31,1
923,2026-01-31,1
923,2026-02-28,1
923,2026-03-31,1
923,2026-04-30,1
923,2026-05-31,1
923,2026-06-30,1
923,2026-07-31,1
924,2024-01-31,1
924,2024-02-29,1
924,2024-03-31,1
924,2024-04-30,1
924,2024-05-31,1
924,2024-06-30,1
924,2024-07-31,1
924,2024-08-31,1
924,2024-09-30,1
924,2024-10-31,1
924,2024-11-30,1
924,2024-12-31,1
924,2025-01-31,1
924,2025-02-28,1
924,2025-03-31,1
924,2025-04-30,1
924,2025-05-31,1
924,2025-06-30,1
924,2025-07-31,1
924,2025-08-31,1
924,2025-09-30,1
924,2025-10-31,1
924,2025-11-30,1
924,2025-12-31,1
924,2026-01-31,1
924,2026-02-28,1
924,2026-03-31,1
924,2026-04-30,1
924,2026-05-31,1
924,2026-06-30,1
924,2026-07-31,1
925,2026-05-31,1
925,2026-06-30,1
925,2026-07-31,1
926,2024-12-31,1
926,2025-01-31,1
926,2025-02-28,1
926,2025-03-31,1
926,2025-04-30,1
926,2025-05-31,1
926,2025-06-30,1
926,2025-07-31,1
926,2025-08-31,1
926,2025-09-30,1
926,2025-10-31,1
926,2025-11-30,1
926,2025-12-31,1
926,2026-01-31,1
926,2026-02-28,1
926,2026-03-31,1
926,2026-04-30,1
926,2026-05-31,1
926,2026-06-30,1
926,2026-07-31,1
927,2025-02-28,1
927,2025-03-31,1
927,2025-04-30,1
927,2025-05-31,1
927,2025-06-30,1
927,2025-07-31,1
927,2025-08-31,1
927,2025-09-30,1
927,2025-10-31,1
927,2025-11-30,1
927,2025-12-31,1
927,2026-01-31,1
927,2026-02-28,1
927,2026-03-31,1
927,2026-04-30,1
927,2026-05-31,1
927,2026-06-30,1
927,2026-07-31,1
928,2026-06-30,1
928,2026-07-31,1
929,2026-01-31,1
929,2026-02-28,1
929,2026-03-31,1
929,2026-04-30,1
929,2026-05-31,1
929,2026-06-30,1
929,2026-07-31,1
930,2024-10-31,1
930,2024-11-30,1
930,2024-12-31,1
930,2025-01-31,1
930,2025-02-28,1
930,2025-03-31,1
930,2025-04-30,1
930,2025-05-31,1
930,2025-06-30,1
930,2025-07-31,1
930,2025-08-31,1
930,2025-09-30,1
930,2025-10-31,1
930,2025-11-30,1
930,2025-12-31,1
930,2026-01-31,1
930,2026-02-28,1
930,2026-03-31,1
930,2026-04-30,1
930,2026-05-31,1
930,2026-06-30,1
930,2026-07-31,1
931,2024-06-30,1
931,2024-07-31,1
931,2024-08-31,1
931,2024-09-30,1
931,2024-10-31,1
931,2024-11-30,1
931,2024-12-31,1
931,2025-01-31,1
931,2025-02-28,1
931,2025-03-31,1
931,2025-04-30,1
931,2025-05-31,1
931,2025-06-30,1
931,2025-07-31,1
931,2025-08-31,1
931,2025-09-30,1
931,2025-10-31,1
931,2025-11-30,1
931,2025-12-31,1
931,2026-01-31,1
931,2026-02-28,1
931,2026-03-31,1
931,2026-04-30,1
931,2026-05-31,1
931,2026-06-30,1
931,2026-07-31,1
932,2024-11-30,1
932,2024-12-31,1
932,2025-01-31,1
932,2025-02-28,1
932,2025-03-31,1
932,2025-04-30,1
932,2025-05-31,1
932,2025-06-30,1
932,2025-07-31,1
932,2025-08-31,1
932,2025-09-30,1
932,2025-10-31,1
932,2025-11-30,1
932,2025-12-31,1
932,2026-01-31,1
932,2026-02-28,1
932,2026-03-31,1
932,2026-04-30,1
932,2026-05-31,1
932,2026-06-30,1
932,2026-07-31,1
933,2024-06-30,1
933,2024-07-31,1
933,2024-08-31,1
933,2024-09-30,1
933,2024-10-31,1
933,2024-11-30,1
933,2024-12-31,1
933,2025-01-31,1
933,2025-02-28,1
933,2025-03-31,1
933,2025-04-30,1
933,2025-05-31,1
933,2025-06-30,0
933,2025-07-31,0
933,2025-08-31,0
933,2025-09-30,0
933,2025-10-31,0
933,2025-11-30,0
933,2025-12-31,0
933,2026-01-31,0
933,2026-02-28,0
933,2026-03-31,0
933,2026-04-30,0
933,2026-05-31,0
933,2026-06-30,0
933,2026-07-31,0
934,2025-05-31,1
934,2025-06-30,1
934,2025-07-31,1
934,2025-08-31,0
934,2025-09-30,0
934,2025-10-31,0
934,2025-11-30,0
934,2025-12-31,0
934,2026-01-31,0
934,2026-02-28,0
934,2026-03-31,0
934,2026-04-30,0
934,2026-05-31,0
934,2026-06-30,0
934,2026-07-31,0
935,2024-10-31,1
935,2024-11-30,1
935,2024-12-31,1
935,2025-01-31,1
935,2025-02-28,1
935,2025-03-31,1
935,2025-04-30,1
935,2025-05-31,1
935,2025-06-30,1
935,2025-07-31,1
935,2025-08-31,1
935,2025-09-30,1
935,2025-10-31,1
935,2025-11-30,1
935,2025-12-31,1
935,2026-01-31,1
935,2026-02-28,1
935,2026-03-31,1
935,2026-04-30,1
935,2026-05-31,1
935,2026-06-30,1
935,2026-07-31,1
936,2024-04-30,1
936,2024-05-31,1
936,2024-06-30,1
936,2024-07-31,0
936,2024-08-31,0
936,2024-09-30,0
936,2024-10-31,0
936,2024-11-30,0
936,2024-12-31,0
936,2025-01-31,0
936,2025-02-28,0
936,2025-03-31,0
936,2025-04-30,0
936,2025-05-31,0
936,2025-06-30,0
936,2025-07-31,0
936,2025-08-31,0
936,2025-09-30,0
936,2025-10-31,0
936,2025-11-30,0
936,2025-12-31,0
936,2026-01-31,0
936,2026-02-28,0
936,2026-03-31,0
936,2026-04-30,0
936,2026-05-31,0
936,2026-06-30,0
936,2026-07-31,0
937,2024-02-29,1
937,2024-03-31,1
937,2024-04-30,1
937,2024-05-31,1
937,2024-06-30,1
937,2024-07-31,1
937,2024-08-31,1
937,2024-09-30,1
937,2024-10-31,1
937,2024-11-30,1
937,2024-12-31,1
937,2025-01-31,1
937,2025-02-28,1
937,2025-03-31,1
937,2025-04-30,1
937,2025-05-31,1
937,2025-06-30,1
937,2025-07-31,1
937,2025-08-31,1
937,2025-09-30,1
937,2025-10-31,1
937,2025-11-30,1
937,2025-12-31,1
937,2026-01-31,1
937,2026-02-28,1
937,2026-03-31,1
937,2026-04-30,1
937,2026-05-31,1
937,2026-06-30,1
937,2026-07-31,1
938,2025-07-31,1
938,2025-08-31,1
938,2025-09-30,1
938,2025-10-31,1
938,2025-11-30,1
938,2025-12-31,1
938,2026-01-31,1
938,2026-02-28,1
938,2026-03-31,1
938,2026-04-30,0
938,2026-05-31,0
938,2026-06-30,0
938,2026-07-31,0
939,2025-11-30,1
939,2025-12-31,1
939,2026-01-31,1
939,2026-02-28,1
939,2026-03-31,1
939,2026-04-30,1
939,2026-05-31,1
939,2026-06-30,1
939,2026-07-31,1
940,2025-06-30,1
940,2025-07-31,1
940,2025-08-31,1
940,2025-09-30,1
940,2025-10-31,1
940,2025-11-30,1
940,2025-12-31,1
940,2026-01-31,1
940,2026-02-28,1
940,2026-03-31,1
940,2026-04-30,1
940,2026-05-31,1
940,2026-06-30,1
940,2026-07-31,1
941,2025-03-31,1
941,2025-04-30,1
941,2025-05-31,1
941,2025-06-30,1
941,2025-07-31,1
941,2025-08-31,1
941,2025-09-30,1
941,2025-10-31,1
941,2025-11-30,1
941,2025-12-31,1
941,2026-01-31,1
941,2026-02-28,1
941,2026-03-31,1
941,2026-04-30,1
941,2026-05-31,1
941,2026-06-30,1
941,2026-07-31,1
942,2024-04-30,1
942,2024-05-31,1
942,2024-06-30,1
942,2024-07-31,1
942,2024-08-31,1
942,2024-09-30,1
942,2024-10-31,1
942,2024-11-30,1
942,2024-12-31,1
942,2025-01-31,1
942,2025-02-28,1
942,2025-03-31,1
942,2025-04-30,1
942,2025-05-31,1
942,2025-06-30,1
942,2025-07-31,1
942,2025-08-31,1
942,2025-09-30,1
942,2025-10-31,1
942,2025-11-30,1
942,2025-12-31,1
942,2026-01-31,1
942,2026-02-28,1
942,2026-03-31,1
942,2026-04-30,1
942,2026-05-31,1
942,2026-06-30,1
942,2026-07-31,1
943,2025-04-30,1
943,2025-05-31,1
943,2025-06-30,1
943,2025-07-31,1
943,2025-08-31,1
943,2025-09-30,1
943,2025-10-31,1
943,2025-11-30,1
943,2025-12-31,1
943,2026-01-31,1
943,2026-02-28,1
943,2026-03-31,1
943,2026-04-30,1
943,2026-05-31,1
943,2026-06-30,1
943,2026-07-31,1
944,2026-02-28,1
944,2026-03-31,1
944,2026-04-30,1
944,2026-05-31,0
944,2026-06-30,0
944,2026-07-31,0
945,2025-01-31,1
945,2025-02-28,1
945,2025-03-31,1
945,2025-04-30,1
945,2025-05-31,1
945,2025-06-30,1
945,2025-07-31,1
945,2025-08-31,1
945,2025-09-30,1
945,2025-10-31,1
945,2025-11-30,1
945,2025-12-31,1
945,2026-01-31,1
945,2026-02-28,1
945,2026-03-31,1
945,2026-04-30,1
945,2026-05-31,1
945,2026-06-30,1
945,2026-07-31,1
946,2025-05-31,1
946,2025-06-30,1
946,2025-07-31,1
946,2025-08-31,1
946,2025-09-30,1
946,2025-10-31,1
946,2025-11-30,1
946,2025-12-31,1
946,2026-01-31,1
946,2026-02-28,1
946,2026-03-31,1
946,2026-04-30,1
946,2026-05-31,1
946,2026-06-30,1
946,2026-07-31,1
947,2025-03-31,1
947,2025-04-30,1
947,2025-05-31,1
947,2025-06-30,1
947,2025-07-31,1
947,2025-08-31,1
947,2025-09-30,1
947,2025-10-31,1
947,2025-11-30,1
947,2025-12-31,1
947,2026-01-31,1
947,2026-02-28,1
947,2026-03-31,1
947,2026-04-30,1
947,2026-05-31,1
947,2026-06-30,1
947,2026-07-31,1
948,2024-01-31,1
948,2024-02-29,1
948,2024-03-31,1
948,2024-04-30,1
948,2024-05-31,1
948,2024-06-30,1
948,2024-07-31,1
948,2024-08-31,1
948,2024-09-30,0
948,2024-10-31,0
948,2024-11-30,0
948,2024-12-31,0
948,2025-01-31,0
948,2025-02-28,0
948,2025-03-31,0
948,2025-04-30,0
948,2025-05-31,0
948,2025-06-30,0
948,2025-07-31,0
948,2025-08-31,0
948,2025-09-30,0
948,2025-10-31,0
948,2025-11-30,0
948,2025-12-31,0
948,2026-01-31,0
948,2026-02-28,0
948,2026-03-31,0
948,2026-04-30,0
948,2026-05-31,0
948,2026-06-30,0
948,2026-07-31,0
949,2026-01-31,1
949,2026-02-28,1
949,2026-03-31,1
949,2026-04-30,1
949,2026-05-31,1
949,2026-06-30,1
949,2026-07-31,1
950,2024-05-31,1
950,2024-06-30,1
950,2024-07-31,1
950,2024-08-31,1
950,2024-09-30,1
950,2024-10-31,1
950,2024-11-30,1
950,2024-12-31,1
950,2025-01-31,1
950,2025-02-28,1
950,2025-03-31,1
950,2025-04-30,1
950,2025-05-31,1
950,2025-06-30,1
950,2025-07-31,1
950,2025-08-31,1
950,2025-09-30,1
950,2025-10-31,1
950,2025-11-30,1
950,2025-12-31,1
950,2026-01-31,1
950,2026-02-28,1
950,2026-03-31,1
950,2026-04-30,1
950,2026-05-31,1
950,2026-06-30,1
950,2026-07-31,1
951,2024-09-30,1
951,2024-10-31,0
951,2024-11-30,0
951,2024-12-31,0
951,2025-01-31,0
951,2025-02-28,0
951,2025-03-31,0
951,2025-04-30,0
951,2025-05-31,0
951,2025-06-30,0
951,2025-07-31,0
951,2025-08-31,0
951,2025-09-30,0
951,2025-10-31,0
951,2025-11-30,0
951,2025-12-31,0
951,2026-01-31,0
951,2026-02-28,0
951,2026-03-31,0
951,2026-04-30,0
951,2026-05-31,0
951,2026-06-30,0
951,2026-07-31,0
952,2024-04-30,1
952,2024-05-31,1
952,2024-06-30,1
952,2024-07-31,1
952,2024-08-31,1
952,2024-09-30,1
952,2024-10-31,1
952,2024-11-30,1
952,2024-12-31,1
952,2025-01-31,1
952,2025-02-28,1
952,2025-03-31,1
952,2025-04-30,1
952,2025-05-31,1
952,2025-06-30,1
952,2025-07-31,1
952,2025-08-31,1
952,2025-09-30,1
952,2025-10-31,1
952,2025-11-30,1
952,2025-12-31,1
952,2026-01-31,1
952,2026-02-28,1
952,2026-03-31,1
952,2026-04-30,1
952,2026-05-31,1
952,2026-06-30,1
952,2026-07-31,1
953,2025-08-31,1
953,2025-09-30,1
953,2025-10-31,1
953,2025-11-30,1
953,2025-12-31,1
953,2026-01-31,1
953,2026-02-28,1
953,2026-03-31,1
953,2026-04-30,1
953,2026-05-31,1
953,2026-06-30,1
953,2026-07-31,1
954,2024-02-29,1
954,2024-03-31,1
954,2024-04-30,1
954,2024-05-31,1
954,2024-06-30,1
954,2024-07-31,1
954,2024-08-31,1
954,2024-09-30,1
954,2024-10-31,1
954,2024-11-30,1
954,2024-12-31,1
954,2025-01-31,1
954,2025-02-28,1
954,2025-03-31,1
954,2025-04-30,1
954,2025-05-31,1
954,2025-06-30,1
954,2025-07-31,1
954,2025-08-31,1
954,2025-09-30,1
954,2025-10-31,1
954,2025-11-30,1
954,2025-12-31,1
954,2026-01-31,1
954,2026-02-28,1
954,2026-03-31,1
954,2026-04-30,1
954,2026-05-31,1
954,2026-06-30,1
954,2026-07-31,1
955,2026-02-28,1
955,2026-03-31,1
955,2026-04-30,0
955,2026-05-31,0
955,2026-06-30,0
955,2026-07-31,0
956,2024-10-31,1
956,2024-11-30,1
956,2024-12-31,1
956,2025-01-31,1
956,2025-02-28,1
956,2025-03-31,1
956,2025-04-30,1
956,2025-05-31,1
956,2025-06-30,1
956,2025-07-31,1
956,2025-08-31,1
956,2025-09-30,1
956,2025-10-31,1
956,2025-11-30,1
956,2025-12-31,1
956,2026-01-31,1
956,2026-02-28,1
956,2026-03-31,1
956,2026-04-30,1
956,2026-05-31,1
956,2026-06-30,1
956,2026-07-31,1
957,2024-05-31,1
957,2024-06-30,1
957,2024-07-31,1
957,2024-08-31,1
957,2024-09-30,1
957,2024-10-31,1
957,2024-11-30,1
957,2024-12-31,1
957,2025-01-31,1
957,2025-02-28,1
957,2025-03-31,1
957,2025-04-30,1
957,2025-05-31,1
957,2025-06-30,1
957,2025-07-31,1
957,2025-08-31,1
957,2025-09-30,1
957,2025-10-31,1
957,2025-11-30,1
957,2025-12-31,1
957,2026-01-31,1
957,2026-02-28,1
957,2026-03-31,1
957,2026-04-30,1
957,2026-05-31,1
957,2026-06-30,1
957,2026-07-31,1
958,2026-02-28,1
958,2026-03-31,1
958,2026-04-30,1
958,2026-05-31,1
958,2026-06-30,0
958,2026-07-31,0
959,2025-03-31,1
959,2025-04-30,1
959,2025-05-31,1
959,2025-06-30,1
959,2025-07-31,1
959,2025-08-31,1
959,2025-09-30,1
959,2025-10-31,1
959,2025-11-30,0
959,2025-12-31,0
959,2026-01-31,0
959,2026-02-28,0
959,2026-03-31,0
959,2026-04-30,0
959,2026-05-31,0
959,2026-06-30,0
959,2026-07-31,0
960,2025-08-31,1
960,2025-09-30,1
960,2025-10-31,1
960,2025-11-30,1
960,2025-12-31,1
960,2026-01-31,1
960,2026-02-28,1
960,2026-03-31,1
960,2026-04-30,1
960,2026-05-31,1
960,2026-06-30,1
960,2026-07-31,1
961,2024-06-30,1
961,2024-07-31,1
961,2024-08-31,1
961,2024-09-30,1
961,2024-10-31,1
961,2024-11-30,1
961,2024-12-31,1
961,2025-01-31,1
961,2025-02-28,1
961,2025-03-31,1
961,2025-04-30,1
961,2025-05-31,1
961,2025-06-30,1
961,2025-07-31,1
961,2025-08-31,1
961,2025-09-30,1
961,2025-10-31,1
961,2025-11-30,0
961,2025-12-31,0
961,2026-01-31,0
961,2026-02-28,0
961,2026-03-31,0
961,2026-04-30,0
961,2026-05-31,0
961,2026-06-30,0
961,2026-07-31,0
962,2024-05-31,1
962,2024-06-30,1
962,2024-07-31,1
962,2024-08-31,1
962,2024-09-30,1
962,2024-10-31,1
962,2024-11-30,1
962,2024-12-31,1
962,2025-01-31,1
962,2025-02-28,1
962,2025-03-31,1
962,2025-04-30,1
962,2025-05-31,1
962,2025-06-30,1
962,2025-07-31,1
962,2025-08-31,1
962,2025-09-30,1
962,2025-10-31,1
962,2025-11-30,1
962,2025-12-31,1
962,2026-01-31,1
962,2026-02-28,1
962,2026-03-31,1
962,2026-04-30,1
962,2026-05-31,1
962,2026-06-30,1
962,2026-07-31,1
963,2025-11-30,1
963,2025-12-31,1
963,2026-01-31,1
963,2026-02-28,0
963,2026-03-31,0
963,2026-04-30,0
963,2026-05-31,0
963,2026-06-30,0
963,2026-07-31,0
964,2026-05-31,1
964,2026-06-30,1
964,2026-07-31,1
965,2024-12-31,1
965,2025-01-31,1
965,2025-02-28,1
965,2025-03-31,1
965,2025-04-30,1
965,2025-05-31,1
965,2025-06-30,1
965,2025-07-31,1
965,2025-08-31,1
965,2025-09-30,1
965,2025-10-31,1
965,2025-11-30,1
965,2025-12-31,1
965,2026-01-31,1
965,2026-02-28,1
965,2026-03-31,1
965,2026-04-30,1
965,2026-05-31,1
965,2026-06-30,1
965,2026-07-31,1
966,2025-04-30,1
966,2025-05-31,1
966,2025-06-30,1
966,2025-07-31,1
966,2025-08-31,1
966,2025-09-30,1
966,2025-10-31,1
966,2025-11-30,1
966,2025-12-31,1
966,2026-01-31,1
966,2026-02-28,1
966,2026-03-31,1
966,2026-04-30,1
966,2026-05-31,1
966,2026-06-30,1
966,2026-07-31,1
967,2025-06-30,1
967,2025-07-31,1
967,2025-08-31,1
967,2025-09-30,1
967,2025-10-31,1
967,2025-11-30,1
967,2025-12-31,1
967,2026-01-31,1
967,2026-02-28,1
967,2026-03-31,1
967,2026-04-30,1
967,2026-05-31,1
967,2026-06-30,1
967,2026-07-31,1
968,2025-05-31,1
968,2025-06-30,1
968,2025-07-31,1
968,2025-08-31,1
968,2025-09-30,1
968,2025-10-31,1
968,2025-11-30,1
968,2025-12-31,1
968,2026-01-31,1
968,2026-02-28,1
968,2026-03-31,1
968,2026-04-30,1
968,2026-05-31,1
968,2026-06-30,1
968,2026-07-31,1
969,2025-07-31,1
969,2025-08-31,1
969,2025-09-30,1
969,2025-10-31,1
969,2025-11-30,1
969,2025-12-31,1
969,2026-01-31,1
969,2026-02-28,1
969,2026-03-31,1
969,2026-04-30,1
969,2026-05-31,1
969,2026-06-30,1
969,2026-07-31,1
970,2026-03-31,1
970,2026-04-30,1
970,2026-05-31,1
970,2026-06-30,1
970,2026-07-31,0
971,2025-03-31,1
971,2025-04-30,1
971,2025-05-31,1
971,2025-06-30,1
971,2025-07-31,1
971,2025-08-31,1
971,2025-09-30,1
971,2025-10-31,1
971,2025-11-30,1
971,2025-12-31,1
971,2026-01-31,1
971,2026-02-28,1
971,2026-03-31,1
971,2026-04-30,1
971,2026-05-31,1
971,2026-06-30,1
971,2026-07-31,1
972,2024-04-30,1
972,2024-05-31,1
972,2024-06-30,1
972,2024-07-31,1
972,2024-08-31,1
972,2024-09-30,1
972,2024-10-31,1
972,2024-11-30,1
972,2024-12-31,1
972,2025-01-31,1
972,2025-02-28,1
972,2025-03-31,1
972,2025-04-30,1
972,2025-05-31,1
972,2025-06-30,1
972,2025-07-31,1
972,2025-08-31,1
972,2025-09-30,1
972,2025-10-31,1
972,2025-11-30,1
972,2025-12-31,1
972,2026-01-31,1
972,2026-02-28,1
972,2026-03-31,1
972,2026-04-30,1
972,2026-05-31,0
972,2026-06-30,0
972,2026-07-31,0
973,2025-01-31,1
973,2025-02-28,1
973,2025-03-31,1
973,2025-04-30,1
973,2025-05-31,1
973,2025-06-30,1
973,2025-07-31,1
973,2025-08-31,1
973,2025-09-30,0
973,2025-10-31,0
973,2025-11-30,0
973,2025-12-31,0
973,2026-01-31,0
973,2026-02-28,0
973,2026-03-31,0
973,2026-04-30,0
973,2026-05-31,0
973,2026-06-30,0
973,2026-07-31,0
974,2024-03-31,1
974,2024-04-30,1
974,2024-05-31,1
974,2024-06-30,1
974,2024-07-31,1
974,2024-08-31,1
974,2024-09-30,1
974,2024-10-31,1
974,2024-11-30,1
974,2024-12-31,1
974,2025-01-31,1
974,2025-02-28,1
974,2025-03-31,1
974,2025-04-30,1
974,2025-05-31,1
974,2025-06-30,1
974,2025-07-31,1
974,2025-08-31,1
974,2025-09-30,1
974,2025-10-31,1
974,2025-11-30,1
974,2025-12-31,1
974,2026-01-31,1
974,2026-02-28,1
974,2026-03-31,1
974,2026-04-30,1
974,2026-05-31,1
974,2026-06-30,1
974,2026-07-31,1
975,2024-02-29,1
975,2024-03-31,1
975,2024-04-30,1
975,2024-05-31,1
975,2024-06-30,1
975,2024-07-31,1
975,2024-08-31,1
975,2024-09-30,1
975,2024-10-31,1
975,2024-11-30,1
975,2024-12-31,1
975,2025-01-31,1
975,2025-02-28,1
975,2025-03-31,1
975,2025-04-30,1
975,2025-05-31,1
975,2025-06-30,1
975,2025-07-31,1
975,2025-08-31,1
975,2025-09-30,1
975,2025-10-31,1
975,2025-11-30,1
975,2025-12-31,1
975,2026-01-31,1
975,2026-02-28,1
975,2026-03-31,1
975,2026-04-30,1
975,2026-05-31,1
975,2026-06-30,1
975,2026-07-31,1
976,2026-05-31,1
976,2026-06-30,1
976,2026-07-31,0
977,2025-05-31,1
977,2025-06-30,1
977,2025-07-31,1
977,2025-08-31,1
977,2025-09-30,1
977,2025-10-31,1
977,2025-11-30,1
977,2025-12-31,1
977,2026-01-31,1
977,2026-02-28,1
977,2026-03-31,1
977,2026-04-30,1
977,2026-05-31,1
977,2026-06-30,1
977,2026-07-31,1
978,2024-04-30,1
978,2024-05-31,1
978,2024-06-30,1
978,2024-07-31,1
978,2024-08-31,1
978,2024-09-30,1
978,2024-10-31,1
978,2024-11-30,1
978,2024-12-31,1
978,2025-01-31,1
978,2025-02-28,1
978,2025-03-31,1
978,2025-04-30,1
978,2025-05-31,1
978,2025-06-30,1
978,2025-07-31,1
978,2025-08-31,1
978,2025-09-30,1
978,2025-10-31,1
978,2025-11-30,1
978,2025-12-31,1
978,2026-01-31,1
978,2026-02-28,1
978,2026-03-31,1
978,2026-04-30,1
978,2026-05-31,1
978,2026-06-30,1
978,2026-07-31,0
979,2025-01-31,1
979,2025-02-28,1
979,2025-03-31,1
979,2025-04-30,1
979,2025-05-31,1
979,2025-06-30,1
979,2025-07-31,1
979,2025-08-31,1
979,2025-09-30,1
979,2025-10-31,1
979,2025-11-30,1
979,2025-12-31,1
979,2026-01-31,1
979,2026-02-28,1
979,2026-03-31,1
979,2026-04-30,1
979,2026-05-31,1
979,2026-06-30,1
979,2026-07-31,1
980,2026-03-31,1
980,2026-04-30,1
980,2026-05-31,1
980,2026-06-30,1
980,2026-07-31,1
981,2024-03-31,1
981,2024-04-30,1
981,2024-05-31,1
981,2024-06-30,1
981,2024-07-31,1
981,2024-08-31,1
981,2024-09-30,1
981,2024-10-31,1
981,2024-11-30,1
981,2024-12-31,1
981,2025-01-31,1
981,2025-02-28,1
981,2025-03-31,1
981,2025-04-30,1
981,2025-05-31,1
981,2025-06-30,1
981,2025-07-31,1
981,2025-08-31,1
981,2025-09-30,1
981,2025-10-31,1
981,2025-11-30,1
981,2025-12-31,1
981,2026-01-31,1
981,2026-02-28,1
981,2026-03-31,1
981,2026-04-30,1
981,2026-05-31,1
981,2026-06-30,1
981,2026-07-31,1
982,2024-06-30,1
982,2024-07-31,1
982,2024-08-31,0
982,2024-09-30,0
982,2024-10-31,0
982,2024-11-30,0
982,2024-12-31,0
982,2025-01-31,0
982,2025-02-28,0
982,2025-03-31,0
982,2025-04-30,0
982,2025-05-31,0
982,2025-06-30,0
982,2025-07-31,0
982,2025-08-31,0
982,2025-09-30,0
982,2025-10-31,0
982,2025-11-30,0
982,2025-12-31,0
982,2026-01-31,0
982,2026-02-28,0
982,2026-03-31,0
982,2026-04-30,0
982,2026-05-31,0
982,2026-06-30,0
982,2026-07-31,0
983,2024-12-31,1
983,2025-01-31,1
983,2025-02-28,1
983,2025-03-31,1
983,2025-04-30,1
983,2025-05-31,1
983,2025-06-30,1
983,2025-07-31,1
983,2025-08-31,1
983,2025-09-30,1
983,2025-10-31,1
983,2025-11-30,1
983,2025-12-31,1
983,2026-01-31,1
983,2026-02-28,1
983,2026-03-31,1
983,2026-04-30,1
983,2026-05-31,1
983,2026-06-30,1
983,2026-07-31,1
984,2026-06-30,1
984,2026-07-31,1
985,2025-02-28,1
985,2025-03-31,1
985,2025-04-30,1
985,2025-05-31,1
985,2025-06-30,1
985,2025-07-31,1
985,2025-08-31,1
985,2025-09-30,1
985,2025-10-31,1
985,2025-11-30,1
985,2025-12-31,1
985,2026-01-31,1
985,2026-02-28,1
985,2026-03-31,1
985,2026-04-30,1
985,2026-05-31,1
985,2026-06-30,1
985,2026-07-31,1
986,2025-02-28,1
986,2025-03-31,1
986,2025-04-30,1
986,2025-05-31,1
986,2025-06-30,1
986,2025-07-31,1
986,2025-08-31,1
986,2025-09-30,1
986,2025-10-31,1
986,2025-11-30,1
986,2025-12-31,1
986,2026-01-31,1
986,2026-02-28,1
986,2026-03-31,1
986,2026-04-30,1
986,2026-05-31,1
986,2026-06-30,1
986,2026-07-31,1
987,2025-08-31,0
987,2025-09-30,0
987,2025-10-31,0
987,2025-11-30,0
987,2025-12-31,0
987,2026-01-31,0
987,2026-02-28,0
987,2026-03-31,0
987,2026-04-30,0
987,2026-05-31,0
987,2026-06-30,0
987,2026-07-31,0
988,2025-11-30,1
988,2025-12-31,1
988,2026-01-31,1
988,2026-02-28,1
988,2026-03-31,1
988,2026-04-30,1
988,2026-05-31,1
988,2026-06-30,1
988,2026-07-31,1
989,2026-03-31,1
989,2026-04-30,1
989,2026-05-31,1
989,2026-06-30,1
989,2026-07-31,1
990,2025-04-30,1
990,2025-05-31,1
990,2025-06-30,1
990,2025-07-31,1
990,2025-08-31,1
990,2025-09-30,1
990,2025-10-31,1
990,2025-11-30,1
990,2025-12-31,1
990,2026-01-31,1
990,2026-02-28,1
990,2026-03-31,1
990,2026-04-30,1
990,2026-05-31,1
990,2026-06-30,1
990,2026-07-31,1
991,2025-09-30,1
991,2025-10-31,1
991,2025-11-30,1
991,2025-12-31,1
991,2026-01-31,1
991,2026-02-28,1
991,2026-03-31,1
991,2026-04-30,1
991,2026-05-31,1
991,2026-06-30,1
991,2026-07-31,1
992,2024-08-31,1
992,2024-09-30,1
992,2024-10-31,1
992,2024-11-30,1
992,2024-12-31,1
992,2025-01-31,1
992,2025-02-28,1
992,2025-03-31,1
992,2025-04-30,1
992,2025-05-31,1
992,2025-06-30,1
992,2025-07-31,1
992,2025-08-31,1
992,2025-09-30,1
992,2025-10-31,1
992,2025-11-30,1
992,2025-12-31,1
992,2026-01-31,1
992,2026-02-28,1
992,2026-03-31,1
992,2026-04-30,1
992,2026-05-31,1
992,2026-06-30,1
992,2026-07-31,1
993,2025-04-30,1
993,2025-05-31,1
993,2025-06-30,1
993,2025-07-31,1
993,2025-08-31,1
993,2025-09-30,1
993,2025-10-31,1
993,2025-11-30,1
993,2025-12-31,1
993,2026-01-31,1
993,2026-02-28,1
993,2026-03-31,1
993,2026-04-30,1
993,2026-05-31,1
993,2026-06-30,1
993,2026-07-31,1
994,2026-01-31,1
994,2026-02-28,1
994,2026-03-31,1
994,2026-04-30,1
994,2026-05-31,1
994,2026-06-30,1
994,2026-07-31,1
995,2024-06-30,1
995,2024-07-31,1
995,2024-08-31,1
995,2024-09-30,1
995,2024-10-31,1
995,2024-11-30,1
995,2024-12-31,1
995,2025-01-31,1
995,2025-02-28,1
995,2025-03-31,1
995,2025-04-30,1
995,2025-05-31,1
995,2025-06-30,1
995,2025-07-31,1
995,2025-08-31,1
995,2025-09-30,1
995,2025-10-31,1
995,2025-11-30,1
995,2025-12-31,1
995,2026-01-31,1
995,2026-02-28,1
995,2026-03-31,1
995,2026-04-30,1
995,2026-05-31,1
995,2026-06-30,1
995,2026-07-31,1
996,2025-08-31,1
996,2025-09-30,1
996,2025-10-31,1
996,2025-11-30,1
996,2025-12-31,1
996,2026-01-31,1
996,2026-02-28,1
996,2026-03-31,1
996,2026-04-30,1
996,2026-05-31,1
996,2026-06-30,1
996,2026-07-31,1
997,2026-01-31,1
997,2026-02-28,1
997,2026-03-31,1
997,2026-04-30,1
997,2026-05-31,1
997,2026-06-30,1
997,2026-07-31,1
998,2025-08-31,1
998,2025-09-30,1
998,2025-10-31,1
998,2025-11-30,1
998,2025-12-31,1
998,2026-01-31,1
998,2026-02-28,1
998,2026-03-31,1
998,2026-04-30,1
998,2026-05-31,1
998,2026-06-30,1
998,2026-07-31,1
999,2025-04-30,1
999,2025-05-31,1
999,2025-06-30,1
999,2025-07-31,1
999,2025-08-31,1
999,2025-09-30,1
999,2025-10-31,1
999,2025-11-30,1
999,2025-12-31,1
999,2026-01-31,1
999,2026-02-28,1
999,2026-03-31,1
999,2026-04-30,1
999,2026-05-31,1
999,2026-06-30,1
999,2026-07-31,1
1000,2024-05-31,1
1000,2024-06-30,1
1000,2024-07-31,0
1000,2024-08-31,0
1000,2024-09-30,0
1000,2024-10-31,0
1000,2024-11-30,0
1000,2024-12-31,0
1000,2025-01-31,0
1000,2025-02-28,0
1000,2025-03-31,0
1000,2025-04-30,0
1000,2025-05-31,0
1000,2025-06-30,0
1000,2025-07-31,0
1000,2025-08-31,0
1000,2025-09-30,0
1000,2025-10-31,0
1000,2025-11-30,0
1000,2025-12-31,0
1000,2026-01-31,0
1000,2026-02-28,0
1000,2026-03-31,0
1000,2026-04-30,0
1000,2026-05-31,0
1000,2026-06-30,0
1000,2026-07-31,0
1001,2024-01-31,1
1001,2024-02-29,1
1001,2024-03-31,1
1001,2024-04-30,1
1001,2024-05-31,1
1001,2024-06-30,1
1001,2024-07-31,1
1001,2024-08-31,1
1001,2024-09-30,1
1001,2024-10-31,1
1001,2024-11-30,1
1001,2024-12-31,0
1001,2025-01-31,0
1001,2025-02-28,0
1001,2025-03-31,0
1001,2025-04-30,0
1001,2025-05-31,0
1001,2025-06-30,0
1001,2025-07-31,0
1001,2025-08-31,0
1001,2025-09-30,0
1001,2025-10-31,0
1001,2025-11-30,0
1001,2025-12-31,0
1001,2026-01-31,0
1001,2026-02-28,0
1001,2026-03-31,0
1001,2026-04-30,0
1001,2026-05-31,0
1001,2026-06-30,0
1001,2026-07-31,0
1002,2026-04-30,1
1002,2026-05-31,1
1002,2026-06-30,0
1002,2026-07-31,0
1003,2024-12-31,1
1003,2025-01-31,1
1003,2025-02-28,1
1003,2025-03-31,1
1003,2025-04-30,1
1003,2025-05-31,1
1003,2025-06-30,1
1003,2025-07-31,1
1003,2025-08-31,1
1003,2025-09-30,1
1003,2025-10-31,1
1003,2025-11-30,1
1003,2025-12-31,1
1003,2026-01-31,1
1003,2026-02-28,1
1003,2026-03-31,1
1003,2026-04-30,1
1003,2026-05-31,1
1003,2026-06-30,1
1003,2026-07-31,1
1004,2024-05-31,1
1004,2024-06-30,1
1004,2024-07-31,1
1004,2024-08-31,1
1004,2024-09-30,1
1004,2024-10-31,1
1004,2024-11-30,1
1004,2024-12-31,1
1004,2025-01-31,1
1004,2025-02-28,1
1004,2025-03-31,0
1004,2025-04-30,0
1004,2025-05-31,0
1004,2025-06-30,0
1004,2025-07-31,0
1004,2025-08-31,0
1004,2025-09-30,0
1004,2025-10-31,0
1004,2025-11-30,0
1004,2025-12-31,0
1004,2026-01-31,0
1004,2026-02-28,0
1004,2026-03-31,0
1004,2026-04-30,0
1004,2026-05-31,0
1004,2026-06-30,0
1004,2026-07-31,0
1005,2026-02-28,1
1005,2026-03-31,1
1005,2026-04-30,1
1005,2026-05-31,1
1005,2026-06-30,1
1005,2026-07-31,1
1006,2025-03-31,1
1006,2025-04-30,1
1006,2025-05-31,1
1006,2025-06-30,1
1006,2025-07-31,1
1006,2025-08-31,1
1006,2025-09-30,1
1006,2025-10-31,1
1006,2025-11-30,1
1006,2025-12-31,1
1006,2026-01-31,1
1006,2026-02-28,1
1006,2026-03-31,1
1006,2026-04-30,1
1006,2026-05-31,1
1006,2026-06-30,1
1006,2026-07-31,1
1007,2024-06-30,1
1007,2024-07-31,1
1007,2024-08-31,1
1007,2024-09-30,1
1007,2024-10-31,1
1007,2024-11-30,1
1007,2024-12-31,1
1007,2025-01-31,1
1007,2025-02-28,1
1007,2025-03-31,1
1007,2025-04-30,1
1007,2025-05-31,1
1007,2025-06-30,1
1007,2025-07-31,1
1007,2025-08-31,1
1007,2025-09-30,1
1007,2025-10-31,1
1007,2025-11-30,1
1007,2025-12-31,1
1007,2026-01-31,1
1007,2026-02-28,1
1007,2026-03-31,1
1007,2026-04-30,1
1007,2026-05-31,1
1007,2026-06-30,1
1007,2026-07-31,1
1008,2024-11-30,1
1008,2024-12-31,1
1008,2025-01-31,1
1008,2025-02-28,1
1008,2025-03-31,1
1008,2025-04-30,1
1008,2025-05-31,1
1008,2025-06-30,1
1008,2025-07-31,1
1008,2025-08-31,1
1008,2025-09-30,1
1008,2025-10-31,1
1008,2025-11-30,1
1008,2025-12-31,1
1008,2026-01-31,1
1008,2026-02-28,1
1008,2026-03-31,1
1008,2026-04-30,1
1008,2026-05-31,1
1008,2026-06-30,1
1008,2026-07-31,1
1009,2024-03-31,1
1009,2024-04-30,1
1009,2024-05-31,1
1009,2024-06-30,1
1009,2024-07-31,1
1009,2024-08-31,1
1009,2024-09-30,1
1009,2024-10-31,1
1009,2024-11-30,1
1009,2024-12-31,1
1009,2025-01-31,1
1009,2025-02-28,1
1009,2025-03-31,1
1009,2025-04-30,1
1009,2025-05-31,1
1009,2025-06-30,1
1009,2025-07-31,1
1009,2025-08-31,1
1009,2025-09-30,1
1009,2025-10-31,1
1009,2025-11-30,1
1009,2025-12-31,1
1009,2026-01-31,1
1009,2026-02-28,1
1009,2026-03-31,1
1009,2026-04-30,1
1009,2026-05-31,1
1009,2026-06-30,1
1009,2026-07-31,1
1010,2025-07-31,1
1010,2025-08-31,1
1010,2025-09-30,1
1010,2025-10-31,1
1010,2025-11-30,1
1010,2025-12-31,1
1010,2026-01-31,0
1010,2026-02-28,0
1010,2026-03-31,0
1010,2026-04-30,0
1010,2026-05-31,0
1010,2026-06-30,0
1010,2026-07-31,0
1011,2024-03-31,1
1011,2024-04-30,1
1011,2024-05-31,1
1011,2024-06-30,1
1011,2024-07-31,1
1011,2024-08-31,1
1011,2024-09-30,1
1011,2024-10-31,1
1011,2024-11-30,1
1011,2024-12-31,1
1011,2025-01-31,1
1011,2025-02-28,1
1011,2025-03-31,1
1011,2025-04-30,1
1011,2025-05-31,1
1011,2025-06-30,1
1011,2025-07-31,1
1011,2025-08-31,1
1011,2025-09-30,1
1011,2025-10-31,1
1011,2025-11-30,1
1011,2025-12-31,1
1011,2026-01-31,1
1011,2026-02-28,1
1011,2026-03-31,1
1011,2026-04-30,1
1011,2026-05-31,1
1011,2026-06-30,1
1011,2026-07-31,1
1012,2024-12-31,1
1012,2025-01-31,1
1012,2025-02-28,1
1012,2025-03-31,1
1012,2025-04-30,1
1012,2025-05-31,1
1012,2025-06-30,1
1012,2025-07-31,1
1012,2025-08-31,1
1012,2025-09-30,1
1012,2025-10-31,1
1012,2025-11-30,1
1012,2025-12-31,1
1012,2026-01-31,1
1012,2026-02-28,1
1012,2026-03-31,1
1012,2026-04-30,1
1012,2026-05-31,1
1012,2026-06-30,1
1012,2026-07-31,1
1013,2026-01-31,1
1013,2026-02-28,1
1013,2026-03-31,1
1013,2026-04-30,1
1013,2026-05-31,1
1013,2026-06-30,1
1013,2026-07-31,1
1014,2025-09-30,1
1014,2025-10-31,1
1014,2025-11-30,1
1014,2025-12-31,1
1014,2026-01-31,1
1014,2026-02-28,1
1014,2026-03-31,1
1014,2026-04-30,1
1014,2026-05-31,1
1014,2026-06-30,1
1014,2026-07-31,1
1015,2025-09-30,1
1015,2025-10-31,1
1015,2025-11-30,1
1015,2025-12-31,1
1015,2026-01-31,1
1015,2026-02-28,1
1015,2026-03-31,1
1015,2026-04-30,1
1015,2026-05-31,1
1015,2026-06-30,1
1015,2026-07-31,1
1016,2025-08-31,1
1016,2025-09-30,1
1016,2025-10-31,1
1016,2025-11-30,1
1016,2025-12-31,1
1016,2026-01-31,1
1016,2026-02-28,1
1016,2026-03-31,1
1016,2026-04-30,1
1016,2026-05-31,1
1016,2026-06-30,1
1016,2026-07-31,1
1017,2026-02-28,1
1017,2026-03-31,1
1017,2026-04-30,0
1017,2026-05-31,0
1017,2026-06-30,0
1017,2026-07-31,0
1018,2025-10-31,1
1018,2025-11-30,1
1018,2025-12-31,1
1018,2026-01-31,1
1018,2026-02-28,1
1018,2026-03-31,1
1018,2026-04-30,1
1018,2026-05-31,1
1018,2026-06-30,1
1018,2026-07-31,1
1019,2026-06-30,1
1019,2026-07-31,0
1020,2024-12-31,1
1020,2025-01-31,1
1020,2025-02-28,1
1020,2025-03-31,1
1020,2025-04-30,1
1020,2025-05-31,1
1020,2025-06-30,1
1020,2025-07-31,1
1020,2025-08-31,1
1020,2025-09-30,1
1020,2025-10-31,1
1020,2025-11-30,0
1020,2025-12-31,0
1020,2026-01-31,0
1020,2026-02-28,0
1020,2026-03-31,0
1020,2026-04-30,0
1020,2026-05-31,0
1020,2026-06-30,0
1020,2026-07-31,0
1021,2024-02-29,1
1021,2024-03-31,1
1021,2024-04-30,1
1021,2024-05-31,1
1021,2024-06-30,1
1021,2024-07-31,1
1021,2024-08-31,1
1021,2024-09-30,1
1021,2024-10-31,1
1021,2024-11-30,1
1021,2024-12-31,1
1021,2025-01-31,1
1021,2025-02-28,1
1021,2025-03-31,1
1021,2025-04-30,1
1021,2025-05-31,1
1021,2025-06-30,1
1021,2025-07-31,1
1021,2025-08-31,1
1021,2025-09-30,1
1021,2025-10-31,1
1021,2025-11-30,1
1021,2025-12-31,1
1021,2026-01-31,1
1021,2026-02-28,1
1021,2026-03-31,1
1021,2026-04-30,1
1021,2026-05-31,1
1021,2026-06-30,1
1021,2026-07-31,1
1022,2025-08-31,1
1022,2025-09-30,1
1022,2025-10-31,1
1022,2025-11-30,1
1022,2025-12-31,1
1022,2026-01-31,1
1022,2026-02-28,1
1022,2026-03-31,1
1022,2026-04-30,1
1022,2026-05-31,1
1022,2026-06-30,1
1022,2026-07-31,1
1023,2026-04-30,1
1023,2026-05-31,1
1023,2026-06-30,0
1023,2026-07-31,0
1024,2026-05-31,1
1024,2026-06-30,0
1024,2026-07-31,0
1025,2024-01-31,1
1025,2024-02-29,1
1025,2024-03-31,1
1025,2024-04-30,1
1025,2024-05-31,1
1025,2024-06-30,1
1025,2024-07-31,1
1025,2024-08-31,1
1025,2024-09-30,1
1025,2024-10-31,1
1025,2024-11-30,1
1025,2024-12-31,1
1025,2025-01-31,1
1025,2025-02-28,1
1025,2025-03-31,1
1025,2025-04-30,1
1025,2025-05-31,1
1025,2025-06-30,1
1025,2025-07-31,1
1025,2025-08-31,1
1025,2025-09-30,1
1025,2025-10-31,1
1025,2025-11-30,1
1025,2025-12-31,1
1025,2026-01-31,1
1025,2026-02-28,1
1025,2026-03-31,1
1025,2026-04-30,1
1025,2026-05-31,1
1025,2026-06-30,1
1025,2026-07-31,1
1026,2025-10-31,1
1026,2025-11-30,1
1026,2025-12-31,1
1026,2026-01-31,1
1026,2026-02-28,1
1026,2026-03-31,1
1026,2026-04-30,1
1026,2026-05-31,1
1026,2026-06-30,1
1026,2026-07-31,1
1027,2025-07-31,1
1027,2025-08-31,1
1027,2025-09-30,1
1027,2025-10-31,1
1027,2025-11-30,1
1027,2025-12-31,1
1027,2026-01-31,1
1027,2026-02-28,1
1027,2026-03-31,1
1027,2026-04-30,0
1027,2026-05-31,0
1027,2026-06-30,0
1027,2026-07-31,0
1028,2025-08-31,1
1028,2025-09-30,1
1028,2025-10-31,1
1028,2025-11-30,1
1028,2025-12-31,1
1028,2026-01-31,1
1028,2026-02-28,1
1028,2026-03-31,1
1028,2026-04-30,1
1028,2026-05-31,1
1028,2026-06-30,1
1028,2026-07-31,1
1029,2024-10-31,1
1029,2024-11-30,1
1029,2024-12-31,1
1029,2025-01-31,1
1029,2025-02-28,1
1029,2025-03-31,1
1029,2025-04-30,1
1029,2025-05-31,1
1029,2025-06-30,1
1029,2025-07-31,1
1029,2025-08-31,1
1029,2025-09-30,1
1029,2025-10-31,1
1029,2025-11-30,1
1029,2025-12-31,1
1029,2026-01-31,1
1029,2026-02-28,1
1029,2026-03-31,1
1029,2026-04-30,1
1029,2026-05-31,1
1029,2026-06-30,1
1029,2026-07-31,1
1030,2026-02-28,1
1030,2026-03-31,1
1030,2026-04-30,1
1030,2026-05-31,1
1030,2026-06-30,1
1030,2026-07-31,1
1031,2024-12-31,1
1031,2025-01-31,1
1031,2025-02-28,1
1031,2025-03-31,1
1031,2025-04-30,1
1031,2025-05-31,1
1031,2025-06-30,1
1031,2025-07-31,1
1031,2025-08-31,1
1031,2025-09-30,1
1031,2025-10-31,0
1031,2025-11-30,0
1031,2025-12-31,0
1031,2026-01-31,0
1031,2026-02-28,0
1031,2026-03-31,0
1031,2026-04-30,0
1031,2026-05-31,0
1031,2026-06-30,0
1031,2026-07-31,0
1032,2025-06-30,1
1032,2025-07-31,1
1032,2025-08-31,1
1032,2025-09-30,1
1032,2025-10-31,1
1032,2025-11-30,1
1032,2025-12-31,1
1032,2026-01-31,1
1032,2026-02-28,1
1032,2026-03-31,1
1032,2026-04-30,0
1032,2026-05-31,0
1032,2026-06-30,0
1032,2026-07-31,0
1033,2025-04-30,1
1033,2025-05-31,1
1033,2025-06-30,1
1033,2025-07-31,1
1033,2025-08-31,1
1033,2025-09-30,1
1033,2025-10-31,1
1033,2025-11-30,1
1033,2025-12-31,1
1033,2026-01-31,1
1033,2026-02-28,0
1033,2026-03-31,0
1033,2026-04-30,0
1033,2026-05-31,0
1033,2026-06-30,0
1033,2026-07-31,0
1034,2026-06-30,1
1034,2026-07-31,1
1035,2024-01-31,1
1035,2024-02-29,1
1035,2024-03-31,1
1035,2024-04-30,1
1035,2024-05-31,1
1035,2024-06-30,1
1035,2024-07-31,1
1035,2024-08-31,1
1035,2024-09-30,1
1035,2024-10-31,1
1035,2024-11-30,1
1035,2024-12-31,1
1035,2025-01-31,1
1035,2025-02-28,1
1035,2025-03-31,1
1035,2025-04-30,1
1035,2025-05-31,1
1035,2025-06-30,1
1035,2025-07-31,1
1035,2025-08-31,1
1035,2025-09-30,1
1035,2025-10-31,1
1035,2025-11-30,1
1035,2025-12-31,1
1035,2026-01-31,1
1035,2026-02-28,0
1035,2026-03-31,0
1035,2026-04-30,0
1035,2026-05-31,0
1035,2026-06-30,0
1035,2026-07-31,0
1036,2025-06-30,1
1036,2025-07-31,1
1036,2025-08-31,1
1036,2025-09-30,1
1036,2025-10-31,1
1036,2025-11-30,1
1036,2025-12-31,1
1036,2026-01-31,1
1036,2026-02-28,1
1036,2026-03-31,1
1036,2026-04-30,1
1036,2026-05-31,1
1036,2026-06-30,1
1036,2026-07-31,1
1037,2024-03-31,1
1037,2024-04-30,1
1037,2024-05-31,1
1037,2024-06-30,1
1037,2024-07-31,1
1037,2024-08-31,1
1037,2024-09-30,1
1037,2024-10-31,1
1037,2024-11-30,1
1037,2024-12-31,1
1037,2025-01-31,1
1037,2025-02-28,1
1037,2025-03-31,1
1037,2025-04-30,1
1037,2025-05-31,1
1037,2025-06-30,1
1037,2025-07-31,1
1037,2025-08-31,1
1037,2025-09-30,1
1037,2025-10-31,1
1037,2025-11-30,1
1037,2025-12-31,0
1037,2026-01-31,0
1037,2026-02-28,0
1037,2026-03-31,0
1037,2026-04-30,0
1037,2026-05-31,0
1037,2026-06-30,0
1037,2026-07-31,0
1038,2024-12-31,1
1038,2025-01-31,1
1038,2025-02-28,1
1038,2025-03-31,1
1038,2025-04-30,1
1038,2025-05-31,1
1038,2025-06-30,1
1038,2025-07-31,1
1038,2025-08-31,1
1038,2025-09-30,1
1038,2025-10-31,1
1038,2025-11-30,1
1038,2025-12-31,1
1038,2026-01-31,1
1038,2026-02-28,1
1038,2026-03-31,1
1038,2026-04-30,1
1038,2026-05-31,1
1038,2026-06-30,1
1038,2026-07-31,1
1039,2024-02-29,1
1039,2024-03-31,1
1039,2024-04-30,1
1039,2024-05-31,1
1039,2024-06-30,1
1039,2024-07-31,1
1039,2024-08-31,1
1039,2024-09-30,1
1039,2024-10-31,1
1039,2024-11-30,1
1039,2024-12-31,1
1039,2025-01-31,1
1039,2025-02-28,1
1039,2025-03-31,1
1039,2025-04-30,1
1039,2025-05-31,1
1039,2025-06-30,1
1039,2025-07-31,1
1039,2025-08-31,1
1039,2025-09-30,1
1039,2025-10-31,1
1039,2025-11-30,1
1039,2025-12-31,1
1039,2026-01-31,1
1039,2026-02-28,1
1039,2026-03-31,1
1039,2026-04-30,1
1039,2026-05-31,1
1039,2026-06-30,1
1039,2026-07-31,1
1040,2024-03-31,1
1040,2024-04-30,1
1040,2024-05-31,1
1040,2024-06-30,1
1040,2024-07-31,1
1040,2024-08-31,1
1040,2024-09-30,1
1040,2024-10-31,1
1040,2024-11-30,1
1040,2024-12-31,1
1040,2025-01-31,1
1040,2025-02-28,1
1040,2025-03-31,1
1040,2025-04-30,1
1040,2025-05-31,1
1040,2025-06-30,1
1040,2025-07-31,1
1040,2025-08-31,1
1040,2025-09-30,1
1040,2025-10-31,1
1040,2025-11-30,1
1040,2025-12-31,1
1040,2026-01-31,1
1040,2026-02-28,1
1040,2026-03-31,1
1040,2026-04-30,1
1040,2026-05-31,1
1040,2026-06-30,1
1040,2026-07-31,1
1041,2024-05-31,1
1041,2024-06-30,1
1041,2024-07-31,1
1041,2024-08-31,1
1041,2024-09-30,1
1041,2024-10-31,1
1041,2024-11-30,1
1041,2024-12-31,1
1041,2025-01-31,1
1041,2025-02-28,1
1041,2025-03-31,1
1041,2025-04-30,1
1041,2025-05-31,1
1041,2025-06-30,1
1041,2025-07-31,1
1041,2025-08-31,1
1041,2025-09-30,1
1041,2025-10-31,1
1041,2025-11-30,1
1041,2025-12-31,1
1041,2026-01-31,1
1041,2026-02-28,0
1041,2026-03-31,0
1041,2026-04-30,0
1041,2026-05-31,0
1041,2026-06-30,0
1041,2026-07-31,0
1042,2024-08-31,1
1042,2024-09-30,1
1042,2024-10-31,1
1042,2024-11-30,1
1042,2024-12-31,1
1042,2025-01-31,1
1042,2025-02-28,1
1042,2025-03-31,1
1042,2025-04-30,1
1042,2025-05-31,1
1042,2025-06-30,1
1042,2025-07-31,1
1042,2025-08-31,1
1042,2025-09-30,1
1042,2025-10-31,1
1042,2025-11-30,1
1042,2025-12-31,1
1042,2026-01-31,1
1042,2026-02-28,1
1042,2026-03-31,1
1042,2026-04-30,1
1042,2026-05-31,1
1042,2026-06-30,1
1042,2026-07-31,1
1043,2026-02-28,1
1043,2026-03-31,1
1043,2026-04-30,1
1043,2026-05-31,1
1043,2026-06-30,1
1043,2026-07-31,1
1044,2026-02-28,1
1044,2026-03-31,1
1044,2026-04-30,1
1044,2026-05-31,1
1044,2026-06-30,0
1044,2026-07-31,0
1045,2024-07-31,1
1045,2024-08-31,1
1045,2024-09-30,1
1045,2024-10-31,1
1045,2024-11-30,1
1045,2024-12-31,1
1045,2025-01-31,1
1045,2025-02-28,1
1045,2025-03-31,1
1045,2025-04-30,1
1045,2025-05-31,1
1045,2025-06-30,1
1045,2025-07-31,1
1045,2025-08-31,1
1045,2025-09-30,1
1045,2025-10-31,1
1045,2025-11-30,1
1045,2025-12-31,1
1045,2026-01-31,1
1045,2026-02-28,1
1045,2026-03-31,1
1045,2026-04-30,1
1045,2026-05-31,1
1045,2026-06-30,1
1045,2026-07-31,1
1046,2024-08-31,1
1046,2024-09-30,1
1046,2024-10-31,1
1046,2024-11-30,1
1046,2024-12-31,1
1046,2025-01-31,1
1046,2025-02-28,1
1046,2025-03-31,1
1046,2025-04-30,1
1046,2025-05-31,1
1046,2025-06-30,1
1046,2025-07-31,1
1046,2025-08-31,1
1046,2025-09-30,1
1046,2025-10-31,1
1046,2025-11-30,1
1046,2025-12-31,1
1046,2026-01-31,1
1046,2026-02-28,1
1046,2026-03-31,1
1046,2026-04-30,0
1046,2026-05-31,0
1046,2026-06-30,0
1046,2026-07-31,0
1047,2025-09-30,1
1047,2025-10-31,1
1047,2025-11-30,1
1047,2025-12-31,1
1047,2026-01-31,1
1047,2026-02-28,1
1047,2026-03-31,1
1047,2026-04-30,1
1047,2026-05-31,1
1047,2026-06-30,1
1047,2026-07-31,1
1048,2025-05-31,1
1048,2025-06-30,1
1048,2025-07-31,1
1048,2025-08-31,1
1048,2025-09-30,1
1048,2025-10-31,1
1048,2025-11-30,1
1048,2025-12-31,1
1048,2026-01-31,1
1048,2026-02-28,1
1048,2026-03-31,1
1048,2026-04-30,0
1048,2026-05-31,0
1048,2026-06-30,0
1048,2026-07-31,0
1049,2025-04-30,1
1049,2025-05-31,1
1049,2025-06-30,1
1049,2025-07-31,1
1049,2025-08-31,1
1049,2025-09-30,1
1049,2025-10-31,1
1049,2025-11-30,1
1049,2025-12-31,1
1049,2026-01-31,1
1049,2026-02-28,1
1049,2026-03-31,1
1049,2026-04-30,1
1049,2026-05-31,1
1049,2026-06-30,1
1049,2026-07-31,1
1050,2024-04-30,1
1050,2024-05-31,1
1050,2024-06-30,1
1050,2024-07-31,1
1050,2024-08-31,1
1050,2024-09-30,1
1050,2024-10-31,1
1050,2024-11-30,1
1050,2024-12-31,1
1050,2025-01-31,1
1050,2025-02-28,1
1050,2025-03-31,1
1050,2025-04-30,1
1050,2025-05-31,1
1050,2025-06-30,1
1050,2025-07-31,1
1050,2025-08-31,1
1050,2025-09-30,1
1050,2025-10-31,1
1050,2025-11-30,1
1050,2025-12-31,1
1050,2026-01-31,1
1050,2026-02-28,1
1050,2026-03-31,1
1050,2026-04-30,1
1050,2026-05-31,1
1050,2026-06-30,1
1050,2026-07-31,1
1051,2025-08-31,1
1051,2025-09-30,1
1051,2025-10-31,1
1051,2025-11-30,1
1051,2025-12-31,1
1051,2026-01-31,1
1051,2026-02-28,1
1051,2026-03-31,1
1051,2026-04-30,1
1051,2026-05-31,1
1051,2026-06-30,1
1051,2026-07-31,1
1052,2024-07-31,1
1052,2024-08-31,1
1052,2024-09-30,1
1052,2024-10-31,1
1052,2024-11-30,1
1052,2024-12-31,1
1052,2025-01-31,1
1052,2025-02-28,1
1052,2025-03-31,1
1052,2025-04-30,1
1052,2025-05-31,1
1052,2025-06-30,1
1052,2025-07-31,1
1052,2025-08-31,1
1052,2025-09-30,1
1052,2025-10-31,1
1052,2025-11-30,1
1052,2025-12-31,1
1052,2026-01-31,1
1052,2026-02-28,1
1052,2026-03-31,1
1052,2026-04-30,1
1052,2026-05-31,1
1052,2026-06-30,1
1052,2026-07-31,1
1053,2024-08-31,1
1053,2024-09-30,1
1053,2024-10-31,1
1053,2024-11-30,1
1053,2024-12-31,1
1053,2025-01-31,1
1053,2025-02-28,1
1053,2025-03-31,1
1053,2025-04-30,1
1053,2025-05-31,1
1053,2025-06-30,1
1053,2025-07-31,1
1053,2025-08-31,1
1053,2025-09-30,1
1053,2025-10-31,1
1053,2025-11-30,1
1053,2025-12-31,1
1053,2026-01-31,1
1053,2026-02-28,1
1053,2026-03-31,1
1053,2026-04-30,1
1053,2026-05-31,1
1053,2026-06-30,1
1053,2026-07-31,1
1054,2025-01-31,1
1054,2025-02-28,1
1054,2025-03-31,1
1054,2025-04-30,1
1054,2025-05-31,1
1054,2025-06-30,1
1054,2025-07-31,1
1054,2025-08-31,1
1054,2025-09-30,1
1054,2025-10-31,1
1054,2025-11-30,1
1054,2025-12-31,1
1054,2026-01-31,1
1054,2026-02-28,1
1054,2026-03-31,0
1054,2026-04-30,0
1054,2026-05-31,0
1054,2026-06-30,0
1054,2026-07-31,0
1055,2024-03-31,1
1055,2024-04-30,1
1055,2024-05-31,1
1055,2024-06-30,1
1055,2024-07-31,1
1055,2024-08-31,1
1055,2024-09-30,1
1055,2024-10-31,1
1055,2024-11-30,1
1055,2024-12-31,1
1055,2025-01-31,1
1055,2025-02-28,1
1055,2025-03-31,1
1055,2025-04-30,1
1055,2025-05-31,1
1055,2025-06-30,1
1055,2025-07-31,1
1055,2025-08-31,1
1055,2025-09-30,1
1055,2025-10-31,1
1055,2025-11-30,1
1055,2025-12-31,1
1055,2026-01-31,1
1055,2026-02-28,1
1055,2026-03-31,1
1055,2026-04-30,1
1055,2026-05-31,1
1055,2026-06-30,1
1055,2026-07-31,1
1056,2025-10-31,1
1056,2025-11-30,1
1056,2025-12-31,1
1056,2026-01-31,1
1056,2026-02-28,1
1056,2026-03-31,1
1056,2026-04-30,1
1056,2026-05-31,1
1056,2026-06-30,0
1056,2026-07-31,0
1057,2026-04-30,1
1057,2026-05-31,1
1057,2026-06-30,1
1057,2026-07-31,1
1058,2025-11-30,1
1058,2025-12-31,1
1058,2026-01-31,1
1058,2026-02-28,1
1058,2026-03-31,1
1058,2026-04-30,1
1058,2026-05-31,1
1058,2026-06-30,1
1058,2026-07-31,1
1059,2026-01-31,1
1059,2026-02-28,1
1059,2026-03-31,1
1059,2026-04-30,1
1059,2026-05-31,1
1059,2026-06-30,0
1059,2026-07-31,0
1060,2025-11-30,1
1060,2025-12-31,1
1060,2026-01-31,1
1060,2026-02-28,1
1060,2026-03-31,1
1060,2026-04-30,1
1060,2026-05-31,1
1060,2026-06-30,1
1060,2026-07-31,1
1061,2026-06-30,1
1061,2026-07-31,1
1062,2024-12-31,1
1062,2025-01-31,1
1062,2025-02-28,1
1062,2025-03-31,1
1062,2025-04-30,1
1062,2025-05-31,1
1062,2025-06-30,1
1062,2025-07-31,0
1062,2025-08-31,0
1062,2025-09-30,0
1062,2025-10-31,0
1062,2025-11-30,0
1062,2025-12-31,0
1062,2026-01-31,0
1062,2026-02-28,0
1062,2026-03-31,0
1062,2026-04-30,0
1062,2026-05-31,0
1062,2026-06-30,0
1062,2026-07-31,0
1063,2024-02-29,1
1063,2024-03-31,1
1063,2024-04-30,1
1063,2024-05-31,1
1063,2024-06-30,1
1063,2024-07-31,1
1063,2024-08-31,1
1063,2024-09-30,1
1063,2024-10-31,1
1063,2024-11-30,1
1063,2024-12-31,1
1063,2025-01-31,1
1063,2025-02-28,1
1063,2025-03-31,1
1063,2025-04-30,1
1063,2025-05-31,1
1063,2025-06-30,1
1063,2025-07-31,1
1063,2025-08-31,1
1063,2025-09-30,1
1063,2025-10-31,1
1063,2025-11-30,1
1063,2025-12-31,1
1063,2026-01-31,1
1063,2026-02-28,1
1063,2026-03-31,1
1063,2026-04-30,1
1063,2026-05-31,1
1063,2026-06-30,1
1063,2026-07-31,1
1064,2024-01-31,1
1064,2024-02-29,1
1064,2024-03-31,1
1064,2024-04-30,1
1064,2024-05-31,1
1064,2024-06-30,1
1064,2024-07-31,1
1064,2024-08-31,1
1064,2024-09-30,1
1064,2024-10-31,1
1064,2024-11-30,1
1064,2024-12-31,1
1064,2025-01-31,1
1064,2025-02-28,1
1064,2025-03-31,1
1064,2025-04-30,1
1064,2025-05-31,1
1064,2025-06-30,1
1064,2025-07-31,1
1064,2025-08-31,1
1064,2025-09-30,1
1064,2025-10-31,1
1064,2025-11-30,1
1064,2025-12-31,1
1064,2026-01-31,1
1064,2026-02-28,1
1064,2026-03-31,1
1064,2026-04-30,1
1064,2026-05-31,1
1064,2026-06-30,1
1064,2026-07-31,1
1065,2024-08-31,1
1065,2024-09-30,1
1065,2024-10-31,1
1065,2024-11-30,1
1065,2024-12-31,1
1065,2025-01-31,1
1065,2025-02-28,1
1065,2025-03-31,1
1065,2025-04-30,1
1065,2025-05-31,1
1065,2025-06-30,1
1065,2025-07-31,1
1065,2025-08-31,1
1065,2025-09-30,1
1065,2025-10-31,1
1065,2025-11-30,1
1065,2025-12-31,1
1065,2026-01-31,1
1065,2026-02-28,1
1065,2026-03-31,1
1065,2026-04-30,1
1065,2026-05-31,1
1065,2026-06-30,1
1065,2026-07-31,1
1066,2025-04-30,1
1066,2025-05-31,1
1066,2025-06-30,1
1066,2025-07-31,1
1066,2025-08-31,1
1066,2025-09-30,1
1066,2025-10-31,1
1066,2025-11-30,1
1066,2025-12-31,1
1066,2026-01-31,1
1066,2026-02-28,1
1066,2026-03-31,1
1066,2026-04-30,0
1066,2026-05-31,0
1066,2026-06-30,0
1066,2026-07-31,0
1067,2025-02-28,1
1067,2025-03-31,1
1067,2025-04-30,1
1067,2025-05-31,1
1067,2025-06-30,1
1067,2025-07-31,1
1067,2025-08-31,1
1067,2025-09-30,1
1067,2025-10-31,1
1067,2025-11-30,1
1067,2025-12-31,1
1067,2026-01-31,1
1067,2026-02-28,1
1067,2026-03-31,1
1067,2026-04-30,1
1067,2026-05-31,1
1067,2026-06-30,1
1067,2026-07-31,1
1068,2025-04-30,1
1068,2025-05-31,1
1068,2025-06-30,1
1068,2025-07-31,1
1068,2025-08-31,1
1068,2025-09-30,1
1068,2025-10-31,1
1068,2025-11-30,1
1068,2025-12-31,1
1068,2026-01-31,1
1068,2026-02-28,1
1068,2026-03-31,1
1068,2026-04-30,1
1068,2026-05-31,1
1068,2026-06-30,1
1068,2026-07-31,1
1069,2024-10-31,1
1069,2024-11-30,1
1069,2024-12-31,1
1069,2025-01-31,1
1069,2025-02-28,1
1069,2025-03-31,1
1069,2025-04-30,1
1069,2025-05-31,1
1069,2025-06-30,1
1069,2025-07-31,1
1069,2025-08-31,1
1069,2025-09-30,1
1069,2025-10-31,1
1069,2025-11-30,1
1069,2025-12-31,1
1069,2026-01-31,1
1069,2026-02-28,1
1069,2026-03-31,1
1069,2026-04-30,1
1069,2026-05-31,1
1069,2026-06-30,1
1069,2026-07-31,1
1070,2025-01-31,1
1070,2025-02-28,1
1070,2025-03-31,1
1070,2025-04-30,1
1070,2025-05-31,1
1070,2025-06-30,1
1070,2025-07-31,1
1070,2025-08-31,1
1070,2025-09-30,0
1070,2025-10-31,0
1070,2025-11-30,0
1070,2025-12-31,0
1070,2026-01-31,0
1070,2026-02-28,0
1070,2026-03-31,0
1070,2026-04-30,0
1070,2026-05-31,0
1070,2026-06-30,0
1070,2026-07-31,0
1071,2024-04-30,1
1071,2024-05-31,1
1071,2024-06-30,1
1071,2024-07-31,1
1071,2024-08-31,1
1071,2024-09-30,1
1071,2024-10-31,1
1071,2024-11-30,1
1071,2024-12-31,1
1071,2025-01-31,1
1071,2025-02-28,1
1071,2025-03-31,1
1071,2025-04-30,1
1071,2025-05-31,1
1071,2025-06-30,1
1071,2025-07-31,1
1071,2025-08-31,1
1071,2025-09-30,1
1071,2025-10-31,1
1071,2025-11-30,1
1071,2025-12-31,1
1071,2026-01-31,1
1071,2026-02-28,1
1071,2026-03-31,1
1071,2026-04-30,1
1071,2026-05-31,1
1071,2026-06-30,1
1071,2026-07-31,1
1072,2025-10-31,1
1072,2025-11-30,1
1072,2025-12-31,1
1072,2026-01-31,1
1072,2026-02-28,1
1072,2026-03-31,1
1072,2026-04-30,1
1072,2026-05-31,1
1072,2026-06-30,1
1072,2026-07-31,1
1073,2024-03-31,1
1073,2024-04-30,1
1073,2024-05-31,1
1073,2024-06-30,1
1073,2024-07-31,1
1073,2024-08-31,1
1073,2024-09-30,1
1073,2024-10-31,1
1073,2024-11-30,1
1073,2024-12-31,1
1073,2025-01-31,1
1073,2025-02-28,1
1073,2025-03-31,1
1073,2025-04-30,1
1073,2025-05-31,1
1073,2025-06-30,1
1073,2025-07-31,1
1073,2025-08-31,1
1073,2025-09-30,1
1073,2025-10-31,1
1073,2025-11-30,1
1073,2025-12-31,1
1073,2026-01-31,1
1073,2026-02-28,1
1073,2026-03-31,1
1073,2026-04-30,1
1073,2026-05-31,1
1073,2026-06-30,1
1073,2026-07-31,1
1074,2024-04-30,1
1074,2024-05-31,1
1074,2024-06-30,1
1074,2024-07-31,1
1074,2024-08-31,1
1074,2024-09-30,1
1074,2024-10-31,1
1074,2024-11-30,1
1074,2024-12-31,1
1074,2025-01-31,1
1074,2025-02-28,1
1074,2025-03-31,1
1074,2025-04-30,1
1074,2025-05-31,1
1074,2025-06-30,1
1074,2025-07-31,1
1074,2025-08-31,1
1074,2025-09-30,1
1074,2025-10-31,1
1074,2025-11-30,1
1074,2025-12-31,1
1074,2026-01-31,1
1074,2026-02-28,1
1074,2026-03-31,1
1074,2026-04-30,1
1074,2026-05-31,1
1074,2026-06-30,1
1074,2026-07-31,1
1075,2025-06-30,1
1075,2025-07-31,1
1075,2025-08-31,1
1075,2025-09-30,1
1075,2025-10-31,1
1075,2025-11-30,1
1075,2025-12-31,1
1075,2026-01-31,1
1075,2026-02-28,1
1075,2026-03-31,1
1075,2026-04-30,1
1075,2026-05-31,1
1075,2026-06-30,1
1075,2026-07-31,1
1076,2024-06-30,1
1076,2024-07-31,1
1076,2024-08-31,1
1076,2024-09-30,1
1076,2024-10-31,1
1076,2024-11-30,1
1076,2024-12-31,1
1076,2025-01-31,1
1076,2025-02-28,1
1076,2025-03-31,1
1076,2025-04-30,1
1076,2025-05-31,1
1076,2025-06-30,1
1076,2025-07-31,1
1076,2025-08-31,1
1076,2025-09-30,1
1076,2025-10-31,1
1076,2025-11-30,1
1076,2025-12-31,1
1076,2026-01-31,1
1076,2026-02-28,1
1076,2026-03-31,1
1076,2026-04-30,1
1076,2026-05-31,1
1076,2026-06-30,1
1076,2026-07-31,1
1077,2026-05-31,1
1077,2026-06-30,1
1077,2026-07-31,1
1078,2025-02-28,1
1078,2025-03-31,1
1078,2025-04-30,1
1078,2025-05-31,1
1078,2025-06-30,1
1078,2025-07-31,1
1078,2025-08-31,1
1078,2025-09-30,1
1078,2025-10-31,1
1078,2025-11-30,1
1078,2025-12-31,1
1078,2026-01-31,1
1078,2026-02-28,1
1078,2026-03-31,1
1078,2026-04-30,1
1078,2026-05-31,1
1078,2026-06-30,1
1078,2026-07-31,1
1079,2026-04-30,1
1079,2026-05-31,1
1079,2026-06-30,1
1079,2026-07-31,1
1080,2025-12-31,1
1080,2026-01-31,1
1080,2026-02-28,1
1080,2026-03-31,1
1080,2026-04-30,1
1080,2026-05-31,1
1080,2026-06-30,1
1080,2026-07-31,1
1081,2025-02-28,1
1081,2025-03-31,1
1081,2025-04-30,1
1081,2025-05-31,1
1081,2025-06-30,1
1081,2025-07-31,1
1081,2025-08-31,1
1081,2025-09-30,1
1081,2025-10-31,1
1081,2025-11-30,1
1081,2025-12-31,1
1081,2026-01-31,1
1081,2026-02-28,1
1081,2026-03-31,1
1081,2026-04-30,1
1081,2026-05-31,1
1081,2026-06-30,1
1081,2026-07-31,1
1082,2026-01-31,1
1082,2026-02-28,1
1082,2026-03-31,1
1082,2026-04-30,1
1082,2026-05-31,1
1082,2026-06-30,1
1082,2026-07-31,1
1083,2026-05-31,1
1083,2026-06-30,1
1083,2026-07-31,1
1084,2025-04-30,1
1084,2025-05-31,1
1084,2025-06-30,1
1084,2025-07-31,1
1084,2025-08-31,1
1084,2025-09-30,1
1084,2025-10-31,1
1084,2025-11-30,1
1084,2025-12-31,1
1084,2026-01-31,1
1084,2026-02-28,1
1084,2026-03-31,1
1084,2026-04-30,1
1084,2026-05-31,1
1084,2026-06-30,1
1084,2026-07-31,1
1085,2025-08-31,1
1085,2025-09-30,1
1085,2025-10-31,1
1085,2025-11-30,1
1085,2025-12-31,1
1085,2026-01-31,1
1085,2026-02-28,1
1085,2026-03-31,1
1085,2026-04-30,1
1085,2026-05-31,1
1085,2026-06-30,1
1085,2026-07-31,1
1086,2026-03-31,1
1086,2026-04-30,1
1086,2026-05-31,1
1086,2026-06-30,1
1086,2026-07-31,1
1087,2024-02-29,1
1087,2024-03-31,1
1087,2024-04-30,1
1087,2024-05-31,1
1087,2024-06-30,1
1087,2024-07-31,1
1087,2024-08-31,1
1087,2024-09-30,1
1087,2024-10-31,1
1087,2024-11-30,1
1087,2024-12-31,1
1087,2025-01-31,1
1087,2025-02-28,1
1087,2025-03-31,1
1087,2025-04-30,1
1087,2025-05-31,1
1087,2025-06-30,1
1087,2025-07-31,1
1087,2025-08-31,1
1087,2025-09-30,1
1087,2025-10-31,1
1087,2025-11-30,1
1087,2025-12-31,1
1087,2026-01-31,1
1087,2026-02-28,1
1087,2026-03-31,1
1087,2026-04-30,1
1087,2026-05-31,1
1087,2026-06-30,1
1087,2026-07-31,1
1088,2024-08-31,1
1088,2024-09-30,1
1088,2024-10-31,1
1088,2024-11-30,1
1088,2024-12-31,1
1088,2025-01-31,1
1088,2025-02-28,1
1088,2025-03-31,1
1088,2025-04-30,1
1088,2025-05-31,1
1088,2025-06-30,1
1088,2025-07-31,1
1088,2025-08-31,1
1088,2025-09-30,1
1088,2025-10-31,1
1088,2025-11-30,1
1088,2025-12-31,1
1088,2026-01-31,1
1088,2026-02-28,1
1088,2026-03-31,1
1088,2026-04-30,1
1088,2026-05-31,1
1088,2026-06-30,1
1088,2026-07-31,1
1089,2026-06-30,1
1089,2026-07-31,1
1090,2025-06-30,1
1090,2025-07-31,1
1090,2025-08-31,1
1090,2025-09-30,1
1090,2025-10-31,1
1090,2025-11-30,1
1090,2025-12-31,1
1090,2026-01-31,1
1090,2026-02-28,1
1090,2026-03-31,1
1090,2026-04-30,1
1090,2026-05-31,1
1090,2026-06-30,1
1090,2026-07-31,1
1091,2024-04-30,1
1091,2024-05-31,1
1091,2024-06-30,1
1091,2024-07-31,1
1091,2024-08-31,1
1091,2024-09-30,1
1091,2024-10-31,1
1091,2024-11-30,0
1091,2024-12-31,0
1091,2025-01-31,0
1091,2025-02-28,0
1091,2025-03-31,0
1091,2025-04-30,0
1091,2025-05-31,0
1091,2025-06-30,0
1091,2025-07-31,0
1091,2025-08-31,0
1091,2025-09-30,0
1091,2025-10-31,0
1091,2025-11-30,0
1091,2025-12-31,0
1091,2026-01-31,0
1091,2026-02-28,0
1091,2026-03-31,0
1091,2026-04-30,0
1091,2026-05-31,0
1091,2026-06-30,0
1091,2026-07-31,0
1092,2026-02-28,1
1092,2026-03-31,1
1092,2026-04-30,1
1092,2026-05-31,1
1092,2026-06-30,1
1092,2026-07-31,1
1093,2026-02-28,1
1093,2026-03-31,0
1093,2026-04-30,0
1093,2026-05-31,0
1093,2026-06-30,0
1093,2026-07-31,0
1094,2024-05-31,1
1094,2024-06-30,1
1094,2024-07-31,1
1094,2024-08-31,1
1094,2024-09-30,1
1094,2024-10-31,1
1094,2024-11-30,1
1094,2024-12-31,1
1094,2025-01-31,1
1094,2025-02-28,1
1094,2025-03-31,1
1094,2025-04-30,1
1094,2025-05-31,1
1094,2025-06-30,1
1094,2025-07-31,1
1094,2025-08-31,1
1094,2025-09-30,1
1094,2025-10-31,1
1094,2025-11-30,1
1094,2025-12-31,1
1094,2026-01-31,1
1094,2026-02-28,1
1094,2026-03-31,1
1094,2026-04-30,1
1094,2026-05-31,1
1094,2026-06-30,1
1094,2026-07-31,1
1095,2026-06-30,1
1095,2026-07-31,1
1096,2025-08-31,1
1096,2025-09-30,1
1096,2025-10-31,1
1096,2025-11-30,1
1096,2025-12-31,1
1096,2026-01-31,1
1096,2026-02-28,1
1096,2026-03-31,1
1096,2026-04-30,1
1096,2026-05-31,1
1096,2026-06-30,1
1096,2026-07-31,1
1097,2025-08-31,1
1097,2025-09-30,1
1097,2025-10-31,1
1097,2025-11-30,1
1097,2025-12-31,1
1097,2026-01-31,1
1097,2026-02-28,1
1097,2026-03-31,1
1097,2026-04-30,1
1097,2026-05-31,1
1097,2026-06-30,1
1097,2026-07-31,1
1098,2025-03-31,1
1098,2025-04-30,1
1098,2025-05-31,1
1098,2025-06-30,1
1098,2025-07-31,1
1098,2025-08-31,1
1098,2025-09-30,1
1098,2025-10-31,1
1098,2025-11-30,1
1098,2025-12-31,1
1098,2026-01-31,1
1098,2026-02-28,1
1098,2026-03-31,1
1098,2026-04-30,1
1098,2026-05-31,1
1098,2026-06-30,1
1098,2026-07-31,1
1099,2025-04-30,1
1099,2025-05-31,1
1099,2025-06-30,1
1099,2025-07-31,1
1099,2025-08-31,1
1099,2025-09-30,1
1099,2025-10-31,1
1099,2025-11-30,1
1099,2025-12-31,1
1099,2026-01-31,1
1099,2026-02-28,1
1099,2026-03-31,1
1099,2026-04-30,1
1099,2026-05-31,1
1099,2026-06-30,1
1099,2026-07-31,1
1100,2024-02-29,1
1100,2024-03-31,1
1100,2024-04-30,1
1100,2024-05-31,1
1100,2024-06-30,1
1100,2024-07-31,1
1100,2024-08-31,1
1100,2024-09-30,1
1100,2024-10-31,1
1100,2024-11-30,1
1100,2024-12-31,1
1100,2025-01-31,1
1100,2025-02-28,1
1100,2025-03-31,1
1100,2025-04-30,1
1100,2025-05-31,1
1100,2025-06-30,1
1100,2025-07-31,1
1100,2025-08-31,1
1100,2025-09-30,1
1100,2025-10-31,1
1100,2025-11-30,1
1100,2025-12-31,1
1100,2026-01-31,1
1100,2026-02-28,1
1100,2026-03-31,1
1100,2026-04-30,1
1100,2026-05-31,1
1100,2026-06-30,1
1100,2026-07-31,1
1101,2025-09-30,1
1101,2025-10-31,1
1101,2025-11-30,1
1101,2025-12-31,1
1101,2026-01-31,1
1101,2026-02-28,1
1101,2026-03-31,1
1101,2026-04-30,1
1101,2026-05-31,1
1101,2026-06-30,1
1101,2026-07-31,0
1102,2024-04-30,1
1102,2024-05-31,1
1102,2024-06-30,1
1102,2024-07-31,1
1102,2024-08-31,1
1102,2024-09-30,1
1102,2024-10-31,1
1102,2024-11-30,1
1102,2024-12-31,1
1102,2025-01-31,1
1102,2025-02-28,1
1102,2025-03-31,1
1102,2025-04-30,1
1102,2025-05-31,1
1102,2025-06-30,1
1102,2025-07-31,1
1102,2025-08-31,1
1102,2025-09-30,1
1102,2025-10-31,1
1102,2025-11-30,1
1102,2025-12-31,1
1102,2026-01-31,1
1102,2026-02-28,1
1102,2026-03-31,1
1102,2026-04-30,1
1102,2026-05-31,1
1102,2026-06-30,1
1102,2026-07-31,1
1103,2024-02-29,1
1103,2024-03-31,1
1103,2024-04-30,1
1103,2024-05-31,1
1103,2024-06-30,1
1103,2024-07-31,0
1103,2024-08-31,0
1103,2024-09-30,0
1103,2024-10-31,0
1103,2024-11-30,0
1103,2024-12-31,0
1103,2025-01-31,0
1103,2025-02-28,0
1103,2025-03-31,0
1103,2025-04-30,0
1103,2025-05-31,0
1103,2025-06-30,0
1103,2025-07-31,0
1103,2025-08-31,0
1103,2025-09-30,0
1103,2025-10-31,0
1103,2025-11-30,0
1103,2025-12-31,0
1103,2026-01-31,0
1103,2026-02-28,0
1103,2026-03-31,0
1103,2026-04-30,0
1103,2026-05-31,0
1103,2026-06-30,0
1103,2026-07-31,0
1104,2026-03-31,1
1104,2026-04-30,1
1104,2026-05-31,1
1104,2026-06-30,0
1104,2026-07-31,0
1105,2024-11-30,1
1105,2024-12-31,1
1105,2025-01-31,1
1105,2025-02-28,1
1105,2025-03-31,1
1105,2025-04-30,1
1105,2025-05-31,1
1105,2025-06-30,1
1105,2025-07-31,1
1105,2025-08-31,1
1105,2025-09-30,1
1105,2025-10-31,1
1105,2025-11-30,1
1105,2025-12-31,1
1105,2026-01-31,1
1105,2026-02-28,1
1105,2026-03-31,1
1105,2026-04-30,1
1105,2026-05-31,1
1105,2026-06-30,1
1105,2026-07-31,1
1106,2024-03-31,1
1106,2024-04-30,1
1106,2024-05-31,1
1106,2024-06-30,1
1106,2024-07-31,1
1106,2024-08-31,1
1106,2024-09-30,1
1106,2024-10-31,1
1106,2024-11-30,1
1106,2024-12-31,1
1106,2025-01-31,1
1106,2025-02-28,1
1106,2025-03-31,1
1106,2025-04-30,1
1106,2025-05-31,1
1106,2025-06-30,1
1106,2025-07-31,1
1106,2025-08-31,1
1106,2025-09-30,1
1106,2025-10-31,1
1106,2025-11-30,1
1106,2025-12-31,1
1106,2026-01-31,1
1106,2026-02-28,1
1106,2026-03-31,1
1106,2026-04-30,1
1106,2026-05-31,1
1106,2026-06-30,1
1106,2026-07-31,1
1107,2024-06-30,1
1107,2024-07-31,1
1107,2024-08-31,1
1107,2024-09-30,1
1107,2024-10-31,1
1107,2024-11-30,1
1107,2024-12-31,1
1107,2025-01-31,1
1107,2025-02-28,1
1107,2025-03-31,1
1107,2025-04-30,1
1107,2025-05-31,1
1107,2025-06-30,1
1107,2025-07-31,1
1107,2025-08-31,1
1107,2025-09-30,1
1107,2025-10-31,1
1107,2025-11-30,1
1107,2025-12-31,1
1107,2026-01-31,1
1107,2026-02-28,1
1107,2026-03-31,1
1107,2026-04-30,1
1107,2026-05-31,1
1107,2026-06-30,1
1107,2026-07-31,1
1108,2025-03-31,1
1108,2025-04-30,1
1108,2025-05-31,1
1108,2025-06-30,1
1108,2025-07-31,1
1108,2025-08-31,1
1108,2025-09-30,1
1108,2025-10-31,1
1108,2025-11-30,1
1108,2025-12-31,1
1108,2026-01-31,1
1108,2026-02-28,1
1108,2026-03-31,1
1108,2026-04-30,1
1108,2026-05-31,1
1108,2026-06-30,1
1108,2026-07-31,1
1109,2026-04-30,1
1109,2026-05-31,1
1109,2026-06-30,1
1109,2026-07-31,1
1110,2025-05-31,1
1110,2025-06-30,1
1110,2025-07-31,1
1110,2025-08-31,1
1110,2025-09-30,1
1110,2025-10-31,1
1110,2025-11-30,1
1110,2025-12-31,1
1110,2026-01-31,1
1110,2026-02-28,1
1110,2026-03-31,1
1110,2026-04-30,1
1110,2026-05-31,1
1110,2026-06-30,1
1110,2026-07-31,1
1111,2024-04-30,1
1111,2024-05-31,1
1111,2024-06-30,1
1111,2024-07-31,1
1111,2024-08-31,0
1111,2024-09-30,0
1111,2024-10-31,0
1111,2024-11-30,0
1111,2024-12-31,0
1111,2025-01-31,0
1111,2025-02-28,0
1111,2025-03-31,0
1111,2025-04-30,0
1111,2025-05-31,0
1111,2025-06-30,0
1111,2025-07-31,0
1111,2025-08-31,0
1111,2025-09-30,0
1111,2025-10-31,0
1111,2025-11-30,0
1111,2025-12-31,0
1111,2026-01-31,0
1111,2026-02-28,0
1111,2026-03-31,0
1111,2026-04-30,0
1111,2026-05-31,0
1111,2026-06-30,0
1111,2026-07-31,0
1112,2024-03-31,1
1112,2024-04-30,1
1112,2024-05-31,1
1112,2024-06-30,1
1112,2024-07-31,1
1112,2024-08-31,1
1112,2024-09-30,1
1112,2024-10-31,1
1112,2024-11-30,1
1112,2024-12-31,1
1112,2025-01-31,1
1112,2025-02-28,1
1112,2025-03-31,1
1112,2025-04-30,1
1112,2025-05-31,1
1112,2025-06-30,1
1112,2025-07-31,1
1112,2025-08-31,1
1112,2025-09-30,1
1112,2025-10-31,1
1112,2025-11-30,1
1112,2025-12-31,1
1112,2026-01-31,1
1112,2026-02-28,1
1112,2026-03-31,1
1112,2026-04-30,1
1112,2026-05-31,1
1112,2026-06-30,1
1112,2026-07-31,1
1113,2025-11-30,1
1113,2025-12-31,1
1113,2026-01-31,1
1113,2026-02-28,1
1113,2026-03-31,1
1113,2026-04-30,1
1113,2026-05-31,1
1113,2026-06-30,1
1113,2026-07-31,1
1114,2025-12-31,1
1114,2026-01-31,1
1114,2026-02-28,1
1114,2026-03-31,1
1114,2026-04-30,1
1114,2026-05-31,1
1114,2026-06-30,1
1114,2026-07-31,1
1115,2025-04-30,1
1115,2025-05-31,1
1115,2025-06-30,1
1115,2025-07-31,1
1115,2025-08-31,1
1115,2025-09-30,1
1115,2025-10-31,1
1115,2025-11-30,1
1115,2025-12-31,1
1115,2026-01-31,1
1115,2026-02-28,1
1115,2026-03-31,1
1115,2026-04-30,1
1115,2026-05-31,1
1115,2026-06-30,1
1115,2026-07-31,1
1116,2024-07-31,1
1116,2024-08-31,1
1116,2024-09-30,1
1116,2024-10-31,1
1116,2024-11-30,0
1116,2024-12-31,0
1116,2025-01-31,0
1116,2025-02-28,0
1116,2025-03-31,0
1116,2025-04-30,0
1116,2025-05-31,0
1116,2025-06-30,0
1116,2025-07-31,0
1116,2025-08-31,0
1116,2025-09-30,0
1116,2025-10-31,0
1116,2025-11-30,0
1116,2025-12-31,0
1116,2026-01-31,0
1116,2026-02-28,0
1116,2026-03-31,0
1116,2026-04-30,0
1116,2026-05-31,0
1116,2026-06-30,0
1116,2026-07-31,0
1117,2024-09-30,1
1117,2024-10-31,1
1117,2024-11-30,1
1117,2024-12-31,1
1117,2025-01-31,1
1117,2025-02-28,1
1117,2025-03-31,1
1117,2025-04-30,1
1117,2025-05-31,1
1117,2025-06-30,1
1117,2025-07-31,1
1117,2025-08-31,1
1117,2025-09-30,1
1117,2025-10-31,1
1117,2025-11-30,1
1117,2025-12-31,1
1117,2026-01-31,1
1117,2026-02-28,1
1117,2026-03-31,1
1117,2026-04-30,1
1117,2026-05-31,1
1117,2026-06-30,1
1117,2026-07-31,1
1118,2026-04-30,1
1118,2026-05-31,1
1118,2026-06-30,1
1118,2026-07-31,1
1119,2024-12-31,1
1119,2025-01-31,1
1119,2025-02-28,1
1119,2025-03-31,1
1119,2025-04-30,1
1119,2025-05-31,1
1119,2025-06-30,1
1119,2025-07-31,1
1119,2025-08-31,1
1119,2025-09-30,1
1119,2025-10-31,1
1119,2025-11-30,1
1119,2025-12-31,0
1119,2026-01-31,0
1119,2026-02-28,0
1119,2026-03-31,0
1119,2026-04-30,0
1119,2026-05-31,0
1119,2026-06-30,0
1119,2026-07-31,0
1120,2025-08-31,1
1120,2025-09-30,1
1120,2025-10-31,1
1120,2025-11-30,1
1120,2025-12-31,1
1120,2026-01-31,1
1120,2026-02-28,1
1120,2026-03-31,0
1120,2026-04-30,0
1120,2026-05-31,0
1120,2026-06-30,0
1120,2026-07-31,0
1121,2025-09-30,1
1121,2025-10-31,1
1121,2025-11-30,1
1121,2025-12-31,1
1121,2026-01-31,0
1121,2026-02-28,0
1121,2026-03-31,0
1121,2026-04-30,0
1121,2026-05-31,0
1121,2026-06-30,0
1121,2026-07-31,0
1122,2024-12-31,1
1122,2025-01-31,1
1122,2025-02-28,1
1122,2025-03-31,1
1122,2025-04-30,1
1122,2025-05-31,1
1122,2025-06-30,1
1122,2025-07-31,1
1122,2025-08-31,1
1122,2025-09-30,1
1122,2025-10-31,1
1122,2025-11-30,1
1122,2025-12-31,1
1122,2026-01-31,1
1122,2026-02-28,1
1122,2026-03-31,1
1122,2026-04-30,1
1122,2026-05-31,1
1122,2026-06-30,1
1122,2026-07-31,1
1123,2025-05-31,1
1123,2025-06-30,1
1123,2025-07-31,1
1123,2025-08-31,1
1123,2025-09-30,1
1123,2025-10-31,1
1123,2025-11-30,1
1123,2025-12-31,1
1123,2026-01-31,1
1123,2026-02-28,1
1123,2026-03-31,1
1123,2026-04-30,1
1123,2026-05-31,1
1123,2026-06-30,1
1123,2026-07-31,1
1124,2025-08-31,1
1124,2025-09-30,1
1124,2025-10-31,1
1124,2025-11-30,1
1124,2025-12-31,1
1124,2026-01-31,1
1124,2026-02-28,1
1124,2026-03-31,1
1124,2026-04-30,1
1124,2026-05-31,1
1124,2026-06-30,1
1124,2026-07-31,1
1125,2026-03-31,1
1125,2026-04-30,1
1125,2026-05-31,1
1125,2026-06-30,1
1125,2026-07-31,1
1126,2024-04-30,1
1126,2024-05-31,1
1126,2024-06-30,1
1126,2024-07-31,1
1126,2024-08-31,1
1126,2024-09-30,1
1126,2024-10-31,1
1126,2024-11-30,1
1126,2024-12-31,1
1126,2025-01-31,1
1126,2025-02-28,1
1126,2025-03-31,1
1126,2025-04-30,1
1126,2025-05-31,1
1126,2025-06-30,1
1126,2025-07-31,1
1126,2025-08-31,1
1126,2025-09-30,1
1126,2025-10-31,1
1126,2025-11-30,0
1126,2025-12-31,0
1126,2026-01-31,0
1126,2026-02-28,0
1126,2026-03-31,0
1126,2026-04-30,0
1126,2026-05-31,0
1126,2026-06-30,0
1126,2026-07-31,0
1127,2025-10-31,1
1127,2025-11-30,1
1127,2025-12-31,1
1127,2026-01-31,1
1127,2026-02-28,0
1127,2026-03-31,0
1127,2026-04-30,0
1127,2026-05-31,0
1127,2026-06-30,0
1127,2026-07-31,0
1128,2024-05-31,1
1128,2024-06-30,1
1128,2024-07-31,1
1128,2024-08-31,1
1128,2024-09-30,1
1128,2024-10-31,1
1128,2024-11-30,1
1128,2024-12-31,1
1128,2025-01-31,1
1128,2025-02-28,1
1128,2025-03-31,1
1128,2025-04-30,1
1128,2025-05-31,1
1128,2025-06-30,1
1128,2025-07-31,1
1128,2025-08-31,1
1128,2025-09-30,1
1128,2025-10-31,1
1128,2025-11-30,1
1128,2025-12-31,1
1128,2026-01-31,1
1128,2026-02-28,1
1128,2026-03-31,1
1128,2026-04-30,1
1128,2026-05-31,1
1128,2026-06-30,1
1128,2026-07-31,1
1129,2026-04-30,1
1129,2026-05-31,1
1129,2026-06-30,1
1129,2026-07-31,1
1130,2026-02-28,1
1130,2026-03-31,1
1130,2026-04-30,1
1130,2026-05-31,1
1130,2026-06-30,1
1130,2026-07-31,1
1131,2025-11-30,1
1131,2025-12-31,1
1131,2026-01-31,0
1131,2026-02-28,0
1131,2026-03-31,0
1131,2026-04-30,0
1131,2026-05-31,0
1131,2026-06-30,0
1131,2026-07-31,0
1132,2025-04-30,1
1132,2025-05-31,1
1132,2025-06-30,1
1132,2025-07-31,1
1132,2025-08-31,1
1132,2025-09-30,1
1132,2025-10-31,1
1132,2025-11-30,1
1132,2025-12-31,1
1132,2026-01-31,1
1132,2026-02-28,1
1132,2026-03-31,1
1132,2026-04-30,1
1132,2026-05-31,1
1132,2026-06-30,1
1132,2026-07-31,1
1133,2024-10-31,1
1133,2024-11-30,1
1133,2024-12-31,1
1133,2025-01-31,1
1133,2025-02-28,1
1133,2025-03-31,1
1133,2025-04-30,1
1133,2025-05-31,1
1133,2025-06-30,1
1133,2025-07-31,1
1133,2025-08-31,1
1133,2025-09-30,1
1133,2025-10-31,1
1133,2025-11-30,1
1133,2025-12-31,1
1133,2026-01-31,1
1133,2026-02-28,1
1133,2026-03-31,1
1133,2026-04-30,1
1133,2026-05-31,1
1133,2026-06-30,1
1133,2026-07-31,1
1134,2024-12-31,1
1134,2025-01-31,1
1134,2025-02-28,1
1134,2025-03-31,1
1134,2025-04-30,1
1134,2025-05-31,1
1134,2025-06-30,1
1134,2025-07-31,1
1134,2025-08-31,1
1134,2025-09-30,1
1134,2025-10-31,1
1134,2025-11-30,1
1134,2025-12-31,1
1134,2026-01-31,1
1134,2026-02-28,0
1134,2026-03-31,0
1134,2026-04-30,0
1134,2026-05-31,0
1134,2026-06-30,0
1134,2026-07-31,0
1135,2024-10-31,1
1135,2024-11-30,1
1135,2024-12-31,1
1135,2025-01-31,1
1135,2025-02-28,1
1135,2025-03-31,1
1135,2025-04-30,1
1135,2025-05-31,1
1135,2025-06-30,1
1135,2025-07-31,1
1135,2025-08-31,1
1135,2025-09-30,1
1135,2025-10-31,1
1135,2025-11-30,1
1135,2025-12-31,1
1135,2026-01-31,1
1135,2026-02-28,1
1135,2026-03-31,1
1135,2026-04-30,1
1135,2026-05-31,1
1135,2026-06-30,1
1135,2026-07-31,1
1136,2024-11-30,1
1136,2024-12-31,1
1136,2025-01-31,1
1136,2025-02-28,1
1136,2025-03-31,1
1136,2025-04-30,1
1136,2025-05-31,1
1136,2025-06-30,1
1136,2025-07-31,1
1136,2025-08-31,1
1136,2025-09-30,1
1136,2025-10-31,1
1136,2025-11-30,1
1136,2025-12-31,1
1136,2026-01-31,1
1136,2026-02-28,1
1136,2026-03-31,1
1136,2026-04-30,1
1136,2026-05-31,1
1136,2026-06-30,1
1136,2026-07-31,1
1137,2025-07-31,1
1137,2025-08-31,1
1137,2025-09-30,1
1137,2025-10-31,1
1137,2025-11-30,1
1137,2025-12-31,1
1137,2026-01-31,1
1137,2026-02-28,1
1137,2026-03-31,1
1137,2026-04-30,1
1137,2026-05-31,1
1137,2026-06-30,1
1137,2026-07-31,1
1138,2025-09-30,1
1138,2025-10-31,1
1138,2025-11-30,1
1138,2025-12-31,1
1138,2026-01-31,1
1138,2026-02-28,1
1138,2026-03-31,1
1138,2026-04-30,1
1138,2026-05-31,1
1138,2026-06-30,1
1138,2026-07-31,1
1139,2026-02-28,1
1139,2026-03-31,1
1139,2026-04-30,1
1139,2026-05-31,1
1139,2026-06-30,1
1139,2026-07-31,1
1140,2024-06-30,1
1140,2024-07-31,1
1140,2024-08-31,1
1140,2024-09-30,1
1140,2024-10-31,1
1140,2024-11-30,1
1140,2024-12-31,1
1140,2025-01-31,1
1140,2025-02-28,1
1140,2025-03-31,1
1140,2025-04-30,1
1140,2025-05-31,1
1140,2025-06-30,1
1140,2025-07-31,1
1140,2025-08-31,1
1140,2025-09-30,1
1140,2025-10-31,1
1140,2025-11-30,1
1140,2025-12-31,0
1140,2026-01-31,0
1140,2026-02-28,0
1140,2026-03-31,0
1140,2026-04-30,0
1140,2026-05-31,0
1140,2026-06-30,0
1140,2026-07-31,0
1141,2024-06-30,1
1141,2024-07-31,1
1141,2024-08-31,1
1141,2024-09-30,1
1141,2024-10-31,1
1141,2024-11-30,1
1141,2024-12-31,1
1141,2025-01-31,1
1141,2025-02-28,1
1141,2025-03-31,1
1141,2025-04-30,1
1141,2025-05-31,1
1141,2025-06-30,1
1141,2025-07-31,1
1141,2025-08-31,1
1141,2025-09-30,1
1141,2025-10-31,1
1141,2025-11-30,1
1141,2025-12-31,1
1141,2026-01-31,1
1141,2026-02-28,1
1141,2026-03-31,1
1141,2026-04-30,1
1141,2026-05-31,1
1141,2026-06-30,1
1141,2026-07-31,1
1142,2025-10-31,1
1142,2025-11-30,1
1142,2025-12-31,1
1142,2026-01-31,1
1142,2026-02-28,1
1142,2026-03-31,1
1142,2026-04-30,1
1142,2026-05-31,1
1142,2026-06-30,1
1142,2026-07-31,1
1143,2024-03-31,1
1143,2024-04-30,1
1143,2024-05-31,1
1143,2024-06-30,1
1143,2024-07-31,1
1143,2024-08-31,1
1143,2024-09-30,1
1143,2024-10-31,1
1143,2024-11-30,1
1143,2024-12-31,1
1143,2025-01-31,1
1143,2025-02-28,1
1143,2025-03-31,1
1143,2025-04-30,0
1143,2025-05-31,0
1143,2025-06-30,0
1143,2025-07-31,0
1143,2025-08-31,0
1143,2025-09-30,0
1143,2025-10-31,0
1143,2025-11-30,0
1143,2025-12-31,0
1143,2026-01-31,0
1143,2026-02-28,0
1143,2026-03-31,0
1143,2026-04-30,0
1143,2026-05-31,0
1143,2026-06-30,0
1143,2026-07-31,0
1144,2024-02-29,1
1144,2024-03-31,1
1144,2024-04-30,1
1144,2024-05-31,1
1144,2024-06-30,1
1144,2024-07-31,1
1144,2024-08-31,1
1144,2024-09-30,1
1144,2024-10-31,1
1144,2024-11-30,1
1144,2024-12-31,1
1144,2025-01-31,1
1144,2025-02-28,1
1144,2025-03-31,1
1144,2025-04-30,1
1144,2025-05-31,1
1144,2025-06-30,1
1144,2025-07-31,1
1144,2025-08-31,1
1144,2025-09-30,1
1144,2025-10-31,1
1144,2025-11-30,1
1144,2025-12-31,1
1144,2026-01-31,1
1144,2026-02-28,1
1144,2026-03-31,1
1144,2026-04-30,1
1144,2026-05-31,1
1144,2026-06-30,1
1144,2026-07-31,1
1145,2024-09-30,1
1145,2024-10-31,1
1145,2024-11-30,1
1145,2024-12-31,1
1145,2025-01-31,1
1145,2025-02-28,1
1145,2025-03-31,1
1145,2025-04-30,1
1145,2025-05-31,1
1145,2025-06-30,1
1145,2025-07-31,1
1145,2025-08-31,1
1145,2025-09-30,1
1145,2025-10-31,1
1145,2025-11-30,1
1145,2025-12-31,0
1145,2026-01-31,0
1145,2026-02-28,0
1145,2026-03-31,0
1145,2026-04-30,0
1145,2026-05-31,0
1145,2026-06-30,0
1145,2026-07-31,0
1146,2024-02-29,1
1146,2024-03-31,1
1146,2024-04-30,1
1146,2024-05-31,1
1146,2024-06-30,1
1146,2024-07-31,1
1146,2024-08-31,1
1146,2024-09-30,1
1146,2024-10-31,1
1146,2024-11-30,1
1146,2024-12-31,1
1146,2025-01-31,1
1146,2025-02-28,1
1146,2025-03-31,1
1146,2025-04-30,1
1146,2025-05-31,1
1146,2025-06-30,1
1146,2025-07-31,1
1146,2025-08-31,1
1146,2025-09-30,1
1146,2025-10-31,1
1146,2025-11-30,1
1146,2025-12-31,1
1146,2026-01-31,1
1146,2026-02-28,1
1146,2026-03-31,1
1146,2026-04-30,1
1146,2026-05-31,1
1146,2026-06-30,1
1146,2026-07-31,1
1147,2025-10-31,1
1147,2025-11-30,1
1147,2025-12-31,1
1147,2026-01-31,1
1147,2026-02-28,0
1147,2026-03-31,0
1147,2026-04-30,0
1147,2026-05-31,0
1147,2026-06-30,0
1147,2026-07-31,0
1148,2025-05-31,1
1148,2025-06-30,1
1148,2025-07-31,1
1148,2025-08-31,1
1148,2025-09-30,1
1148,2025-10-31,1
1148,2025-11-30,1
1148,2025-12-31,1
1148,2026-01-31,1
1148,2026-02-28,1
1148,2026-03-31,1
1148,2026-04-30,1
1148,2026-05-31,1
1148,2026-06-30,1
1148,2026-07-31,1
1149,2024-12-31,1
1149,2025-01-31,1
1149,2025-02-28,1
1149,2025-03-31,1
1149,2025-04-30,1
1149,2025-05-31,1
1149,2025-06-30,1
1149,2025-07-31,1
1149,2025-08-31,1
1149,2025-09-30,1
1149,2025-10-31,1
1149,2025-11-30,1
1149,2025-12-31,1
1149,2026-01-31,1
1149,2026-02-28,1
1149,2026-03-31,1
1149,2026-04-30,1
1149,2026-05-31,1
1149,2026-06-30,1
1149,2026-07-31,1
1150,2025-02-28,1
1150,2025-03-31,1
1150,2025-04-30,1
1150,2025-05-31,1
1150,2025-06-30,1
1150,2025-07-31,1
1150,2025-08-31,1
1150,2025-09-30,1
1150,2025-10-31,1
1150,2025-11-30,1
1150,2025-12-31,1
1150,2026-01-31,1
1150,2026-02-28,1
1150,2026-03-31,1
1150,2026-04-30,1
1150,2026-05-31,1
1150,2026-06-30,1
1150,2026-07-31,1
1151,2026-02-28,1
1151,2026-03-31,0
1151,2026-04-30,0
1151,2026-05-31,0
1151,2026-06-30,0
1151,2026-07-31,0
1152,2026-05-31,1
1152,2026-06-30,1
1152,2026-07-31,1
1153,2024-12-31,1
1153,2025-01-31,1
1153,2025-02-28,1
1153,2025-03-31,1
1153,2025-04-30,1
1153,2025-05-31,1
1153,2025-06-30,1
1153,2025-07-31,1
1153,2025-08-31,1
1153,2025-09-30,1
1153,2025-10-31,1
1153,2025-11-30,1
1153,2025-12-31,1
1153,2026-01-31,1
1153,2026-02-28,1
1153,2026-03-31,1
1153,2026-04-30,1
1153,2026-05-31,1
1153,2026-06-30,1
1153,2026-07-31,1
1154,2025-07-31,1
1154,2025-08-31,1
1154,2025-09-30,1
1154,2025-10-31,1
1154,2025-11-30,1
1154,2025-12-31,1
1154,2026-01-31,1
1154,2026-02-28,0
1154,2026-03-31,0
1154,2026-04-30,0
1154,2026-05-31,0
1154,2026-06-30,0
1154,2026-07-31,0
1155,2026-06-30,1
1155,2026-07-31,0
1156,2024-11-30,1
1156,2024-12-31,1
1156,2025-01-31,1
1156,2025-02-28,1
1156,2025-03-31,1
1156,2025-04-30,1
1156,2025-05-31,1
1156,2025-06-30,1
1156,2025-07-31,1
1156,2025-08-31,1
1156,2025-09-30,1
1156,2025-10-31,1
1156,2025-11-30,1
1156,2025-12-31,1
1156,2026-01-31,1
1156,2026-02-28,1
1156,2026-03-31,1
1156,2026-04-30,1
1156,2026-05-31,1
1156,2026-06-30,1
1156,2026-07-31,1
1157,2024-04-30,1
1157,2024-05-31,1
1157,2024-06-30,1
1157,2024-07-31,1
1157,2024-08-31,1
1157,2024-09-30,1
1157,2024-10-31,1
1157,2024-11-30,1
1157,2024-12-31,1
1157,2025-01-31,1
1157,2025-02-28,1
1157,2025-03-31,1
1157,2025-04-30,1
1157,2025-05-31,1
1157,2025-06-30,1
1157,2025-07-31,1
1157,2025-08-31,1
1157,2025-09-30,1
1157,2025-10-31,1
1157,2025-11-30,1
1157,2025-12-31,1
1157,2026-01-31,1
1157,2026-02-28,1
1157,2026-03-31,1
1157,2026-04-30,1
1157,2026-05-31,1
1157,2026-06-30,1
1157,2026-07-31,1
1158,2025-05-31,1
1158,2025-06-30,1
1158,2025-07-31,1
1158,2025-08-31,1
1158,2025-09-30,1
1158,2025-10-31,1
1158,2025-11-30,1
1158,2025-12-31,1
1158,2026-01-31,1
1158,2026-02-28,1
1158,2026-03-31,1
1158,2026-04-30,1
1158,2026-05-31,1
1158,2026-06-30,1
1158,2026-07-31,1
1159,2025-05-31,1
1159,2025-06-30,1
1159,2025-07-31,1
1159,2025-08-31,1
1159,2025-09-30,0
1159,2025-10-31,0
1159,2025-11-30,0
1159,2025-12-31,0
1159,2026-01-31,0
1159,2026-02-28,0
1159,2026-03-31,0
1159,2026-04-30,0
1159,2026-05-31,0
1159,2026-06-30,0
1159,2026-07-31,0
1160,2026-03-31,1
1160,2026-04-30,1
1160,2026-05-31,1
1160,2026-06-30,1
1160,2026-07-31,1
1161,2025-04-30,1
1161,2025-05-31,1
1161,2025-06-30,1
1161,2025-07-31,1
1161,2025-08-31,1
1161,2025-09-30,1
1161,2025-10-31,1
1161,2025-11-30,0
1161,2025-12-31,0
1161,2026-01-31,0
1161,2026-02-28,0
1161,2026-03-31,0
1161,2026-04-30,0
1161,2026-05-31,0
1161,2026-06-30,0
1161,2026-07-31,0
1162,2025-08-31,1
1162,2025-09-30,1
1162,2025-10-31,1
1162,2025-11-30,1
1162,2025-12-31,1
1162,2026-01-31,1
1162,2026-02-28,1
1162,2026-03-31,1
1162,2026-04-30,1
1162,2026-05-31,1
1162,2026-06-30,1
1162,2026-07-31,1
1163,2024-03-31,1
1163,2024-04-30,1
1163,2024-05-31,1
1163,2024-06-30,1
1163,2024-07-31,1
1163,2024-08-31,1
1163,2024-09-30,1
1163,2024-10-31,1
1163,2024-11-30,1
1163,2024-12-31,1
1163,2025-01-31,1
1163,2025-02-28,1
1163,2025-03-31,1
1163,2025-04-30,1
1163,2025-05-31,1
1163,2025-06-30,1
1163,2025-07-31,1
1163,2025-08-31,1
1163,2025-09-30,1
1163,2025-10-31,1
1163,2025-11-30,1
1163,2025-12-31,1
1163,2026-01-31,1
1163,2026-02-28,1
1163,2026-03-31,1
1163,2026-04-30,1
1163,2026-05-31,1
1163,2026-06-30,1
1163,2026-07-31,1
1164,2024-04-30,1
1164,2024-05-31,1
1164,2024-06-30,1
1164,2024-07-31,1
1164,2024-08-31,1
1164,2024-09-30,1
1164,2024-10-31,1
1164,2024-11-30,1
1164,2024-12-31,1
1164,2025-01-31,1
1164,2025-02-28,1
1164,2025-03-31,1
1164,2025-04-30,1
1164,2025-05-31,1
1164,2025-06-30,1
1164,2025-07-31,1
1164,2025-08-31,1
1164,2025-09-30,1
1164,2025-10-31,1
1164,2025-11-30,1
1164,2025-12-31,1
1164,2026-01-31,1
1164,2026-02-28,1
1164,2026-03-31,1
1164,2026-04-30,1
1164,2026-05-31,1
1164,2026-06-30,1
1164,2026-07-31,1
1165,2025-11-30,1
1165,2025-12-31,1
1165,2026-01-31,1
1165,2026-02-28,1
1165,2026-03-31,1
1165,2026-04-30,1
1165,2026-05-31,0
1165,2026-06-30,0
1165,2026-07-31,0
1166,2024-07-31,1
1166,2024-08-31,1
1166,2024-09-30,1
1166,2024-10-31,1
1166,2024-11-30,1
1166,2024-12-31,1
1166,2025-01-31,1
1166,2025-02-28,1
1166,2025-03-31,1
1166,2025-04-30,1
1166,2025-05-31,1
1166,2025-06-30,1
1166,2025-07-31,1
1166,2025-08-31,1
1166,2025-09-30,1
1166,2025-10-31,1
1166,2025-11-30,1
1166,2025-12-31,1
1166,2026-01-31,1
1166,2026-02-28,1
1166,2026-03-31,1
1166,2026-04-30,1
1166,2026-05-31,1
1166,2026-06-30,1
1166,2026-07-31,1
1167,2024-01-31,1
1167,2024-02-29,1
1167,2024-03-31,1
1167,2024-04-30,1
1167,2024-05-31,1
1167,2024-06-30,1
1167,2024-07-31,1
1167,2024-08-31,1
1167,2024-09-30,1
1167,2024-10-31,1
1167,2024-11-30,1
1167,2024-12-31,1
1167,2025-01-31,1
1167,2025-02-28,1
1167,2025-03-31,1
1167,2025-04-30,1
1167,2025-05-31,1
1167,2025-06-30,1
1167,2025-07-31,1
1167,2025-08-31,1
1167,2025-09-30,1
1167,2025-10-31,1
1167,2025-11-30,1
1167,2025-12-31,1
1167,2026-01-31,1
1167,2026-02-28,1
1167,2026-03-31,1
1167,2026-04-30,1
1167,2026-05-31,1
1167,2026-06-30,1
1167,2026-07-31,1
1168,2024-01-31,1
1168,2024-02-29,1
1168,2024-03-31,1
1168,2024-04-30,1
1168,2024-05-31,1
1168,2024-06-30,1
1168,2024-07-31,1
1168,2024-08-31,1
1168,2024-09-30,1
1168,2024-10-31,1
1168,2024-11-30,1
1168,2024-12-31,1
1168,2025-01-31,1
1168,2025-02-28,1
1168,2025-03-31,1
1168,2025-04-30,1
1168,2025-05-31,1
1168,2025-06-30,1
1168,2025-07-31,1
1168,2025-08-31,1
1168,2025-09-30,1
1168,2025-10-31,1
1168,2025-11-30,1
1168,2025-12-31,1
1168,2026-01-31,1
1168,2026-02-28,1
1168,2026-03-31,1
1168,2026-04-30,1
1168,2026-05-31,1
1168,2026-06-30,1
1168,2026-07-31,1
1169,2026-05-31,1
1169,2026-06-30,0
1169,2026-07-31,0
1170,2024-03-31,1
1170,2024-04-30,1
1170,2024-05-31,0
1170,2024-06-30,0
1170,2024-07-31,0
1170,2024-08-31,0
1170,2024-09-30,0
1170,2024-10-31,0
1170,2024-11-30,0
1170,2024-12-31,0
1170,2025-01-31,0
1170,2025-02-28,0
1170,2025-03-31,0
1170,2025-04-30,0
1170,2025-05-31,0
1170,2025-06-30,0
1170,2025-07-31,0
1170,2025-08-31,0
1170,2025-09-30,0
1170,2025-10-31,0
1170,2025-11-30,0
1170,2025-12-31,0
1170,2026-01-31,0
1170,2026-02-28,0
1170,2026-03-31,0
1170,2026-04-30,0
1170,2026-05-31,0
1170,2026-06-30,0
1170,2026-07-31,0
1171,2024-08-31,1
1171,2024-09-30,1
1171,2024-10-31,1
1171,2024-11-30,1
1171,2024-12-31,1
1171,2025-01-31,1
1171,2025-02-28,1
1171,2025-03-31,0
1171,2025-04-30,0
1171,2025-05-31,0
1171,2025-06-30,0
1171,2025-07-31,0
1171,2025-08-31,0
1171,2025-09-30,0
1171,2025-10-31,0
1171,2025-11-30,0
1171,2025-12-31,0
1171,2026-01-31,0
1171,2026-02-28,0
1171,2026-03-31,0
1171,2026-04-30,0
1171,2026-05-31,0
1171,2026-06-30,0
1171,2026-07-31,0
1172,2026-02-28,1
1172,2026-03-31,1
1172,2026-04-30,1
1172,2026-05-31,1
1172,2026-06-30,1
1172,2026-07-31,0
1173,2024-06-30,1
1173,2024-07-31,1
1173,2024-08-31,1
1173,2024-09-30,1
1173,2024-10-31,1
1173,2024-11-30,1
1173,2024-12-31,1
1173,2025-01-31,1
1173,2025-02-28,1
1173,2025-03-31,1
1173,2025-04-30,1
1173,2025-05-31,1
1173,2025-06-30,1
1173,2025-07-31,1
1173,2025-08-31,1
1173,2025-09-30,1
1173,2025-10-31,1
1173,2025-11-30,1
1173,2025-12-31,1
1173,2026-01-31,1
1173,2026-02-28,1
1173,2026-03-31,1
1173,2026-04-30,1
1173,2026-05-31,1
1173,2026-06-30,1
1173,2026-07-31,1
1174,2026-02-28,1
1174,2026-03-31,1
1174,2026-04-30,1
1174,2026-05-31,1
1174,2026-06-30,1
1174,2026-07-31,1
1175,2026-05-31,1
1175,2026-06-30,0
1175,2026-07-31,0
1176,2025-08-31,1
1176,2025-09-30,1
1176,2025-10-31,1
1176,2025-11-30,1
1176,2025-12-31,1
1176,2026-01-31,1
1176,2026-02-28,1
1176,2026-03-31,0
1176,2026-04-30,0
1176,2026-05-31,0
1176,2026-06-30,0
1176,2026-07-31,0
1177,2025-12-31,1
1177,2026-01-31,1
1177,2026-02-28,0
1177,2026-03-31,0
1177,2026-04-30,0
1177,2026-05-31,0
1177,2026-06-30,0
1177,2026-07-31,0
1178,2024-12-31,1
1178,2025-01-31,1
1178,2025-02-28,1
1178,2025-03-31,1
1178,2025-04-30,1
1178,2025-05-31,1
1178,2025-06-30,1
1178,2025-07-31,1
1178,2025-08-31,1
1178,2025-09-30,1
1178,2025-10-31,1
1178,2025-11-30,1
1178,2025-12-31,1
1178,2026-01-31,1
1178,2026-02-28,1
1178,2026-03-31,1
1178,2026-04-30,1
1178,2026-05-31,1
1178,2026-06-30,1
1178,2026-07-31,1
1179,2025-06-30,1
1179,2025-07-31,1
1179,2025-08-31,1
1179,2025-09-30,1
1179,2025-10-31,1
1179,2025-11-30,1
1179,2025-12-31,1
1179,2026-01-31,1
1179,2026-02-28,1
1179,2026-03-31,1
1179,2026-04-30,1
1179,2026-05-31,1
1179,2026-06-30,1
1179,2026-07-31,1
1180,2024-10-31,1
1180,2024-11-30,1
1180,2024-12-31,1
1180,2025-01-31,1
1180,2025-02-28,1
1180,2025-03-31,1
1180,2025-04-30,1
1180,2025-05-31,1
1180,2025-06-30,1
1180,2025-07-31,1
1180,2025-08-31,1
1180,2025-09-30,1
1180,2025-10-31,1
1180,2025-11-30,1
1180,2025-12-31,1
1180,2026-01-31,1
1180,2026-02-28,1
1180,2026-03-31,1
1180,2026-04-30,1
1180,2026-05-31,1
1180,2026-06-30,1
1180,2026-07-31,1
1181,2024-08-31,1
1181,2024-09-30,1
1181,2024-10-31,1
1181,2024-11-30,1
1181,2024-12-31,1
1181,2025-01-31,1
1181,2025-02-28,1
1181,2025-03-31,1
1181,2025-04-30,1
1181,2025-05-31,1
1181,2025-06-30,1
1181,2025-07-31,1
1181,2025-08-31,1
1181,2025-09-30,1
1181,2025-10-31,1
1181,2025-11-30,1
1181,2025-12-31,1
1181,2026-01-31,1
1181,2026-02-28,1
1181,2026-03-31,1
1181,2026-04-30,1
1181,2026-05-31,1
1181,2026-06-30,1
1181,2026-07-31,1
1182,2026-03-31,1
1182,2026-04-30,1
1182,2026-05-31,1
1182,2026-06-30,1
1182,2026-07-31,0
1183,2026-05-31,1
1183,2026-06-30,1
1183,2026-07-31,0
1184,2025-11-30,1
1184,2025-12-31,1
1184,2026-01-31,0
1184,2026-02-28,0
1184,2026-03-31,0
1184,2026-04-30,0
1184,2026-05-31,0
1184,2026-06-30,0
1184,2026-07-31,0
1185,2024-09-30,1
1185,2024-10-31,1
1185,2024-11-30,1
1185,2024-12-31,1
1185,2025-01-31,1
1185,2025-02-28,1
1185,2025-03-31,1
1185,2025-04-30,1
1185,2025-05-31,1
1185,2025-06-30,1
1185,2025-07-31,1
1185,2025-08-31,1
1185,2025-09-30,1
1185,2025-10-31,1
1185,2025-11-30,1
1185,2025-12-31,1
1185,2026-01-31,1
1185,2026-02-28,1
1185,2026-03-31,1
1185,2026-04-30,1
1185,2026-05-31,1
1185,2026-06-30,1
1185,2026-07-31,1
1186,2024-04-30,1
1186,2024-05-31,1
1186,2024-06-30,1
1186,2024-07-31,1
1186,2024-08-31,1
1186,2024-09-30,1
1186,2024-10-31,1
1186,2024-11-30,1
1186,2024-12-31,1
1186,2025-01-31,1
1186,2025-02-28,1
1186,2025-03-31,1
1186,2025-04-30,1
1186,2025-05-31,1
1186,2025-06-30,1
1186,2025-07-31,1
1186,2025-08-31,1
1186,2025-09-30,1
1186,2025-10-31,1
1186,2025-11-30,1
1186,2025-12-31,1
1186,2026-01-31,1
1186,2026-02-28,1
1186,2026-03-31,1
1186,2026-04-30,1
1186,2026-05-31,1
1186,2026-06-30,0
1186,2026-07-31,0
1187,2025-03-31,1
1187,2025-04-30,1
1187,2025-05-31,1
1187,2025-06-30,1
1187,2025-07-31,1
1187,2025-08-31,1
1187,2025-09-30,1
1187,2025-10-31,1
1187,2025-11-30,1
1187,2025-12-31,1
1187,2026-01-31,1
1187,2026-02-28,1
1187,2026-03-31,1
1187,2026-04-30,1
1187,2026-05-31,0
1187,2026-06-30,0
1187,2026-07-31,0
1188,2024-06-30,1
1188,2024-07-31,1
1188,2024-08-31,1
1188,2024-09-30,1
1188,2024-10-31,1
1188,2024-11-30,1
1188,2024-12-31,1
1188,2025-01-31,1
1188,2025-02-28,1
1188,2025-03-31,1
1188,2025-04-30,1
1188,2025-05-31,1
1188,2025-06-30,1
1188,2025-07-31,1
1188,2025-08-31,1
1188,2025-09-30,1
1188,2025-10-31,1
1188,2025-11-30,1
1188,2025-12-31,1
1188,2026-01-31,1
1188,2026-02-28,1
1188,2026-03-31,1
1188,2026-04-30,1
1188,2026-05-31,1
1188,2026-06-30,1
1188,2026-07-31,1
1189,2025-11-30,1
1189,2025-12-31,1
1189,2026-01-31,1
1189,2026-02-28,1
1189,2026-03-31,1
1189,2026-04-30,1
1189,2026-05-31,1
1189,2026-06-30,1
1189,2026-07-31,1
1190,2024-03-31,1
1190,2024-04-30,1
1190,2024-05-31,1
1190,2024-06-30,1
1190,2024-07-31,1
1190,2024-08-31,1
1190,2024-09-30,1
1190,2024-10-31,1
1190,2024-11-30,1
1190,2024-12-31,1
1190,2025-01-31,1
1190,2025-02-28,1
1190,2025-03-31,1
1190,2025-04-30,1
1190,2025-05-31,1
1190,2025-06-30,1
1190,2025-07-31,1
1190,2025-08-31,1
1190,2025-09-30,1
1190,2025-10-31,1
1190,2025-11-30,1
1190,2025-12-31,1
1190,2026-01-31,1
1190,2026-02-28,1
1190,2026-03-31,1
1190,2026-04-30,1
1190,2026-05-31,1
1190,2026-06-30,1
1190,2026-07-31,1
1191,2024-03-31,1
1191,2024-04-30,1
1191,2024-05-31,1
1191,2024-06-30,1
1191,2024-07-31,1
1191,2024-08-31,1
1191,2024-09-30,1
1191,2024-10-31,1
1191,2024-11-30,1
1191,2024-12-31,1
1191,2025-01-31,1
1191,2025-02-28,1
1191,2025-03-31,1
1191,2025-04-30,1
1191,2025-05-31,1
1191,2025-06-30,1
1191,2025-07-31,1
1191,2025-08-31,1
1191,2025-09-30,1
1191,2025-10-31,1
1191,2025-11-30,1
1191,2025-12-31,1
1191,2026-01-31,1
1191,2026-02-28,1
1191,2026-03-31,1
1191,2026-04-30,1
1191,2026-05-31,1
1191,2026-06-30,1
1191,2026-07-31,1
1192,2024-08-31,1
1192,2024-09-30,1
1192,2024-10-31,1
1192,2024-11-30,1
1192,2024-12-31,1
1192,2025-01-31,1
1192,2025-02-28,1
1192,2025-03-31,1
1192,2025-04-30,1
1192,2025-05-31,1
1192,2025-06-30,1
1192,2025-07-31,1
1192,2025-08-31,1
1192,2025-09-30,1
1192,2025-10-31,1
1192,2025-11-30,1
1192,2025-12-31,1
1192,2026-01-31,1
1192,2026-02-28,1
1192,2026-03-31,1
1192,2026-04-30,1
1192,2026-05-31,1
1192,2026-06-30,1
1192,2026-07-31,1
1193,2024-06-30,1
1193,2024-07-31,1
1193,2024-08-31,1
1193,2024-09-30,1
1193,2024-10-31,1
1193,2024-11-30,1
1193,2024-12-31,1
1193,2025-01-31,1
1193,2025-02-28,1
1193,2025-03-31,1
1193,2025-04-30,1
1193,2025-05-31,1
1193,2025-06-30,1
1193,2025-07-31,1
1193,2025-08-31,1
1193,2025-09-30,1
1193,2025-10-31,1
1193,2025-11-30,1
1193,2025-12-31,1
1193,2026-01-31,1
1193,2026-02-28,1
1193,2026-03-31,1
1193,2026-04-30,1
1193,2026-05-31,1
1193,2026-06-30,1
1193,2026-07-31,1
1194,2025-05-31,1
1194,2025-06-30,1
1194,2025-07-31,1
1194,2025-08-31,1
1194,2025-09-30,1
1194,2025-10-31,1
1194,2025-11-30,1
1194,2025-12-31,1
1194,2026-01-31,1
1194,2026-02-28,1
1194,2026-03-31,1
1194,2026-04-30,1
1194,2026-05-31,1
1194,2026-06-30,1
1194,2026-07-31,1
1195,2024-09-30,1
1195,2024-10-31,1
1195,2024-11-30,1
1195,2024-12-31,1
1195,2025-01-31,1
1195,2025-02-28,1
1195,2025-03-31,1
1195,2025-04-30,1
1195,2025-05-31,1
1195,2025-06-30,1
1195,2025-07-31,1
1195,2025-08-31,1
1195,2025-09-30,1
1195,2025-10-31,1
1195,2025-11-30,1
1195,2025-12-31,1
1195,2026-01-31,1
1195,2026-02-28,1
1195,2026-03-31,1
1195,2026-04-30,1
1195,2026-05-31,1
1195,2026-06-30,1
1195,2026-07-31,1
1196,2026-05-31,1
1196,2026-06-30,1
1196,2026-07-31,0
1197,2024-10-31,1
1197,2024-11-30,1
1197,2024-12-31,1
1197,2025-01-31,1
1197,2025-02-28,1
1197,2025-03-31,1
1197,2025-04-30,1
1197,2025-05-31,1
1197,2025-06-30,1
1197,2025-07-31,1
1197,2025-08-31,1
1197,2025-09-30,1
1197,2025-10-31,1
1197,2025-11-30,0
1197,2025-12-31,0
1197,2026-01-31,0
1197,2026-02-28,0
1197,2026-03-31,0
1197,2026-04-30,0
1197,2026-05-31,0
1197,2026-06-30,0
1197,2026-07-31,0
1198,2025-10-31,1
1198,2025-11-30,1
1198,2025-12-31,1
1198,2026-01-31,0
1198,2026-02-28,0
1198,2026-03-31,0
1198,2026-04-30,0
1198,2026-05-31,0
1198,2026-06-30,0
1198,2026-07-31,0
1199,2024-12-31,1
1199,2025-01-31,1
1199,2025-02-28,1
1199,2025-03-31,1
1199,2025-04-30,1
1199,2025-05-31,1
1199,2025-06-30,1
1199,2025-07-31,1
1199,2025-08-31,1
1199,2025-09-30,1
1199,2025-10-31,1
1199,2025-11-30,1
1199,2025-12-31,1
1199,2026-01-31,1
1199,2026-02-28,1
1199,2026-03-31,1
1199,2026-04-30,1
1199,2026-05-31,1
1199,2026-06-30,1
1199,2026-07-31,1
1200,2026-03-31,1
1200,2026-04-30,1
1200,2026-05-31,0
1200,2026-06-30,0
1200,2026-07-31,0
