payment_id,member_id,billing_month,amount,payment_status
1,1,2024-07-01,45.0,Paid
2,1,2024-08-01,45.0,Paid
3,1,2024-09-01,45.0,Paid
4,1,2024-10-01,45.0,Paid
5,1,2024-11-01,45.0,Paid
6,1,2024-12-01,45.0,Paid
7,1,2025-01-01,45.0,Paid
8,1,2025-02-01,45.0,Paid
9,1,2025-03-01,45.0,Paid
10,1,2025-04-01,45.0,Paid
11,1,2025-05-01,45.0,Paid
12,1,2025-06-01,45.0,Paid
13,1,2025-07-01,45.0,Paid
14,1,2025-08-01,45.0,Paid
15,1,2025-09-01,45.0,Paid
16,1,2025-10-01,45.0,Paid
17,1,2025-11-01,45.0,Paid
18,1,2025-12-01,45.0,Paid
19,1,2026-01-01,45.0,Paid
20,1,2026-02-01,45.0,Paid
21,1,2026-03-01,45.0,Paid
22,1,2026-04-01,45.0,Paid
23,1,2026-05-01,45.0,Paid
24,1,2026-06-01,45.0,Paid
25,1,2026-07-01,45.0,Paid
26,2,2025-11-01,56.0,Paid
27,2,2025-12-01,56.0,Paid
28,2,2026-01-01,56.0,Paid
29,2,2026-02-01,56.0,Paid
30,2,2026-03-01,56.0,Paid
31,2,2026-04-01,56.0,Paid
32,2,2026-05-01,56.0,Paid
33,2,2026-06-01,56.0,Paid
34,2,2026-07-01,56.0,Paid
35,3,2024-03-01,45.0,Paid
36,3,2024-04-01,45.0,Paid
37,3,2024-05-01,45.0,Paid
38,3,2024-06-01,45.0,Paid
39,3,2024-07-01,45.0,Paid
40,3,2024-08-01,45.0,Paid
41,3,2024-09-01,45.0,Paid
42,3,2024-10-01,45.0,Paid
43,3,2024-11-01,45.0,Paid
44,3,2024-12-01,45.0,Paid
45,3,2025-01-01,45.0,Failed
46,3,2025-02-01,45.0,Paid
47,3,2025-03-01,45.0,Paid
48,3,2025-04-01,45.0,Paid
49,3,2025-05-01,45.0,Paid
50,3,2025-06-01,45.0,Paid
51,3,2025-07-01,45.0,Paid
52,3,2025-08-01,45.0,Paid
53,3,2025-09-01,45.0,Paid
54,3,2025-10-01,45.0,Paid
55,3,2025-11-01,45.0,Paid
56,3,2025-12-01,45.0,Paid
57,3,2026-01-01,45.0,Paid
58,3,2026-02-01,45.0,Paid
59,4,2024-01-01,56.0,Paid
60,4,2024-02-01,56.0,Paid
61,4,2024-03-01,56.0,Paid
62,4,2024-04-01,56.0,Paid
63,4,2024-05-01,56.0,Paid
64,4,2024-06-01,56.0,Paid
65,4,2024-07-01,56.0,Paid
66,4,2024-08-01,56.0,Paid
67,4,2024-09-01,56.0,Paid
68,4,2024-10-01,56.0,Paid
69,4,2024-11-01,56.0,Paid
70,4,2024-12-01,56.0,Paid
71,4,2025-01-01,56.0,Paid
72,4,2025-02-01,56.0,Paid
73,4,2025-03-01,56.0,Paid
74,4,2025-04-01,56.0,Paid
75,4,2025-05-01,56.0,Paid
76,4,2025-06-01,56.0,Paid
77,4,2025-07-01,56.0,Paid
78,4,2025-08-01,56.0,Paid
79,4,2025-09-01,56.0,Paid
80,4,2025-10-01,56.0,Paid
81,4,2025-11-01,56.0,Paid
82,4,2025-12-01,56.0,Paid
83,4,2026-01-01,56.0,Paid
84,4,2026-02-01,56.0,Paid
85,4,2026-03-01,56.0,Paid
86,4,2026-04-01,56.0,Paid
87,4,2026-05-01,56.0,Paid
88,4,2026-06-01,56.0,Paid
89,4,2026-07-01,56.0,Paid
90,5,2024-04-01,64.0,Paid
91,5,2024-05-01,64.0,Paid
92,5,2024-06-01,64.0,Paid
93,5,2024-07-01,64.0,Paid
94,5,2024-08-01,64.0,Paid
95,5,2024-09-01,64.0,Failed
96,5,2024-10-01,64.0,Paid
97,5,2024-11-01,64.0,Paid
98,5,2024-12-01,64.0,Paid
99,5,2025-01-01,64.0,Paid
100,5,2025-02-01,64.0,Paid
101,5,2025-03-01,64.0,Failed
102,5,2025-04-01,64.0,Paid
103,5,2025-05-01,64.0,Paid
104,5,2025-06-01,64.0,Paid
105,5,2025-07-01,64.0,Paid
106,5,2025-08-01,64.0,Paid
107,5,2025-09-01,64.0,Paid
108,5,2025-10-01,64.0,Paid
109,5,2025-11-01,64.0,Paid
110,5,2025-12-01,64.0,Paid
111,5,2026-01-01,64.0,Paid
112,5,2026-02-01,64.0,Paid
113,5,2026-03-01,64.0,Paid
114,5,2026-04-01,64.0,Paid
115,5,2026-05-01,64.0,Failed
116,5,2026-06-01,64.0,Paid
117,5,2026-07-01,64.0,Paid
118,6,2024-08-01,45.0,Paid
119,6,2024-09-01,45.0,Paid
120,6,2024-10-01,45.0,Paid
121,6,2024-11-01,45.0,Paid
122,6,2024-12-01,45.0,Paid
123,6,2025-01-01,45.0,Paid
124,6,2025-02-01,45.0,Paid
125,6,2025-03-01,45.0,Paid
126,6,2025-04-01,45.0,Paid
127,6,2025-05-01,45.0,Paid
128,6,2025-06-01,45.0,Paid
129,6,2025-07-01,45.0,Paid
130,6,2025-08-01,45.0,Paid
131,6,2025-09-01,45.0,Paid
132,6,2025-10-01,45.0,Paid
133,6,2025-11-01,45.0,Paid
134,6,2025-12-01,45.0,Paid
135,6,2026-01-01,45.0,Paid
136,6,2026-02-01,45.0,Paid
137,6,2026-03-01,45.0,Paid
138,6,2026-04-01,45.0,Paid
139,6,2026-05-01,45.0,Paid
140,6,2026-06-01,45.0,Paid
141,6,2026-07-01,45.0,Paid
142,7,2024-01-01,64.0,Paid
143,7,2024-02-01,64.0,Paid
144,7,2024-03-01,64.0,Paid
145,7,2024-04-01,64.0,Paid
146,7,2024-05-01,64.0,Paid
147,7,2024-06-01,64.0,Paid
148,7,2024-07-01,64.0,Paid
149,7,2024-08-01,64.0,Failed
150,7,2024-09-01,64.0,Paid
151,7,2024-10-01,64.0,Paid
152,7,2024-11-01,64.0,Paid
153,7,2024-12-01,64.0,Paid
154,7,2025-01-01,64.0,Paid
155,7,2025-02-01,64.0,Paid
156,7,2025-03-01,64.0,Paid
157,7,2025-04-01,64.0,Paid
158,7,2025-05-01,64.0,Paid
159,7,2025-06-01,64.0,Paid
160,7,2025-07-01,64.0,Paid
161,7,2025-08-01,64.0,Paid
162,7,2025-09-01,64.0,Paid
163,7,2025-10-01,64.0,Paid
164,7,2025-11-01,64.0,Paid
165,7,2025-12-01,64.0,Paid
166,7,2026-01-01,64.0,Paid
167,7,2026-02-01,64.0,Paid
168,7,2026-03-01,64.0,Paid
169,7,2026-04-01,64.0,Paid
170,7,2026-05-01,64.0,Paid
171,7,2026-06-01,64.0,Paid
172,7,2026-07-01,64.0,Paid
173,8,2024-10-01,64.0,Paid
174,8,2024-11-01,64.0,Failed
175,8,2024-12-01,64.0,Paid
176,8,2025-01-01,64.0,Paid
177,8,2025-02-01,64.0,Paid
178,8,2025-03-01,64.0,Paid
179,8,2025-04-01,64.0,Paid
180,8,2025-05-01,64.0,Paid
181,8,2025-06-01,64.0,Paid
182,8,2025-07-01,64.0,Paid
183,8,2025-08-01,64.0,Paid
184,8,2025-09-01,64.0,Paid
185,8,2025-10-01,64.0,Paid
186,8,2025-11-01,64.0,Paid
187,8,2025-12-01,64.0,Paid
188,8,2026-01-01,64.0,Paid
189,8,2026-02-01,64.0,Paid
190,9,2025-08-01,64.0,Paid
191,9,2025-09-01,64.0,Paid
192,9,2025-10-01,64.0,Paid
193,9,2025-11-01,64.0,Paid
194,9,2025-12-01,64.0,Failed
195,9,2026-01-01,64.0,Paid
196,9,2026-02-01,64.0,Paid
197,9,2026-03-01,64.0,Paid
198,9,2026-04-01,64.0,Paid
199,9,2026-05-01,64.0,Paid
200,9,2026-06-01,64.0,Paid
201,9,2026-07-01,64.0,Failed
202,10,2026-06-01,64.0,Paid
203,10,2026-07-01,64.0,Paid
204,11,2024-07-01,64.0,Paid
205,11,2024-08-01,64.0,Paid
206,11,2024-09-01,64.0,Paid
207,11,2024-10-01,64.0,Failed
208,11,2024-11-01,64.0,Paid
209,12,2024-12-01,64.0,Paid
210,12,2025-01-01,64.0,Paid
211,12,2025-02-01,64.0,Paid
212,12,2025-03-01,64.0,Paid
213,12,2025-04-01,64.0,Paid
214,12,2025-05-01,64.0,Paid
215,12,2025-06-01,64.0,Paid
216,12,2025-07-01,64.0,Paid
217,12,2025-08-01,64.0,Paid
218,12,2025-09-01,64.0,Paid
219,12,2025-10-01,64.0,Paid
220,12,2025-11-01,64.0,Paid
221,12,2025-12-01,64.0,Failed
222,12,2026-01-01,64.0,Paid
223,12,2026-02-01,64.0,Paid
224,12,2026-03-01,64.0,Paid
225,12,2026-04-01,64.0,Paid
226,13,2024-04-01,39.0,Paid
227,13,2024-05-01,39.0,Paid
228,13,2024-06-01,39.0,Paid
229,13,2024-07-01,39.0,Paid
230,13,2024-08-01,39.0,Paid
231,13,2024-09-01,39.0,Paid
232,13,2024-10-01,39.0,Paid
233,13,2024-11-01,39.0,Paid
234,13,2024-12-01,39.0,Paid
235,13,2025-01-01,39.0,Paid
236,13,2025-02-01,39.0,Paid
237,13,2025-03-01,39.0,Paid
238,13,2025-04-01,39.0,Paid
239,13,2025-05-01,39.0,Paid
240,13,2025-06-01,39.0,Paid
241,13,2025-07-01,39.0,Paid
242,13,2025-08-01,39.0,Paid
243,13,2025-09-01,39.0,Paid
244,13,2025-10-01,39.0,Paid
245,13,2025-11-01,39.0,Paid
246,13,2025-12-01,39.0,Paid
247,13,2026-01-01,39.0,Paid
248,13,2026-02-01,39.0,Paid
249,13,2026-03-01,39.0,Paid
250,13,2026-04-01,39.0,Paid
251,13,2026-05-01,39.0,Paid
252,13,2026-06-01,39.0,Paid
253,13,2026-07-01,39.0,Paid
254,14,2025-08-01,64.0,Paid
255,14,2025-09-01,64.0,Paid
256,14,2025-10-01,64.0,Paid
257,14,2025-11-01,64.0,Paid
258,14,2025-12-01,64.0,Paid
259,14,2026-01-01,64.0,Paid
260,14,2026-02-01,64.0,Paid
261,14,2026-03-01,64.0,Paid
262,14,2026-04-01,64.0,Paid
263,14,2026-05-01,64.0,Paid
264,14,2026-06-01,64.0,Paid
265,14,2026-07-01,64.0,Paid
266,15,2025-04-01,64.0,Paid
267,15,2025-05-01,64.0,Paid
268,15,2025-06-01,64.0,Paid
269,15,2025-07-01,64.0,Paid
270,15,2025-08-01,64.0,Paid
271,15,2025-09-01,64.0,Paid
272,15,2025-10-01,64.0,Paid
273,15,2025-11-01,64.0,Paid
274,15,2025-12-01,64.0,Paid
275,15,2026-01-01,64.0,Paid
276,15,2026-02-01,64.0,Paid
277,15,2026-03-01,64.0,Failed
278,15,2026-04-01,64.0,Paid
279,15,2026-05-01,64.0,Paid
280,15,2026-06-01,64.0,Paid
281,15,2026-07-01,64.0,Failed
282,16,2024-08-01,64.0,Paid
283,16,2024-09-01,64.0,Paid
284,16,2024-10-01,64.0,Paid
285,16,2024-11-01,64.0,Paid
286,16,2024-12-01,64.0,Paid
287,16,2025-01-01,64.0,Paid
288,16,2025-02-01,64.0,Paid
289,16,2025-03-01,64.0,Paid
290,16,2025-04-01,64.0,Paid
291,16,2025-05-01,64.0,Paid
292,16,2025-06-01,64.0,Paid
293,16,2025-07-01,64.0,Paid
294,16,2025-08-01,64.0,Paid
295,16,2025-09-01,64.0,Paid
296,16,2025-10-01,64.0,Paid
297,16,2025-11-01,64.0,Failed
298,16,2025-12-01,64.0,Paid
299,16,2026-01-01,64.0,Paid
300,16,2026-02-01,64.0,Paid
301,16,2026-03-01,64.0,Failed
302,16,2026-04-01,64.0,Paid
303,16,2026-05-01,64.0,Paid
304,16,2026-06-01,64.0,Paid
305,16,2026-07-01,64.0,Failed
306,17,2024-08-01,64.0,Paid
307,17,2024-09-01,64.0,Paid
308,17,2024-10-01,64.0,Paid
309,17,2024-11-01,64.0,Paid
310,17,2024-12-01,64.0,Paid
311,17,2025-01-01,64.0,Paid
312,17,2025-02-01,64.0,Paid
313,17,2025-03-01,64.0,Paid
314,17,2025-04-01,64.0,Failed
315,17,2025-05-01,64.0,Paid
316,17,2025-06-01,64.0,Paid
317,17,2025-07-01,64.0,Paid
318,17,2025-08-01,64.0,Paid
319,17,2025-09-01,64.0,Paid
320,17,2025-10-01,64.0,Paid
321,17,2025-11-01,64.0,Failed
322,17,2025-12-01,64.0,Paid
323,17,2026-01-01,64.0,Paid
324,17,2026-02-01,64.0,Paid
325,17,2026-03-01,64.0,Paid
326,18,2026-05-01,45.0,Paid
327,18,2026-06-01,45.0,Paid
328,18,2026-07-01,45.0,Paid
329,19,2026-02-01,45.0,Paid
330,19,2026-03-01,45.0,Paid
331,19,2026-04-01,45.0,Paid
332,19,2026-05-01,45.0,Paid
333,19,2026-06-01,45.0,Paid
334,19,2026-07-01,45.0,Paid
335,20,2026-06-01,39.0,Paid
336,20,2026-07-01,39.0,Paid
337,21,2025-07-01,64.0,Paid
338,21,2025-08-01,64.0,Paid
339,21,2025-09-01,64.0,Paid
340,21,2025-10-01,64.0,Failed
341,21,2025-11-01,64.0,Paid
342,21,2025-12-01,64.0,Paid
343,21,2026-01-01,64.0,Paid
344,21,2026-02-01,64.0,Paid
345,21,2026-03-01,64.0,Paid
346,21,2026-04-01,64.0,Paid
347,21,2026-05-01,64.0,Paid
348,21,2026-06-01,64.0,Paid
349,21,2026-07-01,64.0,Paid
350,22,2026-03-01,39.0,Paid
351,22,2026-04-01,39.0,Paid
352,22,2026-05-01,39.0,Paid
353,22,2026-06-01,39.0,Paid
354,22,2026-07-01,39.0,Paid
355,23,2026-06-01,64.0,Paid
356,23,2026-07-01,64.0,Paid
357,24,2025-10-01,64.0,Paid
358,24,2025-11-01,64.0,Paid
359,24,2025-12-01,64.0,Paid
360,24,2026-01-01,64.0,Paid
361,24,2026-02-01,64.0,Paid
362,24,2026-03-01,64.0,Paid
363,24,2026-04-01,64.0,Paid
364,24,2026-05-01,64.0,Paid
365,24,2026-06-01,64.0,Paid
366,24,2026-07-01,64.0,Paid
367,25,2025-02-01,39.0,Paid
368,25,2025-03-01,39.0,Failed
369,25,2025-04-01,39.0,Paid
370,25,2025-05-01,39.0,Paid
371,25,2025-06-01,39.0,Paid
372,26,2024-06-01,64.0,Failed
373,26,2024-07-01,64.0,Paid
374,26,2024-08-01,64.0,Paid
375,26,2024-09-01,64.0,Paid
376,26,2024-10-01,64.0,Paid
377,26,2024-11-01,64.0,Paid
378,26,2024-12-01,64.0,Paid
379,26,2025-01-01,64.0,Failed
380,26,2025-02-01,64.0,Paid
381,26,2025-03-01,64.0,Paid
382,26,2025-04-01,64.0,Paid
383,26,2025-05-01,64.0,Paid
384,26,2025-06-01,64.0,Paid
385,26,2025-07-01,64.0,Paid
386,26,2025-08-01,64.0,Paid
387,26,2025-09-01,64.0,Paid
388,26,2025-10-01,64.0,Failed
389,26,2025-11-01,64.0,Paid
390,26,2025-12-01,64.0,Paid
391,26,2026-01-01,64.0,Paid
392,26,2026-02-01,64.0,Paid
393,26,2026-03-01,64.0,Paid
394,26,2026-04-01,64.0,Paid
395,26,2026-05-01,64.0,Paid
396,26,2026-06-01,64.0,Paid
397,26,2026-07-01,64.0,Paid
398,27,2024-06-01,45.0,Paid
399,27,2024-07-01,45.0,Paid
400,27,2024-08-01,45.0,Failed
401,27,2024-09-01,45.0,Paid
402,27,2024-10-01,45.0,Paid
403,27,2024-11-01,45.0,Paid
404,27,2024-12-01,45.0,Paid
405,27,2025-01-01,45.0,Paid
406,27,2025-02-01,45.0,Paid
407,27,2025-03-01,45.0,Paid
408,27,2025-04-01,45.0,Paid
409,27,2025-05-01,45.0,Paid
410,27,2025-06-01,45.0,Paid
411,27,2025-07-01,45.0,Paid
412,27,2025-08-01,45.0,Paid
413,27,2025-09-01,45.0,Paid
414,27,2025-10-01,45.0,Paid
415,27,2025-11-01,45.0,Paid
416,27,2025-12-01,45.0,Paid
417,27,2026-01-01,45.0,Paid
418,27,2026-02-01,45.0,Paid
419,27,2026-03-01,45.0,Paid
420,27,2026-04-01,45.0,Paid
421,27,2026-05-01,45.0,Paid
422,27,2026-06-01,45.0,Paid
423,27,2026-07-01,45.0,Paid
424,28,2025-05-01,64.0,Paid
425,28,2025-06-01,64.0,Paid
426,28,2025-07-01,64.0,Paid
427,28,2025-08-01,64.0,Paid
428,28,2025-09-01,64.0,Paid
429,28,2025-10-01,64.0,Paid
430,28,2025-11-01,64.0,Paid
431,28,2025-12-01,64.0,Paid
432,28,2026-01-01,64.0,Paid
433,28,2026-02-01,64.0,Paid
434,28,2026-03-01,64.0,Paid
435,28,2026-04-01,64.0,Paid
436,29,2025-10-01,45.0,Paid
437,29,2025-11-01,45.0,Paid
438,29,2025-12-01,45.0,Paid
439,29,2026-01-01,45.0,Paid
440,29,2026-02-01,45.0,Paid
441,29,2026-03-01,45.0,Paid
442,29,2026-04-01,45.0,Paid
443,29,2026-05-01,45.0,Paid
444,29,2026-06-01,45.0,Paid
445,29,2026-07-01,45.0,Paid
446,30,2026-01-01,64.0,Paid
447,30,2026-02-01,64.0,Paid
448,30,2026-03-01,64.0,Paid
449,30,2026-04-01,64.0,Paid
450,30,2026-05-01,64.0,Paid
451,30,2026-06-01,64.0,Paid
452,30,2026-07-01,64.0,Paid
453,31,2025-11-01,39.0,Paid
454,31,2025-12-01,39.0,Paid
455,31,2026-01-01,39.0,Paid
456,31,2026-02-01,39.0,Failed
457,31,2026-03-01,39.0,Paid
458,31,2026-04-01,39.0,Paid
459,31,2026-05-01,39.0,Paid
460,31,2026-06-01,39.0,Paid
461,31,2026-07-01,39.0,Paid
462,32,2025-11-01,39.0,Paid
463,32,2025-12-01,39.0,Paid
464,32,2026-01-01,39.0,Paid
465,32,2026-02-01,39.0,Paid
466,32,2026-03-01,39.0,Paid
467,32,2026-04-01,39.0,Paid
468,32,2026-05-01,39.0,Paid
469,32,2026-06-01,39.0,Paid
470,32,2026-07-01,39.0,Paid
471,33,2025-04-01,64.0,Paid
472,33,2025-05-01,64.0,Paid
473,33,2025-06-01,64.0,Paid
474,33,2025-07-01,64.0,Paid
475,33,2025-08-01,64.0,Paid
476,33,2025-09-01,64.0,Paid
477,33,2025-10-01,64.0,Paid
478,33,2025-11-01,64.0,Paid
479,33,2025-12-01,64.0,Paid
480,33,2026-01-01,64.0,Paid
481,33,2026-02-01,64.0,Paid
482,33,2026-03-01,64.0,Paid
483,33,2026-04-01,64.0,Paid
484,33,2026-05-01,64.0,Paid
485,33,2026-06-01,64.0,Paid
486,33,2026-07-01,64.0,Paid
487,34,2024-02-01,64.0,Paid
488,34,2024-03-01,64.0,Paid
489,34,2024-04-01,64.0,Paid
490,34,2024-05-01,64.0,Paid
491,34,2024-06-01,64.0,Paid
492,34,2024-07-01,64.0,Paid
493,34,2024-08-01,64.0,Paid
494,34,2024-09-01,64.0,Paid
495,34,2024-10-01,64.0,Paid
496,34,2024-11-01,64.0,Paid
497,34,2024-12-01,64.0,Paid
498,34,2025-01-01,64.0,Paid
499,34,2025-02-01,64.0,Paid
500,34,2025-03-01,64.0,Paid
501,34,2025-04-01,64.0,Paid
502,34,2025-05-01,64.0,Paid
503,34,2025-06-01,64.0,Paid
504,34,2025-07-01,64.0,Paid
505,34,2025-08-01,64.0,Paid
506,34,2025-09-01,64.0,Paid
507,34,2025-10-01,64.0,Paid
508,34,2025-11-01,64.0,Paid
509,34,2025-12-01,64.0,Failed
510,34,2026-01-01,64.0,Paid
511,34,2026-02-01,64.0,Paid
512,35,2024-11-01,64.0,Paid
513,35,2024-12-01,64.0,Paid
514,35,2025-01-01,64.0,Paid
515,35,2025-02-01,64.0,Paid
516,35,2025-03-01,64.0,Paid
517,35,2025-04-01,64.0,Paid
518,35,2025-05-01,64.0,Paid
519,35,2025-06-01,64.0,Failed
520,35,2025-07-01,64.0,Failed
521,35,2025-08-01,64.0,Paid
522,35,2025-09-01,64.0,Failed
523,35,2025-10-01,64.0,Paid
524,35,2025-11-01,64.0,Paid
525,35,2025-12-01,64.0,Failed
526,35,2026-01-01,64.0,Paid
527,35,2026-02-01,64.0,Paid
528,35,2026-03-01,64.0,Paid
529,35,2026-04-01,64.0,Paid
530,35,2026-05-01,64.0,Paid
531,35,2026-06-01,64.0,Paid
532,35,2026-07-01,64.0,Paid
533,36,2024-08-01,64.0,Paid
534,36,2024-09-01,64.0,Paid
535,36,2024-10-01,64.0,Paid
536,36,2024-11-01,64.0,Paid
537,36,2024-12-01,64.0,Paid
538,36,2025-01-01,64.0,Paid
539,36,2025-02-01,64.0,Paid
540,36,2025-03-01,64.0,Paid
541,36,2025-04-01,64.0,Paid
542,36,2025-05-01,64.0,Failed
543,36,2025-06-01,64.0,Paid
544,36,2025-07-01,64.0,Paid
545,36,2025-08-01,64.0,Paid
546,36,2025-09-01,64.0,Paid
547,36,2025-10-01,64.0,Paid
548,36,2025-11-01,64.0,Paid
549,36,2025-12-01,64.0,Paid
550,36,2026-01-01,64.0,Paid
551,36,2026-02-01,64.0,Paid
552,36,2026-03-01,64.0,Paid
553,36,2026-04-01,64.0,Paid
554,36,2026-05-01,64.0,Paid
555,36,2026-06-01,64.0,Paid
556,36,2026-07-01,64.0,Paid
557,37,2025-08-01,64.0,Paid
558,37,2025-09-01,64.0,Paid
559,37,2025-10-01,64.0,Paid
560,37,2025-11-01,64.0,Paid
561,37,2025-12-01,64.0,Paid
562,38,2025-02-01,56.0,Paid
563,38,2025-03-01,56.0,Paid
564,38,2025-04-01,56.0,Paid
565,38,2025-05-01,56.0,Paid
566,38,2025-06-01,56.0,Paid
567,38,2025-07-01,56.0,Paid
568,38,2025-08-01,56.0,Paid
569,38,2025-09-01,56.0,Paid
570,39,2026-05-01,64.0,Paid
571,39,2026-06-01,64.0,Failed
572,39,2026-07-01,64.0,Paid
573,40,2026-05-01,64.0,Paid
574,40,2026-06-01,64.0,Failed
575,41,2026-01-01,56.0,Paid
576,41,2026-02-01,56.0,Paid
577,41,2026-03-01,56.0,Paid
578,41,2026-04-01,56.0,Paid
579,41,2026-05-01,56.0,Paid
580,41,2026-06-01,56.0,Paid
581,41,2026-07-01,56.0,Paid
582,42,2024-10-01,45.0,Paid
583,42,2024-11-01,45.0,Paid
584,42,2024-12-01,45.0,Paid
585,42,2025-01-01,45.0,Paid
586,42,2025-02-01,45.0,Paid
587,42,2025-03-01,45.0,Paid
588,42,2025-04-01,45.0,Paid
589,42,2025-05-01,45.0,Paid
590,42,2025-06-01,45.0,Paid
591,42,2025-07-01,45.0,Paid
592,42,2025-08-01,45.0,Failed
593,42,2025-09-01,45.0,Failed
594,42,2025-10-01,45.0,Paid
595,42,2025-11-01,45.0,Paid
596,42,2025-12-01,45.0,Paid
597,42,2026-01-01,45.0,Paid
598,42,2026-02-01,45.0,Paid
599,42,2026-03-01,45.0,Paid
600,42,2026-04-01,45.0,Paid
601,42,2026-05-01,45.0,Paid
602,42,2026-06-01,45.0,Paid
603,42,2026-07-01,45.0,Paid
604,43,2025-12-01,56.0,Paid
605,43,2026-01-01,56.0,Paid
606,43,2026-02-01,56.0,Paid
607,43,2026-03-01,56.0,Paid
608,43,2026-04-01,56.0,Paid
609,43,2026-05-01,56.0,Paid
610,43,2026-06-01,56.0,Paid
611,43,2026-07-01,56.0,Paid
612,44,2026-06-01,39.0,Paid
613,44,2026-07-01,39.0,Paid
614,45,2025-04-01,39.0,Paid
615,45,2025-05-01,39.0,Paid
616,45,2025-06-01,39.0,Paid
617,45,2025-07-01,39.0,Paid
618,45,2025-08-01,39.0,Paid
619,45,2025-09-01,39.0,Paid
620,45,2025-10-01,39.0,Paid
621,45,2025-11-01,39.0,Paid
622,45,2025-12-01,39.0,Paid
623,45,2026-01-01,39.0,Paid
624,45,2026-02-01,39.0,Paid
625,45,2026-03-01,39.0,Failed
626,45,2026-04-01,39.0,Paid
627,45,2026-05-01,39.0,Paid
628,45,2026-06-01,39.0,Paid
629,45,2026-07-01,39.0,Paid
630,46,2026-04-01,45.0,Paid
631,46,2026-05-01,45.0,Paid
632,46,2026-06-01,45.0,Paid
633,47,2025-09-01,56.0,Paid
634,47,2025-10-01,56.0,Paid
635,47,2025-11-01,56.0,Paid
636,47,2025-12-01,56.0,Paid
637,47,2026-01-01,56.0,Paid
638,47,2026-02-01,56.0,Paid
639,47,2026-03-01,56.0,Paid
640,47,2026-04-01,56.0,Paid
641,47,2026-05-01,56.0,Paid
642,47,2026-06-01,56.0,Paid
643,47,2026-07-01,56.0,Paid
644,48,2026-02-01,39.0,Paid
645,48,2026-03-01,39.0,Paid
646,48,2026-04-01,39.0,Paid
647,48,2026-05-01,39.0,Paid
648,48,2026-06-01,39.0,Paid
649,49,2025-09-01,64.0,Paid
650,49,2025-10-01,64.0,Paid
651,49,2025-11-01,64.0,Failed
652,49,2025-12-01,64.0,Paid
653,49,2026-01-01,64.0,Paid
654,49,2026-02-01,64.0,Paid
655,49,2026-03-01,64.0,Paid
656,49,2026-04-01,64.0,Paid
657,49,2026-05-01,64.0,Paid
658,49,2026-06-01,64.0,Paid
659,49,2026-07-01,64.0,Paid
660,50,2026-01-01,39.0,Paid
661,50,2026-02-01,39.0,Paid
662,50,2026-03-01,39.0,Paid
663,51,2024-06-01,39.0,Paid
664,51,2024-07-01,39.0,Paid
665,51,2024-08-01,39.0,Paid
666,51,2024-09-01,39.0,Paid
667,51,2024-10-01,39.0,Paid
668,51,2024-11-01,39.0,Paid
669,51,2024-12-01,39.0,Paid
670,51,2025-01-01,39.0,Paid
671,51,2025-02-01,39.0,Paid
672,51,2025-03-01,39.0,Paid
673,51,2025-04-01,39.0,Paid
674,51,2025-05-01,39.0,Paid
675,51,2025-06-01,39.0,Paid
676,51,2025-07-01,39.0,Paid
677,51,2025-08-01,39.0,Paid
678,51,2025-09-01,39.0,Paid
679,51,2025-10-01,39.0,Paid
680,51,2025-11-01,39.0,Failed
681,51,2025-12-01,39.0,Paid
682,51,2026-01-01,39.0,Paid
683,51,2026-02-01,39.0,Paid
684,51,2026-03-01,39.0,Paid
685,51,2026-04-01,39.0,Paid
686,51,2026-05-01,39.0,Paid
687,51,2026-06-01,39.0,Paid
688,51,2026-07-01,39.0,Paid
689,52,2024-04-01,64.0,Paid
690,52,2024-05-01,64.0,Paid
691,52,2024-06-01,64.0,Paid
692,52,2024-07-01,64.0,Paid
693,52,2024-08-01,64.0,Paid
694,52,2024-09-01,64.0,Failed
695,52,2024-10-01,64.0,Paid
696,52,2024-11-01,64.0,Paid
697,52,2024-12-01,64.0,Paid
698,52,2025-01-01,64.0,Paid
699,52,2025-02-01,64.0,Paid
700,52,2025-03-01,64.0,Paid
701,52,2025-04-01,64.0,Paid
702,52,2025-05-01,64.0,Paid
703,52,2025-06-01,64.0,Paid
704,52,2025-07-01,64.0,Paid
705,52,2025-08-01,64.0,Paid
706,52,2025-09-01,64.0,Failed
707,52,2025-10-01,64.0,Paid
708,52,2025-11-01,64.0,Paid
709,52,2025-12-01,64.0,Paid
710,52,2026-01-01,64.0,Paid
711,52,2026-02-01,64.0,Paid
712,52,2026-03-01,64.0,Failed
713,52,2026-04-01,64.0,Paid
714,52,2026-05-01,64.0,Paid
715,52,2026-06-01,64.0,Paid
716,52,2026-07-01,64.0,Paid
717,53,2025-03-01,45.0,Paid
718,53,2025-04-01,45.0,Paid
719,53,2025-05-01,45.0,Paid
720,53,2025-06-01,45.0,Failed
721,53,2025-07-01,45.0,Paid
722,53,2025-08-01,45.0,Paid
723,53,2025-09-01,45.0,Paid
724,53,2025-10-01,45.0,Paid
725,53,2025-11-01,45.0,Paid
726,53,2025-12-01,45.0,Paid
727,53,2026-01-01,45.0,Paid
728,53,2026-02-01,45.0,Paid
729,53,2026-03-01,45.0,Paid
730,53,2026-04-01,45.0,Paid
731,53,2026-05-01,45.0,Paid
732,53,2026-06-01,45.0,Paid
733,53,2026-07-01,45.0,Paid
734,54,2024-10-01,64.0,Paid
735,54,2024-11-01,64.0,Paid
736,54,2024-12-01,64.0,Paid
737,54,2025-01-01,64.0,Paid
738,54,2025-02-01,64.0,Paid
739,54,2025-03-01,64.0,Paid
740,54,2025-04-01,64.0,Paid
741,54,2025-05-01,64.0,Paid
742,54,2025-06-01,64.0,Paid
743,54,2025-07-01,64.0,Paid
744,54,2025-08-01,64.0,Paid
745,54,2025-09-01,64.0,Paid
746,54,2025-10-01,64.0,Paid
747,54,2025-11-01,64.0,Paid
748,54,2025-12-01,64.0,Paid
749,54,2026-01-01,64.0,Paid
750,54,2026-02-01,64.0,Paid
751,54,2026-03-01,64.0,Paid
752,54,2026-04-01,64.0,Paid
753,54,2026-05-01,64.0,Paid
754,54,2026-06-01,64.0,Failed
755,54,2026-07-01,64.0,Paid
756,55,2026-03-01,39.0,Paid
757,55,2026-04-01,39.0,Paid
758,55,2026-05-01,39.0,Paid
759,55,2026-06-01,39.0,Paid
760,55,2026-07-01,39.0,Paid
761,56,2025-05-01,39.0,Paid
762,56,2025-06-01,39.0,Paid
763,56,2025-07-01,39.0,Paid
764,56,2025-08-01,39.0,Paid
765,56,2025-09-01,39.0,Paid
766,56,2025-10-01,39.0,Paid
767,56,2025-11-01,39.0,Paid
768,56,2025-12-01,39.0,Paid
769,56,2026-01-01,39.0,Paid
770,56,2026-02-01,39.0,Paid
771,56,2026-03-01,39.0,Paid
772,56,2026-04-01,39.0,Paid
773,56,2026-05-01,39.0,Paid
774,56,2026-06-01,39.0,Paid
775,56,2026-07-01,39.0,Paid
776,57,2024-07-01,39.0,Paid
777,57,2024-08-01,39.0,Paid
778,57,2024-09-01,39.0,Paid
779,57,2024-10-01,39.0,Paid
780,57,2024-11-01,39.0,Paid
781,57,2024-12-01,39.0,Paid
782,57,2025-01-01,39.0,Paid
783,57,2025-02-01,39.0,Failed
784,57,2025-03-01,39.0,Paid
785,57,2025-04-01,39.0,Paid
786,57,2025-05-01,39.0,Paid
787,57,2025-06-01,39.0,Paid
788,57,2025-07-01,39.0,Paid
789,57,2025-08-01,39.0,Paid
790,57,2025-09-01,39.0,Paid
791,57,2025-10-01,39.0,Paid
792,57,2025-11-01,39.0,Paid
793,57,2025-12-01,39.0,Paid
794,57,2026-01-01,39.0,Paid
795,57,2026-02-01,39.0,Paid
796,57,2026-03-01,39.0,Paid
797,57,2026-04-01,39.0,Paid
798,57,2026-05-01,39.0,Paid
799,57,2026-06-01,39.0,Paid
800,57,2026-07-01,39.0,Paid
801,58,2024-09-01,64.0,Paid
802,58,2024-10-01,64.0,Paid
803,58,2024-11-01,64.0,Paid
804,58,2024-12-01,64.0,Paid
805,58,2025-01-01,64.0,Paid
806,58,2025-02-01,64.0,Paid
807,58,2025-03-01,64.0,Paid
808,58,2025-04-01,64.0,Paid
809,58,2025-05-01,64.0,Paid
810,58,2025-06-01,64.0,Failed
811,58,2025-07-01,64.0,Paid
812,58,2025-08-01,64.0,Paid
813,58,2025-09-01,64.0,Paid
814,58,2025-10-01,64.0,Paid
815,58,2025-11-01,64.0,Failed
816,58,2025-12-01,64.0,Paid
817,58,2026-01-01,64.0,Paid
818,58,2026-02-01,64.0,Paid
819,58,2026-03-01,64.0,Paid
820,59,2024-07-01,64.0,Paid
821,59,2024-08-01,64.0,Paid
822,59,2024-09-01,64.0,Paid
823,59,2024-10-01,64.0,Paid
824,59,2024-11-01,64.0,Paid
825,59,2024-12-01,64.0,Paid
826,59,2025-01-01,64.0,Paid
827,59,2025-02-01,64.0,Paid
828,59,2025-03-01,64.0,Paid
829,59,2025-04-01,64.0,Paid
830,59,2025-05-01,64.0,Paid
831,59,2025-06-01,64.0,Paid
832,59,2025-07-01,64.0,Paid
833,59,2025-08-01,64.0,Paid
834,59,2025-09-01,64.0,Paid
835,59,2025-10-01,64.0,Paid
836,59,2025-11-01,64.0,Paid
837,59,2025-12-01,64.0,Paid
838,59,2026-01-01,64.0,Paid
839,59,2026-02-01,64.0,Paid
840,59,2026-03-01,64.0,Paid
841,59,2026-04-01,64.0,Paid
842,59,2026-05-01,64.0,Failed
843,59,2026-06-01,64.0,Paid
844,59,2026-07-01,64.0,Paid
845,60,2025-12-01,56.0,Paid
846,60,2026-01-01,56.0,Paid
847,60,2026-02-01,56.0,Paid
848,60,2026-03-01,56.0,Paid
849,60,2026-04-01,56.0,Paid
850,60,2026-05-01,56.0,Paid
851,60,2026-06-01,56.0,Paid
852,60,2026-07-01,56.0,Paid
853,61,2025-05-01,64.0,Paid
854,61,2025-06-01,64.0,Paid
855,61,2025-07-01,64.0,Paid
856,61,2025-08-01,64.0,Paid
857,61,2025-09-01,64.0,Paid
858,61,2025-10-01,64.0,Paid
859,61,2025-11-01,64.0,Failed
860,61,2025-12-01,64.0,Paid
861,61,2026-01-01,64.0,Paid
862,61,2026-02-01,64.0,Paid
863,61,2026-03-01,64.0,Paid
864,61,2026-04-01,64.0,Paid
865,61,2026-05-01,64.0,Paid
866,61,2026-06-01,64.0,Paid
867,61,2026-07-01,64.0,Failed
868,62,2025-09-01,64.0,Paid
869,62,2025-10-01,64.0,Paid
870,62,2025-11-01,64.0,Paid
871,62,2025-12-01,64.0,Paid
872,62,2026-01-01,64.0,Paid
873,62,2026-02-01,64.0,Paid
874,62,2026-03-01,64.0,Paid
875,62,2026-04-01,64.0,Paid
876,62,2026-05-01,64.0,Paid
877,62,2026-06-01,64.0,Paid
878,62,2026-07-01,64.0,Paid
879,63,2026-04-01,64.0,Paid
880,63,2026-05-01,64.0,Paid
881,63,2026-06-01,64.0,Paid
882,64,2025-06-01,39.0,Paid
883,64,2025-07-01,39.0,Paid
884,64,2025-08-01,39.0,Paid
885,64,2025-09-01,39.0,Paid
886,64,2025-10-01,39.0,Paid
887,64,2025-11-01,39.0,Paid
888,64,2025-12-01,39.0,Paid
889,64,2026-01-01,39.0,Paid
890,64,2026-02-01,39.0,Paid
891,64,2026-03-01,39.0,Paid
892,64,2026-04-01,39.0,Paid
893,64,2026-05-01,39.0,Paid
894,64,2026-06-01,39.0,Paid
895,64,2026-07-01,39.0,Paid
896,65,2025-03-01,64.0,Paid
897,65,2025-04-01,64.0,Paid
898,65,2025-05-01,64.0,Paid
899,65,2025-06-01,64.0,Paid
900,65,2025-07-01,64.0,Paid
901,65,2025-08-01,64.0,Paid
902,65,2025-09-01,64.0,Paid
903,65,2025-10-01,64.0,Paid
904,65,2025-11-01,64.0,Paid
905,65,2025-12-01,64.0,Paid
906,65,2026-01-01,64.0,Paid
907,65,2026-02-01,64.0,Paid
908,65,2026-03-01,64.0,Paid
909,65,2026-04-01,64.0,Paid
910,65,2026-05-01,64.0,Paid
911,66,2025-05-01,64.0,Paid
912,66,2025-06-01,64.0,Paid
913,66,2025-07-01,64.0,Paid
914,66,2025-08-01,64.0,Failed
915,66,2025-09-01,64.0,Paid
916,66,2025-10-01,64.0,Paid
917,66,2025-11-01,64.0,Paid
918,66,2025-12-01,64.0,Paid
919,66,2026-01-01,64.0,Failed
920,66,2026-02-01,64.0,Paid
921,66,2026-03-01,64.0,Failed
922,66,2026-04-01,64.0,Paid
923,66,2026-05-01,64.0,Paid
924,66,2026-06-01,64.0,Paid
925,66,2026-07-01,64.0,Paid
926,67,2026-05-01,64.0,Paid
927,67,2026-06-01,64.0,Paid
928,68,2025-11-01,64.0,Paid
929,68,2025-12-01,64.0,Paid
930,68,2026-01-01,64.0,Paid
931,68,2026-02-01,64.0,Paid
932,68,2026-03-01,64.0,Paid
933,68,2026-04-01,64.0,Paid
934,68,2026-05-01,64.0,Paid
935,68,2026-06-01,64.0,Paid
936,68,2026-07-01,64.0,Paid
937,69,2024-02-01,64.0,Paid
938,69,2024-03-01,64.0,Paid
939,69,2024-04-01,64.0,Paid
940,69,2024-05-01,64.0,Paid
941,69,2024-06-01,64.0,Paid
942,69,2024-07-01,64.0,Paid
943,69,2024-08-01,64.0,Paid
944,69,2024-09-01,64.0,Paid
945,69,2024-10-01,64.0,Paid
946,69,2024-11-01,64.0,Failed
947,69,2024-12-01,64.0,Failed
948,69,2025-01-01,64.0,Paid
949,69,2025-02-01,64.0,Paid
950,69,2025-03-01,64.0,Paid
951,69,2025-04-01,64.0,Paid
952,69,2025-05-01,64.0,Paid
953,69,2025-06-01,64.0,Paid
954,69,2025-07-01,64.0,Paid
955,69,2025-08-01,64.0,Paid
956,69,2025-09-01,64.0,Paid
957,69,2025-10-01,64.0,Paid
958,69,2025-11-01,64.0,Paid
959,69,2025-12-01,64.0,Paid
960,69,2026-01-01,64.0,Paid
961,69,2026-02-01,64.0,Paid
962,69,2026-03-01,64.0,Paid
963,69,2026-04-01,64.0,Paid
964,69,2026-05-01,64.0,Paid
965,69,2026-06-01,64.0,Paid
966,69,2026-07-01,64.0,Paid
967,70,2026-04-01,39.0,Paid
968,70,2026-05-01,39.0,Paid
969,70,2026-06-01,39.0,Paid
970,70,2026-07-01,39.0,Paid
971,71,2024-06-01,56.0,Paid
972,71,2024-07-01,56.0,Paid
973,71,2024-08-01,56.0,Paid
974,71,2024-09-01,56.0,Paid
975,71,2024-10-01,56.0,Paid
976,71,2024-11-01,56.0,Paid
977,71,2024-12-01,56.0,Paid
978,71,2025-01-01,56.0,Paid
979,71,2025-02-01,56.0,Paid
980,71,2025-03-01,56.0,Paid
981,71,2025-04-01,56.0,Paid
982,71,2025-05-01,56.0,Paid
983,71,2025-06-01,56.0,Paid
984,71,2025-07-01,56.0,Paid
985,71,2025-08-01,56.0,Paid
986,71,2025-09-01,56.0,Paid
987,71,2025-10-01,56.0,Paid
988,71,2025-11-01,56.0,Paid
989,71,2025-12-01,56.0,Paid
990,71,2026-01-01,56.0,Paid
991,71,2026-02-01,56.0,Paid
992,71,2026-03-01,56.0,Paid
993,71,2026-04-01,56.0,Paid
994,71,2026-05-01,56.0,Paid
995,71,2026-06-01,56.0,Paid
996,71,2026-07-01,56.0,Paid
997,72,2025-09-01,39.0,Paid
998,72,2025-10-01,39.0,Paid
999,72,2025-11-01,39.0,Paid
1000,72,2025-12-01,39.0,Paid
1001,72,2026-01-01,39.0,Paid
1002,72,2026-02-01,39.0,Paid
1003,72,2026-03-01,39.0,Paid
1004,72,2026-04-01,39.0,Paid
1005,72,2026-05-01,39.0,Paid
1006,72,2026-06-01,39.0,Paid
1007,72,2026-07-01,39.0,Paid
1008,73,2026-05-01,64.0,Paid
1009,73,2026-06-01,64.0,Paid
1010,73,2026-07-01,64.0,Paid
1011,74,2024-12-01,56.0,Paid
1012,74,2025-01-01,56.0,Paid
1013,74,2025-02-01,56.0,Failed
1014,74,2025-03-01,56.0,Paid
1015,74,2025-04-01,56.0,Paid
1016,74,2025-05-01,56.0,Paid
1017,74,2025-06-01,56.0,Paid
1018,74,2025-07-01,56.0,Paid
1019,74,2025-08-01,56.0,Paid
1020,74,2025-09-01,56.0,Paid
1021,74,2025-10-01,56.0,Paid
1022,74,2025-11-01,56.0,Paid
1023,74,2025-12-01,56.0,Paid
1024,74,2026-01-01,56.0,Paid
1025,74,2026-02-01,56.0,Paid
1026,74,2026-03-01,56.0,Paid
1027,74,2026-04-01,56.0,Failed
1028,74,2026-05-01,56.0,Paid
1029,74,2026-06-01,56.0,Failed
1030,74,2026-07-01,56.0,Paid
1031,75,2024-07-01,64.0,Paid
1032,75,2024-08-01,64.0,Paid
1033,75,2024-09-01,64.0,Paid
1034,75,2024-10-01,64.0,Paid
1035,75,2024-11-01,64.0,Paid
1036,75,2024-12-01,64.0,Paid
1037,75,2025-01-01,64.0,Paid
1038,75,2025-02-01,64.0,Paid
1039,75,2025-03-01,64.0,Failed
1040,75,2025-04-01,64.0,Failed
1041,75,2025-05-01,64.0,Paid
1042,75,2025-06-01,64.0,Paid
1043,75,2025-07-01,64.0,Paid
1044,75,2025-08-01,64.0,Paid
1045,76,2024-05-01,39.0,Paid
1046,76,2024-06-01,39.0,Paid
1047,76,2024-07-01,39.0,Paid
1048,76,2024-08-01,39.0,Paid
1049,76,2024-09-01,39.0,Failed
1050,76,2024-10-01,39.0,Paid
1051,76,2024-11-01,39.0,Paid
1052,76,2024-12-01,39.0,Paid
1053,76,2025-01-01,39.0,Paid
1054,76,2025-02-01,39.0,Paid
1055,76,2025-03-01,39.0,Paid
1056,76,2025-04-01,39.0,Paid
1057,76,2025-05-01,39.0,Paid
1058,76,2025-06-01,39.0,Paid
1059,76,2025-07-01,39.0,Paid
1060,76,2025-08-01,39.0,Paid
1061,77,2025-08-01,64.0,Paid
1062,77,2025-09-01,64.0,Failed
1063,77,2025-10-01,64.0,Paid
1064,77,2025-11-01,64.0,Failed
1065,77,2025-12-01,64.0,Paid
1066,77,2026-01-01,64.0,Paid
1067,77,2026-02-01,64.0,Paid
1068,77,2026-03-01,64.0,Paid
1069,77,2026-04-01,64.0,Paid
1070,77,2026-05-01,64.0,Paid
1071,77,2026-06-01,64.0,Paid
1072,77,2026-07-01,64.0,Paid
1073,78,2024-11-01,45.0,Paid
1074,78,2024-12-01,45.0,Paid
1075,78,2025-01-01,45.0,Paid
1076,78,2025-02-01,45.0,Paid
1077,78,2025-03-01,45.0,Paid
1078,78,2025-04-01,45.0,Paid
1079,78,2025-05-01,45.0,Paid
1080,78,2025-06-01,45.0,Paid
1081,78,2025-07-01,45.0,Paid
1082,78,2025-08-01,45.0,Paid
1083,78,2025-09-01,45.0,Paid
1084,78,2025-10-01,45.0,Paid
1085,78,2025-11-01,45.0,Paid
1086,78,2025-12-01,45.0,Paid
1087,78,2026-01-01,45.0,Paid
1088,78,2026-02-01,45.0,Paid
1089,78,2026-03-01,45.0,Paid
1090,78,2026-04-01,45.0,Paid
1091,78,2026-05-01,45.0,Paid
1092,78,2026-06-01,45.0,Paid
1093,78,2026-07-01,45.0,Paid
1094,79,2025-11-01,45.0,Paid
1095,79,2025-12-01,45.0,Paid
1096,79,2026-01-01,45.0,Paid
1097,79,2026-02-01,45.0,Paid
1098,79,2026-03-01,45.0,Paid
1099,79,2026-04-01,45.0,Paid
1100,79,2026-05-01,45.0,Paid
1101,79,2026-06-01,45.0,Paid
1102,79,2026-07-01,45.0,Paid
1103,80,2025-03-01,64.0,Paid
1104,80,2025-04-01,64.0,Paid
1105,80,2025-05-01,64.0,Paid
1106,80,2025-06-01,64.0,Failed
1107,80,2025-07-01,64.0,Paid
1108,80,2025-08-01,64.0,Paid
1109,80,2025-09-01,64.0,Paid
1110,80,2025-10-01,64.0,Paid
1111,80,2025-11-01,64.0,Paid
1112,80,2025-12-01,64.0,Paid
1113,80,2026-01-01,64.0,Paid
1114,80,2026-02-01,64.0,Paid
1115,80,2026-03-01,64.0,Paid
1116,80,2026-04-01,64.0,Paid
1117,80,2026-05-01,64.0,Paid
1118,81,2024-11-01,56.0,Paid
1119,81,2024-12-01,56.0,Paid
1120,81,2025-01-01,56.0,Paid
1121,81,2025-02-01,56.0,Paid
1122,81,2025-03-01,56.0,Paid
1123,81,2025-04-01,56.0,Paid
1124,81,2025-05-01,56.0,Paid
1125,81,2025-06-01,56.0,Paid
1126,81,2025-07-01,56.0,Paid
1127,81,2025-08-01,56.0,Paid
1128,81,2025-09-01,56.0,Paid
1129,81,2025-10-01,56.0,Paid
1130,81,2025-11-01,56.0,Paid
1131,81,2025-12-01,56.0,Paid
1132,81,2026-01-01,56.0,Paid
1133,81,2026-02-01,56.0,Paid
1134,81,2026-03-01,56.0,Paid
1135,81,2026-04-01,56.0,Paid
1136,81,2026-05-01,56.0,Paid
1137,81,2026-06-01,56.0,Paid
1138,81,2026-07-01,56.0,Paid
1139,82,2026-06-01,39.0,Failed
1140,82,2026-07-01,39.0,Paid
1141,83,2024-08-01,64.0,Paid
1142,83,2024-09-01,64.0,Paid
1143,83,2024-10-01,64.0,Paid
1144,83,2024-11-01,64.0,Paid
1145,83,2024-12-01,64.0,Paid
1146,83,2025-01-01,64.0,Paid
1147,83,2025-02-01,64.0,Paid
1148,83,2025-03-01,64.0,Paid
1149,83,2025-04-01,64.0,Paid
1150,83,2025-05-01,64.0,Paid
1151,83,2025-06-01,64.0,Failed
1152,83,2025-07-01,64.0,Paid
1153,83,2025-08-01,64.0,Paid
1154,84,2025-07-01,56.0,Paid
1155,84,2025-08-01,56.0,Paid
1156,84,2025-09-01,56.0,Paid
1157,84,2025-10-01,56.0,Paid
1158,84,2025-11-01,56.0,Paid
1159,84,2025-12-01,56.0,Paid
1160,84,2026-01-01,56.0,Paid
1161,84,2026-02-01,56.0,Paid
1162,84,2026-03-01,56.0,Paid
1163,84,2026-04-01,56.0,Paid
1164,84,2026-05-01,56.0,Paid
1165,84,2026-06-01,56.0,Paid
1166,84,2026-07-01,56.0,Paid
1167,85,2024-11-01,64.0,Paid
1168,85,2024-12-01,64.0,Paid
1169,85,2025-01-01,64.0,Paid
1170,85,2025-02-01,64.0,Paid
1171,85,2025-03-01,64.0,Paid
1172,85,2025-04-01,64.0,Paid
1173,85,2025-05-01,64.0,Paid
1174,85,2025-06-01,64.0,Paid
1175,85,2025-07-01,64.0,Paid
1176,85,2025-08-01,64.0,Paid
1177,85,2025-09-01,64.0,Paid
1178,85,2025-10-01,64.0,Paid
1179,85,2025-11-01,64.0,Paid
1180,85,2025-12-01,64.0,Paid
1181,85,2026-01-01,64.0,Paid
1182,85,2026-02-01,64.0,Paid
1183,85,2026-03-01,64.0,Paid
1184,85,2026-04-01,64.0,Paid
1185,85,2026-05-01,64.0,Failed
1186,85,2026-06-01,64.0,Paid
1187,85,2026-07-01,64.0,Paid
1188,86,2024-09-01,56.0,Paid
1189,86,2024-10-01,56.0,Paid
1190,86,2024-11-01,56.0,Paid
1191,86,2024-12-01,56.0,Paid
1192,86,2025-01-01,56.0,Paid
1193,86,2025-02-01,56.0,Paid
1194,86,2025-03-01,56.0,Paid
1195,86,2025-04-01,56.0,Paid
1196,86,2025-05-01,56.0,Paid
1197,86,2025-06-01,56.0,Paid
1198,86,2025-07-01,56.0,Paid
1199,86,2025-08-01,56.0,Paid
1200,86,2025-09-01,56.0,Paid
1201,86,2025-10-01,56.0,Paid
1202,86,2025-11-01,56.0,Failed
1203,86,2025-12-01,56.0,Paid
1204,86,2026-01-01,56.0,Paid
1205,86,2026-02-01,56.0,Paid
1206,86,2026-03-01,56.0,Paid
1207,86,2026-04-01,56.0,Paid
1208,86,2026-05-01,56.0,Paid
1209,86,2026-06-01,56.0,Paid
1210,86,2026-07-01,56.0,Paid
1211,87,2025-04-01,56.0,Paid
1212,87,2025-05-01,56.0,Paid
1213,87,2025-06-01,56.0,Paid
1214,87,2025-07-01,56.0,Paid
1215,87,2025-08-01,56.0,Paid
1216,87,2025-09-01,56.0,Paid
1217,87,2025-10-01,56.0,Paid
1218,87,2025-11-01,56.0,Paid
1219,87,2025-12-01,56.0,Paid
1220,87,2026-01-01,56.0,Paid
1221,87,2026-02-01,56.0,Paid
1222,87,2026-03-01,56.0,Failed
1223,87,2026-04-01,56.0,Paid
1224,87,2026-05-01,56.0,Paid
1225,87,2026-06-01,56.0,Paid
1226,87,2026-07-01,56.0,Paid
1227,88,2025-09-01,45.0,Paid
1228,88,2025-10-01,45.0,Paid
1229,88,2025-11-01,45.0,Paid
1230,88,2025-12-01,45.0,Paid
1231,88,2026-01-01,45.0,Paid
1232,88,2026-02-01,45.0,Paid
1233,88,2026-03-01,45.0,Paid
1234,88,2026-04-01,45.0,Paid
1235,88,2026-05-01,45.0,Paid
1236,88,2026-06-01,45.0,Failed
1237,88,2026-07-01,45.0,Paid
1238,89,2024-01-01,56.0,Paid
1239,89,2024-02-01,56.0,Failed
1240,89,2024-03-01,56.0,Failed
1241,89,2024-04-01,56.0,Paid
1242,89,2024-05-01,56.0,Paid
1243,89,2024-06-01,56.0,Paid
1244,89,2024-07-01,56.0,Paid
1245,89,2024-08-01,56.0,Paid
1246,89,2024-09-01,56.0,Paid
1247,89,2024-10-01,56.0,Paid
1248,89,2024-11-01,56.0,Paid
1249,89,2024-12-01,56.0,Paid
1250,89,2025-01-01,56.0,Paid
1251,89,2025-02-01,56.0,Paid
1252,89,2025-03-01,56.0,Paid
1253,89,2025-04-01,56.0,Paid
1254,89,2025-05-01,56.0,Paid
1255,89,2025-06-01,56.0,Paid
1256,89,2025-07-01,56.0,Paid
1257,89,2025-08-01,56.0,Paid
1258,89,2025-09-01,56.0,Paid
1259,89,2025-10-01,56.0,Paid
1260,89,2025-11-01,56.0,Paid
1261,89,2025-12-01,56.0,Paid
1262,89,2026-01-01,56.0,Paid
1263,89,2026-02-01,56.0,Paid
1264,89,2026-03-01,56.0,Paid
1265,89,2026-04-01,56.0,Paid
1266,89,2026-05-01,56.0,Paid
1267,89,2026-06-01,56.0,Paid
1268,89,2026-07-01,56.0,Paid
1269,90,2025-06-01,64.0,Paid
1270,90,2025-07-01,64.0,Paid
1271,90,2025-08-01,64.0,Paid
1272,90,2025-09-01,64.0,Paid
1273,90,2025-10-01,64.0,Paid
1274,90,2025-11-01,64.0,Paid
1275,90,2025-12-01,64.0,Paid
1276,90,2026-01-01,64.0,Paid
1277,90,2026-02-01,64.0,Paid
1278,91,2024-01-01,45.0,Paid
1279,91,2024-02-01,45.0,Paid
1280,91,2024-03-01,45.0,Paid
1281,91,2024-04-01,45.0,Paid
1282,91,2024-05-01,45.0,Paid
1283,91,2024-06-01,45.0,Paid
1284,91,2024-07-01,45.0,Paid
1285,91,2024-08-01,45.0,Paid
1286,91,2024-09-01,45.0,Paid
1287,91,2024-10-01,45.0,Paid
1288,91,2024-11-01,45.0,Paid
1289,91,2024-12-01,45.0,Paid
1290,91,2025-01-01,45.0,Paid
1291,91,2025-02-01,45.0,Paid
1292,91,2025-03-01,45.0,Paid
1293,91,2025-04-01,45.0,Paid
1294,91,2025-05-01,45.0,Paid
1295,91,2025-06-01,45.0,Paid
1296,91,2025-07-01,45.0,Paid
1297,91,2025-08-01,45.0,Paid
1298,91,2025-09-01,45.0,Paid
1299,91,2025-10-01,45.0,Paid
1300,91,2025-11-01,45.0,Paid
1301,91,2025-12-01,45.0,Paid
1302,91,2026-01-01,45.0,Paid
1303,91,2026-02-01,45.0,Paid
1304,91,2026-03-01,45.0,Paid
1305,91,2026-04-01,45.0,Paid
1306,91,2026-05-01,45.0,Paid
1307,91,2026-06-01,45.0,Paid
1308,91,2026-07-01,45.0,Paid
1309,92,2026-02-01,64.0,Paid
1310,92,2026-03-01,64.0,Paid
1311,92,2026-04-01,64.0,Paid
1312,92,2026-05-01,64.0,Paid
1313,92,2026-06-01,64.0,Paid
1314,93,2024-07-01,64.0,Paid
1315,93,2024-08-01,64.0,Paid
1316,93,2024-09-01,64.0,Failed
1317,93,2024-10-01,64.0,Paid
1318,93,2024-11-01,64.0,Paid
1319,93,2024-12-01,64.0,Paid
1320,93,2025-01-01,64.0,Paid
1321,93,2025-02-01,64.0,Paid
1322,93,2025-03-01,64.0,Paid
1323,93,2025-04-01,64.0,Paid
1324,93,2025-05-01,64.0,Paid
1325,93,2025-06-01,64.0,Paid
1326,93,2025-07-01,64.0,Paid
1327,93,2025-08-01,64.0,Failed
1328,93,2025-09-01,64.0,Paid
1329,93,2025-10-01,64.0,Paid
1330,93,2025-11-01,64.0,Failed
1331,93,2025-12-01,64.0,Paid
1332,93,2026-01-01,64.0,Paid
1333,93,2026-02-01,64.0,Paid
1334,93,2026-03-01,64.0,Paid
1335,93,2026-04-01,64.0,Paid
1336,93,2026-05-01,64.0,Paid
1337,93,2026-06-01,64.0,Paid
1338,93,2026-07-01,64.0,Paid
1339,94,2024-03-01,64.0,Paid
1340,94,2024-04-01,64.0,Paid
1341,94,2024-05-01,64.0,Failed
1342,94,2024-06-01,64.0,Paid
1343,94,2024-07-01,64.0,Paid
1344,94,2024-08-01,64.0,Paid
1345,94,2024-09-01,64.0,Failed
1346,94,2024-10-01,64.0,Paid
1347,94,2024-11-01,64.0,Paid
1348,94,2024-12-01,64.0,Paid
1349,94,2025-01-01,64.0,Paid
1350,94,2025-02-01,64.0,Paid
1351,94,2025-03-01,64.0,Paid
1352,94,2025-04-01,64.0,Paid
1353,94,2025-05-01,64.0,Paid
1354,94,2025-06-01,64.0,Paid
1355,94,2025-07-01,64.0,Paid
1356,94,2025-08-01,64.0,Paid
1357,94,2025-09-01,64.0,Failed
1358,94,2025-10-01,64.0,Paid
1359,94,2025-11-01,64.0,Failed
1360,94,2025-12-01,64.0,Paid
1361,94,2026-01-01,64.0,Paid
1362,94,2026-02-01,64.0,Paid
1363,94,2026-03-01,64.0,Paid
1364,94,2026-04-01,64.0,Paid
1365,94,2026-05-01,64.0,Paid
1366,94,2026-06-01,64.0,Paid
1367,94,2026-07-01,64.0,Failed
1368,95,2024-07-01,39.0,Paid
1369,95,2024-08-01,39.0,Paid
1370,95,2024-09-01,39.0,Paid
1371,95,2024-10-01,39.0,Paid
1372,95,2024-11-01,39.0,Paid
1373,95,2024-12-01,39.0,Paid
1374,95,2025-01-01,39.0,Paid
1375,95,2025-02-01,39.0,Paid
1376,95,2025-03-01,39.0,Paid
1377,95,2025-04-01,39.0,Paid
1378,95,2025-05-01,39.0,Paid
1379,95,2025-06-01,39.0,Paid
1380,95,2025-07-01,39.0,Paid
1381,95,2025-08-01,39.0,Paid
1382,95,2025-09-01,39.0,Paid
1383,95,2025-10-01,39.0,Paid
1384,95,2025-11-01,39.0,Paid
1385,95,2025-12-01,39.0,Failed
1386,95,2026-01-01,39.0,Paid
1387,95,2026-02-01,39.0,Paid
1388,95,2026-03-01,39.0,Paid
1389,95,2026-04-01,39.0,Paid
1390,95,2026-05-01,39.0,Paid
1391,95,2026-06-01,39.0,Paid
1392,95,2026-07-01,39.0,Paid
1393,96,2026-05-01,45.0,Paid
1394,96,2026-06-01,45.0,Paid
1395,96,2026-07-01,45.0,Paid
1396,97,2026-01-01,45.0,Paid
1397,97,2026-02-01,45.0,Paid
1398,97,2026-03-01,45.0,Paid
1399,97,2026-04-01,45.0,Paid
1400,97,2026-05-01,45.0,Paid
1401,97,2026-06-01,45.0,Paid
1402,97,2026-07-01,45.0,Paid
1403,98,2024-11-01,64.0,Paid
1404,98,2024-12-01,64.0,Paid
1405,98,2025-01-01,64.0,Paid
1406,98,2025-02-01,64.0,Paid
1407,98,2025-03-01,64.0,Paid
1408,98,2025-04-01,64.0,Paid
1409,98,2025-05-01,64.0,Paid
1410,98,2025-06-01,64.0,Failed
1411,98,2025-07-01,64.0,Paid
1412,98,2025-08-01,64.0,Paid
1413,98,2025-09-01,64.0,Paid
1414,98,2025-10-01,64.0,Paid
1415,98,2025-11-01,64.0,Paid
1416,98,2025-12-01,64.0,Paid
1417,98,2026-01-01,64.0,Paid
1418,98,2026-02-01,64.0,Paid
1419,98,2026-03-01,64.0,Paid
1420,98,2026-04-01,64.0,Paid
1421,98,2026-05-01,64.0,Paid
1422,98,2026-06-01,64.0,Paid
1423,98,2026-07-01,64.0,Paid
1424,99,2025-04-01,39.0,Failed
1425,99,2025-05-01,39.0,Paid
1426,99,2025-06-01,39.0,Paid
1427,99,2025-07-01,39.0,Paid
1428,99,2025-08-01,39.0,Paid
1429,99,2025-09-01,39.0,Paid
1430,99,2025-10-01,39.0,Paid
1431,99,2025-11-01,39.0,Paid
1432,99,2025-12-01,39.0,Paid
1433,99,2026-01-01,39.0,Paid
1434,99,2026-02-01,39.0,Paid
1435,99,2026-03-01,39.0,Paid
1436,99,2026-04-01,39.0,Paid
1437,99,2026-05-01,39.0,Paid
1438,99,2026-06-01,39.0,Paid
1439,99,2026-07-01,39.0,Paid
1440,100,2025-04-01,45.0,Paid
1441,100,2025-05-01,45.0,Paid
1442,100,2025-06-01,45.0,Paid
1443,100,2025-07-01,45.0,Paid
1444,100,2025-08-01,45.0,Paid
1445,100,2025-09-01,45.0,Paid
1446,100,2025-10-01,45.0,Paid
1447,100,2025-11-01,45.0,Paid
1448,100,2025-12-01,45.0,Paid
1449,100,2026-01-01,45.0,Paid
1450,100,2026-02-01,45.0,Paid
1451,100,2026-03-01,45.0,Paid
1452,100,2026-04-01,45.0,Paid
1453,100,2026-05-01,45.0,Paid
1454,100,2026-06-01,45.0,Paid
1455,100,2026-07-01,45.0,Paid
1456,101,2024-05-01,39.0,Paid
1457,101,2024-06-01,39.0,Paid
1458,101,2024-07-01,39.0,Paid
1459,101,2024-08-01,39.0,Paid
1460,101,2024-09-01,39.0,Paid
1461,101,2024-10-01,39.0,Paid
1462,101,2024-11-01,39.0,Paid
1463,101,2024-12-01,39.0,Paid
1464,101,2025-01-01,39.0,Paid
1465,101,2025-02-01,39.0,Paid
1466,101,2025-03-01,39.0,Paid
1467,101,2025-04-01,39.0,Paid
1468,101,2025-05-01,39.0,Paid
1469,101,2025-06-01,39.0,Paid
1470,101,2025-07-01,39.0,Paid
1471,101,2025-08-01,39.0,Paid
1472,101,2025-09-01,39.0,Paid
1473,101,2025-10-01,39.0,Paid
1474,101,2025-11-01,39.0,Paid
1475,101,2025-12-01,39.0,Paid
1476,101,2026-01-01,39.0,Paid
1477,101,2026-02-01,39.0,Paid
1478,101,2026-03-01,39.0,Paid
1479,101,2026-04-01,39.0,Paid
1480,101,2026-05-01,39.0,Paid
1481,101,2026-06-01,39.0,Paid
1482,101,2026-07-01,39.0,Paid
1483,102,2024-11-01,64.0,Paid
1484,102,2024-12-01,64.0,Paid
1485,102,2025-01-01,64.0,Paid
1486,102,2025-02-01,64.0,Paid
1487,102,2025-03-01,64.0,Paid
1488,102,2025-04-01,64.0,Paid
1489,102,2025-05-01,64.0,Paid
1490,102,2025-06-01,64.0,Paid
1491,102,2025-07-01,64.0,Paid
1492,102,2025-08-01,64.0,Paid
1493,102,2025-09-01,64.0,Paid
1494,103,2024-10-01,56.0,Paid
1495,103,2024-11-01,56.0,Paid
1496,103,2024-12-01,56.0,Paid
1497,103,2025-01-01,56.0,Paid
1498,103,2025-02-01,56.0,Paid
1499,103,2025-03-01,56.0,Paid
1500,103,2025-04-01,56.0,Paid
1501,103,2025-05-01,56.0,Paid
1502,103,2025-06-01,56.0,Paid
1503,103,2025-07-01,56.0,Paid
1504,103,2025-08-01,56.0,Paid
1505,103,2025-09-01,56.0,Paid
1506,103,2025-10-01,56.0,Paid
1507,103,2025-11-01,56.0,Paid
1508,103,2025-12-01,56.0,Paid
1509,103,2026-01-01,56.0,Paid
1510,103,2026-02-01,56.0,Paid
1511,103,2026-03-01,56.0,Paid
1512,103,2026-04-01,56.0,Paid
1513,104,2024-07-01,64.0,Paid
1514,104,2024-08-01,64.0,Paid
1515,104,2024-09-01,64.0,Paid
1516,104,2024-10-01,64.0,Paid
1517,104,2024-11-01,64.0,Paid
1518,104,2024-12-01,64.0,Paid
1519,104,2025-01-01,64.0,Paid
1520,104,2025-02-01,64.0,Failed
1521,104,2025-03-01,64.0,Paid
1522,104,2025-04-01,64.0,Failed
1523,104,2025-05-01,64.0,Paid
1524,104,2025-06-01,64.0,Paid
1525,104,2025-07-01,64.0,Paid
1526,104,2025-08-01,64.0,Paid
1527,104,2025-09-01,64.0,Paid
1528,104,2025-10-01,64.0,Paid
1529,104,2025-11-01,64.0,Paid
1530,104,2025-12-01,64.0,Paid
1531,104,2026-01-01,64.0,Paid
1532,104,2026-02-01,64.0,Failed
1533,104,2026-03-01,64.0,Paid
1534,104,2026-04-01,64.0,Paid
1535,104,2026-05-01,64.0,Paid
1536,104,2026-06-01,64.0,Paid
1537,104,2026-07-01,64.0,Paid
1538,105,2026-02-01,39.0,Failed
1539,105,2026-03-01,39.0,Failed
1540,105,2026-04-01,39.0,Paid
1541,105,2026-05-01,39.0,Paid
1542,105,2026-06-01,39.0,Paid
1543,105,2026-07-01,39.0,Paid
1544,106,2024-08-01,45.0,Paid
1545,106,2024-09-01,45.0,Paid
1546,106,2024-10-01,45.0,Paid
1547,106,2024-11-01,45.0,Paid
1548,106,2024-12-01,45.0,Paid
1549,106,2025-01-01,45.0,Paid
1550,106,2025-02-01,45.0,Paid
1551,106,2025-03-01,45.0,Paid
1552,106,2025-04-01,45.0,Paid
1553,106,2025-05-01,45.0,Paid
1554,106,2025-06-01,45.0,Paid
1555,106,2025-07-01,45.0,Paid
1556,106,2025-08-01,45.0,Paid
1557,106,2025-09-01,45.0,Paid
1558,106,2025-10-01,45.0,Paid
1559,106,2025-11-01,45.0,Paid
1560,106,2025-12-01,45.0,Paid
1561,106,2026-01-01,45.0,Paid
1562,106,2026-02-01,45.0,Paid
1563,106,2026-03-01,45.0,Paid
1564,106,2026-04-01,45.0,Paid
1565,106,2026-05-01,45.0,Paid
1566,106,2026-06-01,45.0,Paid
1567,106,2026-07-01,45.0,Paid
1568,107,2026-03-01,45.0,Paid
1569,107,2026-04-01,45.0,Paid
1570,107,2026-05-01,45.0,Paid
1571,107,2026-06-01,45.0,Paid
1572,107,2026-07-01,45.0,Paid
1573,108,2025-12-01,39.0,Paid
1574,108,2026-01-01,39.0,Paid
1575,109,2025-05-01,45.0,Paid
1576,109,2025-06-01,45.0,Failed
1577,109,2025-07-01,45.0,Failed
1578,109,2025-08-01,45.0,Paid
1579,109,2025-09-01,45.0,Paid
1580,109,2025-10-01,45.0,Paid
1581,109,2025-11-01,45.0,Paid
1582,109,2025-12-01,45.0,Paid
1583,109,2026-01-01,45.0,Paid
1584,109,2026-02-01,45.0,Paid
1585,109,2026-03-01,45.0,Paid
1586,109,2026-04-01,45.0,Failed
1587,109,2026-05-01,45.0,Paid
1588,109,2026-06-01,45.0,Failed
1589,109,2026-07-01,45.0,Paid
1590,110,2024-11-01,45.0,Paid
1591,110,2024-12-01,45.0,Paid
1592,110,2025-01-01,45.0,Paid
1593,110,2025-02-01,45.0,Paid
1594,110,2025-03-01,45.0,Paid
1595,110,2025-04-01,45.0,Paid
1596,110,2025-05-01,45.0,Paid
1597,110,2025-06-01,45.0,Failed
1598,110,2025-07-01,45.0,Paid
1599,110,2025-08-01,45.0,Paid
1600,110,2025-09-01,45.0,Paid
1601,110,2025-10-01,45.0,Paid
1602,110,2025-11-01,45.0,Paid
1603,110,2025-12-01,45.0,Paid
1604,110,2026-01-01,45.0,Paid
1605,110,2026-02-01,45.0,Paid
1606,110,2026-03-01,45.0,Paid
1607,110,2026-04-01,45.0,Paid
1608,110,2026-05-01,45.0,Paid
1609,110,2026-06-01,45.0,Paid
1610,110,2026-07-01,45.0,Paid
1611,111,2024-11-01,39.0,Paid
1612,111,2024-12-01,39.0,Paid
1613,111,2025-01-01,39.0,Paid
1614,111,2025-02-01,39.0,Paid
1615,111,2025-03-01,39.0,Paid
1616,111,2025-04-01,39.0,Paid
1617,111,2025-05-01,39.0,Paid
1618,111,2025-06-01,39.0,Paid
1619,112,2026-05-01,39.0,Paid
1620,112,2026-06-01,39.0,Paid
1621,113,2025-09-01,45.0,Paid
1622,113,2025-10-01,45.0,Paid
1623,113,2025-11-01,45.0,Paid
1624,113,2025-12-01,45.0,Paid
1625,113,2026-01-01,45.0,Paid
1626,113,2026-02-01,45.0,Paid
1627,113,2026-03-01,45.0,Paid
1628,113,2026-04-01,45.0,Paid
1629,113,2026-05-01,45.0,Paid
1630,113,2026-06-01,45.0,Paid
1631,114,2024-06-01,56.0,Paid
1632,114,2024-07-01,56.0,Paid
1633,114,2024-08-01,56.0,Paid
1634,114,2024-09-01,56.0,Paid
1635,114,2024-10-01,56.0,Paid
1636,114,2024-11-01,56.0,Paid
1637,114,2024-12-01,56.0,Paid
1638,114,2025-01-01,56.0,Paid
1639,114,2025-02-01,56.0,Paid
1640,114,2025-03-01,56.0,Paid
1641,114,2025-04-01,56.0,Paid
1642,114,2025-05-01,56.0,Paid
1643,114,2025-06-01,56.0,Paid
1644,114,2025-07-01,56.0,Paid
1645,114,2025-08-01,56.0,Paid
1646,114,2025-09-01,56.0,Paid
1647,114,2025-10-01,56.0,Paid
1648,114,2025-11-01,56.0,Failed
1649,114,2025-12-01,56.0,Paid
1650,114,2026-01-01,56.0,Paid
1651,114,2026-02-01,56.0,Paid
1652,114,2026-03-01,56.0,Paid
1653,114,2026-04-01,56.0,Paid
1654,114,2026-05-01,56.0,Failed
1655,114,2026-06-01,56.0,Paid
1656,114,2026-07-01,56.0,Paid
1657,115,2024-07-01,64.0,Paid
1658,115,2024-08-01,64.0,Paid
1659,115,2024-09-01,64.0,Paid
1660,115,2024-10-01,64.0,Failed
1661,115,2024-11-01,64.0,Paid
1662,115,2024-12-01,64.0,Paid
1663,115,2025-01-01,64.0,Failed
1664,115,2025-02-01,64.0,Paid
1665,115,2025-03-01,64.0,Paid
1666,115,2025-04-01,64.0,Paid
1667,115,2025-05-01,64.0,Paid
1668,115,2025-06-01,64.0,Paid
1669,115,2025-07-01,64.0,Paid
1670,115,2025-08-01,64.0,Paid
1671,115,2025-09-01,64.0,Paid
1672,115,2025-10-01,64.0,Paid
1673,115,2025-11-01,64.0,Paid
1674,115,2025-12-01,64.0,Paid
1675,115,2026-01-01,64.0,Paid
1676,115,2026-02-01,64.0,Paid
1677,115,2026-03-01,64.0,Paid
1678,115,2026-04-01,64.0,Paid
1679,115,2026-05-01,64.0,Paid
1680,115,2026-06-01,64.0,Paid
1681,115,2026-07-01,64.0,Paid
1682,116,2024-07-01,56.0,Paid
1683,116,2024-08-01,56.0,Paid
1684,116,2024-09-01,56.0,Paid
1685,116,2024-10-01,56.0,Paid
1686,116,2024-11-01,56.0,Paid
1687,116,2024-12-01,56.0,Paid
1688,116,2025-01-01,56.0,Paid
1689,116,2025-02-01,56.0,Paid
1690,116,2025-03-01,56.0,Paid
1691,116,2025-04-01,56.0,Paid
1692,116,2025-05-01,56.0,Paid
1693,116,2025-06-01,56.0,Paid
1694,116,2025-07-01,56.0,Paid
1695,116,2025-08-01,56.0,Paid
1696,116,2025-09-01,56.0,Paid
1697,116,2025-10-01,56.0,Paid
1698,116,2025-11-01,56.0,Paid
1699,116,2025-12-01,56.0,Paid
1700,116,2026-01-01,56.0,Paid
1701,116,2026-02-01,56.0,Paid
1702,116,2026-03-01,56.0,Paid
1703,116,2026-04-01,56.0,Paid
1704,116,2026-05-01,56.0,Paid
1705,116,2026-06-01,56.0,Paid
1706,116,2026-07-01,56.0,Paid
1707,117,2024-06-01,45.0,Paid
1708,117,2024-07-01,45.0,Paid
1709,117,2024-08-01,45.0,Paid
1710,117,2024-09-01,45.0,Paid
1711,117,2024-10-01,45.0,Paid
1712,117,2024-11-01,45.0,Paid
1713,117,2024-12-01,45.0,Paid
1714,117,2025-01-01,45.0,Paid
1715,117,2025-02-01,45.0,Paid
1716,117,2025-03-01,45.0,Paid
1717,117,2025-04-01,45.0,Paid
1718,117,2025-05-01,45.0,Paid
1719,117,2025-06-01,45.0,Paid
1720,117,2025-07-01,45.0,Paid
1721,117,2025-08-01,45.0,Paid
1722,117,2025-09-01,45.0,Paid
1723,117,2025-10-01,45.0,Paid
1724,117,2025-11-01,45.0,Paid
1725,117,2025-12-01,45.0,Paid
1726,117,2026-01-01,45.0,Paid
1727,117,2026-02-01,45.0,Paid
1728,117,2026-03-01,45.0,Paid
1729,117,2026-04-01,45.0,Paid
1730,117,2026-05-01,45.0,Paid
1731,117,2026-06-01,45.0,Paid
1732,117,2026-07-01,45.0,Paid
1733,118,2025-03-01,45.0,Paid
1734,118,2025-04-01,45.0,Paid
1735,118,2025-05-01,45.0,Paid
1736,118,2025-06-01,45.0,Paid
1737,118,2025-07-01,45.0,Paid
1738,118,2025-08-01,45.0,Paid
1739,118,2025-09-01,45.0,Paid
1740,118,2025-10-01,45.0,Paid
1741,118,2025-11-01,45.0,Paid
1742,118,2025-12-01,45.0,Paid
1743,118,2026-01-01,45.0,Paid
1744,118,2026-02-01,45.0,Paid
1745,118,2026-03-01,45.0,Paid
1746,118,2026-04-01,45.0,Paid
1747,118,2026-05-01,45.0,Paid
1748,118,2026-06-01,45.0,Paid
1749,118,2026-07-01,45.0,Paid
1750,119,2026-02-01,45.0,Paid
1751,119,2026-03-01,45.0,Paid
1752,119,2026-04-01,45.0,Paid
1753,119,2026-05-01,45.0,Paid
1754,119,2026-06-01,45.0,Paid
1755,119,2026-07-01,45.0,Failed
1756,120,2024-01-01,56.0,Paid
1757,120,2024-02-01,56.0,Paid
1758,120,2024-03-01,56.0,Paid
1759,120,2024-04-01,56.0,Paid
1760,120,2024-05-01,56.0,Paid
1761,120,2024-06-01,56.0,Paid
1762,120,2024-07-01,56.0,Paid
1763,120,2024-08-01,56.0,Paid
1764,120,2024-09-01,56.0,Paid
1765,120,2024-10-01,56.0,Paid
1766,120,2024-11-01,56.0,Paid
1767,120,2024-12-01,56.0,Paid
1768,120,2025-01-01,56.0,Paid
1769,120,2025-02-01,56.0,Paid
1770,120,2025-03-01,56.0,Paid
1771,120,2025-04-01,56.0,Paid
1772,120,2025-05-01,56.0,Paid
1773,120,2025-06-01,56.0,Paid
1774,120,2025-07-01,56.0,Paid
1775,120,2025-08-01,56.0,Paid
1776,120,2025-09-01,56.0,Paid
1777,120,2025-10-01,56.0,Paid
1778,120,2025-11-01,56.0,Paid
1779,120,2025-12-01,56.0,Paid
1780,120,2026-01-01,56.0,Paid
1781,120,2026-02-01,56.0,Paid
1782,120,2026-03-01,56.0,Paid
1783,120,2026-04-01,56.0,Paid
1784,120,2026-05-01,56.0,Paid
1785,120,2026-06-01,56.0,Paid
1786,120,2026-07-01,56.0,Paid
1787,121,2025-09-01,39.0,Paid
1788,121,2025-10-01,39.0,Paid
1789,121,2025-11-01,39.0,Paid
1790,122,2024-07-01,56.0,Paid
1791,122,2024-08-01,56.0,Paid
1792,122,2024-09-01,56.0,Paid
1793,122,2024-10-01,56.0,Paid
1794,122,2024-11-01,56.0,Paid
1795,122,2024-12-01,56.0,Paid
1796,122,2025-01-01,56.0,Paid
1797,122,2025-02-01,56.0,Paid
1798,122,2025-03-01,56.0,Paid
1799,122,2025-04-01,56.0,Paid
1800,122,2025-05-01,56.0,Paid
1801,122,2025-06-01,56.0,Paid
1802,122,2025-07-01,56.0,Paid
1803,122,2025-08-01,56.0,Paid
1804,122,2025-09-01,56.0,Paid
1805,122,2025-10-01,56.0,Paid
1806,122,2025-11-01,56.0,Paid
1807,122,2025-12-01,56.0,Paid
1808,122,2026-01-01,56.0,Paid
1809,122,2026-02-01,56.0,Paid
1810,122,2026-03-01,56.0,Paid
1811,122,2026-04-01,56.0,Failed
1812,122,2026-05-01,56.0,Paid
1813,122,2026-06-01,56.0,Paid
1814,122,2026-07-01,56.0,Paid
1815,123,2024-11-01,64.0,Paid
1816,123,2024-12-01,64.0,Paid
1817,123,2025-01-01,64.0,Paid
1818,123,2025-02-01,64.0,Failed
1819,123,2025-03-01,64.0,Paid
1820,123,2025-04-01,64.0,Paid
1821,123,2025-05-01,64.0,Failed
1822,123,2025-06-01,64.0,Paid
1823,123,2025-07-01,64.0,Paid
1824,123,2025-08-01,64.0,Paid
1825,123,2025-09-01,64.0,Paid
1826,123,2025-10-01,64.0,Paid
1827,123,2025-11-01,64.0,Paid
1828,123,2025-12-01,64.0,Paid
1829,123,2026-01-01,64.0,Paid
1830,123,2026-02-01,64.0,Paid
1831,123,2026-03-01,64.0,Paid
1832,123,2026-04-01,64.0,Paid
1833,123,2026-05-01,64.0,Paid
1834,123,2026-06-01,64.0,Paid
1835,123,2026-07-01,64.0,Failed
1836,124,2026-02-01,56.0,Paid
1837,124,2026-03-01,56.0,Paid
1838,124,2026-04-01,56.0,Paid
1839,124,2026-05-01,56.0,Paid
1840,124,2026-06-01,56.0,Paid
1841,124,2026-07-01,56.0,Paid
1842,125,2024-08-01,39.0,Paid
1843,125,2024-09-01,39.0,Paid
1844,125,2024-10-01,39.0,Paid
1845,125,2024-11-01,39.0,Paid
1846,125,2024-12-01,39.0,Paid
1847,125,2025-01-01,39.0,Paid
1848,125,2025-02-01,39.0,Paid
1849,125,2025-03-01,39.0,Paid
1850,125,2025-04-01,39.0,Paid
1851,125,2025-05-01,39.0,Paid
1852,125,2025-06-01,39.0,Paid
1853,125,2025-07-01,39.0,Paid
1854,125,2025-08-01,39.0,Paid
1855,125,2025-09-01,39.0,Paid
1856,125,2025-10-01,39.0,Paid
1857,125,2025-11-01,39.0,Paid
1858,125,2025-12-01,39.0,Paid
1859,125,2026-01-01,39.0,Paid
1860,125,2026-02-01,39.0,Paid
1861,125,2026-03-01,39.0,Failed
1862,125,2026-04-01,39.0,Paid
1863,125,2026-05-01,39.0,Paid
1864,125,2026-06-01,39.0,Paid
1865,125,2026-07-01,39.0,Paid
1866,126,2024-07-01,64.0,Failed
1867,126,2024-08-01,64.0,Paid
1868,126,2024-09-01,64.0,Paid
1869,126,2024-10-01,64.0,Paid
1870,126,2024-11-01,64.0,Failed
1871,126,2024-12-01,64.0,Paid
1872,126,2025-01-01,64.0,Paid
1873,126,2025-02-01,64.0,Paid
1874,126,2025-03-01,64.0,Paid
1875,126,2025-04-01,64.0,Paid
1876,126,2025-05-01,64.0,Paid
1877,126,2025-06-01,64.0,Paid
1878,126,2025-07-01,64.0,Paid
1879,126,2025-08-01,64.0,Paid
1880,126,2025-09-01,64.0,Paid
1881,126,2025-10-01,64.0,Paid
1882,126,2025-11-01,64.0,Paid
1883,126,2025-12-01,64.0,Paid
1884,126,2026-01-01,64.0,Paid
1885,126,2026-02-01,64.0,Paid
1886,126,2026-03-01,64.0,Paid
1887,126,2026-04-01,64.0,Paid
1888,126,2026-05-01,64.0,Paid
1889,126,2026-06-01,64.0,Failed
1890,126,2026-07-01,64.0,Paid
1891,127,2026-03-01,56.0,Paid
1892,127,2026-04-01,56.0,Paid
1893,127,2026-05-01,56.0,Paid
1894,127,2026-06-01,56.0,Paid
1895,128,2024-11-01,39.0,Paid
1896,128,2024-12-01,39.0,Paid
1897,128,2025-01-01,39.0,Paid
1898,128,2025-02-01,39.0,Paid
1899,128,2025-03-01,39.0,Paid
1900,128,2025-04-01,39.0,Paid
1901,128,2025-05-01,39.0,Paid
1902,128,2025-06-01,39.0,Paid
1903,128,2025-07-01,39.0,Paid
1904,128,2025-08-01,39.0,Paid
1905,128,2025-09-01,39.0,Paid
1906,128,2025-10-01,39.0,Failed
1907,128,2025-11-01,39.0,Paid
1908,128,2025-12-01,39.0,Paid
1909,128,2026-01-01,39.0,Paid
1910,128,2026-02-01,39.0,Paid
1911,128,2026-03-01,39.0,Paid
1912,128,2026-04-01,39.0,Paid
1913,128,2026-05-01,39.0,Paid
1914,128,2026-06-01,39.0,Paid
1915,128,2026-07-01,39.0,Paid
1916,129,2026-04-01,45.0,Paid
1917,129,2026-05-01,45.0,Paid
1918,129,2026-06-01,45.0,Paid
1919,129,2026-07-01,45.0,Paid
1920,130,2025-07-01,56.0,Paid
1921,130,2025-08-01,56.0,Paid
1922,130,2025-09-01,56.0,Paid
1923,130,2025-10-01,56.0,Paid
1924,131,2025-04-01,39.0,Paid
1925,131,2025-05-01,39.0,Paid
1926,131,2025-06-01,39.0,Paid
1927,131,2025-07-01,39.0,Paid
1928,131,2025-08-01,39.0,Paid
1929,131,2025-09-01,39.0,Paid
1930,131,2025-10-01,39.0,Paid
1931,131,2025-11-01,39.0,Paid
1932,131,2025-12-01,39.0,Paid
1933,131,2026-01-01,39.0,Paid
1934,131,2026-02-01,39.0,Paid
1935,131,2026-03-01,39.0,Paid
1936,131,2026-04-01,39.0,Paid
1937,131,2026-05-01,39.0,Paid
1938,131,2026-06-01,39.0,Paid
1939,131,2026-07-01,39.0,Paid
1940,132,2025-04-01,39.0,Paid
1941,132,2025-05-01,39.0,Paid
1942,132,2025-06-01,39.0,Paid
1943,132,2025-07-01,39.0,Paid
1944,132,2025-08-01,39.0,Paid
1945,132,2025-09-01,39.0,Paid
1946,132,2025-10-01,39.0,Paid
1947,132,2025-11-01,39.0,Paid
1948,132,2025-12-01,39.0,Paid
1949,132,2026-01-01,39.0,Failed
1950,132,2026-02-01,39.0,Paid
1951,132,2026-03-01,39.0,Paid
1952,132,2026-04-01,39.0,Paid
1953,132,2026-05-01,39.0,Paid
1954,132,2026-06-01,39.0,Paid
1955,132,2026-07-01,39.0,Paid
1956,133,2025-07-01,56.0,Paid
1957,133,2025-08-01,56.0,Paid
1958,133,2025-09-01,56.0,Paid
1959,133,2025-10-01,56.0,Failed
1960,133,2025-11-01,56.0,Paid
1961,133,2025-12-01,56.0,Paid
1962,133,2026-01-01,56.0,Failed
1963,133,2026-02-01,56.0,Paid
1964,133,2026-03-01,56.0,Paid
1965,133,2026-04-01,56.0,Paid
1966,133,2026-05-01,56.0,Paid
1967,133,2026-06-01,56.0,Paid
1968,133,2026-07-01,56.0,Paid
1969,134,2024-07-01,45.0,Paid
1970,134,2024-08-01,45.0,Paid
1971,134,2024-09-01,45.0,Paid
1972,134,2024-10-01,45.0,Paid
1973,134,2024-11-01,45.0,Paid
1974,134,2024-12-01,45.0,Paid
1975,134,2025-01-01,45.0,Paid
1976,134,2025-02-01,45.0,Paid
1977,134,2025-03-01,45.0,Paid
1978,134,2025-04-01,45.0,Paid
1979,134,2025-05-01,45.0,Paid
1980,134,2025-06-01,45.0,Paid
1981,134,2025-07-01,45.0,Paid
1982,134,2025-08-01,45.0,Paid
1983,134,2025-09-01,45.0,Paid
1984,134,2025-10-01,45.0,Paid
1985,134,2025-11-01,45.0,Paid
1986,134,2025-12-01,45.0,Paid
1987,134,2026-01-01,45.0,Paid
1988,134,2026-02-01,45.0,Paid
1989,134,2026-03-01,45.0,Paid
1990,134,2026-04-01,45.0,Paid
1991,134,2026-05-01,45.0,Paid
1992,134,2026-06-01,45.0,Paid
1993,134,2026-07-01,45.0,Paid
1994,135,2025-09-01,64.0,Paid
1995,135,2025-10-01,64.0,Paid
1996,135,2025-11-01,64.0,Paid
1997,135,2025-12-01,64.0,Paid
1998,135,2026-01-01,64.0,Paid
1999,135,2026-02-01,64.0,Paid
2000,135,2026-03-01,64.0,Paid
2001,135,2026-04-01,64.0,Paid
2002,135,2026-05-01,64.0,Paid
2003,135,2026-06-01,64.0,Paid
2004,135,2026-07-01,64.0,Paid
2005,136,2024-02-01,45.0,Paid
2006,136,2024-03-01,45.0,Paid
2007,136,2024-04-01,45.0,Paid
2008,136,2024-05-01,45.0,Paid
2009,136,2024-06-01,45.0,Paid
2010,136,2024-07-01,45.0,Paid
2011,136,2024-08-01,45.0,Paid
2012,136,2024-09-01,45.0,Paid
2013,136,2024-10-01,45.0,Paid
2014,136,2024-11-01,45.0,Paid
2015,136,2024-12-01,45.0,Paid
2016,136,2025-01-01,45.0,Paid
2017,136,2025-02-01,45.0,Paid
2018,136,2025-03-01,45.0,Paid
2019,136,2025-04-01,45.0,Paid
2020,136,2025-05-01,45.0,Paid
2021,136,2025-06-01,45.0,Paid
2022,136,2025-07-01,45.0,Paid
2023,136,2025-08-01,45.0,Paid
2024,136,2025-09-01,45.0,Paid
2025,136,2025-10-01,45.0,Paid
2026,136,2025-11-01,45.0,Paid
2027,136,2025-12-01,45.0,Paid
2028,136,2026-01-01,45.0,Paid
2029,136,2026-02-01,45.0,Paid
2030,136,2026-03-01,45.0,Paid
2031,136,2026-04-01,45.0,Paid
2032,136,2026-05-01,45.0,Paid
2033,136,2026-06-01,45.0,Paid
2034,136,2026-07-01,45.0,Paid
2035,137,2026-03-01,56.0,Paid
2036,137,2026-04-01,56.0,Paid
2037,137,2026-05-01,56.0,Paid
2038,137,2026-06-01,56.0,Paid
2039,137,2026-07-01,56.0,Paid
2040,138,2025-05-01,39.0,Paid
2041,138,2025-06-01,39.0,Paid
2042,138,2025-07-01,39.0,Paid
2043,138,2025-08-01,39.0,Paid
2044,138,2025-09-01,39.0,Paid
2045,138,2025-10-01,39.0,Paid
2046,138,2025-11-01,39.0,Paid
2047,138,2025-12-01,39.0,Paid
2048,138,2026-01-01,39.0,Paid
2049,138,2026-02-01,39.0,Paid
2050,138,2026-03-01,39.0,Paid
2051,138,2026-04-01,39.0,Paid
2052,138,2026-05-01,39.0,Paid
2053,138,2026-06-01,39.0,Paid
2054,138,2026-07-01,39.0,Paid
2055,139,2024-07-01,64.0,Paid
2056,139,2024-08-01,64.0,Paid
2057,139,2024-09-01,64.0,Paid
2058,139,2024-10-01,64.0,Paid
2059,139,2024-11-01,64.0,Paid
2060,139,2024-12-01,64.0,Paid
2061,139,2025-01-01,64.0,Paid
2062,139,2025-02-01,64.0,Paid
2063,139,2025-03-01,64.0,Failed
2064,139,2025-04-01,64.0,Paid
2065,139,2025-05-01,64.0,Paid
2066,139,2025-06-01,64.0,Paid
2067,139,2025-07-01,64.0,Paid
2068,139,2025-08-01,64.0,Failed
2069,139,2025-09-01,64.0,Paid
2070,139,2025-10-01,64.0,Paid
2071,139,2025-11-01,64.0,Paid
2072,139,2025-12-01,64.0,Paid
2073,139,2026-01-01,64.0,Paid
2074,139,2026-02-01,64.0,Failed
2075,139,2026-03-01,64.0,Paid
2076,139,2026-04-01,64.0,Paid
2077,139,2026-05-01,64.0,Paid
2078,139,2026-06-01,64.0,Paid
2079,139,2026-07-01,64.0,Paid
2080,140,2025-02-01,39.0,Paid
2081,140,2025-03-01,39.0,Paid
2082,140,2025-04-01,39.0,Paid
2083,140,2025-05-01,39.0,Paid
2084,140,2025-06-01,39.0,Paid
2085,140,2025-07-01,39.0,Paid
2086,140,2025-08-01,39.0,Paid
2087,140,2025-09-01,39.0,Paid
2088,140,2025-10-01,39.0,Paid
2089,140,2025-11-01,39.0,Paid
2090,140,2025-12-01,39.0,Paid
2091,140,2026-01-01,39.0,Failed
2092,140,2026-02-01,39.0,Paid
2093,140,2026-03-01,39.0,Paid
2094,140,2026-04-01,39.0,Paid
2095,140,2026-05-01,39.0,Paid
2096,140,2026-06-01,39.0,Paid
2097,140,2026-07-01,39.0,Paid
2098,141,2026-06-01,45.0,Paid
2099,141,2026-07-01,45.0,Paid
2100,142,2025-07-01,39.0,Paid
2101,142,2025-08-01,39.0,Paid
2102,142,2025-09-01,39.0,Paid
2103,142,2025-10-01,39.0,Paid
2104,142,2025-11-01,39.0,Paid
2105,142,2025-12-01,39.0,Paid
2106,142,2026-01-01,39.0,Paid
2107,142,2026-02-01,39.0,Paid
2108,142,2026-03-01,39.0,Paid
2109,142,2026-04-01,39.0,Paid
2110,142,2026-05-01,39.0,Paid
2111,142,2026-06-01,39.0,Failed
2112,142,2026-07-01,39.0,Paid
2113,143,2024-09-01,64.0,Paid
2114,143,2024-10-01,64.0,Paid
2115,143,2024-11-01,64.0,Paid
2116,143,2024-12-01,64.0,Failed
2117,143,2025-01-01,64.0,Paid
2118,143,2025-02-01,64.0,Paid
2119,143,2025-03-01,64.0,Paid
2120,143,2025-04-01,64.0,Paid
2121,143,2025-05-01,64.0,Paid
2122,143,2025-06-01,64.0,Paid
2123,143,2025-07-01,64.0,Paid
2124,143,2025-08-01,64.0,Paid
2125,143,2025-09-01,64.0,Paid
2126,144,2025-05-01,56.0,Paid
2127,144,2025-06-01,56.0,Paid
2128,144,2025-07-01,56.0,Failed
2129,144,2025-08-01,56.0,Paid
2130,144,2025-09-01,56.0,Failed
2131,144,2025-10-01,56.0,Paid
2132,144,2025-11-01,56.0,Paid
2133,144,2025-12-01,56.0,Paid
2134,144,2026-01-01,56.0,Paid
2135,144,2026-02-01,56.0,Paid
2136,144,2026-03-01,56.0,Failed
2137,144,2026-04-01,56.0,Paid
2138,144,2026-05-01,56.0,Failed
2139,144,2026-06-01,56.0,Paid
2140,144,2026-07-01,56.0,Paid
2141,145,2024-02-01,45.0,Paid
2142,145,2024-03-01,45.0,Paid
2143,145,2024-04-01,45.0,Paid
2144,145,2024-05-01,45.0,Paid
2145,145,2024-06-01,45.0,Paid
2146,145,2024-07-01,45.0,Paid
2147,145,2024-08-01,45.0,Paid
2148,145,2024-09-01,45.0,Paid
2149,145,2024-10-01,45.0,Paid
2150,145,2024-11-01,45.0,Paid
2151,145,2024-12-01,45.0,Paid
2152,145,2025-01-01,45.0,Paid
2153,145,2025-02-01,45.0,Paid
2154,145,2025-03-01,45.0,Paid
2155,145,2025-04-01,45.0,Paid
2156,145,2025-05-01,45.0,Paid
2157,145,2025-06-01,45.0,Paid
2158,145,2025-07-01,45.0,Paid
2159,145,2025-08-01,45.0,Paid
2160,145,2025-09-01,45.0,Paid
2161,145,2025-10-01,45.0,Paid
2162,145,2025-11-01,45.0,Paid
2163,145,2025-12-01,45.0,Paid
2164,145,2026-01-01,45.0,Paid
2165,145,2026-02-01,45.0,Paid
2166,145,2026-03-01,45.0,Paid
2167,145,2026-04-01,45.0,Paid
2168,145,2026-05-01,45.0,Paid
2169,145,2026-06-01,45.0,Paid
2170,145,2026-07-01,45.0,Paid
2171,146,2025-12-01,39.0,Paid
2172,146,2026-01-01,39.0,Paid
2173,146,2026-02-01,39.0,Paid
2174,146,2026-03-01,39.0,Paid
2175,146,2026-04-01,39.0,Paid
2176,146,2026-05-01,39.0,Paid
2177,146,2026-06-01,39.0,Paid
2178,146,2026-07-01,39.0,Paid
2179,147,2026-04-01,64.0,Paid
2180,147,2026-05-01,64.0,Paid
2181,147,2026-06-01,64.0,Paid
2182,148,2025-05-01,64.0,Paid
2183,148,2025-06-01,64.0,Failed
2184,148,2025-07-01,64.0,Paid
2185,148,2025-08-01,64.0,Paid
2186,148,2025-09-01,64.0,Paid
2187,148,2025-10-01,64.0,Paid
2188,148,2025-11-01,64.0,Paid
2189,148,2025-12-01,64.0,Paid
2190,148,2026-01-01,64.0,Failed
2191,148,2026-02-01,64.0,Failed
2192,148,2026-03-01,64.0,Paid
2193,148,2026-04-01,64.0,Paid
2194,148,2026-05-01,64.0,Paid
2195,148,2026-06-01,64.0,Paid
2196,148,2026-07-01,64.0,Paid
2197,149,2024-05-01,64.0,Paid
2198,149,2024-06-01,64.0,Failed
2199,149,2024-07-01,64.0,Paid
2200,149,2024-08-01,64.0,Paid
2201,149,2024-09-01,64.0,Paid
2202,149,2024-10-01,64.0,Paid
2203,149,2024-11-01,64.0,Paid
2204,149,2024-12-01,64.0,Paid
2205,149,2025-01-01,64.0,Paid
2206,149,2025-02-01,64.0,Paid
2207,149,2025-03-01,64.0,Paid
2208,149,2025-04-01,64.0,Paid
2209,149,2025-05-01,64.0,Paid
2210,149,2025-06-01,64.0,Paid
2211,149,2025-07-01,64.0,Paid
2212,149,2025-08-01,64.0,Paid
2213,149,2025-09-01,64.0,Paid
2214,149,2025-10-01,64.0,Paid
2215,149,2025-11-01,64.0,Paid
2216,149,2025-12-01,64.0,Failed
2217,149,2026-01-01,64.0,Paid
2218,149,2026-02-01,64.0,Paid
2219,149,2026-03-01,64.0,Paid
2220,149,2026-04-01,64.0,Paid
2221,149,2026-05-01,64.0,Paid
2222,149,2026-06-01,64.0,Failed
2223,149,2026-07-01,64.0,Paid
2224,150,2024-06-01,45.0,Paid
2225,150,2024-07-01,45.0,Paid
2226,150,2024-08-01,45.0,Paid
2227,150,2024-09-01,45.0,Paid
2228,150,2024-10-01,45.0,Paid
2229,150,2024-11-01,45.0,Paid
2230,150,2024-12-01,45.0,Paid
2231,150,2025-01-01,45.0,Paid
2232,150,2025-02-01,45.0,Paid
2233,150,2025-03-01,45.0,Paid
2234,150,2025-04-01,45.0,Paid
2235,150,2025-05-01,45.0,Paid
2236,150,2025-06-01,45.0,Paid
2237,150,2025-07-01,45.0,Paid
2238,150,2025-08-01,45.0,Paid
2239,150,2025-09-01,45.0,Paid
2240,150,2025-10-01,45.0,Paid
2241,150,2025-11-01,45.0,Paid
2242,150,2025-12-01,45.0,Paid
2243,150,2026-01-01,45.0,Paid
2244,151,2025-02-01,39.0,Failed
2245,151,2025-03-01,39.0,Paid
2246,151,2025-04-01,39.0,Paid
2247,151,2025-05-01,39.0,Paid
2248,151,2025-06-01,39.0,Paid
2249,151,2025-07-01,39.0,Paid
2250,151,2025-08-01,39.0,Paid
2251,151,2025-09-01,39.0,Paid
2252,151,2025-10-01,39.0,Paid
2253,151,2025-11-01,39.0,Paid
2254,151,2025-12-01,39.0,Failed
2255,151,2026-01-01,39.0,Paid
2256,151,2026-02-01,39.0,Paid
2257,152,2024-09-01,64.0,Paid
2258,152,2024-10-01,64.0,Paid
2259,152,2024-11-01,64.0,Paid
2260,152,2024-12-01,64.0,Paid
2261,152,2025-01-01,64.0,Paid
2262,152,2025-02-01,64.0,Paid
2263,152,2025-03-01,64.0,Paid
2264,152,2025-04-01,64.0,Paid
2265,152,2025-05-01,64.0,Paid
2266,152,2025-06-01,64.0,Paid
2267,152,2025-07-01,64.0,Paid
2268,152,2025-08-01,64.0,Paid
2269,152,2025-09-01,64.0,Failed
2270,152,2025-10-01,64.0,Paid
2271,152,2025-11-01,64.0,Paid
2272,152,2025-12-01,64.0,Paid
2273,152,2026-01-01,64.0,Paid
2274,152,2026-02-01,64.0,Paid
2275,152,2026-03-01,64.0,Paid
2276,152,2026-04-01,64.0,Paid
2277,152,2026-05-01,64.0,Paid
2278,152,2026-06-01,64.0,Paid
2279,152,2026-07-01,64.0,Paid
2280,153,2025-12-01,56.0,Paid
2281,153,2026-01-01,56.0,Paid
2282,153,2026-02-01,56.0,Paid
2283,153,2026-03-01,56.0,Paid
2284,153,2026-04-01,56.0,Paid
2285,153,2026-05-01,56.0,Paid
2286,153,2026-06-01,56.0,Paid
2287,153,2026-07-01,56.0,Paid
2288,154,2025-01-01,39.0,Paid
2289,154,2025-02-01,39.0,Paid
2290,154,2025-03-01,39.0,Paid
2291,154,2025-04-01,39.0,Paid
2292,154,2025-05-01,39.0,Paid
2293,154,2025-06-01,39.0,Paid
2294,155,2024-04-01,64.0,Paid
2295,155,2024-05-01,64.0,Paid
2296,155,2024-06-01,64.0,Paid
2297,155,2024-07-01,64.0,Paid
2298,155,2024-08-01,64.0,Paid
2299,155,2024-09-01,64.0,Failed
2300,155,2024-10-01,64.0,Paid
2301,155,2024-11-01,64.0,Paid
2302,155,2024-12-01,64.0,Paid
2303,155,2025-01-01,64.0,Paid
2304,155,2025-02-01,64.0,Paid
2305,155,2025-03-01,64.0,Failed
2306,155,2025-04-01,64.0,Paid
2307,155,2025-05-01,64.0,Paid
2308,155,2025-06-01,64.0,Paid
2309,155,2025-07-01,64.0,Failed
2310,155,2025-08-01,64.0,Paid
2311,155,2025-09-01,64.0,Paid
2312,155,2025-10-01,64.0,Paid
2313,155,2025-11-01,64.0,Failed
2314,155,2025-12-01,64.0,Paid
2315,155,2026-01-01,64.0,Failed
2316,155,2026-02-01,64.0,Paid
2317,155,2026-03-01,64.0,Failed
2318,155,2026-04-01,64.0,Failed
2319,155,2026-05-01,64.0,Paid
2320,155,2026-06-01,64.0,Failed
2321,155,2026-07-01,64.0,Paid
2322,156,2025-09-01,56.0,Paid
2323,156,2025-10-01,56.0,Paid
2324,156,2025-11-01,56.0,Paid
2325,156,2025-12-01,56.0,Paid
2326,156,2026-01-01,56.0,Paid
2327,156,2026-02-01,56.0,Paid
2328,156,2026-03-01,56.0,Paid
2329,157,2026-02-01,56.0,Paid
2330,157,2026-03-01,56.0,Paid
2331,157,2026-04-01,56.0,Paid
2332,157,2026-05-01,56.0,Paid
2333,157,2026-06-01,56.0,Paid
2334,157,2026-07-01,56.0,Paid
2335,158,2024-01-01,39.0,Paid
2336,158,2024-02-01,39.0,Paid
2337,158,2024-03-01,39.0,Paid
2338,158,2024-04-01,39.0,Paid
2339,158,2024-05-01,39.0,Paid
2340,158,2024-06-01,39.0,Paid
2341,158,2024-07-01,39.0,Paid
2342,158,2024-08-01,39.0,Paid
2343,158,2024-09-01,39.0,Paid
2344,158,2024-10-01,39.0,Paid
2345,158,2024-11-01,39.0,Paid
2346,158,2024-12-01,39.0,Paid
2347,158,2025-01-01,39.0,Paid
2348,158,2025-02-01,39.0,Paid
2349,158,2025-03-01,39.0,Paid
2350,158,2025-04-01,39.0,Paid
2351,158,2025-05-01,39.0,Paid
2352,158,2025-06-01,39.0,Paid
2353,158,2025-07-01,39.0,Paid
2354,158,2025-08-01,39.0,Paid
2355,158,2025-09-01,39.0,Paid
2356,158,2025-10-01,39.0,Paid
2357,158,2025-11-01,39.0,Paid
2358,158,2025-12-01,39.0,Paid
2359,158,2026-01-01,39.0,Paid
2360,158,2026-02-01,39.0,Paid
2361,158,2026-03-01,39.0,Paid
2362,158,2026-04-01,39.0,Paid
2363,158,2026-05-01,39.0,Failed
2364,158,2026-06-01,39.0,Paid
2365,158,2026-07-01,39.0,Paid
2366,159,2026-04-01,64.0,Paid
2367,159,2026-05-01,64.0,Paid
2368,159,2026-06-01,64.0,Paid
2369,159,2026-07-01,64.0,Paid
2370,160,2024-05-01,64.0,Paid
2371,160,2024-06-01,64.0,Paid
2372,160,2024-07-01,64.0,Failed
2373,160,2024-08-01,64.0,Paid
2374,160,2024-09-01,64.0,Paid
2375,160,2024-10-01,64.0,Paid
2376,160,2024-11-01,64.0,Paid
2377,160,2024-12-01,64.0,Paid
2378,160,2025-01-01,64.0,Paid
2379,160,2025-02-01,64.0,Paid
2380,160,2025-03-01,64.0,Paid
2381,160,2025-04-01,64.0,Paid
2382,160,2025-05-01,64.0,Failed
2383,160,2025-06-01,64.0,Paid
2384,160,2025-07-01,64.0,Failed
2385,160,2025-08-01,64.0,Paid
2386,160,2025-09-01,64.0,Paid
2387,160,2025-10-01,64.0,Paid
2388,160,2025-11-01,64.0,Paid
2389,160,2025-12-01,64.0,Paid
2390,160,2026-01-01,64.0,Paid
2391,160,2026-02-01,64.0,Paid
2392,160,2026-03-01,64.0,Paid
2393,160,2026-04-01,64.0,Paid
2394,160,2026-05-01,64.0,Paid
2395,160,2026-06-01,64.0,Paid
2396,160,2026-07-01,64.0,Paid
2397,161,2024-07-01,45.0,Paid
2398,161,2024-08-01,45.0,Paid
2399,161,2024-09-01,45.0,Paid
2400,161,2024-10-01,45.0,Paid
2401,161,2024-11-01,45.0,Paid
2402,161,2024-12-01,45.0,Paid
2403,161,2025-01-01,45.0,Paid
2404,161,2025-02-01,45.0,Paid
2405,161,2025-03-01,45.0,Paid
2406,161,2025-04-01,45.0,Paid
2407,161,2025-05-01,45.0,Paid
2408,161,2025-06-01,45.0,Paid
2409,161,2025-07-01,45.0,Paid
2410,161,2025-08-01,45.0,Paid
2411,161,2025-09-01,45.0,Paid
2412,161,2025-10-01,45.0,Paid
2413,161,2025-11-01,45.0,Paid
2414,161,2025-12-01,45.0,Paid
2415,161,2026-01-01,45.0,Paid
2416,161,2026-02-01,45.0,Paid
2417,161,2026-03-01,45.0,Paid
2418,161,2026-04-01,45.0,Paid
2419,161,2026-05-01,45.0,Paid
2420,161,2026-06-01,45.0,Paid
2421,161,2026-07-01,45.0,Paid
2422,162,2025-02-01,56.0,Paid
2423,162,2025-03-01,56.0,Failed
2424,162,2025-04-01,56.0,Paid
2425,162,2025-05-01,56.0,Paid
2426,162,2025-06-01,56.0,Paid
2427,162,2025-07-01,56.0,Paid
2428,162,2025-08-01,56.0,Paid
2429,162,2025-09-01,56.0,Paid
2430,162,2025-10-01,56.0,Paid
2431,162,2025-11-01,56.0,Paid
2432,162,2025-12-01,56.0,Paid
2433,162,2026-01-01,56.0,Paid
2434,162,2026-02-01,56.0,Paid
2435,162,2026-03-01,56.0,Paid
2436,162,2026-04-01,56.0,Paid
2437,162,2026-05-01,56.0,Paid
2438,162,2026-06-01,56.0,Paid
2439,162,2026-07-01,56.0,Paid
2440,163,2025-12-01,45.0,Paid
2441,163,2026-01-01,45.0,Failed
2442,163,2026-02-01,45.0,Paid
2443,163,2026-03-01,45.0,Paid
2444,163,2026-04-01,45.0,Paid
2445,163,2026-05-01,45.0,Paid
2446,163,2026-06-01,45.0,Paid
2447,163,2026-07-01,45.0,Paid
2448,164,2024-07-01,64.0,Paid
2449,164,2024-08-01,64.0,Paid
2450,164,2024-09-01,64.0,Paid
2451,164,2024-10-01,64.0,Paid
2452,164,2024-11-01,64.0,Paid
2453,164,2024-12-01,64.0,Paid
2454,164,2025-01-01,64.0,Paid
2455,164,2025-02-01,64.0,Paid
2456,164,2025-03-01,64.0,Paid
2457,164,2025-04-01,64.0,Paid
2458,164,2025-05-01,64.0,Paid
2459,164,2025-06-01,64.0,Paid
2460,164,2025-07-01,64.0,Paid
2461,164,2025-08-01,64.0,Paid
2462,164,2025-09-01,64.0,Paid
2463,164,2025-10-01,64.0,Paid
2464,164,2025-11-01,64.0,Paid
2465,164,2025-12-01,64.0,Paid
2466,164,2026-01-01,64.0,Paid
2467,164,2026-02-01,64.0,Paid
2468,164,2026-03-01,64.0,Paid
2469,164,2026-04-01,64.0,Paid
2470,164,2026-05-01,64.0,Paid
2471,164,2026-06-01,64.0,Paid
2472,164,2026-07-01,64.0,Paid
2473,165,2024-12-01,45.0,Paid
2474,165,2025-01-01,45.0,Paid
2475,165,2025-02-01,45.0,Paid
2476,165,2025-03-01,45.0,Paid
2477,165,2025-04-01,45.0,Paid
2478,165,2025-05-01,45.0,Paid
2479,165,2025-06-01,45.0,Paid
2480,165,2025-07-01,45.0,Failed
2481,165,2025-08-01,45.0,Paid
2482,165,2025-09-01,45.0,Paid
2483,165,2025-10-01,45.0,Paid
2484,165,2025-11-01,45.0,Paid
2485,165,2025-12-01,45.0,Paid
2486,165,2026-01-01,45.0,Failed
2487,165,2026-02-01,45.0,Paid
2488,165,2026-03-01,45.0,Failed
2489,165,2026-04-01,45.0,Paid
2490,165,2026-05-01,45.0,Paid
2491,165,2026-06-01,45.0,Paid
2492,165,2026-07-01,45.0,Paid
2493,166,2025-05-01,56.0,Paid
2494,166,2025-06-01,56.0,Paid
2495,166,2025-07-01,56.0,Paid
2496,166,2025-08-01,56.0,Paid
2497,166,2025-09-01,56.0,Paid
2498,166,2025-10-01,56.0,Paid
2499,166,2025-11-01,56.0,Paid
2500,167,2025-08-01,45.0,Paid
2501,167,2025-09-01,45.0,Paid
2502,167,2025-10-01,45.0,Paid
2503,167,2025-11-01,45.0,Paid
2504,167,2025-12-01,45.0,Paid
2505,167,2026-01-01,45.0,Paid
2506,167,2026-02-01,45.0,Paid
2507,167,2026-03-01,45.0,Paid
2508,167,2026-04-01,45.0,Paid
2509,167,2026-05-01,45.0,Paid
2510,167,2026-06-01,45.0,Paid
2511,167,2026-07-01,45.0,Paid
2512,168,2024-10-01,45.0,Paid
2513,168,2024-11-01,45.0,Paid
2514,168,2024-12-01,45.0,Paid
2515,168,2025-01-01,45.0,Paid
2516,168,2025-02-01,45.0,Paid
2517,168,2025-03-01,45.0,Paid
2518,168,2025-04-01,45.0,Paid
2519,168,2025-05-01,45.0,Paid
2520,168,2025-06-01,45.0,Paid
2521,168,2025-07-01,45.0,Paid
2522,168,2025-08-01,45.0,Paid
2523,168,2025-09-01,45.0,Paid
2524,168,2025-10-01,45.0,Paid
2525,168,2025-11-01,45.0,Paid
2526,168,2025-12-01,45.0,Paid
2527,168,2026-01-01,45.0,Paid
2528,168,2026-02-01,45.0,Paid
2529,168,2026-03-01,45.0,Paid
2530,168,2026-04-01,45.0,Paid
2531,168,2026-05-01,45.0,Paid
2532,168,2026-06-01,45.0,Paid
2533,168,2026-07-01,45.0,Paid
2534,169,2025-09-01,56.0,Paid
2535,169,2025-10-01,56.0,Paid
2536,169,2025-11-01,56.0,Paid
2537,169,2025-12-01,56.0,Paid
2538,170,2026-03-01,45.0,Failed
2539,170,2026-04-01,45.0,Paid
2540,170,2026-05-01,45.0,Paid
2541,170,2026-06-01,45.0,Paid
2542,170,2026-07-01,45.0,Paid
2543,171,2024-10-01,45.0,Paid
2544,171,2024-11-01,45.0,Paid
2545,171,2024-12-01,45.0,Paid
2546,171,2025-01-01,45.0,Paid
2547,171,2025-02-01,45.0,Paid
2548,171,2025-03-01,45.0,Failed
2549,171,2025-04-01,45.0,Paid
2550,171,2025-05-01,45.0,Paid
2551,171,2025-06-01,45.0,Paid
2552,171,2025-07-01,45.0,Paid
2553,171,2025-08-01,45.0,Paid
2554,171,2025-09-01,45.0,Paid
2555,171,2025-10-01,45.0,Paid
2556,171,2025-11-01,45.0,Paid
2557,171,2025-12-01,45.0,Paid
2558,171,2026-01-01,45.0,Paid
2559,171,2026-02-01,45.0,Failed
2560,171,2026-03-01,45.0,Paid
2561,171,2026-04-01,45.0,Paid
2562,171,2026-05-01,45.0,Paid
2563,171,2026-06-01,45.0,Paid
2564,171,2026-07-01,45.0,Paid
2565,172,2024-11-01,64.0,Paid
2566,172,2024-12-01,64.0,Failed
2567,172,2025-01-01,64.0,Paid
2568,172,2025-02-01,64.0,Paid
2569,172,2025-03-01,64.0,Paid
2570,172,2025-04-01,64.0,Paid
2571,172,2025-05-01,64.0,Paid
2572,172,2025-06-01,64.0,Failed
2573,172,2025-07-01,64.0,Paid
2574,172,2025-08-01,64.0,Paid
2575,172,2025-09-01,64.0,Paid
2576,172,2025-10-01,64.0,Paid
2577,172,2025-11-01,64.0,Paid
2578,172,2025-12-01,64.0,Paid
2579,172,2026-01-01,64.0,Paid
2580,172,2026-02-01,64.0,Paid
2581,173,2024-02-01,64.0,Paid
2582,173,2024-03-01,64.0,Paid
2583,173,2024-04-01,64.0,Paid
2584,173,2024-05-01,64.0,Paid
2585,173,2024-06-01,64.0,Paid
2586,173,2024-07-01,64.0,Paid
2587,173,2024-08-01,64.0,Paid
2588,173,2024-09-01,64.0,Paid
2589,173,2024-10-01,64.0,Paid
2590,173,2024-11-01,64.0,Paid
2591,173,2024-12-01,64.0,Paid
2592,173,2025-01-01,64.0,Paid
2593,173,2025-02-01,64.0,Paid
2594,173,2025-03-01,64.0,Paid
2595,173,2025-04-01,64.0,Paid
2596,173,2025-05-01,64.0,Failed
2597,173,2025-06-01,64.0,Paid
2598,173,2025-07-01,64.0,Paid
2599,173,2025-08-01,64.0,Paid
2600,173,2025-09-01,64.0,Paid
2601,173,2025-10-01,64.0,Paid
2602,173,2025-11-01,64.0,Paid
2603,173,2025-12-01,64.0,Paid
2604,173,2026-01-01,64.0,Paid
2605,173,2026-02-01,64.0,Paid
2606,173,2026-03-01,64.0,Paid
2607,173,2026-04-01,64.0,Failed
2608,173,2026-05-01,64.0,Paid
2609,173,2026-06-01,64.0,Paid
2610,173,2026-07-01,64.0,Paid
2611,174,2025-10-01,45.0,Paid
2612,174,2025-11-01,45.0,Paid
2613,174,2025-12-01,45.0,Paid
2614,174,2026-01-01,45.0,Paid
2615,174,2026-02-01,45.0,Paid
2616,174,2026-03-01,45.0,Paid
2617,174,2026-04-01,45.0,Paid
2618,174,2026-05-01,45.0,Paid
2619,174,2026-06-01,45.0,Paid
2620,174,2026-07-01,45.0,Paid
2621,175,2024-02-01,39.0,Paid
2622,175,2024-03-01,39.0,Paid
2623,175,2024-04-01,39.0,Paid
2624,175,2024-05-01,39.0,Paid
2625,175,2024-06-01,39.0,Paid
2626,175,2024-07-01,39.0,Paid
2627,175,2024-08-01,39.0,Paid
2628,175,2024-09-01,39.0,Paid
2629,175,2024-10-01,39.0,Paid
2630,175,2024-11-01,39.0,Paid
2631,175,2024-12-01,39.0,Paid
2632,175,2025-01-01,39.0,Paid
2633,175,2025-02-01,39.0,Paid
2634,175,2025-03-01,39.0,Paid
2635,175,2025-04-01,39.0,Paid
2636,175,2025-05-01,39.0,Paid
2637,175,2025-06-01,39.0,Paid
2638,175,2025-07-01,39.0,Paid
2639,175,2025-08-01,39.0,Paid
2640,175,2025-09-01,39.0,Paid
2641,175,2025-10-01,39.0,Paid
2642,175,2025-11-01,39.0,Paid
2643,175,2025-12-01,39.0,Paid
2644,175,2026-01-01,39.0,Paid
2645,175,2026-02-01,39.0,Paid
2646,175,2026-03-01,39.0,Paid
2647,175,2026-04-01,39.0,Paid
2648,175,2026-05-01,39.0,Paid
2649,175,2026-06-01,39.0,Paid
2650,175,2026-07-01,39.0,Paid
2651,176,2024-07-01,64.0,Paid
2652,176,2024-08-01,64.0,Failed
2653,176,2024-09-01,64.0,Paid
2654,176,2024-10-01,64.0,Paid
2655,176,2024-11-01,64.0,Paid
2656,176,2024-12-01,64.0,Paid
2657,177,2025-10-01,64.0,Paid
2658,177,2025-11-01,64.0,Paid
2659,177,2025-12-01,64.0,Failed
2660,177,2026-01-01,64.0,Paid
2661,178,2025-06-01,39.0,Paid
2662,178,2025-07-01,39.0,Paid
2663,178,2025-08-01,39.0,Paid
2664,178,2025-09-01,39.0,Paid
2665,178,2025-10-01,39.0,Paid
2666,178,2025-11-01,39.0,Paid
2667,178,2025-12-01,39.0,Paid
2668,178,2026-01-01,39.0,Paid
2669,178,2026-02-01,39.0,Paid
2670,178,2026-03-01,39.0,Paid
2671,178,2026-04-01,39.0,Paid
2672,178,2026-05-01,39.0,Paid
2673,178,2026-06-01,39.0,Paid
2674,178,2026-07-01,39.0,Failed
2675,179,2025-08-01,45.0,Paid
2676,179,2025-09-01,45.0,Paid
2677,179,2025-10-01,45.0,Paid
2678,179,2025-11-01,45.0,Paid
2679,179,2025-12-01,45.0,Paid
2680,179,2026-01-01,45.0,Paid
2681,179,2026-02-01,45.0,Paid
2682,179,2026-03-01,45.0,Paid
2683,180,2024-04-01,64.0,Paid
2684,180,2024-05-01,64.0,Paid
2685,180,2024-06-01,64.0,Failed
2686,180,2024-07-01,64.0,Paid
2687,180,2024-08-01,64.0,Paid
2688,180,2024-09-01,64.0,Paid
2689,180,2024-10-01,64.0,Paid
2690,180,2024-11-01,64.0,Paid
2691,180,2024-12-01,64.0,Paid
2692,180,2025-01-01,64.0,Failed
2693,180,2025-02-01,64.0,Paid
2694,180,2025-03-01,64.0,Paid
2695,180,2025-04-01,64.0,Paid
2696,180,2025-05-01,64.0,Paid
2697,180,2025-06-01,64.0,Failed
2698,180,2025-07-01,64.0,Paid
2699,181,2025-04-01,64.0,Paid
2700,181,2025-05-01,64.0,Paid
2701,181,2025-06-01,64.0,Paid
2702,181,2025-07-01,64.0,Failed
2703,181,2025-08-01,64.0,Paid
2704,181,2025-09-01,64.0,Paid
2705,181,2025-10-01,64.0,Failed
2706,181,2025-11-01,64.0,Paid
2707,181,2025-12-01,64.0,Paid
2708,181,2026-01-01,64.0,Paid
2709,181,2026-02-01,64.0,Paid
2710,181,2026-03-01,64.0,Paid
2711,181,2026-04-01,64.0,Paid
2712,181,2026-05-01,64.0,Paid
2713,181,2026-06-01,64.0,Paid
2714,181,2026-07-01,64.0,Paid
2715,182,2025-09-01,64.0,Paid
2716,182,2025-10-01,64.0,Paid
2717,182,2025-11-01,64.0,Paid
2718,182,2025-12-01,64.0,Failed
2719,182,2026-01-01,64.0,Paid
2720,182,2026-02-01,64.0,Paid
2721,182,2026-03-01,64.0,Paid
2722,182,2026-04-01,64.0,Failed
2723,182,2026-05-01,64.0,Failed
2724,182,2026-06-01,64.0,Failed
2725,182,2026-07-01,64.0,Paid
2726,183,2026-02-01,39.0,Paid
2727,183,2026-03-01,39.0,Paid
2728,183,2026-04-01,39.0,Paid
2729,183,2026-05-01,39.0,Paid
2730,183,2026-06-01,39.0,Paid
2731,183,2026-07-01,39.0,Paid
2732,184,2026-03-01,64.0,Paid
2733,184,2026-04-01,64.0,Paid
2734,184,2026-05-01,64.0,Paid
2735,184,2026-06-01,64.0,Paid
2736,185,2024-05-01,39.0,Paid
2737,185,2024-06-01,39.0,Paid
2738,185,2024-07-01,39.0,Paid
2739,185,2024-08-01,39.0,Paid
2740,185,2024-09-01,39.0,Paid
2741,185,2024-10-01,39.0,Paid
2742,185,2024-11-01,39.0,Paid
2743,185,2024-12-01,39.0,Paid
2744,185,2025-01-01,39.0,Failed
2745,185,2025-02-01,39.0,Paid
2746,185,2025-03-01,39.0,Paid
2747,185,2025-04-01,39.0,Paid
2748,185,2025-05-01,39.0,Paid
2749,185,2025-06-01,39.0,Paid
2750,185,2025-07-01,39.0,Paid
2751,185,2025-08-01,39.0,Paid
2752,185,2025-09-01,39.0,Paid
2753,185,2025-10-01,39.0,Paid
2754,185,2025-11-01,39.0,Paid
2755,185,2025-12-01,39.0,Paid
2756,185,2026-01-01,39.0,Paid
2757,185,2026-02-01,39.0,Paid
2758,185,2026-03-01,39.0,Paid
2759,185,2026-04-01,39.0,Paid
2760,185,2026-05-01,39.0,Paid
2761,185,2026-06-01,39.0,Paid
2762,185,2026-07-01,39.0,Paid
2763,186,2024-11-01,64.0,Paid
2764,186,2024-12-01,64.0,Paid
2765,186,2025-01-01,64.0,Paid
2766,186,2025-02-01,64.0,Paid
2767,186,2025-03-01,64.0,Paid
2768,186,2025-04-01,64.0,Paid
2769,186,2025-05-01,64.0,Paid
2770,186,2025-06-01,64.0,Paid
2771,186,2025-07-01,64.0,Paid
2772,186,2025-08-01,64.0,Paid
2773,186,2025-09-01,64.0,Paid
2774,186,2025-10-01,64.0,Paid
2775,186,2025-11-01,64.0,Failed
2776,186,2025-12-01,64.0,Paid
2777,186,2026-01-01,64.0,Paid
2778,186,2026-02-01,64.0,Paid
2779,186,2026-03-01,64.0,Failed
2780,187,2024-03-01,56.0,Paid
2781,187,2024-04-01,56.0,Paid
2782,187,2024-05-01,56.0,Paid
2783,187,2024-06-01,56.0,Paid
2784,187,2024-07-01,56.0,Paid
2785,187,2024-08-01,56.0,Paid
2786,187,2024-09-01,56.0,Paid
2787,187,2024-10-01,56.0,Paid
2788,187,2024-11-01,56.0,Paid
2789,187,2024-12-01,56.0,Paid
2790,188,2025-04-01,45.0,Paid
2791,188,2025-05-01,45.0,Paid
2792,188,2025-06-01,45.0,Paid
2793,188,2025-07-01,45.0,Paid
2794,188,2025-08-01,45.0,Paid
2795,188,2025-09-01,45.0,Paid
2796,188,2025-10-01,45.0,Paid
2797,188,2025-11-01,45.0,Paid
2798,188,2025-12-01,45.0,Paid
2799,188,2026-01-01,45.0,Paid
2800,188,2026-02-01,45.0,Failed
2801,188,2026-03-01,45.0,Paid
2802,188,2026-04-01,45.0,Paid
2803,188,2026-05-01,45.0,Paid
2804,188,2026-06-01,45.0,Paid
2805,188,2026-07-01,45.0,Paid
2806,189,2024-11-01,45.0,Paid
2807,189,2024-12-01,45.0,Paid
2808,189,2025-01-01,45.0,Paid
2809,189,2025-02-01,45.0,Paid
2810,189,2025-03-01,45.0,Paid
2811,189,2025-04-01,45.0,Paid
2812,189,2025-05-01,45.0,Paid
2813,189,2025-06-01,45.0,Paid
2814,189,2025-07-01,45.0,Paid
2815,189,2025-08-01,45.0,Paid
2816,189,2025-09-01,45.0,Paid
2817,189,2025-10-01,45.0,Paid
2818,189,2025-11-01,45.0,Paid
2819,189,2025-12-01,45.0,Paid
2820,189,2026-01-01,45.0,Paid
2821,189,2026-02-01,45.0,Paid
2822,189,2026-03-01,45.0,Paid
2823,189,2026-04-01,45.0,Paid
2824,189,2026-05-01,45.0,Paid
2825,189,2026-06-01,45.0,Paid
2826,189,2026-07-01,45.0,Paid
2827,190,2025-05-01,45.0,Paid
2828,190,2025-06-01,45.0,Paid
2829,190,2025-07-01,45.0,Paid
2830,190,2025-08-01,45.0,Paid
2831,190,2025-09-01,45.0,Paid
2832,190,2025-10-01,45.0,Paid
2833,190,2025-11-01,45.0,Paid
2834,190,2025-12-01,45.0,Paid
2835,190,2026-01-01,45.0,Paid
2836,190,2026-02-01,45.0,Paid
2837,190,2026-03-01,45.0,Paid
2838,190,2026-04-01,45.0,Paid
2839,190,2026-05-01,45.0,Paid
2840,190,2026-06-01,45.0,Paid
2841,190,2026-07-01,45.0,Paid
2842,191,2026-01-01,56.0,Paid
2843,191,2026-02-01,56.0,Paid
2844,191,2026-03-01,56.0,Paid
2845,191,2026-04-01,56.0,Paid
2846,191,2026-05-01,56.0,Paid
2847,191,2026-06-01,56.0,Paid
2848,191,2026-07-01,56.0,Paid
2849,192,2026-02-01,56.0,Failed
2850,192,2026-03-01,56.0,Paid
2851,192,2026-04-01,56.0,Failed
2852,192,2026-05-01,56.0,Paid
2853,193,2025-02-01,64.0,Paid
2854,193,2025-03-01,64.0,Paid
2855,193,2025-04-01,64.0,Paid
2856,193,2025-05-01,64.0,Paid
2857,193,2025-06-01,64.0,Paid
2858,193,2025-07-01,64.0,Paid
2859,193,2025-08-01,64.0,Paid
2860,193,2025-09-01,64.0,Paid
2861,193,2025-10-01,64.0,Paid
2862,193,2025-11-01,64.0,Paid
2863,193,2025-12-01,64.0,Paid
2864,193,2026-01-01,64.0,Paid
2865,193,2026-02-01,64.0,Paid
2866,193,2026-03-01,64.0,Paid
2867,193,2026-04-01,64.0,Paid
2868,193,2026-05-01,64.0,Paid
2869,193,2026-06-01,64.0,Paid
2870,193,2026-07-01,64.0,Paid
2871,194,2025-10-01,56.0,Paid
2872,194,2025-11-01,56.0,Paid
2873,194,2025-12-01,56.0,Paid
2874,194,2026-01-01,56.0,Paid
2875,194,2026-02-01,56.0,Paid
2876,194,2026-03-01,56.0,Paid
2877,194,2026-04-01,56.0,Paid
2878,194,2026-05-01,56.0,Paid
2879,194,2026-06-01,56.0,Paid
2880,194,2026-07-01,56.0,Paid
2881,195,2025-07-01,56.0,Paid
2882,195,2025-08-01,56.0,Paid
2883,195,2025-09-01,56.0,Paid
2884,195,2025-10-01,56.0,Paid
2885,195,2025-11-01,56.0,Paid
2886,195,2025-12-01,56.0,Paid
2887,195,2026-01-01,56.0,Paid
2888,195,2026-02-01,56.0,Paid
2889,195,2026-03-01,56.0,Paid
2890,195,2026-04-01,56.0,Paid
2891,195,2026-05-01,56.0,Paid
2892,195,2026-06-01,56.0,Paid
2893,195,2026-07-01,56.0,Paid
2894,196,2024-12-01,64.0,Paid
2895,196,2025-01-01,64.0,Paid
2896,196,2025-02-01,64.0,Paid
2897,196,2025-03-01,64.0,Failed
2898,196,2025-04-01,64.0,Paid
2899,196,2025-05-01,64.0,Paid
2900,196,2025-06-01,64.0,Paid
2901,196,2025-07-01,64.0,Paid
2902,196,2025-08-01,64.0,Paid
2903,196,2025-09-01,64.0,Paid
2904,196,2025-10-01,64.0,Paid
2905,196,2025-11-01,64.0,Failed
2906,196,2025-12-01,64.0,Paid
2907,196,2026-01-01,64.0,Paid
2908,196,2026-02-01,64.0,Paid
2909,196,2026-03-01,64.0,Paid
2910,196,2026-04-01,64.0,Paid
2911,196,2026-05-01,64.0,Paid
2912,196,2026-06-01,64.0,Paid
2913,196,2026-07-01,64.0,Paid
2914,197,2024-12-01,56.0,Paid
2915,197,2025-01-01,56.0,Paid
2916,197,2025-02-01,56.0,Paid
2917,197,2025-03-01,56.0,Paid
2918,197,2025-04-01,56.0,Paid
2919,197,2025-05-01,56.0,Paid
2920,197,2025-06-01,56.0,Paid
2921,197,2025-07-01,56.0,Paid
2922,197,2025-08-01,56.0,Paid
2923,197,2025-09-01,56.0,Paid
2924,197,2025-10-01,56.0,Paid
2925,197,2025-11-01,56.0,Paid
2926,197,2025-12-01,56.0,Paid
2927,197,2026-01-01,56.0,Paid
2928,197,2026-02-01,56.0,Paid
2929,197,2026-03-01,56.0,Paid
2930,197,2026-04-01,56.0,Paid
2931,197,2026-05-01,56.0,Paid
2932,197,2026-06-01,56.0,Paid
2933,197,2026-07-01,56.0,Paid
2934,198,2024-07-01,56.0,Paid
2935,198,2024-08-01,56.0,Paid
2936,198,2024-09-01,56.0,Paid
2937,198,2024-10-01,56.0,Paid
2938,198,2024-11-01,56.0,Paid
2939,198,2024-12-01,56.0,Paid
2940,198,2025-01-01,56.0,Paid
2941,198,2025-02-01,56.0,Paid
2942,198,2025-03-01,56.0,Failed
2943,198,2025-04-01,56.0,Paid
2944,198,2025-05-01,56.0,Paid
2945,198,2025-06-01,56.0,Paid
2946,198,2025-07-01,56.0,Paid
2947,198,2025-08-01,56.0,Paid
2948,198,2025-09-01,56.0,Paid
2949,198,2025-10-01,56.0,Paid
2950,198,2025-11-01,56.0,Paid
2951,198,2025-12-01,56.0,Paid
2952,198,2026-01-01,56.0,Paid
2953,198,2026-02-01,56.0,Paid
2954,198,2026-03-01,56.0,Paid
2955,198,2026-04-01,56.0,Paid
2956,198,2026-05-01,56.0,Paid
2957,198,2026-06-01,56.0,Paid
2958,198,2026-07-01,56.0,Paid
2959,199,2025-01-01,39.0,Paid
2960,199,2025-02-01,39.0,Paid
2961,199,2025-03-01,39.0,Paid
2962,199,2025-04-01,39.0,Paid
2963,199,2025-05-01,39.0,Paid
2964,199,2025-06-01,39.0,Paid
2965,199,2025-07-01,39.0,Paid
2966,199,2025-08-01,39.0,Paid
2967,199,2025-09-01,39.0,Paid
2968,199,2025-10-01,39.0,Paid
2969,199,2025-11-01,39.0,Paid
2970,199,2025-12-01,39.0,Paid
2971,199,2026-01-01,39.0,Paid
2972,199,2026-02-01,39.0,Paid
2973,199,2026-03-01,39.0,Paid
2974,199,2026-04-01,39.0,Paid
2975,199,2026-05-01,39.0,Paid
2976,199,2026-06-01,39.0,Paid
2977,199,2026-07-01,39.0,Paid
2978,200,2025-06-01,45.0,Paid
2979,200,2025-07-01,45.0,Paid
2980,200,2025-08-01,45.0,Paid
2981,200,2025-09-01,45.0,Paid
2982,200,2025-10-01,45.0,Paid
2983,200,2025-11-01,45.0,Paid
2984,200,2025-12-01,45.0,Paid
2985,200,2026-01-01,45.0,Paid
2986,200,2026-02-01,45.0,Paid
2987,200,2026-03-01,45.0,Paid
2988,200,2026-04-01,45.0,Failed
2989,200,2026-05-01,45.0,Paid
2990,200,2026-06-01,45.0,Paid
2991,200,2026-07-01,45.0,Paid
2992,201,2024-08-01,45.0,Paid
2993,201,2024-09-01,45.0,Paid
2994,201,2024-10-01,45.0,Paid
2995,201,2024-11-01,45.0,Paid
2996,201,2024-12-01,45.0,Paid
2997,201,2025-01-01,45.0,Paid
2998,201,2025-02-01,45.0,Paid
2999,201,2025-03-01,45.0,Paid
3000,202,2026-01-01,45.0,Paid
3001,202,2026-02-01,45.0,Paid
3002,202,2026-03-01,45.0,Paid
3003,202,2026-04-01,45.0,Paid
3004,202,2026-05-01,45.0,Paid
3005,202,2026-06-01,45.0,Paid
3006,202,2026-07-01,45.0,Paid
3007,203,2024-04-01,39.0,Paid
3008,203,2024-05-01,39.0,Paid
3009,203,2024-06-01,39.0,Paid
3010,203,2024-07-01,39.0,Paid
3011,203,2024-08-01,39.0,Paid
3012,203,2024-09-01,39.0,Paid
3013,203,2024-10-01,39.0,Paid
3014,203,2024-11-01,39.0,Paid
3015,203,2024-12-01,39.0,Paid
3016,203,2025-01-01,39.0,Paid
3017,203,2025-02-01,39.0,Paid
3018,203,2025-03-01,39.0,Paid
3019,203,2025-04-01,39.0,Paid
3020,203,2025-05-01,39.0,Paid
3021,203,2025-06-01,39.0,Paid
3022,203,2025-07-01,39.0,Paid
3023,203,2025-08-01,39.0,Failed
3024,203,2025-09-01,39.0,Paid
3025,203,2025-10-01,39.0,Paid
3026,203,2025-11-01,39.0,Paid
3027,203,2025-12-01,39.0,Paid
3028,203,2026-01-01,39.0,Paid
3029,203,2026-02-01,39.0,Paid
3030,203,2026-03-01,39.0,Paid
3031,203,2026-04-01,39.0,Paid
3032,203,2026-05-01,39.0,Paid
3033,203,2026-06-01,39.0,Paid
3034,203,2026-07-01,39.0,Paid
3035,204,2024-05-01,64.0,Paid
3036,204,2024-06-01,64.0,Paid
3037,204,2024-07-01,64.0,Paid
3038,204,2024-08-01,64.0,Paid
3039,204,2024-09-01,64.0,Paid
3040,204,2024-10-01,64.0,Paid
3041,204,2024-11-01,64.0,Paid
3042,204,2024-12-01,64.0,Paid
3043,204,2025-01-01,64.0,Paid
3044,204,2025-02-01,64.0,Paid
3045,204,2025-03-01,64.0,Paid
3046,204,2025-04-01,64.0,Paid
3047,204,2025-05-01,64.0,Paid
3048,204,2025-06-01,64.0,Paid
3049,204,2025-07-01,64.0,Paid
3050,204,2025-08-01,64.0,Failed
3051,204,2025-09-01,64.0,Paid
3052,204,2025-10-01,64.0,Paid
3053,204,2025-11-01,64.0,Paid
3054,204,2025-12-01,64.0,Paid
3055,204,2026-01-01,64.0,Paid
3056,204,2026-02-01,64.0,Paid
3057,204,2026-03-01,64.0,Paid
3058,204,2026-04-01,64.0,Paid
3059,204,2026-05-01,64.0,Paid
3060,204,2026-06-01,64.0,Paid
3061,204,2026-07-01,64.0,Paid
3062,205,2025-07-01,56.0,Paid
3063,205,2025-08-01,56.0,Paid
3064,205,2025-09-01,56.0,Paid
3065,205,2025-10-01,56.0,Paid
3066,205,2025-11-01,56.0,Paid
3067,205,2025-12-01,56.0,Paid
3068,205,2026-01-01,56.0,Paid
3069,205,2026-02-01,56.0,Paid
3070,205,2026-03-01,56.0,Paid
3071,205,2026-04-01,56.0,Paid
3072,205,2026-05-01,56.0,Paid
3073,205,2026-06-01,56.0,Paid
3074,205,2026-07-01,56.0,Paid
3075,206,2024-06-01,56.0,Paid
3076,206,2024-07-01,56.0,Paid
3077,206,2024-08-01,56.0,Paid
3078,206,2024-09-01,56.0,Paid
3079,206,2024-10-01,56.0,Paid
3080,206,2024-11-01,56.0,Paid
3081,206,2024-12-01,56.0,Paid
3082,206,2025-01-01,56.0,Paid
3083,206,2025-02-01,56.0,Paid
3084,206,2025-03-01,56.0,Paid
3085,206,2025-04-01,56.0,Paid
3086,206,2025-05-01,56.0,Paid
3087,206,2025-06-01,56.0,Paid
3088,206,2025-07-01,56.0,Paid
3089,206,2025-08-01,56.0,Paid
3090,207,2025-10-01,45.0,Paid
3091,207,2025-11-01,45.0,Paid
3092,207,2025-12-01,45.0,Paid
3093,207,2026-01-01,45.0,Paid
3094,207,2026-02-01,45.0,Paid
3095,207,2026-03-01,45.0,Paid
3096,207,2026-04-01,45.0,Paid
3097,207,2026-05-01,45.0,Paid
3098,207,2026-06-01,45.0,Paid
3099,207,2026-07-01,45.0,Paid
3100,208,2026-03-01,45.0,Paid
3101,208,2026-04-01,45.0,Paid
3102,208,2026-05-01,45.0,Paid
3103,208,2026-06-01,45.0,Paid
3104,208,2026-07-01,45.0,Paid
3105,209,2024-07-01,39.0,Paid
3106,209,2024-08-01,39.0,Paid
3107,209,2024-09-01,39.0,Paid
3108,209,2024-10-01,39.0,Paid
3109,209,2024-11-01,39.0,Paid
3110,209,2024-12-01,39.0,Paid
3111,209,2025-01-01,39.0,Paid
3112,209,2025-02-01,39.0,Paid
3113,209,2025-03-01,39.0,Paid
3114,209,2025-04-01,39.0,Paid
3115,209,2025-05-01,39.0,Paid
3116,209,2025-06-01,39.0,Paid
3117,209,2025-07-01,39.0,Paid
3118,209,2025-08-01,39.0,Paid
3119,209,2025-09-01,39.0,Paid
3120,209,2025-10-01,39.0,Paid
3121,209,2025-11-01,39.0,Paid
3122,209,2025-12-01,39.0,Paid
3123,209,2026-01-01,39.0,Paid
3124,209,2026-02-01,39.0,Paid
3125,209,2026-03-01,39.0,Paid
3126,209,2026-04-01,39.0,Paid
3127,209,2026-05-01,39.0,Paid
3128,209,2026-06-01,39.0,Paid
3129,209,2026-07-01,39.0,Paid
3130,210,2026-03-01,45.0,Paid
3131,210,2026-04-01,45.0,Paid
3132,211,2024-03-01,64.0,Paid
3133,211,2024-04-01,64.0,Paid
3134,211,2024-05-01,64.0,Paid
3135,211,2024-06-01,64.0,Paid
3136,211,2024-07-01,64.0,Paid
3137,211,2024-08-01,64.0,Paid
3138,211,2024-09-01,64.0,Paid
3139,211,2024-10-01,64.0,Paid
3140,211,2024-11-01,64.0,Failed
3141,211,2024-12-01,64.0,Paid
3142,211,2025-01-01,64.0,Paid
3143,211,2025-02-01,64.0,Paid
3144,211,2025-03-01,64.0,Paid
3145,211,2025-04-01,64.0,Paid
3146,211,2025-05-01,64.0,Paid
3147,211,2025-06-01,64.0,Paid
3148,211,2025-07-01,64.0,Paid
3149,211,2025-08-01,64.0,Paid
3150,211,2025-09-01,64.0,Paid
3151,211,2025-10-01,64.0,Paid
3152,211,2025-11-01,64.0,Paid
3153,211,2025-12-01,64.0,Paid
3154,211,2026-01-01,64.0,Paid
3155,211,2026-02-01,64.0,Paid
3156,211,2026-03-01,64.0,Paid
3157,211,2026-04-01,64.0,Paid
3158,211,2026-05-01,64.0,Paid
3159,211,2026-06-01,64.0,Paid
3160,211,2026-07-01,64.0,Paid
3161,212,2024-12-01,64.0,Failed
3162,212,2025-01-01,64.0,Paid
3163,212,2025-02-01,64.0,Paid
3164,212,2025-03-01,64.0,Paid
3165,212,2025-04-01,64.0,Paid
3166,212,2025-05-01,64.0,Paid
3167,212,2025-06-01,64.0,Failed
3168,212,2025-07-01,64.0,Paid
3169,212,2025-08-01,64.0,Paid
3170,212,2025-09-01,64.0,Paid
3171,212,2025-10-01,64.0,Paid
3172,212,2025-11-01,64.0,Paid
3173,212,2025-12-01,64.0,Paid
3174,212,2026-01-01,64.0,Paid
3175,212,2026-02-01,64.0,Paid
3176,212,2026-03-01,64.0,Paid
3177,212,2026-04-01,64.0,Paid
3178,212,2026-05-01,64.0,Paid
3179,212,2026-06-01,64.0,Paid
3180,212,2026-07-01,64.0,Paid
3181,213,2024-09-01,45.0,Paid
3182,213,2024-10-01,45.0,Paid
3183,213,2024-11-01,45.0,Paid
3184,213,2024-12-01,45.0,Paid
3185,213,2025-01-01,45.0,Paid
3186,213,2025-02-01,45.0,Paid
3187,213,2025-03-01,45.0,Paid
3188,213,2025-04-01,45.0,Paid
3189,213,2025-05-01,45.0,Paid
3190,213,2025-06-01,45.0,Failed
3191,213,2025-07-01,45.0,Paid
3192,213,2025-08-01,45.0,Paid
3193,213,2025-09-01,45.0,Paid
3194,213,2025-10-01,45.0,Paid
3195,213,2025-11-01,45.0,Paid
3196,213,2025-12-01,45.0,Paid
3197,213,2026-01-01,45.0,Paid
3198,213,2026-02-01,45.0,Failed
3199,213,2026-03-01,45.0,Paid
3200,213,2026-04-01,45.0,Paid
3201,213,2026-05-01,45.0,Paid
3202,213,2026-06-01,45.0,Paid
3203,213,2026-07-01,45.0,Paid
3204,214,2025-07-01,45.0,Paid
3205,214,2025-08-01,45.0,Paid
3206,214,2025-09-01,45.0,Paid
3207,214,2025-10-01,45.0,Paid
3208,214,2025-11-01,45.0,Paid
3209,214,2025-12-01,45.0,Failed
3210,214,2026-01-01,45.0,Paid
3211,214,2026-02-01,45.0,Paid
3212,214,2026-03-01,45.0,Paid
3213,214,2026-04-01,45.0,Paid
3214,214,2026-05-01,45.0,Paid
3215,214,2026-06-01,45.0,Paid
3216,214,2026-07-01,45.0,Paid
3217,215,2025-06-01,64.0,Paid
3218,215,2025-07-01,64.0,Paid
3219,215,2025-08-01,64.0,Paid
3220,215,2025-09-01,64.0,Paid
3221,215,2025-10-01,64.0,Paid
3222,215,2025-11-01,64.0,Paid
3223,215,2025-12-01,64.0,Paid
3224,215,2026-01-01,64.0,Paid
3225,215,2026-02-01,64.0,Paid
3226,215,2026-03-01,64.0,Paid
3227,216,2026-06-01,45.0,Paid
3228,216,2026-07-01,45.0,Paid
3229,217,2025-02-01,45.0,Paid
3230,217,2025-03-01,45.0,Paid
3231,217,2025-04-01,45.0,Paid
3232,217,2025-05-01,45.0,Paid
3233,217,2025-06-01,45.0,Paid
3234,217,2025-07-01,45.0,Failed
3235,217,2025-08-01,45.0,Paid
3236,218,2025-07-01,45.0,Paid
3237,218,2025-08-01,45.0,Paid
3238,218,2025-09-01,45.0,Paid
3239,218,2025-10-01,45.0,Paid
3240,218,2025-11-01,45.0,Paid
3241,218,2025-12-01,45.0,Paid
3242,218,2026-01-01,45.0,Paid
3243,218,2026-02-01,45.0,Paid
3244,218,2026-03-01,45.0,Paid
3245,218,2026-04-01,45.0,Paid
3246,218,2026-05-01,45.0,Paid
3247,218,2026-06-01,45.0,Paid
3248,218,2026-07-01,45.0,Paid
3249,219,2024-12-01,45.0,Paid
3250,219,2025-01-01,45.0,Paid
3251,219,2025-02-01,45.0,Paid
3252,219,2025-03-01,45.0,Paid
3253,219,2025-04-01,45.0,Paid
3254,219,2025-05-01,45.0,Paid
3255,219,2025-06-01,45.0,Paid
3256,219,2025-07-01,45.0,Paid
3257,219,2025-08-01,45.0,Paid
3258,219,2025-09-01,45.0,Paid
3259,219,2025-10-01,45.0,Failed
3260,219,2025-11-01,45.0,Paid
3261,219,2025-12-01,45.0,Paid
3262,219,2026-01-01,45.0,Paid
3263,219,2026-02-01,45.0,Paid
3264,219,2026-03-01,45.0,Paid
3265,219,2026-04-01,45.0,Paid
3266,219,2026-05-01,45.0,Paid
3267,219,2026-06-01,45.0,Paid
3268,219,2026-07-01,45.0,Paid
3269,220,2024-05-01,64.0,Paid
3270,220,2024-06-01,64.0,Paid
3271,220,2024-07-01,64.0,Paid
3272,220,2024-08-01,64.0,Paid
3273,220,2024-09-01,64.0,Paid
3274,220,2024-10-01,64.0,Paid
3275,220,2024-11-01,64.0,Paid
3276,220,2024-12-01,64.0,Paid
3277,220,2025-01-01,64.0,Paid
3278,220,2025-02-01,64.0,Paid
3279,220,2025-03-01,64.0,Paid
3280,220,2025-04-01,64.0,Paid
3281,220,2025-05-01,64.0,Paid
3282,220,2025-06-01,64.0,Paid
3283,220,2025-07-01,64.0,Failed
3284,220,2025-08-01,64.0,Paid
3285,220,2025-09-01,64.0,Failed
3286,220,2025-10-01,64.0,Paid
3287,220,2025-11-01,64.0,Paid
3288,220,2025-12-01,64.0,Paid
3289,220,2026-01-01,64.0,Paid
3290,220,2026-02-01,64.0,Paid
3291,220,2026-03-01,64.0,Paid
3292,220,2026-04-01,64.0,Paid
3293,220,2026-05-01,64.0,Paid
3294,220,2026-06-01,64.0,Failed
3295,220,2026-07-01,64.0,Paid
3296,221,2024-08-01,64.0,Paid
3297,221,2024-09-01,64.0,Paid
3298,221,2024-10-01,64.0,Paid
3299,221,2024-11-01,64.0,Paid
3300,221,2024-12-01,64.0,Paid
3301,221,2025-01-01,64.0,Paid
3302,221,2025-02-01,64.0,Paid
3303,221,2025-03-01,64.0,Paid
3304,221,2025-04-01,64.0,Paid
3305,221,2025-05-01,64.0,Paid
3306,221,2025-06-01,64.0,Paid
3307,221,2025-07-01,64.0,Paid
3308,221,2025-08-01,64.0,Paid
3309,221,2025-09-01,64.0,Paid
3310,221,2025-10-01,64.0,Paid
3311,221,2025-11-01,64.0,Paid
3312,221,2025-12-01,64.0,Paid
3313,221,2026-01-01,64.0,Paid
3314,221,2026-02-01,64.0,Paid
3315,221,2026-03-01,64.0,Paid
3316,221,2026-04-01,64.0,Paid
3317,221,2026-05-01,64.0,Failed
3318,221,2026-06-01,64.0,Paid
3319,221,2026-07-01,64.0,Paid
3320,222,2025-02-01,56.0,Paid
3321,222,2025-03-01,56.0,Paid
3322,222,2025-04-01,56.0,Paid
3323,222,2025-05-01,56.0,Paid
3324,222,2025-06-01,56.0,Paid
3325,222,2025-07-01,56.0,Paid
3326,222,2025-08-01,56.0,Paid
3327,222,2025-09-01,56.0,Paid
3328,222,2025-10-01,56.0,Paid
3329,222,2025-11-01,56.0,Paid
3330,222,2025-12-01,56.0,Paid
3331,222,2026-01-01,56.0,Failed
3332,222,2026-02-01,56.0,Paid
3333,222,2026-03-01,56.0,Paid
3334,222,2026-04-01,56.0,Paid
3335,222,2026-05-01,56.0,Paid
3336,222,2026-06-01,56.0,Failed
3337,222,2026-07-01,56.0,Paid
3338,223,2024-01-01,64.0,Paid
3339,223,2024-02-01,64.0,Failed
3340,223,2024-03-01,64.0,Paid
3341,223,2024-04-01,64.0,Paid
3342,223,2024-05-01,64.0,Paid
3343,223,2024-06-01,64.0,Paid
3344,223,2024-07-01,64.0,Paid
3345,223,2024-08-01,64.0,Paid
3346,223,2024-09-01,64.0,Paid
3347,223,2024-10-01,64.0,Paid
3348,223,2024-11-01,64.0,Paid
3349,223,2024-12-01,64.0,Paid
3350,223,2025-01-01,64.0,Paid
3351,223,2025-02-01,64.0,Paid
3352,223,2025-03-01,64.0,Paid
3353,223,2025-04-01,64.0,Paid
3354,223,2025-05-01,64.0,Paid
3355,223,2025-06-01,64.0,Paid
3356,223,2025-07-01,64.0,Paid
3357,223,2025-08-01,64.0,Paid
3358,224,2024-12-01,64.0,Paid
3359,224,2025-01-01,64.0,Paid
3360,224,2025-02-01,64.0,Paid
3361,224,2025-03-01,64.0,Paid
3362,224,2025-04-01,64.0,Paid
3363,224,2025-05-01,64.0,Paid
3364,224,2025-06-01,64.0,Paid
3365,224,2025-07-01,64.0,Paid
3366,224,2025-08-01,64.0,Paid
3367,224,2025-09-01,64.0,Paid
3368,224,2025-10-01,64.0,Paid
3369,224,2025-11-01,64.0,Paid
3370,224,2025-12-01,64.0,Paid
3371,224,2026-01-01,64.0,Paid
3372,224,2026-02-01,64.0,Paid
3373,224,2026-03-01,64.0,Paid
3374,224,2026-04-01,64.0,Paid
3375,224,2026-05-01,64.0,Paid
3376,224,2026-06-01,64.0,Paid
3377,224,2026-07-01,64.0,Paid
3378,225,2024-01-01,45.0,Paid
3379,225,2024-02-01,45.0,Paid
3380,225,2024-03-01,45.0,Paid
3381,225,2024-04-01,45.0,Paid
3382,225,2024-05-01,45.0,Paid
3383,225,2024-06-01,45.0,Paid
3384,225,2024-07-01,45.0,Paid
3385,225,2024-08-01,45.0,Paid
3386,225,2024-09-01,45.0,Paid
3387,225,2024-10-01,45.0,Paid
3388,225,2024-11-01,45.0,Paid
3389,225,2024-12-01,45.0,Paid
3390,225,2025-01-01,45.0,Failed
3391,225,2025-02-01,45.0,Paid
3392,225,2025-03-01,45.0,Paid
3393,225,2025-04-01,45.0,Paid
3394,225,2025-05-01,45.0,Paid
3395,225,2025-06-01,45.0,Paid
3396,225,2025-07-01,45.0,Paid
3397,225,2025-08-01,45.0,Paid
3398,225,2025-09-01,45.0,Paid
3399,225,2025-10-01,45.0,Paid
3400,225,2025-11-01,45.0,Paid
3401,225,2025-12-01,45.0,Paid
3402,225,2026-01-01,45.0,Paid
3403,225,2026-02-01,45.0,Paid
3404,225,2026-03-01,45.0,Paid
3405,225,2026-04-01,45.0,Paid
3406,225,2026-05-01,45.0,Paid
3407,225,2026-06-01,45.0,Paid
3408,225,2026-07-01,45.0,Paid
3409,226,2025-07-01,45.0,Paid
3410,226,2025-08-01,45.0,Paid
3411,226,2025-09-01,45.0,Paid
3412,226,2025-10-01,45.0,Failed
3413,226,2025-11-01,45.0,Failed
3414,226,2025-12-01,45.0,Paid
3415,226,2026-01-01,45.0,Paid
3416,226,2026-02-01,45.0,Paid
3417,226,2026-03-01,45.0,Paid
3418,226,2026-04-01,45.0,Paid
3419,226,2026-05-01,45.0,Paid
3420,226,2026-06-01,45.0,Paid
3421,226,2026-07-01,45.0,Paid
3422,227,2025-02-01,45.0,Paid
3423,227,2025-03-01,45.0,Paid
3424,227,2025-04-01,45.0,Paid
3425,227,2025-05-01,45.0,Paid
3426,227,2025-06-01,45.0,Paid
3427,227,2025-07-01,45.0,Paid
3428,227,2025-08-01,45.0,Paid
3429,227,2025-09-01,45.0,Paid
3430,227,2025-10-01,45.0,Paid
3431,227,2025-11-01,45.0,Paid
3432,227,2025-12-01,45.0,Paid
3433,227,2026-01-01,45.0,Paid
3434,227,2026-02-01,45.0,Paid
3435,227,2026-03-01,45.0,Paid
3436,227,2026-04-01,45.0,Paid
3437,227,2026-05-01,45.0,Paid
3438,227,2026-06-01,45.0,Paid
3439,227,2026-07-01,45.0,Paid
3440,228,2024-06-01,64.0,Paid
3441,228,2024-07-01,64.0,Paid
3442,228,2024-08-01,64.0,Paid
3443,228,2024-09-01,64.0,Failed
3444,228,2024-10-01,64.0,Paid
3445,228,2024-11-01,64.0,Paid
3446,228,2024-12-01,64.0,Paid
3447,228,2025-01-01,64.0,Paid
3448,228,2025-02-01,64.0,Paid
3449,228,2025-03-01,64.0,Paid
3450,228,2025-04-01,64.0,Paid
3451,228,2025-05-01,64.0,Paid
3452,228,2025-06-01,64.0,Paid
3453,228,2025-07-01,64.0,Paid
3454,228,2025-08-01,64.0,Paid
3455,228,2025-09-01,64.0,Paid
3456,228,2025-10-01,64.0,Paid
3457,228,2025-11-01,64.0,Paid
3458,228,2025-12-01,64.0,Paid
3459,228,2026-01-01,64.0,Paid
3460,228,2026-02-01,64.0,Paid
3461,228,2026-03-01,64.0,Paid
3462,228,2026-04-01,64.0,Paid
3463,228,2026-05-01,64.0,Failed
3464,228,2026-06-01,64.0,Paid
3465,228,2026-07-01,64.0,Paid
3466,229,2025-07-01,39.0,Paid
3467,229,2025-08-01,39.0,Paid
3468,229,2025-09-01,39.0,Paid
3469,229,2025-10-01,39.0,Paid
3470,229,2025-11-01,39.0,Paid
3471,229,2025-12-01,39.0,Paid
3472,229,2026-01-01,39.0,Paid
3473,229,2026-02-01,39.0,Paid
3474,229,2026-03-01,39.0,Paid
3475,229,2026-04-01,39.0,Paid
3476,229,2026-05-01,39.0,Paid
3477,229,2026-06-01,39.0,Paid
3478,229,2026-07-01,39.0,Paid
3479,230,2026-05-01,45.0,Paid
3480,230,2026-06-01,45.0,Paid
3481,230,2026-07-01,45.0,Paid
3482,231,2025-05-01,64.0,Paid
3483,231,2025-06-01,64.0,Paid
3484,231,2025-07-01,64.0,Paid
3485,231,2025-08-01,64.0,Paid
3486,231,2025-09-01,64.0,Paid
3487,231,2025-10-01,64.0,Paid
3488,231,2025-11-01,64.0,Paid
3489,231,2025-12-01,64.0,Paid
3490,231,2026-01-01,64.0,Paid
3491,231,2026-02-01,64.0,Paid
3492,231,2026-03-01,64.0,Failed
3493,231,2026-04-01,64.0,Paid
3494,231,2026-05-01,64.0,Paid
3495,231,2026-06-01,64.0,Paid
3496,231,2026-07-01,64.0,Paid
3497,232,2024-07-01,64.0,Paid
3498,232,2024-08-01,64.0,Paid
3499,232,2024-09-01,64.0,Failed
3500,232,2024-10-01,64.0,Paid
3501,232,2024-11-01,64.0,Paid
3502,232,2024-12-01,64.0,Paid
3503,232,2025-01-01,64.0,Paid
3504,232,2025-02-01,64.0,Paid
3505,232,2025-03-01,64.0,Paid
3506,232,2025-04-01,64.0,Paid
3507,232,2025-05-01,64.0,Paid
3508,232,2025-06-01,64.0,Paid
3509,232,2025-07-01,64.0,Paid
3510,232,2025-08-01,64.0,Paid
3511,232,2025-09-01,64.0,Paid
3512,232,2025-10-01,64.0,Paid
3513,232,2025-11-01,64.0,Paid
3514,232,2025-12-01,64.0,Paid
3515,232,2026-01-01,64.0,Paid
3516,232,2026-02-01,64.0,Failed
3517,232,2026-03-01,64.0,Paid
3518,232,2026-04-01,64.0,Paid
3519,232,2026-05-01,64.0,Paid
3520,232,2026-06-01,64.0,Paid
3521,232,2026-07-01,64.0,Paid
3522,233,2025-11-01,64.0,Failed
3523,233,2025-12-01,64.0,Paid
3524,233,2026-01-01,64.0,Paid
3525,233,2026-02-01,64.0,Paid
3526,233,2026-03-01,64.0,Paid
3527,233,2026-04-01,64.0,Paid
3528,233,2026-05-01,64.0,Paid
3529,233,2026-06-01,64.0,Paid
3530,233,2026-07-01,64.0,Paid
3531,234,2025-01-01,45.0,Paid
3532,234,2025-02-01,45.0,Paid
3533,234,2025-03-01,45.0,Paid
3534,234,2025-04-01,45.0,Paid
3535,234,2025-05-01,45.0,Paid
3536,234,2025-06-01,45.0,Paid
3537,234,2025-07-01,45.0,Paid
3538,234,2025-08-01,45.0,Paid
3539,234,2025-09-01,45.0,Paid
3540,234,2025-10-01,45.0,Paid
3541,234,2025-11-01,45.0,Paid
3542,234,2025-12-01,45.0,Paid
3543,234,2026-01-01,45.0,Paid
3544,234,2026-02-01,45.0,Paid
3545,234,2026-03-01,45.0,Paid
3546,234,2026-04-01,45.0,Paid
3547,234,2026-05-01,45.0,Paid
3548,234,2026-06-01,45.0,Paid
3549,234,2026-07-01,45.0,Paid
3550,235,2024-06-01,56.0,Paid
3551,235,2024-07-01,56.0,Paid
3552,235,2024-08-01,56.0,Paid
3553,235,2024-09-01,56.0,Paid
3554,235,2024-10-01,56.0,Paid
3555,235,2024-11-01,56.0,Paid
3556,235,2024-12-01,56.0,Paid
3557,235,2025-01-01,56.0,Paid
3558,235,2025-02-01,56.0,Paid
3559,235,2025-03-01,56.0,Paid
3560,235,2025-04-01,56.0,Paid
3561,235,2025-05-01,56.0,Paid
3562,236,2025-10-01,64.0,Paid
3563,236,2025-11-01,64.0,Paid
3564,236,2025-12-01,64.0,Paid
3565,236,2026-01-01,64.0,Paid
3566,236,2026-02-01,64.0,Paid
3567,236,2026-03-01,64.0,Paid
3568,236,2026-04-01,64.0,Paid
3569,236,2026-05-01,64.0,Paid
3570,236,2026-06-01,64.0,Paid
3571,236,2026-07-01,64.0,Paid
3572,237,2025-03-01,56.0,Paid
3573,237,2025-04-01,56.0,Paid
3574,237,2025-05-01,56.0,Paid
3575,237,2025-06-01,56.0,Paid
3576,237,2025-07-01,56.0,Paid
3577,237,2025-08-01,56.0,Paid
3578,237,2025-09-01,56.0,Paid
3579,237,2025-10-01,56.0,Paid
3580,237,2025-11-01,56.0,Paid
3581,237,2025-12-01,56.0,Failed
3582,237,2026-01-01,56.0,Paid
3583,237,2026-02-01,56.0,Paid
3584,237,2026-03-01,56.0,Paid
3585,237,2026-04-01,56.0,Paid
3586,237,2026-05-01,56.0,Paid
3587,237,2026-06-01,56.0,Paid
3588,237,2026-07-01,56.0,Failed
3589,238,2025-06-01,45.0,Paid
3590,238,2025-07-01,45.0,Paid
3591,238,2025-08-01,45.0,Paid
3592,238,2025-09-01,45.0,Paid
3593,238,2025-10-01,45.0,Paid
3594,238,2025-11-01,45.0,Paid
3595,238,2025-12-01,45.0,Paid
3596,238,2026-01-01,45.0,Paid
3597,238,2026-02-01,45.0,Paid
3598,238,2026-03-01,45.0,Paid
3599,238,2026-04-01,45.0,Paid
3600,238,2026-05-01,45.0,Paid
3601,238,2026-06-01,45.0,Paid
3602,238,2026-07-01,45.0,Paid
3603,239,2026-05-01,56.0,Paid
3604,239,2026-06-01,56.0,Paid
3605,239,2026-07-01,56.0,Paid
3606,240,2025-06-01,56.0,Paid
3607,240,2025-07-01,56.0,Paid
3608,240,2025-08-01,56.0,Paid
3609,241,2026-04-01,64.0,Paid
3610,241,2026-05-01,64.0,Paid
3611,242,2026-01-01,64.0,Paid
3612,242,2026-02-01,64.0,Failed
3613,243,2024-10-01,45.0,Paid
3614,243,2024-11-01,45.0,Paid
3615,243,2024-12-01,45.0,Paid
3616,243,2025-01-01,45.0,Paid
3617,243,2025-02-01,45.0,Paid
3618,243,2025-03-01,45.0,Paid
3619,243,2025-04-01,45.0,Paid
3620,243,2025-05-01,45.0,Paid
3621,243,2025-06-01,45.0,Paid
3622,243,2025-07-01,45.0,Paid
3623,243,2025-08-01,45.0,Paid
3624,243,2025-09-01,45.0,Paid
3625,243,2025-10-01,45.0,Paid
3626,243,2025-11-01,45.0,Paid
3627,243,2025-12-01,45.0,Paid
3628,243,2026-01-01,45.0,Failed
3629,243,2026-02-01,45.0,Paid
3630,243,2026-03-01,45.0,Paid
3631,243,2026-04-01,45.0,Paid
3632,243,2026-05-01,45.0,Paid
3633,243,2026-06-01,45.0,Paid
3634,243,2026-07-01,45.0,Paid
3635,244,2026-02-01,64.0,Paid
3636,244,2026-03-01,64.0,Paid
3637,244,2026-04-01,64.0,Paid
3638,244,2026-05-01,64.0,Paid
3639,244,2026-06-01,64.0,Paid
3640,244,2026-07-01,64.0,Paid
3641,245,2024-10-01,39.0,Paid
3642,245,2024-11-01,39.0,Paid
3643,245,2024-12-01,39.0,Paid
3644,245,2025-01-01,39.0,Paid
3645,245,2025-02-01,39.0,Paid
3646,245,2025-03-01,39.0,Paid
3647,245,2025-04-01,39.0,Paid
3648,245,2025-05-01,39.0,Paid
3649,245,2025-06-01,39.0,Paid
3650,245,2025-07-01,39.0,Paid
3651,245,2025-08-01,39.0,Paid
3652,245,2025-09-01,39.0,Paid
3653,245,2025-10-01,39.0,Failed
3654,245,2025-11-01,39.0,Paid
3655,245,2025-12-01,39.0,Paid
3656,245,2026-01-01,39.0,Paid
3657,245,2026-02-01,39.0,Paid
3658,245,2026-03-01,39.0,Paid
3659,245,2026-04-01,39.0,Paid
3660,245,2026-05-01,39.0,Paid
3661,245,2026-06-01,39.0,Paid
3662,245,2026-07-01,39.0,Paid
3663,246,2024-08-01,39.0,Failed
3664,246,2024-09-01,39.0,Paid
3665,246,2024-10-01,39.0,Paid
3666,246,2024-11-01,39.0,Paid
3667,246,2024-12-01,39.0,Paid
3668,246,2025-01-01,39.0,Paid
3669,246,2025-02-01,39.0,Paid
3670,246,2025-03-01,39.0,Paid
3671,246,2025-04-01,39.0,Paid
3672,246,2025-05-01,39.0,Paid
3673,246,2025-06-01,39.0,Paid
3674,246,2025-07-01,39.0,Paid
3675,246,2025-08-01,39.0,Paid
3676,246,2025-09-01,39.0,Paid
3677,246,2025-10-01,39.0,Paid
3678,246,2025-11-01,39.0,Paid
3679,246,2025-12-01,39.0,Paid
3680,246,2026-01-01,39.0,Paid
3681,246,2026-02-01,39.0,Paid
3682,246,2026-03-01,39.0,Paid
3683,246,2026-04-01,39.0,Paid
3684,246,2026-05-01,39.0,Paid
3685,246,2026-06-01,39.0,Paid
3686,246,2026-07-01,39.0,Paid
3687,247,2024-07-01,64.0,Paid
3688,247,2024-08-01,64.0,Failed
3689,247,2024-09-01,64.0,Paid
3690,247,2024-10-01,64.0,Paid
3691,247,2024-11-01,64.0,Paid
3692,247,2024-12-01,64.0,Failed
3693,247,2025-01-01,64.0,Paid
3694,247,2025-02-01,64.0,Paid
3695,247,2025-03-01,64.0,Paid
3696,247,2025-04-01,64.0,Paid
3697,247,2025-05-01,64.0,Paid
3698,247,2025-06-01,64.0,Paid
3699,247,2025-07-01,64.0,Failed
3700,247,2025-08-01,64.0,Paid
3701,247,2025-09-01,64.0,Paid
3702,247,2025-10-01,64.0,Paid
3703,247,2025-11-01,64.0,Paid
3704,247,2025-12-01,64.0,Paid
3705,247,2026-01-01,64.0,Paid
3706,247,2026-02-01,64.0,Paid
3707,247,2026-03-01,64.0,Paid
3708,247,2026-04-01,64.0,Paid
3709,247,2026-05-01,64.0,Paid
3710,247,2026-06-01,64.0,Paid
3711,247,2026-07-01,64.0,Paid
3712,248,2025-12-01,45.0,Paid
3713,248,2026-01-01,45.0,Paid
3714,248,2026-02-01,45.0,Paid
3715,248,2026-03-01,45.0,Paid
3716,248,2026-04-01,45.0,Paid
3717,248,2026-05-01,45.0,Paid
3718,248,2026-06-01,45.0,Paid
3719,248,2026-07-01,45.0,Paid
3720,249,2024-10-01,45.0,Paid
3721,249,2024-11-01,45.0,Paid
3722,249,2024-12-01,45.0,Paid
3723,249,2025-01-01,45.0,Paid
3724,249,2025-02-01,45.0,Paid
3725,249,2025-03-01,45.0,Paid
3726,249,2025-04-01,45.0,Paid
3727,249,2025-05-01,45.0,Paid
3728,249,2025-06-01,45.0,Paid
3729,249,2025-07-01,45.0,Paid
3730,249,2025-08-01,45.0,Paid
3731,249,2025-09-01,45.0,Paid
3732,249,2025-10-01,45.0,Paid
3733,249,2025-11-01,45.0,Paid
3734,249,2025-12-01,45.0,Paid
3735,249,2026-01-01,45.0,Paid
3736,249,2026-02-01,45.0,Paid
3737,249,2026-03-01,45.0,Paid
3738,249,2026-04-01,45.0,Paid
3739,249,2026-05-01,45.0,Paid
3740,249,2026-06-01,45.0,Paid
3741,249,2026-07-01,45.0,Paid
3742,250,2024-04-01,45.0,Paid
3743,250,2024-05-01,45.0,Paid
3744,250,2024-06-01,45.0,Paid
3745,250,2024-07-01,45.0,Paid
3746,250,2024-08-01,45.0,Paid
3747,250,2024-09-01,45.0,Paid
3748,250,2024-10-01,45.0,Paid
3749,250,2024-11-01,45.0,Paid
3750,250,2024-12-01,45.0,Paid
3751,250,2025-01-01,45.0,Paid
3752,250,2025-02-01,45.0,Paid
3753,250,2025-03-01,45.0,Failed
3754,250,2025-04-01,45.0,Paid
3755,250,2025-05-01,45.0,Paid
3756,250,2025-06-01,45.0,Paid
3757,250,2025-07-01,45.0,Paid
3758,250,2025-08-01,45.0,Paid
3759,250,2025-09-01,45.0,Paid
3760,250,2025-10-01,45.0,Paid
3761,250,2025-11-01,45.0,Paid
3762,250,2025-12-01,45.0,Paid
3763,250,2026-01-01,45.0,Paid
3764,250,2026-02-01,45.0,Paid
3765,250,2026-03-01,45.0,Paid
3766,250,2026-04-01,45.0,Paid
3767,250,2026-05-01,45.0,Paid
3768,250,2026-06-01,45.0,Paid
3769,250,2026-07-01,45.0,Paid
3770,251,2025-07-01,64.0,Failed
3771,251,2025-08-01,64.0,Paid
3772,251,2025-09-01,64.0,Paid
3773,251,2025-10-01,64.0,Paid
3774,252,2025-03-01,45.0,Paid
3775,252,2025-04-01,45.0,Paid
3776,252,2025-05-01,45.0,Paid
3777,252,2025-06-01,45.0,Paid
3778,252,2025-07-01,45.0,Paid
3779,252,2025-08-01,45.0,Paid
3780,252,2025-09-01,45.0,Paid
3781,252,2025-10-01,45.0,Paid
3782,252,2025-11-01,45.0,Paid
3783,252,2025-12-01,45.0,Paid
3784,252,2026-01-01,45.0,Paid
3785,252,2026-02-01,45.0,Paid
3786,252,2026-03-01,45.0,Paid
3787,252,2026-04-01,45.0,Paid
3788,252,2026-05-01,45.0,Paid
3789,252,2026-06-01,45.0,Paid
3790,252,2026-07-01,45.0,Paid
3791,253,2024-11-01,45.0,Failed
3792,253,2024-12-01,45.0,Paid
3793,253,2025-01-01,45.0,Failed
3794,253,2025-02-01,45.0,Paid
3795,253,2025-03-01,45.0,Paid
3796,253,2025-04-01,45.0,Paid
3797,253,2025-05-01,45.0,Paid
3798,253,2025-06-01,45.0,Paid
3799,253,2025-07-01,45.0,Paid
3800,253,2025-08-01,45.0,Paid
3801,253,2025-09-01,45.0,Paid
3802,253,2025-10-01,45.0,Paid
3803,253,2025-11-01,45.0,Paid
3804,253,2025-12-01,45.0,Paid
3805,253,2026-01-01,45.0,Paid
3806,253,2026-02-01,45.0,Paid
3807,253,2026-03-01,45.0,Paid
3808,253,2026-04-01,45.0,Paid
3809,253,2026-05-01,45.0,Paid
3810,253,2026-06-01,45.0,Paid
3811,253,2026-07-01,45.0,Paid
3812,254,2024-08-01,45.0,Paid
3813,254,2024-09-01,45.0,Paid
3814,254,2024-10-01,45.0,Paid
3815,254,2024-11-01,45.0,Paid
3816,254,2024-12-01,45.0,Paid
3817,254,2025-01-01,45.0,Paid
3818,254,2025-02-01,45.0,Paid
3819,254,2025-03-01,45.0,Paid
3820,254,2025-04-01,45.0,Paid
3821,254,2025-05-01,45.0,Paid
3822,254,2025-06-01,45.0,Paid
3823,254,2025-07-01,45.0,Paid
3824,254,2025-08-01,45.0,Paid
3825,254,2025-09-01,45.0,Paid
3826,254,2025-10-01,45.0,Paid
3827,254,2025-11-01,45.0,Paid
3828,254,2025-12-01,45.0,Paid
3829,254,2026-01-01,45.0,Paid
3830,254,2026-02-01,45.0,Paid
3831,254,2026-03-01,45.0,Paid
3832,254,2026-04-01,45.0,Paid
3833,254,2026-05-01,45.0,Paid
3834,254,2026-06-01,45.0,Paid
3835,254,2026-07-01,45.0,Paid
3836,255,2024-06-01,64.0,Paid
3837,255,2024-07-01,64.0,Paid
3838,255,2024-08-01,64.0,Paid
3839,255,2024-09-01,64.0,Paid
3840,255,2024-10-01,64.0,Paid
3841,255,2024-11-01,64.0,Paid
3842,255,2024-12-01,64.0,Paid
3843,255,2025-01-01,64.0,Paid
3844,255,2025-02-01,64.0,Paid
3845,255,2025-03-01,64.0,Paid
3846,255,2025-04-01,64.0,Paid
3847,255,2025-05-01,64.0,Paid
3848,255,2025-06-01,64.0,Paid
3849,255,2025-07-01,64.0,Failed
3850,255,2025-08-01,64.0,Paid
3851,255,2025-09-01,64.0,Paid
3852,255,2025-10-01,64.0,Failed
3853,255,2025-11-01,64.0,Paid
3854,255,2025-12-01,64.0,Paid
3855,255,2026-01-01,64.0,Paid
3856,255,2026-02-01,64.0,Paid
3857,255,2026-03-01,64.0,Paid
3858,255,2026-04-01,64.0,Paid
3859,255,2026-05-01,64.0,Paid
3860,255,2026-06-01,64.0,Paid
3861,255,2026-07-01,64.0,Paid
3862,256,2025-07-01,64.0,Paid
3863,256,2025-08-01,64.0,Paid
3864,256,2025-09-01,64.0,Paid
3865,256,2025-10-01,64.0,Paid
3866,256,2025-11-01,64.0,Paid
3867,256,2025-12-01,64.0,Paid
3868,256,2026-01-01,64.0,Paid
3869,256,2026-02-01,64.0,Paid
3870,256,2026-03-01,64.0,Failed
3871,256,2026-04-01,64.0,Paid
3872,256,2026-05-01,64.0,Paid
3873,256,2026-06-01,64.0,Paid
3874,256,2026-07-01,64.0,Paid
3875,257,2025-01-01,45.0,Paid
3876,257,2025-02-01,45.0,Failed
3877,257,2025-03-01,45.0,Paid
3878,257,2025-04-01,45.0,Paid
3879,257,2025-05-01,45.0,Paid
3880,257,2025-06-01,45.0,Paid
3881,257,2025-07-01,45.0,Paid
3882,257,2025-08-01,45.0,Paid
3883,257,2025-09-01,45.0,Paid
3884,257,2025-10-01,45.0,Paid
3885,257,2025-11-01,45.0,Failed
3886,257,2025-12-01,45.0,Paid
3887,257,2026-01-01,45.0,Paid
3888,257,2026-02-01,45.0,Paid
3889,257,2026-03-01,45.0,Paid
3890,257,2026-04-01,45.0,Paid
3891,257,2026-05-01,45.0,Paid
3892,257,2026-06-01,45.0,Paid
3893,257,2026-07-01,45.0,Paid
3894,258,2025-09-01,45.0,Paid
3895,258,2025-10-01,45.0,Paid
3896,258,2025-11-01,45.0,Paid
3897,258,2025-12-01,45.0,Paid
3898,258,2026-01-01,45.0,Paid
3899,258,2026-02-01,45.0,Paid
3900,258,2026-03-01,45.0,Paid
3901,258,2026-04-01,45.0,Failed
3902,258,2026-05-01,45.0,Paid
3903,258,2026-06-01,45.0,Paid
3904,258,2026-07-01,45.0,Paid
3905,259,2025-01-01,64.0,Paid
3906,259,2025-02-01,64.0,Paid
3907,259,2025-03-01,64.0,Paid
3908,259,2025-04-01,64.0,Paid
3909,260,2024-10-01,56.0,Paid
3910,260,2024-11-01,56.0,Paid
3911,260,2024-12-01,56.0,Paid
3912,260,2025-01-01,56.0,Paid
3913,260,2025-02-01,56.0,Paid
3914,260,2025-03-01,56.0,Paid
3915,260,2025-04-01,56.0,Paid
3916,260,2025-05-01,56.0,Paid
3917,260,2025-06-01,56.0,Paid
3918,260,2025-07-01,56.0,Failed
3919,260,2025-08-01,56.0,Failed
3920,260,2025-09-01,56.0,Paid
3921,260,2025-10-01,56.0,Paid
3922,260,2025-11-01,56.0,Paid
3923,260,2025-12-01,56.0,Paid
3924,260,2026-01-01,56.0,Paid
3925,260,2026-02-01,56.0,Paid
3926,260,2026-03-01,56.0,Paid
3927,260,2026-04-01,56.0,Failed
3928,260,2026-05-01,56.0,Failed
3929,260,2026-06-01,56.0,Paid
3930,260,2026-07-01,56.0,Paid
3931,261,2025-10-01,64.0,Paid
3932,261,2025-11-01,64.0,Paid
3933,261,2025-12-01,64.0,Paid
3934,261,2026-01-01,64.0,Paid
3935,261,2026-02-01,64.0,Paid
3936,261,2026-03-01,64.0,Paid
3937,261,2026-04-01,64.0,Paid
3938,261,2026-05-01,64.0,Paid
3939,261,2026-06-01,64.0,Paid
3940,261,2026-07-01,64.0,Paid
3941,262,2025-08-01,39.0,Paid
3942,262,2025-09-01,39.0,Paid
3943,262,2025-10-01,39.0,Paid
3944,262,2025-11-01,39.0,Paid
3945,262,2025-12-01,39.0,Failed
3946,262,2026-01-01,39.0,Paid
3947,262,2026-02-01,39.0,Paid
3948,262,2026-03-01,39.0,Paid
3949,262,2026-04-01,39.0,Paid
3950,262,2026-05-01,39.0,Paid
3951,262,2026-06-01,39.0,Failed
3952,262,2026-07-01,39.0,Paid
3953,263,2025-03-01,45.0,Paid
3954,263,2025-04-01,45.0,Paid
3955,263,2025-05-01,45.0,Paid
3956,263,2025-06-01,45.0,Paid
3957,263,2025-07-01,45.0,Failed
3958,263,2025-08-01,45.0,Paid
3959,263,2025-09-01,45.0,Paid
3960,263,2025-10-01,45.0,Paid
3961,263,2025-11-01,45.0,Paid
3962,263,2025-12-01,45.0,Paid
3963,263,2026-01-01,45.0,Paid
3964,263,2026-02-01,45.0,Failed
3965,263,2026-03-01,45.0,Paid
3966,263,2026-04-01,45.0,Paid
3967,263,2026-05-01,45.0,Paid
3968,263,2026-06-01,45.0,Paid
3969,263,2026-07-01,45.0,Paid
3970,264,2025-11-01,45.0,Paid
3971,264,2025-12-01,45.0,Paid
3972,264,2026-01-01,45.0,Paid
3973,264,2026-02-01,45.0,Paid
3974,264,2026-03-01,45.0,Paid
3975,264,2026-04-01,45.0,Paid
3976,264,2026-05-01,45.0,Paid
3977,264,2026-06-01,45.0,Paid
3978,264,2026-07-01,45.0,Paid
3979,265,2024-11-01,39.0,Paid
3980,265,2024-12-01,39.0,Paid
3981,265,2025-01-01,39.0,Paid
3982,265,2025-02-01,39.0,Paid
3983,265,2025-03-01,39.0,Paid
3984,265,2025-04-01,39.0,Paid
3985,265,2025-05-01,39.0,Paid
3986,265,2025-06-01,39.0,Paid
3987,265,2025-07-01,39.0,Paid
3988,265,2025-08-01,39.0,Paid
3989,265,2025-09-01,39.0,Paid
3990,265,2025-10-01,39.0,Failed
3991,265,2025-11-01,39.0,Paid
3992,265,2025-12-01,39.0,Paid
3993,265,2026-01-01,39.0,Paid
3994,265,2026-02-01,39.0,Paid
3995,265,2026-03-01,39.0,Paid
3996,265,2026-04-01,39.0,Failed
3997,265,2026-05-01,39.0,Paid
3998,265,2026-06-01,39.0,Paid
3999,265,2026-07-01,39.0,Paid
4000,266,2024-07-01,56.0,Paid
4001,266,2024-08-01,56.0,Paid
4002,266,2024-09-01,56.0,Paid
4003,266,2024-10-01,56.0,Paid
4004,266,2024-11-01,56.0,Paid
4005,266,2024-12-01,56.0,Paid
4006,266,2025-01-01,56.0,Paid
4007,266,2025-02-01,56.0,Paid
4008,266,2025-03-01,56.0,Paid
4009,266,2025-04-01,56.0,Paid
4010,266,2025-05-01,56.0,Paid
4011,266,2025-06-01,56.0,Paid
4012,266,2025-07-01,56.0,Paid
4013,266,2025-08-01,56.0,Paid
4014,266,2025-09-01,56.0,Paid
4015,266,2025-10-01,56.0,Paid
4016,266,2025-11-01,56.0,Paid
4017,266,2025-12-01,56.0,Paid
4018,266,2026-01-01,56.0,Paid
4019,266,2026-02-01,56.0,Paid
4020,266,2026-03-01,56.0,Paid
4021,266,2026-04-01,56.0,Paid
4022,266,2026-05-01,56.0,Paid
4023,266,2026-06-01,56.0,Paid
4024,266,2026-07-01,56.0,Paid
4025,267,2024-02-01,45.0,Paid
4026,267,2024-03-01,45.0,Paid
4027,267,2024-04-01,45.0,Failed
4028,267,2024-05-01,45.0,Paid
4029,267,2024-06-01,45.0,Paid
4030,267,2024-07-01,45.0,Failed
4031,267,2024-08-01,45.0,Paid
4032,267,2024-09-01,45.0,Paid
4033,267,2024-10-01,45.0,Paid
4034,267,2024-11-01,45.0,Paid
4035,267,2024-12-01,45.0,Paid
4036,267,2025-01-01,45.0,Paid
4037,267,2025-02-01,45.0,Paid
4038,267,2025-03-01,45.0,Paid
4039,267,2025-04-01,45.0,Paid
4040,267,2025-05-01,45.0,Paid
4041,267,2025-06-01,45.0,Paid
4042,267,2025-07-01,45.0,Paid
4043,267,2025-08-01,45.0,Paid
4044,267,2025-09-01,45.0,Paid
4045,267,2025-10-01,45.0,Paid
4046,267,2025-11-01,45.0,Paid
4047,267,2025-12-01,45.0,Paid
4048,267,2026-01-01,45.0,Paid
4049,267,2026-02-01,45.0,Paid
4050,267,2026-03-01,45.0,Paid
4051,267,2026-04-01,45.0,Paid
4052,267,2026-05-01,45.0,Paid
4053,267,2026-06-01,45.0,Paid
4054,267,2026-07-01,45.0,Paid
4055,268,2024-11-01,64.0,Paid
4056,268,2024-12-01,64.0,Paid
4057,268,2025-01-01,64.0,Paid
4058,268,2025-02-01,64.0,Paid
4059,268,2025-03-01,64.0,Paid
4060,268,2025-04-01,64.0,Paid
4061,268,2025-05-01,64.0,Paid
4062,268,2025-06-01,64.0,Failed
4063,268,2025-07-01,64.0,Paid
4064,268,2025-08-01,64.0,Paid
4065,268,2025-09-01,64.0,Paid
4066,268,2025-10-01,64.0,Paid
4067,268,2025-11-01,64.0,Paid
4068,268,2025-12-01,64.0,Paid
4069,268,2026-01-01,64.0,Paid
4070,268,2026-02-01,64.0,Paid
4071,268,2026-03-01,64.0,Paid
4072,268,2026-04-01,64.0,Paid
4073,268,2026-05-01,64.0,Failed
4074,268,2026-06-01,64.0,Paid
4075,268,2026-07-01,64.0,Paid
4076,269,2024-02-01,56.0,Paid
4077,269,2024-03-01,56.0,Paid
4078,269,2024-04-01,56.0,Paid
4079,269,2024-05-01,56.0,Paid
4080,269,2024-06-01,56.0,Paid
4081,269,2024-07-01,56.0,Paid
4082,269,2024-08-01,56.0,Paid
4083,269,2024-09-01,56.0,Paid
4084,269,2024-10-01,56.0,Paid
4085,269,2024-11-01,56.0,Paid
4086,269,2024-12-01,56.0,Failed
4087,269,2025-01-01,56.0,Paid
4088,269,2025-02-01,56.0,Paid
4089,269,2025-03-01,56.0,Paid
4090,269,2025-04-01,56.0,Paid
4091,269,2025-05-01,56.0,Paid
4092,269,2025-06-01,56.0,Paid
4093,269,2025-07-01,56.0,Paid
4094,269,2025-08-01,56.0,Paid
4095,269,2025-09-01,56.0,Paid
4096,269,2025-10-01,56.0,Paid
4097,269,2025-11-01,56.0,Paid
4098,269,2025-12-01,56.0,Paid
4099,269,2026-01-01,56.0,Paid
4100,269,2026-02-01,56.0,Paid
4101,269,2026-03-01,56.0,Paid
4102,269,2026-04-01,56.0,Paid
4103,269,2026-05-01,56.0,Paid
4104,269,2026-06-01,56.0,Paid
4105,269,2026-07-01,56.0,Paid
4106,270,2025-05-01,45.0,Paid
4107,270,2025-06-01,45.0,Paid
4108,270,2025-07-01,45.0,Paid
4109,270,2025-08-01,45.0,Failed
4110,270,2025-09-01,45.0,Paid
4111,270,2025-10-01,45.0,Paid
4112,270,2025-11-01,45.0,Paid
4113,270,2025-12-01,45.0,Paid
4114,270,2026-01-01,45.0,Paid
4115,270,2026-02-01,45.0,Paid
4116,270,2026-03-01,45.0,Paid
4117,270,2026-04-01,45.0,Paid
4118,270,2026-05-01,45.0,Paid
4119,270,2026-06-01,45.0,Paid
4120,270,2026-07-01,45.0,Paid
4121,271,2025-03-01,64.0,Paid
4122,271,2025-04-01,64.0,Paid
4123,271,2025-05-01,64.0,Paid
4124,271,2025-06-01,64.0,Paid
4125,271,2025-07-01,64.0,Paid
4126,271,2025-08-01,64.0,Paid
4127,271,2025-09-01,64.0,Failed
4128,271,2025-10-01,64.0,Paid
4129,271,2025-11-01,64.0,Paid
4130,271,2025-12-01,64.0,Paid
4131,271,2026-01-01,64.0,Paid
4132,272,2024-12-01,39.0,Paid
4133,272,2025-01-01,39.0,Paid
4134,272,2025-02-01,39.0,Paid
4135,272,2025-03-01,39.0,Paid
4136,272,2025-04-01,39.0,Paid
4137,272,2025-05-01,39.0,Paid
4138,272,2025-06-01,39.0,Paid
4139,272,2025-07-01,39.0,Paid
4140,272,2025-08-01,39.0,Paid
4141,272,2025-09-01,39.0,Paid
4142,272,2025-10-01,39.0,Paid
4143,272,2025-11-01,39.0,Paid
4144,272,2025-12-01,39.0,Paid
4145,272,2026-01-01,39.0,Paid
4146,272,2026-02-01,39.0,Paid
4147,272,2026-03-01,39.0,Paid
4148,272,2026-04-01,39.0,Paid
4149,272,2026-05-01,39.0,Paid
4150,272,2026-06-01,39.0,Paid
4151,272,2026-07-01,39.0,Paid
4152,273,2025-05-01,64.0,Paid
4153,273,2025-06-01,64.0,Paid
4154,273,2025-07-01,64.0,Paid
4155,273,2025-08-01,64.0,Paid
4156,273,2025-09-01,64.0,Paid
4157,273,2025-10-01,64.0,Paid
4158,273,2025-11-01,64.0,Paid
4159,273,2025-12-01,64.0,Paid
4160,273,2026-01-01,64.0,Paid
4161,273,2026-02-01,64.0,Paid
4162,273,2026-03-01,64.0,Paid
4163,273,2026-04-01,64.0,Paid
4164,273,2026-05-01,64.0,Paid
4165,273,2026-06-01,64.0,Paid
4166,273,2026-07-01,64.0,Paid
4167,274,2025-05-01,64.0,Paid
4168,274,2025-06-01,64.0,Paid
4169,274,2025-07-01,64.0,Paid
4170,274,2025-08-01,64.0,Paid
4171,274,2025-09-01,64.0,Paid
4172,274,2025-10-01,64.0,Paid
4173,274,2025-11-01,64.0,Paid
4174,274,2025-12-01,64.0,Paid
4175,274,2026-01-01,64.0,Paid
4176,274,2026-02-01,64.0,Paid
4177,274,2026-03-01,64.0,Paid
4178,274,2026-04-01,64.0,Paid
4179,274,2026-05-01,64.0,Paid
4180,274,2026-06-01,64.0,Paid
4181,274,2026-07-01,64.0,Paid
4182,275,2024-06-01,56.0,Paid
4183,275,2024-07-01,56.0,Paid
4184,275,2024-08-01,56.0,Paid
4185,275,2024-09-01,56.0,Failed
4186,275,2024-10-01,56.0,Paid
4187,275,2024-11-01,56.0,Failed
4188,275,2024-12-01,56.0,Paid
4189,275,2025-01-01,56.0,Paid
4190,275,2025-02-01,56.0,Paid
4191,275,2025-03-01,56.0,Paid
4192,275,2025-04-01,56.0,Paid
4193,275,2025-05-01,56.0,Paid
4194,275,2025-06-01,56.0,Paid
4195,275,2025-07-01,56.0,Failed
4196,275,2025-08-01,56.0,Paid
4197,275,2025-09-01,56.0,Paid
4198,275,2025-10-01,56.0,Paid
4199,275,2025-11-01,56.0,Failed
4200,275,2025-12-01,56.0,Paid
4201,275,2026-01-01,56.0,Paid
4202,275,2026-02-01,56.0,Paid
4203,275,2026-03-01,56.0,Paid
4204,275,2026-04-01,56.0,Paid
4205,275,2026-05-01,56.0,Paid
4206,275,2026-06-01,56.0,Paid
4207,275,2026-07-01,56.0,Paid
4208,276,2024-12-01,45.0,Paid
4209,276,2025-01-01,45.0,Paid
4210,276,2025-02-01,45.0,Paid
4211,276,2025-03-01,45.0,Paid
4212,276,2025-04-01,45.0,Paid
4213,276,2025-05-01,45.0,Paid
4214,276,2025-06-01,45.0,Paid
4215,276,2025-07-01,45.0,Paid
4216,276,2025-08-01,45.0,Paid
4217,276,2025-09-01,45.0,Paid
4218,276,2025-10-01,45.0,Paid
4219,276,2025-11-01,45.0,Paid
4220,276,2025-12-01,45.0,Paid
4221,276,2026-01-01,45.0,Paid
4222,276,2026-02-01,45.0,Paid
4223,276,2026-03-01,45.0,Paid
4224,276,2026-04-01,45.0,Paid
4225,276,2026-05-01,45.0,Paid
4226,276,2026-06-01,45.0,Paid
4227,276,2026-07-01,45.0,Paid
4228,277,2026-06-01,45.0,Paid
4229,277,2026-07-01,45.0,Paid
4230,278,2024-05-01,64.0,Paid
4231,278,2024-06-01,64.0,Paid
4232,278,2024-07-01,64.0,Failed
4233,278,2024-08-01,64.0,Paid
4234,278,2024-09-01,64.0,Paid
4235,278,2024-10-01,64.0,Paid
4236,278,2024-11-01,64.0,Paid
4237,278,2024-12-01,64.0,Paid
4238,278,2025-01-01,64.0,Paid
4239,278,2025-02-01,64.0,Paid
4240,278,2025-03-01,64.0,Paid
4241,278,2025-04-01,64.0,Paid
4242,278,2025-05-01,64.0,Paid
4243,278,2025-06-01,64.0,Paid
4244,278,2025-07-01,64.0,Paid
4245,278,2025-08-01,64.0,Paid
4246,278,2025-09-01,64.0,Paid
4247,278,2025-10-01,64.0,Paid
4248,278,2025-11-01,64.0,Paid
4249,278,2025-12-01,64.0,Failed
4250,278,2026-01-01,64.0,Paid
4251,278,2026-02-01,64.0,Failed
4252,278,2026-03-01,64.0,Paid
4253,278,2026-04-01,64.0,Paid
4254,278,2026-05-01,64.0,Paid
4255,278,2026-06-01,64.0,Paid
4256,278,2026-07-01,64.0,Paid
4257,279,2024-07-01,64.0,Paid
4258,279,2024-08-01,64.0,Paid
4259,279,2024-09-01,64.0,Paid
4260,279,2024-10-01,64.0,Paid
4261,279,2024-11-01,64.0,Paid
4262,279,2024-12-01,64.0,Failed
4263,279,2025-01-01,64.0,Paid
4264,279,2025-02-01,64.0,Paid
4265,279,2025-03-01,64.0,Paid
4266,279,2025-04-01,64.0,Paid
4267,279,2025-05-01,64.0,Paid
4268,279,2025-06-01,64.0,Paid
4269,279,2025-07-01,64.0,Paid
4270,279,2025-08-01,64.0,Paid
4271,279,2025-09-01,64.0,Paid
4272,279,2025-10-01,64.0,Paid
4273,279,2025-11-01,64.0,Paid
4274,279,2025-12-01,64.0,Paid
4275,279,2026-01-01,64.0,Paid
4276,279,2026-02-01,64.0,Paid
4277,279,2026-03-01,64.0,Paid
4278,279,2026-04-01,64.0,Failed
4279,279,2026-05-01,64.0,Paid
4280,279,2026-06-01,64.0,Paid
4281,279,2026-07-01,64.0,Paid
4282,280,2026-03-01,45.0,Paid
4283,280,2026-04-01,45.0,Paid
4284,280,2026-05-01,45.0,Paid
4285,280,2026-06-01,45.0,Paid
4286,280,2026-07-01,45.0,Paid
4287,281,2025-01-01,39.0,Paid
4288,281,2025-02-01,39.0,Paid
4289,281,2025-03-01,39.0,Paid
4290,281,2025-04-01,39.0,Paid
4291,281,2025-05-01,39.0,Paid
4292,281,2025-06-01,39.0,Paid
4293,281,2025-07-01,39.0,Paid
4294,281,2025-08-01,39.0,Paid
4295,281,2025-09-01,39.0,Paid
4296,281,2025-10-01,39.0,Paid
4297,281,2025-11-01,39.0,Paid
4298,281,2025-12-01,39.0,Paid
4299,281,2026-01-01,39.0,Paid
4300,281,2026-02-01,39.0,Paid
4301,281,2026-03-01,39.0,Paid
4302,281,2026-04-01,39.0,Paid
4303,281,2026-05-01,39.0,Failed
4304,281,2026-06-01,39.0,Paid
4305,281,2026-07-01,39.0,Paid
4306,282,2025-05-01,56.0,Paid
4307,282,2025-06-01,56.0,Paid
4308,282,2025-07-01,56.0,Paid
4309,282,2025-08-01,56.0,Paid
4310,282,2025-09-01,56.0,Paid
4311,282,2025-10-01,56.0,Paid
4312,282,2025-11-01,56.0,Paid
4313,282,2025-12-01,56.0,Paid
4314,282,2026-01-01,56.0,Paid
4315,282,2026-02-01,56.0,Paid
4316,282,2026-03-01,56.0,Paid
4317,282,2026-04-01,56.0,Paid
4318,282,2026-05-01,56.0,Paid
4319,282,2026-06-01,56.0,Paid
4320,282,2026-07-01,56.0,Paid
4321,283,2026-05-01,45.0,Failed
4322,283,2026-06-01,45.0,Paid
4323,283,2026-07-01,45.0,Paid
4324,284,2024-06-01,39.0,Paid
4325,284,2024-07-01,39.0,Paid
4326,284,2024-08-01,39.0,Paid
4327,284,2024-09-01,39.0,Paid
4328,284,2024-10-01,39.0,Paid
4329,284,2024-11-01,39.0,Paid
4330,284,2024-12-01,39.0,Paid
4331,284,2025-01-01,39.0,Paid
4332,284,2025-02-01,39.0,Paid
4333,284,2025-03-01,39.0,Paid
4334,284,2025-04-01,39.0,Paid
4335,284,2025-05-01,39.0,Paid
4336,284,2025-06-01,39.0,Failed
4337,284,2025-07-01,39.0,Failed
4338,284,2025-08-01,39.0,Paid
4339,284,2025-09-01,39.0,Failed
4340,284,2025-10-01,39.0,Paid
4341,284,2025-11-01,39.0,Failed
4342,284,2025-12-01,39.0,Paid
4343,284,2026-01-01,39.0,Paid
4344,284,2026-02-01,39.0,Paid
4345,284,2026-03-01,39.0,Paid
4346,284,2026-04-01,39.0,Paid
4347,284,2026-05-01,39.0,Paid
4348,285,2024-04-01,56.0,Paid
4349,285,2024-05-01,56.0,Paid
4350,285,2024-06-01,56.0,Paid
4351,285,2024-07-01,56.0,Paid
4352,285,2024-08-01,56.0,Paid
4353,285,2024-09-01,56.0,Paid
4354,285,2024-10-01,56.0,Paid
4355,285,2024-11-01,56.0,Paid
4356,285,2024-12-01,56.0,Paid
4357,285,2025-01-01,56.0,Paid
4358,285,2025-02-01,56.0,Paid
4359,285,2025-03-01,56.0,Paid
4360,285,2025-04-01,56.0,Paid
4361,285,2025-05-01,56.0,Paid
4362,285,2025-06-01,56.0,Paid
4363,285,2025-07-01,56.0,Paid
4364,285,2025-08-01,56.0,Paid
4365,285,2025-09-01,56.0,Paid
4366,285,2025-10-01,56.0,Paid
4367,285,2025-11-01,56.0,Paid
4368,285,2025-12-01,56.0,Paid
4369,285,2026-01-01,56.0,Paid
4370,285,2026-02-01,56.0,Paid
4371,285,2026-03-01,56.0,Paid
4372,285,2026-04-01,56.0,Paid
4373,285,2026-05-01,56.0,Paid
4374,285,2026-06-01,56.0,Paid
4375,285,2026-07-01,56.0,Paid
4376,286,2024-09-01,56.0,Paid
4377,286,2024-10-01,56.0,Paid
4378,286,2024-11-01,56.0,Paid
4379,286,2024-12-01,56.0,Failed
4380,286,2025-01-01,56.0,Failed
4381,286,2025-02-01,56.0,Paid
4382,286,2025-03-01,56.0,Paid
4383,286,2025-04-01,56.0,Paid
4384,286,2025-05-01,56.0,Paid
4385,286,2025-06-01,56.0,Paid
4386,286,2025-07-01,56.0,Paid
4387,286,2025-08-01,56.0,Paid
4388,286,2025-09-01,56.0,Paid
4389,286,2025-10-01,56.0,Paid
4390,286,2025-11-01,56.0,Paid
4391,286,2025-12-01,56.0,Paid
4392,286,2026-01-01,56.0,Paid
4393,286,2026-02-01,56.0,Paid
4394,286,2026-03-01,56.0,Paid
4395,286,2026-04-01,56.0,Failed
4396,286,2026-05-01,56.0,Paid
4397,286,2026-06-01,56.0,Paid
4398,286,2026-07-01,56.0,Paid
4399,287,2024-12-01,64.0,Paid
4400,287,2025-01-01,64.0,Paid
4401,287,2025-02-01,64.0,Paid
4402,287,2025-03-01,64.0,Paid
4403,287,2025-04-01,64.0,Paid
4404,288,2024-08-01,64.0,Paid
4405,288,2024-09-01,64.0,Paid
4406,288,2024-10-01,64.0,Paid
4407,288,2024-11-01,64.0,Failed
4408,288,2024-12-01,64.0,Paid
4409,288,2025-01-01,64.0,Paid
4410,288,2025-02-01,64.0,Paid
4411,288,2025-03-01,64.0,Paid
4412,288,2025-04-01,64.0,Paid
4413,288,2025-05-01,64.0,Paid
4414,288,2025-06-01,64.0,Paid
4415,288,2025-07-01,64.0,Paid
4416,288,2025-08-01,64.0,Paid
4417,288,2025-09-01,64.0,Failed
4418,288,2025-10-01,64.0,Paid
4419,288,2025-11-01,64.0,Paid
4420,288,2025-12-01,64.0,Paid
4421,288,2026-01-01,64.0,Paid
4422,288,2026-02-01,64.0,Paid
4423,288,2026-03-01,64.0,Paid
4424,288,2026-04-01,64.0,Paid
4425,288,2026-05-01,64.0,Paid
4426,288,2026-06-01,64.0,Paid
4427,288,2026-07-01,64.0,Paid
4428,289,2024-10-01,45.0,Paid
4429,289,2024-11-01,45.0,Paid
4430,289,2024-12-01,45.0,Paid
4431,289,2025-01-01,45.0,Paid
4432,289,2025-02-01,45.0,Failed
4433,289,2025-03-01,45.0,Paid
4434,289,2025-04-01,45.0,Paid
4435,289,2025-05-01,45.0,Failed
4436,289,2025-06-01,45.0,Paid
4437,289,2025-07-01,45.0,Paid
4438,289,2025-08-01,45.0,Paid
4439,289,2025-09-01,45.0,Paid
4440,289,2025-10-01,45.0,Paid
4441,289,2025-11-01,45.0,Paid
4442,289,2025-12-01,45.0,Paid
4443,289,2026-01-01,45.0,Paid
4444,289,2026-02-01,45.0,Paid
4445,289,2026-03-01,45.0,Paid
4446,289,2026-04-01,45.0,Paid
4447,289,2026-05-01,45.0,Paid
4448,289,2026-06-01,45.0,Paid
4449,289,2026-07-01,45.0,Paid
4450,290,2024-01-01,45.0,Paid
4451,290,2024-02-01,45.0,Paid
4452,290,2024-03-01,45.0,Paid
4453,290,2024-04-01,45.0,Paid
4454,290,2024-05-01,45.0,Paid
4455,290,2024-06-01,45.0,Paid
4456,290,2024-07-01,45.0,Paid
4457,290,2024-08-01,45.0,Paid
4458,290,2024-09-01,45.0,Paid
4459,290,2024-10-01,45.0,Paid
4460,290,2024-11-01,45.0,Paid
4461,290,2024-12-01,45.0,Paid
4462,290,2025-01-01,45.0,Paid
4463,290,2025-02-01,45.0,Paid
4464,290,2025-03-01,45.0,Paid
4465,290,2025-04-01,45.0,Paid
4466,290,2025-05-01,45.0,Paid
4467,290,2025-06-01,45.0,Paid
4468,290,2025-07-01,45.0,Paid
4469,290,2025-08-01,45.0,Paid
4470,290,2025-09-01,45.0,Paid
4471,290,2025-10-01,45.0,Paid
4472,290,2025-11-01,45.0,Failed
4473,290,2025-12-01,45.0,Paid
4474,290,2026-01-01,45.0,Paid
4475,290,2026-02-01,45.0,Paid
4476,290,2026-03-01,45.0,Paid
4477,290,2026-04-01,45.0,Failed
4478,290,2026-05-01,45.0,Paid
4479,290,2026-06-01,45.0,Paid
4480,290,2026-07-01,45.0,Paid
4481,291,2024-12-01,64.0,Failed
4482,291,2025-01-01,64.0,Paid
4483,291,2025-02-01,64.0,Paid
4484,291,2025-03-01,64.0,Paid
4485,291,2025-04-01,64.0,Paid
4486,291,2025-05-01,64.0,Paid
4487,291,2025-06-01,64.0,Paid
4488,291,2025-07-01,64.0,Paid
4489,291,2025-08-01,64.0,Paid
4490,291,2025-09-01,64.0,Paid
4491,291,2025-10-01,64.0,Paid
4492,291,2025-11-01,64.0,Paid
4493,291,2025-12-01,64.0,Paid
4494,291,2026-01-01,64.0,Paid
4495,291,2026-02-01,64.0,Failed
4496,291,2026-03-01,64.0,Paid
4497,291,2026-04-01,64.0,Paid
4498,291,2026-05-01,64.0,Paid
4499,291,2026-06-01,64.0,Failed
4500,291,2026-07-01,64.0,Paid
4501,292,2025-07-01,64.0,Paid
4502,292,2025-08-01,64.0,Paid
4503,292,2025-09-01,64.0,Paid
4504,292,2025-10-01,64.0,Paid
4505,292,2025-11-01,64.0,Failed
4506,292,2025-12-01,64.0,Paid
4507,292,2026-01-01,64.0,Paid
4508,292,2026-02-01,64.0,Paid
4509,292,2026-03-01,64.0,Paid
4510,292,2026-04-01,64.0,Paid
4511,292,2026-05-01,64.0,Paid
4512,292,2026-06-01,64.0,Paid
4513,292,2026-07-01,64.0,Paid
4514,293,2024-01-01,64.0,Paid
4515,293,2024-02-01,64.0,Paid
4516,293,2024-03-01,64.0,Paid
4517,293,2024-04-01,64.0,Paid
4518,293,2024-05-01,64.0,Paid
4519,293,2024-06-01,64.0,Paid
4520,293,2024-07-01,64.0,Paid
4521,293,2024-08-01,64.0,Paid
4522,293,2024-09-01,64.0,Paid
4523,293,2024-10-01,64.0,Paid
4524,293,2024-11-01,64.0,Failed
4525,293,2024-12-01,64.0,Paid
4526,293,2025-01-01,64.0,Paid
4527,293,2025-02-01,64.0,Paid
4528,293,2025-03-01,64.0,Paid
4529,293,2025-04-01,64.0,Paid
4530,293,2025-05-01,64.0,Paid
4531,293,2025-06-01,64.0,Failed
4532,293,2025-07-01,64.0,Paid
4533,293,2025-08-01,64.0,Paid
4534,293,2025-09-01,64.0,Paid
4535,293,2025-10-01,64.0,Paid
4536,293,2025-11-01,64.0,Paid
4537,293,2025-12-01,64.0,Paid
4538,293,2026-01-01,64.0,Paid
4539,293,2026-02-01,64.0,Paid
4540,293,2026-03-01,64.0,Failed
4541,293,2026-04-01,64.0,Paid
4542,293,2026-05-01,64.0,Paid
4543,293,2026-06-01,64.0,Paid
4544,293,2026-07-01,64.0,Paid
4545,294,2024-09-01,64.0,Paid
4546,294,2024-10-01,64.0,Paid
4547,294,2024-11-01,64.0,Paid
4548,294,2024-12-01,64.0,Paid
4549,294,2025-01-01,64.0,Paid
4550,294,2025-02-01,64.0,Failed
4551,294,2025-03-01,64.0,Paid
4552,294,2025-04-01,64.0,Paid
4553,294,2025-05-01,64.0,Paid
4554,294,2025-06-01,64.0,Paid
4555,294,2025-07-01,64.0,Paid
4556,294,2025-08-01,64.0,Paid
4557,294,2025-09-01,64.0,Paid
4558,294,2025-10-01,64.0,Failed
4559,294,2025-11-01,64.0,Paid
4560,294,2025-12-01,64.0,Paid
4561,294,2026-01-01,64.0,Failed
4562,294,2026-02-01,64.0,Paid
4563,294,2026-03-01,64.0,Paid
4564,294,2026-04-01,64.0,Paid
4565,294,2026-05-01,64.0,Paid
4566,294,2026-06-01,64.0,Paid
4567,294,2026-07-01,64.0,Paid
4568,295,2025-04-01,45.0,Paid
4569,295,2025-05-01,45.0,Paid
4570,295,2025-06-01,45.0,Paid
4571,295,2025-07-01,45.0,Paid
4572,295,2025-08-01,45.0,Paid
4573,295,2025-09-01,45.0,Paid
4574,295,2025-10-01,45.0,Paid
4575,295,2025-11-01,45.0,Paid
4576,295,2025-12-01,45.0,Paid
4577,295,2026-01-01,45.0,Paid
4578,295,2026-02-01,45.0,Paid
4579,295,2026-03-01,45.0,Paid
4580,295,2026-04-01,45.0,Paid
4581,295,2026-05-01,45.0,Paid
4582,295,2026-06-01,45.0,Paid
4583,295,2026-07-01,45.0,Paid
4584,296,2025-05-01,45.0,Paid
4585,296,2025-06-01,45.0,Paid
4586,296,2025-07-01,45.0,Paid
4587,297,2024-12-01,56.0,Paid
4588,297,2025-01-01,56.0,Paid
4589,297,2025-02-01,56.0,Paid
4590,297,2025-03-01,56.0,Paid
4591,297,2025-04-01,56.0,Paid
4592,297,2025-05-01,56.0,Paid
4593,297,2025-06-01,56.0,Paid
4594,297,2025-07-01,56.0,Paid
4595,297,2025-08-01,56.0,Paid
4596,297,2025-09-01,56.0,Paid
4597,297,2025-10-01,56.0,Paid
4598,297,2025-11-01,56.0,Paid
4599,297,2025-12-01,56.0,Paid
4600,297,2026-01-01,56.0,Paid
4601,297,2026-02-01,56.0,Paid
4602,297,2026-03-01,56.0,Paid
4603,297,2026-04-01,56.0,Paid
4604,297,2026-05-01,56.0,Paid
4605,297,2026-06-01,56.0,Paid
4606,297,2026-07-01,56.0,Paid
4607,298,2024-11-01,39.0,Paid
4608,298,2024-12-01,39.0,Paid
4609,298,2025-01-01,39.0,Paid
4610,298,2025-02-01,39.0,Paid
4611,298,2025-03-01,39.0,Paid
4612,298,2025-04-01,39.0,Paid
4613,298,2025-05-01,39.0,Paid
4614,298,2025-06-01,39.0,Paid
4615,298,2025-07-01,39.0,Paid
4616,298,2025-08-01,39.0,Paid
4617,298,2025-09-01,39.0,Paid
4618,298,2025-10-01,39.0,Paid
4619,298,2025-11-01,39.0,Paid
4620,298,2025-12-01,39.0,Failed
4621,298,2026-01-01,39.0,Paid
4622,298,2026-02-01,39.0,Paid
4623,298,2026-03-01,39.0,Paid
4624,298,2026-04-01,39.0,Paid
4625,298,2026-05-01,39.0,Paid
4626,298,2026-06-01,39.0,Paid
4627,298,2026-07-01,39.0,Paid
4628,299,2026-04-01,39.0,Paid
4629,299,2026-05-01,39.0,Paid
4630,299,2026-06-01,39.0,Paid
4631,299,2026-07-01,39.0,Paid
4632,300,2024-06-01,45.0,Paid
4633,300,2024-07-01,45.0,Paid
4634,300,2024-08-01,45.0,Paid
4635,300,2024-09-01,45.0,Paid
4636,300,2024-10-01,45.0,Paid
4637,300,2024-11-01,45.0,Paid
4638,300,2024-12-01,45.0,Paid
4639,300,2025-01-01,45.0,Paid
4640,300,2025-02-01,45.0,Paid
4641,300,2025-03-01,45.0,Paid
4642,300,2025-04-01,45.0,Paid
4643,300,2025-05-01,45.0,Paid
4644,300,2025-06-01,45.0,Paid
4645,301,2025-02-01,64.0,Paid
4646,301,2025-03-01,64.0,Paid
4647,301,2025-04-01,64.0,Paid
4648,301,2025-05-01,64.0,Paid
4649,301,2025-06-01,64.0,Paid
4650,301,2025-07-01,64.0,Paid
4651,301,2025-08-01,64.0,Paid
4652,301,2025-09-01,64.0,Paid
4653,301,2025-10-01,64.0,Failed
4654,301,2025-11-01,64.0,Paid
4655,301,2025-12-01,64.0,Paid
4656,301,2026-01-01,64.0,Failed
4657,301,2026-02-01,64.0,Paid
4658,301,2026-03-01,64.0,Paid
4659,301,2026-04-01,64.0,Paid
4660,301,2026-05-01,64.0,Paid
4661,301,2026-06-01,64.0,Failed
4662,301,2026-07-01,64.0,Paid
4663,302,2024-05-01,64.0,Paid
4664,302,2024-06-01,64.0,Paid
4665,302,2024-07-01,64.0,Paid
4666,302,2024-08-01,64.0,Paid
4667,302,2024-09-01,64.0,Paid
4668,302,2024-10-01,64.0,Paid
4669,302,2024-11-01,64.0,Failed
4670,302,2024-12-01,64.0,Paid
4671,302,2025-01-01,64.0,Paid
4672,302,2025-02-01,64.0,Paid
4673,302,2025-03-01,64.0,Paid
4674,302,2025-04-01,64.0,Paid
4675,302,2025-05-01,64.0,Paid
4676,302,2025-06-01,64.0,Paid
4677,302,2025-07-01,64.0,Paid
4678,302,2025-08-01,64.0,Paid
4679,302,2025-09-01,64.0,Paid
4680,302,2025-10-01,64.0,Paid
4681,302,2025-11-01,64.0,Paid
4682,302,2025-12-01,64.0,Paid
4683,302,2026-01-01,64.0,Paid
4684,303,2026-05-01,39.0,Paid
4685,303,2026-06-01,39.0,Paid
4686,303,2026-07-01,39.0,Paid
4687,304,2024-02-01,45.0,Paid
4688,304,2024-03-01,45.0,Paid
4689,304,2024-04-01,45.0,Paid
4690,304,2024-05-01,45.0,Paid
4691,304,2024-06-01,45.0,Paid
4692,304,2024-07-01,45.0,Failed
4693,304,2024-08-01,45.0,Paid
4694,304,2024-09-01,45.0,Failed
4695,304,2024-10-01,45.0,Failed
4696,304,2024-11-01,45.0,Paid
4697,304,2024-12-01,45.0,Paid
4698,304,2025-01-01,45.0,Paid
4699,304,2025-02-01,45.0,Paid
4700,304,2025-03-01,45.0,Paid
4701,304,2025-04-01,45.0,Paid
4702,304,2025-05-01,45.0,Paid
4703,304,2025-06-01,45.0,Paid
4704,304,2025-07-01,45.0,Paid
4705,304,2025-08-01,45.0,Paid
4706,304,2025-09-01,45.0,Paid
4707,304,2025-10-01,45.0,Paid
4708,304,2025-11-01,45.0,Paid
4709,304,2025-12-01,45.0,Paid
4710,304,2026-01-01,45.0,Paid
4711,304,2026-02-01,45.0,Paid
4712,304,2026-03-01,45.0,Paid
4713,304,2026-04-01,45.0,Paid
4714,304,2026-05-01,45.0,Paid
4715,304,2026-06-01,45.0,Paid
4716,304,2026-07-01,45.0,Paid
4717,305,2024-03-01,64.0,Paid
4718,305,2024-04-01,64.0,Paid
4719,305,2024-05-01,64.0,Paid
4720,305,2024-06-01,64.0,Paid
4721,305,2024-07-01,64.0,Paid
4722,305,2024-08-01,64.0,Paid
4723,305,2024-09-01,64.0,Paid
4724,305,2024-10-01,64.0,Paid
4725,305,2024-11-01,64.0,Paid
4726,305,2024-12-01,64.0,Paid
4727,305,2025-01-01,64.0,Paid
4728,305,2025-02-01,64.0,Paid
4729,305,2025-03-01,64.0,Paid
4730,305,2025-04-01,64.0,Paid
4731,305,2025-05-01,64.0,Paid
4732,305,2025-06-01,64.0,Paid
4733,305,2025-07-01,64.0,Paid
4734,305,2025-08-01,64.0,Paid
4735,305,2025-09-01,64.0,Paid
4736,305,2025-10-01,64.0,Failed
4737,305,2025-11-01,64.0,Paid
4738,305,2025-12-01,64.0,Paid
4739,305,2026-01-01,64.0,Failed
4740,305,2026-02-01,64.0,Paid
4741,305,2026-03-01,64.0,Failed
4742,305,2026-04-01,64.0,Paid
4743,305,2026-05-01,64.0,Paid
4744,305,2026-06-01,64.0,Paid
4745,305,2026-07-01,64.0,Paid
4746,306,2026-04-01,56.0,Paid
4747,306,2026-05-01,56.0,Paid
4748,306,2026-06-01,56.0,Paid
4749,306,2026-07-01,56.0,Paid
4750,307,2026-03-01,56.0,Paid
4751,307,2026-04-01,56.0,Paid
4752,307,2026-05-01,56.0,Paid
4753,307,2026-06-01,56.0,Failed
4754,307,2026-07-01,56.0,Paid
4755,308,2025-04-01,64.0,Paid
4756,308,2025-05-01,64.0,Paid
4757,308,2025-06-01,64.0,Paid
4758,308,2025-07-01,64.0,Paid
4759,308,2025-08-01,64.0,Paid
4760,308,2025-09-01,64.0,Paid
4761,308,2025-10-01,64.0,Paid
4762,308,2025-11-01,64.0,Paid
4763,308,2025-12-01,64.0,Paid
4764,308,2026-01-01,64.0,Paid
4765,308,2026-02-01,64.0,Paid
4766,308,2026-03-01,64.0,Paid
4767,308,2026-04-01,64.0,Failed
4768,308,2026-05-01,64.0,Paid
4769,308,2026-06-01,64.0,Paid
4770,308,2026-07-01,64.0,Paid
4771,309,2026-02-01,45.0,Paid
4772,309,2026-03-01,45.0,Paid
4773,309,2026-04-01,45.0,Paid
4774,309,2026-05-01,45.0,Paid
4775,310,2024-11-01,64.0,Paid
4776,310,2024-12-01,64.0,Paid
4777,310,2025-01-01,64.0,Paid
4778,311,2025-03-01,45.0,Paid
4779,311,2025-04-01,45.0,Paid
4780,311,2025-05-01,45.0,Paid
4781,311,2025-06-01,45.0,Paid
4782,311,2025-07-01,45.0,Paid
4783,311,2025-08-01,45.0,Paid
4784,311,2025-09-01,45.0,Paid
4785,311,2025-10-01,45.0,Paid
4786,311,2025-11-01,45.0,Paid
4787,311,2025-12-01,45.0,Paid
4788,311,2026-01-01,45.0,Paid
4789,311,2026-02-01,45.0,Paid
4790,311,2026-03-01,45.0,Paid
4791,311,2026-04-01,45.0,Paid
4792,311,2026-05-01,45.0,Paid
4793,311,2026-06-01,45.0,Paid
4794,311,2026-07-01,45.0,Paid
4795,312,2024-08-01,39.0,Paid
4796,312,2024-09-01,39.0,Paid
4797,312,2024-10-01,39.0,Paid
4798,312,2024-11-01,39.0,Paid
4799,312,2024-12-01,39.0,Paid
4800,312,2025-01-01,39.0,Paid
4801,312,2025-02-01,39.0,Paid
4802,312,2025-03-01,39.0,Paid
4803,312,2025-04-01,39.0,Paid
4804,312,2025-05-01,39.0,Paid
4805,312,2025-06-01,39.0,Paid
4806,312,2025-07-01,39.0,Paid
4807,312,2025-08-01,39.0,Paid
4808,312,2025-09-01,39.0,Paid
4809,312,2025-10-01,39.0,Paid
4810,312,2025-11-01,39.0,Paid
4811,312,2025-12-01,39.0,Paid
4812,312,2026-01-01,39.0,Paid
4813,312,2026-02-01,39.0,Paid
4814,312,2026-03-01,39.0,Paid
4815,312,2026-04-01,39.0,Paid
4816,312,2026-05-01,39.0,Paid
4817,312,2026-06-01,39.0,Paid
4818,312,2026-07-01,39.0,Paid
4819,313,2024-02-01,45.0,Paid
4820,313,2024-03-01,45.0,Paid
4821,313,2024-04-01,45.0,Paid
4822,313,2024-05-01,45.0,Paid
4823,313,2024-06-01,45.0,Paid
4824,313,2024-07-01,45.0,Paid
4825,313,2024-08-01,45.0,Paid
4826,313,2024-09-01,45.0,Paid
4827,313,2024-10-01,45.0,Paid
4828,313,2024-11-01,45.0,Paid
4829,313,2024-12-01,45.0,Paid
4830,313,2025-01-01,45.0,Paid
4831,313,2025-02-01,45.0,Paid
4832,313,2025-03-01,45.0,Paid
4833,313,2025-04-01,45.0,Paid
4834,313,2025-05-01,45.0,Paid
4835,313,2025-06-01,45.0,Paid
4836,313,2025-07-01,45.0,Paid
4837,313,2025-08-01,45.0,Paid
4838,313,2025-09-01,45.0,Paid
4839,313,2025-10-01,45.0,Paid
4840,313,2025-11-01,45.0,Paid
4841,313,2025-12-01,45.0,Paid
4842,313,2026-01-01,45.0,Paid
4843,313,2026-02-01,45.0,Paid
4844,313,2026-03-01,45.0,Paid
4845,313,2026-04-01,45.0,Paid
4846,313,2026-05-01,45.0,Paid
4847,313,2026-06-01,45.0,Paid
4848,313,2026-07-01,45.0,Paid
4849,314,2025-07-01,64.0,Paid
4850,314,2025-08-01,64.0,Paid
4851,314,2025-09-01,64.0,Failed
4852,314,2025-10-01,64.0,Paid
4853,314,2025-11-01,64.0,Paid
4854,314,2025-12-01,64.0,Paid
4855,314,2026-01-01,64.0,Paid
4856,314,2026-02-01,64.0,Paid
4857,314,2026-03-01,64.0,Paid
4858,314,2026-04-01,64.0,Paid
4859,314,2026-05-01,64.0,Paid
4860,314,2026-06-01,64.0,Paid
4861,314,2026-07-01,64.0,Paid
4862,315,2025-05-01,45.0,Paid
4863,315,2025-06-01,45.0,Paid
4864,315,2025-07-01,45.0,Paid
4865,315,2025-08-01,45.0,Paid
4866,315,2025-09-01,45.0,Paid
4867,315,2025-10-01,45.0,Paid
4868,315,2025-11-01,45.0,Failed
4869,315,2025-12-01,45.0,Paid
4870,315,2026-01-01,45.0,Paid
4871,315,2026-02-01,45.0,Paid
4872,315,2026-03-01,45.0,Paid
4873,315,2026-04-01,45.0,Paid
4874,315,2026-05-01,45.0,Paid
4875,315,2026-06-01,45.0,Paid
4876,315,2026-07-01,45.0,Paid
4877,316,2024-12-01,64.0,Paid
4878,316,2025-01-01,64.0,Paid
4879,316,2025-02-01,64.0,Paid
4880,316,2025-03-01,64.0,Failed
4881,316,2025-04-01,64.0,Failed
4882,316,2025-05-01,64.0,Paid
4883,316,2025-06-01,64.0,Paid
4884,316,2025-07-01,64.0,Paid
4885,316,2025-08-01,64.0,Paid
4886,316,2025-09-01,64.0,Paid
4887,316,2025-10-01,64.0,Paid
4888,316,2025-11-01,64.0,Paid
4889,316,2025-12-01,64.0,Paid
4890,316,2026-01-01,64.0,Paid
4891,316,2026-02-01,64.0,Paid
4892,316,2026-03-01,64.0,Paid
4893,316,2026-04-01,64.0,Paid
4894,316,2026-05-01,64.0,Paid
4895,316,2026-06-01,64.0,Paid
4896,316,2026-07-01,64.0,Paid
4897,317,2024-08-01,56.0,Paid
4898,317,2024-09-01,56.0,Paid
4899,317,2024-10-01,56.0,Paid
4900,317,2024-11-01,56.0,Paid
4901,317,2024-12-01,56.0,Paid
4902,317,2025-01-01,56.0,Paid
4903,317,2025-02-01,56.0,Paid
4904,317,2025-03-01,56.0,Paid
4905,317,2025-04-01,56.0,Paid
4906,317,2025-05-01,56.0,Paid
4907,317,2025-06-01,56.0,Paid
4908,317,2025-07-01,56.0,Failed
4909,317,2025-08-01,56.0,Paid
4910,317,2025-09-01,56.0,Paid
4911,317,2025-10-01,56.0,Paid
4912,317,2025-11-01,56.0,Paid
4913,317,2025-12-01,56.0,Failed
4914,317,2026-01-01,56.0,Paid
4915,317,2026-02-01,56.0,Paid
4916,317,2026-03-01,56.0,Paid
4917,317,2026-04-01,56.0,Failed
4918,317,2026-05-01,56.0,Paid
4919,317,2026-06-01,56.0,Paid
4920,317,2026-07-01,56.0,Paid
4921,318,2025-09-01,45.0,Paid
4922,318,2025-10-01,45.0,Paid
4923,318,2025-11-01,45.0,Paid
4924,318,2025-12-01,45.0,Paid
4925,318,2026-01-01,45.0,Failed
4926,318,2026-02-01,45.0,Paid
4927,318,2026-03-01,45.0,Paid
4928,318,2026-04-01,45.0,Paid
4929,318,2026-05-01,45.0,Paid
4930,318,2026-06-01,45.0,Paid
4931,318,2026-07-01,45.0,Paid
4932,319,2025-07-01,64.0,Paid
4933,319,2025-08-01,64.0,Paid
4934,319,2025-09-01,64.0,Paid
4935,319,2025-10-01,64.0,Paid
4936,319,2025-11-01,64.0,Failed
4937,319,2025-12-01,64.0,Paid
4938,319,2026-01-01,64.0,Paid
4939,319,2026-02-01,64.0,Paid
4940,319,2026-03-01,64.0,Paid
4941,319,2026-04-01,64.0,Paid
4942,319,2026-05-01,64.0,Paid
4943,320,2024-08-01,56.0,Paid
4944,320,2024-09-01,56.0,Paid
4945,320,2024-10-01,56.0,Paid
4946,320,2024-11-01,56.0,Paid
4947,320,2024-12-01,56.0,Paid
4948,320,2025-01-01,56.0,Paid
4949,320,2025-02-01,56.0,Paid
4950,320,2025-03-01,56.0,Paid
4951,320,2025-04-01,56.0,Paid
4952,320,2025-05-01,56.0,Paid
4953,320,2025-06-01,56.0,Paid
4954,320,2025-07-01,56.0,Paid
4955,320,2025-08-01,56.0,Paid
4956,320,2025-09-01,56.0,Paid
4957,320,2025-10-01,56.0,Paid
4958,320,2025-11-01,56.0,Paid
4959,320,2025-12-01,56.0,Failed
4960,320,2026-01-01,56.0,Paid
4961,320,2026-02-01,56.0,Paid
4962,320,2026-03-01,56.0,Paid
4963,320,2026-04-01,56.0,Paid
4964,320,2026-05-01,56.0,Paid
4965,320,2026-06-01,56.0,Paid
4966,320,2026-07-01,56.0,Paid
4967,321,2025-01-01,45.0,Paid
4968,321,2025-02-01,45.0,Paid
4969,321,2025-03-01,45.0,Paid
4970,321,2025-04-01,45.0,Paid
4971,321,2025-05-01,45.0,Paid
4972,321,2025-06-01,45.0,Paid
4973,321,2025-07-01,45.0,Paid
4974,321,2025-08-01,45.0,Paid
4975,321,2025-09-01,45.0,Paid
4976,321,2025-10-01,45.0,Paid
4977,321,2025-11-01,45.0,Paid
4978,321,2025-12-01,45.0,Paid
4979,321,2026-01-01,45.0,Paid
4980,321,2026-02-01,45.0,Paid
4981,321,2026-03-01,45.0,Paid
4982,321,2026-04-01,45.0,Paid
4983,321,2026-05-01,45.0,Paid
4984,321,2026-06-01,45.0,Paid
4985,321,2026-07-01,45.0,Paid
4986,322,2025-02-01,45.0,Paid
4987,322,2025-03-01,45.0,Paid
4988,322,2025-04-01,45.0,Paid
4989,322,2025-05-01,45.0,Paid
4990,322,2025-06-01,45.0,Paid
4991,322,2025-07-01,45.0,Paid
4992,322,2025-08-01,45.0,Paid
4993,322,2025-09-01,45.0,Paid
4994,322,2025-10-01,45.0,Paid
4995,322,2025-11-01,45.0,Paid
4996,322,2025-12-01,45.0,Paid
4997,322,2026-01-01,45.0,Paid
4998,322,2026-02-01,45.0,Paid
4999,322,2026-03-01,45.0,Paid
5000,322,2026-04-01,45.0,Paid
5001,322,2026-05-01,45.0,Paid
5002,322,2026-06-01,45.0,Paid
5003,322,2026-07-01,45.0,Paid
5004,323,2025-05-01,64.0,Paid
5005,323,2025-06-01,64.0,Paid
5006,323,2025-07-01,64.0,Paid
5007,323,2025-08-01,64.0,Paid
5008,323,2025-09-01,64.0,Paid
5009,323,2025-10-01,64.0,Paid
5010,323,2025-11-01,64.0,Paid
5011,323,2025-12-01,64.0,Paid
5012,323,2026-01-01,64.0,Paid
5013,323,2026-02-01,64.0,Paid
5014,323,2026-03-01,64.0,Paid
5015,323,2026-04-01,64.0,Paid
5016,323,2026-05-01,64.0,Paid
5017,323,2026-06-01,64.0,Failed
5018,323,2026-07-01,64.0,Paid
5019,324,2026-02-01,45.0,Paid
5020,324,2026-03-01,45.0,Paid
5021,324,2026-04-01,45.0,Paid
5022,324,2026-05-01,45.0,Paid
5023,324,2026-06-01,45.0,Paid
5024,324,2026-07-01,45.0,Paid
5025,325,2024-09-01,45.0,Paid
5026,325,2024-10-01,45.0,Paid
5027,325,2024-11-01,45.0,Paid
5028,325,2024-12-01,45.0,Paid
5029,325,2025-01-01,45.0,Paid
5030,325,2025-02-01,45.0,Paid
5031,325,2025-03-01,45.0,Failed
5032,325,2025-04-01,45.0,Paid
5033,325,2025-05-01,45.0,Paid
5034,325,2025-06-01,45.0,Paid
5035,325,2025-07-01,45.0,Paid
5036,325,2025-08-01,45.0,Paid
5037,325,2025-09-01,45.0,Paid
5038,325,2025-10-01,45.0,Paid
5039,325,2025-11-01,45.0,Paid
5040,325,2025-12-01,45.0,Paid
5041,325,2026-01-01,45.0,Paid
5042,325,2026-02-01,45.0,Paid
5043,325,2026-03-01,45.0,Paid
5044,325,2026-04-01,45.0,Paid
5045,325,2026-05-01,45.0,Paid
5046,325,2026-06-01,45.0,Paid
5047,325,2026-07-01,45.0,Paid
5048,326,2024-11-01,45.0,Paid
5049,326,2024-12-01,45.0,Paid
5050,326,2025-01-01,45.0,Paid
5051,326,2025-02-01,45.0,Failed
5052,326,2025-03-01,45.0,Paid
5053,326,2025-04-01,45.0,Failed
5054,326,2025-05-01,45.0,Paid
5055,326,2025-06-01,45.0,Paid
5056,326,2025-07-01,45.0,Paid
5057,326,2025-08-01,45.0,Paid
5058,326,2025-09-01,45.0,Paid
5059,326,2025-10-01,45.0,Paid
5060,326,2025-11-01,45.0,Paid
5061,326,2025-12-01,45.0,Paid
5062,326,2026-01-01,45.0,Paid
5063,326,2026-02-01,45.0,Paid
5064,326,2026-03-01,45.0,Paid
5065,326,2026-04-01,45.0,Paid
5066,326,2026-05-01,45.0,Paid
5067,326,2026-06-01,45.0,Paid
5068,326,2026-07-01,45.0,Paid
5069,327,2024-02-01,64.0,Paid
5070,327,2024-03-01,64.0,Paid
5071,327,2024-04-01,64.0,Paid
5072,327,2024-05-01,64.0,Paid
5073,327,2024-06-01,64.0,Failed
5074,327,2024-07-01,64.0,Paid
5075,327,2024-08-01,64.0,Paid
5076,327,2024-09-01,64.0,Paid
5077,327,2024-10-01,64.0,Paid
5078,327,2024-11-01,64.0,Failed
5079,327,2024-12-01,64.0,Paid
5080,327,2025-01-01,64.0,Failed
5081,327,2025-02-01,64.0,Paid
5082,327,2025-03-01,64.0,Paid
5083,327,2025-04-01,64.0,Paid
5084,327,2025-05-01,64.0,Failed
5085,327,2025-06-01,64.0,Paid
5086,327,2025-07-01,64.0,Paid
5087,327,2025-08-01,64.0,Paid
5088,327,2025-09-01,64.0,Paid
5089,327,2025-10-01,64.0,Paid
5090,327,2025-11-01,64.0,Paid
5091,327,2025-12-01,64.0,Paid
5092,327,2026-01-01,64.0,Failed
5093,327,2026-02-01,64.0,Paid
5094,327,2026-03-01,64.0,Paid
5095,327,2026-04-01,64.0,Paid
5096,327,2026-05-01,64.0,Paid
5097,327,2026-06-01,64.0,Paid
5098,327,2026-07-01,64.0,Failed
5099,328,2026-01-01,45.0,Paid
5100,328,2026-02-01,45.0,Paid
5101,328,2026-03-01,45.0,Paid
5102,328,2026-04-01,45.0,Paid
5103,328,2026-05-01,45.0,Paid
5104,328,2026-06-01,45.0,Paid
5105,328,2026-07-01,45.0,Paid
5106,329,2024-08-01,45.0,Paid
5107,329,2024-09-01,45.0,Paid
5108,329,2024-10-01,45.0,Paid
5109,329,2024-11-01,45.0,Paid
5110,329,2024-12-01,45.0,Paid
5111,329,2025-01-01,45.0,Paid
5112,329,2025-02-01,45.0,Paid
5113,329,2025-03-01,45.0,Paid
5114,329,2025-04-01,45.0,Paid
5115,329,2025-05-01,45.0,Paid
5116,329,2025-06-01,45.0,Paid
5117,329,2025-07-01,45.0,Paid
5118,329,2025-08-01,45.0,Paid
5119,329,2025-09-01,45.0,Paid
5120,329,2025-10-01,45.0,Paid
5121,329,2025-11-01,45.0,Paid
5122,329,2025-12-01,45.0,Paid
5123,329,2026-01-01,45.0,Paid
5124,329,2026-02-01,45.0,Paid
5125,329,2026-03-01,45.0,Paid
5126,329,2026-04-01,45.0,Paid
5127,329,2026-05-01,45.0,Paid
5128,329,2026-06-01,45.0,Paid
5129,329,2026-07-01,45.0,Paid
5130,330,2025-12-01,64.0,Paid
5131,330,2026-01-01,64.0,Paid
5132,330,2026-02-01,64.0,Paid
5133,330,2026-03-01,64.0,Paid
5134,331,2025-09-01,64.0,Paid
5135,331,2025-10-01,64.0,Paid
5136,331,2025-11-01,64.0,Paid
5137,331,2025-12-01,64.0,Failed
5138,331,2026-01-01,64.0,Paid
5139,331,2026-02-01,64.0,Paid
5140,331,2026-03-01,64.0,Paid
5141,331,2026-04-01,64.0,Paid
5142,331,2026-05-01,64.0,Paid
5143,332,2024-05-01,64.0,Failed
5144,332,2024-06-01,64.0,Paid
5145,332,2024-07-01,64.0,Paid
5146,332,2024-08-01,64.0,Paid
5147,332,2024-09-01,64.0,Paid
5148,332,2024-10-01,64.0,Failed
5149,332,2024-11-01,64.0,Paid
5150,332,2024-12-01,64.0,Paid
5151,332,2025-01-01,64.0,Paid
5152,332,2025-02-01,64.0,Paid
5153,332,2025-03-01,64.0,Paid
5154,332,2025-04-01,64.0,Paid
5155,332,2025-05-01,64.0,Paid
5156,332,2025-06-01,64.0,Failed
5157,332,2025-07-01,64.0,Failed
5158,332,2025-08-01,64.0,Paid
5159,332,2025-09-01,64.0,Paid
5160,332,2025-10-01,64.0,Paid
5161,332,2025-11-01,64.0,Paid
5162,332,2025-12-01,64.0,Paid
5163,332,2026-01-01,64.0,Paid
5164,332,2026-02-01,64.0,Paid
5165,332,2026-03-01,64.0,Paid
5166,332,2026-04-01,64.0,Paid
5167,332,2026-05-01,64.0,Paid
5168,332,2026-06-01,64.0,Paid
5169,332,2026-07-01,64.0,Failed
5170,333,2024-12-01,45.0,Paid
5171,333,2025-01-01,45.0,Paid
5172,333,2025-02-01,45.0,Paid
5173,333,2025-03-01,45.0,Paid
5174,333,2025-04-01,45.0,Paid
5175,333,2025-05-01,45.0,Paid
5176,333,2025-06-01,45.0,Paid
5177,333,2025-07-01,45.0,Paid
5178,333,2025-08-01,45.0,Paid
5179,333,2025-09-01,45.0,Paid
5180,333,2025-10-01,45.0,Paid
5181,333,2025-11-01,45.0,Paid
5182,333,2025-12-01,45.0,Paid
5183,333,2026-01-01,45.0,Paid
5184,333,2026-02-01,45.0,Paid
5185,333,2026-03-01,45.0,Paid
5186,333,2026-04-01,45.0,Paid
5187,333,2026-05-01,45.0,Paid
5188,333,2026-06-01,45.0,Paid
5189,333,2026-07-01,45.0,Paid
5190,334,2024-04-01,64.0,Paid
5191,334,2024-05-01,64.0,Paid
5192,334,2024-06-01,64.0,Paid
5193,334,2024-07-01,64.0,Paid
5194,334,2024-08-01,64.0,Paid
5195,334,2024-09-01,64.0,Paid
5196,334,2024-10-01,64.0,Paid
5197,334,2024-11-01,64.0,Paid
5198,334,2024-12-01,64.0,Paid
5199,334,2025-01-01,64.0,Paid
5200,334,2025-02-01,64.0,Paid
5201,334,2025-03-01,64.0,Paid
5202,334,2025-04-01,64.0,Paid
5203,334,2025-05-01,64.0,Paid
5204,334,2025-06-01,64.0,Paid
5205,334,2025-07-01,64.0,Paid
5206,334,2025-08-01,64.0,Paid
5207,334,2025-09-01,64.0,Paid
5208,334,2025-10-01,64.0,Paid
5209,334,2025-11-01,64.0,Paid
5210,334,2025-12-01,64.0,Paid
5211,334,2026-01-01,64.0,Paid
5212,334,2026-02-01,64.0,Paid
5213,334,2026-03-01,64.0,Paid
5214,334,2026-04-01,64.0,Paid
5215,334,2026-05-01,64.0,Paid
5216,334,2026-06-01,64.0,Paid
5217,334,2026-07-01,64.0,Paid
5218,335,2024-11-01,56.0,Paid
5219,335,2024-12-01,56.0,Paid
5220,335,2025-01-01,56.0,Paid
5221,335,2025-02-01,56.0,Paid
5222,335,2025-03-01,56.0,Paid
5223,335,2025-04-01,56.0,Paid
5224,335,2025-05-01,56.0,Paid
5225,335,2025-06-01,56.0,Paid
5226,335,2025-07-01,56.0,Paid
5227,335,2025-08-01,56.0,Paid
5228,335,2025-09-01,56.0,Paid
5229,335,2025-10-01,56.0,Paid
5230,335,2025-11-01,56.0,Paid
5231,335,2025-12-01,56.0,Paid
5232,335,2026-01-01,56.0,Paid
5233,335,2026-02-01,56.0,Paid
5234,335,2026-03-01,56.0,Paid
5235,335,2026-04-01,56.0,Paid
5236,335,2026-05-01,56.0,Paid
5237,335,2026-06-01,56.0,Paid
5238,335,2026-07-01,56.0,Paid
5239,336,2024-05-01,64.0,Paid
5240,336,2024-06-01,64.0,Paid
5241,336,2024-07-01,64.0,Paid
5242,336,2024-08-01,64.0,Paid
5243,336,2024-09-01,64.0,Paid
5244,336,2024-10-01,64.0,Paid
5245,336,2024-11-01,64.0,Paid
5246,336,2024-12-01,64.0,Paid
5247,336,2025-01-01,64.0,Paid
5248,336,2025-02-01,64.0,Paid
5249,336,2025-03-01,64.0,Paid
5250,336,2025-04-01,64.0,Paid
5251,336,2025-05-01,64.0,Paid
5252,336,2025-06-01,64.0,Failed
5253,336,2025-07-01,64.0,Paid
5254,336,2025-08-01,64.0,Paid
5255,336,2025-09-01,64.0,Paid
5256,336,2025-10-01,64.0,Failed
5257,336,2025-11-01,64.0,Paid
5258,336,2025-12-01,64.0,Paid
5259,336,2026-01-01,64.0,Paid
5260,336,2026-02-01,64.0,Failed
5261,336,2026-03-01,64.0,Paid
5262,336,2026-04-01,64.0,Failed
5263,336,2026-05-01,64.0,Paid
5264,336,2026-06-01,64.0,Paid
5265,336,2026-07-01,64.0,Paid
5266,337,2024-01-01,64.0,Paid
5267,337,2024-02-01,64.0,Paid
5268,337,2024-03-01,64.0,Paid
5269,337,2024-04-01,64.0,Paid
5270,337,2024-05-01,64.0,Failed
5271,337,2024-06-01,64.0,Failed
5272,337,2024-07-01,64.0,Paid
5273,337,2024-08-01,64.0,Paid
5274,337,2024-09-01,64.0,Paid
5275,337,2024-10-01,64.0,Paid
5276,337,2024-11-01,64.0,Paid
5277,337,2024-12-01,64.0,Paid
5278,337,2025-01-01,64.0,Paid
5279,337,2025-02-01,64.0,Paid
5280,337,2025-03-01,64.0,Paid
5281,337,2025-04-01,64.0,Paid
5282,337,2025-05-01,64.0,Paid
5283,337,2025-06-01,64.0,Paid
5284,337,2025-07-01,64.0,Paid
5285,337,2025-08-01,64.0,Paid
5286,337,2025-09-01,64.0,Paid
5287,337,2025-10-01,64.0,Paid
5288,337,2025-11-01,64.0,Paid
5289,337,2025-12-01,64.0,Paid
5290,337,2026-01-01,64.0,Paid
5291,337,2026-02-01,64.0,Paid
5292,337,2026-03-01,64.0,Paid
5293,337,2026-04-01,64.0,Paid
5294,337,2026-05-01,64.0,Paid
5295,337,2026-06-01,64.0,Paid
5296,337,2026-07-01,64.0,Paid
5297,338,2025-06-01,45.0,Paid
5298,338,2025-07-01,45.0,Paid
5299,338,2025-08-01,45.0,Paid
5300,338,2025-09-01,45.0,Paid
5301,338,2025-10-01,45.0,Paid
5302,338,2025-11-01,45.0,Paid
5303,338,2025-12-01,45.0,Paid
5304,338,2026-01-01,45.0,Paid
5305,338,2026-02-01,45.0,Failed
5306,338,2026-03-01,45.0,Paid
5307,338,2026-04-01,45.0,Paid
5308,338,2026-05-01,45.0,Paid
5309,339,2025-04-01,64.0,Paid
5310,339,2025-05-01,64.0,Paid
5311,339,2025-06-01,64.0,Paid
5312,339,2025-07-01,64.0,Paid
5313,339,2025-08-01,64.0,Paid
5314,339,2025-09-01,64.0,Paid
5315,339,2025-10-01,64.0,Paid
5316,339,2025-11-01,64.0,Paid
5317,339,2025-12-01,64.0,Paid
5318,339,2026-01-01,64.0,Paid
5319,339,2026-02-01,64.0,Paid
5320,339,2026-03-01,64.0,Paid
5321,339,2026-04-01,64.0,Paid
5322,339,2026-05-01,64.0,Paid
5323,339,2026-06-01,64.0,Paid
5324,339,2026-07-01,64.0,Paid
5325,340,2025-09-01,56.0,Paid
5326,340,2025-10-01,56.0,Paid
5327,340,2025-11-01,56.0,Paid
5328,340,2025-12-01,56.0,Paid
5329,340,2026-01-01,56.0,Paid
5330,340,2026-02-01,56.0,Paid
5331,340,2026-03-01,56.0,Paid
5332,340,2026-04-01,56.0,Paid
5333,340,2026-05-01,56.0,Paid
5334,340,2026-06-01,56.0,Paid
5335,340,2026-07-01,56.0,Paid
5336,341,2025-08-01,64.0,Paid
5337,341,2025-09-01,64.0,Paid
5338,341,2025-10-01,64.0,Paid
5339,341,2025-11-01,64.0,Paid
5340,341,2025-12-01,64.0,Paid
5341,341,2026-01-01,64.0,Failed
5342,341,2026-02-01,64.0,Failed
5343,341,2026-03-01,64.0,Paid
5344,341,2026-04-01,64.0,Paid
5345,341,2026-05-01,64.0,Paid
5346,341,2026-06-01,64.0,Paid
5347,341,2026-07-01,64.0,Paid
5348,342,2024-01-01,64.0,Paid
5349,342,2024-02-01,64.0,Paid
5350,342,2024-03-01,64.0,Paid
5351,342,2024-04-01,64.0,Paid
5352,342,2024-05-01,64.0,Paid
5353,342,2024-06-01,64.0,Paid
5354,342,2024-07-01,64.0,Paid
5355,342,2024-08-01,64.0,Failed
5356,342,2024-09-01,64.0,Paid
5357,342,2024-10-01,64.0,Paid
5358,342,2024-11-01,64.0,Failed
5359,342,2024-12-01,64.0,Paid
5360,342,2025-01-01,64.0,Paid
5361,342,2025-02-01,64.0,Paid
5362,342,2025-03-01,64.0,Paid
5363,342,2025-04-01,64.0,Paid
5364,342,2025-05-01,64.0,Paid
5365,342,2025-06-01,64.0,Paid
5366,342,2025-07-01,64.0,Paid
5367,342,2025-08-01,64.0,Paid
5368,342,2025-09-01,64.0,Paid
5369,343,2026-06-01,45.0,Paid
5370,343,2026-07-01,45.0,Paid
5371,344,2025-12-01,64.0,Paid
5372,344,2026-01-01,64.0,Paid
5373,344,2026-02-01,64.0,Paid
5374,344,2026-03-01,64.0,Paid
5375,344,2026-04-01,64.0,Paid
5376,344,2026-05-01,64.0,Paid
5377,344,2026-06-01,64.0,Paid
5378,344,2026-07-01,64.0,Paid
5379,345,2026-06-01,45.0,Paid
5380,345,2026-07-01,45.0,Paid
5381,346,2024-08-01,39.0,Paid
5382,346,2024-09-01,39.0,Paid
5383,346,2024-10-01,39.0,Paid
5384,346,2024-11-01,39.0,Paid
5385,346,2024-12-01,39.0,Paid
5386,346,2025-01-01,39.0,Paid
5387,346,2025-02-01,39.0,Paid
5388,346,2025-03-01,39.0,Paid
5389,346,2025-04-01,39.0,Paid
5390,346,2025-05-01,39.0,Paid
5391,346,2025-06-01,39.0,Paid
5392,346,2025-07-01,39.0,Paid
5393,346,2025-08-01,39.0,Paid
5394,346,2025-09-01,39.0,Paid
5395,346,2025-10-01,39.0,Paid
5396,346,2025-11-01,39.0,Paid
5397,346,2025-12-01,39.0,Paid
5398,346,2026-01-01,39.0,Paid
5399,346,2026-02-01,39.0,Paid
5400,346,2026-03-01,39.0,Paid
5401,346,2026-04-01,39.0,Paid
5402,346,2026-05-01,39.0,Paid
5403,346,2026-06-01,39.0,Paid
5404,347,2025-12-01,39.0,Failed
5405,347,2026-01-01,39.0,Paid
5406,347,2026-02-01,39.0,Paid
5407,347,2026-03-01,39.0,Paid
5408,347,2026-04-01,39.0,Paid
5409,347,2026-05-01,39.0,Paid
5410,347,2026-06-01,39.0,Paid
5411,347,2026-07-01,39.0,Paid
5412,348,2025-01-01,39.0,Paid
5413,348,2025-02-01,39.0,Paid
5414,348,2025-03-01,39.0,Paid
5415,348,2025-04-01,39.0,Paid
5416,348,2025-05-01,39.0,Paid
5417,348,2025-06-01,39.0,Paid
5418,348,2025-07-01,39.0,Paid
5419,348,2025-08-01,39.0,Paid
5420,349,2024-10-01,45.0,Paid
5421,349,2024-11-01,45.0,Paid
5422,349,2024-12-01,45.0,Paid
5423,349,2025-01-01,45.0,Paid
5424,349,2025-02-01,45.0,Paid
5425,349,2025-03-01,45.0,Paid
5426,349,2025-04-01,45.0,Paid
5427,349,2025-05-01,45.0,Failed
5428,349,2025-06-01,45.0,Paid
5429,349,2025-07-01,45.0,Paid
5430,349,2025-08-01,45.0,Paid
5431,349,2025-09-01,45.0,Paid
5432,349,2025-10-01,45.0,Paid
5433,349,2025-11-01,45.0,Paid
5434,349,2025-12-01,45.0,Paid
5435,349,2026-01-01,45.0,Paid
5436,349,2026-02-01,45.0,Paid
5437,349,2026-03-01,45.0,Failed
5438,349,2026-04-01,45.0,Paid
5439,349,2026-05-01,45.0,Paid
5440,349,2026-06-01,45.0,Paid
5441,349,2026-07-01,45.0,Paid
5442,350,2026-02-01,64.0,Paid
5443,350,2026-03-01,64.0,Paid
5444,350,2026-04-01,64.0,Paid
5445,350,2026-05-01,64.0,Paid
5446,351,2025-05-01,64.0,Paid
5447,351,2025-06-01,64.0,Paid
5448,351,2025-07-01,64.0,Paid
5449,351,2025-08-01,64.0,Paid
5450,351,2025-09-01,64.0,Paid
5451,351,2025-10-01,64.0,Paid
5452,351,2025-11-01,64.0,Paid
5453,351,2025-12-01,64.0,Paid
5454,351,2026-01-01,64.0,Failed
5455,351,2026-02-01,64.0,Paid
5456,352,2024-01-01,56.0,Paid
5457,352,2024-02-01,56.0,Paid
5458,352,2024-03-01,56.0,Paid
5459,352,2024-04-01,56.0,Paid
5460,352,2024-05-01,56.0,Paid
5461,352,2024-06-01,56.0,Paid
5462,352,2024-07-01,56.0,Paid
5463,352,2024-08-01,56.0,Paid
5464,352,2024-09-01,56.0,Paid
5465,352,2024-10-01,56.0,Paid
5466,352,2024-11-01,56.0,Paid
5467,352,2024-12-01,56.0,Paid
5468,352,2025-01-01,56.0,Paid
5469,352,2025-02-01,56.0,Paid
5470,352,2025-03-01,56.0,Paid
5471,352,2025-04-01,56.0,Paid
5472,352,2025-05-01,56.0,Paid
5473,352,2025-06-01,56.0,Failed
5474,352,2025-07-01,56.0,Paid
5475,352,2025-08-01,56.0,Paid
5476,352,2025-09-01,56.0,Paid
5477,352,2025-10-01,56.0,Paid
5478,352,2025-11-01,56.0,Paid
5479,352,2025-12-01,56.0,Paid
5480,352,2026-01-01,56.0,Paid
5481,352,2026-02-01,56.0,Paid
5482,352,2026-03-01,56.0,Paid
5483,352,2026-04-01,56.0,Paid
5484,352,2026-05-01,56.0,Paid
5485,352,2026-06-01,56.0,Paid
5486,352,2026-07-01,56.0,Paid
5487,353,2025-06-01,45.0,Paid
5488,353,2025-07-01,45.0,Paid
5489,353,2025-08-01,45.0,Paid
5490,353,2025-09-01,45.0,Paid
5491,353,2025-10-01,45.0,Paid
5492,353,2025-11-01,45.0,Paid
5493,353,2025-12-01,45.0,Paid
5494,353,2026-01-01,45.0,Paid
5495,353,2026-02-01,45.0,Paid
5496,353,2026-03-01,45.0,Paid
5497,353,2026-04-01,45.0,Paid
5498,353,2026-05-01,45.0,Paid
5499,353,2026-06-01,45.0,Paid
5500,353,2026-07-01,45.0,Paid
5501,354,2024-10-01,64.0,Paid
5502,354,2024-11-01,64.0,Paid
5503,354,2024-12-01,64.0,Paid
5504,354,2025-01-01,64.0,Paid
5505,354,2025-02-01,64.0,Paid
5506,354,2025-03-01,64.0,Paid
5507,354,2025-04-01,64.0,Paid
5508,354,2025-05-01,64.0,Paid
5509,354,2025-06-01,64.0,Paid
5510,354,2025-07-01,64.0,Paid
5511,354,2025-08-01,64.0,Paid
5512,354,2025-09-01,64.0,Failed
5513,354,2025-10-01,64.0,Paid
5514,354,2025-11-01,64.0,Paid
5515,354,2025-12-01,64.0,Paid
5516,354,2026-01-01,64.0,Paid
5517,354,2026-02-01,64.0,Paid
5518,354,2026-03-01,64.0,Paid
5519,354,2026-04-01,64.0,Failed
5520,354,2026-05-01,64.0,Paid
5521,354,2026-06-01,64.0,Paid
5522,354,2026-07-01,64.0,Paid
5523,355,2026-04-01,64.0,Failed
5524,355,2026-05-01,64.0,Paid
5525,355,2026-06-01,64.0,Paid
5526,355,2026-07-01,64.0,Paid
5527,356,2026-04-01,39.0,Paid
5528,356,2026-05-01,39.0,Paid
5529,356,2026-06-01,39.0,Failed
5530,356,2026-07-01,39.0,Paid
5531,357,2024-12-01,64.0,Paid
5532,357,2025-01-01,64.0,Paid
5533,357,2025-02-01,64.0,Paid
5534,357,2025-03-01,64.0,Paid
5535,357,2025-04-01,64.0,Paid
5536,357,2025-05-01,64.0,Paid
5537,357,2025-06-01,64.0,Paid
5538,357,2025-07-01,64.0,Paid
5539,357,2025-08-01,64.0,Paid
5540,357,2025-09-01,64.0,Paid
5541,357,2025-10-01,64.0,Paid
5542,357,2025-11-01,64.0,Paid
5543,357,2025-12-01,64.0,Paid
5544,357,2026-01-01,64.0,Paid
5545,357,2026-02-01,64.0,Failed
5546,357,2026-03-01,64.0,Paid
5547,357,2026-04-01,64.0,Paid
5548,357,2026-05-01,64.0,Paid
5549,357,2026-06-01,64.0,Paid
5550,357,2026-07-01,64.0,Paid
5551,358,2024-04-01,64.0,Paid
5552,358,2024-05-01,64.0,Paid
5553,358,2024-06-01,64.0,Paid
5554,358,2024-07-01,64.0,Paid
5555,358,2024-08-01,64.0,Paid
5556,358,2024-09-01,64.0,Paid
5557,358,2024-10-01,64.0,Paid
5558,358,2024-11-01,64.0,Paid
5559,358,2024-12-01,64.0,Paid
5560,358,2025-01-01,64.0,Paid
5561,358,2025-02-01,64.0,Paid
5562,358,2025-03-01,64.0,Paid
5563,358,2025-04-01,64.0,Paid
5564,358,2025-05-01,64.0,Paid
5565,358,2025-06-01,64.0,Paid
5566,358,2025-07-01,64.0,Failed
5567,358,2025-08-01,64.0,Paid
5568,358,2025-09-01,64.0,Paid
5569,358,2025-10-01,64.0,Paid
5570,358,2025-11-01,64.0,Paid
5571,358,2025-12-01,64.0,Paid
5572,358,2026-01-01,64.0,Paid
5573,358,2026-02-01,64.0,Paid
5574,358,2026-03-01,64.0,Paid
5575,358,2026-04-01,64.0,Paid
5576,358,2026-05-01,64.0,Paid
5577,358,2026-06-01,64.0,Paid
5578,358,2026-07-01,64.0,Paid
5579,359,2026-06-01,45.0,Paid
5580,359,2026-07-01,45.0,Paid
5581,360,2025-04-01,39.0,Paid
5582,360,2025-05-01,39.0,Paid
5583,360,2025-06-01,39.0,Paid
5584,360,2025-07-01,39.0,Paid
5585,360,2025-08-01,39.0,Paid
5586,360,2025-09-01,39.0,Paid
5587,360,2025-10-01,39.0,Paid
5588,360,2025-11-01,39.0,Paid
5589,360,2025-12-01,39.0,Paid
5590,360,2026-01-01,39.0,Paid
5591,360,2026-02-01,39.0,Paid
5592,360,2026-03-01,39.0,Paid
5593,360,2026-04-01,39.0,Paid
5594,360,2026-05-01,39.0,Paid
5595,360,2026-06-01,39.0,Paid
5596,360,2026-07-01,39.0,Paid
5597,361,2024-09-01,56.0,Paid
5598,361,2024-10-01,56.0,Paid
5599,361,2024-11-01,56.0,Paid
5600,361,2024-12-01,56.0,Paid
5601,361,2025-01-01,56.0,Paid
5602,361,2025-02-01,56.0,Paid
5603,361,2025-03-01,56.0,Paid
5604,361,2025-04-01,56.0,Paid
5605,361,2025-05-01,56.0,Paid
5606,361,2025-06-01,56.0,Paid
5607,361,2025-07-01,56.0,Paid
5608,361,2025-08-01,56.0,Paid
5609,361,2025-09-01,56.0,Paid
5610,361,2025-10-01,56.0,Paid
5611,361,2025-11-01,56.0,Paid
5612,361,2025-12-01,56.0,Paid
5613,361,2026-01-01,56.0,Paid
5614,361,2026-02-01,56.0,Paid
5615,361,2026-03-01,56.0,Paid
5616,361,2026-04-01,56.0,Paid
5617,361,2026-05-01,56.0,Paid
5618,362,2025-12-01,64.0,Paid
5619,362,2026-01-01,64.0,Paid
5620,362,2026-02-01,64.0,Paid
5621,362,2026-03-01,64.0,Paid
5622,362,2026-04-01,64.0,Paid
5623,362,2026-05-01,64.0,Paid
5624,362,2026-06-01,64.0,Paid
5625,362,2026-07-01,64.0,Paid
5626,363,2024-06-01,64.0,Paid
5627,363,2024-07-01,64.0,Paid
5628,363,2024-08-01,64.0,Paid
5629,363,2024-09-01,64.0,Paid
5630,363,2024-10-01,64.0,Failed
5631,363,2024-11-01,64.0,Paid
5632,363,2024-12-01,64.0,Paid
5633,363,2025-01-01,64.0,Paid
5634,363,2025-02-01,64.0,Paid
5635,363,2025-03-01,64.0,Paid
5636,363,2025-04-01,64.0,Paid
5637,363,2025-05-01,64.0,Paid
5638,363,2025-06-01,64.0,Paid
5639,363,2025-07-01,64.0,Paid
5640,363,2025-08-01,64.0,Paid
5641,363,2025-09-01,64.0,Paid
5642,363,2025-10-01,64.0,Paid
5643,363,2025-11-01,64.0,Paid
5644,363,2025-12-01,64.0,Paid
5645,363,2026-01-01,64.0,Failed
5646,363,2026-02-01,64.0,Paid
5647,363,2026-03-01,64.0,Paid
5648,363,2026-04-01,64.0,Paid
5649,363,2026-05-01,64.0,Paid
5650,363,2026-06-01,64.0,Failed
5651,363,2026-07-01,64.0,Paid
5652,364,2024-08-01,45.0,Failed
5653,364,2024-09-01,45.0,Paid
5654,364,2024-10-01,45.0,Paid
5655,364,2024-11-01,45.0,Paid
5656,364,2024-12-01,45.0,Paid
5657,364,2025-01-01,45.0,Paid
5658,364,2025-02-01,45.0,Paid
5659,364,2025-03-01,45.0,Paid
5660,364,2025-04-01,45.0,Paid
5661,364,2025-05-01,45.0,Paid
5662,364,2025-06-01,45.0,Paid
5663,364,2025-07-01,45.0,Paid
5664,364,2025-08-01,45.0,Paid
5665,364,2025-09-01,45.0,Paid
5666,364,2025-10-01,45.0,Paid
5667,364,2025-11-01,45.0,Paid
5668,364,2025-12-01,45.0,Paid
5669,364,2026-01-01,45.0,Paid
5670,364,2026-02-01,45.0,Paid
5671,364,2026-03-01,45.0,Paid
5672,364,2026-04-01,45.0,Paid
5673,364,2026-05-01,45.0,Paid
5674,364,2026-06-01,45.0,Paid
5675,364,2026-07-01,45.0,Paid
5676,365,2026-02-01,56.0,Paid
5677,365,2026-03-01,56.0,Paid
5678,365,2026-04-01,56.0,Paid
5679,365,2026-05-01,56.0,Paid
5680,365,2026-06-01,56.0,Paid
5681,365,2026-07-01,56.0,Paid
5682,366,2024-02-01,39.0,Paid
5683,366,2024-03-01,39.0,Paid
5684,366,2024-04-01,39.0,Paid
5685,366,2024-05-01,39.0,Paid
5686,366,2024-06-01,39.0,Paid
5687,366,2024-07-01,39.0,Paid
5688,366,2024-08-01,39.0,Paid
5689,366,2024-09-01,39.0,Paid
5690,366,2024-10-01,39.0,Paid
5691,366,2024-11-01,39.0,Paid
5692,366,2024-12-01,39.0,Paid
5693,366,2025-01-01,39.0,Paid
5694,366,2025-02-01,39.0,Paid
5695,366,2025-03-01,39.0,Paid
5696,366,2025-04-01,39.0,Paid
5697,366,2025-05-01,39.0,Paid
5698,366,2025-06-01,39.0,Paid
5699,366,2025-07-01,39.0,Paid
5700,366,2025-08-01,39.0,Paid
5701,366,2025-09-01,39.0,Paid
5702,366,2025-10-01,39.0,Paid
5703,366,2025-11-01,39.0,Paid
5704,366,2025-12-01,39.0,Paid
5705,366,2026-01-01,39.0,Paid
5706,366,2026-02-01,39.0,Paid
5707,366,2026-03-01,39.0,Paid
5708,366,2026-04-01,39.0,Paid
5709,366,2026-05-01,39.0,Paid
5710,366,2026-06-01,39.0,Paid
5711,366,2026-07-01,39.0,Paid
5712,367,2025-03-01,56.0,Paid
5713,367,2025-04-01,56.0,Paid
5714,367,2025-05-01,56.0,Paid
5715,367,2025-06-01,56.0,Paid
5716,367,2025-07-01,56.0,Paid
5717,367,2025-08-01,56.0,Paid
5718,367,2025-09-01,56.0,Paid
5719,367,2025-10-01,56.0,Paid
5720,367,2025-11-01,56.0,Paid
5721,367,2025-12-01,56.0,Paid
5722,367,2026-01-01,56.0,Paid
5723,367,2026-02-01,56.0,Paid
5724,367,2026-03-01,56.0,Paid
5725,367,2026-04-01,56.0,Paid
5726,367,2026-05-01,56.0,Paid
5727,367,2026-06-01,56.0,Paid
5728,367,2026-07-01,56.0,Paid
5729,368,2024-09-01,45.0,Paid
5730,368,2024-10-01,45.0,Paid
5731,368,2024-11-01,45.0,Paid
5732,368,2024-12-01,45.0,Paid
5733,369,2025-10-01,56.0,Paid
5734,369,2025-11-01,56.0,Paid
5735,369,2025-12-01,56.0,Paid
5736,369,2026-01-01,56.0,Failed
5737,369,2026-02-01,56.0,Paid
5738,369,2026-03-01,56.0,Paid
5739,369,2026-04-01,56.0,Paid
5740,369,2026-05-01,56.0,Paid
5741,369,2026-06-01,56.0,Paid
5742,369,2026-07-01,56.0,Paid
5743,370,2025-12-01,39.0,Paid
5744,370,2026-01-01,39.0,Paid
5745,370,2026-02-01,39.0,Paid
5746,370,2026-03-01,39.0,Paid
5747,370,2026-04-01,39.0,Failed
5748,370,2026-05-01,39.0,Paid
5749,370,2026-06-01,39.0,Paid
5750,370,2026-07-01,39.0,Paid
5751,371,2025-09-01,64.0,Paid
5752,371,2025-10-01,64.0,Paid
5753,371,2025-11-01,64.0,Paid
5754,371,2025-12-01,64.0,Paid
5755,371,2026-01-01,64.0,Paid
5756,371,2026-02-01,64.0,Paid
5757,371,2026-03-01,64.0,Paid
5758,371,2026-04-01,64.0,Paid
5759,371,2026-05-01,64.0,Paid
5760,371,2026-06-01,64.0,Paid
5761,372,2025-08-01,39.0,Paid
5762,372,2025-09-01,39.0,Failed
5763,372,2025-10-01,39.0,Paid
5764,372,2025-11-01,39.0,Paid
5765,372,2025-12-01,39.0,Paid
5766,372,2026-01-01,39.0,Paid
5767,372,2026-02-01,39.0,Paid
5768,372,2026-03-01,39.0,Paid
5769,372,2026-04-01,39.0,Paid
5770,372,2026-05-01,39.0,Paid
5771,372,2026-06-01,39.0,Paid
5772,372,2026-07-01,39.0,Paid
5773,373,2024-04-01,45.0,Paid
5774,373,2024-05-01,45.0,Paid
5775,373,2024-06-01,45.0,Paid
5776,373,2024-07-01,45.0,Paid
5777,373,2024-08-01,45.0,Paid
5778,373,2024-09-01,45.0,Failed
5779,373,2024-10-01,45.0,Paid
5780,373,2024-11-01,45.0,Paid
5781,373,2024-12-01,45.0,Paid
5782,373,2025-01-01,45.0,Paid
5783,373,2025-02-01,45.0,Paid
5784,373,2025-03-01,45.0,Paid
5785,373,2025-04-01,45.0,Paid
5786,373,2025-05-01,45.0,Paid
5787,373,2025-06-01,45.0,Paid
5788,373,2025-07-01,45.0,Paid
5789,373,2025-08-01,45.0,Paid
5790,373,2025-09-01,45.0,Paid
5791,373,2025-10-01,45.0,Paid
5792,373,2025-11-01,45.0,Paid
5793,373,2025-12-01,45.0,Failed
5794,373,2026-01-01,45.0,Paid
5795,373,2026-02-01,45.0,Paid
5796,373,2026-03-01,45.0,Paid
5797,373,2026-04-01,45.0,Paid
5798,373,2026-05-01,45.0,Paid
5799,373,2026-06-01,45.0,Failed
5800,373,2026-07-01,45.0,Paid
5801,374,2025-11-01,45.0,Paid
5802,374,2025-12-01,45.0,Paid
5803,374,2026-01-01,45.0,Paid
5804,374,2026-02-01,45.0,Paid
5805,374,2026-03-01,45.0,Paid
5806,374,2026-04-01,45.0,Paid
5807,374,2026-05-01,45.0,Paid
5808,374,2026-06-01,45.0,Paid
5809,374,2026-07-01,45.0,Paid
5810,375,2025-07-01,64.0,Paid
5811,375,2025-08-01,64.0,Paid
5812,375,2025-09-01,64.0,Paid
5813,375,2025-10-01,64.0,Paid
5814,375,2025-11-01,64.0,Failed
5815,375,2025-12-01,64.0,Failed
5816,375,2026-01-01,64.0,Paid
5817,375,2026-02-01,64.0,Paid
5818,375,2026-03-01,64.0,Paid
5819,375,2026-04-01,64.0,Paid
5820,375,2026-05-01,64.0,Paid
5821,375,2026-06-01,64.0,Paid
5822,375,2026-07-01,64.0,Paid
5823,376,2025-09-01,56.0,Paid
5824,376,2025-10-01,56.0,Paid
5825,376,2025-11-01,56.0,Failed
5826,376,2025-12-01,56.0,Failed
5827,376,2026-01-01,56.0,Paid
5828,376,2026-02-01,56.0,Paid
5829,376,2026-03-01,56.0,Paid
5830,376,2026-04-01,56.0,Paid
5831,376,2026-05-01,56.0,Paid
5832,376,2026-06-01,56.0,Paid
5833,376,2026-07-01,56.0,Paid
5834,377,2025-12-01,39.0,Paid
5835,377,2026-01-01,39.0,Paid
5836,377,2026-02-01,39.0,Paid
5837,377,2026-03-01,39.0,Paid
5838,377,2026-04-01,39.0,Paid
5839,377,2026-05-01,39.0,Paid
5840,377,2026-06-01,39.0,Paid
5841,377,2026-07-01,39.0,Paid
5842,378,2026-05-01,56.0,Paid
5843,378,2026-06-01,56.0,Paid
5844,378,2026-07-01,56.0,Failed
5845,379,2024-09-01,56.0,Paid
5846,379,2024-10-01,56.0,Paid
5847,379,2024-11-01,56.0,Paid
5848,379,2024-12-01,56.0,Paid
5849,379,2025-01-01,56.0,Paid
5850,379,2025-02-01,56.0,Paid
5851,379,2025-03-01,56.0,Paid
5852,379,2025-04-01,56.0,Paid
5853,379,2025-05-01,56.0,Paid
5854,379,2025-06-01,56.0,Paid
5855,380,2024-12-01,56.0,Paid
5856,380,2025-01-01,56.0,Paid
5857,380,2025-02-01,56.0,Paid
5858,380,2025-03-01,56.0,Paid
5859,380,2025-04-01,56.0,Paid
5860,380,2025-05-01,56.0,Paid
5861,380,2025-06-01,56.0,Paid
5862,380,2025-07-01,56.0,Paid
5863,380,2025-08-01,56.0,Paid
5864,380,2025-09-01,56.0,Paid
5865,380,2025-10-01,56.0,Paid
5866,380,2025-11-01,56.0,Paid
5867,380,2025-12-01,56.0,Paid
5868,380,2026-01-01,56.0,Failed
5869,380,2026-02-01,56.0,Paid
5870,380,2026-03-01,56.0,Paid
5871,380,2026-04-01,56.0,Paid
5872,380,2026-05-01,56.0,Paid
5873,380,2026-06-01,56.0,Paid
5874,380,2026-07-01,56.0,Paid
5875,381,2025-10-01,64.0,Paid
5876,381,2025-11-01,64.0,Paid
5877,381,2025-12-01,64.0,Paid
5878,381,2026-01-01,64.0,Paid
5879,381,2026-02-01,64.0,Paid
5880,381,2026-03-01,64.0,Paid
5881,381,2026-04-01,64.0,Paid
5882,381,2026-05-01,64.0,Paid
5883,381,2026-06-01,64.0,Paid
5884,381,2026-07-01,64.0,Paid
5885,382,2024-01-01,64.0,Paid
5886,382,2024-02-01,64.0,Paid
5887,382,2024-03-01,64.0,Paid
5888,383,2025-08-01,56.0,Paid
5889,383,2025-09-01,56.0,Paid
5890,383,2025-10-01,56.0,Paid
5891,383,2025-11-01,56.0,Paid
5892,383,2025-12-01,56.0,Paid
5893,383,2026-01-01,56.0,Paid
5894,383,2026-02-01,56.0,Failed
5895,383,2026-03-01,56.0,Paid
5896,383,2026-04-01,56.0,Paid
5897,383,2026-05-01,56.0,Paid
5898,383,2026-06-01,56.0,Paid
5899,383,2026-07-01,56.0,Paid
5900,384,2024-09-01,56.0,Paid
5901,384,2024-10-01,56.0,Paid
5902,384,2024-11-01,56.0,Paid
5903,384,2024-12-01,56.0,Paid
5904,384,2025-01-01,56.0,Paid
5905,384,2025-02-01,56.0,Paid
5906,384,2025-03-01,56.0,Paid
5907,384,2025-04-01,56.0,Paid
5908,384,2025-05-01,56.0,Paid
5909,384,2025-06-01,56.0,Paid
5910,384,2025-07-01,56.0,Paid
5911,384,2025-08-01,56.0,Paid
5912,384,2025-09-01,56.0,Paid
5913,384,2025-10-01,56.0,Paid
5914,384,2025-11-01,56.0,Failed
5915,384,2025-12-01,56.0,Paid
5916,384,2026-01-01,56.0,Paid
5917,384,2026-02-01,56.0,Paid
5918,384,2026-03-01,56.0,Paid
5919,384,2026-04-01,56.0,Paid
5920,384,2026-05-01,56.0,Paid
5921,384,2026-06-01,56.0,Paid
5922,384,2026-07-01,56.0,Paid
5923,385,2024-09-01,56.0,Paid
5924,385,2024-10-01,56.0,Paid
5925,385,2024-11-01,56.0,Paid
5926,385,2024-12-01,56.0,Paid
5927,385,2025-01-01,56.0,Paid
5928,385,2025-02-01,56.0,Paid
5929,385,2025-03-01,56.0,Paid
5930,385,2025-04-01,56.0,Paid
5931,385,2025-05-01,56.0,Paid
5932,385,2025-06-01,56.0,Failed
5933,385,2025-07-01,56.0,Paid
5934,385,2025-08-01,56.0,Paid
5935,385,2025-09-01,56.0,Paid
5936,385,2025-10-01,56.0,Paid
5937,385,2025-11-01,56.0,Paid
5938,385,2025-12-01,56.0,Paid
5939,385,2026-01-01,56.0,Paid
5940,385,2026-02-01,56.0,Paid
5941,385,2026-03-01,56.0,Paid
5942,385,2026-04-01,56.0,Paid
5943,385,2026-05-01,56.0,Paid
5944,385,2026-06-01,56.0,Paid
5945,385,2026-07-01,56.0,Paid
5946,386,2024-10-01,39.0,Paid
5947,386,2024-11-01,39.0,Paid
5948,386,2024-12-01,39.0,Paid
5949,386,2025-01-01,39.0,Paid
5950,386,2025-02-01,39.0,Paid
5951,387,2024-03-01,45.0,Paid
5952,387,2024-04-01,45.0,Paid
5953,387,2024-05-01,45.0,Paid
5954,387,2024-06-01,45.0,Paid
5955,387,2024-07-01,45.0,Paid
5956,387,2024-08-01,45.0,Paid
5957,387,2024-09-01,45.0,Paid
5958,387,2024-10-01,45.0,Failed
5959,387,2024-11-01,45.0,Failed
5960,387,2024-12-01,45.0,Paid
5961,387,2025-01-01,45.0,Paid
5962,387,2025-02-01,45.0,Paid
5963,387,2025-03-01,45.0,Paid
5964,387,2025-04-01,45.0,Paid
5965,387,2025-05-01,45.0,Paid
5966,387,2025-06-01,45.0,Paid
5967,387,2025-07-01,45.0,Paid
5968,387,2025-08-01,45.0,Paid
5969,387,2025-09-01,45.0,Paid
5970,387,2025-10-01,45.0,Paid
5971,387,2025-11-01,45.0,Paid
5972,387,2025-12-01,45.0,Paid
5973,387,2026-01-01,45.0,Paid
5974,387,2026-02-01,45.0,Paid
5975,387,2026-03-01,45.0,Paid
5976,387,2026-04-01,45.0,Paid
5977,387,2026-05-01,45.0,Paid
5978,387,2026-06-01,45.0,Paid
5979,387,2026-07-01,45.0,Paid
5980,388,2024-07-01,39.0,Paid
5981,388,2024-08-01,39.0,Paid
5982,388,2024-09-01,39.0,Paid
5983,388,2024-10-01,39.0,Paid
5984,388,2024-11-01,39.0,Paid
5985,388,2024-12-01,39.0,Paid
5986,388,2025-01-01,39.0,Paid
5987,388,2025-02-01,39.0,Paid
5988,388,2025-03-01,39.0,Paid
5989,388,2025-04-01,39.0,Paid
5990,388,2025-05-01,39.0,Paid
5991,388,2025-06-01,39.0,Paid
5992,388,2025-07-01,39.0,Paid
5993,388,2025-08-01,39.0,Paid
5994,388,2025-09-01,39.0,Paid
5995,388,2025-10-01,39.0,Paid
5996,388,2025-11-01,39.0,Paid
5997,388,2025-12-01,39.0,Paid
5998,388,2026-01-01,39.0,Paid
5999,388,2026-02-01,39.0,Paid
6000,388,2026-03-01,39.0,Paid
6001,388,2026-04-01,39.0,Paid
6002,388,2026-05-01,39.0,Paid
6003,388,2026-06-01,39.0,Paid
6004,388,2026-07-01,39.0,Failed
6005,389,2024-06-01,56.0,Paid
6006,389,2024-07-01,56.0,Paid
6007,389,2024-08-01,56.0,Paid
6008,389,2024-09-01,56.0,Paid
6009,389,2024-10-01,56.0,Paid
6010,389,2024-11-01,56.0,Paid
6011,389,2024-12-01,56.0,Paid
6012,389,2025-01-01,56.0,Paid
6013,389,2025-02-01,56.0,Paid
6014,389,2025-03-01,56.0,Paid
6015,389,2025-04-01,56.0,Paid
6016,389,2025-05-01,56.0,Paid
6017,389,2025-06-01,56.0,Paid
6018,389,2025-07-01,56.0,Paid
6019,389,2025-08-01,56.0,Paid
6020,389,2025-09-01,56.0,Paid
6021,389,2025-10-01,56.0,Paid
6022,389,2025-11-01,56.0,Paid
6023,389,2025-12-01,56.0,Paid
6024,389,2026-01-01,56.0,Paid
6025,389,2026-02-01,56.0,Paid
6026,389,2026-03-01,56.0,Paid
6027,389,2026-04-01,56.0,Paid
6028,389,2026-05-01,56.0,Failed
6029,389,2026-06-01,56.0,Paid
6030,389,2026-07-01,56.0,Paid
6031,390,2024-08-01,45.0,Paid
6032,390,2024-09-01,45.0,Paid
6033,390,2024-10-01,45.0,Paid
6034,390,2024-11-01,45.0,Paid
6035,390,2024-12-01,45.0,Paid
6036,390,2025-01-01,45.0,Paid
6037,390,2025-02-01,45.0,Paid
6038,390,2025-03-01,45.0,Paid
6039,390,2025-04-01,45.0,Paid
6040,390,2025-05-01,45.0,Paid
6041,390,2025-06-01,45.0,Paid
6042,390,2025-07-01,45.0,Paid
6043,390,2025-08-01,45.0,Paid
6044,390,2025-09-01,45.0,Paid
6045,390,2025-10-01,45.0,Paid
6046,390,2025-11-01,45.0,Paid
6047,390,2025-12-01,45.0,Paid
6048,390,2026-01-01,45.0,Paid
6049,390,2026-02-01,45.0,Paid
6050,390,2026-03-01,45.0,Paid
6051,390,2026-04-01,45.0,Paid
6052,390,2026-05-01,45.0,Paid
6053,390,2026-06-01,45.0,Paid
6054,390,2026-07-01,45.0,Paid
6055,391,2026-04-01,45.0,Paid
6056,391,2026-05-01,45.0,Paid
6057,391,2026-06-01,45.0,Paid
6058,391,2026-07-01,45.0,Paid
6059,392,2024-06-01,45.0,Paid
6060,392,2024-07-01,45.0,Paid
6061,392,2024-08-01,45.0,Paid
6062,392,2024-09-01,45.0,Paid
6063,392,2024-10-01,45.0,Paid
6064,392,2024-11-01,45.0,Paid
6065,392,2024-12-01,45.0,Paid
6066,392,2025-01-01,45.0,Paid
6067,392,2025-02-01,45.0,Paid
6068,392,2025-03-01,45.0,Paid
6069,392,2025-04-01,45.0,Paid
6070,392,2025-05-01,45.0,Paid
6071,392,2025-06-01,45.0,Failed
6072,392,2025-07-01,45.0,Paid
6073,392,2025-08-01,45.0,Paid
6074,392,2025-09-01,45.0,Paid
6075,392,2025-10-01,45.0,Paid
6076,392,2025-11-01,45.0,Paid
6077,392,2025-12-01,45.0,Paid
6078,392,2026-01-01,45.0,Paid
6079,392,2026-02-01,45.0,Paid
6080,392,2026-03-01,45.0,Paid
6081,392,2026-04-01,45.0,Paid
6082,392,2026-05-01,45.0,Paid
6083,392,2026-06-01,45.0,Paid
6084,392,2026-07-01,45.0,Paid
6085,393,2025-06-01,56.0,Paid
6086,393,2025-07-01,56.0,Paid
6087,393,2025-08-01,56.0,Paid
6088,393,2025-09-01,56.0,Paid
6089,393,2025-10-01,56.0,Paid
6090,393,2025-11-01,56.0,Paid
6091,393,2025-12-01,56.0,Paid
6092,393,2026-01-01,56.0,Paid
6093,393,2026-02-01,56.0,Paid
6094,393,2026-03-01,56.0,Paid
6095,393,2026-04-01,56.0,Paid
6096,393,2026-05-01,56.0,Paid
6097,393,2026-06-01,56.0,Paid
6098,393,2026-07-01,56.0,Paid
6099,394,2024-07-01,39.0,Paid
6100,394,2024-08-01,39.0,Paid
6101,394,2024-09-01,39.0,Paid
6102,394,2024-10-01,39.0,Paid
6103,394,2024-11-01,39.0,Paid
6104,394,2024-12-01,39.0,Paid
6105,394,2025-01-01,39.0,Paid
6106,394,2025-02-01,39.0,Paid
6107,394,2025-03-01,39.0,Paid
6108,394,2025-04-01,39.0,Paid
6109,394,2025-05-01,39.0,Paid
6110,394,2025-06-01,39.0,Paid
6111,394,2025-07-01,39.0,Paid
6112,394,2025-08-01,39.0,Paid
6113,394,2025-09-01,39.0,Paid
6114,394,2025-10-01,39.0,Paid
6115,394,2025-11-01,39.0,Paid
6116,394,2025-12-01,39.0,Paid
6117,394,2026-01-01,39.0,Paid
6118,394,2026-02-01,39.0,Paid
6119,394,2026-03-01,39.0,Paid
6120,394,2026-04-01,39.0,Paid
6121,394,2026-05-01,39.0,Paid
6122,394,2026-06-01,39.0,Paid
6123,394,2026-07-01,39.0,Paid
6124,395,2026-04-01,45.0,Paid
6125,395,2026-05-01,45.0,Paid
6126,395,2026-06-01,45.0,Paid
6127,395,2026-07-01,45.0,Paid
6128,396,2025-04-01,64.0,Paid
6129,396,2025-05-01,64.0,Paid
6130,396,2025-06-01,64.0,Paid
6131,396,2025-07-01,64.0,Paid
6132,396,2025-08-01,64.0,Paid
6133,396,2025-09-01,64.0,Paid
6134,396,2025-10-01,64.0,Paid
6135,396,2025-11-01,64.0,Paid
6136,396,2025-12-01,64.0,Paid
6137,396,2026-01-01,64.0,Failed
6138,396,2026-02-01,64.0,Paid
6139,396,2026-03-01,64.0,Paid
6140,396,2026-04-01,64.0,Paid
6141,396,2026-05-01,64.0,Paid
6142,396,2026-06-01,64.0,Paid
6143,396,2026-07-01,64.0,Paid
6144,397,2024-11-01,56.0,Failed
6145,397,2024-12-01,56.0,Paid
6146,397,2025-01-01,56.0,Paid
6147,398,2025-07-01,64.0,Paid
6148,398,2025-08-01,64.0,Paid
6149,398,2025-09-01,64.0,Paid
6150,398,2025-10-01,64.0,Paid
6151,398,2025-11-01,64.0,Paid
6152,398,2025-12-01,64.0,Paid
6153,398,2026-01-01,64.0,Paid
6154,399,2025-11-01,45.0,Paid
6155,399,2025-12-01,45.0,Paid
6156,399,2026-01-01,45.0,Paid
6157,399,2026-02-01,45.0,Paid
6158,399,2026-03-01,45.0,Paid
6159,399,2026-04-01,45.0,Paid
6160,399,2026-05-01,45.0,Paid
6161,399,2026-06-01,45.0,Failed
6162,399,2026-07-01,45.0,Paid
6163,400,2024-06-01,39.0,Paid
6164,400,2024-07-01,39.0,Paid
6165,400,2024-08-01,39.0,Paid
6166,400,2024-09-01,39.0,Paid
6167,400,2024-10-01,39.0,Paid
6168,400,2024-11-01,39.0,Paid
6169,400,2024-12-01,39.0,Paid
6170,400,2025-01-01,39.0,Paid
6171,400,2025-02-01,39.0,Failed
6172,400,2025-03-01,39.0,Paid
6173,400,2025-04-01,39.0,Paid
6174,400,2025-05-01,39.0,Paid
6175,400,2025-06-01,39.0,Paid
6176,400,2025-07-01,39.0,Paid
6177,400,2025-08-01,39.0,Paid
6178,400,2025-09-01,39.0,Paid
6179,401,2025-04-01,64.0,Paid
6180,401,2025-05-01,64.0,Failed
6181,401,2025-06-01,64.0,Paid
6182,401,2025-07-01,64.0,Failed
6183,401,2025-08-01,64.0,Paid
6184,401,2025-09-01,64.0,Paid
6185,401,2025-10-01,64.0,Paid
6186,401,2025-11-01,64.0,Paid
6187,401,2025-12-01,64.0,Paid
6188,401,2026-01-01,64.0,Paid
6189,401,2026-02-01,64.0,Paid
6190,401,2026-03-01,64.0,Paid
6191,401,2026-04-01,64.0,Paid
6192,401,2026-05-01,64.0,Paid
6193,401,2026-06-01,64.0,Paid
6194,401,2026-07-01,64.0,Paid
6195,402,2026-01-01,64.0,Paid
6196,402,2026-02-01,64.0,Paid
6197,402,2026-03-01,64.0,Paid
6198,402,2026-04-01,64.0,Paid
6199,402,2026-05-01,64.0,Paid
6200,402,2026-06-01,64.0,Paid
6201,402,2026-07-01,64.0,Paid
6202,403,2024-06-01,45.0,Paid
6203,403,2024-07-01,45.0,Paid
6204,403,2024-08-01,45.0,Paid
6205,403,2024-09-01,45.0,Paid
6206,403,2024-10-01,45.0,Paid
6207,403,2024-11-01,45.0,Paid
6208,403,2024-12-01,45.0,Paid
6209,403,2025-01-01,45.0,Paid
6210,403,2025-02-01,45.0,Paid
6211,403,2025-03-01,45.0,Paid
6212,403,2025-04-01,45.0,Paid
6213,403,2025-05-01,45.0,Paid
6214,403,2025-06-01,45.0,Paid
6215,403,2025-07-01,45.0,Paid
6216,403,2025-08-01,45.0,Paid
6217,403,2025-09-01,45.0,Paid
6218,403,2025-10-01,45.0,Paid
6219,403,2025-11-01,45.0,Paid
6220,403,2025-12-01,45.0,Paid
6221,403,2026-01-01,45.0,Paid
6222,403,2026-02-01,45.0,Paid
6223,403,2026-03-01,45.0,Paid
6224,403,2026-04-01,45.0,Paid
6225,403,2026-05-01,45.0,Paid
6226,403,2026-06-01,45.0,Paid
6227,403,2026-07-01,45.0,Paid
6228,404,2025-12-01,64.0,Paid
6229,404,2026-01-01,64.0,Paid
6230,404,2026-02-01,64.0,Paid
6231,404,2026-03-01,64.0,Paid
6232,404,2026-04-01,64.0,Paid
6233,404,2026-05-01,64.0,Paid
6234,404,2026-06-01,64.0,Paid
6235,404,2026-07-01,64.0,Paid
6236,405,2025-01-01,56.0,Paid
6237,405,2025-02-01,56.0,Paid
6238,405,2025-03-01,56.0,Paid
6239,405,2025-04-01,56.0,Paid
6240,405,2025-05-01,56.0,Paid
6241,405,2025-06-01,56.0,Paid
6242,405,2025-07-01,56.0,Paid
6243,405,2025-08-01,56.0,Paid
6244,405,2025-09-01,56.0,Paid
6245,405,2025-10-01,56.0,Paid
6246,405,2025-11-01,56.0,Paid
6247,405,2025-12-01,56.0,Paid
6248,405,2026-01-01,56.0,Paid
6249,405,2026-02-01,56.0,Paid
6250,405,2026-03-01,56.0,Failed
6251,405,2026-04-01,56.0,Paid
6252,405,2026-05-01,56.0,Paid
6253,405,2026-06-01,56.0,Paid
6254,405,2026-07-01,56.0,Paid
6255,406,2024-04-01,56.0,Paid
6256,406,2024-05-01,56.0,Paid
6257,406,2024-06-01,56.0,Paid
6258,406,2024-07-01,56.0,Paid
6259,406,2024-08-01,56.0,Paid
6260,406,2024-09-01,56.0,Paid
6261,406,2024-10-01,56.0,Paid
6262,406,2024-11-01,56.0,Failed
6263,406,2024-12-01,56.0,Paid
6264,406,2025-01-01,56.0,Paid
6265,406,2025-02-01,56.0,Paid
6266,406,2025-03-01,56.0,Paid
6267,406,2025-04-01,56.0,Paid
6268,406,2025-05-01,56.0,Paid
6269,406,2025-06-01,56.0,Paid
6270,406,2025-07-01,56.0,Paid
6271,406,2025-08-01,56.0,Paid
6272,406,2025-09-01,56.0,Paid
6273,406,2025-10-01,56.0,Paid
6274,406,2025-11-01,56.0,Paid
6275,406,2025-12-01,56.0,Paid
6276,406,2026-01-01,56.0,Paid
6277,406,2026-02-01,56.0,Paid
6278,407,2025-08-01,56.0,Failed
6279,407,2025-09-01,56.0,Paid
6280,407,2025-10-01,56.0,Failed
6281,407,2025-11-01,56.0,Paid
6282,407,2025-12-01,56.0,Paid
6283,407,2026-01-01,56.0,Paid
6284,407,2026-02-01,56.0,Paid
6285,407,2026-03-01,56.0,Paid
6286,408,2026-05-01,45.0,Paid
6287,408,2026-06-01,45.0,Paid
6288,408,2026-07-01,45.0,Paid
6289,409,2025-03-01,64.0,Paid
6290,409,2025-04-01,64.0,Paid
6291,409,2025-05-01,64.0,Failed
6292,409,2025-06-01,64.0,Paid
6293,409,2025-07-01,64.0,Paid
6294,409,2025-08-01,64.0,Paid
6295,409,2025-09-01,64.0,Paid
6296,409,2025-10-01,64.0,Paid
6297,409,2025-11-01,64.0,Paid
6298,409,2025-12-01,64.0,Paid
6299,409,2026-01-01,64.0,Paid
6300,409,2026-02-01,64.0,Paid
6301,409,2026-03-01,64.0,Paid
6302,409,2026-04-01,64.0,Paid
6303,409,2026-05-01,64.0,Paid
6304,409,2026-06-01,64.0,Paid
6305,409,2026-07-01,64.0,Paid
6306,410,2026-05-01,64.0,Failed
6307,410,2026-06-01,64.0,Failed
6308,410,2026-07-01,64.0,Paid
6309,411,2024-01-01,64.0,Failed
6310,411,2024-02-01,64.0,Paid
6311,411,2024-03-01,64.0,Failed
6312,411,2024-04-01,64.0,Paid
6313,411,2024-05-01,64.0,Paid
6314,411,2024-06-01,64.0,Paid
6315,411,2024-07-01,64.0,Paid
6316,411,2024-08-01,64.0,Paid
6317,411,2024-09-01,64.0,Paid
6318,411,2024-10-01,64.0,Paid
6319,411,2024-11-01,64.0,Paid
6320,411,2024-12-01,64.0,Paid
6321,411,2025-01-01,64.0,Paid
6322,411,2025-02-01,64.0,Paid
6323,411,2025-03-01,64.0,Paid
6324,411,2025-04-01,64.0,Paid
6325,411,2025-05-01,64.0,Paid
6326,411,2025-06-01,64.0,Paid
6327,411,2025-07-01,64.0,Paid
6328,411,2025-08-01,64.0,Paid
6329,411,2025-09-01,64.0,Paid
6330,411,2025-10-01,64.0,Paid
6331,411,2025-11-01,64.0,Paid
6332,411,2025-12-01,64.0,Paid
6333,411,2026-01-01,64.0,Paid
6334,411,2026-02-01,64.0,Paid
6335,411,2026-03-01,64.0,Paid
6336,411,2026-04-01,64.0,Paid
6337,411,2026-05-01,64.0,Paid
6338,411,2026-06-01,64.0,Paid
6339,411,2026-07-01,64.0,Paid
6340,412,2024-07-01,64.0,Paid
6341,412,2024-08-01,64.0,Paid
6342,412,2024-09-01,64.0,Paid
6343,412,2024-10-01,64.0,Paid
6344,412,2024-11-01,64.0,Paid
6345,412,2024-12-01,64.0,Paid
6346,412,2025-01-01,64.0,Paid
6347,412,2025-02-01,64.0,Paid
6348,412,2025-03-01,64.0,Paid
6349,412,2025-04-01,64.0,Paid
6350,412,2025-05-01,64.0,Paid
6351,412,2025-06-01,64.0,Paid
6352,412,2025-07-01,64.0,Paid
6353,412,2025-08-01,64.0,Paid
6354,412,2025-09-01,64.0,Paid
6355,412,2025-10-01,64.0,Paid
6356,412,2025-11-01,64.0,Paid
6357,412,2025-12-01,64.0,Paid
6358,412,2026-01-01,64.0,Paid
6359,412,2026-02-01,64.0,Paid
6360,412,2026-03-01,64.0,Paid
6361,412,2026-04-01,64.0,Paid
6362,412,2026-05-01,64.0,Paid
6363,412,2026-06-01,64.0,Failed
6364,412,2026-07-01,64.0,Paid
6365,413,2024-06-01,64.0,Paid
6366,413,2024-07-01,64.0,Paid
6367,413,2024-08-01,64.0,Paid
6368,413,2024-09-01,64.0,Paid
6369,413,2024-10-01,64.0,Failed
6370,413,2024-11-01,64.0,Failed
6371,413,2024-12-01,64.0,Paid
6372,413,2025-01-01,64.0,Paid
6373,413,2025-02-01,64.0,Paid
6374,413,2025-03-01,64.0,Paid
6375,413,2025-04-01,64.0,Paid
6376,413,2025-05-01,64.0,Paid
6377,413,2025-06-01,64.0,Paid
6378,413,2025-07-01,64.0,Paid
6379,413,2025-08-01,64.0,Paid
6380,413,2025-09-01,64.0,Paid
6381,413,2025-10-01,64.0,Paid
6382,413,2025-11-01,64.0,Paid
6383,413,2025-12-01,64.0,Paid
6384,413,2026-01-01,64.0,Paid
6385,413,2026-02-01,64.0,Paid
6386,413,2026-03-01,64.0,Paid
6387,413,2026-04-01,64.0,Paid
6388,413,2026-05-01,64.0,Paid
6389,413,2026-06-01,64.0,Paid
6390,413,2026-07-01,64.0,Failed
6391,414,2026-06-01,64.0,Paid
6392,414,2026-07-01,64.0,Paid
6393,415,2024-04-01,39.0,Paid
6394,415,2024-05-01,39.0,Paid
6395,415,2024-06-01,39.0,Paid
6396,415,2024-07-01,39.0,Paid
6397,415,2024-08-01,39.0,Paid
6398,415,2024-09-01,39.0,Paid
6399,415,2024-10-01,39.0,Paid
6400,415,2024-11-01,39.0,Paid
6401,415,2024-12-01,39.0,Paid
6402,415,2025-01-01,39.0,Paid
6403,415,2025-02-01,39.0,Paid
6404,415,2025-03-01,39.0,Paid
6405,415,2025-04-01,39.0,Paid
6406,415,2025-05-01,39.0,Paid
6407,415,2025-06-01,39.0,Paid
6408,415,2025-07-01,39.0,Paid
6409,415,2025-08-01,39.0,Paid
6410,415,2025-09-01,39.0,Paid
6411,415,2025-10-01,39.0,Paid
6412,415,2025-11-01,39.0,Paid
6413,415,2025-12-01,39.0,Paid
6414,415,2026-01-01,39.0,Paid
6415,415,2026-02-01,39.0,Paid
6416,415,2026-03-01,39.0,Paid
6417,415,2026-04-01,39.0,Paid
6418,415,2026-05-01,39.0,Paid
6419,415,2026-06-01,39.0,Paid
6420,415,2026-07-01,39.0,Paid
6421,416,2025-01-01,56.0,Paid
6422,416,2025-02-01,56.0,Paid
6423,416,2025-03-01,56.0,Failed
6424,416,2025-04-01,56.0,Paid
6425,416,2025-05-01,56.0,Paid
6426,416,2025-06-01,56.0,Paid
6427,416,2025-07-01,56.0,Paid
6428,416,2025-08-01,56.0,Paid
6429,416,2025-09-01,56.0,Paid
6430,416,2025-10-01,56.0,Paid
6431,416,2025-11-01,56.0,Paid
6432,416,2025-12-01,56.0,Paid
6433,416,2026-01-01,56.0,Paid
6434,416,2026-02-01,56.0,Paid
6435,416,2026-03-01,56.0,Paid
6436,416,2026-04-01,56.0,Paid
6437,416,2026-05-01,56.0,Paid
6438,416,2026-06-01,56.0,Paid
6439,416,2026-07-01,56.0,Paid
6440,417,2026-06-01,45.0,Paid
6441,417,2026-07-01,45.0,Paid
6442,418,2025-12-01,64.0,Paid
6443,418,2026-01-01,64.0,Paid
6444,418,2026-02-01,64.0,Paid
6445,418,2026-03-01,64.0,Paid
6446,418,2026-04-01,64.0,Failed
6447,418,2026-05-01,64.0,Paid
6448,418,2026-06-01,64.0,Paid
6449,419,2024-12-01,64.0,Paid
6450,419,2025-01-01,64.0,Paid
6451,419,2025-02-01,64.0,Paid
6452,419,2025-03-01,64.0,Paid
6453,419,2025-04-01,64.0,Paid
6454,419,2025-05-01,64.0,Paid
6455,419,2025-06-01,64.0,Failed
6456,419,2025-07-01,64.0,Paid
6457,419,2025-08-01,64.0,Paid
6458,419,2025-09-01,64.0,Paid
6459,419,2025-10-01,64.0,Paid
6460,419,2025-11-01,64.0,Paid
6461,419,2025-12-01,64.0,Paid
6462,419,2026-01-01,64.0,Paid
6463,419,2026-02-01,64.0,Paid
6464,419,2026-03-01,64.0,Paid
6465,419,2026-04-01,64.0,Failed
6466,419,2026-05-01,64.0,Paid
6467,419,2026-06-01,64.0,Paid
6468,419,2026-07-01,64.0,Paid
6469,420,2026-03-01,45.0,Paid
6470,420,2026-04-01,45.0,Paid
6471,420,2026-05-01,45.0,Paid
6472,420,2026-06-01,45.0,Paid
6473,420,2026-07-01,45.0,Paid
6474,421,2026-02-01,64.0,Paid
6475,421,2026-03-01,64.0,Paid
6476,421,2026-04-01,64.0,Paid
6477,421,2026-05-01,64.0,Paid
6478,421,2026-06-01,64.0,Paid
6479,421,2026-07-01,64.0,Paid
6480,422,2026-03-01,45.0,Paid
6481,422,2026-04-01,45.0,Paid
6482,422,2026-05-01,45.0,Paid
6483,422,2026-06-01,45.0,Paid
6484,422,2026-07-01,45.0,Paid
6485,423,2025-08-01,39.0,Paid
6486,423,2025-09-01,39.0,Paid
6487,423,2025-10-01,39.0,Paid
6488,423,2025-11-01,39.0,Paid
6489,423,2025-12-01,39.0,Paid
6490,423,2026-01-01,39.0,Paid
6491,424,2025-02-01,64.0,Paid
6492,424,2025-03-01,64.0,Failed
6493,424,2025-04-01,64.0,Paid
6494,424,2025-05-01,64.0,Paid
6495,424,2025-06-01,64.0,Paid
6496,424,2025-07-01,64.0,Paid
6497,424,2025-08-01,64.0,Paid
6498,424,2025-09-01,64.0,Paid
6499,424,2025-10-01,64.0,Paid
6500,424,2025-11-01,64.0,Paid
6501,424,2025-12-01,64.0,Paid
6502,424,2026-01-01,64.0,Paid
6503,424,2026-02-01,64.0,Paid
6504,424,2026-03-01,64.0,Paid
6505,424,2026-04-01,64.0,Paid
6506,424,2026-05-01,64.0,Paid
6507,424,2026-06-01,64.0,Paid
6508,424,2026-07-01,64.0,Failed
6509,425,2025-08-01,39.0,Paid
6510,425,2025-09-01,39.0,Paid
6511,425,2025-10-01,39.0,Paid
6512,425,2025-11-01,39.0,Paid
6513,425,2025-12-01,39.0,Paid
6514,425,2026-01-01,39.0,Paid
6515,425,2026-02-01,39.0,Paid
6516,425,2026-03-01,39.0,Paid
6517,425,2026-04-01,39.0,Paid
6518,425,2026-05-01,39.0,Paid
6519,425,2026-06-01,39.0,Paid
6520,425,2026-07-01,39.0,Paid
6521,426,2026-02-01,56.0,Paid
6522,426,2026-03-01,56.0,Paid
6523,426,2026-04-01,56.0,Paid
6524,426,2026-05-01,56.0,Paid
6525,426,2026-06-01,56.0,Paid
6526,426,2026-07-01,56.0,Paid
6527,427,2024-11-01,64.0,Paid
6528,427,2024-12-01,64.0,Paid
6529,427,2025-01-01,64.0,Paid
6530,427,2025-02-01,64.0,Paid
6531,427,2025-03-01,64.0,Paid
6532,428,2026-02-01,45.0,Failed
6533,428,2026-03-01,45.0,Paid
6534,428,2026-04-01,45.0,Paid
6535,428,2026-05-01,45.0,Paid
6536,429,2025-03-01,64.0,Failed
6537,429,2025-04-01,64.0,Paid
6538,429,2025-05-01,64.0,Paid
6539,429,2025-06-01,64.0,Paid
6540,429,2025-07-01,64.0,Paid
6541,430,2024-05-01,45.0,Paid
6542,430,2024-06-01,45.0,Paid
6543,430,2024-07-01,45.0,Paid
6544,430,2024-08-01,45.0,Paid
6545,430,2024-09-01,45.0,Paid
6546,430,2024-10-01,45.0,Failed
6547,430,2024-11-01,45.0,Paid
6548,430,2024-12-01,45.0,Paid
6549,430,2025-01-01,45.0,Paid
6550,430,2025-02-01,45.0,Paid
6551,430,2025-03-01,45.0,Paid
6552,430,2025-04-01,45.0,Paid
6553,430,2025-05-01,45.0,Paid
6554,430,2025-06-01,45.0,Paid
6555,430,2025-07-01,45.0,Paid
6556,430,2025-08-01,45.0,Paid
6557,430,2025-09-01,45.0,Paid
6558,430,2025-10-01,45.0,Paid
6559,430,2025-11-01,45.0,Paid
6560,430,2025-12-01,45.0,Paid
6561,430,2026-01-01,45.0,Paid
6562,430,2026-02-01,45.0,Paid
6563,430,2026-03-01,45.0,Paid
6564,430,2026-04-01,45.0,Paid
6565,430,2026-05-01,45.0,Paid
6566,430,2026-06-01,45.0,Paid
6567,430,2026-07-01,45.0,Paid
6568,431,2026-03-01,64.0,Paid
6569,431,2026-04-01,64.0,Paid
6570,431,2026-05-01,64.0,Paid
6571,431,2026-06-01,64.0,Failed
6572,431,2026-07-01,64.0,Paid
6573,432,2026-04-01,45.0,Paid
6574,432,2026-05-01,45.0,Paid
6575,432,2026-06-01,45.0,Paid
6576,432,2026-07-01,45.0,Paid
6577,433,2025-03-01,64.0,Paid
6578,433,2025-04-01,64.0,Paid
6579,433,2025-05-01,64.0,Failed
6580,433,2025-06-01,64.0,Paid
6581,433,2025-07-01,64.0,Paid
6582,433,2025-08-01,64.0,Paid
6583,433,2025-09-01,64.0,Paid
6584,433,2025-10-01,64.0,Paid
6585,433,2025-11-01,64.0,Paid
6586,433,2025-12-01,64.0,Paid
6587,433,2026-01-01,64.0,Paid
6588,433,2026-02-01,64.0,Paid
6589,433,2026-03-01,64.0,Paid
6590,433,2026-04-01,64.0,Paid
6591,433,2026-05-01,64.0,Paid
6592,433,2026-06-01,64.0,Paid
6593,433,2026-07-01,64.0,Paid
6594,434,2024-01-01,45.0,Paid
6595,434,2024-02-01,45.0,Paid
6596,434,2024-03-01,45.0,Paid
6597,434,2024-04-01,45.0,Paid
6598,434,2024-05-01,45.0,Paid
6599,434,2024-06-01,45.0,Paid
6600,434,2024-07-01,45.0,Paid
6601,434,2024-08-01,45.0,Paid
6602,434,2024-09-01,45.0,Paid
6603,434,2024-10-01,45.0,Paid
6604,434,2024-11-01,45.0,Paid
6605,434,2024-12-01,45.0,Paid
6606,434,2025-01-01,45.0,Paid
6607,434,2025-02-01,45.0,Paid
6608,434,2025-03-01,45.0,Paid
6609,434,2025-04-01,45.0,Paid
6610,434,2025-05-01,45.0,Paid
6611,434,2025-06-01,45.0,Paid
6612,434,2025-07-01,45.0,Paid
6613,434,2025-08-01,45.0,Paid
6614,434,2025-09-01,45.0,Paid
6615,434,2025-10-01,45.0,Paid
6616,434,2025-11-01,45.0,Paid
6617,434,2025-12-01,45.0,Paid
6618,434,2026-01-01,45.0,Paid
6619,434,2026-02-01,45.0,Paid
6620,434,2026-03-01,45.0,Paid
6621,434,2026-04-01,45.0,Failed
6622,434,2026-05-01,45.0,Paid
6623,434,2026-06-01,45.0,Paid
6624,434,2026-07-01,45.0,Paid
6625,435,2025-03-01,64.0,Paid
6626,435,2025-04-01,64.0,Paid
6627,435,2025-05-01,64.0,Paid
6628,435,2025-06-01,64.0,Paid
6629,435,2025-07-01,64.0,Paid
6630,435,2025-08-01,64.0,Paid
6631,435,2025-09-01,64.0,Failed
6632,435,2025-10-01,64.0,Paid
6633,435,2025-11-01,64.0,Paid
6634,435,2025-12-01,64.0,Paid
6635,435,2026-01-01,64.0,Paid
6636,435,2026-02-01,64.0,Paid
6637,435,2026-03-01,64.0,Paid
6638,435,2026-04-01,64.0,Paid
6639,435,2026-05-01,64.0,Failed
6640,435,2026-06-01,64.0,Paid
6641,435,2026-07-01,64.0,Paid
6642,436,2025-09-01,45.0,Paid
6643,436,2025-10-01,45.0,Paid
6644,436,2025-11-01,45.0,Paid
6645,436,2025-12-01,45.0,Paid
6646,436,2026-01-01,45.0,Paid
6647,436,2026-02-01,45.0,Paid
6648,436,2026-03-01,45.0,Paid
6649,436,2026-04-01,45.0,Paid
6650,436,2026-05-01,45.0,Paid
6651,436,2026-06-01,45.0,Failed
6652,436,2026-07-01,45.0,Paid
6653,437,2024-06-01,45.0,Paid
6654,437,2024-07-01,45.0,Paid
6655,437,2024-08-01,45.0,Paid
6656,437,2024-09-01,45.0,Paid
6657,437,2024-10-01,45.0,Paid
6658,437,2024-11-01,45.0,Paid
6659,437,2024-12-01,45.0,Paid
6660,437,2025-01-01,45.0,Failed
6661,437,2025-02-01,45.0,Paid
6662,437,2025-03-01,45.0,Paid
6663,437,2025-04-01,45.0,Paid
6664,437,2025-05-01,45.0,Paid
6665,437,2025-06-01,45.0,Paid
6666,437,2025-07-01,45.0,Paid
6667,437,2025-08-01,45.0,Paid
6668,437,2025-09-01,45.0,Paid
6669,437,2025-10-01,45.0,Paid
6670,437,2025-11-01,45.0,Paid
6671,437,2025-12-01,45.0,Paid
6672,437,2026-01-01,45.0,Paid
6673,437,2026-02-01,45.0,Paid
6674,437,2026-03-01,45.0,Paid
6675,437,2026-04-01,45.0,Paid
6676,437,2026-05-01,45.0,Paid
6677,437,2026-06-01,45.0,Paid
6678,437,2026-07-01,45.0,Paid
6679,438,2025-05-01,45.0,Paid
6680,438,2025-06-01,45.0,Paid
6681,438,2025-07-01,45.0,Paid
6682,438,2025-08-01,45.0,Paid
6683,438,2025-09-01,45.0,Paid
6684,438,2025-10-01,45.0,Paid
6685,438,2025-11-01,45.0,Paid
6686,438,2025-12-01,45.0,Paid
6687,438,2026-01-01,45.0,Paid
6688,438,2026-02-01,45.0,Paid
6689,438,2026-03-01,45.0,Paid
6690,438,2026-04-01,45.0,Paid
6691,438,2026-05-01,45.0,Paid
6692,438,2026-06-01,45.0,Paid
6693,438,2026-07-01,45.0,Paid
6694,439,2024-03-01,56.0,Paid
6695,439,2024-04-01,56.0,Failed
6696,439,2024-05-01,56.0,Paid
6697,439,2024-06-01,56.0,Paid
6698,439,2024-07-01,56.0,Paid
6699,439,2024-08-01,56.0,Paid
6700,439,2024-09-01,56.0,Paid
6701,439,2024-10-01,56.0,Paid
6702,439,2024-11-01,56.0,Paid
6703,439,2024-12-01,56.0,Paid
6704,439,2025-01-01,56.0,Paid
6705,439,2025-02-01,56.0,Paid
6706,439,2025-03-01,56.0,Paid
6707,439,2025-04-01,56.0,Paid
6708,439,2025-05-01,56.0,Paid
6709,439,2025-06-01,56.0,Paid
6710,439,2025-07-01,56.0,Paid
6711,439,2025-08-01,56.0,Failed
6712,439,2025-09-01,56.0,Paid
6713,439,2025-10-01,56.0,Paid
6714,439,2025-11-01,56.0,Paid
6715,439,2025-12-01,56.0,Paid
6716,439,2026-01-01,56.0,Paid
6717,439,2026-02-01,56.0,Paid
6718,439,2026-03-01,56.0,Paid
6719,439,2026-04-01,56.0,Paid
6720,439,2026-05-01,56.0,Paid
6721,439,2026-06-01,56.0,Paid
6722,439,2026-07-01,56.0,Paid
6723,440,2025-01-01,64.0,Paid
6724,440,2025-02-01,64.0,Failed
6725,440,2025-03-01,64.0,Paid
6726,440,2025-04-01,64.0,Paid
6727,440,2025-05-01,64.0,Paid
6728,440,2025-06-01,64.0,Paid
6729,440,2025-07-01,64.0,Failed
6730,440,2025-08-01,64.0,Paid
6731,440,2025-09-01,64.0,Paid
6732,440,2025-10-01,64.0,Paid
6733,440,2025-11-01,64.0,Paid
6734,440,2025-12-01,64.0,Paid
6735,440,2026-01-01,64.0,Paid
6736,440,2026-02-01,64.0,Paid
6737,440,2026-03-01,64.0,Paid
6738,440,2026-04-01,64.0,Failed
6739,440,2026-05-01,64.0,Paid
6740,440,2026-06-01,64.0,Paid
6741,440,2026-07-01,64.0,Paid
6742,441,2025-11-01,56.0,Paid
6743,441,2025-12-01,56.0,Paid
6744,441,2026-01-01,56.0,Paid
6745,441,2026-02-01,56.0,Paid
6746,441,2026-03-01,56.0,Paid
6747,441,2026-04-01,56.0,Paid
6748,441,2026-05-01,56.0,Paid
6749,441,2026-06-01,56.0,Paid
6750,441,2026-07-01,56.0,Paid
6751,442,2025-01-01,56.0,Paid
6752,442,2025-02-01,56.0,Paid
6753,442,2025-03-01,56.0,Paid
6754,442,2025-04-01,56.0,Paid
6755,442,2025-05-01,56.0,Paid
6756,442,2025-06-01,56.0,Paid
6757,442,2025-07-01,56.0,Paid
6758,442,2025-08-01,56.0,Paid
6759,442,2025-09-01,56.0,Paid
6760,442,2025-10-01,56.0,Paid
6761,442,2025-11-01,56.0,Paid
6762,442,2025-12-01,56.0,Failed
6763,442,2026-01-01,56.0,Paid
6764,442,2026-02-01,56.0,Paid
6765,442,2026-03-01,56.0,Paid
6766,442,2026-04-01,56.0,Paid
6767,442,2026-05-01,56.0,Paid
6768,442,2026-06-01,56.0,Paid
6769,442,2026-07-01,56.0,Paid
6770,443,2024-09-01,56.0,Paid
6771,443,2024-10-01,56.0,Paid
6772,443,2024-11-01,56.0,Failed
6773,443,2024-12-01,56.0,Paid
6774,443,2025-01-01,56.0,Paid
6775,443,2025-02-01,56.0,Paid
6776,443,2025-03-01,56.0,Paid
6777,443,2025-04-01,56.0,Failed
6778,443,2025-05-01,56.0,Paid
6779,443,2025-06-01,56.0,Paid
6780,443,2025-07-01,56.0,Paid
6781,443,2025-08-01,56.0,Paid
6782,443,2025-09-01,56.0,Paid
6783,443,2025-10-01,56.0,Paid
6784,443,2025-11-01,56.0,Paid
6785,443,2025-12-01,56.0,Paid
6786,443,2026-01-01,56.0,Paid
6787,443,2026-02-01,56.0,Paid
6788,443,2026-03-01,56.0,Paid
6789,443,2026-04-01,56.0,Paid
6790,443,2026-05-01,56.0,Paid
6791,443,2026-06-01,56.0,Paid
6792,443,2026-07-01,56.0,Paid
6793,444,2024-11-01,64.0,Paid
6794,444,2024-12-01,64.0,Paid
6795,444,2025-01-01,64.0,Paid
6796,444,2025-02-01,64.0,Paid
6797,444,2025-03-01,64.0,Paid
6798,444,2025-04-01,64.0,Paid
6799,444,2025-05-01,64.0,Paid
6800,444,2025-06-01,64.0,Paid
6801,444,2025-07-01,64.0,Paid
6802,444,2025-08-01,64.0,Paid
6803,444,2025-09-01,64.0,Paid
6804,444,2025-10-01,64.0,Paid
6805,444,2025-11-01,64.0,Paid
6806,444,2025-12-01,64.0,Paid
6807,444,2026-01-01,64.0,Failed
6808,444,2026-02-01,64.0,Paid
6809,444,2026-03-01,64.0,Paid
6810,444,2026-04-01,64.0,Paid
6811,444,2026-05-01,64.0,Paid
6812,444,2026-06-01,64.0,Paid
6813,444,2026-07-01,64.0,Paid
6814,445,2025-05-01,64.0,Paid
6815,445,2025-06-01,64.0,Paid
6816,445,2025-07-01,64.0,Paid
6817,445,2025-08-01,64.0,Paid
6818,445,2025-09-01,64.0,Failed
6819,445,2025-10-01,64.0,Paid
6820,445,2025-11-01,64.0,Paid
6821,445,2025-12-01,64.0,Failed
6822,445,2026-01-01,64.0,Paid
6823,445,2026-02-01,64.0,Paid
6824,445,2026-03-01,64.0,Paid
6825,445,2026-04-01,64.0,Paid
6826,445,2026-05-01,64.0,Paid
6827,445,2026-06-01,64.0,Paid
6828,445,2026-07-01,64.0,Paid
6829,446,2025-04-01,64.0,Paid
6830,446,2025-05-01,64.0,Paid
6831,446,2025-06-01,64.0,Paid
6832,446,2025-07-01,64.0,Paid
6833,446,2025-08-01,64.0,Paid
6834,446,2025-09-01,64.0,Paid
6835,446,2025-10-01,64.0,Paid
6836,446,2025-11-01,64.0,Paid
6837,446,2025-12-01,64.0,Paid
6838,446,2026-01-01,64.0,Paid
6839,446,2026-02-01,64.0,Failed
6840,446,2026-03-01,64.0,Paid
6841,446,2026-04-01,64.0,Paid
6842,446,2026-05-01,64.0,Paid
6843,446,2026-06-01,64.0,Paid
6844,446,2026-07-01,64.0,Paid
6845,447,2026-01-01,64.0,Paid
6846,447,2026-02-01,64.0,Paid
6847,447,2026-03-01,64.0,Paid
6848,447,2026-04-01,64.0,Paid
6849,447,2026-05-01,64.0,Paid
6850,447,2026-06-01,64.0,Paid
6851,447,2026-07-01,64.0,Paid
6852,448,2025-09-01,45.0,Paid
6853,448,2025-10-01,45.0,Paid
6854,448,2025-11-01,45.0,Paid
6855,448,2025-12-01,45.0,Paid
6856,448,2026-01-01,45.0,Paid
6857,448,2026-02-01,45.0,Paid
6858,448,2026-03-01,45.0,Paid
6859,449,2024-04-01,64.0,Paid
6860,449,2024-05-01,64.0,Paid
6861,449,2024-06-01,64.0,Paid
6862,449,2024-07-01,64.0,Paid
6863,449,2024-08-01,64.0,Paid
6864,449,2024-09-01,64.0,Paid
6865,449,2024-10-01,64.0,Failed
6866,449,2024-11-01,64.0,Paid
6867,449,2024-12-01,64.0,Paid
6868,449,2025-01-01,64.0,Paid
6869,449,2025-02-01,64.0,Paid
6870,449,2025-03-01,64.0,Paid
6871,449,2025-04-01,64.0,Paid
6872,449,2025-05-01,64.0,Paid
6873,449,2025-06-01,64.0,Paid
6874,449,2025-07-01,64.0,Failed
6875,449,2025-08-01,64.0,Paid
6876,449,2025-09-01,64.0,Paid
6877,449,2025-10-01,64.0,Paid
6878,449,2025-11-01,64.0,Paid
6879,449,2025-12-01,64.0,Paid
6880,449,2026-01-01,64.0,Paid
6881,449,2026-02-01,64.0,Paid
6882,449,2026-03-01,64.0,Paid
6883,449,2026-04-01,64.0,Paid
6884,449,2026-05-01,64.0,Paid
6885,449,2026-06-01,64.0,Failed
6886,449,2026-07-01,64.0,Paid
6887,450,2024-03-01,39.0,Paid
6888,450,2024-04-01,39.0,Paid
6889,450,2024-05-01,39.0,Paid
6890,450,2024-06-01,39.0,Failed
6891,450,2024-07-01,39.0,Paid
6892,450,2024-08-01,39.0,Paid
6893,450,2024-09-01,39.0,Paid
6894,450,2024-10-01,39.0,Paid
6895,450,2024-11-01,39.0,Paid
6896,450,2024-12-01,39.0,Paid
6897,450,2025-01-01,39.0,Paid
6898,450,2025-02-01,39.0,Paid
6899,450,2025-03-01,39.0,Paid
6900,450,2025-04-01,39.0,Paid
6901,450,2025-05-01,39.0,Paid
6902,450,2025-06-01,39.0,Paid
6903,450,2025-07-01,39.0,Paid
6904,450,2025-08-01,39.0,Paid
6905,450,2025-09-01,39.0,Paid
6906,450,2025-10-01,39.0,Paid
6907,450,2025-11-01,39.0,Paid
6908,450,2025-12-01,39.0,Paid
6909,450,2026-01-01,39.0,Paid
6910,450,2026-02-01,39.0,Paid
6911,450,2026-03-01,39.0,Paid
6912,450,2026-04-01,39.0,Paid
6913,450,2026-05-01,39.0,Paid
6914,450,2026-06-01,39.0,Paid
6915,450,2026-07-01,39.0,Paid
6916,451,2026-05-01,45.0,Failed
6917,451,2026-06-01,45.0,Paid
6918,451,2026-07-01,45.0,Paid
6919,452,2024-04-01,45.0,Paid
6920,452,2024-05-01,45.0,Paid
6921,452,2024-06-01,45.0,Paid
6922,452,2024-07-01,45.0,Paid
6923,452,2024-08-01,45.0,Paid
6924,452,2024-09-01,45.0,Failed
6925,452,2024-10-01,45.0,Paid
6926,452,2024-11-01,45.0,Paid
6927,452,2024-12-01,45.0,Paid
6928,452,2025-01-01,45.0,Paid
6929,452,2025-02-01,45.0,Paid
6930,452,2025-03-01,45.0,Paid
6931,452,2025-04-01,45.0,Paid
6932,452,2025-05-01,45.0,Paid
6933,452,2025-06-01,45.0,Paid
6934,452,2025-07-01,45.0,Paid
6935,453,2024-08-01,56.0,Paid
6936,453,2024-09-01,56.0,Paid
6937,453,2024-10-01,56.0,Paid
6938,453,2024-11-01,56.0,Paid
6939,453,2024-12-01,56.0,Paid
6940,453,2025-01-01,56.0,Paid
6941,453,2025-02-01,56.0,Paid
6942,453,2025-03-01,56.0,Paid
6943,453,2025-04-01,56.0,Paid
6944,453,2025-05-01,56.0,Paid
6945,453,2025-06-01,56.0,Paid
6946,453,2025-07-01,56.0,Paid
6947,453,2025-08-01,56.0,Paid
6948,453,2025-09-01,56.0,Paid
6949,453,2025-10-01,56.0,Paid
6950,453,2025-11-01,56.0,Paid
6951,453,2025-12-01,56.0,Paid
6952,453,2026-01-01,56.0,Paid
6953,453,2026-02-01,56.0,Paid
6954,453,2026-03-01,56.0,Paid
6955,453,2026-04-01,56.0,Paid
6956,453,2026-05-01,56.0,Failed
6957,453,2026-06-01,56.0,Paid
6958,453,2026-07-01,56.0,Paid
6959,454,2024-07-01,64.0,Paid
6960,454,2024-08-01,64.0,Paid
6961,454,2024-09-01,64.0,Paid
6962,454,2024-10-01,64.0,Failed
6963,454,2024-11-01,64.0,Paid
6964,454,2024-12-01,64.0,Paid
6965,454,2025-01-01,64.0,Paid
6966,454,2025-02-01,64.0,Paid
6967,454,2025-03-01,64.0,Paid
6968,454,2025-04-01,64.0,Paid
6969,454,2025-05-01,64.0,Paid
6970,454,2025-06-01,64.0,Paid
6971,454,2025-07-01,64.0,Paid
6972,454,2025-08-01,64.0,Paid
6973,454,2025-09-01,64.0,Paid
6974,454,2025-10-01,64.0,Paid
6975,454,2025-11-01,64.0,Paid
6976,454,2025-12-01,64.0,Paid
6977,454,2026-01-01,64.0,Paid
6978,454,2026-02-01,64.0,Paid
6979,454,2026-03-01,64.0,Paid
6980,454,2026-04-01,64.0,Paid
6981,454,2026-05-01,64.0,Paid
6982,454,2026-06-01,64.0,Paid
6983,454,2026-07-01,64.0,Paid
6984,455,2024-08-01,39.0,Paid
6985,455,2024-09-01,39.0,Paid
6986,455,2024-10-01,39.0,Paid
6987,455,2024-11-01,39.0,Paid
6988,455,2024-12-01,39.0,Paid
6989,455,2025-01-01,39.0,Paid
6990,455,2025-02-01,39.0,Paid
6991,455,2025-03-01,39.0,Paid
6992,455,2025-04-01,39.0,Paid
6993,455,2025-05-01,39.0,Paid
6994,455,2025-06-01,39.0,Paid
6995,455,2025-07-01,39.0,Failed
6996,455,2025-08-01,39.0,Paid
6997,455,2025-09-01,39.0,Paid
6998,455,2025-10-01,39.0,Paid
6999,455,2025-11-01,39.0,Paid
7000,455,2025-12-01,39.0,Paid
7001,455,2026-01-01,39.0,Paid
7002,455,2026-02-01,39.0,Failed
7003,455,2026-03-01,39.0,Paid
7004,455,2026-04-01,39.0,Paid
7005,455,2026-05-01,39.0,Paid
7006,455,2026-06-01,39.0,Paid
7007,455,2026-07-01,39.0,Paid
7008,456,2024-10-01,64.0,Paid
7009,456,2024-11-01,64.0,Paid
7010,456,2024-12-01,64.0,Paid
7011,456,2025-01-01,64.0,Paid
7012,456,2025-02-01,64.0,Paid
7013,456,2025-03-01,64.0,Paid
7014,456,2025-04-01,64.0,Paid
7015,456,2025-05-01,64.0,Paid
7016,456,2025-06-01,64.0,Paid
7017,456,2025-07-01,64.0,Paid
7018,456,2025-08-01,64.0,Paid
7019,456,2025-09-01,64.0,Paid
7020,456,2025-10-01,64.0,Paid
7021,456,2025-11-01,64.0,Paid
7022,456,2025-12-01,64.0,Paid
7023,456,2026-01-01,64.0,Paid
7024,456,2026-02-01,64.0,Paid
7025,456,2026-03-01,64.0,Paid
7026,456,2026-04-01,64.0,Paid
7027,456,2026-05-01,64.0,Paid
7028,456,2026-06-01,64.0,Paid
7029,456,2026-07-01,64.0,Paid
7030,457,2026-02-01,39.0,Paid
7031,457,2026-03-01,39.0,Paid
7032,457,2026-04-01,39.0,Paid
7033,457,2026-05-01,39.0,Paid
7034,457,2026-06-01,39.0,Paid
7035,457,2026-07-01,39.0,Paid
7036,458,2024-07-01,45.0,Paid
7037,458,2024-08-01,45.0,Paid
7038,458,2024-09-01,45.0,Paid
7039,458,2024-10-01,45.0,Failed
7040,458,2024-11-01,45.0,Paid
7041,458,2024-12-01,45.0,Paid
7042,458,2025-01-01,45.0,Paid
7043,458,2025-02-01,45.0,Paid
7044,458,2025-03-01,45.0,Paid
7045,458,2025-04-01,45.0,Paid
7046,458,2025-05-01,45.0,Failed
7047,458,2025-06-01,45.0,Paid
7048,458,2025-07-01,45.0,Paid
7049,458,2025-08-01,45.0,Paid
7050,458,2025-09-01,45.0,Paid
7051,458,2025-10-01,45.0,Paid
7052,458,2025-11-01,45.0,Paid
7053,458,2025-12-01,45.0,Paid
7054,458,2026-01-01,45.0,Paid
7055,458,2026-02-01,45.0,Paid
7056,458,2026-03-01,45.0,Paid
7057,458,2026-04-01,45.0,Paid
7058,458,2026-05-01,45.0,Paid
7059,458,2026-06-01,45.0,Paid
7060,458,2026-07-01,45.0,Paid
7061,459,2024-10-01,45.0,Paid
7062,459,2024-11-01,45.0,Paid
7063,459,2024-12-01,45.0,Paid
7064,459,2025-01-01,45.0,Paid
7065,459,2025-02-01,45.0,Paid
7066,459,2025-03-01,45.0,Paid
7067,459,2025-04-01,45.0,Paid
7068,459,2025-05-01,45.0,Paid
7069,459,2025-06-01,45.0,Paid
7070,459,2025-07-01,45.0,Paid
7071,459,2025-08-01,45.0,Paid
7072,459,2025-09-01,45.0,Paid
7073,459,2025-10-01,45.0,Paid
7074,459,2025-11-01,45.0,Paid
7075,459,2025-12-01,45.0,Paid
7076,459,2026-01-01,45.0,Paid
7077,459,2026-02-01,45.0,Paid
7078,459,2026-03-01,45.0,Paid
7079,459,2026-04-01,45.0,Paid
7080,459,2026-05-01,45.0,Paid
7081,459,2026-06-01,45.0,Paid
7082,459,2026-07-01,45.0,Paid
7083,460,2026-04-01,45.0,Paid
7084,460,2026-05-01,45.0,Paid
7085,460,2026-06-01,45.0,Paid
7086,460,2026-07-01,45.0,Paid
7087,461,2024-05-01,39.0,Paid
7088,461,2024-06-01,39.0,Paid
7089,461,2024-07-01,39.0,Paid
7090,461,2024-08-01,39.0,Paid
7091,461,2024-09-01,39.0,Paid
7092,461,2024-10-01,39.0,Paid
7093,461,2024-11-01,39.0,Paid
7094,461,2024-12-01,39.0,Paid
7095,461,2025-01-01,39.0,Paid
7096,461,2025-02-01,39.0,Paid
7097,461,2025-03-01,39.0,Failed
7098,461,2025-04-01,39.0,Paid
7099,462,2024-11-01,39.0,Paid
7100,462,2024-12-01,39.0,Paid
7101,462,2025-01-01,39.0,Paid
7102,462,2025-02-01,39.0,Paid
7103,462,2025-03-01,39.0,Paid
7104,462,2025-04-01,39.0,Paid
7105,462,2025-05-01,39.0,Paid
7106,462,2025-06-01,39.0,Paid
7107,462,2025-07-01,39.0,Paid
7108,462,2025-08-01,39.0,Paid
7109,462,2025-09-01,39.0,Paid
7110,462,2025-10-01,39.0,Paid
7111,462,2025-11-01,39.0,Failed
7112,463,2026-06-01,39.0,Paid
7113,463,2026-07-01,39.0,Paid
7114,464,2025-04-01,56.0,Paid
7115,464,2025-05-01,56.0,Paid
7116,464,2025-06-01,56.0,Paid
7117,464,2025-07-01,56.0,Paid
7118,464,2025-08-01,56.0,Paid
7119,464,2025-09-01,56.0,Paid
7120,464,2025-10-01,56.0,Paid
7121,464,2025-11-01,56.0,Paid
7122,464,2025-12-01,56.0,Paid
7123,464,2026-01-01,56.0,Paid
7124,464,2026-02-01,56.0,Paid
7125,464,2026-03-01,56.0,Paid
7126,464,2026-04-01,56.0,Paid
7127,464,2026-05-01,56.0,Failed
7128,464,2026-06-01,56.0,Paid
7129,464,2026-07-01,56.0,Paid
7130,465,2024-05-01,39.0,Paid
7131,465,2024-06-01,39.0,Paid
7132,465,2024-07-01,39.0,Paid
7133,465,2024-08-01,39.0,Paid
7134,465,2024-09-01,39.0,Paid
7135,465,2024-10-01,39.0,Paid
7136,465,2024-11-01,39.0,Paid
7137,465,2024-12-01,39.0,Paid
7138,465,2025-01-01,39.0,Paid
7139,465,2025-02-01,39.0,Paid
7140,465,2025-03-01,39.0,Failed
7141,465,2025-04-01,39.0,Paid
7142,465,2025-05-01,39.0,Paid
7143,465,2025-06-01,39.0,Paid
7144,465,2025-07-01,39.0,Paid
7145,465,2025-08-01,39.0,Paid
7146,465,2025-09-01,39.0,Paid
7147,465,2025-10-01,39.0,Paid
7148,466,2025-04-01,56.0,Paid
7149,466,2025-05-01,56.0,Paid
7150,466,2025-06-01,56.0,Paid
7151,466,2025-07-01,56.0,Paid
7152,466,2025-08-01,56.0,Paid
7153,466,2025-09-01,56.0,Paid
7154,466,2025-10-01,56.0,Paid
7155,466,2025-11-01,56.0,Paid
7156,466,2025-12-01,56.0,Paid
7157,466,2026-01-01,56.0,Paid
7158,466,2026-02-01,56.0,Paid
7159,466,2026-03-01,56.0,Paid
7160,466,2026-04-01,56.0,Paid
7161,466,2026-05-01,56.0,Paid
7162,466,2026-06-01,56.0,Paid
7163,466,2026-07-01,56.0,Paid
7164,467,2026-05-01,64.0,Paid
7165,467,2026-06-01,64.0,Paid
7166,467,2026-07-01,64.0,Paid
7167,468,2024-06-01,56.0,Paid
7168,468,2024-07-01,56.0,Paid
7169,468,2024-08-01,56.0,Paid
7170,468,2024-09-01,56.0,Paid
7171,468,2024-10-01,56.0,Paid
7172,468,2024-11-01,56.0,Failed
7173,468,2024-12-01,56.0,Paid
7174,468,2025-01-01,56.0,Paid
7175,468,2025-02-01,56.0,Paid
7176,468,2025-03-01,56.0,Paid
7177,468,2025-04-01,56.0,Paid
7178,468,2025-05-01,56.0,Paid
7179,468,2025-06-01,56.0,Paid
7180,468,2025-07-01,56.0,Paid
7181,468,2025-08-01,56.0,Paid
7182,468,2025-09-01,56.0,Paid
7183,468,2025-10-01,56.0,Paid
7184,468,2025-11-01,56.0,Paid
7185,468,2025-12-01,56.0,Paid
7186,468,2026-01-01,56.0,Paid
7187,468,2026-02-01,56.0,Paid
7188,468,2026-03-01,56.0,Paid
7189,468,2026-04-01,56.0,Paid
7190,468,2026-05-01,56.0,Paid
7191,468,2026-06-01,56.0,Paid
7192,468,2026-07-01,56.0,Paid
7193,469,2026-04-01,64.0,Paid
7194,469,2026-05-01,64.0,Paid
7195,469,2026-06-01,64.0,Paid
7196,469,2026-07-01,64.0,Paid
7197,470,2025-09-01,39.0,Paid
7198,470,2025-10-01,39.0,Paid
7199,470,2025-11-01,39.0,Paid
7200,470,2025-12-01,39.0,Paid
7201,470,2026-01-01,39.0,Paid
7202,470,2026-02-01,39.0,Paid
7203,470,2026-03-01,39.0,Paid
7204,470,2026-04-01,39.0,Paid
7205,470,2026-05-01,39.0,Paid
7206,470,2026-06-01,39.0,Paid
7207,470,2026-07-01,39.0,Paid
7208,471,2024-11-01,64.0,Paid
7209,471,2024-12-01,64.0,Paid
7210,471,2025-01-01,64.0,Paid
7211,471,2025-02-01,64.0,Failed
7212,471,2025-03-01,64.0,Paid
7213,471,2025-04-01,64.0,Failed
7214,471,2025-05-01,64.0,Paid
7215,471,2025-06-01,64.0,Failed
7216,471,2025-07-01,64.0,Paid
7217,471,2025-08-01,64.0,Failed
7218,471,2025-09-01,64.0,Paid
7219,471,2025-10-01,64.0,Paid
7220,471,2025-11-01,64.0,Paid
7221,471,2025-12-01,64.0,Paid
7222,471,2026-01-01,64.0,Paid
7223,471,2026-02-01,64.0,Paid
7224,471,2026-03-01,64.0,Paid
7225,471,2026-04-01,64.0,Paid
7226,471,2026-05-01,64.0,Failed
7227,471,2026-06-01,64.0,Paid
7228,471,2026-07-01,64.0,Paid
7229,472,2024-01-01,64.0,Paid
7230,472,2024-02-01,64.0,Paid
7231,472,2024-03-01,64.0,Paid
7232,472,2024-04-01,64.0,Paid
7233,472,2024-05-01,64.0,Paid
7234,472,2024-06-01,64.0,Paid
7235,472,2024-07-01,64.0,Paid
7236,472,2024-08-01,64.0,Paid
7237,472,2024-09-01,64.0,Paid
7238,472,2024-10-01,64.0,Paid
7239,472,2024-11-01,64.0,Paid
7240,472,2024-12-01,64.0,Paid
7241,472,2025-01-01,64.0,Paid
7242,472,2025-02-01,64.0,Paid
7243,472,2025-03-01,64.0,Failed
7244,472,2025-04-01,64.0,Paid
7245,472,2025-05-01,64.0,Paid
7246,472,2025-06-01,64.0,Paid
7247,472,2025-07-01,64.0,Paid
7248,472,2025-08-01,64.0,Paid
7249,472,2025-09-01,64.0,Paid
7250,472,2025-10-01,64.0,Paid
7251,472,2025-11-01,64.0,Paid
7252,472,2025-12-01,64.0,Paid
7253,472,2026-01-01,64.0,Paid
7254,472,2026-02-01,64.0,Paid
7255,472,2026-03-01,64.0,Paid
7256,472,2026-04-01,64.0,Paid
7257,472,2026-05-01,64.0,Paid
7258,472,2026-06-01,64.0,Paid
7259,473,2024-02-01,56.0,Paid
7260,473,2024-03-01,56.0,Paid
7261,473,2024-04-01,56.0,Paid
7262,473,2024-05-01,56.0,Paid
7263,473,2024-06-01,56.0,Paid
7264,473,2024-07-01,56.0,Paid
7265,473,2024-08-01,56.0,Paid
7266,473,2024-09-01,56.0,Paid
7267,473,2024-10-01,56.0,Paid
7268,473,2024-11-01,56.0,Paid
7269,473,2024-12-01,56.0,Paid
7270,473,2025-01-01,56.0,Paid
7271,473,2025-02-01,56.0,Paid
7272,473,2025-03-01,56.0,Paid
7273,473,2025-04-01,56.0,Paid
7274,473,2025-05-01,56.0,Paid
7275,473,2025-06-01,56.0,Paid
7276,473,2025-07-01,56.0,Paid
7277,473,2025-08-01,56.0,Paid
7278,473,2025-09-01,56.0,Paid
7279,473,2025-10-01,56.0,Paid
7280,473,2025-11-01,56.0,Paid
7281,473,2025-12-01,56.0,Paid
7282,473,2026-01-01,56.0,Paid
7283,473,2026-02-01,56.0,Paid
7284,473,2026-03-01,56.0,Paid
7285,473,2026-04-01,56.0,Paid
7286,473,2026-05-01,56.0,Paid
7287,473,2026-06-01,56.0,Paid
7288,473,2026-07-01,56.0,Paid
7289,474,2024-11-01,45.0,Paid
7290,474,2024-12-01,45.0,Paid
7291,474,2025-01-01,45.0,Paid
7292,474,2025-02-01,45.0,Paid
7293,474,2025-03-01,45.0,Paid
7294,474,2025-04-01,45.0,Paid
7295,474,2025-05-01,45.0,Paid
7296,474,2025-06-01,45.0,Paid
7297,474,2025-07-01,45.0,Paid
7298,474,2025-08-01,45.0,Paid
7299,474,2025-09-01,45.0,Failed
7300,474,2025-10-01,45.0,Paid
7301,474,2025-11-01,45.0,Paid
7302,474,2025-12-01,45.0,Paid
7303,474,2026-01-01,45.0,Paid
7304,474,2026-02-01,45.0,Paid
7305,474,2026-03-01,45.0,Paid
7306,474,2026-04-01,45.0,Paid
7307,474,2026-05-01,45.0,Paid
7308,474,2026-06-01,45.0,Paid
7309,474,2026-07-01,45.0,Paid
7310,475,2025-09-01,64.0,Paid
7311,475,2025-10-01,64.0,Paid
7312,475,2025-11-01,64.0,Paid
7313,475,2025-12-01,64.0,Paid
7314,475,2026-01-01,64.0,Paid
7315,475,2026-02-01,64.0,Failed
7316,475,2026-03-01,64.0,Paid
7317,475,2026-04-01,64.0,Paid
7318,475,2026-05-01,64.0,Paid
7319,475,2026-06-01,64.0,Failed
7320,475,2026-07-01,64.0,Paid
7321,476,2026-06-01,56.0,Paid
7322,476,2026-07-01,56.0,Paid
7323,477,2026-05-01,64.0,Paid
7324,477,2026-06-01,64.0,Paid
7325,477,2026-07-01,64.0,Failed
7326,478,2024-03-01,39.0,Paid
7327,478,2024-04-01,39.0,Paid
7328,478,2024-05-01,39.0,Paid
7329,478,2024-06-01,39.0,Paid
7330,478,2024-07-01,39.0,Paid
7331,478,2024-08-01,39.0,Paid
7332,478,2024-09-01,39.0,Paid
7333,478,2024-10-01,39.0,Paid
7334,478,2024-11-01,39.0,Paid
7335,478,2024-12-01,39.0,Paid
7336,478,2025-01-01,39.0,Paid
7337,478,2025-02-01,39.0,Failed
7338,479,2026-01-01,45.0,Paid
7339,479,2026-02-01,45.0,Paid
7340,479,2026-03-01,45.0,Paid
7341,479,2026-04-01,45.0,Paid
7342,479,2026-05-01,45.0,Paid
7343,479,2026-06-01,45.0,Paid
7344,479,2026-07-01,45.0,Paid
7345,480,2024-01-01,64.0,Failed
7346,480,2024-02-01,64.0,Failed
7347,480,2024-03-01,64.0,Paid
7348,480,2024-04-01,64.0,Paid
7349,480,2024-05-01,64.0,Paid
7350,480,2024-06-01,64.0,Failed
7351,480,2024-07-01,64.0,Paid
7352,480,2024-08-01,64.0,Paid
7353,480,2024-09-01,64.0,Paid
7354,480,2024-10-01,64.0,Paid
7355,480,2024-11-01,64.0,Paid
7356,480,2024-12-01,64.0,Paid
7357,480,2025-01-01,64.0,Paid
7358,480,2025-02-01,64.0,Paid
7359,480,2025-03-01,64.0,Paid
7360,480,2025-04-01,64.0,Paid
7361,480,2025-05-01,64.0,Paid
7362,480,2025-06-01,64.0,Paid
7363,480,2025-07-01,64.0,Paid
7364,480,2025-08-01,64.0,Paid
7365,480,2025-09-01,64.0,Paid
7366,480,2025-10-01,64.0,Failed
7367,480,2025-11-01,64.0,Paid
7368,480,2025-12-01,64.0,Paid
7369,480,2026-01-01,64.0,Failed
7370,480,2026-02-01,64.0,Paid
7371,480,2026-03-01,64.0,Paid
7372,480,2026-04-01,64.0,Paid
7373,480,2026-05-01,64.0,Paid
7374,480,2026-06-01,64.0,Paid
7375,480,2026-07-01,64.0,Paid
7376,481,2024-01-01,45.0,Paid
7377,481,2024-02-01,45.0,Paid
7378,481,2024-03-01,45.0,Paid
7379,481,2024-04-01,45.0,Paid
7380,481,2024-05-01,45.0,Paid
7381,481,2024-06-01,45.0,Paid
7382,481,2024-07-01,45.0,Paid
7383,481,2024-08-01,45.0,Paid
7384,481,2024-09-01,45.0,Paid
7385,481,2024-10-01,45.0,Paid
7386,481,2024-11-01,45.0,Paid
7387,481,2024-12-01,45.0,Paid
7388,481,2025-01-01,45.0,Paid
7389,481,2025-02-01,45.0,Paid
7390,481,2025-03-01,45.0,Paid
7391,481,2025-04-01,45.0,Paid
7392,481,2025-05-01,45.0,Paid
7393,481,2025-06-01,45.0,Paid
7394,481,2025-07-01,45.0,Paid
7395,481,2025-08-01,45.0,Paid
7396,481,2025-09-01,45.0,Paid
7397,481,2025-10-01,45.0,Paid
7398,481,2025-11-01,45.0,Paid
7399,481,2025-12-01,45.0,Paid
7400,481,2026-01-01,45.0,Failed
7401,481,2026-02-01,45.0,Paid
7402,481,2026-03-01,45.0,Failed
7403,481,2026-04-01,45.0,Paid
7404,481,2026-05-01,45.0,Paid
7405,481,2026-06-01,45.0,Paid
7406,481,2026-07-01,45.0,Paid
7407,482,2024-01-01,39.0,Paid
7408,482,2024-02-01,39.0,Paid
7409,482,2024-03-01,39.0,Paid
7410,482,2024-04-01,39.0,Paid
7411,482,2024-05-01,39.0,Paid
7412,482,2024-06-01,39.0,Paid
7413,482,2024-07-01,39.0,Paid
7414,482,2024-08-01,39.0,Paid
7415,482,2024-09-01,39.0,Paid
7416,482,2024-10-01,39.0,Paid
7417,482,2024-11-01,39.0,Paid
7418,482,2024-12-01,39.0,Paid
7419,482,2025-01-01,39.0,Paid
7420,482,2025-02-01,39.0,Paid
7421,482,2025-03-01,39.0,Paid
7422,482,2025-04-01,39.0,Paid
7423,482,2025-05-01,39.0,Paid
7424,482,2025-06-01,39.0,Paid
7425,482,2025-07-01,39.0,Paid
7426,482,2025-08-01,39.0,Paid
7427,482,2025-09-01,39.0,Paid
7428,482,2025-10-01,39.0,Paid
7429,482,2025-11-01,39.0,Paid
7430,482,2025-12-01,39.0,Paid
7431,482,2026-01-01,39.0,Paid
7432,482,2026-02-01,39.0,Paid
7433,482,2026-03-01,39.0,Paid
7434,482,2026-04-01,39.0,Paid
7435,482,2026-05-01,39.0,Paid
7436,482,2026-06-01,39.0,Paid
7437,482,2026-07-01,39.0,Paid
7438,483,2024-06-01,45.0,Paid
7439,483,2024-07-01,45.0,Paid
7440,483,2024-08-01,45.0,Paid
7441,483,2024-09-01,45.0,Paid
7442,483,2024-10-01,45.0,Paid
7443,483,2024-11-01,45.0,Paid
7444,483,2024-12-01,45.0,Paid
7445,483,2025-01-01,45.0,Paid
7446,483,2025-02-01,45.0,Paid
7447,483,2025-03-01,45.0,Paid
7448,483,2025-04-01,45.0,Paid
7449,483,2025-05-01,45.0,Paid
7450,483,2025-06-01,45.0,Paid
7451,483,2025-07-01,45.0,Paid
7452,483,2025-08-01,45.0,Paid
7453,483,2025-09-01,45.0,Paid
7454,483,2025-10-01,45.0,Paid
7455,483,2025-11-01,45.0,Paid
7456,483,2025-12-01,45.0,Paid
7457,483,2026-01-01,45.0,Paid
7458,483,2026-02-01,45.0,Paid
7459,483,2026-03-01,45.0,Paid
7460,483,2026-04-01,45.0,Paid
7461,483,2026-05-01,45.0,Paid
7462,483,2026-06-01,45.0,Paid
7463,483,2026-07-01,45.0,Paid
7464,484,2025-03-01,45.0,Paid
7465,484,2025-04-01,45.0,Paid
7466,484,2025-05-01,45.0,Paid
7467,484,2025-06-01,45.0,Paid
7468,484,2025-07-01,45.0,Paid
7469,484,2025-08-01,45.0,Paid
7470,484,2025-09-01,45.0,Paid
7471,484,2025-10-01,45.0,Paid
7472,484,2025-11-01,45.0,Failed
7473,484,2025-12-01,45.0,Paid
7474,484,2026-01-01,45.0,Paid
7475,484,2026-02-01,45.0,Paid
7476,484,2026-03-01,45.0,Paid
7477,485,2026-06-01,64.0,Paid
7478,485,2026-07-01,64.0,Paid
7479,486,2025-07-01,45.0,Paid
7480,486,2025-08-01,45.0,Paid
7481,486,2025-09-01,45.0,Paid
7482,486,2025-10-01,45.0,Paid
7483,486,2025-11-01,45.0,Paid
7484,486,2025-12-01,45.0,Paid
7485,486,2026-01-01,45.0,Paid
7486,486,2026-02-01,45.0,Paid
7487,486,2026-03-01,45.0,Paid
7488,486,2026-04-01,45.0,Paid
7489,486,2026-05-01,45.0,Paid
7490,486,2026-06-01,45.0,Failed
7491,486,2026-07-01,45.0,Paid
7492,487,2024-09-01,45.0,Paid
7493,487,2024-10-01,45.0,Paid
7494,487,2024-11-01,45.0,Paid
7495,487,2024-12-01,45.0,Paid
7496,487,2025-01-01,45.0,Paid
7497,487,2025-02-01,45.0,Paid
7498,487,2025-03-01,45.0,Paid
7499,487,2025-04-01,45.0,Paid
7500,487,2025-05-01,45.0,Paid
7501,487,2025-06-01,45.0,Paid
7502,487,2025-07-01,45.0,Paid
7503,487,2025-08-01,45.0,Paid
7504,487,2025-09-01,45.0,Paid
7505,487,2025-10-01,45.0,Paid
7506,487,2025-11-01,45.0,Paid
7507,487,2025-12-01,45.0,Paid
7508,487,2026-01-01,45.0,Paid
7509,487,2026-02-01,45.0,Paid
7510,487,2026-03-01,45.0,Paid
7511,487,2026-04-01,45.0,Paid
7512,487,2026-05-01,45.0,Paid
7513,487,2026-06-01,45.0,Paid
7514,487,2026-07-01,45.0,Paid
7515,488,2025-03-01,64.0,Paid
7516,488,2025-04-01,64.0,Paid
7517,488,2025-05-01,64.0,Paid
7518,488,2025-06-01,64.0,Paid
7519,488,2025-07-01,64.0,Paid
7520,488,2025-08-01,64.0,Paid
7521,488,2025-09-01,64.0,Paid
7522,488,2025-10-01,64.0,Failed
7523,488,2025-11-01,64.0,Paid
7524,488,2025-12-01,64.0,Paid
7525,488,2026-01-01,64.0,Paid
7526,488,2026-02-01,64.0,Paid
7527,488,2026-03-01,64.0,Paid
7528,488,2026-04-01,64.0,Paid
7529,488,2026-05-01,64.0,Paid
7530,488,2026-06-01,64.0,Paid
7531,488,2026-07-01,64.0,Paid
7532,489,2025-09-01,64.0,Paid
7533,489,2025-10-01,64.0,Paid
7534,489,2025-11-01,64.0,Paid
7535,489,2025-12-01,64.0,Paid
7536,489,2026-01-01,64.0,Paid
7537,489,2026-02-01,64.0,Failed
7538,489,2026-03-01,64.0,Paid
7539,489,2026-04-01,64.0,Paid
7540,489,2026-05-01,64.0,Paid
7541,489,2026-06-01,64.0,Paid
7542,489,2026-07-01,64.0,Paid
7543,490,2025-04-01,45.0,Paid
7544,490,2025-05-01,45.0,Paid
7545,490,2025-06-01,45.0,Paid
7546,490,2025-07-01,45.0,Paid
7547,490,2025-08-01,45.0,Failed
7548,490,2025-09-01,45.0,Paid
7549,490,2025-10-01,45.0,Paid
7550,490,2025-11-01,45.0,Paid
7551,490,2025-12-01,45.0,Paid
7552,490,2026-01-01,45.0,Paid
7553,490,2026-02-01,45.0,Paid
7554,490,2026-03-01,45.0,Paid
7555,490,2026-04-01,45.0,Paid
7556,490,2026-05-01,45.0,Paid
7557,490,2026-06-01,45.0,Paid
7558,490,2026-07-01,45.0,Paid
7559,491,2024-06-01,45.0,Paid
7560,491,2024-07-01,45.0,Paid
7561,491,2024-08-01,45.0,Failed
7562,491,2024-09-01,45.0,Paid
7563,491,2024-10-01,45.0,Paid
7564,491,2024-11-01,45.0,Paid
7565,491,2024-12-01,45.0,Paid
7566,491,2025-01-01,45.0,Paid
7567,491,2025-02-01,45.0,Paid
7568,491,2025-03-01,45.0,Paid
7569,491,2025-04-01,45.0,Paid
7570,491,2025-05-01,45.0,Paid
7571,491,2025-06-01,45.0,Paid
7572,491,2025-07-01,45.0,Paid
7573,491,2025-08-01,45.0,Paid
7574,491,2025-09-01,45.0,Paid
7575,491,2025-10-01,45.0,Paid
7576,491,2025-11-01,45.0,Paid
7577,491,2025-12-01,45.0,Paid
7578,491,2026-01-01,45.0,Paid
7579,491,2026-02-01,45.0,Paid
7580,491,2026-03-01,45.0,Paid
7581,491,2026-04-01,45.0,Paid
7582,491,2026-05-01,45.0,Paid
7583,491,2026-06-01,45.0,Paid
7584,491,2026-07-01,45.0,Paid
7585,492,2024-02-01,64.0,Paid
7586,492,2024-03-01,64.0,Paid
7587,492,2024-04-01,64.0,Paid
7588,492,2024-05-01,64.0,Paid
7589,492,2024-06-01,64.0,Paid
7590,492,2024-07-01,64.0,Paid
7591,492,2024-08-01,64.0,Paid
7592,492,2024-09-01,64.0,Paid
7593,492,2024-10-01,64.0,Paid
7594,492,2024-11-01,64.0,Paid
7595,492,2024-12-01,64.0,Paid
7596,492,2025-01-01,64.0,Failed
7597,492,2025-02-01,64.0,Paid
7598,492,2025-03-01,64.0,Paid
7599,492,2025-04-01,64.0,Paid
7600,492,2025-05-01,64.0,Paid
7601,492,2025-06-01,64.0,Failed
7602,492,2025-07-01,64.0,Paid
7603,492,2025-08-01,64.0,Failed
7604,492,2025-09-01,64.0,Paid
7605,492,2025-10-01,64.0,Failed
7606,492,2025-11-01,64.0,Paid
7607,492,2025-12-01,64.0,Paid
7608,492,2026-01-01,64.0,Paid
7609,492,2026-02-01,64.0,Paid
7610,492,2026-03-01,64.0,Paid
7611,492,2026-04-01,64.0,Paid
7612,492,2026-05-01,64.0,Paid
7613,492,2026-06-01,64.0,Paid
7614,492,2026-07-01,64.0,Paid
7615,493,2025-02-01,64.0,Paid
7616,493,2025-03-01,64.0,Paid
7617,493,2025-04-01,64.0,Paid
7618,493,2025-05-01,64.0,Paid
7619,493,2025-06-01,64.0,Paid
7620,493,2025-07-01,64.0,Paid
7621,493,2025-08-01,64.0,Paid
7622,493,2025-09-01,64.0,Paid
7623,493,2025-10-01,64.0,Paid
7624,493,2025-11-01,64.0,Paid
7625,493,2025-12-01,64.0,Paid
7626,493,2026-01-01,64.0,Paid
7627,493,2026-02-01,64.0,Paid
7628,493,2026-03-01,64.0,Paid
7629,493,2026-04-01,64.0,Paid
7630,493,2026-05-01,64.0,Paid
7631,494,2025-12-01,39.0,Paid
7632,494,2026-01-01,39.0,Paid
7633,494,2026-02-01,39.0,Paid
7634,494,2026-03-01,39.0,Paid
7635,495,2024-03-01,45.0,Paid
7636,495,2024-04-01,45.0,Paid
7637,495,2024-05-01,45.0,Paid
7638,495,2024-06-01,45.0,Paid
7639,495,2024-07-01,45.0,Paid
7640,495,2024-08-01,45.0,Failed
7641,495,2024-09-01,45.0,Paid
7642,495,2024-10-01,45.0,Paid
7643,495,2024-11-01,45.0,Paid
7644,495,2024-12-01,45.0,Paid
7645,495,2025-01-01,45.0,Paid
7646,495,2025-02-01,45.0,Paid
7647,495,2025-03-01,45.0,Paid
7648,495,2025-04-01,45.0,Paid
7649,495,2025-05-01,45.0,Paid
7650,495,2025-06-01,45.0,Paid
7651,495,2025-07-01,45.0,Paid
7652,495,2025-08-01,45.0,Paid
7653,495,2025-09-01,45.0,Paid
7654,495,2025-10-01,45.0,Failed
7655,495,2025-11-01,45.0,Paid
7656,495,2025-12-01,45.0,Paid
7657,495,2026-01-01,45.0,Failed
7658,495,2026-02-01,45.0,Paid
7659,495,2026-03-01,45.0,Paid
7660,495,2026-04-01,45.0,Paid
7661,495,2026-05-01,45.0,Paid
7662,495,2026-06-01,45.0,Paid
7663,495,2026-07-01,45.0,Paid
7664,496,2024-05-01,64.0,Paid
7665,496,2024-06-01,64.0,Paid
7666,496,2024-07-01,64.0,Paid
7667,496,2024-08-01,64.0,Paid
7668,496,2024-09-01,64.0,Paid
7669,496,2024-10-01,64.0,Paid
7670,496,2024-11-01,64.0,Paid
7671,496,2024-12-01,64.0,Failed
7672,496,2025-01-01,64.0,Paid
7673,496,2025-02-01,64.0,Failed
7674,496,2025-03-01,64.0,Paid
7675,496,2025-04-01,64.0,Paid
7676,496,2025-05-01,64.0,Paid
7677,496,2025-06-01,64.0,Paid
7678,496,2025-07-01,64.0,Paid
7679,496,2025-08-01,64.0,Paid
7680,496,2025-09-01,64.0,Paid
7681,496,2025-10-01,64.0,Paid
7682,496,2025-11-01,64.0,Failed
7683,496,2025-12-01,64.0,Paid
7684,496,2026-01-01,64.0,Paid
7685,496,2026-02-01,64.0,Paid
7686,496,2026-03-01,64.0,Paid
7687,496,2026-04-01,64.0,Paid
7688,496,2026-05-01,64.0,Paid
7689,496,2026-06-01,64.0,Paid
7690,496,2026-07-01,64.0,Paid
7691,497,2024-02-01,64.0,Paid
7692,497,2024-03-01,64.0,Paid
7693,497,2024-04-01,64.0,Paid
7694,497,2024-05-01,64.0,Paid
7695,497,2024-06-01,64.0,Paid
7696,497,2024-07-01,64.0,Paid
7697,497,2024-08-01,64.0,Paid
7698,497,2024-09-01,64.0,Paid
7699,497,2024-10-01,64.0,Paid
7700,497,2024-11-01,64.0,Paid
7701,497,2024-12-01,64.0,Paid
7702,497,2025-01-01,64.0,Paid
7703,497,2025-02-01,64.0,Paid
7704,497,2025-03-01,64.0,Paid
7705,497,2025-04-01,64.0,Paid
7706,497,2025-05-01,64.0,Paid
7707,497,2025-06-01,64.0,Paid
7708,497,2025-07-01,64.0,Paid
7709,497,2025-08-01,64.0,Paid
7710,497,2025-09-01,64.0,Paid
7711,497,2025-10-01,64.0,Paid
7712,497,2025-11-01,64.0,Paid
7713,497,2025-12-01,64.0,Paid
7714,497,2026-01-01,64.0,Paid
7715,497,2026-02-01,64.0,Paid
7716,497,2026-03-01,64.0,Paid
7717,497,2026-04-01,64.0,Paid
7718,497,2026-05-01,64.0,Paid
7719,497,2026-06-01,64.0,Paid
7720,497,2026-07-01,64.0,Paid
7721,498,2025-02-01,64.0,Paid
7722,498,2025-03-01,64.0,Paid
7723,498,2025-04-01,64.0,Paid
7724,498,2025-05-01,64.0,Paid
7725,498,2025-06-01,64.0,Paid
7726,498,2025-07-01,64.0,Paid
7727,498,2025-08-01,64.0,Paid
7728,498,2025-09-01,64.0,Paid
7729,498,2025-10-01,64.0,Paid
7730,498,2025-11-01,64.0,Paid
7731,498,2025-12-01,64.0,Paid
7732,498,2026-01-01,64.0,Failed
7733,498,2026-02-01,64.0,Paid
7734,498,2026-03-01,64.0,Paid
7735,498,2026-04-01,64.0,Paid
7736,498,2026-05-01,64.0,Paid
7737,498,2026-06-01,64.0,Paid
7738,498,2026-07-01,64.0,Paid
7739,499,2025-05-01,64.0,Paid
7740,499,2025-06-01,64.0,Paid
7741,499,2025-07-01,64.0,Paid
7742,499,2025-08-01,64.0,Paid
7743,499,2025-09-01,64.0,Paid
7744,499,2025-10-01,64.0,Paid
7745,499,2025-11-01,64.0,Paid
7746,499,2025-12-01,64.0,Paid
7747,499,2026-01-01,64.0,Paid
7748,499,2026-02-01,64.0,Paid
7749,499,2026-03-01,64.0,Failed
7750,499,2026-04-01,64.0,Paid
7751,499,2026-05-01,64.0,Paid
7752,499,2026-06-01,64.0,Paid
7753,499,2026-07-01,64.0,Paid
7754,500,2026-03-01,39.0,Paid
7755,500,2026-04-01,39.0,Failed
7756,500,2026-05-01,39.0,Paid
7757,500,2026-06-01,39.0,Paid
7758,500,2026-07-01,39.0,Paid
7759,501,2024-04-01,56.0,Paid
7760,501,2024-05-01,56.0,Paid
7761,501,2024-06-01,56.0,Paid
7762,501,2024-07-01,56.0,Paid
7763,501,2024-08-01,56.0,Paid
7764,501,2024-09-01,56.0,Paid
7765,501,2024-10-01,56.0,Paid
7766,501,2024-11-01,56.0,Paid
7767,501,2024-12-01,56.0,Paid
7768,501,2025-01-01,56.0,Paid
7769,501,2025-02-01,56.0,Paid
7770,501,2025-03-01,56.0,Paid
7771,501,2025-04-01,56.0,Paid
7772,501,2025-05-01,56.0,Paid
7773,501,2025-06-01,56.0,Paid
7774,501,2025-07-01,56.0,Failed
7775,501,2025-08-01,56.0,Paid
7776,501,2025-09-01,56.0,Paid
7777,501,2025-10-01,56.0,Paid
7778,501,2025-11-01,56.0,Paid
7779,501,2025-12-01,56.0,Paid
7780,501,2026-01-01,56.0,Paid
7781,501,2026-02-01,56.0,Paid
7782,501,2026-03-01,56.0,Paid
7783,501,2026-04-01,56.0,Paid
7784,501,2026-05-01,56.0,Paid
7785,501,2026-06-01,56.0,Paid
7786,501,2026-07-01,56.0,Paid
7787,502,2024-06-01,64.0,Failed
7788,502,2024-07-01,64.0,Paid
7789,502,2024-08-01,64.0,Paid
7790,502,2024-09-01,64.0,Paid
7791,502,2024-10-01,64.0,Paid
7792,502,2024-11-01,64.0,Paid
7793,502,2024-12-01,64.0,Paid
7794,502,2025-01-01,64.0,Paid
7795,502,2025-02-01,64.0,Paid
7796,502,2025-03-01,64.0,Paid
7797,502,2025-04-01,64.0,Paid
7798,502,2025-05-01,64.0,Paid
7799,502,2025-06-01,64.0,Paid
7800,502,2025-07-01,64.0,Paid
7801,502,2025-08-01,64.0,Failed
7802,502,2025-09-01,64.0,Failed
7803,502,2025-10-01,64.0,Failed
7804,502,2025-11-01,64.0,Paid
7805,502,2025-12-01,64.0,Paid
7806,502,2026-01-01,64.0,Paid
7807,502,2026-02-01,64.0,Paid
7808,502,2026-03-01,64.0,Paid
7809,502,2026-04-01,64.0,Paid
7810,502,2026-05-01,64.0,Failed
7811,502,2026-06-01,64.0,Failed
7812,502,2026-07-01,64.0,Paid
7813,503,2024-07-01,64.0,Paid
7814,503,2024-08-01,64.0,Paid
7815,503,2024-09-01,64.0,Paid
7816,503,2024-10-01,64.0,Paid
7817,503,2024-11-01,64.0,Paid
7818,503,2024-12-01,64.0,Paid
7819,503,2025-01-01,64.0,Paid
7820,503,2025-02-01,64.0,Paid
7821,503,2025-03-01,64.0,Paid
7822,503,2025-04-01,64.0,Paid
7823,503,2025-05-01,64.0,Paid
7824,503,2025-06-01,64.0,Paid
7825,503,2025-07-01,64.0,Paid
7826,503,2025-08-01,64.0,Failed
7827,503,2025-09-01,64.0,Paid
7828,503,2025-10-01,64.0,Paid
7829,503,2025-11-01,64.0,Paid
7830,503,2025-12-01,64.0,Paid
7831,503,2026-01-01,64.0,Paid
7832,503,2026-02-01,64.0,Paid
7833,503,2026-03-01,64.0,Paid
7834,503,2026-04-01,64.0,Paid
7835,503,2026-05-01,64.0,Paid
7836,503,2026-06-01,64.0,Paid
7837,503,2026-07-01,64.0,Paid
7838,504,2025-12-01,45.0,Paid
7839,504,2026-01-01,45.0,Paid
7840,504,2026-02-01,45.0,Paid
7841,504,2026-03-01,45.0,Paid
7842,504,2026-04-01,45.0,Failed
7843,504,2026-05-01,45.0,Paid
7844,504,2026-06-01,45.0,Paid
7845,504,2026-07-01,45.0,Paid
7846,505,2024-12-01,56.0,Paid
7847,505,2025-01-01,56.0,Paid
7848,505,2025-02-01,56.0,Paid
7849,505,2025-03-01,56.0,Paid
7850,505,2025-04-01,56.0,Paid
7851,505,2025-05-01,56.0,Failed
7852,505,2025-06-01,56.0,Paid
7853,505,2025-07-01,56.0,Paid
7854,505,2025-08-01,56.0,Paid
7855,505,2025-09-01,56.0,Paid
7856,505,2025-10-01,56.0,Paid
7857,505,2025-11-01,56.0,Paid
7858,505,2025-12-01,56.0,Paid
7859,505,2026-01-01,56.0,Paid
7860,505,2026-02-01,56.0,Paid
7861,505,2026-03-01,56.0,Paid
7862,505,2026-04-01,56.0,Paid
7863,505,2026-05-01,56.0,Paid
7864,505,2026-06-01,56.0,Paid
7865,505,2026-07-01,56.0,Paid
7866,506,2025-04-01,39.0,Paid
7867,506,2025-05-01,39.0,Paid
7868,506,2025-06-01,39.0,Paid
7869,506,2025-07-01,39.0,Paid
7870,506,2025-08-01,39.0,Paid
7871,506,2025-09-01,39.0,Paid
7872,506,2025-10-01,39.0,Paid
7873,506,2025-11-01,39.0,Paid
7874,506,2025-12-01,39.0,Paid
7875,506,2026-01-01,39.0,Paid
7876,506,2026-02-01,39.0,Paid
7877,506,2026-03-01,39.0,Failed
7878,506,2026-04-01,39.0,Paid
7879,506,2026-05-01,39.0,Paid
7880,506,2026-06-01,39.0,Paid
7881,506,2026-07-01,39.0,Failed
7882,507,2024-04-01,45.0,Paid
7883,507,2024-05-01,45.0,Paid
7884,507,2024-06-01,45.0,Paid
7885,507,2024-07-01,45.0,Paid
7886,507,2024-08-01,45.0,Paid
7887,507,2024-09-01,45.0,Paid
7888,507,2024-10-01,45.0,Paid
7889,507,2024-11-01,45.0,Paid
7890,507,2024-12-01,45.0,Paid
7891,507,2025-01-01,45.0,Paid
7892,507,2025-02-01,45.0,Paid
7893,507,2025-03-01,45.0,Paid
7894,507,2025-04-01,45.0,Paid
7895,507,2025-05-01,45.0,Paid
7896,507,2025-06-01,45.0,Paid
7897,507,2025-07-01,45.0,Paid
7898,507,2025-08-01,45.0,Paid
7899,507,2025-09-01,45.0,Paid
7900,507,2025-10-01,45.0,Paid
7901,507,2025-11-01,45.0,Paid
7902,507,2025-12-01,45.0,Paid
7903,507,2026-01-01,45.0,Paid
7904,507,2026-02-01,45.0,Paid
7905,507,2026-03-01,45.0,Paid
7906,507,2026-04-01,45.0,Paid
7907,507,2026-05-01,45.0,Paid
7908,507,2026-06-01,45.0,Paid
7909,507,2026-07-01,45.0,Paid
7910,508,2025-02-01,64.0,Paid
7911,508,2025-03-01,64.0,Paid
7912,508,2025-04-01,64.0,Paid
7913,508,2025-05-01,64.0,Paid
7914,508,2025-06-01,64.0,Paid
7915,508,2025-07-01,64.0,Paid
7916,508,2025-08-01,64.0,Paid
7917,508,2025-09-01,64.0,Failed
7918,508,2025-10-01,64.0,Failed
7919,508,2025-11-01,64.0,Paid
7920,508,2025-12-01,64.0,Paid
7921,508,2026-01-01,64.0,Paid
7922,508,2026-02-01,64.0,Paid
7923,508,2026-03-01,64.0,Paid
7924,508,2026-04-01,64.0,Paid
7925,509,2024-09-01,45.0,Paid
7926,509,2024-10-01,45.0,Failed
7927,509,2024-11-01,45.0,Paid
7928,509,2024-12-01,45.0,Paid
7929,509,2025-01-01,45.0,Paid
7930,509,2025-02-01,45.0,Paid
7931,509,2025-03-01,45.0,Paid
7932,509,2025-04-01,45.0,Paid
7933,509,2025-05-01,45.0,Paid
7934,509,2025-06-01,45.0,Paid
7935,509,2025-07-01,45.0,Paid
7936,509,2025-08-01,45.0,Paid
7937,509,2025-09-01,45.0,Paid
7938,509,2025-10-01,45.0,Paid
7939,509,2025-11-01,45.0,Paid
7940,509,2025-12-01,45.0,Paid
7941,509,2026-01-01,45.0,Paid
7942,509,2026-02-01,45.0,Paid
7943,509,2026-03-01,45.0,Paid
7944,509,2026-04-01,45.0,Failed
7945,509,2026-05-01,45.0,Paid
7946,509,2026-06-01,45.0,Paid
7947,509,2026-07-01,45.0,Paid
7948,510,2024-03-01,64.0,Paid
7949,510,2024-04-01,64.0,Paid
7950,510,2024-05-01,64.0,Failed
7951,510,2024-06-01,64.0,Paid
7952,510,2024-07-01,64.0,Paid
7953,510,2024-08-01,64.0,Paid
7954,510,2024-09-01,64.0,Paid
7955,510,2024-10-01,64.0,Paid
7956,510,2024-11-01,64.0,Paid
7957,511,2024-07-01,39.0,Paid
7958,511,2024-08-01,39.0,Paid
7959,511,2024-09-01,39.0,Paid
7960,511,2024-10-01,39.0,Paid
7961,511,2024-11-01,39.0,Paid
7962,511,2024-12-01,39.0,Paid
7963,511,2025-01-01,39.0,Paid
7964,511,2025-02-01,39.0,Paid
7965,511,2025-03-01,39.0,Paid
7966,511,2025-04-01,39.0,Paid
7967,511,2025-05-01,39.0,Paid
7968,511,2025-06-01,39.0,Paid
7969,511,2025-07-01,39.0,Paid
7970,511,2025-08-01,39.0,Paid
7971,511,2025-09-01,39.0,Paid
7972,511,2025-10-01,39.0,Paid
7973,511,2025-11-01,39.0,Paid
7974,511,2025-12-01,39.0,Paid
7975,511,2026-01-01,39.0,Paid
7976,511,2026-02-01,39.0,Paid
7977,511,2026-03-01,39.0,Paid
7978,511,2026-04-01,39.0,Paid
7979,511,2026-05-01,39.0,Paid
7980,511,2026-06-01,39.0,Paid
7981,511,2026-07-01,39.0,Paid
7982,512,2024-07-01,56.0,Paid
7983,512,2024-08-01,56.0,Paid
7984,512,2024-09-01,56.0,Paid
7985,512,2024-10-01,56.0,Paid
7986,512,2024-11-01,56.0,Paid
7987,512,2024-12-01,56.0,Paid
7988,512,2025-01-01,56.0,Paid
7989,512,2025-02-01,56.0,Paid
7990,512,2025-03-01,56.0,Paid
7991,512,2025-04-01,56.0,Paid
7992,512,2025-05-01,56.0,Paid
7993,512,2025-06-01,56.0,Paid
7994,512,2025-07-01,56.0,Paid
7995,512,2025-08-01,56.0,Paid
7996,512,2025-09-01,56.0,Paid
7997,512,2025-10-01,56.0,Paid
7998,512,2025-11-01,56.0,Paid
7999,512,2025-12-01,56.0,Paid
8000,512,2026-01-01,56.0,Paid
8001,512,2026-02-01,56.0,Paid
8002,512,2026-03-01,56.0,Paid
8003,512,2026-04-01,56.0,Paid
8004,512,2026-05-01,56.0,Paid
8005,512,2026-06-01,56.0,Paid
8006,512,2026-07-01,56.0,Paid
8007,513,2024-07-01,39.0,Paid
8008,513,2024-08-01,39.0,Paid
8009,513,2024-09-01,39.0,Paid
8010,513,2024-10-01,39.0,Paid
8011,513,2024-11-01,39.0,Paid
8012,513,2024-12-01,39.0,Paid
8013,513,2025-01-01,39.0,Failed
8014,513,2025-02-01,39.0,Paid
8015,513,2025-03-01,39.0,Paid
8016,513,2025-04-01,39.0,Paid
8017,513,2025-05-01,39.0,Paid
8018,513,2025-06-01,39.0,Paid
8019,513,2025-07-01,39.0,Paid
8020,513,2025-08-01,39.0,Paid
8021,513,2025-09-01,39.0,Paid
8022,513,2025-10-01,39.0,Paid
8023,514,2024-02-01,39.0,Paid
8024,514,2024-03-01,39.0,Paid
8025,514,2024-04-01,39.0,Paid
8026,514,2024-05-01,39.0,Paid
8027,514,2024-06-01,39.0,Paid
8028,514,2024-07-01,39.0,Paid
8029,514,2024-08-01,39.0,Paid
8030,514,2024-09-01,39.0,Paid
8031,514,2024-10-01,39.0,Paid
8032,514,2024-11-01,39.0,Paid
8033,514,2024-12-01,39.0,Paid
8034,514,2025-01-01,39.0,Paid
8035,514,2025-02-01,39.0,Paid
8036,514,2025-03-01,39.0,Paid
8037,514,2025-04-01,39.0,Paid
8038,514,2025-05-01,39.0,Paid
8039,514,2025-06-01,39.0,Paid
8040,514,2025-07-01,39.0,Paid
8041,514,2025-08-01,39.0,Paid
8042,514,2025-09-01,39.0,Paid
8043,514,2025-10-01,39.0,Paid
8044,514,2025-11-01,39.0,Paid
8045,514,2025-12-01,39.0,Paid
8046,514,2026-01-01,39.0,Paid
8047,514,2026-02-01,39.0,Failed
8048,514,2026-03-01,39.0,Paid
8049,514,2026-04-01,39.0,Paid
8050,514,2026-05-01,39.0,Paid
8051,514,2026-06-01,39.0,Paid
8052,514,2026-07-01,39.0,Paid
8053,515,2025-03-01,39.0,Paid
8054,515,2025-04-01,39.0,Paid
8055,515,2025-05-01,39.0,Paid
8056,515,2025-06-01,39.0,Paid
8057,515,2025-07-01,39.0,Paid
8058,515,2025-08-01,39.0,Paid
8059,515,2025-09-01,39.0,Paid
8060,515,2025-10-01,39.0,Paid
8061,515,2025-11-01,39.0,Paid
8062,515,2025-12-01,39.0,Paid
8063,515,2026-01-01,39.0,Paid
8064,515,2026-02-01,39.0,Paid
8065,515,2026-03-01,39.0,Paid
8066,515,2026-04-01,39.0,Paid
8067,515,2026-05-01,39.0,Paid
8068,515,2026-06-01,39.0,Paid
8069,515,2026-07-01,39.0,Paid
8070,516,2026-05-01,39.0,Paid
8071,516,2026-06-01,39.0,Paid
8072,516,2026-07-01,39.0,Paid
8073,517,2024-03-01,64.0,Paid
8074,517,2024-04-01,64.0,Paid
8075,517,2024-05-01,64.0,Paid
8076,517,2024-06-01,64.0,Paid
8077,517,2024-07-01,64.0,Paid
8078,517,2024-08-01,64.0,Paid
8079,517,2024-09-01,64.0,Paid
8080,517,2024-10-01,64.0,Paid
8081,517,2024-11-01,64.0,Failed
8082,517,2024-12-01,64.0,Paid
8083,517,2025-01-01,64.0,Paid
8084,517,2025-02-01,64.0,Paid
8085,517,2025-03-01,64.0,Paid
8086,517,2025-04-01,64.0,Paid
8087,517,2025-05-01,64.0,Paid
8088,517,2025-06-01,64.0,Paid
8089,517,2025-07-01,64.0,Paid
8090,517,2025-08-01,64.0,Paid
8091,517,2025-09-01,64.0,Paid
8092,517,2025-10-01,64.0,Paid
8093,517,2025-11-01,64.0,Paid
8094,517,2025-12-01,64.0,Paid
8095,517,2026-01-01,64.0,Paid
8096,517,2026-02-01,64.0,Paid
8097,517,2026-03-01,64.0,Paid
8098,517,2026-04-01,64.0,Paid
8099,517,2026-05-01,64.0,Paid
8100,517,2026-06-01,64.0,Paid
8101,517,2026-07-01,64.0,Paid
8102,518,2026-04-01,45.0,Paid
8103,518,2026-05-01,45.0,Paid
8104,518,2026-06-01,45.0,Paid
8105,518,2026-07-01,45.0,Paid
8106,519,2024-11-01,64.0,Paid
8107,519,2024-12-01,64.0,Paid
8108,519,2025-01-01,64.0,Paid
8109,519,2025-02-01,64.0,Paid
8110,519,2025-03-01,64.0,Paid
8111,519,2025-04-01,64.0,Paid
8112,519,2025-05-01,64.0,Paid
8113,519,2025-06-01,64.0,Paid
8114,519,2025-07-01,64.0,Paid
8115,519,2025-08-01,64.0,Paid
8116,519,2025-09-01,64.0,Paid
8117,519,2025-10-01,64.0,Paid
8118,519,2025-11-01,64.0,Paid
8119,519,2025-12-01,64.0,Paid
8120,519,2026-01-01,64.0,Paid
8121,519,2026-02-01,64.0,Paid
8122,519,2026-03-01,64.0,Paid
8123,519,2026-04-01,64.0,Paid
8124,519,2026-05-01,64.0,Failed
8125,519,2026-06-01,64.0,Paid
8126,519,2026-07-01,64.0,Paid
8127,520,2024-03-01,45.0,Failed
8128,520,2024-04-01,45.0,Paid
8129,520,2024-05-01,45.0,Paid
8130,520,2024-06-01,45.0,Paid
8131,520,2024-07-01,45.0,Paid
8132,520,2024-08-01,45.0,Paid
8133,520,2024-09-01,45.0,Paid
8134,520,2024-10-01,45.0,Paid
8135,520,2024-11-01,45.0,Paid
8136,520,2024-12-01,45.0,Paid
8137,520,2025-01-01,45.0,Paid
8138,520,2025-02-01,45.0,Paid
8139,520,2025-03-01,45.0,Paid
8140,520,2025-04-01,45.0,Paid
8141,520,2025-05-01,45.0,Paid
8142,520,2025-06-01,45.0,Paid
8143,520,2025-07-01,45.0,Paid
8144,521,2024-09-01,56.0,Paid
8145,521,2024-10-01,56.0,Paid
8146,521,2024-11-01,56.0,Paid
8147,521,2024-12-01,56.0,Paid
8148,521,2025-01-01,56.0,Paid
8149,521,2025-02-01,56.0,Paid
8150,521,2025-03-01,56.0,Paid
8151,521,2025-04-01,56.0,Paid
8152,521,2025-05-01,56.0,Paid
8153,521,2025-06-01,56.0,Paid
8154,521,2025-07-01,56.0,Paid
8155,521,2025-08-01,56.0,Paid
8156,521,2025-09-01,56.0,Paid
8157,521,2025-10-01,56.0,Paid
8158,521,2025-11-01,56.0,Paid
8159,521,2025-12-01,56.0,Paid
8160,521,2026-01-01,56.0,Paid
8161,521,2026-02-01,56.0,Paid
8162,521,2026-03-01,56.0,Paid
8163,521,2026-04-01,56.0,Paid
8164,521,2026-05-01,56.0,Paid
8165,521,2026-06-01,56.0,Paid
8166,521,2026-07-01,56.0,Paid
8167,522,2024-06-01,64.0,Paid
8168,522,2024-07-01,64.0,Paid
8169,522,2024-08-01,64.0,Paid
8170,522,2024-09-01,64.0,Paid
8171,522,2024-10-01,64.0,Paid
8172,522,2024-11-01,64.0,Paid
8173,522,2024-12-01,64.0,Paid
8174,522,2025-01-01,64.0,Paid
8175,522,2025-02-01,64.0,Paid
8176,522,2025-03-01,64.0,Paid
8177,522,2025-04-01,64.0,Paid
8178,522,2025-05-01,64.0,Paid
8179,522,2025-06-01,64.0,Paid
8180,522,2025-07-01,64.0,Paid
8181,522,2025-08-01,64.0,Paid
8182,522,2025-09-01,64.0,Paid
8183,522,2025-10-01,64.0,Failed
8184,522,2025-11-01,64.0,Failed
8185,522,2025-12-01,64.0,Paid
8186,522,2026-01-01,64.0,Paid
8187,522,2026-02-01,64.0,Paid
8188,522,2026-03-01,64.0,Paid
8189,522,2026-04-01,64.0,Paid
8190,522,2026-05-01,64.0,Paid
8191,522,2026-06-01,64.0,Paid
8192,522,2026-07-01,64.0,Paid
8193,523,2025-02-01,56.0,Paid
8194,523,2025-03-01,56.0,Paid
8195,523,2025-04-01,56.0,Paid
8196,523,2025-05-01,56.0,Paid
8197,523,2025-06-01,56.0,Paid
8198,523,2025-07-01,56.0,Paid
8199,523,2025-08-01,56.0,Paid
8200,523,2025-09-01,56.0,Paid
8201,523,2025-10-01,56.0,Paid
8202,523,2025-11-01,56.0,Paid
8203,523,2025-12-01,56.0,Paid
8204,524,2024-09-01,39.0,Paid
8205,524,2024-10-01,39.0,Paid
8206,524,2024-11-01,39.0,Paid
8207,524,2024-12-01,39.0,Paid
8208,524,2025-01-01,39.0,Paid
8209,524,2025-02-01,39.0,Paid
8210,524,2025-03-01,39.0,Paid
8211,524,2025-04-01,39.0,Paid
8212,524,2025-05-01,39.0,Paid
8213,524,2025-06-01,39.0,Paid
8214,524,2025-07-01,39.0,Paid
8215,524,2025-08-01,39.0,Paid
8216,524,2025-09-01,39.0,Paid
8217,524,2025-10-01,39.0,Paid
8218,525,2024-02-01,64.0,Paid
8219,525,2024-03-01,64.0,Paid
8220,525,2024-04-01,64.0,Paid
8221,525,2024-05-01,64.0,Paid
8222,525,2024-06-01,64.0,Paid
8223,525,2024-07-01,64.0,Paid
8224,525,2024-08-01,64.0,Paid
8225,525,2024-09-01,64.0,Paid
8226,525,2024-10-01,64.0,Paid
8227,525,2024-11-01,64.0,Paid
8228,525,2024-12-01,64.0,Paid
8229,525,2025-01-01,64.0,Paid
8230,525,2025-02-01,64.0,Paid
8231,525,2025-03-01,64.0,Paid
8232,525,2025-04-01,64.0,Paid
8233,525,2025-05-01,64.0,Paid
8234,525,2025-06-01,64.0,Paid
8235,525,2025-07-01,64.0,Paid
8236,525,2025-08-01,64.0,Paid
8237,525,2025-09-01,64.0,Failed
8238,525,2025-10-01,64.0,Paid
8239,525,2025-11-01,64.0,Paid
8240,525,2025-12-01,64.0,Paid
8241,525,2026-01-01,64.0,Paid
8242,525,2026-02-01,64.0,Paid
8243,525,2026-03-01,64.0,Paid
8244,525,2026-04-01,64.0,Failed
8245,525,2026-05-01,64.0,Paid
8246,525,2026-06-01,64.0,Paid
8247,525,2026-07-01,64.0,Paid
8248,526,2024-05-01,39.0,Failed
8249,526,2024-06-01,39.0,Paid
8250,526,2024-07-01,39.0,Paid
8251,526,2024-08-01,39.0,Paid
8252,526,2024-09-01,39.0,Paid
8253,526,2024-10-01,39.0,Paid
8254,526,2024-11-01,39.0,Paid
8255,526,2024-12-01,39.0,Paid
8256,526,2025-01-01,39.0,Paid
8257,526,2025-02-01,39.0,Paid
8258,526,2025-03-01,39.0,Paid
8259,526,2025-04-01,39.0,Paid
8260,526,2025-05-01,39.0,Paid
8261,526,2025-06-01,39.0,Paid
8262,526,2025-07-01,39.0,Paid
8263,526,2025-08-01,39.0,Paid
8264,526,2025-09-01,39.0,Paid
8265,526,2025-10-01,39.0,Paid
8266,526,2025-11-01,39.0,Paid
8267,526,2025-12-01,39.0,Paid
8268,526,2026-01-01,39.0,Paid
8269,526,2026-02-01,39.0,Paid
8270,526,2026-03-01,39.0,Paid
8271,527,2026-05-01,45.0,Paid
8272,527,2026-06-01,45.0,Paid
8273,527,2026-07-01,45.0,Paid
8274,528,2026-04-01,56.0,Paid
8275,528,2026-05-01,56.0,Paid
8276,528,2026-06-01,56.0,Paid
8277,528,2026-07-01,56.0,Failed
8278,529,2024-05-01,39.0,Paid
8279,529,2024-06-01,39.0,Paid
8280,529,2024-07-01,39.0,Paid
8281,529,2024-08-01,39.0,Paid
8282,529,2024-09-01,39.0,Failed
8283,529,2024-10-01,39.0,Paid
8284,529,2024-11-01,39.0,Paid
8285,529,2024-12-01,39.0,Paid
8286,529,2025-01-01,39.0,Paid
8287,529,2025-02-01,39.0,Paid
8288,529,2025-03-01,39.0,Paid
8289,529,2025-04-01,39.0,Paid
8290,529,2025-05-01,39.0,Paid
8291,529,2025-06-01,39.0,Paid
8292,530,2024-05-01,39.0,Paid
8293,530,2024-06-01,39.0,Paid
8294,530,2024-07-01,39.0,Paid
8295,530,2024-08-01,39.0,Paid
8296,530,2024-09-01,39.0,Paid
8297,530,2024-10-01,39.0,Failed
8298,530,2024-11-01,39.0,Paid
8299,530,2024-12-01,39.0,Paid
8300,530,2025-01-01,39.0,Paid
8301,530,2025-02-01,39.0,Paid
8302,530,2025-03-01,39.0,Paid
8303,530,2025-04-01,39.0,Paid
8304,530,2025-05-01,39.0,Paid
8305,530,2025-06-01,39.0,Paid
8306,530,2025-07-01,39.0,Paid
8307,530,2025-08-01,39.0,Paid
8308,530,2025-09-01,39.0,Paid
8309,530,2025-10-01,39.0,Paid
8310,530,2025-11-01,39.0,Paid
8311,530,2025-12-01,39.0,Paid
8312,530,2026-01-01,39.0,Paid
8313,530,2026-02-01,39.0,Paid
8314,530,2026-03-01,39.0,Paid
8315,530,2026-04-01,39.0,Paid
8316,530,2026-05-01,39.0,Failed
8317,530,2026-06-01,39.0,Paid
8318,530,2026-07-01,39.0,Paid
8319,531,2025-02-01,64.0,Paid
8320,531,2025-03-01,64.0,Paid
8321,531,2025-04-01,64.0,Paid
8322,531,2025-05-01,64.0,Paid
8323,531,2025-06-01,64.0,Paid
8324,532,2024-01-01,45.0,Paid
8325,532,2024-02-01,45.0,Paid
8326,532,2024-03-01,45.0,Paid
8327,532,2024-04-01,45.0,Paid
8328,532,2024-05-01,45.0,Paid
8329,532,2024-06-01,45.0,Paid
8330,532,2024-07-01,45.0,Paid
8331,532,2024-08-01,45.0,Paid
8332,532,2024-09-01,45.0,Paid
8333,532,2024-10-01,45.0,Paid
8334,532,2024-11-01,45.0,Paid
8335,532,2024-12-01,45.0,Paid
8336,532,2025-01-01,45.0,Paid
8337,532,2025-02-01,45.0,Paid
8338,532,2025-03-01,45.0,Paid
8339,532,2025-04-01,45.0,Paid
8340,532,2025-05-01,45.0,Paid
8341,532,2025-06-01,45.0,Paid
8342,532,2025-07-01,45.0,Paid
8343,532,2025-08-01,45.0,Failed
8344,532,2025-09-01,45.0,Paid
8345,532,2025-10-01,45.0,Paid
8346,532,2025-11-01,45.0,Paid
8347,532,2025-12-01,45.0,Paid
8348,532,2026-01-01,45.0,Paid
8349,532,2026-02-01,45.0,Paid
8350,532,2026-03-01,45.0,Paid
8351,532,2026-04-01,45.0,Paid
8352,532,2026-05-01,45.0,Paid
8353,532,2026-06-01,45.0,Paid
8354,532,2026-07-01,45.0,Paid
8355,533,2025-02-01,39.0,Paid
8356,533,2025-03-01,39.0,Paid
8357,533,2025-04-01,39.0,Paid
8358,534,2025-07-01,39.0,Paid
8359,534,2025-08-01,39.0,Paid
8360,534,2025-09-01,39.0,Paid
8361,534,2025-10-01,39.0,Paid
8362,534,2025-11-01,39.0,Paid
8363,534,2025-12-01,39.0,Paid
8364,534,2026-01-01,39.0,Paid
8365,534,2026-02-01,39.0,Paid
8366,534,2026-03-01,39.0,Paid
8367,534,2026-04-01,39.0,Paid
8368,534,2026-05-01,39.0,Paid
8369,534,2026-06-01,39.0,Paid
8370,534,2026-07-01,39.0,Paid
8371,535,2026-01-01,39.0,Paid
8372,535,2026-02-01,39.0,Paid
8373,535,2026-03-01,39.0,Paid
8374,535,2026-04-01,39.0,Paid
8375,535,2026-05-01,39.0,Paid
8376,535,2026-06-01,39.0,Paid
8377,535,2026-07-01,39.0,Paid
8378,536,2025-12-01,39.0,Paid
8379,536,2026-01-01,39.0,Paid
8380,536,2026-02-01,39.0,Paid
8381,536,2026-03-01,39.0,Paid
8382,536,2026-04-01,39.0,Paid
8383,536,2026-05-01,39.0,Paid
8384,537,2024-02-01,45.0,Paid
8385,537,2024-03-01,45.0,Paid
8386,537,2024-04-01,45.0,Paid
8387,537,2024-05-01,45.0,Paid
8388,537,2024-06-01,45.0,Paid
8389,537,2024-07-01,45.0,Paid
8390,537,2024-08-01,45.0,Paid
8391,537,2024-09-01,45.0,Paid
8392,537,2024-10-01,45.0,Paid
8393,537,2024-11-01,45.0,Paid
8394,537,2024-12-01,45.0,Paid
8395,537,2025-01-01,45.0,Paid
8396,537,2025-02-01,45.0,Paid
8397,537,2025-03-01,45.0,Paid
8398,537,2025-04-01,45.0,Paid
8399,537,2025-05-01,45.0,Paid
8400,537,2025-06-01,45.0,Failed
8401,537,2025-07-01,45.0,Paid
8402,537,2025-08-01,45.0,Paid
8403,537,2025-09-01,45.0,Paid
8404,537,2025-10-01,45.0,Paid
8405,537,2025-11-01,45.0,Paid
8406,537,2025-12-01,45.0,Paid
8407,537,2026-01-01,45.0,Paid
8408,537,2026-02-01,45.0,Paid
8409,537,2026-03-01,45.0,Paid
8410,537,2026-04-01,45.0,Paid
8411,537,2026-05-01,45.0,Paid
8412,537,2026-06-01,45.0,Paid
8413,537,2026-07-01,45.0,Paid
8414,538,2024-11-01,45.0,Paid
8415,538,2024-12-01,45.0,Paid
8416,538,2025-01-01,45.0,Paid
8417,538,2025-02-01,45.0,Paid
8418,538,2025-03-01,45.0,Paid
8419,538,2025-04-01,45.0,Paid
8420,538,2025-05-01,45.0,Paid
8421,538,2025-06-01,45.0,Paid
8422,538,2025-07-01,45.0,Paid
8423,538,2025-08-01,45.0,Paid
8424,538,2025-09-01,45.0,Paid
8425,538,2025-10-01,45.0,Paid
8426,538,2025-11-01,45.0,Paid
8427,538,2025-12-01,45.0,Paid
8428,538,2026-01-01,45.0,Paid
8429,538,2026-02-01,45.0,Paid
8430,538,2026-03-01,45.0,Paid
8431,538,2026-04-01,45.0,Paid
8432,538,2026-05-01,45.0,Paid
8433,538,2026-06-01,45.0,Paid
8434,538,2026-07-01,45.0,Paid
8435,539,2026-01-01,39.0,Paid
8436,539,2026-02-01,39.0,Paid
8437,539,2026-03-01,39.0,Paid
8438,539,2026-04-01,39.0,Paid
8439,539,2026-05-01,39.0,Paid
8440,539,2026-06-01,39.0,Paid
8441,539,2026-07-01,39.0,Paid
8442,540,2024-05-01,45.0,Paid
8443,540,2024-06-01,45.0,Paid
8444,540,2024-07-01,45.0,Paid
8445,540,2024-08-01,45.0,Paid
8446,540,2024-09-01,45.0,Paid
8447,540,2024-10-01,45.0,Paid
8448,540,2024-11-01,45.0,Paid
8449,540,2024-12-01,45.0,Paid
8450,540,2025-01-01,45.0,Paid
8451,540,2025-02-01,45.0,Paid
8452,540,2025-03-01,45.0,Paid
8453,540,2025-04-01,45.0,Paid
8454,540,2025-05-01,45.0,Paid
8455,540,2025-06-01,45.0,Paid
8456,540,2025-07-01,45.0,Paid
8457,540,2025-08-01,45.0,Paid
8458,540,2025-09-01,45.0,Paid
8459,540,2025-10-01,45.0,Paid
8460,540,2025-11-01,45.0,Paid
8461,540,2025-12-01,45.0,Paid
8462,540,2026-01-01,45.0,Paid
8463,540,2026-02-01,45.0,Paid
8464,540,2026-03-01,45.0,Paid
8465,540,2026-04-01,45.0,Paid
8466,540,2026-05-01,45.0,Paid
8467,540,2026-06-01,45.0,Paid
8468,540,2026-07-01,45.0,Paid
8469,541,2024-03-01,45.0,Paid
8470,541,2024-04-01,45.0,Paid
8471,541,2024-05-01,45.0,Paid
8472,541,2024-06-01,45.0,Paid
8473,541,2024-07-01,45.0,Paid
8474,541,2024-08-01,45.0,Paid
8475,541,2024-09-01,45.0,Paid
8476,541,2024-10-01,45.0,Paid
8477,541,2024-11-01,45.0,Paid
8478,541,2024-12-01,45.0,Paid
8479,541,2025-01-01,45.0,Paid
8480,541,2025-02-01,45.0,Paid
8481,541,2025-03-01,45.0,Paid
8482,541,2025-04-01,45.0,Paid
8483,541,2025-05-01,45.0,Paid
8484,541,2025-06-01,45.0,Failed
8485,541,2025-07-01,45.0,Paid
8486,541,2025-08-01,45.0,Paid
8487,541,2025-09-01,45.0,Paid
8488,541,2025-10-01,45.0,Failed
8489,541,2025-11-01,45.0,Paid
8490,541,2025-12-01,45.0,Paid
8491,541,2026-01-01,45.0,Paid
8492,541,2026-02-01,45.0,Paid
8493,541,2026-03-01,45.0,Paid
8494,541,2026-04-01,45.0,Paid
8495,541,2026-05-01,45.0,Paid
8496,541,2026-06-01,45.0,Paid
8497,541,2026-07-01,45.0,Paid
8498,542,2024-06-01,64.0,Paid
8499,542,2024-07-01,64.0,Failed
8500,542,2024-08-01,64.0,Paid
8501,542,2024-09-01,64.0,Paid
8502,542,2024-10-01,64.0,Failed
8503,542,2024-11-01,64.0,Paid
8504,542,2024-12-01,64.0,Paid
8505,542,2025-01-01,64.0,Paid
8506,542,2025-02-01,64.0,Paid
8507,542,2025-03-01,64.0,Paid
8508,542,2025-04-01,64.0,Paid
8509,542,2025-05-01,64.0,Paid
8510,542,2025-06-01,64.0,Failed
8511,542,2025-07-01,64.0,Paid
8512,542,2025-08-01,64.0,Paid
8513,542,2025-09-01,64.0,Paid
8514,542,2025-10-01,64.0,Paid
8515,542,2025-11-01,64.0,Paid
8516,542,2025-12-01,64.0,Paid
8517,543,2025-06-01,39.0,Paid
8518,543,2025-07-01,39.0,Paid
8519,543,2025-08-01,39.0,Paid
8520,543,2025-09-01,39.0,Paid
8521,543,2025-10-01,39.0,Paid
8522,543,2025-11-01,39.0,Paid
8523,543,2025-12-01,39.0,Paid
8524,543,2026-01-01,39.0,Paid
8525,543,2026-02-01,39.0,Paid
8526,543,2026-03-01,39.0,Paid
8527,543,2026-04-01,39.0,Paid
8528,543,2026-05-01,39.0,Paid
8529,543,2026-06-01,39.0,Paid
8530,543,2026-07-01,39.0,Paid
8531,544,2026-03-01,64.0,Paid
8532,544,2026-04-01,64.0,Paid
8533,544,2026-05-01,64.0,Paid
8534,544,2026-06-01,64.0,Paid
8535,544,2026-07-01,64.0,Paid
8536,545,2026-05-01,64.0,Paid
8537,545,2026-06-01,64.0,Paid
8538,545,2026-07-01,64.0,Failed
8539,546,2024-03-01,39.0,Paid
8540,546,2024-04-01,39.0,Paid
8541,546,2024-05-01,39.0,Paid
8542,546,2024-06-01,39.0,Paid
8543,546,2024-07-01,39.0,Paid
8544,546,2024-08-01,39.0,Paid
8545,546,2024-09-01,39.0,Paid
8546,546,2024-10-01,39.0,Paid
8547,546,2024-11-01,39.0,Paid
8548,546,2024-12-01,39.0,Paid
8549,546,2025-01-01,39.0,Paid
8550,546,2025-02-01,39.0,Paid
8551,546,2025-03-01,39.0,Paid
8552,546,2025-04-01,39.0,Paid
8553,546,2025-05-01,39.0,Paid
8554,546,2025-06-01,39.0,Paid
8555,546,2025-07-01,39.0,Paid
8556,546,2025-08-01,39.0,Paid
8557,546,2025-09-01,39.0,Paid
8558,546,2025-10-01,39.0,Paid
8559,546,2025-11-01,39.0,Paid
8560,546,2025-12-01,39.0,Paid
8561,546,2026-01-01,39.0,Paid
8562,546,2026-02-01,39.0,Paid
8563,546,2026-03-01,39.0,Paid
8564,546,2026-04-01,39.0,Paid
8565,546,2026-05-01,39.0,Paid
8566,546,2026-06-01,39.0,Paid
8567,546,2026-07-01,39.0,Paid
8568,547,2024-08-01,64.0,Paid
8569,547,2024-09-01,64.0,Paid
8570,547,2024-10-01,64.0,Paid
8571,547,2024-11-01,64.0,Paid
8572,547,2024-12-01,64.0,Paid
8573,547,2025-01-01,64.0,Paid
8574,547,2025-02-01,64.0,Paid
8575,547,2025-03-01,64.0,Paid
8576,547,2025-04-01,64.0,Paid
8577,547,2025-05-01,64.0,Paid
8578,547,2025-06-01,64.0,Paid
8579,547,2025-07-01,64.0,Paid
8580,547,2025-08-01,64.0,Paid
8581,547,2025-09-01,64.0,Paid
8582,547,2025-10-01,64.0,Paid
8583,547,2025-11-01,64.0,Paid
8584,547,2025-12-01,64.0,Paid
8585,547,2026-01-01,64.0,Paid
8586,547,2026-02-01,64.0,Paid
8587,547,2026-03-01,64.0,Paid
8588,547,2026-04-01,64.0,Paid
8589,547,2026-05-01,64.0,Paid
8590,547,2026-06-01,64.0,Paid
8591,547,2026-07-01,64.0,Paid
8592,548,2024-09-01,45.0,Paid
8593,548,2024-10-01,45.0,Paid
8594,548,2024-11-01,45.0,Paid
8595,548,2024-12-01,45.0,Paid
8596,548,2025-01-01,45.0,Paid
8597,548,2025-02-01,45.0,Paid
8598,548,2025-03-01,45.0,Paid
8599,548,2025-04-01,45.0,Paid
8600,548,2025-05-01,45.0,Paid
8601,548,2025-06-01,45.0,Paid
8602,548,2025-07-01,45.0,Paid
8603,548,2025-08-01,45.0,Paid
8604,548,2025-09-01,45.0,Paid
8605,548,2025-10-01,45.0,Failed
8606,548,2025-11-01,45.0,Paid
8607,548,2025-12-01,45.0,Paid
8608,548,2026-01-01,45.0,Paid
8609,548,2026-02-01,45.0,Paid
8610,548,2026-03-01,45.0,Paid
8611,548,2026-04-01,45.0,Paid
8612,548,2026-05-01,45.0,Paid
8613,548,2026-06-01,45.0,Failed
8614,548,2026-07-01,45.0,Paid
8615,549,2025-03-01,64.0,Paid
8616,549,2025-04-01,64.0,Paid
8617,549,2025-05-01,64.0,Paid
8618,549,2025-06-01,64.0,Paid
8619,549,2025-07-01,64.0,Paid
8620,549,2025-08-01,64.0,Paid
8621,549,2025-09-01,64.0,Paid
8622,549,2025-10-01,64.0,Paid
8623,549,2025-11-01,64.0,Paid
8624,549,2025-12-01,64.0,Paid
8625,549,2026-01-01,64.0,Paid
8626,549,2026-02-01,64.0,Failed
8627,549,2026-03-01,64.0,Paid
8628,549,2026-04-01,64.0,Paid
8629,549,2026-05-01,64.0,Paid
8630,549,2026-06-01,64.0,Paid
8631,549,2026-07-01,64.0,Paid
8632,550,2024-07-01,39.0,Paid
8633,550,2024-08-01,39.0,Paid
8634,550,2024-09-01,39.0,Paid
8635,550,2024-10-01,39.0,Paid
8636,550,2024-11-01,39.0,Paid
8637,550,2024-12-01,39.0,Paid
8638,550,2025-01-01,39.0,Paid
8639,550,2025-02-01,39.0,Paid
8640,550,2025-03-01,39.0,Paid
8641,550,2025-04-01,39.0,Paid
8642,550,2025-05-01,39.0,Paid
8643,550,2025-06-01,39.0,Paid
8644,550,2025-07-01,39.0,Paid
8645,550,2025-08-01,39.0,Paid
8646,550,2025-09-01,39.0,Paid
8647,550,2025-10-01,39.0,Paid
8648,550,2025-11-01,39.0,Paid
8649,550,2025-12-01,39.0,Paid
8650,550,2026-01-01,39.0,Paid
8651,550,2026-02-01,39.0,Paid
8652,550,2026-03-01,39.0,Paid
8653,550,2026-04-01,39.0,Paid
8654,550,2026-05-01,39.0,Paid
8655,550,2026-06-01,39.0,Paid
8656,550,2026-07-01,39.0,Paid
8657,551,2025-07-01,64.0,Paid
8658,551,2025-08-01,64.0,Paid
8659,551,2025-09-01,64.0,Paid
8660,551,2025-10-01,64.0,Failed
8661,551,2025-11-01,64.0,Paid
8662,551,2025-12-01,64.0,Paid
8663,551,2026-01-01,64.0,Paid
8664,551,2026-02-01,64.0,Paid
8665,551,2026-03-01,64.0,Paid
8666,551,2026-04-01,64.0,Paid
8667,551,2026-05-01,64.0,Paid
8668,551,2026-06-01,64.0,Paid
8669,551,2026-07-01,64.0,Paid
8670,552,2024-07-01,45.0,Paid
8671,552,2024-08-01,45.0,Paid
8672,552,2024-09-01,45.0,Paid
8673,552,2024-10-01,45.0,Paid
8674,552,2024-11-01,45.0,Paid
8675,552,2024-12-01,45.0,Paid
8676,552,2025-01-01,45.0,Paid
8677,552,2025-02-01,45.0,Paid
8678,552,2025-03-01,45.0,Paid
8679,552,2025-04-01,45.0,Paid
8680,552,2025-05-01,45.0,Paid
8681,552,2025-06-01,45.0,Failed
8682,552,2025-07-01,45.0,Paid
8683,552,2025-08-01,45.0,Paid
8684,552,2025-09-01,45.0,Paid
8685,552,2025-10-01,45.0,Paid
8686,552,2025-11-01,45.0,Paid
8687,552,2025-12-01,45.0,Paid
8688,552,2026-01-01,45.0,Paid
8689,552,2026-02-01,45.0,Paid
8690,552,2026-03-01,45.0,Paid
8691,552,2026-04-01,45.0,Paid
8692,552,2026-05-01,45.0,Paid
8693,552,2026-06-01,45.0,Paid
8694,552,2026-07-01,45.0,Paid
8695,553,2024-02-01,45.0,Paid
8696,553,2024-03-01,45.0,Paid
8697,553,2024-04-01,45.0,Paid
8698,553,2024-05-01,45.0,Paid
8699,553,2024-06-01,45.0,Paid
8700,553,2024-07-01,45.0,Paid
8701,553,2024-08-01,45.0,Paid
8702,553,2024-09-01,45.0,Paid
8703,553,2024-10-01,45.0,Paid
8704,553,2024-11-01,45.0,Paid
8705,553,2024-12-01,45.0,Paid
8706,553,2025-01-01,45.0,Paid
8707,553,2025-02-01,45.0,Paid
8708,553,2025-03-01,45.0,Paid
8709,553,2025-04-01,45.0,Paid
8710,553,2025-05-01,45.0,Paid
8711,553,2025-06-01,45.0,Paid
8712,553,2025-07-01,45.0,Paid
8713,553,2025-08-01,45.0,Paid
8714,553,2025-09-01,45.0,Paid
8715,553,2025-10-01,45.0,Paid
8716,553,2025-11-01,45.0,Paid
8717,553,2025-12-01,45.0,Paid
8718,553,2026-01-01,45.0,Paid
8719,553,2026-02-01,45.0,Paid
8720,553,2026-03-01,45.0,Paid
8721,553,2026-04-01,45.0,Paid
8722,553,2026-05-01,45.0,Paid
8723,553,2026-06-01,45.0,Paid
8724,553,2026-07-01,45.0,Paid
8725,554,2025-11-01,56.0,Paid
8726,554,2025-12-01,56.0,Paid
8727,554,2026-01-01,56.0,Paid
8728,554,2026-02-01,56.0,Paid
8729,554,2026-03-01,56.0,Paid
8730,554,2026-04-01,56.0,Paid
8731,554,2026-05-01,56.0,Paid
8732,554,2026-06-01,56.0,Paid
8733,554,2026-07-01,56.0,Paid
8734,555,2024-05-01,45.0,Paid
8735,555,2024-06-01,45.0,Paid
8736,555,2024-07-01,45.0,Failed
8737,555,2024-08-01,45.0,Paid
8738,555,2024-09-01,45.0,Paid
8739,555,2024-10-01,45.0,Paid
8740,555,2024-11-01,45.0,Paid
8741,555,2024-12-01,45.0,Paid
8742,555,2025-01-01,45.0,Paid
8743,555,2025-02-01,45.0,Paid
8744,555,2025-03-01,45.0,Paid
8745,555,2025-04-01,45.0,Paid
8746,555,2025-05-01,45.0,Paid
8747,555,2025-06-01,45.0,Paid
8748,555,2025-07-01,45.0,Paid
8749,555,2025-08-01,45.0,Paid
8750,555,2025-09-01,45.0,Paid
8751,555,2025-10-01,45.0,Paid
8752,555,2025-11-01,45.0,Paid
8753,555,2025-12-01,45.0,Paid
8754,555,2026-01-01,45.0,Paid
8755,555,2026-02-01,45.0,Paid
8756,555,2026-03-01,45.0,Failed
8757,555,2026-04-01,45.0,Paid
8758,555,2026-05-01,45.0,Paid
8759,555,2026-06-01,45.0,Paid
8760,555,2026-07-01,45.0,Paid
8761,556,2025-05-01,45.0,Paid
8762,556,2025-06-01,45.0,Paid
8763,556,2025-07-01,45.0,Paid
8764,556,2025-08-01,45.0,Paid
8765,556,2025-09-01,45.0,Paid
8766,556,2025-10-01,45.0,Paid
8767,556,2025-11-01,45.0,Paid
8768,556,2025-12-01,45.0,Paid
8769,556,2026-01-01,45.0,Paid
8770,556,2026-02-01,45.0,Paid
8771,556,2026-03-01,45.0,Failed
8772,556,2026-04-01,45.0,Paid
8773,556,2026-05-01,45.0,Paid
8774,556,2026-06-01,45.0,Paid
8775,556,2026-07-01,45.0,Paid
8776,557,2025-06-01,45.0,Paid
8777,557,2025-07-01,45.0,Paid
8778,557,2025-08-01,45.0,Paid
8779,557,2025-09-01,45.0,Paid
8780,557,2025-10-01,45.0,Paid
8781,557,2025-11-01,45.0,Paid
8782,557,2025-12-01,45.0,Paid
8783,557,2026-01-01,45.0,Paid
8784,557,2026-02-01,45.0,Paid
8785,557,2026-03-01,45.0,Failed
8786,557,2026-04-01,45.0,Paid
8787,557,2026-05-01,45.0,Paid
8788,557,2026-06-01,45.0,Paid
8789,557,2026-07-01,45.0,Paid
8790,558,2025-05-01,64.0,Paid
8791,558,2025-06-01,64.0,Paid
8792,558,2025-07-01,64.0,Failed
8793,558,2025-08-01,64.0,Paid
8794,558,2025-09-01,64.0,Paid
8795,558,2025-10-01,64.0,Failed
8796,558,2025-11-01,64.0,Paid
8797,558,2025-12-01,64.0,Paid
8798,558,2026-01-01,64.0,Paid
8799,558,2026-02-01,64.0,Paid
8800,558,2026-03-01,64.0,Paid
8801,558,2026-04-01,64.0,Paid
8802,558,2026-05-01,64.0,Paid
8803,558,2026-06-01,64.0,Failed
8804,558,2026-07-01,64.0,Failed
8805,559,2024-10-01,56.0,Paid
8806,559,2024-11-01,56.0,Paid
8807,559,2024-12-01,56.0,Paid
8808,559,2025-01-01,56.0,Paid
8809,559,2025-02-01,56.0,Paid
8810,560,2025-09-01,64.0,Paid
8811,560,2025-10-01,64.0,Paid
8812,560,2025-11-01,64.0,Paid
8813,560,2025-12-01,64.0,Paid
8814,560,2026-01-01,64.0,Paid
8815,560,2026-02-01,64.0,Paid
8816,560,2026-03-01,64.0,Paid
8817,560,2026-04-01,64.0,Paid
8818,560,2026-05-01,64.0,Failed
8819,560,2026-06-01,64.0,Paid
8820,560,2026-07-01,64.0,Paid
8821,561,2026-06-01,39.0,Paid
8822,561,2026-07-01,39.0,Paid
8823,562,2025-01-01,39.0,Paid
8824,562,2025-02-01,39.0,Paid
8825,562,2025-03-01,39.0,Paid
8826,562,2025-04-01,39.0,Paid
8827,562,2025-05-01,39.0,Paid
8828,562,2025-06-01,39.0,Paid
8829,562,2025-07-01,39.0,Paid
8830,562,2025-08-01,39.0,Paid
8831,562,2025-09-01,39.0,Paid
8832,562,2025-10-01,39.0,Paid
8833,562,2025-11-01,39.0,Paid
8834,562,2025-12-01,39.0,Paid
8835,562,2026-01-01,39.0,Paid
8836,562,2026-02-01,39.0,Paid
8837,562,2026-03-01,39.0,Paid
8838,562,2026-04-01,39.0,Paid
8839,562,2026-05-01,39.0,Paid
8840,562,2026-06-01,39.0,Paid
8841,562,2026-07-01,39.0,Paid
8842,563,2024-05-01,56.0,Paid
8843,563,2024-06-01,56.0,Paid
8844,563,2024-07-01,56.0,Paid
8845,563,2024-08-01,56.0,Paid
8846,563,2024-09-01,56.0,Paid
8847,563,2024-10-01,56.0,Failed
8848,563,2024-11-01,56.0,Paid
8849,563,2024-12-01,56.0,Paid
8850,563,2025-01-01,56.0,Paid
8851,563,2025-02-01,56.0,Paid
8852,563,2025-03-01,56.0,Paid
8853,563,2025-04-01,56.0,Paid
8854,563,2025-05-01,56.0,Paid
8855,563,2025-06-01,56.0,Paid
8856,563,2025-07-01,56.0,Paid
8857,563,2025-08-01,56.0,Paid
8858,563,2025-09-01,56.0,Paid
8859,563,2025-10-01,56.0,Paid
8860,563,2025-11-01,56.0,Paid
8861,563,2025-12-01,56.0,Paid
8862,563,2026-01-01,56.0,Paid
8863,563,2026-02-01,56.0,Paid
8864,563,2026-03-01,56.0,Paid
8865,563,2026-04-01,56.0,Paid
8866,563,2026-05-01,56.0,Paid
8867,563,2026-06-01,56.0,Paid
8868,563,2026-07-01,56.0,Paid
8869,564,2025-03-01,64.0,Paid
8870,564,2025-04-01,64.0,Paid
8871,564,2025-05-01,64.0,Paid
8872,564,2025-06-01,64.0,Paid
8873,564,2025-07-01,64.0,Paid
8874,564,2025-08-01,64.0,Paid
8875,564,2025-09-01,64.0,Failed
8876,565,2025-03-01,64.0,Paid
8877,565,2025-04-01,64.0,Paid
8878,565,2025-05-01,64.0,Failed
8879,565,2025-06-01,64.0,Paid
8880,565,2025-07-01,64.0,Paid
8881,565,2025-08-01,64.0,Paid
8882,565,2025-09-01,64.0,Paid
8883,565,2025-10-01,64.0,Failed
8884,565,2025-11-01,64.0,Paid
8885,565,2025-12-01,64.0,Paid
8886,565,2026-01-01,64.0,Paid
8887,565,2026-02-01,64.0,Paid
8888,565,2026-03-01,64.0,Paid
8889,565,2026-04-01,64.0,Paid
8890,565,2026-05-01,64.0,Paid
8891,565,2026-06-01,64.0,Paid
8892,565,2026-07-01,64.0,Paid
8893,566,2026-06-01,39.0,Paid
8894,566,2026-07-01,39.0,Paid
8895,567,2026-06-01,64.0,Paid
8896,567,2026-07-01,64.0,Paid
8897,568,2026-06-01,45.0,Paid
8898,568,2026-07-01,45.0,Paid
8899,569,2025-11-01,64.0,Paid
8900,569,2025-12-01,64.0,Paid
8901,569,2026-01-01,64.0,Paid
8902,569,2026-02-01,64.0,Paid
8903,569,2026-03-01,64.0,Paid
8904,569,2026-04-01,64.0,Paid
8905,569,2026-05-01,64.0,Paid
8906,569,2026-06-01,64.0,Paid
8907,569,2026-07-01,64.0,Paid
8908,570,2025-04-01,56.0,Paid
8909,570,2025-05-01,56.0,Paid
8910,570,2025-06-01,56.0,Paid
8911,570,2025-07-01,56.0,Paid
8912,570,2025-08-01,56.0,Paid
8913,570,2025-09-01,56.0,Paid
8914,570,2025-10-01,56.0,Paid
8915,570,2025-11-01,56.0,Paid
8916,570,2025-12-01,56.0,Paid
8917,570,2026-01-01,56.0,Paid
8918,570,2026-02-01,56.0,Paid
8919,570,2026-03-01,56.0,Paid
8920,570,2026-04-01,56.0,Paid
8921,570,2026-05-01,56.0,Paid
8922,570,2026-06-01,56.0,Paid
8923,570,2026-07-01,56.0,Paid
8924,571,2026-05-01,39.0,Paid
8925,571,2026-06-01,39.0,Paid
8926,571,2026-07-01,39.0,Paid
8927,572,2025-08-01,45.0,Paid
8928,572,2025-09-01,45.0,Paid
8929,572,2025-10-01,45.0,Paid
8930,572,2025-11-01,45.0,Paid
8931,572,2025-12-01,45.0,Paid
8932,572,2026-01-01,45.0,Paid
8933,572,2026-02-01,45.0,Paid
8934,572,2026-03-01,45.0,Paid
8935,572,2026-04-01,45.0,Paid
8936,572,2026-05-01,45.0,Paid
8937,572,2026-06-01,45.0,Paid
8938,572,2026-07-01,45.0,Paid
8939,573,2024-07-01,64.0,Paid
8940,573,2024-08-01,64.0,Paid
8941,573,2024-09-01,64.0,Paid
8942,573,2024-10-01,64.0,Paid
8943,573,2024-11-01,64.0,Failed
8944,573,2024-12-01,64.0,Paid
8945,573,2025-01-01,64.0,Failed
8946,573,2025-02-01,64.0,Failed
8947,573,2025-03-01,64.0,Paid
8948,573,2025-04-01,64.0,Paid
8949,573,2025-05-01,64.0,Paid
8950,573,2025-06-01,64.0,Paid
8951,573,2025-07-01,64.0,Paid
8952,573,2025-08-01,64.0,Paid
8953,573,2025-09-01,64.0,Paid
8954,573,2025-10-01,64.0,Paid
8955,573,2025-11-01,64.0,Paid
8956,573,2025-12-01,64.0,Paid
8957,573,2026-01-01,64.0,Paid
8958,573,2026-02-01,64.0,Paid
8959,573,2026-03-01,64.0,Paid
8960,574,2024-01-01,45.0,Paid
8961,574,2024-02-01,45.0,Paid
8962,574,2024-03-01,45.0,Paid
8963,574,2024-04-01,45.0,Failed
8964,574,2024-05-01,45.0,Failed
8965,574,2024-06-01,45.0,Paid
8966,574,2024-07-01,45.0,Failed
8967,574,2024-08-01,45.0,Paid
8968,574,2024-09-01,45.0,Failed
8969,574,2024-10-01,45.0,Paid
8970,574,2024-11-01,45.0,Paid
8971,574,2024-12-01,45.0,Paid
8972,574,2025-01-01,45.0,Paid
8973,574,2025-02-01,45.0,Paid
8974,574,2025-03-01,45.0,Paid
8975,574,2025-04-01,45.0,Paid
8976,574,2025-05-01,45.0,Paid
8977,574,2025-06-01,45.0,Paid
8978,574,2025-07-01,45.0,Paid
8979,574,2025-08-01,45.0,Paid
8980,574,2025-09-01,45.0,Paid
8981,574,2025-10-01,45.0,Paid
8982,574,2025-11-01,45.0,Paid
8983,574,2025-12-01,45.0,Paid
8984,574,2026-01-01,45.0,Paid
8985,574,2026-02-01,45.0,Failed
8986,574,2026-03-01,45.0,Paid
8987,574,2026-04-01,45.0,Paid
8988,574,2026-05-01,45.0,Paid
8989,574,2026-06-01,45.0,Paid
8990,574,2026-07-01,45.0,Paid
8991,575,2025-12-01,64.0,Paid
8992,575,2026-01-01,64.0,Failed
8993,575,2026-02-01,64.0,Paid
8994,575,2026-03-01,64.0,Failed
8995,575,2026-04-01,64.0,Paid
8996,575,2026-05-01,64.0,Paid
8997,575,2026-06-01,64.0,Paid
8998,575,2026-07-01,64.0,Paid
8999,576,2026-02-01,64.0,Paid
9000,576,2026-03-01,64.0,Paid
9001,576,2026-04-01,64.0,Paid
9002,576,2026-05-01,64.0,Paid
9003,576,2026-06-01,64.0,Paid
9004,576,2026-07-01,64.0,Paid
9005,577,2024-01-01,64.0,Paid
9006,577,2024-02-01,64.0,Paid
9007,577,2024-03-01,64.0,Paid
9008,577,2024-04-01,64.0,Paid
9009,577,2024-05-01,64.0,Paid
9010,577,2024-06-01,64.0,Paid
9011,577,2024-07-01,64.0,Paid
9012,577,2024-08-01,64.0,Paid
9013,577,2024-09-01,64.0,Paid
9014,577,2024-10-01,64.0,Paid
9015,577,2024-11-01,64.0,Paid
9016,577,2024-12-01,64.0,Paid
9017,577,2025-01-01,64.0,Paid
9018,577,2025-02-01,64.0,Paid
9019,577,2025-03-01,64.0,Paid
9020,577,2025-04-01,64.0,Paid
9021,577,2025-05-01,64.0,Paid
9022,577,2025-06-01,64.0,Paid
9023,577,2025-07-01,64.0,Paid
9024,577,2025-08-01,64.0,Paid
9025,577,2025-09-01,64.0,Paid
9026,577,2025-10-01,64.0,Paid
9027,577,2025-11-01,64.0,Paid
9028,577,2025-12-01,64.0,Paid
9029,577,2026-01-01,64.0,Paid
9030,577,2026-02-01,64.0,Paid
9031,577,2026-03-01,64.0,Paid
9032,577,2026-04-01,64.0,Paid
9033,577,2026-05-01,64.0,Paid
9034,577,2026-06-01,64.0,Paid
9035,577,2026-07-01,64.0,Paid
9036,578,2025-08-01,64.0,Paid
9037,578,2025-09-01,64.0,Paid
9038,578,2025-10-01,64.0,Paid
9039,578,2025-11-01,64.0,Paid
9040,578,2025-12-01,64.0,Paid
9041,578,2026-01-01,64.0,Failed
9042,578,2026-02-01,64.0,Failed
9043,578,2026-03-01,64.0,Paid
9044,578,2026-04-01,64.0,Paid
9045,578,2026-05-01,64.0,Paid
9046,578,2026-06-01,64.0,Paid
9047,578,2026-07-01,64.0,Paid
9048,579,2025-12-01,45.0,Paid
9049,579,2026-01-01,45.0,Paid
9050,579,2026-02-01,45.0,Paid
9051,579,2026-03-01,45.0,Paid
9052,579,2026-04-01,45.0,Paid
9053,579,2026-05-01,45.0,Paid
9054,579,2026-06-01,45.0,Paid
9055,579,2026-07-01,45.0,Paid
9056,580,2024-02-01,45.0,Paid
9057,580,2024-03-01,45.0,Paid
9058,580,2024-04-01,45.0,Paid
9059,580,2024-05-01,45.0,Paid
9060,580,2024-06-01,45.0,Paid
9061,580,2024-07-01,45.0,Paid
9062,580,2024-08-01,45.0,Paid
9063,580,2024-09-01,45.0,Paid
9064,580,2024-10-01,45.0,Paid
9065,580,2024-11-01,45.0,Paid
9066,580,2024-12-01,45.0,Paid
9067,580,2025-01-01,45.0,Paid
9068,580,2025-02-01,45.0,Paid
9069,580,2025-03-01,45.0,Paid
9070,580,2025-04-01,45.0,Paid
9071,580,2025-05-01,45.0,Paid
9072,580,2025-06-01,45.0,Paid
9073,580,2025-07-01,45.0,Paid
9074,580,2025-08-01,45.0,Paid
9075,580,2025-09-01,45.0,Paid
9076,580,2025-10-01,45.0,Paid
9077,580,2025-11-01,45.0,Paid
9078,580,2025-12-01,45.0,Paid
9079,580,2026-01-01,45.0,Paid
9080,580,2026-02-01,45.0,Paid
9081,580,2026-03-01,45.0,Paid
9082,580,2026-04-01,45.0,Paid
9083,580,2026-05-01,45.0,Failed
9084,580,2026-06-01,45.0,Paid
9085,580,2026-07-01,45.0,Paid
9086,581,2024-04-01,45.0,Paid
9087,581,2024-05-01,45.0,Paid
9088,581,2024-06-01,45.0,Paid
9089,581,2024-07-01,45.0,Paid
9090,581,2024-08-01,45.0,Paid
9091,581,2024-09-01,45.0,Paid
9092,581,2024-10-01,45.0,Paid
9093,581,2024-11-01,45.0,Paid
9094,581,2024-12-01,45.0,Paid
9095,581,2025-01-01,45.0,Paid
9096,581,2025-02-01,45.0,Paid
9097,581,2025-03-01,45.0,Paid
9098,581,2025-04-01,45.0,Paid
9099,581,2025-05-01,45.0,Paid
9100,581,2025-06-01,45.0,Paid
9101,581,2025-07-01,45.0,Paid
9102,581,2025-08-01,45.0,Paid
9103,581,2025-09-01,45.0,Paid
9104,581,2025-10-01,45.0,Paid
9105,581,2025-11-01,45.0,Failed
9106,581,2025-12-01,45.0,Paid
9107,581,2026-01-01,45.0,Paid
9108,581,2026-02-01,45.0,Paid
9109,581,2026-03-01,45.0,Paid
9110,581,2026-04-01,45.0,Paid
9111,581,2026-05-01,45.0,Paid
9112,581,2026-06-01,45.0,Paid
9113,581,2026-07-01,45.0,Paid
9114,582,2025-01-01,56.0,Paid
9115,582,2025-02-01,56.0,Paid
9116,582,2025-03-01,56.0,Paid
9117,582,2025-04-01,56.0,Paid
9118,582,2025-05-01,56.0,Paid
9119,582,2025-06-01,56.0,Paid
9120,582,2025-07-01,56.0,Paid
9121,582,2025-08-01,56.0,Paid
9122,582,2025-09-01,56.0,Paid
9123,582,2025-10-01,56.0,Failed
9124,582,2025-11-01,56.0,Paid
9125,582,2025-12-01,56.0,Paid
9126,582,2026-01-01,56.0,Paid
9127,582,2026-02-01,56.0,Paid
9128,582,2026-03-01,56.0,Paid
9129,582,2026-04-01,56.0,Paid
9130,582,2026-05-01,56.0,Paid
9131,582,2026-06-01,56.0,Paid
9132,582,2026-07-01,56.0,Paid
9133,583,2024-09-01,64.0,Paid
9134,583,2024-10-01,64.0,Paid
9135,583,2024-11-01,64.0,Paid
9136,583,2024-12-01,64.0,Paid
9137,583,2025-01-01,64.0,Paid
9138,583,2025-02-01,64.0,Paid
9139,583,2025-03-01,64.0,Paid
9140,584,2025-12-01,39.0,Paid
9141,584,2026-01-01,39.0,Paid
9142,584,2026-02-01,39.0,Paid
9143,584,2026-03-01,39.0,Paid
9144,584,2026-04-01,39.0,Paid
9145,584,2026-05-01,39.0,Paid
9146,584,2026-06-01,39.0,Paid
9147,584,2026-07-01,39.0,Paid
9148,585,2026-02-01,45.0,Paid
9149,585,2026-03-01,45.0,Paid
9150,585,2026-04-01,45.0,Paid
9151,585,2026-05-01,45.0,Paid
9152,585,2026-06-01,45.0,Paid
9153,585,2026-07-01,45.0,Paid
9154,586,2026-05-01,56.0,Paid
9155,586,2026-06-01,56.0,Paid
9156,586,2026-07-01,56.0,Paid
9157,587,2024-06-01,56.0,Paid
9158,587,2024-07-01,56.0,Paid
9159,587,2024-08-01,56.0,Paid
9160,587,2024-09-01,56.0,Paid
9161,587,2024-10-01,56.0,Paid
9162,587,2024-11-01,56.0,Paid
9163,587,2024-12-01,56.0,Paid
9164,587,2025-01-01,56.0,Paid
9165,587,2025-02-01,56.0,Paid
9166,587,2025-03-01,56.0,Paid
9167,587,2025-04-01,56.0,Paid
9168,587,2025-05-01,56.0,Paid
9169,587,2025-06-01,56.0,Paid
9170,587,2025-07-01,56.0,Paid
9171,587,2025-08-01,56.0,Paid
9172,587,2025-09-01,56.0,Paid
9173,587,2025-10-01,56.0,Paid
9174,587,2025-11-01,56.0,Paid
9175,587,2025-12-01,56.0,Failed
9176,587,2026-01-01,56.0,Paid
9177,587,2026-02-01,56.0,Paid
9178,587,2026-03-01,56.0,Paid
9179,587,2026-04-01,56.0,Paid
9180,587,2026-05-01,56.0,Paid
9181,587,2026-06-01,56.0,Paid
9182,587,2026-07-01,56.0,Paid
9183,588,2026-05-01,56.0,Paid
9184,588,2026-06-01,56.0,Paid
9185,589,2025-05-01,45.0,Paid
9186,589,2025-06-01,45.0,Paid
9187,589,2025-07-01,45.0,Paid
9188,589,2025-08-01,45.0,Paid
9189,589,2025-09-01,45.0,Paid
9190,590,2025-05-01,56.0,Paid
9191,590,2025-06-01,56.0,Paid
9192,590,2025-07-01,56.0,Paid
9193,590,2025-08-01,56.0,Paid
9194,590,2025-09-01,56.0,Paid
9195,590,2025-10-01,56.0,Paid
9196,590,2025-11-01,56.0,Paid
9197,590,2025-12-01,56.0,Paid
9198,590,2026-01-01,56.0,Paid
9199,590,2026-02-01,56.0,Paid
9200,590,2026-03-01,56.0,Paid
9201,591,2025-06-01,56.0,Paid
9202,591,2025-07-01,56.0,Paid
9203,591,2025-08-01,56.0,Paid
9204,591,2025-09-01,56.0,Paid
9205,591,2025-10-01,56.0,Paid
9206,591,2025-11-01,56.0,Paid
9207,591,2025-12-01,56.0,Paid
9208,591,2026-01-01,56.0,Paid
9209,591,2026-02-01,56.0,Paid
9210,591,2026-03-01,56.0,Paid
9211,591,2026-04-01,56.0,Paid
9212,591,2026-05-01,56.0,Paid
9213,591,2026-06-01,56.0,Paid
9214,591,2026-07-01,56.0,Paid
9215,592,2024-06-01,39.0,Paid
9216,592,2024-07-01,39.0,Paid
9217,592,2024-08-01,39.0,Paid
9218,592,2024-09-01,39.0,Paid
9219,592,2024-10-01,39.0,Paid
9220,592,2024-11-01,39.0,Paid
9221,592,2024-12-01,39.0,Paid
9222,592,2025-01-01,39.0,Paid
9223,592,2025-02-01,39.0,Paid
9224,592,2025-03-01,39.0,Paid
9225,592,2025-04-01,39.0,Paid
9226,592,2025-05-01,39.0,Paid
9227,592,2025-06-01,39.0,Failed
9228,592,2025-07-01,39.0,Paid
9229,592,2025-08-01,39.0,Paid
9230,592,2025-09-01,39.0,Paid
9231,592,2025-10-01,39.0,Paid
9232,592,2025-11-01,39.0,Paid
9233,592,2025-12-01,39.0,Paid
9234,592,2026-01-01,39.0,Paid
9235,592,2026-02-01,39.0,Paid
9236,592,2026-03-01,39.0,Paid
9237,592,2026-04-01,39.0,Paid
9238,592,2026-05-01,39.0,Paid
9239,592,2026-06-01,39.0,Paid
9240,592,2026-07-01,39.0,Paid
9241,593,2024-07-01,64.0,Paid
9242,593,2024-08-01,64.0,Paid
9243,593,2024-09-01,64.0,Paid
9244,593,2024-10-01,64.0,Paid
9245,593,2024-11-01,64.0,Paid
9246,593,2024-12-01,64.0,Paid
9247,593,2025-01-01,64.0,Paid
9248,593,2025-02-01,64.0,Paid
9249,593,2025-03-01,64.0,Paid
9250,593,2025-04-01,64.0,Paid
9251,593,2025-05-01,64.0,Paid
9252,593,2025-06-01,64.0,Paid
9253,593,2025-07-01,64.0,Paid
9254,593,2025-08-01,64.0,Paid
9255,593,2025-09-01,64.0,Paid
9256,593,2025-10-01,64.0,Failed
9257,593,2025-11-01,64.0,Paid
9258,593,2025-12-01,64.0,Paid
9259,593,2026-01-01,64.0,Paid
9260,593,2026-02-01,64.0,Failed
9261,593,2026-03-01,64.0,Paid
9262,593,2026-04-01,64.0,Paid
9263,593,2026-05-01,64.0,Paid
9264,593,2026-06-01,64.0,Paid
9265,593,2026-07-01,64.0,Paid
9266,594,2025-09-01,45.0,Paid
9267,594,2025-10-01,45.0,Paid
9268,594,2025-11-01,45.0,Paid
9269,594,2025-12-01,45.0,Paid
9270,594,2026-01-01,45.0,Paid
9271,594,2026-02-01,45.0,Paid
9272,594,2026-03-01,45.0,Paid
9273,594,2026-04-01,45.0,Paid
9274,594,2026-05-01,45.0,Paid
9275,594,2026-06-01,45.0,Paid
9276,594,2026-07-01,45.0,Paid
9277,595,2025-08-01,64.0,Paid
9278,595,2025-09-01,64.0,Paid
9279,595,2025-10-01,64.0,Paid
9280,595,2025-11-01,64.0,Paid
9281,595,2025-12-01,64.0,Failed
9282,595,2026-01-01,64.0,Paid
9283,595,2026-02-01,64.0,Paid
9284,595,2026-03-01,64.0,Paid
9285,595,2026-04-01,64.0,Paid
9286,595,2026-05-01,64.0,Paid
9287,595,2026-06-01,64.0,Paid
9288,595,2026-07-01,64.0,Paid
9289,596,2024-08-01,64.0,Paid
9290,596,2024-09-01,64.0,Paid
9291,596,2024-10-01,64.0,Paid
9292,596,2024-11-01,64.0,Paid
9293,596,2024-12-01,64.0,Paid
9294,596,2025-01-01,64.0,Paid
9295,596,2025-02-01,64.0,Failed
9296,596,2025-03-01,64.0,Paid
9297,596,2025-04-01,64.0,Paid
9298,596,2025-05-01,64.0,Paid
9299,596,2025-06-01,64.0,Paid
9300,596,2025-07-01,64.0,Failed
9301,597,2026-01-01,64.0,Paid
9302,597,2026-02-01,64.0,Paid
9303,597,2026-03-01,64.0,Paid
9304,597,2026-04-01,64.0,Paid
9305,597,2026-05-01,64.0,Paid
9306,597,2026-06-01,64.0,Failed
9307,597,2026-07-01,64.0,Paid
9308,598,2024-08-01,45.0,Paid
9309,598,2024-09-01,45.0,Paid
9310,598,2024-10-01,45.0,Paid
9311,598,2024-11-01,45.0,Paid
9312,598,2024-12-01,45.0,Failed
9313,598,2025-01-01,45.0,Paid
9314,598,2025-02-01,45.0,Paid
9315,598,2025-03-01,45.0,Paid
9316,598,2025-04-01,45.0,Paid
9317,598,2025-05-01,45.0,Paid
9318,598,2025-06-01,45.0,Paid
9319,598,2025-07-01,45.0,Paid
9320,598,2025-08-01,45.0,Paid
9321,598,2025-09-01,45.0,Paid
9322,598,2025-10-01,45.0,Paid
9323,598,2025-11-01,45.0,Paid
9324,598,2025-12-01,45.0,Paid
9325,598,2026-01-01,45.0,Paid
9326,598,2026-02-01,45.0,Paid
9327,598,2026-03-01,45.0,Paid
9328,598,2026-04-01,45.0,Paid
9329,598,2026-05-01,45.0,Paid
9330,598,2026-06-01,45.0,Paid
9331,598,2026-07-01,45.0,Paid
9332,599,2025-03-01,64.0,Paid
9333,599,2025-04-01,64.0,Paid
9334,599,2025-05-01,64.0,Paid
9335,599,2025-06-01,64.0,Paid
9336,599,2025-07-01,64.0,Paid
9337,599,2025-08-01,64.0,Paid
9338,599,2025-09-01,64.0,Paid
9339,599,2025-10-01,64.0,Paid
9340,599,2025-11-01,64.0,Failed
9341,599,2025-12-01,64.0,Paid
9342,599,2026-01-01,64.0,Paid
9343,599,2026-02-01,64.0,Paid
9344,599,2026-03-01,64.0,Paid
9345,599,2026-04-01,64.0,Paid
9346,599,2026-05-01,64.0,Paid
9347,599,2026-06-01,64.0,Paid
9348,599,2026-07-01,64.0,Paid
9349,600,2025-10-01,39.0,Paid
9350,600,2025-11-01,39.0,Paid
9351,600,2025-12-01,39.0,Paid
9352,600,2026-01-01,39.0,Paid
9353,600,2026-02-01,39.0,Paid
9354,600,2026-03-01,39.0,Paid
9355,600,2026-04-01,39.0,Paid
9356,600,2026-05-01,39.0,Paid
9357,600,2026-06-01,39.0,Paid
9358,600,2026-07-01,39.0,Paid
9359,601,2025-06-01,45.0,Paid
9360,601,2025-07-01,45.0,Paid
9361,601,2025-08-01,45.0,Paid
9362,601,2025-09-01,45.0,Paid
9363,601,2025-10-01,45.0,Paid
9364,601,2025-11-01,45.0,Paid
9365,601,2025-12-01,45.0,Paid
9366,601,2026-01-01,45.0,Paid
9367,601,2026-02-01,45.0,Paid
9368,601,2026-03-01,45.0,Paid
9369,601,2026-04-01,45.0,Paid
9370,601,2026-05-01,45.0,Paid
9371,601,2026-06-01,45.0,Paid
9372,601,2026-07-01,45.0,Paid
9373,602,2025-03-01,56.0,Paid
9374,602,2025-04-01,56.0,Paid
9375,602,2025-05-01,56.0,Paid
9376,602,2025-06-01,56.0,Paid
9377,602,2025-07-01,56.0,Paid
9378,602,2025-08-01,56.0,Paid
9379,602,2025-09-01,56.0,Paid
9380,602,2025-10-01,56.0,Paid
9381,602,2025-11-01,56.0,Paid
9382,602,2025-12-01,56.0,Paid
9383,602,2026-01-01,56.0,Paid
9384,602,2026-02-01,56.0,Paid
9385,602,2026-03-01,56.0,Paid
9386,602,2026-04-01,56.0,Paid
9387,602,2026-05-01,56.0,Paid
9388,602,2026-06-01,56.0,Paid
9389,602,2026-07-01,56.0,Paid
9390,603,2025-03-01,64.0,Paid
9391,603,2025-04-01,64.0,Paid
9392,603,2025-05-01,64.0,Paid
9393,603,2025-06-01,64.0,Paid
9394,603,2025-07-01,64.0,Failed
9395,603,2025-08-01,64.0,Failed
9396,603,2025-09-01,64.0,Failed
9397,603,2025-10-01,64.0,Paid
9398,603,2025-11-01,64.0,Failed
9399,603,2025-12-01,64.0,Paid
9400,603,2026-01-01,64.0,Paid
9401,603,2026-02-01,64.0,Paid
9402,603,2026-03-01,64.0,Paid
9403,603,2026-04-01,64.0,Paid
9404,604,2024-02-01,39.0,Paid
9405,604,2024-03-01,39.0,Paid
9406,604,2024-04-01,39.0,Paid
9407,604,2024-05-01,39.0,Paid
9408,604,2024-06-01,39.0,Paid
9409,604,2024-07-01,39.0,Paid
9410,604,2024-08-01,39.0,Paid
9411,604,2024-09-01,39.0,Paid
9412,604,2024-10-01,39.0,Paid
9413,604,2024-11-01,39.0,Paid
9414,604,2024-12-01,39.0,Paid
9415,604,2025-01-01,39.0,Paid
9416,604,2025-02-01,39.0,Paid
9417,604,2025-03-01,39.0,Paid
9418,604,2025-04-01,39.0,Paid
9419,604,2025-05-01,39.0,Paid
9420,604,2025-06-01,39.0,Paid
9421,604,2025-07-01,39.0,Paid
9422,604,2025-08-01,39.0,Paid
9423,604,2025-09-01,39.0,Paid
9424,604,2025-10-01,39.0,Paid
9425,604,2025-11-01,39.0,Paid
9426,604,2025-12-01,39.0,Paid
9427,604,2026-01-01,39.0,Paid
9428,604,2026-02-01,39.0,Paid
9429,604,2026-03-01,39.0,Paid
9430,604,2026-04-01,39.0,Paid
9431,604,2026-05-01,39.0,Paid
9432,604,2026-06-01,39.0,Paid
9433,604,2026-07-01,39.0,Paid
9434,605,2025-02-01,56.0,Paid
9435,605,2025-03-01,56.0,Paid
9436,605,2025-04-01,56.0,Paid
9437,605,2025-05-01,56.0,Paid
9438,605,2025-06-01,56.0,Paid
9439,605,2025-07-01,56.0,Paid
9440,605,2025-08-01,56.0,Paid
9441,605,2025-09-01,56.0,Paid
9442,605,2025-10-01,56.0,Paid
9443,605,2025-11-01,56.0,Paid
9444,605,2025-12-01,56.0,Paid
9445,605,2026-01-01,56.0,Paid
9446,606,2024-08-01,64.0,Paid
9447,606,2024-09-01,64.0,Paid
9448,606,2024-10-01,64.0,Paid
9449,606,2024-11-01,64.0,Paid
9450,606,2024-12-01,64.0,Paid
9451,606,2025-01-01,64.0,Paid
9452,606,2025-02-01,64.0,Paid
9453,606,2025-03-01,64.0,Paid
9454,606,2025-04-01,64.0,Paid
9455,606,2025-05-01,64.0,Paid
9456,606,2025-06-01,64.0,Paid
9457,606,2025-07-01,64.0,Paid
9458,606,2025-08-01,64.0,Paid
9459,606,2025-09-01,64.0,Paid
9460,606,2025-10-01,64.0,Paid
9461,606,2025-11-01,64.0,Paid
9462,606,2025-12-01,64.0,Paid
9463,606,2026-01-01,64.0,Paid
9464,606,2026-02-01,64.0,Paid
9465,606,2026-03-01,64.0,Paid
9466,606,2026-04-01,64.0,Paid
9467,606,2026-05-01,64.0,Paid
9468,606,2026-06-01,64.0,Paid
9469,606,2026-07-01,64.0,Paid
9470,607,2024-11-01,45.0,Paid
9471,607,2024-12-01,45.0,Paid
9472,607,2025-01-01,45.0,Paid
9473,607,2025-02-01,45.0,Paid
9474,607,2025-03-01,45.0,Paid
9475,607,2025-04-01,45.0,Paid
9476,607,2025-05-01,45.0,Paid
9477,607,2025-06-01,45.0,Paid
9478,607,2025-07-01,45.0,Paid
9479,607,2025-08-01,45.0,Paid
9480,607,2025-09-01,45.0,Paid
9481,607,2025-10-01,45.0,Paid
9482,607,2025-11-01,45.0,Paid
9483,607,2025-12-01,45.0,Paid
9484,607,2026-01-01,45.0,Paid
9485,607,2026-02-01,45.0,Paid
9486,607,2026-03-01,45.0,Paid
9487,607,2026-04-01,45.0,Paid
9488,607,2026-05-01,45.0,Paid
9489,607,2026-06-01,45.0,Paid
9490,607,2026-07-01,45.0,Paid
9491,608,2025-09-01,64.0,Paid
9492,608,2025-10-01,64.0,Paid
9493,608,2025-11-01,64.0,Failed
9494,608,2025-12-01,64.0,Failed
9495,608,2026-01-01,64.0,Failed
9496,608,2026-02-01,64.0,Paid
9497,608,2026-03-01,64.0,Paid
9498,608,2026-04-01,64.0,Paid
9499,608,2026-05-01,64.0,Paid
9500,608,2026-06-01,64.0,Paid
9501,608,2026-07-01,64.0,Paid
9502,609,2025-01-01,39.0,Paid
9503,609,2025-02-01,39.0,Paid
9504,609,2025-03-01,39.0,Paid
9505,609,2025-04-01,39.0,Failed
9506,609,2025-05-01,39.0,Paid
9507,609,2025-06-01,39.0,Paid
9508,609,2025-07-01,39.0,Paid
9509,609,2025-08-01,39.0,Paid
9510,609,2025-09-01,39.0,Paid
9511,609,2025-10-01,39.0,Paid
9512,609,2025-11-01,39.0,Paid
9513,609,2025-12-01,39.0,Paid
9514,609,2026-01-01,39.0,Paid
9515,609,2026-02-01,39.0,Paid
9516,609,2026-03-01,39.0,Failed
9517,609,2026-04-01,39.0,Paid
9518,609,2026-05-01,39.0,Paid
9519,609,2026-06-01,39.0,Paid
9520,609,2026-07-01,39.0,Paid
9521,610,2024-02-01,39.0,Paid
9522,610,2024-03-01,39.0,Paid
9523,610,2024-04-01,39.0,Paid
9524,610,2024-05-01,39.0,Paid
9525,610,2024-06-01,39.0,Paid
9526,610,2024-07-01,39.0,Paid
9527,610,2024-08-01,39.0,Paid
9528,610,2024-09-01,39.0,Paid
9529,610,2024-10-01,39.0,Paid
9530,610,2024-11-01,39.0,Paid
9531,610,2024-12-01,39.0,Paid
9532,610,2025-01-01,39.0,Paid
9533,610,2025-02-01,39.0,Paid
9534,610,2025-03-01,39.0,Paid
9535,610,2025-04-01,39.0,Paid
9536,610,2025-05-01,39.0,Paid
9537,610,2025-06-01,39.0,Paid
9538,610,2025-07-01,39.0,Paid
9539,610,2025-08-01,39.0,Paid
9540,610,2025-09-01,39.0,Paid
9541,610,2025-10-01,39.0,Paid
9542,610,2025-11-01,39.0,Paid
9543,610,2025-12-01,39.0,Paid
9544,610,2026-01-01,39.0,Paid
9545,610,2026-02-01,39.0,Paid
9546,610,2026-03-01,39.0,Paid
9547,610,2026-04-01,39.0,Paid
9548,610,2026-05-01,39.0,Paid
9549,610,2026-06-01,39.0,Paid
9550,610,2026-07-01,39.0,Paid
9551,611,2024-09-01,39.0,Paid
9552,611,2024-10-01,39.0,Paid
9553,611,2024-11-01,39.0,Paid
9554,611,2024-12-01,39.0,Paid
9555,611,2025-01-01,39.0,Paid
9556,611,2025-02-01,39.0,Paid
9557,611,2025-03-01,39.0,Paid
9558,611,2025-04-01,39.0,Paid
9559,611,2025-05-01,39.0,Paid
9560,611,2025-06-01,39.0,Paid
9561,611,2025-07-01,39.0,Paid
9562,611,2025-08-01,39.0,Paid
9563,611,2025-09-01,39.0,Paid
9564,611,2025-10-01,39.0,Paid
9565,611,2025-11-01,39.0,Paid
9566,611,2025-12-01,39.0,Paid
9567,611,2026-01-01,39.0,Paid
9568,612,2025-04-01,39.0,Paid
9569,612,2025-05-01,39.0,Paid
9570,612,2025-06-01,39.0,Paid
9571,612,2025-07-01,39.0,Paid
9572,612,2025-08-01,39.0,Paid
9573,612,2025-09-01,39.0,Failed
9574,612,2025-10-01,39.0,Paid
9575,612,2025-11-01,39.0,Paid
9576,612,2025-12-01,39.0,Paid
9577,612,2026-01-01,39.0,Paid
9578,612,2026-02-01,39.0,Paid
9579,612,2026-03-01,39.0,Paid
9580,612,2026-04-01,39.0,Paid
9581,612,2026-05-01,39.0,Paid
9582,612,2026-06-01,39.0,Paid
9583,613,2024-08-01,64.0,Paid
9584,613,2024-09-01,64.0,Paid
9585,613,2024-10-01,64.0,Paid
9586,613,2024-11-01,64.0,Paid
9587,613,2024-12-01,64.0,Paid
9588,613,2025-01-01,64.0,Paid
9589,613,2025-02-01,64.0,Paid
9590,613,2025-03-01,64.0,Paid
9591,613,2025-04-01,64.0,Paid
9592,613,2025-05-01,64.0,Paid
9593,613,2025-06-01,64.0,Paid
9594,613,2025-07-01,64.0,Paid
9595,613,2025-08-01,64.0,Paid
9596,613,2025-09-01,64.0,Paid
9597,613,2025-10-01,64.0,Paid
9598,613,2025-11-01,64.0,Paid
9599,613,2025-12-01,64.0,Paid
9600,613,2026-01-01,64.0,Paid
9601,613,2026-02-01,64.0,Paid
9602,613,2026-03-01,64.0,Paid
9603,613,2026-04-01,64.0,Paid
9604,613,2026-05-01,64.0,Paid
9605,613,2026-06-01,64.0,Failed
9606,613,2026-07-01,64.0,Paid
9607,614,2025-07-01,64.0,Paid
9608,614,2025-08-01,64.0,Paid
9609,614,2025-09-01,64.0,Paid
9610,614,2025-10-01,64.0,Paid
9611,614,2025-11-01,64.0,Paid
9612,614,2025-12-01,64.0,Paid
9613,614,2026-01-01,64.0,Paid
9614,614,2026-02-01,64.0,Paid
9615,614,2026-03-01,64.0,Paid
9616,614,2026-04-01,64.0,Paid
9617,614,2026-05-01,64.0,Paid
9618,614,2026-06-01,64.0,Paid
9619,614,2026-07-01,64.0,Paid
9620,615,2025-02-01,56.0,Paid
9621,615,2025-03-01,56.0,Paid
9622,615,2025-04-01,56.0,Paid
9623,616,2025-06-01,64.0,Paid
9624,616,2025-07-01,64.0,Paid
9625,616,2025-08-01,64.0,Paid
9626,616,2025-09-01,64.0,Paid
9627,616,2025-10-01,64.0,Failed
9628,616,2025-11-01,64.0,Paid
9629,616,2025-12-01,64.0,Paid
9630,616,2026-01-01,64.0,Paid
9631,616,2026-02-01,64.0,Paid
9632,616,2026-03-01,64.0,Failed
9633,616,2026-04-01,64.0,Paid
9634,616,2026-05-01,64.0,Paid
9635,616,2026-06-01,64.0,Paid
9636,616,2026-07-01,64.0,Paid
9637,617,2024-01-01,56.0,Paid
9638,617,2024-02-01,56.0,Paid
9639,617,2024-03-01,56.0,Paid
9640,617,2024-04-01,56.0,Paid
9641,617,2024-05-01,56.0,Paid
9642,617,2024-06-01,56.0,Paid
9643,617,2024-07-01,56.0,Paid
9644,617,2024-08-01,56.0,Paid
9645,617,2024-09-01,56.0,Paid
9646,617,2024-10-01,56.0,Paid
9647,617,2024-11-01,56.0,Paid
9648,617,2024-12-01,56.0,Paid
9649,617,2025-01-01,56.0,Paid
9650,617,2025-02-01,56.0,Paid
9651,617,2025-03-01,56.0,Paid
9652,617,2025-04-01,56.0,Paid
9653,617,2025-05-01,56.0,Paid
9654,617,2025-06-01,56.0,Paid
9655,617,2025-07-01,56.0,Paid
9656,617,2025-08-01,56.0,Paid
9657,617,2025-09-01,56.0,Paid
9658,617,2025-10-01,56.0,Paid
9659,617,2025-11-01,56.0,Paid
9660,617,2025-12-01,56.0,Paid
9661,617,2026-01-01,56.0,Paid
9662,617,2026-02-01,56.0,Paid
9663,617,2026-03-01,56.0,Paid
9664,617,2026-04-01,56.0,Paid
9665,617,2026-05-01,56.0,Paid
9666,617,2026-06-01,56.0,Paid
9667,617,2026-07-01,56.0,Paid
9668,618,2025-02-01,45.0,Paid
9669,618,2025-03-01,45.0,Failed
9670,618,2025-04-01,45.0,Paid
9671,618,2025-05-01,45.0,Paid
9672,618,2025-06-01,45.0,Paid
9673,618,2025-07-01,45.0,Paid
9674,618,2025-08-01,45.0,Paid
9675,618,2025-09-01,45.0,Paid
9676,618,2025-10-01,45.0,Paid
9677,618,2025-11-01,45.0,Paid
9678,618,2025-12-01,45.0,Paid
9679,618,2026-01-01,45.0,Paid
9680,618,2026-02-01,45.0,Paid
9681,618,2026-03-01,45.0,Paid
9682,618,2026-04-01,45.0,Paid
9683,618,2026-05-01,45.0,Paid
9684,618,2026-06-01,45.0,Paid
9685,618,2026-07-01,45.0,Paid
9686,619,2024-04-01,64.0,Paid
9687,619,2024-05-01,64.0,Paid
9688,619,2024-06-01,64.0,Paid
9689,619,2024-07-01,64.0,Failed
9690,619,2024-08-01,64.0,Paid
9691,619,2024-09-01,64.0,Paid
9692,619,2024-10-01,64.0,Paid
9693,619,2024-11-01,64.0,Paid
9694,619,2024-12-01,64.0,Paid
9695,619,2025-01-01,64.0,Paid
9696,619,2025-02-01,64.0,Paid
9697,619,2025-03-01,64.0,Paid
9698,619,2025-04-01,64.0,Paid
9699,619,2025-05-01,64.0,Paid
9700,619,2025-06-01,64.0,Paid
9701,619,2025-07-01,64.0,Paid
9702,619,2025-08-01,64.0,Paid
9703,619,2025-09-01,64.0,Paid
9704,619,2025-10-01,64.0,Paid
9705,619,2025-11-01,64.0,Paid
9706,619,2025-12-01,64.0,Failed
9707,619,2026-01-01,64.0,Failed
9708,619,2026-02-01,64.0,Paid
9709,619,2026-03-01,64.0,Paid
9710,619,2026-04-01,64.0,Paid
9711,619,2026-05-01,64.0,Paid
9712,619,2026-06-01,64.0,Paid
9713,619,2026-07-01,64.0,Paid
9714,620,2024-03-01,64.0,Paid
9715,620,2024-04-01,64.0,Paid
9716,620,2024-05-01,64.0,Paid
9717,620,2024-06-01,64.0,Paid
9718,620,2024-07-01,64.0,Paid
9719,620,2024-08-01,64.0,Paid
9720,620,2024-09-01,64.0,Paid
9721,620,2024-10-01,64.0,Paid
9722,620,2024-11-01,64.0,Paid
9723,620,2024-12-01,64.0,Paid
9724,620,2025-01-01,64.0,Paid
9725,620,2025-02-01,64.0,Paid
9726,620,2025-03-01,64.0,Paid
9727,620,2025-04-01,64.0,Paid
9728,620,2025-05-01,64.0,Paid
9729,620,2025-06-01,64.0,Paid
9730,620,2025-07-01,64.0,Paid
9731,620,2025-08-01,64.0,Paid
9732,620,2025-09-01,64.0,Paid
9733,620,2025-10-01,64.0,Paid
9734,620,2025-11-01,64.0,Failed
9735,620,2025-12-01,64.0,Paid
9736,620,2026-01-01,64.0,Paid
9737,620,2026-02-01,64.0,Paid
9738,620,2026-03-01,64.0,Paid
9739,620,2026-04-01,64.0,Paid
9740,620,2026-05-01,64.0,Paid
9741,620,2026-06-01,64.0,Paid
9742,620,2026-07-01,64.0,Paid
9743,621,2026-01-01,39.0,Paid
9744,621,2026-02-01,39.0,Paid
9745,621,2026-03-01,39.0,Paid
9746,622,2024-07-01,56.0,Paid
9747,622,2024-08-01,56.0,Paid
9748,622,2024-09-01,56.0,Paid
9749,622,2024-10-01,56.0,Paid
9750,622,2024-11-01,56.0,Paid
9751,622,2024-12-01,56.0,Paid
9752,622,2025-01-01,56.0,Paid
9753,622,2025-02-01,56.0,Paid
9754,622,2025-03-01,56.0,Paid
9755,622,2025-04-01,56.0,Paid
9756,622,2025-05-01,56.0,Paid
9757,622,2025-06-01,56.0,Paid
9758,622,2025-07-01,56.0,Paid
9759,622,2025-08-01,56.0,Paid
9760,622,2025-09-01,56.0,Failed
9761,622,2025-10-01,56.0,Paid
9762,622,2025-11-01,56.0,Paid
9763,622,2025-12-01,56.0,Paid
9764,622,2026-01-01,56.0,Paid
9765,622,2026-02-01,56.0,Failed
9766,622,2026-03-01,56.0,Paid
9767,622,2026-04-01,56.0,Paid
9768,622,2026-05-01,56.0,Paid
9769,622,2026-06-01,56.0,Paid
9770,622,2026-07-01,56.0,Paid
9771,623,2025-04-01,56.0,Paid
9772,623,2025-05-01,56.0,Paid
9773,623,2025-06-01,56.0,Paid
9774,623,2025-07-01,56.0,Paid
9775,623,2025-08-01,56.0,Paid
9776,623,2025-09-01,56.0,Paid
9777,624,2026-03-01,45.0,Paid
9778,624,2026-04-01,45.0,Paid
9779,624,2026-05-01,45.0,Paid
9780,624,2026-06-01,45.0,Paid
9781,624,2026-07-01,45.0,Failed
9782,625,2025-11-01,45.0,Paid
9783,625,2025-12-01,45.0,Paid
9784,625,2026-01-01,45.0,Paid
9785,625,2026-02-01,45.0,Paid
9786,625,2026-03-01,45.0,Paid
9787,625,2026-04-01,45.0,Paid
9788,625,2026-05-01,45.0,Paid
9789,625,2026-06-01,45.0,Paid
9790,625,2026-07-01,45.0,Paid
9791,626,2024-11-01,56.0,Paid
9792,626,2024-12-01,56.0,Paid
9793,626,2025-01-01,56.0,Paid
9794,626,2025-02-01,56.0,Paid
9795,626,2025-03-01,56.0,Paid
9796,626,2025-04-01,56.0,Paid
9797,626,2025-05-01,56.0,Paid
9798,626,2025-06-01,56.0,Paid
9799,626,2025-07-01,56.0,Paid
9800,626,2025-08-01,56.0,Paid
9801,626,2025-09-01,56.0,Paid
9802,626,2025-10-01,56.0,Paid
9803,626,2025-11-01,56.0,Paid
9804,626,2025-12-01,56.0,Paid
9805,626,2026-01-01,56.0,Paid
9806,626,2026-02-01,56.0,Paid
9807,626,2026-03-01,56.0,Paid
9808,626,2026-04-01,56.0,Paid
9809,626,2026-05-01,56.0,Paid
9810,626,2026-06-01,56.0,Paid
9811,626,2026-07-01,56.0,Paid
9812,627,2025-04-01,64.0,Paid
9813,627,2025-05-01,64.0,Paid
9814,627,2025-06-01,64.0,Paid
9815,627,2025-07-01,64.0,Paid
9816,627,2025-08-01,64.0,Paid
9817,627,2025-09-01,64.0,Paid
9818,627,2025-10-01,64.0,Paid
9819,627,2025-11-01,64.0,Paid
9820,627,2025-12-01,64.0,Paid
9821,627,2026-01-01,64.0,Paid
9822,627,2026-02-01,64.0,Paid
9823,627,2026-03-01,64.0,Paid
9824,627,2026-04-01,64.0,Paid
9825,627,2026-05-01,64.0,Paid
9826,627,2026-06-01,64.0,Failed
9827,627,2026-07-01,64.0,Paid
9828,628,2025-06-01,56.0,Paid
9829,628,2025-07-01,56.0,Paid
9830,628,2025-08-01,56.0,Paid
9831,628,2025-09-01,56.0,Paid
9832,628,2025-10-01,56.0,Paid
9833,628,2025-11-01,56.0,Paid
9834,628,2025-12-01,56.0,Paid
9835,628,2026-01-01,56.0,Paid
9836,628,2026-02-01,56.0,Paid
9837,628,2026-03-01,56.0,Paid
9838,628,2026-04-01,56.0,Paid
9839,628,2026-05-01,56.0,Paid
9840,628,2026-06-01,56.0,Paid
9841,628,2026-07-01,56.0,Paid
9842,629,2024-04-01,45.0,Paid
9843,629,2024-05-01,45.0,Paid
9844,629,2024-06-01,45.0,Paid
9845,630,2024-12-01,45.0,Paid
9846,630,2025-01-01,45.0,Paid
9847,630,2025-02-01,45.0,Failed
9848,630,2025-03-01,45.0,Paid
9849,630,2025-04-01,45.0,Paid
9850,630,2025-05-01,45.0,Paid
9851,630,2025-06-01,45.0,Paid
9852,630,2025-07-01,45.0,Paid
9853,630,2025-08-01,45.0,Paid
9854,630,2025-09-01,45.0,Paid
9855,630,2025-10-01,45.0,Paid
9856,630,2025-11-01,45.0,Paid
9857,630,2025-12-01,45.0,Failed
9858,630,2026-01-01,45.0,Failed
9859,630,2026-02-01,45.0,Paid
9860,630,2026-03-01,45.0,Paid
9861,630,2026-04-01,45.0,Paid
9862,630,2026-05-01,45.0,Paid
9863,630,2026-06-01,45.0,Paid
9864,630,2026-07-01,45.0,Paid
9865,631,2024-06-01,56.0,Paid
9866,631,2024-07-01,56.0,Paid
9867,631,2024-08-01,56.0,Paid
9868,631,2024-09-01,56.0,Paid
9869,631,2024-10-01,56.0,Paid
9870,632,2024-04-01,56.0,Paid
9871,632,2024-05-01,56.0,Paid
9872,632,2024-06-01,56.0,Paid
9873,632,2024-07-01,56.0,Paid
9874,632,2024-08-01,56.0,Paid
9875,632,2024-09-01,56.0,Paid
9876,632,2024-10-01,56.0,Paid
9877,632,2024-11-01,56.0,Paid
9878,632,2024-12-01,56.0,Paid
9879,632,2025-01-01,56.0,Paid
9880,632,2025-02-01,56.0,Paid
9881,632,2025-03-01,56.0,Paid
9882,632,2025-04-01,56.0,Paid
9883,632,2025-05-01,56.0,Paid
9884,632,2025-06-01,56.0,Paid
9885,632,2025-07-01,56.0,Paid
9886,632,2025-08-01,56.0,Paid
9887,632,2025-09-01,56.0,Paid
9888,632,2025-10-01,56.0,Paid
9889,632,2025-11-01,56.0,Paid
9890,632,2025-12-01,56.0,Paid
9891,632,2026-01-01,56.0,Paid
9892,632,2026-02-01,56.0,Paid
9893,632,2026-03-01,56.0,Paid
9894,632,2026-04-01,56.0,Paid
9895,632,2026-05-01,56.0,Paid
9896,632,2026-06-01,56.0,Paid
9897,632,2026-07-01,56.0,Paid
9898,633,2025-08-01,45.0,Paid
9899,633,2025-09-01,45.0,Paid
9900,633,2025-10-01,45.0,Paid
9901,633,2025-11-01,45.0,Paid
9902,633,2025-12-01,45.0,Paid
9903,633,2026-01-01,45.0,Paid
9904,633,2026-02-01,45.0,Paid
9905,633,2026-03-01,45.0,Paid
9906,633,2026-04-01,45.0,Paid
9907,633,2026-05-01,45.0,Paid
9908,633,2026-06-01,45.0,Paid
9909,633,2026-07-01,45.0,Paid
9910,634,2024-12-01,45.0,Paid
9911,634,2025-01-01,45.0,Paid
9912,634,2025-02-01,45.0,Paid
9913,634,2025-03-01,45.0,Paid
9914,634,2025-04-01,45.0,Paid
9915,634,2025-05-01,45.0,Paid
9916,634,2025-06-01,45.0,Paid
9917,634,2025-07-01,45.0,Paid
9918,634,2025-08-01,45.0,Paid
9919,634,2025-09-01,45.0,Paid
9920,634,2025-10-01,45.0,Paid
9921,634,2025-11-01,45.0,Paid
9922,634,2025-12-01,45.0,Paid
9923,634,2026-01-01,45.0,Paid
9924,634,2026-02-01,45.0,Paid
9925,634,2026-03-01,45.0,Failed
9926,634,2026-04-01,45.0,Paid
9927,634,2026-05-01,45.0,Paid
9928,634,2026-06-01,45.0,Paid
9929,634,2026-07-01,45.0,Paid
9930,635,2026-06-01,39.0,Paid
9931,635,2026-07-01,39.0,Paid
9932,636,2025-09-01,56.0,Paid
9933,636,2025-10-01,56.0,Paid
9934,636,2025-11-01,56.0,Paid
9935,636,2025-12-01,56.0,Paid
9936,636,2026-01-01,56.0,Paid
9937,636,2026-02-01,56.0,Paid
9938,636,2026-03-01,56.0,Paid
9939,636,2026-04-01,56.0,Paid
9940,636,2026-05-01,56.0,Paid
9941,636,2026-06-01,56.0,Paid
9942,636,2026-07-01,56.0,Paid
9943,637,2025-08-01,56.0,Failed
9944,637,2025-09-01,56.0,Paid
9945,637,2025-10-01,56.0,Paid
9946,637,2025-11-01,56.0,Paid
9947,637,2025-12-01,56.0,Paid
9948,637,2026-01-01,56.0,Paid
9949,637,2026-02-01,56.0,Paid
9950,637,2026-03-01,56.0,Paid
9951,637,2026-04-01,56.0,Failed
9952,637,2026-05-01,56.0,Paid
9953,637,2026-06-01,56.0,Paid
9954,637,2026-07-01,56.0,Paid
9955,638,2024-01-01,39.0,Paid
9956,638,2024-02-01,39.0,Paid
9957,638,2024-03-01,39.0,Paid
9958,638,2024-04-01,39.0,Paid
9959,638,2024-05-01,39.0,Paid
9960,638,2024-06-01,39.0,Paid
9961,638,2024-07-01,39.0,Paid
9962,638,2024-08-01,39.0,Paid
9963,638,2024-09-01,39.0,Paid
9964,638,2024-10-01,39.0,Paid
9965,638,2024-11-01,39.0,Paid
9966,638,2024-12-01,39.0,Paid
9967,638,2025-01-01,39.0,Paid
9968,638,2025-02-01,39.0,Paid
9969,638,2025-03-01,39.0,Paid
9970,638,2025-04-01,39.0,Failed
9971,638,2025-05-01,39.0,Paid
9972,638,2025-06-01,39.0,Paid
9973,638,2025-07-01,39.0,Paid
9974,638,2025-08-01,39.0,Paid
9975,638,2025-09-01,39.0,Paid
9976,638,2025-10-01,39.0,Paid
9977,638,2025-11-01,39.0,Paid
9978,638,2025-12-01,39.0,Paid
9979,638,2026-01-01,39.0,Failed
9980,638,2026-02-01,39.0,Paid
9981,638,2026-03-01,39.0,Paid
9982,638,2026-04-01,39.0,Paid
9983,638,2026-05-01,39.0,Paid
9984,638,2026-06-01,39.0,Paid
9985,638,2026-07-01,39.0,Paid
9986,639,2024-04-01,64.0,Paid
9987,639,2024-05-01,64.0,Paid
9988,639,2024-06-01,64.0,Paid
9989,639,2024-07-01,64.0,Paid
9990,639,2024-08-01,64.0,Paid
9991,639,2024-09-01,64.0,Paid
9992,639,2024-10-01,64.0,Paid
9993,639,2024-11-01,64.0,Paid
9994,639,2024-12-01,64.0,Paid
9995,639,2025-01-01,64.0,Paid
9996,639,2025-02-01,64.0,Paid
9997,639,2025-03-01,64.0,Paid
9998,639,2025-04-01,64.0,Paid
9999,639,2025-05-01,64.0,Paid
10000,639,2025-06-01,64.0,Paid
10001,639,2025-07-01,64.0,Paid
10002,639,2025-08-01,64.0,Paid
10003,639,2025-09-01,64.0,Paid
10004,639,2025-10-01,64.0,Paid
10005,639,2025-11-01,64.0,Paid
10006,639,2025-12-01,64.0,Paid
10007,639,2026-01-01,64.0,Paid
10008,639,2026-02-01,64.0,Paid
10009,639,2026-03-01,64.0,Paid
10010,639,2026-04-01,64.0,Failed
10011,639,2026-05-01,64.0,Paid
10012,639,2026-06-01,64.0,Failed
10013,639,2026-07-01,64.0,Paid
10014,640,2024-03-01,39.0,Paid
10015,640,2024-04-01,39.0,Paid
10016,640,2024-05-01,39.0,Paid
10017,640,2024-06-01,39.0,Paid
10018,640,2024-07-01,39.0,Paid
10019,640,2024-08-01,39.0,Paid
10020,640,2024-09-01,39.0,Paid
10021,640,2024-10-01,39.0,Paid
10022,640,2024-11-01,39.0,Paid
10023,640,2024-12-01,39.0,Paid
10024,640,2025-01-01,39.0,Paid
10025,640,2025-02-01,39.0,Paid
10026,640,2025-03-01,39.0,Failed
10027,640,2025-04-01,39.0,Paid
10028,640,2025-05-01,39.0,Paid
10029,640,2025-06-01,39.0,Paid
10030,640,2025-07-01,39.0,Paid
10031,640,2025-08-01,39.0,Paid
10032,640,2025-09-01,39.0,Paid
10033,640,2025-10-01,39.0,Failed
10034,640,2025-11-01,39.0,Paid
10035,640,2025-12-01,39.0,Failed
10036,640,2026-01-01,39.0,Paid
10037,640,2026-02-01,39.0,Paid
10038,640,2026-03-01,39.0,Paid
10039,640,2026-04-01,39.0,Paid
10040,640,2026-05-01,39.0,Paid
10041,640,2026-06-01,39.0,Paid
10042,640,2026-07-01,39.0,Paid
10043,641,2026-06-01,56.0,Paid
10044,641,2026-07-01,56.0,Paid
10045,642,2025-12-01,56.0,Paid
10046,642,2026-01-01,56.0,Paid
10047,642,2026-02-01,56.0,Paid
10048,642,2026-03-01,56.0,Paid
10049,642,2026-04-01,56.0,Paid
10050,642,2026-05-01,56.0,Paid
10051,642,2026-06-01,56.0,Paid
10052,642,2026-07-01,56.0,Paid
10053,643,2026-02-01,56.0,Paid
10054,643,2026-03-01,56.0,Paid
10055,643,2026-04-01,56.0,Paid
10056,643,2026-05-01,56.0,Paid
10057,643,2026-06-01,56.0,Paid
10058,643,2026-07-01,56.0,Paid
10059,644,2025-02-01,56.0,Paid
10060,644,2025-03-01,56.0,Paid
10061,644,2025-04-01,56.0,Paid
10062,644,2025-05-01,56.0,Paid
10063,644,2025-06-01,56.0,Paid
10064,644,2025-07-01,56.0,Paid
10065,644,2025-08-01,56.0,Paid
10066,644,2025-09-01,56.0,Paid
10067,644,2025-10-01,56.0,Paid
10068,644,2025-11-01,56.0,Paid
10069,644,2025-12-01,56.0,Failed
10070,644,2026-01-01,56.0,Paid
10071,644,2026-02-01,56.0,Paid
10072,644,2026-03-01,56.0,Paid
10073,644,2026-04-01,56.0,Paid
10074,644,2026-05-01,56.0,Paid
10075,645,2025-06-01,64.0,Paid
10076,645,2025-07-01,64.0,Paid
10077,645,2025-08-01,64.0,Paid
10078,645,2025-09-01,64.0,Paid
10079,645,2025-10-01,64.0,Paid
10080,645,2025-11-01,64.0,Paid
10081,645,2025-12-01,64.0,Paid
10082,645,2026-01-01,64.0,Paid
10083,645,2026-02-01,64.0,Paid
10084,645,2026-03-01,64.0,Paid
10085,645,2026-04-01,64.0,Paid
10086,645,2026-05-01,64.0,Paid
10087,645,2026-06-01,64.0,Paid
10088,645,2026-07-01,64.0,Paid
10089,646,2025-09-01,39.0,Paid
10090,646,2025-10-01,39.0,Paid
10091,646,2025-11-01,39.0,Paid
10092,646,2025-12-01,39.0,Paid
10093,646,2026-01-01,39.0,Paid
10094,646,2026-02-01,39.0,Paid
10095,646,2026-03-01,39.0,Paid
10096,646,2026-04-01,39.0,Paid
10097,646,2026-05-01,39.0,Paid
10098,646,2026-06-01,39.0,Paid
10099,646,2026-07-01,39.0,Failed
10100,647,2025-07-01,64.0,Paid
10101,647,2025-08-01,64.0,Paid
10102,647,2025-09-01,64.0,Paid
10103,647,2025-10-01,64.0,Paid
10104,647,2025-11-01,64.0,Paid
10105,647,2025-12-01,64.0,Paid
10106,647,2026-01-01,64.0,Paid
10107,647,2026-02-01,64.0,Paid
10108,647,2026-03-01,64.0,Paid
10109,647,2026-04-01,64.0,Failed
10110,647,2026-05-01,64.0,Paid
10111,647,2026-06-01,64.0,Paid
10112,647,2026-07-01,64.0,Failed
10113,648,2024-02-01,64.0,Paid
10114,648,2024-03-01,64.0,Paid
10115,648,2024-04-01,64.0,Paid
10116,648,2024-05-01,64.0,Paid
10117,648,2024-06-01,64.0,Paid
10118,648,2024-07-01,64.0,Paid
10119,648,2024-08-01,64.0,Failed
10120,648,2024-09-01,64.0,Paid
10121,648,2024-10-01,64.0,Paid
10122,648,2024-11-01,64.0,Paid
10123,648,2024-12-01,64.0,Failed
10124,649,2024-08-01,45.0,Paid
10125,649,2024-09-01,45.0,Paid
10126,649,2024-10-01,45.0,Paid
10127,649,2024-11-01,45.0,Paid
10128,649,2024-12-01,45.0,Paid
10129,649,2025-01-01,45.0,Paid
10130,649,2025-02-01,45.0,Paid
10131,649,2025-03-01,45.0,Paid
10132,649,2025-04-01,45.0,Paid
10133,649,2025-05-01,45.0,Paid
10134,649,2025-06-01,45.0,Paid
10135,649,2025-07-01,45.0,Paid
10136,649,2025-08-01,45.0,Paid
10137,649,2025-09-01,45.0,Paid
10138,649,2025-10-01,45.0,Paid
10139,649,2025-11-01,45.0,Paid
10140,649,2025-12-01,45.0,Paid
10141,649,2026-01-01,45.0,Failed
10142,649,2026-02-01,45.0,Paid
10143,649,2026-03-01,45.0,Paid
10144,649,2026-04-01,45.0,Paid
10145,649,2026-05-01,45.0,Paid
10146,649,2026-06-01,45.0,Paid
10147,649,2026-07-01,45.0,Paid
10148,650,2026-03-01,64.0,Paid
10149,650,2026-04-01,64.0,Paid
10150,650,2026-05-01,64.0,Paid
10151,651,2024-07-01,64.0,Paid
10152,651,2024-08-01,64.0,Paid
10153,651,2024-09-01,64.0,Paid
10154,651,2024-10-01,64.0,Paid
10155,651,2024-11-01,64.0,Paid
10156,651,2024-12-01,64.0,Paid
10157,651,2025-01-01,64.0,Paid
10158,651,2025-02-01,64.0,Paid
10159,651,2025-03-01,64.0,Paid
10160,651,2025-04-01,64.0,Paid
10161,651,2025-05-01,64.0,Paid
10162,651,2025-06-01,64.0,Paid
10163,651,2025-07-01,64.0,Failed
10164,651,2025-08-01,64.0,Paid
10165,651,2025-09-01,64.0,Paid
10166,651,2025-10-01,64.0,Failed
10167,651,2025-11-01,64.0,Failed
10168,651,2025-12-01,64.0,Paid
10169,651,2026-01-01,64.0,Paid
10170,651,2026-02-01,64.0,Paid
10171,651,2026-03-01,64.0,Paid
10172,651,2026-04-01,64.0,Paid
10173,651,2026-05-01,64.0,Paid
10174,651,2026-06-01,64.0,Paid
10175,651,2026-07-01,64.0,Paid
10176,652,2024-12-01,64.0,Paid
10177,652,2025-01-01,64.0,Failed
10178,652,2025-02-01,64.0,Paid
10179,652,2025-03-01,64.0,Paid
10180,652,2025-04-01,64.0,Paid
10181,652,2025-05-01,64.0,Paid
10182,652,2025-06-01,64.0,Paid
10183,652,2025-07-01,64.0,Paid
10184,652,2025-08-01,64.0,Paid
10185,652,2025-09-01,64.0,Paid
10186,652,2025-10-01,64.0,Paid
10187,652,2025-11-01,64.0,Paid
10188,652,2025-12-01,64.0,Paid
10189,652,2026-01-01,64.0,Failed
10190,652,2026-02-01,64.0,Paid
10191,652,2026-03-01,64.0,Paid
10192,652,2026-04-01,64.0,Paid
10193,652,2026-05-01,64.0,Paid
10194,652,2026-06-01,64.0,Paid
10195,652,2026-07-01,64.0,Paid
10196,653,2025-01-01,45.0,Paid
10197,653,2025-02-01,45.0,Paid
10198,653,2025-03-01,45.0,Paid
10199,653,2025-04-01,45.0,Paid
10200,653,2025-05-01,45.0,Paid
10201,653,2025-06-01,45.0,Paid
10202,653,2025-07-01,45.0,Paid
10203,653,2025-08-01,45.0,Paid
10204,653,2025-09-01,45.0,Paid
10205,653,2025-10-01,45.0,Paid
10206,653,2025-11-01,45.0,Paid
10207,653,2025-12-01,45.0,Paid
10208,653,2026-01-01,45.0,Paid
10209,653,2026-02-01,45.0,Paid
10210,653,2026-03-01,45.0,Paid
10211,653,2026-04-01,45.0,Paid
10212,653,2026-05-01,45.0,Paid
10213,653,2026-06-01,45.0,Paid
10214,653,2026-07-01,45.0,Paid
10215,654,2024-03-01,56.0,Paid
10216,654,2024-04-01,56.0,Paid
10217,654,2024-05-01,56.0,Paid
10218,654,2024-06-01,56.0,Paid
10219,654,2024-07-01,56.0,Paid
10220,654,2024-08-01,56.0,Paid
10221,654,2024-09-01,56.0,Failed
10222,654,2024-10-01,56.0,Paid
10223,654,2024-11-01,56.0,Paid
10224,654,2024-12-01,56.0,Paid
10225,654,2025-01-01,56.0,Paid
10226,654,2025-02-01,56.0,Paid
10227,654,2025-03-01,56.0,Paid
10228,654,2025-04-01,56.0,Paid
10229,654,2025-05-01,56.0,Paid
10230,654,2025-06-01,56.0,Paid
10231,654,2025-07-01,56.0,Paid
10232,654,2025-08-01,56.0,Paid
10233,654,2025-09-01,56.0,Paid
10234,654,2025-10-01,56.0,Paid
10235,654,2025-11-01,56.0,Paid
10236,654,2025-12-01,56.0,Paid
10237,654,2026-01-01,56.0,Paid
10238,654,2026-02-01,56.0,Paid
10239,654,2026-03-01,56.0,Paid
10240,654,2026-04-01,56.0,Paid
10241,654,2026-05-01,56.0,Paid
10242,654,2026-06-01,56.0,Paid
10243,654,2026-07-01,56.0,Paid
10244,655,2026-01-01,64.0,Paid
10245,655,2026-02-01,64.0,Paid
10246,655,2026-03-01,64.0,Paid
10247,655,2026-04-01,64.0,Paid
10248,655,2026-05-01,64.0,Failed
10249,655,2026-06-01,64.0,Paid
10250,655,2026-07-01,64.0,Failed
10251,656,2024-04-01,56.0,Paid
10252,656,2024-05-01,56.0,Paid
10253,656,2024-06-01,56.0,Paid
10254,656,2024-07-01,56.0,Paid
10255,656,2024-08-01,56.0,Paid
10256,656,2024-09-01,56.0,Paid
10257,656,2024-10-01,56.0,Paid
10258,656,2024-11-01,56.0,Paid
10259,656,2024-12-01,56.0,Paid
10260,656,2025-01-01,56.0,Paid
10261,656,2025-02-01,56.0,Paid
10262,656,2025-03-01,56.0,Paid
10263,656,2025-04-01,56.0,Paid
10264,656,2025-05-01,56.0,Paid
10265,656,2025-06-01,56.0,Paid
10266,656,2025-07-01,56.0,Paid
10267,656,2025-08-01,56.0,Paid
10268,656,2025-09-01,56.0,Paid
10269,656,2025-10-01,56.0,Paid
10270,656,2025-11-01,56.0,Paid
10271,656,2025-12-01,56.0,Paid
10272,656,2026-01-01,56.0,Paid
10273,656,2026-02-01,56.0,Paid
10274,656,2026-03-01,56.0,Paid
10275,656,2026-04-01,56.0,Paid
10276,657,2024-02-01,64.0,Paid
10277,657,2024-03-01,64.0,Paid
10278,657,2024-04-01,64.0,Paid
10279,657,2024-05-01,64.0,Paid
10280,657,2024-06-01,64.0,Paid
10281,657,2024-07-01,64.0,Paid
10282,657,2024-08-01,64.0,Failed
10283,657,2024-09-01,64.0,Paid
10284,657,2024-10-01,64.0,Paid
10285,657,2024-11-01,64.0,Paid
10286,657,2024-12-01,64.0,Failed
10287,657,2025-01-01,64.0,Paid
10288,657,2025-02-01,64.0,Paid
10289,657,2025-03-01,64.0,Paid
10290,657,2025-04-01,64.0,Paid
10291,657,2025-05-01,64.0,Failed
10292,657,2025-06-01,64.0,Paid
10293,657,2025-07-01,64.0,Failed
10294,657,2025-08-01,64.0,Paid
10295,657,2025-09-01,64.0,Paid
10296,657,2025-10-01,64.0,Paid
10297,657,2025-11-01,64.0,Paid
10298,657,2025-12-01,64.0,Paid
10299,657,2026-01-01,64.0,Paid
10300,657,2026-02-01,64.0,Paid
10301,657,2026-03-01,64.0,Paid
10302,657,2026-04-01,64.0,Paid
10303,657,2026-05-01,64.0,Paid
10304,657,2026-06-01,64.0,Paid
10305,657,2026-07-01,64.0,Paid
10306,658,2025-04-01,64.0,Paid
10307,658,2025-05-01,64.0,Paid
10308,658,2025-06-01,64.0,Paid
10309,658,2025-07-01,64.0,Paid
10310,658,2025-08-01,64.0,Paid
10311,658,2025-09-01,64.0,Paid
10312,658,2025-10-01,64.0,Paid
10313,658,2025-11-01,64.0,Paid
10314,658,2025-12-01,64.0,Paid
10315,658,2026-01-01,64.0,Paid
10316,658,2026-02-01,64.0,Paid
10317,658,2026-03-01,64.0,Paid
10318,658,2026-04-01,64.0,Paid
10319,658,2026-05-01,64.0,Paid
10320,658,2026-06-01,64.0,Paid
10321,658,2026-07-01,64.0,Paid
10322,659,2025-07-01,56.0,Paid
10323,659,2025-08-01,56.0,Paid
10324,659,2025-09-01,56.0,Paid
10325,659,2025-10-01,56.0,Paid
10326,659,2025-11-01,56.0,Paid
10327,659,2025-12-01,56.0,Paid
10328,659,2026-01-01,56.0,Paid
10329,659,2026-02-01,56.0,Paid
10330,659,2026-03-01,56.0,Paid
10331,659,2026-04-01,56.0,Paid
10332,659,2026-05-01,56.0,Paid
10333,659,2026-06-01,56.0,Paid
10334,659,2026-07-01,56.0,Paid
10335,660,2026-01-01,45.0,Paid
10336,660,2026-02-01,45.0,Paid
10337,660,2026-03-01,45.0,Paid
10338,660,2026-04-01,45.0,Paid
10339,660,2026-05-01,45.0,Paid
10340,660,2026-06-01,45.0,Paid
10341,660,2026-07-01,45.0,Paid
10342,661,2024-11-01,64.0,Paid
10343,661,2024-12-01,64.0,Paid
10344,662,2024-01-01,39.0,Paid
10345,662,2024-02-01,39.0,Paid
10346,662,2024-03-01,39.0,Paid
10347,662,2024-04-01,39.0,Paid
10348,662,2024-05-01,39.0,Paid
10349,662,2024-06-01,39.0,Paid
10350,662,2024-07-01,39.0,Paid
10351,662,2024-08-01,39.0,Paid
10352,662,2024-09-01,39.0,Failed
10353,662,2024-10-01,39.0,Failed
10354,662,2024-11-01,39.0,Paid
10355,662,2024-12-01,39.0,Failed
10356,662,2025-01-01,39.0,Paid
10357,662,2025-02-01,39.0,Paid
10358,662,2025-03-01,39.0,Paid
10359,662,2025-04-01,39.0,Paid
10360,662,2025-05-01,39.0,Paid
10361,662,2025-06-01,39.0,Paid
10362,662,2025-07-01,39.0,Paid
10363,662,2025-08-01,39.0,Paid
10364,662,2025-09-01,39.0,Paid
10365,662,2025-10-01,39.0,Paid
10366,662,2025-11-01,39.0,Paid
10367,662,2025-12-01,39.0,Paid
10368,662,2026-01-01,39.0,Paid
10369,662,2026-02-01,39.0,Paid
10370,662,2026-03-01,39.0,Paid
10371,662,2026-04-01,39.0,Paid
10372,662,2026-05-01,39.0,Paid
10373,662,2026-06-01,39.0,Paid
10374,662,2026-07-01,39.0,Paid
10375,663,2024-11-01,56.0,Paid
10376,663,2024-12-01,56.0,Paid
10377,663,2025-01-01,56.0,Paid
10378,663,2025-02-01,56.0,Paid
10379,663,2025-03-01,56.0,Paid
10380,663,2025-04-01,56.0,Failed
10381,663,2025-05-01,56.0,Paid
10382,663,2025-06-01,56.0,Paid
10383,663,2025-07-01,56.0,Paid
10384,663,2025-08-01,56.0,Paid
10385,663,2025-09-01,56.0,Paid
10386,663,2025-10-01,56.0,Paid
10387,663,2025-11-01,56.0,Paid
10388,663,2025-12-01,56.0,Paid
10389,663,2026-01-01,56.0,Paid
10390,663,2026-02-01,56.0,Paid
10391,663,2026-03-01,56.0,Paid
10392,663,2026-04-01,56.0,Paid
10393,663,2026-05-01,56.0,Paid
10394,663,2026-06-01,56.0,Paid
10395,663,2026-07-01,56.0,Paid
10396,664,2026-04-01,45.0,Paid
10397,664,2026-05-01,45.0,Paid
10398,664,2026-06-01,45.0,Paid
10399,664,2026-07-01,45.0,Paid
10400,665,2024-06-01,45.0,Paid
10401,665,2024-07-01,45.0,Paid
10402,665,2024-08-01,45.0,Paid
10403,665,2024-09-01,45.0,Paid
10404,665,2024-10-01,45.0,Paid
10405,665,2024-11-01,45.0,Paid
10406,665,2024-12-01,45.0,Paid
10407,665,2025-01-01,45.0,Paid
10408,665,2025-02-01,45.0,Paid
10409,665,2025-03-01,45.0,Paid
10410,665,2025-04-01,45.0,Paid
10411,665,2025-05-01,45.0,Paid
10412,665,2025-06-01,45.0,Paid
10413,665,2025-07-01,45.0,Paid
10414,665,2025-08-01,45.0,Paid
10415,665,2025-09-01,45.0,Paid
10416,666,2024-04-01,64.0,Paid
10417,666,2024-05-01,64.0,Paid
10418,666,2024-06-01,64.0,Paid
10419,666,2024-07-01,64.0,Paid
10420,666,2024-08-01,64.0,Paid
10421,666,2024-09-01,64.0,Paid
10422,666,2024-10-01,64.0,Paid
10423,666,2024-11-01,64.0,Paid
10424,666,2024-12-01,64.0,Paid
10425,666,2025-01-01,64.0,Paid
10426,666,2025-02-01,64.0,Paid
10427,666,2025-03-01,64.0,Paid
10428,666,2025-04-01,64.0,Paid
10429,666,2025-05-01,64.0,Paid
10430,666,2025-06-01,64.0,Paid
10431,666,2025-07-01,64.0,Paid
10432,666,2025-08-01,64.0,Paid
10433,666,2025-09-01,64.0,Failed
10434,666,2025-10-01,64.0,Paid
10435,666,2025-11-01,64.0,Paid
10436,666,2025-12-01,64.0,Paid
10437,666,2026-01-01,64.0,Paid
10438,666,2026-02-01,64.0,Paid
10439,666,2026-03-01,64.0,Paid
10440,666,2026-04-01,64.0,Paid
10441,666,2026-05-01,64.0,Paid
10442,666,2026-06-01,64.0,Paid
10443,666,2026-07-01,64.0,Paid
10444,667,2025-07-01,56.0,Paid
10445,667,2025-08-01,56.0,Paid
10446,667,2025-09-01,56.0,Paid
10447,667,2025-10-01,56.0,Paid
10448,667,2025-11-01,56.0,Paid
10449,667,2025-12-01,56.0,Paid
10450,667,2026-01-01,56.0,Paid
10451,667,2026-02-01,56.0,Paid
10452,667,2026-03-01,56.0,Paid
10453,667,2026-04-01,56.0,Paid
10454,667,2026-05-01,56.0,Paid
10455,667,2026-06-01,56.0,Paid
10456,667,2026-07-01,56.0,Paid
10457,668,2025-12-01,64.0,Paid
10458,668,2026-01-01,64.0,Paid
10459,669,2025-10-01,39.0,Paid
10460,669,2025-11-01,39.0,Paid
10461,669,2025-12-01,39.0,Paid
10462,669,2026-01-01,39.0,Paid
10463,669,2026-02-01,39.0,Paid
10464,669,2026-03-01,39.0,Paid
10465,670,2026-05-01,56.0,Paid
10466,670,2026-06-01,56.0,Paid
10467,670,2026-07-01,56.0,Paid
10468,671,2026-02-01,39.0,Paid
10469,671,2026-03-01,39.0,Paid
10470,671,2026-04-01,39.0,Paid
10471,671,2026-05-01,39.0,Paid
10472,671,2026-06-01,39.0,Paid
10473,671,2026-07-01,39.0,Paid
10474,672,2025-04-01,45.0,Failed
10475,672,2025-05-01,45.0,Paid
10476,672,2025-06-01,45.0,Paid
10477,672,2025-07-01,45.0,Paid
10478,672,2025-08-01,45.0,Paid
10479,672,2025-09-01,45.0,Paid
10480,672,2025-10-01,45.0,Paid
10481,672,2025-11-01,45.0,Paid
10482,672,2025-12-01,45.0,Paid
10483,672,2026-01-01,45.0,Paid
10484,672,2026-02-01,45.0,Paid
10485,672,2026-03-01,45.0,Paid
10486,672,2026-04-01,45.0,Paid
10487,672,2026-05-01,45.0,Paid
10488,672,2026-06-01,45.0,Paid
10489,672,2026-07-01,45.0,Paid
10490,673,2024-07-01,56.0,Paid
10491,673,2024-08-01,56.0,Paid
10492,673,2024-09-01,56.0,Paid
10493,673,2024-10-01,56.0,Paid
10494,673,2024-11-01,56.0,Paid
10495,673,2024-12-01,56.0,Paid
10496,673,2025-01-01,56.0,Paid
10497,673,2025-02-01,56.0,Paid
10498,673,2025-03-01,56.0,Paid
10499,673,2025-04-01,56.0,Paid
10500,673,2025-05-01,56.0,Paid
10501,673,2025-06-01,56.0,Paid
10502,673,2025-07-01,56.0,Paid
10503,673,2025-08-01,56.0,Paid
10504,673,2025-09-01,56.0,Paid
10505,673,2025-10-01,56.0,Paid
10506,673,2025-11-01,56.0,Paid
10507,673,2025-12-01,56.0,Paid
10508,673,2026-01-01,56.0,Paid
10509,673,2026-02-01,56.0,Paid
10510,673,2026-03-01,56.0,Paid
10511,673,2026-04-01,56.0,Paid
10512,673,2026-05-01,56.0,Paid
10513,673,2026-06-01,56.0,Paid
10514,673,2026-07-01,56.0,Paid
10515,674,2026-01-01,64.0,Paid
10516,674,2026-02-01,64.0,Paid
10517,674,2026-03-01,64.0,Failed
10518,675,2024-04-01,56.0,Paid
10519,675,2024-05-01,56.0,Paid
10520,675,2024-06-01,56.0,Paid
10521,675,2024-07-01,56.0,Paid
10522,676,2026-06-01,45.0,Paid
10523,676,2026-07-01,45.0,Paid
10524,677,2025-04-01,56.0,Paid
10525,677,2025-05-01,56.0,Paid
10526,677,2025-06-01,56.0,Paid
10527,677,2025-07-01,56.0,Paid
10528,677,2025-08-01,56.0,Paid
10529,677,2025-09-01,56.0,Paid
10530,677,2025-10-01,56.0,Paid
10531,677,2025-11-01,56.0,Paid
10532,677,2025-12-01,56.0,Paid
10533,677,2026-01-01,56.0,Paid
10534,677,2026-02-01,56.0,Paid
10535,677,2026-03-01,56.0,Paid
10536,677,2026-04-01,56.0,Paid
10537,677,2026-05-01,56.0,Paid
10538,677,2026-06-01,56.0,Paid
10539,677,2026-07-01,56.0,Paid
10540,678,2024-09-01,56.0,Paid
10541,678,2024-10-01,56.0,Paid
10542,678,2024-11-01,56.0,Paid
10543,678,2024-12-01,56.0,Paid
10544,678,2025-01-01,56.0,Paid
10545,678,2025-02-01,56.0,Paid
10546,678,2025-03-01,56.0,Paid
10547,678,2025-04-01,56.0,Paid
10548,678,2025-05-01,56.0,Paid
10549,678,2025-06-01,56.0,Paid
10550,678,2025-07-01,56.0,Paid
10551,678,2025-08-01,56.0,Paid
10552,678,2025-09-01,56.0,Paid
10553,678,2025-10-01,56.0,Paid
10554,678,2025-11-01,56.0,Failed
10555,678,2025-12-01,56.0,Paid
10556,678,2026-01-01,56.0,Paid
10557,678,2026-02-01,56.0,Paid
10558,678,2026-03-01,56.0,Paid
10559,678,2026-04-01,56.0,Paid
10560,678,2026-05-01,56.0,Paid
10561,678,2026-06-01,56.0,Paid
10562,678,2026-07-01,56.0,Paid
10563,679,2025-04-01,64.0,Paid
10564,679,2025-05-01,64.0,Paid
10565,679,2025-06-01,64.0,Paid
10566,679,2025-07-01,64.0,Paid
10567,679,2025-08-01,64.0,Paid
10568,679,2025-09-01,64.0,Paid
10569,679,2025-10-01,64.0,Paid
10570,679,2025-11-01,64.0,Failed
10571,679,2025-12-01,64.0,Paid
10572,679,2026-01-01,64.0,Paid
10573,679,2026-02-01,64.0,Failed
10574,679,2026-03-01,64.0,Paid
10575,679,2026-04-01,64.0,Paid
10576,679,2026-05-01,64.0,Paid
10577,679,2026-06-01,64.0,Paid
10578,679,2026-07-01,64.0,Failed
10579,680,2024-05-01,64.0,Paid
10580,680,2024-06-01,64.0,Paid
10581,680,2024-07-01,64.0,Paid
10582,680,2024-08-01,64.0,Paid
10583,680,2024-09-01,64.0,Paid
10584,680,2024-10-01,64.0,Paid
10585,680,2024-11-01,64.0,Failed
10586,680,2024-12-01,64.0,Paid
10587,680,2025-01-01,64.0,Paid
10588,680,2025-02-01,64.0,Paid
10589,680,2025-03-01,64.0,Paid
10590,680,2025-04-01,64.0,Failed
10591,680,2025-05-01,64.0,Paid
10592,680,2025-06-01,64.0,Paid
10593,680,2025-07-01,64.0,Paid
10594,680,2025-08-01,64.0,Paid
10595,680,2025-09-01,64.0,Paid
10596,680,2025-10-01,64.0,Paid
10597,680,2025-11-01,64.0,Failed
10598,680,2025-12-01,64.0,Paid
10599,680,2026-01-01,64.0,Paid
10600,680,2026-02-01,64.0,Failed
10601,680,2026-03-01,64.0,Paid
10602,680,2026-04-01,64.0,Paid
10603,680,2026-05-01,64.0,Paid
10604,680,2026-06-01,64.0,Paid
10605,680,2026-07-01,64.0,Paid
10606,681,2024-06-01,45.0,Paid
10607,681,2024-07-01,45.0,Paid
10608,681,2024-08-01,45.0,Paid
10609,681,2024-09-01,45.0,Paid
10610,681,2024-10-01,45.0,Paid
10611,681,2024-11-01,45.0,Paid
10612,681,2024-12-01,45.0,Paid
10613,681,2025-01-01,45.0,Paid
10614,681,2025-02-01,45.0,Paid
10615,681,2025-03-01,45.0,Paid
10616,681,2025-04-01,45.0,Paid
10617,681,2025-05-01,45.0,Paid
10618,681,2025-06-01,45.0,Paid
10619,681,2025-07-01,45.0,Paid
10620,681,2025-08-01,45.0,Paid
10621,681,2025-09-01,45.0,Paid
10622,681,2025-10-01,45.0,Paid
10623,681,2025-11-01,45.0,Paid
10624,681,2025-12-01,45.0,Paid
10625,681,2026-01-01,45.0,Paid
10626,681,2026-02-01,45.0,Paid
10627,681,2026-03-01,45.0,Paid
10628,681,2026-04-01,45.0,Paid
10629,681,2026-05-01,45.0,Paid
10630,681,2026-06-01,45.0,Failed
10631,681,2026-07-01,45.0,Paid
10632,682,2024-05-01,64.0,Paid
10633,682,2024-06-01,64.0,Paid
10634,682,2024-07-01,64.0,Paid
10635,682,2024-08-01,64.0,Paid
10636,682,2024-09-01,64.0,Paid
10637,682,2024-10-01,64.0,Paid
10638,682,2024-11-01,64.0,Paid
10639,682,2024-12-01,64.0,Paid
10640,682,2025-01-01,64.0,Paid
10641,682,2025-02-01,64.0,Paid
10642,682,2025-03-01,64.0,Paid
10643,682,2025-04-01,64.0,Paid
10644,682,2025-05-01,64.0,Paid
10645,682,2025-06-01,64.0,Paid
10646,682,2025-07-01,64.0,Paid
10647,683,2024-08-01,64.0,Paid
10648,683,2024-09-01,64.0,Paid
10649,683,2024-10-01,64.0,Paid
10650,683,2024-11-01,64.0,Paid
10651,683,2024-12-01,64.0,Failed
10652,683,2025-01-01,64.0,Paid
10653,683,2025-02-01,64.0,Paid
10654,683,2025-03-01,64.0,Paid
10655,683,2025-04-01,64.0,Paid
10656,683,2025-05-01,64.0,Paid
10657,683,2025-06-01,64.0,Paid
10658,683,2025-07-01,64.0,Paid
10659,683,2025-08-01,64.0,Failed
10660,683,2025-09-01,64.0,Paid
10661,683,2025-10-01,64.0,Paid
10662,683,2025-11-01,64.0,Paid
10663,683,2025-12-01,64.0,Paid
10664,683,2026-01-01,64.0,Paid
10665,683,2026-02-01,64.0,Paid
10666,683,2026-03-01,64.0,Paid
10667,683,2026-04-01,64.0,Failed
10668,683,2026-05-01,64.0,Paid
10669,683,2026-06-01,64.0,Paid
10670,683,2026-07-01,64.0,Paid
10671,684,2024-01-01,64.0,Paid
10672,684,2024-02-01,64.0,Failed
10673,684,2024-03-01,64.0,Paid
10674,684,2024-04-01,64.0,Paid
10675,684,2024-05-01,64.0,Paid
10676,684,2024-06-01,64.0,Paid
10677,684,2024-07-01,64.0,Paid
10678,684,2024-08-01,64.0,Failed
10679,684,2024-09-01,64.0,Paid
10680,684,2024-10-01,64.0,Paid
10681,684,2024-11-01,64.0,Paid
10682,684,2024-12-01,64.0,Paid
10683,684,2025-01-01,64.0,Paid
10684,684,2025-02-01,64.0,Paid
10685,684,2025-03-01,64.0,Failed
10686,684,2025-04-01,64.0,Paid
10687,684,2025-05-01,64.0,Paid
10688,684,2025-06-01,64.0,Paid
10689,684,2025-07-01,64.0,Paid
10690,684,2025-08-01,64.0,Paid
10691,684,2025-09-01,64.0,Failed
10692,684,2025-10-01,64.0,Paid
10693,684,2025-11-01,64.0,Failed
10694,684,2025-12-01,64.0,Paid
10695,684,2026-01-01,64.0,Paid
10696,684,2026-02-01,64.0,Paid
10697,684,2026-03-01,64.0,Paid
10698,684,2026-04-01,64.0,Paid
10699,684,2026-05-01,64.0,Paid
10700,684,2026-06-01,64.0,Paid
10701,684,2026-07-01,64.0,Paid
10702,685,2024-09-01,45.0,Paid
10703,685,2024-10-01,45.0,Paid
10704,685,2024-11-01,45.0,Paid
10705,685,2024-12-01,45.0,Paid
10706,685,2025-01-01,45.0,Paid
10707,685,2025-02-01,45.0,Paid
10708,685,2025-03-01,45.0,Paid
10709,685,2025-04-01,45.0,Paid
10710,686,2024-07-01,45.0,Paid
10711,686,2024-08-01,45.0,Paid
10712,686,2024-09-01,45.0,Paid
10713,686,2024-10-01,45.0,Paid
10714,686,2024-11-01,45.0,Paid
10715,686,2024-12-01,45.0,Paid
10716,686,2025-01-01,45.0,Paid
10717,686,2025-02-01,45.0,Paid
10718,686,2025-03-01,45.0,Paid
10719,686,2025-04-01,45.0,Paid
10720,686,2025-05-01,45.0,Paid
10721,686,2025-06-01,45.0,Paid
10722,686,2025-07-01,45.0,Paid
10723,686,2025-08-01,45.0,Paid
10724,686,2025-09-01,45.0,Paid
10725,686,2025-10-01,45.0,Paid
10726,686,2025-11-01,45.0,Paid
10727,686,2025-12-01,45.0,Paid
10728,686,2026-01-01,45.0,Paid
10729,686,2026-02-01,45.0,Paid
10730,686,2026-03-01,45.0,Paid
10731,686,2026-04-01,45.0,Paid
10732,686,2026-05-01,45.0,Failed
10733,686,2026-06-01,45.0,Paid
10734,686,2026-07-01,45.0,Paid
10735,687,2024-05-01,56.0,Paid
10736,687,2024-06-01,56.0,Paid
10737,687,2024-07-01,56.0,Paid
10738,687,2024-08-01,56.0,Paid
10739,687,2024-09-01,56.0,Paid
10740,687,2024-10-01,56.0,Paid
10741,687,2024-11-01,56.0,Paid
10742,687,2024-12-01,56.0,Paid
10743,687,2025-01-01,56.0,Paid
10744,687,2025-02-01,56.0,Paid
10745,687,2025-03-01,56.0,Paid
10746,687,2025-04-01,56.0,Paid
10747,687,2025-05-01,56.0,Paid
10748,687,2025-06-01,56.0,Paid
10749,687,2025-07-01,56.0,Paid
10750,687,2025-08-01,56.0,Paid
10751,687,2025-09-01,56.0,Paid
10752,687,2025-10-01,56.0,Paid
10753,687,2025-11-01,56.0,Paid
10754,687,2025-12-01,56.0,Paid
10755,687,2026-01-01,56.0,Paid
10756,687,2026-02-01,56.0,Paid
10757,687,2026-03-01,56.0,Paid
10758,687,2026-04-01,56.0,Paid
10759,687,2026-05-01,56.0,Paid
10760,687,2026-06-01,56.0,Paid
10761,687,2026-07-01,56.0,Paid
10762,688,2025-12-01,64.0,Paid
10763,688,2026-01-01,64.0,Paid
10764,688,2026-02-01,64.0,Paid
10765,688,2026-03-01,64.0,Paid
10766,688,2026-04-01,64.0,Paid
10767,688,2026-05-01,64.0,Paid
10768,688,2026-06-01,64.0,Paid
10769,688,2026-07-01,64.0,Paid
10770,689,2024-11-01,45.0,Paid
10771,689,2024-12-01,45.0,Paid
10772,689,2025-01-01,45.0,Failed
10773,689,2025-02-01,45.0,Paid
10774,689,2025-03-01,45.0,Paid
10775,689,2025-04-01,45.0,Paid
10776,689,2025-05-01,45.0,Paid
10777,689,2025-06-01,45.0,Paid
10778,689,2025-07-01,45.0,Paid
10779,689,2025-08-01,45.0,Paid
10780,689,2025-09-01,45.0,Paid
10781,689,2025-10-01,45.0,Paid
10782,689,2025-11-01,45.0,Paid
10783,689,2025-12-01,45.0,Paid
10784,689,2026-01-01,45.0,Paid
10785,689,2026-02-01,45.0,Paid
10786,689,2026-03-01,45.0,Paid
10787,689,2026-04-01,45.0,Paid
10788,689,2026-05-01,45.0,Paid
10789,689,2026-06-01,45.0,Paid
10790,689,2026-07-01,45.0,Paid
10791,690,2024-05-01,64.0,Paid
10792,690,2024-06-01,64.0,Paid
10793,690,2024-07-01,64.0,Paid
10794,690,2024-08-01,64.0,Paid
10795,690,2024-09-01,64.0,Paid
10796,690,2024-10-01,64.0,Paid
10797,690,2024-11-01,64.0,Paid
10798,690,2024-12-01,64.0,Paid
10799,690,2025-01-01,64.0,Paid
10800,690,2025-02-01,64.0,Paid
10801,690,2025-03-01,64.0,Paid
10802,690,2025-04-01,64.0,Paid
10803,690,2025-05-01,64.0,Paid
10804,690,2025-06-01,64.0,Paid
10805,690,2025-07-01,64.0,Paid
10806,690,2025-08-01,64.0,Paid
10807,690,2025-09-01,64.0,Paid
10808,690,2025-10-01,64.0,Paid
10809,690,2025-11-01,64.0,Paid
10810,690,2025-12-01,64.0,Paid
10811,690,2026-01-01,64.0,Paid
10812,690,2026-02-01,64.0,Paid
10813,690,2026-03-01,64.0,Paid
10814,690,2026-04-01,64.0,Failed
10815,690,2026-05-01,64.0,Failed
10816,690,2026-06-01,64.0,Paid
10817,690,2026-07-01,64.0,Paid
10818,691,2025-01-01,64.0,Paid
10819,691,2025-02-01,64.0,Paid
10820,691,2025-03-01,64.0,Paid
10821,691,2025-04-01,64.0,Paid
10822,691,2025-05-01,64.0,Paid
10823,691,2025-06-01,64.0,Paid
10824,691,2025-07-01,64.0,Paid
10825,691,2025-08-01,64.0,Paid
10826,691,2025-09-01,64.0,Paid
10827,691,2025-10-01,64.0,Failed
10828,691,2025-11-01,64.0,Paid
10829,691,2025-12-01,64.0,Paid
10830,691,2026-01-01,64.0,Failed
10831,691,2026-02-01,64.0,Paid
10832,691,2026-03-01,64.0,Paid
10833,691,2026-04-01,64.0,Paid
10834,691,2026-05-01,64.0,Paid
10835,691,2026-06-01,64.0,Paid
10836,691,2026-07-01,64.0,Paid
10837,692,2025-01-01,45.0,Paid
10838,692,2025-02-01,45.0,Paid
10839,692,2025-03-01,45.0,Paid
10840,692,2025-04-01,45.0,Paid
10841,692,2025-05-01,45.0,Paid
10842,692,2025-06-01,45.0,Paid
10843,692,2025-07-01,45.0,Paid
10844,692,2025-08-01,45.0,Paid
10845,692,2025-09-01,45.0,Paid
10846,692,2025-10-01,45.0,Paid
10847,692,2025-11-01,45.0,Paid
10848,692,2025-12-01,45.0,Paid
10849,692,2026-01-01,45.0,Paid
10850,692,2026-02-01,45.0,Paid
10851,692,2026-03-01,45.0,Paid
10852,692,2026-04-01,45.0,Paid
10853,692,2026-05-01,45.0,Paid
10854,692,2026-06-01,45.0,Paid
10855,692,2026-07-01,45.0,Failed
10856,693,2024-04-01,45.0,Paid
10857,693,2024-05-01,45.0,Paid
10858,693,2024-06-01,45.0,Failed
10859,693,2024-07-01,45.0,Paid
10860,693,2024-08-01,45.0,Paid
10861,693,2024-09-01,45.0,Paid
10862,693,2024-10-01,45.0,Paid
10863,693,2024-11-01,45.0,Paid
10864,693,2024-12-01,45.0,Paid
10865,693,2025-01-01,45.0,Paid
10866,693,2025-02-01,45.0,Paid
10867,693,2025-03-01,45.0,Paid
10868,693,2025-04-01,45.0,Paid
10869,693,2025-05-01,45.0,Paid
10870,693,2025-06-01,45.0,Paid
10871,693,2025-07-01,45.0,Paid
10872,693,2025-08-01,45.0,Paid
10873,693,2025-09-01,45.0,Paid
10874,693,2025-10-01,45.0,Paid
10875,693,2025-11-01,45.0,Paid
10876,693,2025-12-01,45.0,Paid
10877,693,2026-01-01,45.0,Paid
10878,693,2026-02-01,45.0,Paid
10879,693,2026-03-01,45.0,Paid
10880,693,2026-04-01,45.0,Paid
10881,693,2026-05-01,45.0,Paid
10882,693,2026-06-01,45.0,Paid
10883,693,2026-07-01,45.0,Paid
10884,694,2024-10-01,45.0,Paid
10885,694,2024-11-01,45.0,Paid
10886,694,2024-12-01,45.0,Paid
10887,694,2025-01-01,45.0,Paid
10888,694,2025-02-01,45.0,Paid
10889,694,2025-03-01,45.0,Paid
10890,694,2025-04-01,45.0,Paid
10891,694,2025-05-01,45.0,Paid
10892,694,2025-06-01,45.0,Paid
10893,694,2025-07-01,45.0,Paid
10894,694,2025-08-01,45.0,Paid
10895,694,2025-09-01,45.0,Paid
10896,694,2025-10-01,45.0,Paid
10897,694,2025-11-01,45.0,Paid
10898,694,2025-12-01,45.0,Failed
10899,694,2026-01-01,45.0,Paid
10900,694,2026-02-01,45.0,Paid
10901,694,2026-03-01,45.0,Paid
10902,694,2026-04-01,45.0,Paid
10903,694,2026-05-01,45.0,Paid
10904,694,2026-06-01,45.0,Paid
10905,694,2026-07-01,45.0,Paid
10906,695,2024-04-01,56.0,Paid
10907,695,2024-05-01,56.0,Paid
10908,695,2024-06-01,56.0,Paid
10909,695,2024-07-01,56.0,Paid
10910,695,2024-08-01,56.0,Paid
10911,695,2024-09-01,56.0,Paid
10912,695,2024-10-01,56.0,Paid
10913,695,2024-11-01,56.0,Paid
10914,695,2024-12-01,56.0,Paid
10915,695,2025-01-01,56.0,Paid
10916,695,2025-02-01,56.0,Paid
10917,695,2025-03-01,56.0,Paid
10918,695,2025-04-01,56.0,Paid
10919,695,2025-05-01,56.0,Paid
10920,695,2025-06-01,56.0,Paid
10921,695,2025-07-01,56.0,Paid
10922,695,2025-08-01,56.0,Paid
10923,695,2025-09-01,56.0,Failed
10924,695,2025-10-01,56.0,Paid
10925,695,2025-11-01,56.0,Paid
10926,695,2025-12-01,56.0,Paid
10927,695,2026-01-01,56.0,Paid
10928,695,2026-02-01,56.0,Paid
10929,695,2026-03-01,56.0,Paid
10930,695,2026-04-01,56.0,Paid
10931,695,2026-05-01,56.0,Paid
10932,695,2026-06-01,56.0,Paid
10933,695,2026-07-01,56.0,Paid
10934,696,2024-12-01,45.0,Paid
10935,696,2025-01-01,45.0,Paid
10936,696,2025-02-01,45.0,Paid
10937,696,2025-03-01,45.0,Paid
10938,696,2025-04-01,45.0,Paid
10939,696,2025-05-01,45.0,Paid
10940,696,2025-06-01,45.0,Paid
10941,696,2025-07-01,45.0,Paid
10942,696,2025-08-01,45.0,Paid
10943,696,2025-09-01,45.0,Paid
10944,696,2025-10-01,45.0,Paid
10945,696,2025-11-01,45.0,Paid
10946,696,2025-12-01,45.0,Paid
10947,696,2026-01-01,45.0,Paid
10948,696,2026-02-01,45.0,Paid
10949,696,2026-03-01,45.0,Paid
10950,696,2026-04-01,45.0,Paid
10951,696,2026-05-01,45.0,Paid
10952,696,2026-06-01,45.0,Paid
10953,696,2026-07-01,45.0,Paid
10954,697,2024-10-01,56.0,Paid
10955,697,2024-11-01,56.0,Paid
10956,697,2024-12-01,56.0,Paid
10957,697,2025-01-01,56.0,Paid
10958,697,2025-02-01,56.0,Paid
10959,697,2025-03-01,56.0,Paid
10960,697,2025-04-01,56.0,Paid
10961,697,2025-05-01,56.0,Paid
10962,697,2025-06-01,56.0,Paid
10963,697,2025-07-01,56.0,Paid
10964,697,2025-08-01,56.0,Paid
10965,697,2025-09-01,56.0,Paid
10966,697,2025-10-01,56.0,Paid
10967,697,2025-11-01,56.0,Paid
10968,697,2025-12-01,56.0,Paid
10969,697,2026-01-01,56.0,Paid
10970,697,2026-02-01,56.0,Failed
10971,697,2026-03-01,56.0,Paid
10972,697,2026-04-01,56.0,Paid
10973,697,2026-05-01,56.0,Paid
10974,697,2026-06-01,56.0,Paid
10975,697,2026-07-01,56.0,Paid
10976,698,2026-03-01,64.0,Paid
10977,698,2026-04-01,64.0,Paid
10978,698,2026-05-01,64.0,Paid
10979,698,2026-06-01,64.0,Paid
10980,699,2024-03-01,56.0,Paid
10981,699,2024-04-01,56.0,Paid
10982,699,2024-05-01,56.0,Paid
10983,699,2024-06-01,56.0,Paid
10984,699,2024-07-01,56.0,Paid
10985,699,2024-08-01,56.0,Paid
10986,700,2025-01-01,64.0,Paid
10987,700,2025-02-01,64.0,Failed
10988,700,2025-03-01,64.0,Paid
10989,700,2025-04-01,64.0,Paid
10990,700,2025-05-01,64.0,Failed
10991,700,2025-06-01,64.0,Paid
10992,700,2025-07-01,64.0,Paid
10993,700,2025-08-01,64.0,Paid
10994,700,2025-09-01,64.0,Paid
10995,700,2025-10-01,64.0,Paid
10996,700,2025-11-01,64.0,Paid
10997,700,2025-12-01,64.0,Paid
10998,700,2026-01-01,64.0,Paid
10999,700,2026-02-01,64.0,Failed
11000,700,2026-03-01,64.0,Paid
11001,700,2026-04-01,64.0,Failed
11002,700,2026-05-01,64.0,Paid
11003,700,2026-06-01,64.0,Paid
11004,700,2026-07-01,64.0,Paid
11005,701,2024-09-01,45.0,Paid
11006,701,2024-10-01,45.0,Paid
11007,701,2024-11-01,45.0,Paid
11008,701,2024-12-01,45.0,Paid
11009,701,2025-01-01,45.0,Paid
11010,701,2025-02-01,45.0,Paid
11011,701,2025-03-01,45.0,Paid
11012,701,2025-04-01,45.0,Paid
11013,701,2025-05-01,45.0,Paid
11014,701,2025-06-01,45.0,Paid
11015,701,2025-07-01,45.0,Paid
11016,701,2025-08-01,45.0,Paid
11017,701,2025-09-01,45.0,Paid
11018,701,2025-10-01,45.0,Paid
11019,701,2025-11-01,45.0,Paid
11020,701,2025-12-01,45.0,Paid
11021,701,2026-01-01,45.0,Paid
11022,701,2026-02-01,45.0,Paid
11023,701,2026-03-01,45.0,Paid
11024,701,2026-04-01,45.0,Paid
11025,701,2026-05-01,45.0,Paid
11026,701,2026-06-01,45.0,Paid
11027,701,2026-07-01,45.0,Paid
11028,702,2026-04-01,64.0,Paid
11029,702,2026-05-01,64.0,Paid
11030,702,2026-06-01,64.0,Paid
11031,703,2025-01-01,64.0,Paid
11032,703,2025-02-01,64.0,Paid
11033,703,2025-03-01,64.0,Paid
11034,703,2025-04-01,64.0,Paid
11035,703,2025-05-01,64.0,Paid
11036,703,2025-06-01,64.0,Paid
11037,703,2025-07-01,64.0,Paid
11038,703,2025-08-01,64.0,Paid
11039,703,2025-09-01,64.0,Paid
11040,703,2025-10-01,64.0,Paid
11041,703,2025-11-01,64.0,Paid
11042,703,2025-12-01,64.0,Paid
11043,703,2026-01-01,64.0,Paid
11044,703,2026-02-01,64.0,Paid
11045,703,2026-03-01,64.0,Paid
11046,703,2026-04-01,64.0,Paid
11047,703,2026-05-01,64.0,Paid
11048,703,2026-06-01,64.0,Paid
11049,703,2026-07-01,64.0,Paid
11050,704,2025-02-01,45.0,Paid
11051,704,2025-03-01,45.0,Paid
11052,704,2025-04-01,45.0,Paid
11053,704,2025-05-01,45.0,Paid
11054,704,2025-06-01,45.0,Paid
11055,704,2025-07-01,45.0,Paid
11056,704,2025-08-01,45.0,Paid
11057,704,2025-09-01,45.0,Paid
11058,704,2025-10-01,45.0,Paid
11059,704,2025-11-01,45.0,Paid
11060,705,2024-03-01,64.0,Paid
11061,705,2024-04-01,64.0,Paid
11062,705,2024-05-01,64.0,Paid
11063,705,2024-06-01,64.0,Paid
11064,705,2024-07-01,64.0,Paid
11065,705,2024-08-01,64.0,Paid
11066,705,2024-09-01,64.0,Paid
11067,705,2024-10-01,64.0,Paid
11068,705,2024-11-01,64.0,Paid
11069,705,2024-12-01,64.0,Paid
11070,705,2025-01-01,64.0,Failed
11071,705,2025-02-01,64.0,Paid
11072,705,2025-03-01,64.0,Paid
11073,705,2025-04-01,64.0,Paid
11074,705,2025-05-01,64.0,Paid
11075,705,2025-06-01,64.0,Paid
11076,705,2025-07-01,64.0,Paid
11077,705,2025-08-01,64.0,Paid
11078,705,2025-09-01,64.0,Paid
11079,705,2025-10-01,64.0,Paid
11080,705,2025-11-01,64.0,Paid
11081,705,2025-12-01,64.0,Paid
11082,705,2026-01-01,64.0,Paid
11083,705,2026-02-01,64.0,Paid
11084,705,2026-03-01,64.0,Paid
11085,705,2026-04-01,64.0,Paid
11086,705,2026-05-01,64.0,Paid
11087,705,2026-06-01,64.0,Paid
11088,705,2026-07-01,64.0,Paid
11089,706,2024-06-01,45.0,Paid
11090,706,2024-07-01,45.0,Paid
11091,706,2024-08-01,45.0,Paid
11092,706,2024-09-01,45.0,Paid
11093,706,2024-10-01,45.0,Paid
11094,706,2024-11-01,45.0,Paid
11095,706,2024-12-01,45.0,Paid
11096,706,2025-01-01,45.0,Paid
11097,706,2025-02-01,45.0,Paid
11098,706,2025-03-01,45.0,Paid
11099,706,2025-04-01,45.0,Paid
11100,706,2025-05-01,45.0,Paid
11101,706,2025-06-01,45.0,Paid
11102,706,2025-07-01,45.0,Paid
11103,706,2025-08-01,45.0,Paid
11104,706,2025-09-01,45.0,Paid
11105,706,2025-10-01,45.0,Paid
11106,706,2025-11-01,45.0,Paid
11107,706,2025-12-01,45.0,Paid
11108,706,2026-01-01,45.0,Paid
11109,706,2026-02-01,45.0,Paid
11110,706,2026-03-01,45.0,Paid
11111,706,2026-04-01,45.0,Paid
11112,706,2026-05-01,45.0,Paid
11113,706,2026-06-01,45.0,Paid
11114,706,2026-07-01,45.0,Paid
11115,707,2025-01-01,56.0,Paid
11116,707,2025-02-01,56.0,Paid
11117,707,2025-03-01,56.0,Paid
11118,707,2025-04-01,56.0,Paid
11119,707,2025-05-01,56.0,Paid
11120,707,2025-06-01,56.0,Paid
11121,707,2025-07-01,56.0,Paid
11122,707,2025-08-01,56.0,Paid
11123,707,2025-09-01,56.0,Paid
11124,707,2025-10-01,56.0,Paid
11125,707,2025-11-01,56.0,Paid
11126,707,2025-12-01,56.0,Paid
11127,707,2026-01-01,56.0,Paid
11128,707,2026-02-01,56.0,Paid
11129,707,2026-03-01,56.0,Paid
11130,707,2026-04-01,56.0,Paid
11131,707,2026-05-01,56.0,Paid
11132,707,2026-06-01,56.0,Paid
11133,707,2026-07-01,56.0,Paid
11134,708,2025-09-01,56.0,Paid
11135,708,2025-10-01,56.0,Paid
11136,708,2025-11-01,56.0,Paid
11137,708,2025-12-01,56.0,Paid
11138,708,2026-01-01,56.0,Paid
11139,708,2026-02-01,56.0,Paid
11140,708,2026-03-01,56.0,Paid
11141,708,2026-04-01,56.0,Paid
11142,708,2026-05-01,56.0,Paid
11143,708,2026-06-01,56.0,Paid
11144,708,2026-07-01,56.0,Paid
11145,709,2026-02-01,56.0,Paid
11146,709,2026-03-01,56.0,Paid
11147,709,2026-04-01,56.0,Paid
11148,709,2026-05-01,56.0,Paid
11149,709,2026-06-01,56.0,Paid
11150,709,2026-07-01,56.0,Paid
11151,710,2024-02-01,39.0,Paid
11152,710,2024-03-01,39.0,Paid
11153,710,2024-04-01,39.0,Paid
11154,710,2024-05-01,39.0,Paid
11155,710,2024-06-01,39.0,Paid
11156,710,2024-07-01,39.0,Failed
11157,710,2024-08-01,39.0,Paid
11158,710,2024-09-01,39.0,Paid
11159,710,2024-10-01,39.0,Failed
11160,710,2024-11-01,39.0,Paid
11161,710,2024-12-01,39.0,Failed
11162,710,2025-01-01,39.0,Paid
11163,710,2025-02-01,39.0,Paid
11164,710,2025-03-01,39.0,Paid
11165,710,2025-04-01,39.0,Paid
11166,710,2025-05-01,39.0,Paid
11167,710,2025-06-01,39.0,Paid
11168,710,2025-07-01,39.0,Paid
11169,710,2025-08-01,39.0,Paid
11170,710,2025-09-01,39.0,Paid
11171,710,2025-10-01,39.0,Paid
11172,710,2025-11-01,39.0,Paid
11173,710,2025-12-01,39.0,Paid
11174,710,2026-01-01,39.0,Paid
11175,710,2026-02-01,39.0,Paid
11176,710,2026-03-01,39.0,Paid
11177,710,2026-04-01,39.0,Paid
11178,710,2026-05-01,39.0,Paid
11179,710,2026-06-01,39.0,Paid
11180,710,2026-07-01,39.0,Paid
11181,711,2025-04-01,39.0,Paid
11182,711,2025-05-01,39.0,Paid
11183,711,2025-06-01,39.0,Paid
11184,711,2025-07-01,39.0,Paid
11185,711,2025-08-01,39.0,Paid
11186,711,2025-09-01,39.0,Paid
11187,711,2025-10-01,39.0,Paid
11188,711,2025-11-01,39.0,Paid
11189,711,2025-12-01,39.0,Failed
11190,711,2026-01-01,39.0,Paid
11191,711,2026-02-01,39.0,Paid
11192,711,2026-03-01,39.0,Paid
11193,711,2026-04-01,39.0,Paid
11194,711,2026-05-01,39.0,Paid
11195,711,2026-06-01,39.0,Paid
11196,711,2026-07-01,39.0,Paid
11197,712,2024-02-01,45.0,Paid
11198,712,2024-03-01,45.0,Paid
11199,712,2024-04-01,45.0,Paid
11200,712,2024-05-01,45.0,Paid
11201,712,2024-06-01,45.0,Paid
11202,712,2024-07-01,45.0,Paid
11203,712,2024-08-01,45.0,Paid
11204,712,2024-09-01,45.0,Paid
11205,712,2024-10-01,45.0,Paid
11206,712,2024-11-01,45.0,Paid
11207,712,2024-12-01,45.0,Paid
11208,712,2025-01-01,45.0,Paid
11209,712,2025-02-01,45.0,Paid
11210,712,2025-03-01,45.0,Paid
11211,712,2025-04-01,45.0,Paid
11212,712,2025-05-01,45.0,Paid
11213,712,2025-06-01,45.0,Paid
11214,712,2025-07-01,45.0,Paid
11215,712,2025-08-01,45.0,Paid
11216,712,2025-09-01,45.0,Paid
11217,712,2025-10-01,45.0,Paid
11218,712,2025-11-01,45.0,Paid
11219,712,2025-12-01,45.0,Paid
11220,712,2026-01-01,45.0,Paid
11221,712,2026-02-01,45.0,Paid
11222,712,2026-03-01,45.0,Paid
11223,712,2026-04-01,45.0,Paid
11224,712,2026-05-01,45.0,Paid
11225,712,2026-06-01,45.0,Paid
11226,712,2026-07-01,45.0,Paid
11227,713,2025-07-01,64.0,Paid
11228,713,2025-08-01,64.0,Paid
11229,713,2025-09-01,64.0,Paid
11230,713,2025-10-01,64.0,Paid
11231,713,2025-11-01,64.0,Paid
11232,713,2025-12-01,64.0,Paid
11233,713,2026-01-01,64.0,Paid
11234,713,2026-02-01,64.0,Paid
11235,713,2026-03-01,64.0,Paid
11236,713,2026-04-01,64.0,Paid
11237,713,2026-05-01,64.0,Paid
11238,713,2026-06-01,64.0,Paid
11239,713,2026-07-01,64.0,Paid
11240,714,2025-08-01,45.0,Paid
11241,714,2025-09-01,45.0,Paid
11242,714,2025-10-01,45.0,Paid
11243,714,2025-11-01,45.0,Paid
11244,714,2025-12-01,45.0,Paid
11245,714,2026-01-01,45.0,Paid
11246,714,2026-02-01,45.0,Paid
11247,714,2026-03-01,45.0,Paid
11248,714,2026-04-01,45.0,Paid
11249,714,2026-05-01,45.0,Paid
11250,714,2026-06-01,45.0,Paid
11251,714,2026-07-01,45.0,Paid
11252,715,2024-03-01,64.0,Failed
11253,715,2024-04-01,64.0,Paid
11254,715,2024-05-01,64.0,Paid
11255,715,2024-06-01,64.0,Paid
11256,715,2024-07-01,64.0,Paid
11257,715,2024-08-01,64.0,Paid
11258,715,2024-09-01,64.0,Paid
11259,715,2024-10-01,64.0,Paid
11260,715,2024-11-01,64.0,Paid
11261,715,2024-12-01,64.0,Paid
11262,715,2025-01-01,64.0,Paid
11263,715,2025-02-01,64.0,Paid
11264,715,2025-03-01,64.0,Failed
11265,715,2025-04-01,64.0,Paid
11266,715,2025-05-01,64.0,Paid
11267,715,2025-06-01,64.0,Paid
11268,715,2025-07-01,64.0,Paid
11269,716,2025-12-01,39.0,Paid
11270,716,2026-01-01,39.0,Paid
11271,716,2026-02-01,39.0,Paid
11272,717,2025-01-01,39.0,Paid
11273,717,2025-02-01,39.0,Paid
11274,717,2025-03-01,39.0,Paid
11275,717,2025-04-01,39.0,Paid
11276,717,2025-05-01,39.0,Paid
11277,717,2025-06-01,39.0,Paid
11278,717,2025-07-01,39.0,Paid
11279,717,2025-08-01,39.0,Paid
11280,717,2025-09-01,39.0,Paid
11281,717,2025-10-01,39.0,Paid
11282,717,2025-11-01,39.0,Paid
11283,717,2025-12-01,39.0,Paid
11284,717,2026-01-01,39.0,Paid
11285,717,2026-02-01,39.0,Paid
11286,717,2026-03-01,39.0,Paid
11287,717,2026-04-01,39.0,Paid
11288,717,2026-05-01,39.0,Paid
11289,717,2026-06-01,39.0,Paid
11290,717,2026-07-01,39.0,Paid
11291,718,2025-04-01,45.0,Paid
11292,718,2025-05-01,45.0,Failed
11293,718,2025-06-01,45.0,Paid
11294,718,2025-07-01,45.0,Paid
11295,718,2025-08-01,45.0,Paid
11296,718,2025-09-01,45.0,Paid
11297,718,2025-10-01,45.0,Paid
11298,718,2025-11-01,45.0,Paid
11299,718,2025-12-01,45.0,Paid
11300,718,2026-01-01,45.0,Paid
11301,718,2026-02-01,45.0,Failed
11302,718,2026-03-01,45.0,Paid
11303,718,2026-04-01,45.0,Paid
11304,718,2026-05-01,45.0,Paid
11305,718,2026-06-01,45.0,Paid
11306,718,2026-07-01,45.0,Paid
11307,719,2024-01-01,64.0,Paid
11308,719,2024-02-01,64.0,Failed
11309,719,2024-03-01,64.0,Paid
11310,719,2024-04-01,64.0,Paid
11311,719,2024-05-01,64.0,Paid
11312,720,2025-09-01,64.0,Paid
11313,720,2025-10-01,64.0,Paid
11314,720,2025-11-01,64.0,Failed
11315,720,2025-12-01,64.0,Paid
11316,720,2026-01-01,64.0,Paid
11317,720,2026-02-01,64.0,Paid
11318,720,2026-03-01,64.0,Paid
11319,720,2026-04-01,64.0,Paid
11320,720,2026-05-01,64.0,Paid
11321,720,2026-06-01,64.0,Failed
11322,720,2026-07-01,64.0,Paid
11323,721,2026-05-01,64.0,Paid
11324,721,2026-06-01,64.0,Paid
11325,721,2026-07-01,64.0,Paid
11326,722,2026-01-01,56.0,Paid
11327,722,2026-02-01,56.0,Paid
11328,722,2026-03-01,56.0,Paid
11329,723,2024-06-01,64.0,Paid
11330,723,2024-07-01,64.0,Paid
11331,723,2024-08-01,64.0,Paid
11332,723,2024-09-01,64.0,Failed
11333,723,2024-10-01,64.0,Paid
11334,723,2024-11-01,64.0,Paid
11335,723,2024-12-01,64.0,Paid
11336,723,2025-01-01,64.0,Paid
11337,723,2025-02-01,64.0,Paid
11338,723,2025-03-01,64.0,Paid
11339,723,2025-04-01,64.0,Paid
11340,723,2025-05-01,64.0,Paid
11341,723,2025-06-01,64.0,Paid
11342,723,2025-07-01,64.0,Paid
11343,723,2025-08-01,64.0,Paid
11344,723,2025-09-01,64.0,Paid
11345,723,2025-10-01,64.0,Paid
11346,723,2025-11-01,64.0,Paid
11347,723,2025-12-01,64.0,Paid
11348,723,2026-01-01,64.0,Paid
11349,723,2026-02-01,64.0,Paid
11350,723,2026-03-01,64.0,Paid
11351,723,2026-04-01,64.0,Paid
11352,723,2026-05-01,64.0,Failed
11353,723,2026-06-01,64.0,Paid
11354,723,2026-07-01,64.0,Paid
11355,724,2026-05-01,64.0,Paid
11356,724,2026-06-01,64.0,Paid
11357,724,2026-07-01,64.0,Paid
11358,725,2025-08-01,39.0,Paid
11359,725,2025-09-01,39.0,Paid
11360,725,2025-10-01,39.0,Paid
11361,725,2025-11-01,39.0,Paid
11362,725,2025-12-01,39.0,Paid
11363,725,2026-01-01,39.0,Paid
11364,725,2026-02-01,39.0,Paid
11365,725,2026-03-01,39.0,Paid
11366,725,2026-04-01,39.0,Failed
11367,725,2026-05-01,39.0,Paid
11368,725,2026-06-01,39.0,Paid
11369,726,2025-06-01,45.0,Failed
11370,726,2025-07-01,45.0,Paid
11371,726,2025-08-01,45.0,Paid
11372,726,2025-09-01,45.0,Paid
11373,726,2025-10-01,45.0,Paid
11374,726,2025-11-01,45.0,Paid
11375,726,2025-12-01,45.0,Paid
11376,726,2026-01-01,45.0,Paid
11377,726,2026-02-01,45.0,Paid
11378,726,2026-03-01,45.0,Paid
11379,726,2026-04-01,45.0,Paid
11380,726,2026-05-01,45.0,Paid
11381,726,2026-06-01,45.0,Paid
11382,726,2026-07-01,45.0,Paid
11383,727,2024-05-01,64.0,Failed
11384,727,2024-06-01,64.0,Paid
11385,727,2024-07-01,64.0,Paid
11386,727,2024-08-01,64.0,Paid
11387,727,2024-09-01,64.0,Paid
11388,727,2024-10-01,64.0,Paid
11389,727,2024-11-01,64.0,Paid
11390,727,2024-12-01,64.0,Paid
11391,727,2025-01-01,64.0,Paid
11392,727,2025-02-01,64.0,Paid
11393,727,2025-03-01,64.0,Paid
11394,727,2025-04-01,64.0,Paid
11395,727,2025-05-01,64.0,Failed
11396,727,2025-06-01,64.0,Failed
11397,727,2025-07-01,64.0,Paid
11398,727,2025-08-01,64.0,Paid
11399,727,2025-09-01,64.0,Paid
11400,728,2025-09-01,64.0,Paid
11401,728,2025-10-01,64.0,Paid
11402,728,2025-11-01,64.0,Paid
11403,728,2025-12-01,64.0,Paid
11404,728,2026-01-01,64.0,Paid
11405,728,2026-02-01,64.0,Paid
11406,728,2026-03-01,64.0,Paid
11407,729,2024-10-01,64.0,Paid
11408,729,2024-11-01,64.0,Paid
11409,729,2024-12-01,64.0,Paid
11410,729,2025-01-01,64.0,Paid
11411,729,2025-02-01,64.0,Paid
11412,729,2025-03-01,64.0,Paid
11413,729,2025-04-01,64.0,Paid
11414,729,2025-05-01,64.0,Paid
11415,729,2025-06-01,64.0,Paid
11416,729,2025-07-01,64.0,Paid
11417,729,2025-08-01,64.0,Paid
11418,729,2025-09-01,64.0,Paid
11419,729,2025-10-01,64.0,Paid
11420,729,2025-11-01,64.0,Paid
11421,729,2025-12-01,64.0,Paid
11422,729,2026-01-01,64.0,Paid
11423,729,2026-02-01,64.0,Paid
11424,729,2026-03-01,64.0,Failed
11425,729,2026-04-01,64.0,Paid
11426,729,2026-05-01,64.0,Paid
11427,729,2026-06-01,64.0,Paid
11428,729,2026-07-01,64.0,Paid
11429,730,2025-09-01,45.0,Paid
11430,730,2025-10-01,45.0,Paid
11431,730,2025-11-01,45.0,Paid
11432,730,2025-12-01,45.0,Paid
11433,730,2026-01-01,45.0,Paid
11434,730,2026-02-01,45.0,Paid
11435,730,2026-03-01,45.0,Paid
11436,730,2026-04-01,45.0,Paid
11437,730,2026-05-01,45.0,Paid
11438,730,2026-06-01,45.0,Paid
11439,730,2026-07-01,45.0,Paid
11440,731,2025-04-01,45.0,Paid
11441,731,2025-05-01,45.0,Paid
11442,731,2025-06-01,45.0,Paid
11443,731,2025-07-01,45.0,Paid
11444,731,2025-08-01,45.0,Paid
11445,731,2025-09-01,45.0,Paid
11446,731,2025-10-01,45.0,Paid
11447,731,2025-11-01,45.0,Paid
11448,731,2025-12-01,45.0,Paid
11449,731,2026-01-01,45.0,Paid
11450,731,2026-02-01,45.0,Paid
11451,731,2026-03-01,45.0,Paid
11452,731,2026-04-01,45.0,Paid
11453,731,2026-05-01,45.0,Paid
11454,731,2026-06-01,45.0,Paid
11455,731,2026-07-01,45.0,Failed
11456,732,2025-08-01,64.0,Paid
11457,732,2025-09-01,64.0,Paid
11458,732,2025-10-01,64.0,Paid
11459,732,2025-11-01,64.0,Paid
11460,732,2025-12-01,64.0,Paid
11461,732,2026-01-01,64.0,Paid
11462,732,2026-02-01,64.0,Paid
11463,732,2026-03-01,64.0,Paid
11464,732,2026-04-01,64.0,Paid
11465,732,2026-05-01,64.0,Paid
11466,732,2026-06-01,64.0,Paid
11467,732,2026-07-01,64.0,Paid
11468,733,2026-01-01,56.0,Paid
11469,733,2026-02-01,56.0,Paid
11470,733,2026-03-01,56.0,Failed
11471,733,2026-04-01,56.0,Paid
11472,733,2026-05-01,56.0,Paid
11473,733,2026-06-01,56.0,Paid
11474,733,2026-07-01,56.0,Paid
11475,734,2025-12-01,64.0,Paid
11476,734,2026-01-01,64.0,Paid
11477,734,2026-02-01,64.0,Paid
11478,734,2026-03-01,64.0,Paid
11479,734,2026-04-01,64.0,Paid
11480,734,2026-05-01,64.0,Paid
11481,734,2026-06-01,64.0,Paid
11482,734,2026-07-01,64.0,Paid
11483,735,2024-03-01,64.0,Failed
11484,735,2024-04-01,64.0,Paid
11485,735,2024-05-01,64.0,Paid
11486,735,2024-06-01,64.0,Paid
11487,735,2024-07-01,64.0,Paid
11488,735,2024-08-01,64.0,Paid
11489,735,2024-09-01,64.0,Paid
11490,735,2024-10-01,64.0,Paid
11491,735,2024-11-01,64.0,Failed
11492,735,2024-12-01,64.0,Paid
11493,735,2025-01-01,64.0,Paid
11494,735,2025-02-01,64.0,Paid
11495,735,2025-03-01,64.0,Failed
11496,735,2025-04-01,64.0,Paid
11497,735,2025-05-01,64.0,Paid
11498,735,2025-06-01,64.0,Paid
11499,735,2025-07-01,64.0,Paid
11500,735,2025-08-01,64.0,Paid
11501,735,2025-09-01,64.0,Paid
11502,735,2025-10-01,64.0,Paid
11503,735,2025-11-01,64.0,Paid
11504,735,2025-12-01,64.0,Paid
11505,735,2026-01-01,64.0,Paid
11506,735,2026-02-01,64.0,Paid
11507,735,2026-03-01,64.0,Paid
11508,735,2026-04-01,64.0,Paid
11509,735,2026-05-01,64.0,Paid
11510,736,2025-10-01,64.0,Paid
11511,736,2025-11-01,64.0,Failed
11512,736,2025-12-01,64.0,Paid
11513,736,2026-01-01,64.0,Paid
11514,736,2026-02-01,64.0,Paid
11515,736,2026-03-01,64.0,Paid
11516,736,2026-04-01,64.0,Paid
11517,736,2026-05-01,64.0,Paid
11518,736,2026-06-01,64.0,Paid
11519,736,2026-07-01,64.0,Paid
11520,737,2026-02-01,45.0,Paid
11521,737,2026-03-01,45.0,Paid
11522,737,2026-04-01,45.0,Paid
11523,737,2026-05-01,45.0,Paid
11524,737,2026-06-01,45.0,Paid
11525,737,2026-07-01,45.0,Paid
11526,738,2025-12-01,45.0,Paid
11527,738,2026-01-01,45.0,Paid
11528,738,2026-02-01,45.0,Paid
11529,738,2026-03-01,45.0,Paid
11530,738,2026-04-01,45.0,Paid
11531,738,2026-05-01,45.0,Paid
11532,738,2026-06-01,45.0,Paid
11533,738,2026-07-01,45.0,Paid
11534,739,2024-03-01,64.0,Paid
11535,739,2024-04-01,64.0,Paid
11536,739,2024-05-01,64.0,Paid
11537,739,2024-06-01,64.0,Paid
11538,739,2024-07-01,64.0,Paid
11539,739,2024-08-01,64.0,Paid
11540,739,2024-09-01,64.0,Paid
11541,739,2024-10-01,64.0,Paid
11542,739,2024-11-01,64.0,Paid
11543,739,2024-12-01,64.0,Paid
11544,739,2025-01-01,64.0,Paid
11545,739,2025-02-01,64.0,Paid
11546,739,2025-03-01,64.0,Paid
11547,739,2025-04-01,64.0,Paid
11548,739,2025-05-01,64.0,Paid
11549,739,2025-06-01,64.0,Paid
11550,739,2025-07-01,64.0,Paid
11551,739,2025-08-01,64.0,Paid
11552,739,2025-09-01,64.0,Paid
11553,739,2025-10-01,64.0,Paid
11554,739,2025-11-01,64.0,Paid
11555,739,2025-12-01,64.0,Paid
11556,739,2026-01-01,64.0,Paid
11557,739,2026-02-01,64.0,Paid
11558,739,2026-03-01,64.0,Failed
11559,739,2026-04-01,64.0,Paid
11560,739,2026-05-01,64.0,Paid
11561,739,2026-06-01,64.0,Paid
11562,739,2026-07-01,64.0,Paid
11563,740,2025-06-01,64.0,Paid
11564,740,2025-07-01,64.0,Paid
11565,740,2025-08-01,64.0,Paid
11566,741,2024-01-01,64.0,Paid
11567,741,2024-02-01,64.0,Paid
11568,741,2024-03-01,64.0,Paid
11569,741,2024-04-01,64.0,Paid
11570,741,2024-05-01,64.0,Paid
11571,741,2024-06-01,64.0,Paid
11572,741,2024-07-01,64.0,Paid
11573,741,2024-08-01,64.0,Paid
11574,741,2024-09-01,64.0,Paid
11575,741,2024-10-01,64.0,Paid
11576,741,2024-11-01,64.0,Paid
11577,741,2024-12-01,64.0,Paid
11578,741,2025-01-01,64.0,Paid
11579,741,2025-02-01,64.0,Paid
11580,741,2025-03-01,64.0,Paid
11581,741,2025-04-01,64.0,Paid
11582,741,2025-05-01,64.0,Paid
11583,741,2025-06-01,64.0,Paid
11584,741,2025-07-01,64.0,Paid
11585,741,2025-08-01,64.0,Paid
11586,741,2025-09-01,64.0,Paid
11587,741,2025-10-01,64.0,Paid
11588,741,2025-11-01,64.0,Paid
11589,741,2025-12-01,64.0,Paid
11590,741,2026-01-01,64.0,Paid
11591,741,2026-02-01,64.0,Paid
11592,741,2026-03-01,64.0,Paid
11593,741,2026-04-01,64.0,Paid
11594,741,2026-05-01,64.0,Paid
11595,741,2026-06-01,64.0,Paid
11596,741,2026-07-01,64.0,Paid
11597,742,2024-02-01,64.0,Paid
11598,742,2024-03-01,64.0,Paid
11599,742,2024-04-01,64.0,Paid
11600,742,2024-05-01,64.0,Paid
11601,742,2024-06-01,64.0,Paid
11602,742,2024-07-01,64.0,Paid
11603,742,2024-08-01,64.0,Paid
11604,742,2024-09-01,64.0,Paid
11605,742,2024-10-01,64.0,Paid
11606,742,2024-11-01,64.0,Failed
11607,742,2024-12-01,64.0,Paid
11608,742,2025-01-01,64.0,Paid
11609,742,2025-02-01,64.0,Paid
11610,742,2025-03-01,64.0,Paid
11611,742,2025-04-01,64.0,Paid
11612,742,2025-05-01,64.0,Paid
11613,742,2025-06-01,64.0,Paid
11614,742,2025-07-01,64.0,Paid
11615,742,2025-08-01,64.0,Paid
11616,742,2025-09-01,64.0,Paid
11617,742,2025-10-01,64.0,Paid
11618,742,2025-11-01,64.0,Failed
11619,742,2025-12-01,64.0,Paid
11620,742,2026-01-01,64.0,Paid
11621,742,2026-02-01,64.0,Paid
11622,742,2026-03-01,64.0,Paid
11623,742,2026-04-01,64.0,Paid
11624,742,2026-05-01,64.0,Paid
11625,742,2026-06-01,64.0,Paid
11626,742,2026-07-01,64.0,Paid
11627,743,2026-04-01,64.0,Paid
11628,743,2026-05-01,64.0,Paid
11629,743,2026-06-01,64.0,Paid
11630,743,2026-07-01,64.0,Paid
11631,744,2026-03-01,56.0,Paid
11632,744,2026-04-01,56.0,Paid
11633,744,2026-05-01,56.0,Paid
11634,744,2026-06-01,56.0,Paid
11635,744,2026-07-01,56.0,Paid
11636,745,2024-11-01,64.0,Paid
11637,745,2024-12-01,64.0,Paid
11638,745,2025-01-01,64.0,Paid
11639,745,2025-02-01,64.0,Paid
11640,745,2025-03-01,64.0,Failed
11641,745,2025-04-01,64.0,Paid
11642,745,2025-05-01,64.0,Paid
11643,745,2025-06-01,64.0,Paid
11644,745,2025-07-01,64.0,Paid
11645,745,2025-08-01,64.0,Paid
11646,745,2025-09-01,64.0,Paid
11647,745,2025-10-01,64.0,Paid
11648,745,2025-11-01,64.0,Paid
11649,745,2025-12-01,64.0,Failed
11650,745,2026-01-01,64.0,Paid
11651,745,2026-02-01,64.0,Paid
11652,745,2026-03-01,64.0,Paid
11653,745,2026-04-01,64.0,Paid
11654,745,2026-05-01,64.0,Paid
11655,745,2026-06-01,64.0,Paid
11656,745,2026-07-01,64.0,Paid
11657,746,2026-01-01,45.0,Paid
11658,746,2026-02-01,45.0,Paid
11659,746,2026-03-01,45.0,Paid
11660,746,2026-04-01,45.0,Paid
11661,746,2026-05-01,45.0,Paid
11662,746,2026-06-01,45.0,Paid
11663,746,2026-07-01,45.0,Paid
11664,747,2025-01-01,64.0,Failed
11665,747,2025-02-01,64.0,Paid
11666,747,2025-03-01,64.0,Paid
11667,747,2025-04-01,64.0,Paid
11668,747,2025-05-01,64.0,Paid
11669,747,2025-06-01,64.0,Paid
11670,747,2025-07-01,64.0,Paid
11671,748,2026-01-01,64.0,Paid
11672,748,2026-02-01,64.0,Paid
11673,748,2026-03-01,64.0,Paid
11674,748,2026-04-01,64.0,Paid
11675,748,2026-05-01,64.0,Paid
11676,748,2026-06-01,64.0,Paid
11677,748,2026-07-01,64.0,Paid
11678,749,2026-04-01,39.0,Paid
11679,749,2026-05-01,39.0,Paid
11680,749,2026-06-01,39.0,Paid
11681,750,2026-02-01,64.0,Paid
11682,750,2026-03-01,64.0,Paid
11683,750,2026-04-01,64.0,Paid
11684,750,2026-05-01,64.0,Paid
11685,751,2024-11-01,45.0,Failed
11686,751,2024-12-01,45.0,Paid
11687,751,2025-01-01,45.0,Paid
11688,751,2025-02-01,45.0,Paid
11689,751,2025-03-01,45.0,Paid
11690,751,2025-04-01,45.0,Paid
11691,751,2025-05-01,45.0,Paid
11692,751,2025-06-01,45.0,Paid
11693,751,2025-07-01,45.0,Paid
11694,751,2025-08-01,45.0,Paid
11695,751,2025-09-01,45.0,Paid
11696,751,2025-10-01,45.0,Paid
11697,751,2025-11-01,45.0,Paid
11698,751,2025-12-01,45.0,Paid
11699,751,2026-01-01,45.0,Failed
11700,751,2026-02-01,45.0,Paid
11701,751,2026-03-01,45.0,Paid
11702,751,2026-04-01,45.0,Paid
11703,751,2026-05-01,45.0,Paid
11704,751,2026-06-01,45.0,Paid
11705,751,2026-07-01,45.0,Paid
11706,752,2026-03-01,39.0,Paid
11707,752,2026-04-01,39.0,Paid
11708,752,2026-05-01,39.0,Paid
11709,752,2026-06-01,39.0,Paid
11710,752,2026-07-01,39.0,Paid
11711,753,2025-04-01,45.0,Paid
11712,753,2025-05-01,45.0,Paid
11713,753,2025-06-01,45.0,Paid
11714,753,2025-07-01,45.0,Paid
11715,753,2025-08-01,45.0,Paid
11716,753,2025-09-01,45.0,Failed
11717,753,2025-10-01,45.0,Paid
11718,753,2025-11-01,45.0,Paid
11719,753,2025-12-01,45.0,Paid
11720,753,2026-01-01,45.0,Failed
11721,753,2026-02-01,45.0,Paid
11722,753,2026-03-01,45.0,Failed
11723,753,2026-04-01,45.0,Paid
11724,753,2026-05-01,45.0,Paid
11725,753,2026-06-01,45.0,Paid
11726,753,2026-07-01,45.0,Paid
11727,754,2025-09-01,64.0,Paid
11728,754,2025-10-01,64.0,Paid
11729,754,2025-11-01,64.0,Failed
11730,754,2025-12-01,64.0,Paid
11731,754,2026-01-01,64.0,Paid
11732,754,2026-02-01,64.0,Paid
11733,754,2026-03-01,64.0,Paid
11734,754,2026-04-01,64.0,Paid
11735,754,2026-05-01,64.0,Paid
11736,754,2026-06-01,64.0,Failed
11737,754,2026-07-01,64.0,Paid
11738,755,2024-09-01,39.0,Paid
11739,755,2024-10-01,39.0,Paid
11740,755,2024-11-01,39.0,Paid
11741,755,2024-12-01,39.0,Paid
11742,755,2025-01-01,39.0,Paid
11743,755,2025-02-01,39.0,Paid
11744,755,2025-03-01,39.0,Paid
11745,755,2025-04-01,39.0,Paid
11746,755,2025-05-01,39.0,Paid
11747,755,2025-06-01,39.0,Paid
11748,755,2025-07-01,39.0,Paid
11749,756,2026-03-01,64.0,Paid
11750,756,2026-04-01,64.0,Paid
11751,757,2025-12-01,64.0,Paid
11752,757,2026-01-01,64.0,Paid
11753,757,2026-02-01,64.0,Paid
11754,757,2026-03-01,64.0,Paid
11755,757,2026-04-01,64.0,Paid
11756,757,2026-05-01,64.0,Paid
11757,757,2026-06-01,64.0,Paid
11758,757,2026-07-01,64.0,Paid
11759,758,2024-06-01,56.0,Paid
11760,758,2024-07-01,56.0,Paid
11761,758,2024-08-01,56.0,Paid
11762,758,2024-09-01,56.0,Paid
11763,758,2024-10-01,56.0,Paid
11764,758,2024-11-01,56.0,Paid
11765,758,2024-12-01,56.0,Paid
11766,758,2025-01-01,56.0,Paid
11767,758,2025-02-01,56.0,Failed
11768,758,2025-03-01,56.0,Paid
11769,758,2025-04-01,56.0,Paid
11770,758,2025-05-01,56.0,Paid
11771,758,2025-06-01,56.0,Paid
11772,758,2025-07-01,56.0,Paid
11773,758,2025-08-01,56.0,Paid
11774,758,2025-09-01,56.0,Paid
11775,758,2025-10-01,56.0,Paid
11776,758,2025-11-01,56.0,Paid
11777,758,2025-12-01,56.0,Paid
11778,758,2026-01-01,56.0,Paid
11779,758,2026-02-01,56.0,Paid
11780,758,2026-03-01,56.0,Paid
11781,758,2026-04-01,56.0,Paid
11782,758,2026-05-01,56.0,Paid
11783,758,2026-06-01,56.0,Paid
11784,758,2026-07-01,56.0,Paid
11785,759,2024-03-01,39.0,Failed
11786,759,2024-04-01,39.0,Paid
11787,759,2024-05-01,39.0,Paid
11788,759,2024-06-01,39.0,Paid
11789,759,2024-07-01,39.0,Paid
11790,759,2024-08-01,39.0,Paid
11791,759,2024-09-01,39.0,Paid
11792,759,2024-10-01,39.0,Paid
11793,759,2024-11-01,39.0,Paid
11794,759,2024-12-01,39.0,Paid
11795,759,2025-01-01,39.0,Paid
11796,759,2025-02-01,39.0,Paid
11797,759,2025-03-01,39.0,Paid
11798,759,2025-04-01,39.0,Paid
11799,759,2025-05-01,39.0,Paid
11800,759,2025-06-01,39.0,Paid
11801,759,2025-07-01,39.0,Failed
11802,759,2025-08-01,39.0,Paid
11803,759,2025-09-01,39.0,Paid
11804,759,2025-10-01,39.0,Paid
11805,759,2025-11-01,39.0,Paid
11806,759,2025-12-01,39.0,Paid
11807,759,2026-01-01,39.0,Paid
11808,759,2026-02-01,39.0,Paid
11809,759,2026-03-01,39.0,Paid
11810,759,2026-04-01,39.0,Failed
11811,759,2026-05-01,39.0,Paid
11812,759,2026-06-01,39.0,Paid
11813,759,2026-07-01,39.0,Paid
11814,760,2025-11-01,64.0,Paid
11815,760,2025-12-01,64.0,Paid
11816,760,2026-01-01,64.0,Paid
11817,761,2024-02-01,56.0,Paid
11818,761,2024-03-01,56.0,Paid
11819,761,2024-04-01,56.0,Paid
11820,761,2024-05-01,56.0,Paid
11821,761,2024-06-01,56.0,Paid
11822,761,2024-07-01,56.0,Paid
11823,761,2024-08-01,56.0,Paid
11824,761,2024-09-01,56.0,Paid
11825,761,2024-10-01,56.0,Paid
11826,761,2024-11-01,56.0,Paid
11827,761,2024-12-01,56.0,Paid
11828,761,2025-01-01,56.0,Failed
11829,761,2025-02-01,56.0,Paid
11830,761,2025-03-01,56.0,Paid
11831,761,2025-04-01,56.0,Paid
11832,761,2025-05-01,56.0,Paid
11833,761,2025-06-01,56.0,Failed
11834,761,2025-07-01,56.0,Paid
11835,761,2025-08-01,56.0,Paid
11836,761,2025-09-01,56.0,Paid
11837,761,2025-10-01,56.0,Paid
11838,761,2025-11-01,56.0,Paid
11839,761,2025-12-01,56.0,Paid
11840,761,2026-01-01,56.0,Paid
11841,761,2026-02-01,56.0,Paid
11842,761,2026-03-01,56.0,Paid
11843,761,2026-04-01,56.0,Paid
11844,761,2026-05-01,56.0,Paid
11845,761,2026-06-01,56.0,Paid
11846,761,2026-07-01,56.0,Paid
11847,762,2026-01-01,64.0,Paid
11848,762,2026-02-01,64.0,Paid
11849,762,2026-03-01,64.0,Paid
11850,762,2026-04-01,64.0,Paid
11851,762,2026-05-01,64.0,Paid
11852,762,2026-06-01,64.0,Paid
11853,762,2026-07-01,64.0,Paid
11854,763,2025-08-01,64.0,Failed
11855,763,2025-09-01,64.0,Paid
11856,763,2025-10-01,64.0,Paid
11857,763,2025-11-01,64.0,Paid
11858,763,2025-12-01,64.0,Paid
11859,763,2026-01-01,64.0,Paid
11860,763,2026-02-01,64.0,Paid
11861,763,2026-03-01,64.0,Failed
11862,764,2024-07-01,64.0,Paid
11863,764,2024-08-01,64.0,Paid
11864,764,2024-09-01,64.0,Paid
11865,764,2024-10-01,64.0,Paid
11866,764,2024-11-01,64.0,Paid
11867,764,2024-12-01,64.0,Paid
11868,764,2025-01-01,64.0,Paid
11869,764,2025-02-01,64.0,Failed
11870,764,2025-03-01,64.0,Paid
11871,764,2025-04-01,64.0,Paid
11872,764,2025-05-01,64.0,Paid
11873,764,2025-06-01,64.0,Paid
11874,764,2025-07-01,64.0,Paid
11875,764,2025-08-01,64.0,Failed
11876,764,2025-09-01,64.0,Paid
11877,764,2025-10-01,64.0,Paid
11878,764,2025-11-01,64.0,Paid
11879,764,2025-12-01,64.0,Paid
11880,764,2026-01-01,64.0,Failed
11881,764,2026-02-01,64.0,Paid
11882,764,2026-03-01,64.0,Paid
11883,764,2026-04-01,64.0,Paid
11884,764,2026-05-01,64.0,Paid
11885,764,2026-06-01,64.0,Paid
11886,764,2026-07-01,64.0,Paid
11887,765,2024-03-01,64.0,Paid
11888,765,2024-04-01,64.0,Paid
11889,765,2024-05-01,64.0,Paid
11890,765,2024-06-01,64.0,Paid
11891,765,2024-07-01,64.0,Paid
11892,765,2024-08-01,64.0,Paid
11893,765,2024-09-01,64.0,Paid
11894,765,2024-10-01,64.0,Paid
11895,765,2024-11-01,64.0,Paid
11896,765,2024-12-01,64.0,Paid
11897,765,2025-01-01,64.0,Paid
11898,765,2025-02-01,64.0,Failed
11899,765,2025-03-01,64.0,Paid
11900,765,2025-04-01,64.0,Paid
11901,765,2025-05-01,64.0,Paid
11902,765,2025-06-01,64.0,Paid
11903,765,2025-07-01,64.0,Paid
11904,765,2025-08-01,64.0,Paid
11905,765,2025-09-01,64.0,Paid
11906,765,2025-10-01,64.0,Paid
11907,765,2025-11-01,64.0,Paid
11908,765,2025-12-01,64.0,Paid
11909,765,2026-01-01,64.0,Paid
11910,765,2026-02-01,64.0,Paid
11911,765,2026-03-01,64.0,Paid
11912,765,2026-04-01,64.0,Paid
11913,765,2026-05-01,64.0,Paid
11914,765,2026-06-01,64.0,Failed
11915,765,2026-07-01,64.0,Paid
11916,766,2024-03-01,64.0,Paid
11917,766,2024-04-01,64.0,Paid
11918,766,2024-05-01,64.0,Paid
11919,766,2024-06-01,64.0,Paid
11920,766,2024-07-01,64.0,Paid
11921,766,2024-08-01,64.0,Failed
11922,766,2024-09-01,64.0,Paid
11923,767,2024-03-01,45.0,Paid
11924,767,2024-04-01,45.0,Paid
11925,767,2024-05-01,45.0,Paid
11926,767,2024-06-01,45.0,Paid
11927,767,2024-07-01,45.0,Paid
11928,767,2024-08-01,45.0,Paid
11929,767,2024-09-01,45.0,Paid
11930,767,2024-10-01,45.0,Paid
11931,767,2024-11-01,45.0,Paid
11932,767,2024-12-01,45.0,Paid
11933,767,2025-01-01,45.0,Paid
11934,767,2025-02-01,45.0,Paid
11935,767,2025-03-01,45.0,Paid
11936,767,2025-04-01,45.0,Paid
11937,767,2025-05-01,45.0,Paid
11938,767,2025-06-01,45.0,Paid
11939,767,2025-07-01,45.0,Paid
11940,767,2025-08-01,45.0,Paid
11941,767,2025-09-01,45.0,Paid
11942,767,2025-10-01,45.0,Paid
11943,767,2025-11-01,45.0,Paid
11944,767,2025-12-01,45.0,Paid
11945,767,2026-01-01,45.0,Paid
11946,767,2026-02-01,45.0,Paid
11947,767,2026-03-01,45.0,Paid
11948,767,2026-04-01,45.0,Paid
11949,767,2026-05-01,45.0,Paid
11950,767,2026-06-01,45.0,Paid
11951,767,2026-07-01,45.0,Paid
11952,768,2025-10-01,56.0,Paid
11953,768,2025-11-01,56.0,Paid
11954,768,2025-12-01,56.0,Paid
11955,768,2026-01-01,56.0,Paid
11956,768,2026-02-01,56.0,Paid
11957,768,2026-03-01,56.0,Paid
11958,768,2026-04-01,56.0,Paid
11959,768,2026-05-01,56.0,Paid
11960,768,2026-06-01,56.0,Paid
11961,768,2026-07-01,56.0,Paid
11962,769,2026-03-01,64.0,Paid
11963,769,2026-04-01,64.0,Paid
11964,770,2024-01-01,64.0,Paid
11965,770,2024-02-01,64.0,Paid
11966,770,2024-03-01,64.0,Paid
11967,770,2024-04-01,64.0,Paid
11968,770,2024-05-01,64.0,Paid
11969,770,2024-06-01,64.0,Paid
11970,770,2024-07-01,64.0,Paid
11971,770,2024-08-01,64.0,Paid
11972,770,2024-09-01,64.0,Paid
11973,770,2024-10-01,64.0,Paid
11974,770,2024-11-01,64.0,Failed
11975,770,2024-12-01,64.0,Paid
11976,770,2025-01-01,64.0,Paid
11977,770,2025-02-01,64.0,Paid
11978,770,2025-03-01,64.0,Paid
11979,770,2025-04-01,64.0,Paid
11980,770,2025-05-01,64.0,Paid
11981,770,2025-06-01,64.0,Paid
11982,770,2025-07-01,64.0,Paid
11983,770,2025-08-01,64.0,Paid
11984,770,2025-09-01,64.0,Paid
11985,770,2025-10-01,64.0,Paid
11986,770,2025-11-01,64.0,Paid
11987,770,2025-12-01,64.0,Failed
11988,770,2026-01-01,64.0,Paid
11989,770,2026-02-01,64.0,Paid
11990,770,2026-03-01,64.0,Paid
11991,770,2026-04-01,64.0,Paid
11992,770,2026-05-01,64.0,Paid
11993,770,2026-06-01,64.0,Paid
11994,770,2026-07-01,64.0,Paid
11995,771,2024-11-01,64.0,Failed
11996,771,2024-12-01,64.0,Paid
11997,771,2025-01-01,64.0,Paid
11998,771,2025-02-01,64.0,Paid
11999,771,2025-03-01,64.0,Paid
12000,771,2025-04-01,64.0,Paid
12001,771,2025-05-01,64.0,Paid
12002,771,2025-06-01,64.0,Paid
12003,771,2025-07-01,64.0,Paid
12004,771,2025-08-01,64.0,Paid
12005,771,2025-09-01,64.0,Paid
12006,771,2025-10-01,64.0,Paid
12007,771,2025-11-01,64.0,Paid
12008,771,2025-12-01,64.0,Paid
12009,771,2026-01-01,64.0,Paid
12010,771,2026-02-01,64.0,Paid
12011,771,2026-03-01,64.0,Paid
12012,771,2026-04-01,64.0,Failed
12013,771,2026-05-01,64.0,Paid
12014,771,2026-06-01,64.0,Paid
12015,771,2026-07-01,64.0,Paid
12016,772,2025-08-01,45.0,Paid
12017,772,2025-09-01,45.0,Paid
12018,772,2025-10-01,45.0,Paid
12019,772,2025-11-01,45.0,Paid
12020,772,2025-12-01,45.0,Paid
12021,772,2026-01-01,45.0,Paid
12022,772,2026-02-01,45.0,Paid
12023,772,2026-03-01,45.0,Paid
12024,772,2026-04-01,45.0,Paid
12025,772,2026-05-01,45.0,Paid
12026,772,2026-06-01,45.0,Paid
12027,772,2026-07-01,45.0,Paid
12028,773,2025-05-01,64.0,Failed
12029,773,2025-06-01,64.0,Paid
12030,773,2025-07-01,64.0,Paid
12031,773,2025-08-01,64.0,Paid
12032,773,2025-09-01,64.0,Paid
12033,773,2025-10-01,64.0,Paid
12034,773,2025-11-01,64.0,Paid
12035,773,2025-12-01,64.0,Paid
12036,773,2026-01-01,64.0,Paid
12037,773,2026-02-01,64.0,Paid
12038,773,2026-03-01,64.0,Paid
12039,773,2026-04-01,64.0,Paid
12040,773,2026-05-01,64.0,Paid
12041,773,2026-06-01,64.0,Paid
12042,773,2026-07-01,64.0,Paid
12043,774,2026-02-01,45.0,Paid
12044,774,2026-03-01,45.0,Paid
12045,774,2026-04-01,45.0,Paid
12046,774,2026-05-01,45.0,Paid
12047,774,2026-06-01,45.0,Paid
12048,774,2026-07-01,45.0,Paid
12049,775,2026-02-01,39.0,Paid
12050,775,2026-03-01,39.0,Paid
12051,775,2026-04-01,39.0,Paid
12052,775,2026-05-01,39.0,Paid
12053,775,2026-06-01,39.0,Paid
12054,775,2026-07-01,39.0,Paid
12055,776,2024-05-01,64.0,Paid
12056,776,2024-06-01,64.0,Paid
12057,776,2024-07-01,64.0,Paid
12058,776,2024-08-01,64.0,Failed
12059,776,2024-09-01,64.0,Paid
12060,776,2024-10-01,64.0,Paid
12061,776,2024-11-01,64.0,Paid
12062,776,2024-12-01,64.0,Paid
12063,776,2025-01-01,64.0,Paid
12064,776,2025-02-01,64.0,Paid
12065,776,2025-03-01,64.0,Failed
12066,776,2025-04-01,64.0,Paid
12067,776,2025-05-01,64.0,Paid
12068,776,2025-06-01,64.0,Failed
12069,776,2025-07-01,64.0,Paid
12070,776,2025-08-01,64.0,Paid
12071,776,2025-09-01,64.0,Paid
12072,776,2025-10-01,64.0,Paid
12073,776,2025-11-01,64.0,Paid
12074,776,2025-12-01,64.0,Paid
12075,776,2026-01-01,64.0,Paid
12076,776,2026-02-01,64.0,Paid
12077,776,2026-03-01,64.0,Paid
12078,776,2026-04-01,64.0,Paid
12079,776,2026-05-01,64.0,Paid
12080,776,2026-06-01,64.0,Paid
12081,776,2026-07-01,64.0,Paid
12082,777,2025-12-01,45.0,Paid
12083,777,2026-01-01,45.0,Paid
12084,777,2026-02-01,45.0,Paid
12085,778,2025-10-01,56.0,Paid
12086,778,2025-11-01,56.0,Paid
12087,778,2025-12-01,56.0,Paid
12088,778,2026-01-01,56.0,Paid
12089,778,2026-02-01,56.0,Paid
12090,778,2026-03-01,56.0,Paid
12091,778,2026-04-01,56.0,Paid
12092,778,2026-05-01,56.0,Failed
12093,778,2026-06-01,56.0,Paid
12094,778,2026-07-01,56.0,Paid
12095,779,2024-10-01,45.0,Paid
12096,779,2024-11-01,45.0,Paid
12097,779,2024-12-01,45.0,Failed
12098,779,2025-01-01,45.0,Paid
12099,779,2025-02-01,45.0,Failed
12100,779,2025-03-01,45.0,Paid
12101,779,2025-04-01,45.0,Paid
12102,779,2025-05-01,45.0,Paid
12103,779,2025-06-01,45.0,Paid
12104,779,2025-07-01,45.0,Paid
12105,779,2025-08-01,45.0,Paid
12106,779,2025-09-01,45.0,Paid
12107,779,2025-10-01,45.0,Paid
12108,779,2025-11-01,45.0,Paid
12109,779,2025-12-01,45.0,Paid
12110,779,2026-01-01,45.0,Paid
12111,779,2026-02-01,45.0,Paid
12112,779,2026-03-01,45.0,Paid
12113,779,2026-04-01,45.0,Paid
12114,779,2026-05-01,45.0,Paid
12115,779,2026-06-01,45.0,Paid
12116,779,2026-07-01,45.0,Paid
12117,780,2024-03-01,45.0,Paid
12118,780,2024-04-01,45.0,Paid
12119,780,2024-05-01,45.0,Paid
12120,780,2024-06-01,45.0,Paid
12121,780,2024-07-01,45.0,Paid
12122,780,2024-08-01,45.0,Paid
12123,780,2024-09-01,45.0,Paid
12124,780,2024-10-01,45.0,Paid
12125,780,2024-11-01,45.0,Paid
12126,780,2024-12-01,45.0,Paid
12127,780,2025-01-01,45.0,Paid
12128,780,2025-02-01,45.0,Paid
12129,780,2025-03-01,45.0,Paid
12130,780,2025-04-01,45.0,Paid
12131,780,2025-05-01,45.0,Paid
12132,780,2025-06-01,45.0,Paid
12133,780,2025-07-01,45.0,Paid
12134,780,2025-08-01,45.0,Paid
12135,780,2025-09-01,45.0,Paid
12136,780,2025-10-01,45.0,Paid
12137,780,2025-11-01,45.0,Paid
12138,780,2025-12-01,45.0,Paid
12139,780,2026-01-01,45.0,Paid
12140,780,2026-02-01,45.0,Paid
12141,780,2026-03-01,45.0,Paid
12142,780,2026-04-01,45.0,Paid
12143,780,2026-05-01,45.0,Paid
12144,780,2026-06-01,45.0,Failed
12145,780,2026-07-01,45.0,Paid
12146,781,2025-04-01,64.0,Paid
12147,781,2025-05-01,64.0,Paid
12148,781,2025-06-01,64.0,Paid
12149,781,2025-07-01,64.0,Paid
12150,781,2025-08-01,64.0,Paid
12151,781,2025-09-01,64.0,Paid
12152,781,2025-10-01,64.0,Paid
12153,781,2025-11-01,64.0,Paid
12154,781,2025-12-01,64.0,Paid
12155,781,2026-01-01,64.0,Paid
12156,781,2026-02-01,64.0,Paid
12157,781,2026-03-01,64.0,Paid
12158,781,2026-04-01,64.0,Paid
12159,781,2026-05-01,64.0,Paid
12160,781,2026-06-01,64.0,Paid
12161,781,2026-07-01,64.0,Paid
12162,782,2025-07-01,39.0,Paid
12163,782,2025-08-01,39.0,Paid
12164,782,2025-09-01,39.0,Paid
12165,782,2025-10-01,39.0,Paid
12166,782,2025-11-01,39.0,Paid
12167,782,2025-12-01,39.0,Paid
12168,782,2026-01-01,39.0,Paid
12169,782,2026-02-01,39.0,Paid
12170,782,2026-03-01,39.0,Paid
12171,782,2026-04-01,39.0,Paid
12172,783,2024-02-01,64.0,Paid
12173,783,2024-03-01,64.0,Paid
12174,783,2024-04-01,64.0,Paid
12175,783,2024-05-01,64.0,Paid
12176,783,2024-06-01,64.0,Paid
12177,783,2024-07-01,64.0,Paid
12178,783,2024-08-01,64.0,Paid
12179,783,2024-09-01,64.0,Paid
12180,783,2024-10-01,64.0,Failed
12181,783,2024-11-01,64.0,Paid
12182,783,2024-12-01,64.0,Paid
12183,783,2025-01-01,64.0,Paid
12184,783,2025-02-01,64.0,Paid
12185,783,2025-03-01,64.0,Paid
12186,783,2025-04-01,64.0,Paid
12187,783,2025-05-01,64.0,Paid
12188,783,2025-06-01,64.0,Paid
12189,783,2025-07-01,64.0,Paid
12190,783,2025-08-01,64.0,Paid
12191,783,2025-09-01,64.0,Paid
12192,783,2025-10-01,64.0,Paid
12193,783,2025-11-01,64.0,Paid
12194,783,2025-12-01,64.0,Paid
12195,783,2026-01-01,64.0,Failed
12196,783,2026-02-01,64.0,Paid
12197,783,2026-03-01,64.0,Paid
12198,783,2026-04-01,64.0,Paid
12199,783,2026-05-01,64.0,Paid
12200,783,2026-06-01,64.0,Paid
12201,783,2026-07-01,64.0,Paid
12202,784,2024-06-01,45.0,Paid
12203,784,2024-07-01,45.0,Paid
12204,784,2024-08-01,45.0,Paid
12205,784,2024-09-01,45.0,Paid
12206,784,2024-10-01,45.0,Paid
12207,784,2024-11-01,45.0,Paid
12208,784,2024-12-01,45.0,Paid
12209,784,2025-01-01,45.0,Paid
12210,784,2025-02-01,45.0,Paid
12211,784,2025-03-01,45.0,Paid
12212,784,2025-04-01,45.0,Paid
12213,784,2025-05-01,45.0,Paid
12214,784,2025-06-01,45.0,Paid
12215,784,2025-07-01,45.0,Paid
12216,784,2025-08-01,45.0,Paid
12217,784,2025-09-01,45.0,Paid
12218,784,2025-10-01,45.0,Paid
12219,784,2025-11-01,45.0,Paid
12220,784,2025-12-01,45.0,Paid
12221,784,2026-01-01,45.0,Paid
12222,784,2026-02-01,45.0,Paid
12223,784,2026-03-01,45.0,Paid
12224,784,2026-04-01,45.0,Failed
12225,784,2026-05-01,45.0,Paid
12226,784,2026-06-01,45.0,Paid
12227,784,2026-07-01,45.0,Paid
12228,785,2024-09-01,45.0,Paid
12229,785,2024-10-01,45.0,Paid
12230,785,2024-11-01,45.0,Paid
12231,785,2024-12-01,45.0,Paid
12232,785,2025-01-01,45.0,Paid
12233,785,2025-02-01,45.0,Paid
12234,785,2025-03-01,45.0,Paid
12235,785,2025-04-01,45.0,Paid
12236,785,2025-05-01,45.0,Paid
12237,785,2025-06-01,45.0,Paid
12238,785,2025-07-01,45.0,Paid
12239,785,2025-08-01,45.0,Paid
12240,785,2025-09-01,45.0,Paid
12241,785,2025-10-01,45.0,Paid
12242,785,2025-11-01,45.0,Paid
12243,785,2025-12-01,45.0,Paid
12244,785,2026-01-01,45.0,Paid
12245,785,2026-02-01,45.0,Paid
12246,785,2026-03-01,45.0,Failed
12247,785,2026-04-01,45.0,Paid
12248,785,2026-05-01,45.0,Paid
12249,785,2026-06-01,45.0,Paid
12250,785,2026-07-01,45.0,Paid
12251,786,2025-05-01,45.0,Paid
12252,786,2025-06-01,45.0,Paid
12253,786,2025-07-01,45.0,Paid
12254,786,2025-08-01,45.0,Paid
12255,786,2025-09-01,45.0,Paid
12256,786,2025-10-01,45.0,Paid
12257,786,2025-11-01,45.0,Paid
12258,786,2025-12-01,45.0,Paid
12259,786,2026-01-01,45.0,Paid
12260,786,2026-02-01,45.0,Paid
12261,786,2026-03-01,45.0,Paid
12262,786,2026-04-01,45.0,Paid
12263,786,2026-05-01,45.0,Paid
12264,786,2026-06-01,45.0,Paid
12265,786,2026-07-01,45.0,Paid
12266,787,2024-09-01,39.0,Paid
12267,787,2024-10-01,39.0,Paid
12268,787,2024-11-01,39.0,Paid
12269,787,2024-12-01,39.0,Paid
12270,787,2025-01-01,39.0,Paid
12271,787,2025-02-01,39.0,Paid
12272,787,2025-03-01,39.0,Paid
12273,787,2025-04-01,39.0,Paid
12274,787,2025-05-01,39.0,Paid
12275,787,2025-06-01,39.0,Paid
12276,787,2025-07-01,39.0,Paid
12277,787,2025-08-01,39.0,Paid
12278,787,2025-09-01,39.0,Paid
12279,787,2025-10-01,39.0,Paid
12280,787,2025-11-01,39.0,Paid
12281,787,2025-12-01,39.0,Paid
12282,787,2026-01-01,39.0,Paid
12283,787,2026-02-01,39.0,Paid
12284,787,2026-03-01,39.0,Paid
12285,787,2026-04-01,39.0,Paid
12286,787,2026-05-01,39.0,Failed
12287,787,2026-06-01,39.0,Paid
12288,787,2026-07-01,39.0,Paid
12289,788,2024-08-01,45.0,Paid
12290,788,2024-09-01,45.0,Failed
12291,788,2024-10-01,45.0,Paid
12292,788,2024-11-01,45.0,Paid
12293,788,2024-12-01,45.0,Paid
12294,788,2025-01-01,45.0,Paid
12295,788,2025-02-01,45.0,Paid
12296,788,2025-03-01,45.0,Paid
12297,788,2025-04-01,45.0,Paid
12298,788,2025-05-01,45.0,Paid
12299,788,2025-06-01,45.0,Paid
12300,788,2025-07-01,45.0,Paid
12301,788,2025-08-01,45.0,Paid
12302,788,2025-09-01,45.0,Paid
12303,788,2025-10-01,45.0,Paid
12304,788,2025-11-01,45.0,Paid
12305,788,2025-12-01,45.0,Failed
12306,788,2026-01-01,45.0,Paid
12307,788,2026-02-01,45.0,Paid
12308,788,2026-03-01,45.0,Paid
12309,788,2026-04-01,45.0,Paid
12310,788,2026-05-01,45.0,Paid
12311,788,2026-06-01,45.0,Paid
12312,788,2026-07-01,45.0,Paid
12313,789,2025-05-01,64.0,Paid
12314,789,2025-06-01,64.0,Paid
12315,789,2025-07-01,64.0,Paid
12316,789,2025-08-01,64.0,Paid
12317,789,2025-09-01,64.0,Paid
12318,789,2025-10-01,64.0,Paid
12319,789,2025-11-01,64.0,Paid
12320,789,2025-12-01,64.0,Paid
12321,789,2026-01-01,64.0,Paid
12322,789,2026-02-01,64.0,Paid
12323,789,2026-03-01,64.0,Paid
12324,789,2026-04-01,64.0,Paid
12325,789,2026-05-01,64.0,Paid
12326,789,2026-06-01,64.0,Paid
12327,789,2026-07-01,64.0,Paid
12328,790,2025-11-01,39.0,Paid
12329,790,2025-12-01,39.0,Paid
12330,790,2026-01-01,39.0,Paid
12331,790,2026-02-01,39.0,Paid
12332,790,2026-03-01,39.0,Paid
12333,790,2026-04-01,39.0,Paid
12334,790,2026-05-01,39.0,Paid
12335,790,2026-06-01,39.0,Paid
12336,790,2026-07-01,39.0,Failed
12337,791,2024-04-01,64.0,Paid
12338,791,2024-05-01,64.0,Failed
12339,792,2025-12-01,56.0,Paid
12340,792,2026-01-01,56.0,Paid
12341,792,2026-02-01,56.0,Paid
12342,792,2026-03-01,56.0,Paid
12343,792,2026-04-01,56.0,Paid
12344,792,2026-05-01,56.0,Paid
12345,792,2026-06-01,56.0,Paid
12346,792,2026-07-01,56.0,Paid
12347,793,2024-05-01,45.0,Paid
12348,793,2024-06-01,45.0,Paid
12349,793,2024-07-01,45.0,Paid
12350,793,2024-08-01,45.0,Paid
12351,793,2024-09-01,45.0,Paid
12352,793,2024-10-01,45.0,Paid
12353,793,2024-11-01,45.0,Failed
12354,793,2024-12-01,45.0,Paid
12355,793,2025-01-01,45.0,Failed
12356,793,2025-02-01,45.0,Paid
12357,793,2025-03-01,45.0,Paid
12358,793,2025-04-01,45.0,Paid
12359,793,2025-05-01,45.0,Paid
12360,793,2025-06-01,45.0,Paid
12361,793,2025-07-01,45.0,Paid
12362,793,2025-08-01,45.0,Paid
12363,793,2025-09-01,45.0,Paid
12364,793,2025-10-01,45.0,Paid
12365,793,2025-11-01,45.0,Paid
12366,793,2025-12-01,45.0,Paid
12367,793,2026-01-01,45.0,Paid
12368,793,2026-02-01,45.0,Paid
12369,793,2026-03-01,45.0,Paid
12370,793,2026-04-01,45.0,Paid
12371,793,2026-05-01,45.0,Paid
12372,793,2026-06-01,45.0,Paid
12373,793,2026-07-01,45.0,Paid
12374,794,2025-11-01,39.0,Paid
12375,794,2025-12-01,39.0,Paid
12376,794,2026-01-01,39.0,Paid
12377,794,2026-02-01,39.0,Paid
12378,794,2026-03-01,39.0,Failed
12379,794,2026-04-01,39.0,Paid
12380,794,2026-05-01,39.0,Paid
12381,794,2026-06-01,39.0,Paid
12382,794,2026-07-01,39.0,Paid
12383,795,2024-10-01,45.0,Paid
12384,795,2024-11-01,45.0,Paid
12385,795,2024-12-01,45.0,Paid
12386,795,2025-01-01,45.0,Paid
12387,795,2025-02-01,45.0,Paid
12388,795,2025-03-01,45.0,Paid
12389,795,2025-04-01,45.0,Paid
12390,795,2025-05-01,45.0,Paid
12391,795,2025-06-01,45.0,Paid
12392,795,2025-07-01,45.0,Paid
12393,795,2025-08-01,45.0,Paid
12394,795,2025-09-01,45.0,Paid
12395,795,2025-10-01,45.0,Paid
12396,795,2025-11-01,45.0,Paid
12397,795,2025-12-01,45.0,Paid
12398,795,2026-01-01,45.0,Paid
12399,795,2026-02-01,45.0,Paid
12400,795,2026-03-01,45.0,Paid
12401,795,2026-04-01,45.0,Paid
12402,795,2026-05-01,45.0,Paid
12403,795,2026-06-01,45.0,Paid
12404,795,2026-07-01,45.0,Paid
12405,796,2024-09-01,45.0,Paid
12406,796,2024-10-01,45.0,Paid
12407,796,2024-11-01,45.0,Paid
12408,796,2024-12-01,45.0,Paid
12409,796,2025-01-01,45.0,Paid
12410,796,2025-02-01,45.0,Paid
12411,796,2025-03-01,45.0,Paid
12412,796,2025-04-01,45.0,Paid
12413,796,2025-05-01,45.0,Paid
12414,796,2025-06-01,45.0,Paid
12415,797,2025-12-01,56.0,Paid
12416,797,2026-01-01,56.0,Paid
12417,797,2026-02-01,56.0,Paid
12418,797,2026-03-01,56.0,Paid
12419,798,2025-04-01,64.0,Paid
12420,798,2025-05-01,64.0,Paid
12421,798,2025-06-01,64.0,Paid
12422,798,2025-07-01,64.0,Paid
12423,798,2025-08-01,64.0,Paid
12424,798,2025-09-01,64.0,Paid
12425,798,2025-10-01,64.0,Paid
12426,798,2025-11-01,64.0,Paid
12427,798,2025-12-01,64.0,Paid
12428,798,2026-01-01,64.0,Paid
12429,798,2026-02-01,64.0,Paid
12430,798,2026-03-01,64.0,Paid
12431,798,2026-04-01,64.0,Paid
12432,798,2026-05-01,64.0,Failed
12433,798,2026-06-01,64.0,Paid
12434,798,2026-07-01,64.0,Paid
12435,799,2025-04-01,64.0,Paid
12436,799,2025-05-01,64.0,Paid
12437,799,2025-06-01,64.0,Paid
12438,799,2025-07-01,64.0,Paid
12439,799,2025-08-01,64.0,Paid
12440,799,2025-09-01,64.0,Failed
12441,799,2025-10-01,64.0,Paid
12442,799,2025-11-01,64.0,Paid
12443,799,2025-12-01,64.0,Paid
12444,799,2026-01-01,64.0,Failed
12445,799,2026-02-01,64.0,Paid
12446,799,2026-03-01,64.0,Paid
12447,799,2026-04-01,64.0,Paid
12448,799,2026-05-01,64.0,Failed
12449,799,2026-06-01,64.0,Paid
12450,799,2026-07-01,64.0,Paid
12451,800,2024-09-01,45.0,Failed
12452,800,2024-10-01,45.0,Paid
12453,800,2024-11-01,45.0,Paid
12454,800,2024-12-01,45.0,Paid
12455,800,2025-01-01,45.0,Paid
12456,800,2025-02-01,45.0,Paid
12457,800,2025-03-01,45.0,Paid
12458,800,2025-04-01,45.0,Paid
12459,800,2025-05-01,45.0,Paid
12460,800,2025-06-01,45.0,Paid
12461,800,2025-07-01,45.0,Paid
12462,800,2025-08-01,45.0,Paid
12463,800,2025-09-01,45.0,Paid
12464,800,2025-10-01,45.0,Paid
12465,800,2025-11-01,45.0,Paid
12466,800,2025-12-01,45.0,Paid
12467,800,2026-01-01,45.0,Paid
12468,800,2026-02-01,45.0,Paid
12469,800,2026-03-01,45.0,Paid
12470,800,2026-04-01,45.0,Paid
12471,800,2026-05-01,45.0,Failed
12472,800,2026-06-01,45.0,Paid
12473,800,2026-07-01,45.0,Paid
12474,801,2025-11-01,56.0,Paid
12475,801,2025-12-01,56.0,Paid
12476,801,2026-01-01,56.0,Paid
12477,801,2026-02-01,56.0,Paid
12478,801,2026-03-01,56.0,Paid
12479,801,2026-04-01,56.0,Paid
12480,801,2026-05-01,56.0,Paid
12481,801,2026-06-01,56.0,Paid
12482,801,2026-07-01,56.0,Paid
12483,802,2024-08-01,39.0,Paid
12484,802,2024-09-01,39.0,Paid
12485,802,2024-10-01,39.0,Paid
12486,802,2024-11-01,39.0,Paid
12487,802,2024-12-01,39.0,Paid
12488,802,2025-01-01,39.0,Paid
12489,802,2025-02-01,39.0,Paid
12490,802,2025-03-01,39.0,Paid
12491,802,2025-04-01,39.0,Failed
12492,802,2025-05-01,39.0,Paid
12493,802,2025-06-01,39.0,Paid
12494,803,2026-05-01,64.0,Paid
12495,803,2026-06-01,64.0,Paid
12496,803,2026-07-01,64.0,Paid
12497,804,2025-04-01,39.0,Paid
12498,804,2025-05-01,39.0,Paid
12499,804,2025-06-01,39.0,Paid
12500,804,2025-07-01,39.0,Paid
12501,804,2025-08-01,39.0,Paid
12502,804,2025-09-01,39.0,Paid
12503,804,2025-10-01,39.0,Paid
12504,804,2025-11-01,39.0,Paid
12505,804,2025-12-01,39.0,Paid
12506,804,2026-01-01,39.0,Paid
12507,804,2026-02-01,39.0,Paid
12508,804,2026-03-01,39.0,Paid
12509,804,2026-04-01,39.0,Paid
12510,804,2026-05-01,39.0,Paid
12511,804,2026-06-01,39.0,Paid
12512,804,2026-07-01,39.0,Paid
12513,805,2024-04-01,45.0,Paid
12514,805,2024-05-01,45.0,Paid
12515,805,2024-06-01,45.0,Failed
12516,805,2024-07-01,45.0,Failed
12517,805,2024-08-01,45.0,Paid
12518,805,2024-09-01,45.0,Paid
12519,805,2024-10-01,45.0,Paid
12520,805,2024-11-01,45.0,Failed
12521,805,2024-12-01,45.0,Paid
12522,805,2025-01-01,45.0,Paid
12523,805,2025-02-01,45.0,Paid
12524,805,2025-03-01,45.0,Paid
12525,805,2025-04-01,45.0,Paid
12526,805,2025-05-01,45.0,Paid
12527,805,2025-06-01,45.0,Paid
12528,805,2025-07-01,45.0,Paid
12529,805,2025-08-01,45.0,Paid
12530,805,2025-09-01,45.0,Paid
12531,805,2025-10-01,45.0,Paid
12532,805,2025-11-01,45.0,Paid
12533,805,2025-12-01,45.0,Paid
12534,805,2026-01-01,45.0,Paid
12535,805,2026-02-01,45.0,Paid
12536,805,2026-03-01,45.0,Paid
12537,805,2026-04-01,45.0,Paid
12538,805,2026-05-01,45.0,Paid
12539,805,2026-06-01,45.0,Paid
12540,805,2026-07-01,45.0,Paid
12541,806,2025-09-01,39.0,Paid
12542,806,2025-10-01,39.0,Paid
12543,806,2025-11-01,39.0,Paid
12544,806,2025-12-01,39.0,Paid
12545,806,2026-01-01,39.0,Paid
12546,806,2026-02-01,39.0,Paid
12547,806,2026-03-01,39.0,Paid
12548,806,2026-04-01,39.0,Paid
12549,806,2026-05-01,39.0,Paid
12550,806,2026-06-01,39.0,Failed
12551,806,2026-07-01,39.0,Paid
12552,807,2024-09-01,39.0,Paid
12553,807,2024-10-01,39.0,Paid
12554,807,2024-11-01,39.0,Paid
12555,807,2024-12-01,39.0,Paid
12556,807,2025-01-01,39.0,Paid
12557,807,2025-02-01,39.0,Paid
12558,807,2025-03-01,39.0,Paid
12559,807,2025-04-01,39.0,Paid
12560,807,2025-05-01,39.0,Paid
12561,807,2025-06-01,39.0,Paid
12562,807,2025-07-01,39.0,Paid
12563,807,2025-08-01,39.0,Paid
12564,807,2025-09-01,39.0,Paid
12565,807,2025-10-01,39.0,Paid
12566,807,2025-11-01,39.0,Paid
12567,807,2025-12-01,39.0,Paid
12568,807,2026-01-01,39.0,Paid
12569,807,2026-02-01,39.0,Paid
12570,807,2026-03-01,39.0,Paid
12571,807,2026-04-01,39.0,Paid
12572,807,2026-05-01,39.0,Paid
12573,807,2026-06-01,39.0,Paid
12574,807,2026-07-01,39.0,Paid
12575,808,2026-06-01,39.0,Paid
12576,808,2026-07-01,39.0,Paid
12577,809,2024-04-01,45.0,Paid
12578,809,2024-05-01,45.0,Paid
12579,809,2024-06-01,45.0,Paid
12580,809,2024-07-01,45.0,Paid
12581,809,2024-08-01,45.0,Paid
12582,809,2024-09-01,45.0,Paid
12583,809,2024-10-01,45.0,Paid
12584,809,2024-11-01,45.0,Paid
12585,809,2024-12-01,45.0,Paid
12586,809,2025-01-01,45.0,Paid
12587,809,2025-02-01,45.0,Paid
12588,809,2025-03-01,45.0,Paid
12589,809,2025-04-01,45.0,Paid
12590,809,2025-05-01,45.0,Paid
12591,809,2025-06-01,45.0,Paid
12592,809,2025-07-01,45.0,Paid
12593,809,2025-08-01,45.0,Paid
12594,809,2025-09-01,45.0,Paid
12595,809,2025-10-01,45.0,Paid
12596,809,2025-11-01,45.0,Paid
12597,809,2025-12-01,45.0,Paid
12598,809,2026-01-01,45.0,Paid
12599,809,2026-02-01,45.0,Paid
12600,809,2026-03-01,45.0,Paid
12601,809,2026-04-01,45.0,Paid
12602,809,2026-05-01,45.0,Paid
12603,809,2026-06-01,45.0,Paid
12604,809,2026-07-01,45.0,Paid
12605,810,2026-04-01,45.0,Paid
12606,810,2026-05-01,45.0,Paid
12607,810,2026-06-01,45.0,Paid
12608,810,2026-07-01,45.0,Paid
12609,811,2026-01-01,56.0,Paid
12610,811,2026-02-01,56.0,Paid
12611,811,2026-03-01,56.0,Paid
12612,811,2026-04-01,56.0,Paid
12613,811,2026-05-01,56.0,Paid
12614,812,2025-01-01,64.0,Paid
12615,812,2025-02-01,64.0,Paid
12616,812,2025-03-01,64.0,Failed
12617,812,2025-04-01,64.0,Paid
12618,812,2025-05-01,64.0,Failed
12619,812,2025-06-01,64.0,Paid
12620,812,2025-07-01,64.0,Paid
12621,812,2025-08-01,64.0,Paid
12622,812,2025-09-01,64.0,Paid
12623,812,2025-10-01,64.0,Paid
12624,812,2025-11-01,64.0,Paid
12625,812,2025-12-01,64.0,Paid
12626,812,2026-01-01,64.0,Paid
12627,812,2026-02-01,64.0,Paid
12628,812,2026-03-01,64.0,Failed
12629,812,2026-04-01,64.0,Paid
12630,812,2026-05-01,64.0,Failed
12631,812,2026-06-01,64.0,Paid
12632,812,2026-07-01,64.0,Paid
12633,813,2025-11-01,39.0,Paid
12634,813,2025-12-01,39.0,Paid
12635,813,2026-01-01,39.0,Paid
12636,813,2026-02-01,39.0,Failed
12637,813,2026-03-01,39.0,Paid
12638,813,2026-04-01,39.0,Paid
12639,814,2025-01-01,64.0,Failed
12640,814,2025-02-01,64.0,Paid
12641,814,2025-03-01,64.0,Paid
12642,814,2025-04-01,64.0,Paid
12643,814,2025-05-01,64.0,Paid
12644,814,2025-06-01,64.0,Paid
12645,814,2025-07-01,64.0,Failed
12646,814,2025-08-01,64.0,Paid
12647,814,2025-09-01,64.0,Paid
12648,815,2024-12-01,45.0,Paid
12649,815,2025-01-01,45.0,Paid
12650,815,2025-02-01,45.0,Paid
12651,815,2025-03-01,45.0,Paid
12652,815,2025-04-01,45.0,Paid
12653,815,2025-05-01,45.0,Paid
12654,815,2025-06-01,45.0,Paid
12655,815,2025-07-01,45.0,Paid
12656,815,2025-08-01,45.0,Paid
12657,815,2025-09-01,45.0,Paid
12658,815,2025-10-01,45.0,Paid
12659,815,2025-11-01,45.0,Paid
12660,815,2025-12-01,45.0,Paid
12661,815,2026-01-01,45.0,Paid
12662,815,2026-02-01,45.0,Paid
12663,815,2026-03-01,45.0,Paid
12664,815,2026-04-01,45.0,Failed
12665,815,2026-05-01,45.0,Paid
12666,815,2026-06-01,45.0,Paid
12667,815,2026-07-01,45.0,Paid
12668,816,2024-07-01,45.0,Paid
12669,816,2024-08-01,45.0,Paid
12670,816,2024-09-01,45.0,Paid
12671,816,2024-10-01,45.0,Paid
12672,816,2024-11-01,45.0,Paid
12673,816,2024-12-01,45.0,Paid
12674,816,2025-01-01,45.0,Paid
12675,816,2025-02-01,45.0,Paid
12676,816,2025-03-01,45.0,Paid
12677,816,2025-04-01,45.0,Failed
12678,816,2025-05-01,45.0,Paid
12679,816,2025-06-01,45.0,Paid
12680,816,2025-07-01,45.0,Paid
12681,816,2025-08-01,45.0,Paid
12682,816,2025-09-01,45.0,Paid
12683,816,2025-10-01,45.0,Paid
12684,816,2025-11-01,45.0,Paid
12685,816,2025-12-01,45.0,Paid
12686,816,2026-01-01,45.0,Paid
12687,816,2026-02-01,45.0,Paid
12688,816,2026-03-01,45.0,Paid
12689,816,2026-04-01,45.0,Paid
12690,816,2026-05-01,45.0,Paid
12691,816,2026-06-01,45.0,Paid
12692,816,2026-07-01,45.0,Paid
12693,817,2024-04-01,39.0,Paid
12694,817,2024-05-01,39.0,Paid
12695,817,2024-06-01,39.0,Paid
12696,817,2024-07-01,39.0,Paid
12697,817,2024-08-01,39.0,Paid
12698,817,2024-09-01,39.0,Paid
12699,817,2024-10-01,39.0,Paid
12700,817,2024-11-01,39.0,Paid
12701,817,2024-12-01,39.0,Paid
12702,817,2025-01-01,39.0,Paid
12703,817,2025-02-01,39.0,Paid
12704,817,2025-03-01,39.0,Paid
12705,817,2025-04-01,39.0,Paid
12706,817,2025-05-01,39.0,Paid
12707,817,2025-06-01,39.0,Paid
12708,817,2025-07-01,39.0,Paid
12709,817,2025-08-01,39.0,Paid
12710,817,2025-09-01,39.0,Paid
12711,817,2025-10-01,39.0,Paid
12712,817,2025-11-01,39.0,Paid
12713,817,2025-12-01,39.0,Paid
12714,817,2026-01-01,39.0,Paid
12715,817,2026-02-01,39.0,Paid
12716,817,2026-03-01,39.0,Paid
12717,817,2026-04-01,39.0,Paid
12718,817,2026-05-01,39.0,Paid
12719,817,2026-06-01,39.0,Paid
12720,817,2026-07-01,39.0,Paid
12721,818,2024-11-01,64.0,Paid
12722,818,2024-12-01,64.0,Paid
12723,818,2025-01-01,64.0,Paid
12724,818,2025-02-01,64.0,Paid
12725,818,2025-03-01,64.0,Paid
12726,818,2025-04-01,64.0,Paid
12727,818,2025-05-01,64.0,Paid
12728,818,2025-06-01,64.0,Paid
12729,818,2025-07-01,64.0,Paid
12730,818,2025-08-01,64.0,Paid
12731,818,2025-09-01,64.0,Paid
12732,818,2025-10-01,64.0,Paid
12733,818,2025-11-01,64.0,Paid
12734,818,2025-12-01,64.0,Failed
12735,818,2026-01-01,64.0,Paid
12736,819,2025-02-01,45.0,Paid
12737,819,2025-03-01,45.0,Paid
12738,819,2025-04-01,45.0,Paid
12739,819,2025-05-01,45.0,Paid
12740,819,2025-06-01,45.0,Paid
12741,819,2025-07-01,45.0,Paid
12742,819,2025-08-01,45.0,Paid
12743,819,2025-09-01,45.0,Paid
12744,819,2025-10-01,45.0,Paid
12745,819,2025-11-01,45.0,Paid
12746,819,2025-12-01,45.0,Paid
12747,819,2026-01-01,45.0,Paid
12748,819,2026-02-01,45.0,Paid
12749,819,2026-03-01,45.0,Paid
12750,819,2026-04-01,45.0,Paid
12751,819,2026-05-01,45.0,Paid
12752,819,2026-06-01,45.0,Paid
12753,819,2026-07-01,45.0,Paid
12754,820,2026-03-01,64.0,Paid
12755,820,2026-04-01,64.0,Paid
12756,820,2026-05-01,64.0,Paid
12757,820,2026-06-01,64.0,Paid
12758,820,2026-07-01,64.0,Paid
12759,821,2025-07-01,56.0,Paid
12760,821,2025-08-01,56.0,Paid
12761,821,2025-09-01,56.0,Paid
12762,821,2025-10-01,56.0,Paid
12763,821,2025-11-01,56.0,Paid
12764,821,2025-12-01,56.0,Paid
12765,821,2026-01-01,56.0,Paid
12766,821,2026-02-01,56.0,Paid
12767,821,2026-03-01,56.0,Paid
12768,821,2026-04-01,56.0,Paid
12769,821,2026-05-01,56.0,Paid
12770,821,2026-06-01,56.0,Paid
12771,821,2026-07-01,56.0,Paid
12772,822,2026-02-01,56.0,Paid
12773,822,2026-03-01,56.0,Paid
12774,822,2026-04-01,56.0,Paid
12775,822,2026-05-01,56.0,Paid
12776,822,2026-06-01,56.0,Paid
12777,822,2026-07-01,56.0,Paid
12778,823,2025-02-01,56.0,Paid
12779,823,2025-03-01,56.0,Failed
12780,823,2025-04-01,56.0,Paid
12781,823,2025-05-01,56.0,Paid
12782,823,2025-06-01,56.0,Paid
12783,823,2025-07-01,56.0,Paid
12784,823,2025-08-01,56.0,Paid
12785,823,2025-09-01,56.0,Paid
12786,823,2025-10-01,56.0,Paid
12787,823,2025-11-01,56.0,Paid
12788,823,2025-12-01,56.0,Paid
12789,823,2026-01-01,56.0,Paid
12790,823,2026-02-01,56.0,Paid
12791,823,2026-03-01,56.0,Paid
12792,823,2026-04-01,56.0,Paid
12793,823,2026-05-01,56.0,Paid
12794,823,2026-06-01,56.0,Paid
12795,823,2026-07-01,56.0,Paid
12796,824,2024-02-01,56.0,Paid
12797,824,2024-03-01,56.0,Paid
12798,824,2024-04-01,56.0,Paid
12799,824,2024-05-01,56.0,Paid
12800,824,2024-06-01,56.0,Paid
12801,824,2024-07-01,56.0,Failed
12802,824,2024-08-01,56.0,Paid
12803,824,2024-09-01,56.0,Paid
12804,824,2024-10-01,56.0,Paid
12805,824,2024-11-01,56.0,Paid
12806,824,2024-12-01,56.0,Paid
12807,824,2025-01-01,56.0,Paid
12808,824,2025-02-01,56.0,Paid
12809,824,2025-03-01,56.0,Paid
12810,824,2025-04-01,56.0,Paid
12811,824,2025-05-01,56.0,Failed
12812,824,2025-06-01,56.0,Paid
12813,824,2025-07-01,56.0,Paid
12814,824,2025-08-01,56.0,Paid
12815,824,2025-09-01,56.0,Paid
12816,824,2025-10-01,56.0,Paid
12817,824,2025-11-01,56.0,Paid
12818,824,2025-12-01,56.0,Paid
12819,824,2026-01-01,56.0,Paid
12820,824,2026-02-01,56.0,Paid
12821,824,2026-03-01,56.0,Paid
12822,824,2026-04-01,56.0,Paid
12823,824,2026-05-01,56.0,Paid
12824,824,2026-06-01,56.0,Paid
12825,824,2026-07-01,56.0,Paid
12826,825,2026-03-01,45.0,Paid
12827,825,2026-04-01,45.0,Paid
12828,825,2026-05-01,45.0,Paid
12829,825,2026-06-01,45.0,Paid
12830,825,2026-07-01,45.0,Paid
12831,826,2025-07-01,64.0,Paid
12832,826,2025-08-01,64.0,Paid
12833,826,2025-09-01,64.0,Paid
12834,826,2025-10-01,64.0,Paid
12835,826,2025-11-01,64.0,Failed
12836,826,2025-12-01,64.0,Failed
12837,826,2026-01-01,64.0,Paid
12838,827,2025-02-01,45.0,Paid
12839,827,2025-03-01,45.0,Paid
12840,827,2025-04-01,45.0,Paid
12841,827,2025-05-01,45.0,Paid
12842,827,2025-06-01,45.0,Paid
12843,827,2025-07-01,45.0,Paid
12844,827,2025-08-01,45.0,Failed
12845,827,2025-09-01,45.0,Paid
12846,827,2025-10-01,45.0,Paid
12847,827,2025-11-01,45.0,Paid
12848,827,2025-12-01,45.0,Paid
12849,827,2026-01-01,45.0,Paid
12850,827,2026-02-01,45.0,Paid
12851,827,2026-03-01,45.0,Paid
12852,827,2026-04-01,45.0,Paid
12853,827,2026-05-01,45.0,Paid
12854,827,2026-06-01,45.0,Paid
12855,827,2026-07-01,45.0,Paid
12856,828,2024-10-01,64.0,Paid
12857,828,2024-11-01,64.0,Paid
12858,828,2024-12-01,64.0,Failed
12859,828,2025-01-01,64.0,Paid
12860,828,2025-02-01,64.0,Paid
12861,828,2025-03-01,64.0,Paid
12862,828,2025-04-01,64.0,Paid
12863,828,2025-05-01,64.0,Paid
12864,828,2025-06-01,64.0,Paid
12865,828,2025-07-01,64.0,Paid
12866,828,2025-08-01,64.0,Paid
12867,828,2025-09-01,64.0,Paid
12868,828,2025-10-01,64.0,Paid
12869,829,2025-12-01,64.0,Paid
12870,829,2026-01-01,64.0,Paid
12871,829,2026-02-01,64.0,Paid
12872,829,2026-03-01,64.0,Paid
12873,829,2026-04-01,64.0,Paid
12874,829,2026-05-01,64.0,Paid
12875,829,2026-06-01,64.0,Paid
12876,830,2024-04-01,56.0,Paid
12877,830,2024-05-01,56.0,Paid
12878,830,2024-06-01,56.0,Paid
12879,830,2024-07-01,56.0,Paid
12880,830,2024-08-01,56.0,Paid
12881,830,2024-09-01,56.0,Paid
12882,830,2024-10-01,56.0,Paid
12883,830,2024-11-01,56.0,Paid
12884,830,2024-12-01,56.0,Paid
12885,830,2025-01-01,56.0,Paid
12886,830,2025-02-01,56.0,Paid
12887,830,2025-03-01,56.0,Paid
12888,830,2025-04-01,56.0,Paid
12889,830,2025-05-01,56.0,Paid
12890,830,2025-06-01,56.0,Paid
12891,830,2025-07-01,56.0,Paid
12892,830,2025-08-01,56.0,Paid
12893,830,2025-09-01,56.0,Paid
12894,830,2025-10-01,56.0,Paid
12895,830,2025-11-01,56.0,Paid
12896,830,2025-12-01,56.0,Paid
12897,830,2026-01-01,56.0,Paid
12898,830,2026-02-01,56.0,Paid
12899,830,2026-03-01,56.0,Paid
12900,830,2026-04-01,56.0,Paid
12901,830,2026-05-01,56.0,Paid
12902,830,2026-06-01,56.0,Paid
12903,830,2026-07-01,56.0,Failed
12904,831,2025-11-01,39.0,Paid
12905,831,2025-12-01,39.0,Paid
12906,831,2026-01-01,39.0,Paid
12907,831,2026-02-01,39.0,Paid
12908,831,2026-03-01,39.0,Paid
12909,831,2026-04-01,39.0,Paid
12910,831,2026-05-01,39.0,Paid
12911,831,2026-06-01,39.0,Paid
12912,831,2026-07-01,39.0,Paid
12913,832,2025-02-01,64.0,Paid
12914,832,2025-03-01,64.0,Paid
12915,832,2025-04-01,64.0,Failed
12916,832,2025-05-01,64.0,Failed
12917,832,2025-06-01,64.0,Paid
12918,832,2025-07-01,64.0,Paid
12919,832,2025-08-01,64.0,Paid
12920,833,2026-05-01,64.0,Paid
12921,833,2026-06-01,64.0,Paid
12922,834,2024-05-01,39.0,Failed
12923,834,2024-06-01,39.0,Paid
12924,834,2024-07-01,39.0,Paid
12925,834,2024-08-01,39.0,Paid
12926,834,2024-09-01,39.0,Paid
12927,834,2024-10-01,39.0,Paid
12928,834,2024-11-01,39.0,Paid
12929,834,2024-12-01,39.0,Failed
12930,834,2025-01-01,39.0,Paid
12931,834,2025-02-01,39.0,Paid
12932,834,2025-03-01,39.0,Paid
12933,834,2025-04-01,39.0,Paid
12934,834,2025-05-01,39.0,Paid
12935,834,2025-06-01,39.0,Paid
12936,834,2025-07-01,39.0,Paid
12937,834,2025-08-01,39.0,Paid
12938,834,2025-09-01,39.0,Paid
12939,834,2025-10-01,39.0,Paid
12940,834,2025-11-01,39.0,Paid
12941,834,2025-12-01,39.0,Paid
12942,834,2026-01-01,39.0,Paid
12943,834,2026-02-01,39.0,Paid
12944,834,2026-03-01,39.0,Paid
12945,834,2026-04-01,39.0,Paid
12946,834,2026-05-01,39.0,Paid
12947,834,2026-06-01,39.0,Paid
12948,834,2026-07-01,39.0,Failed
12949,835,2026-06-01,45.0,Paid
12950,835,2026-07-01,45.0,Paid
12951,836,2026-03-01,39.0,Paid
12952,836,2026-04-01,39.0,Paid
12953,836,2026-05-01,39.0,Paid
12954,836,2026-06-01,39.0,Paid
12955,836,2026-07-01,39.0,Paid
12956,837,2025-08-01,45.0,Paid
12957,837,2025-09-01,45.0,Paid
12958,837,2025-10-01,45.0,Paid
12959,837,2025-11-01,45.0,Paid
12960,837,2025-12-01,45.0,Paid
12961,837,2026-01-01,45.0,Paid
12962,837,2026-02-01,45.0,Paid
12963,837,2026-03-01,45.0,Paid
12964,837,2026-04-01,45.0,Paid
12965,837,2026-05-01,45.0,Paid
12966,837,2026-06-01,45.0,Paid
12967,837,2026-07-01,45.0,Paid
12968,838,2025-08-01,45.0,Paid
12969,838,2025-09-01,45.0,Paid
12970,838,2025-10-01,45.0,Paid
12971,838,2025-11-01,45.0,Paid
12972,838,2025-12-01,45.0,Paid
12973,838,2026-01-01,45.0,Paid
12974,838,2026-02-01,45.0,Paid
12975,838,2026-03-01,45.0,Paid
12976,838,2026-04-01,45.0,Failed
12977,838,2026-05-01,45.0,Paid
12978,838,2026-06-01,45.0,Paid
12979,838,2026-07-01,45.0,Paid
12980,839,2024-11-01,45.0,Paid
12981,839,2024-12-01,45.0,Paid
12982,839,2025-01-01,45.0,Paid
12983,839,2025-02-01,45.0,Paid
12984,839,2025-03-01,45.0,Paid
12985,839,2025-04-01,45.0,Paid
12986,839,2025-05-01,45.0,Paid
12987,839,2025-06-01,45.0,Paid
12988,839,2025-07-01,45.0,Paid
12989,839,2025-08-01,45.0,Paid
12990,839,2025-09-01,45.0,Paid
12991,839,2025-10-01,45.0,Paid
12992,839,2025-11-01,45.0,Paid
12993,839,2025-12-01,45.0,Paid
12994,839,2026-01-01,45.0,Paid
12995,839,2026-02-01,45.0,Paid
12996,839,2026-03-01,45.0,Paid
12997,839,2026-04-01,45.0,Paid
12998,839,2026-05-01,45.0,Paid
12999,839,2026-06-01,45.0,Paid
13000,839,2026-07-01,45.0,Paid
13001,840,2025-05-01,56.0,Paid
13002,840,2025-06-01,56.0,Paid
13003,840,2025-07-01,56.0,Paid
13004,840,2025-08-01,56.0,Paid
13005,840,2025-09-01,56.0,Paid
13006,840,2025-10-01,56.0,Paid
13007,840,2025-11-01,56.0,Paid
13008,840,2025-12-01,56.0,Paid
13009,840,2026-01-01,56.0,Paid
13010,840,2026-02-01,56.0,Paid
13011,840,2026-03-01,56.0,Failed
13012,840,2026-04-01,56.0,Paid
13013,840,2026-05-01,56.0,Paid
13014,840,2026-06-01,56.0,Paid
13015,840,2026-07-01,56.0,Paid
13016,841,2024-07-01,45.0,Paid
13017,841,2024-08-01,45.0,Paid
13018,841,2024-09-01,45.0,Paid
13019,841,2024-10-01,45.0,Paid
13020,841,2024-11-01,45.0,Paid
13021,841,2024-12-01,45.0,Paid
13022,841,2025-01-01,45.0,Paid
13023,841,2025-02-01,45.0,Paid
13024,841,2025-03-01,45.0,Paid
13025,841,2025-04-01,45.0,Paid
13026,841,2025-05-01,45.0,Paid
13027,841,2025-06-01,45.0,Paid
13028,841,2025-07-01,45.0,Paid
13029,841,2025-08-01,45.0,Paid
13030,841,2025-09-01,45.0,Paid
13031,841,2025-10-01,45.0,Paid
13032,841,2025-11-01,45.0,Paid
13033,841,2025-12-01,45.0,Paid
13034,841,2026-01-01,45.0,Paid
13035,841,2026-02-01,45.0,Paid
13036,841,2026-03-01,45.0,Paid
13037,841,2026-04-01,45.0,Paid
13038,841,2026-05-01,45.0,Paid
13039,841,2026-06-01,45.0,Paid
13040,841,2026-07-01,45.0,Paid
13041,842,2026-01-01,45.0,Paid
13042,842,2026-02-01,45.0,Paid
13043,842,2026-03-01,45.0,Paid
13044,842,2026-04-01,45.0,Paid
13045,843,2026-01-01,39.0,Paid
13046,843,2026-02-01,39.0,Paid
13047,843,2026-03-01,39.0,Paid
13048,843,2026-04-01,39.0,Paid
13049,843,2026-05-01,39.0,Paid
13050,843,2026-06-01,39.0,Paid
13051,843,2026-07-01,39.0,Paid
13052,844,2024-02-01,39.0,Paid
13053,844,2024-03-01,39.0,Paid
13054,844,2024-04-01,39.0,Paid
13055,844,2024-05-01,39.0,Paid
13056,844,2024-06-01,39.0,Paid
13057,844,2024-07-01,39.0,Paid
13058,844,2024-08-01,39.0,Paid
13059,844,2024-09-01,39.0,Paid
13060,844,2024-10-01,39.0,Paid
13061,844,2024-11-01,39.0,Paid
13062,844,2024-12-01,39.0,Paid
13063,844,2025-01-01,39.0,Paid
13064,844,2025-02-01,39.0,Paid
13065,844,2025-03-01,39.0,Paid
13066,844,2025-04-01,39.0,Paid
13067,844,2025-05-01,39.0,Paid
13068,844,2025-06-01,39.0,Paid
13069,844,2025-07-01,39.0,Paid
13070,844,2025-08-01,39.0,Paid
13071,844,2025-09-01,39.0,Paid
13072,844,2025-10-01,39.0,Paid
13073,844,2025-11-01,39.0,Paid
13074,844,2025-12-01,39.0,Paid
13075,844,2026-01-01,39.0,Paid
13076,844,2026-02-01,39.0,Paid
13077,844,2026-03-01,39.0,Paid
13078,844,2026-04-01,39.0,Paid
13079,844,2026-05-01,39.0,Paid
13080,844,2026-06-01,39.0,Paid
13081,844,2026-07-01,39.0,Failed
13082,845,2025-12-01,45.0,Paid
13083,845,2026-01-01,45.0,Paid
13084,845,2026-02-01,45.0,Paid
13085,845,2026-03-01,45.0,Paid
13086,845,2026-04-01,45.0,Paid
13087,845,2026-05-01,45.0,Paid
13088,845,2026-06-01,45.0,Paid
13089,845,2026-07-01,45.0,Paid
13090,846,2024-02-01,64.0,Paid
13091,846,2024-03-01,64.0,Paid
13092,846,2024-04-01,64.0,Paid
13093,846,2024-05-01,64.0,Paid
13094,846,2024-06-01,64.0,Paid
13095,846,2024-07-01,64.0,Paid
13096,846,2024-08-01,64.0,Paid
13097,846,2024-09-01,64.0,Paid
13098,846,2024-10-01,64.0,Paid
13099,846,2024-11-01,64.0,Paid
13100,846,2024-12-01,64.0,Paid
13101,846,2025-01-01,64.0,Paid
13102,846,2025-02-01,64.0,Paid
13103,846,2025-03-01,64.0,Paid
13104,846,2025-04-01,64.0,Paid
13105,846,2025-05-01,64.0,Failed
13106,846,2025-06-01,64.0,Failed
13107,846,2025-07-01,64.0,Paid
13108,846,2025-08-01,64.0,Paid
13109,846,2025-09-01,64.0,Paid
13110,846,2025-10-01,64.0,Paid
13111,846,2025-11-01,64.0,Paid
13112,846,2025-12-01,64.0,Paid
13113,846,2026-01-01,64.0,Paid
13114,846,2026-02-01,64.0,Paid
13115,846,2026-03-01,64.0,Paid
13116,846,2026-04-01,64.0,Paid
13117,846,2026-05-01,64.0,Failed
13118,846,2026-06-01,64.0,Paid
13119,846,2026-07-01,64.0,Paid
13120,847,2024-08-01,39.0,Paid
13121,847,2024-09-01,39.0,Paid
13122,847,2024-10-01,39.0,Paid
13123,847,2024-11-01,39.0,Paid
13124,847,2024-12-01,39.0,Paid
13125,847,2025-01-01,39.0,Paid
13126,847,2025-02-01,39.0,Paid
13127,847,2025-03-01,39.0,Failed
13128,847,2025-04-01,39.0,Paid
13129,847,2025-05-01,39.0,Paid
13130,847,2025-06-01,39.0,Paid
13131,847,2025-07-01,39.0,Paid
13132,847,2025-08-01,39.0,Paid
13133,847,2025-09-01,39.0,Paid
13134,847,2025-10-01,39.0,Paid
13135,847,2025-11-01,39.0,Paid
13136,847,2025-12-01,39.0,Paid
13137,847,2026-01-01,39.0,Paid
13138,847,2026-02-01,39.0,Paid
13139,847,2026-03-01,39.0,Paid
13140,847,2026-04-01,39.0,Paid
13141,847,2026-05-01,39.0,Paid
13142,847,2026-06-01,39.0,Paid
13143,847,2026-07-01,39.0,Paid
13144,848,2024-10-01,64.0,Failed
13145,848,2024-11-01,64.0,Failed
13146,848,2024-12-01,64.0,Paid
13147,848,2025-01-01,64.0,Paid
13148,848,2025-02-01,64.0,Paid
13149,848,2025-03-01,64.0,Paid
13150,848,2025-04-01,64.0,Paid
13151,848,2025-05-01,64.0,Paid
13152,848,2025-06-01,64.0,Paid
13153,848,2025-07-01,64.0,Paid
13154,848,2025-08-01,64.0,Paid
13155,848,2025-09-01,64.0,Paid
13156,848,2025-10-01,64.0,Failed
13157,848,2025-11-01,64.0,Paid
13158,848,2025-12-01,64.0,Paid
13159,848,2026-01-01,64.0,Paid
13160,848,2026-02-01,64.0,Paid
13161,848,2026-03-01,64.0,Paid
13162,848,2026-04-01,64.0,Paid
13163,848,2026-05-01,64.0,Paid
13164,848,2026-06-01,64.0,Paid
13165,848,2026-07-01,64.0,Paid
13166,849,2025-05-01,45.0,Paid
13167,849,2025-06-01,45.0,Paid
13168,849,2025-07-01,45.0,Paid
13169,849,2025-08-01,45.0,Paid
13170,849,2025-09-01,45.0,Paid
13171,849,2025-10-01,45.0,Paid
13172,849,2025-11-01,45.0,Failed
13173,849,2025-12-01,45.0,Paid
13174,849,2026-01-01,45.0,Paid
13175,849,2026-02-01,45.0,Paid
13176,849,2026-03-01,45.0,Paid
13177,849,2026-04-01,45.0,Paid
13178,849,2026-05-01,45.0,Paid
13179,849,2026-06-01,45.0,Paid
13180,849,2026-07-01,45.0,Paid
13181,850,2024-11-01,64.0,Paid
13182,850,2024-12-01,64.0,Paid
13183,850,2025-01-01,64.0,Failed
13184,850,2025-02-01,64.0,Paid
13185,850,2025-03-01,64.0,Paid
13186,850,2025-04-01,64.0,Paid
13187,850,2025-05-01,64.0,Failed
13188,850,2025-06-01,64.0,Paid
13189,850,2025-07-01,64.0,Paid
13190,850,2025-08-01,64.0,Paid
13191,850,2025-09-01,64.0,Paid
13192,850,2025-10-01,64.0,Paid
13193,850,2025-11-01,64.0,Paid
13194,850,2025-12-01,64.0,Paid
13195,850,2026-01-01,64.0,Paid
13196,850,2026-02-01,64.0,Paid
13197,850,2026-03-01,64.0,Paid
13198,850,2026-04-01,64.0,Paid
13199,850,2026-05-01,64.0,Paid
13200,850,2026-06-01,64.0,Paid
13201,850,2026-07-01,64.0,Paid
13202,851,2024-09-01,56.0,Paid
13203,851,2024-10-01,56.0,Paid
13204,851,2024-11-01,56.0,Paid
13205,851,2024-12-01,56.0,Paid
13206,851,2025-01-01,56.0,Paid
13207,851,2025-02-01,56.0,Paid
13208,851,2025-03-01,56.0,Paid
13209,851,2025-04-01,56.0,Paid
13210,851,2025-05-01,56.0,Paid
13211,851,2025-06-01,56.0,Paid
13212,851,2025-07-01,56.0,Paid
13213,851,2025-08-01,56.0,Paid
13214,851,2025-09-01,56.0,Paid
13215,851,2025-10-01,56.0,Paid
13216,851,2025-11-01,56.0,Paid
13217,851,2025-12-01,56.0,Paid
13218,851,2026-01-01,56.0,Paid
13219,851,2026-02-01,56.0,Paid
13220,851,2026-03-01,56.0,Paid
13221,851,2026-04-01,56.0,Paid
13222,851,2026-05-01,56.0,Paid
13223,851,2026-06-01,56.0,Failed
13224,851,2026-07-01,56.0,Paid
13225,852,2025-09-01,39.0,Paid
13226,852,2025-10-01,39.0,Paid
13227,852,2025-11-01,39.0,Paid
13228,853,2025-08-01,45.0,Paid
13229,853,2025-09-01,45.0,Failed
13230,853,2025-10-01,45.0,Paid
13231,853,2025-11-01,45.0,Paid
13232,853,2025-12-01,45.0,Failed
13233,853,2026-01-01,45.0,Paid
13234,853,2026-02-01,45.0,Paid
13235,853,2026-03-01,45.0,Paid
13236,853,2026-04-01,45.0,Paid
13237,853,2026-05-01,45.0,Paid
13238,853,2026-06-01,45.0,Paid
13239,853,2026-07-01,45.0,Paid
13240,854,2025-03-01,39.0,Paid
13241,854,2025-04-01,39.0,Paid
13242,854,2025-05-01,39.0,Paid
13243,854,2025-06-01,39.0,Paid
13244,854,2025-07-01,39.0,Paid
13245,854,2025-08-01,39.0,Paid
13246,854,2025-09-01,39.0,Paid
13247,854,2025-10-01,39.0,Paid
13248,854,2025-11-01,39.0,Paid
13249,854,2025-12-01,39.0,Paid
13250,854,2026-01-01,39.0,Paid
13251,854,2026-02-01,39.0,Paid
13252,854,2026-03-01,39.0,Paid
13253,855,2024-06-01,39.0,Paid
13254,855,2024-07-01,39.0,Paid
13255,855,2024-08-01,39.0,Paid
13256,855,2024-09-01,39.0,Paid
13257,855,2024-10-01,39.0,Paid
13258,855,2024-11-01,39.0,Paid
13259,855,2024-12-01,39.0,Paid
13260,855,2025-01-01,39.0,Paid
13261,855,2025-02-01,39.0,Paid
13262,855,2025-03-01,39.0,Paid
13263,856,2025-08-01,64.0,Paid
13264,856,2025-09-01,64.0,Paid
13265,856,2025-10-01,64.0,Paid
13266,856,2025-11-01,64.0,Failed
13267,856,2025-12-01,64.0,Paid
13268,856,2026-01-01,64.0,Failed
13269,856,2026-02-01,64.0,Paid
13270,856,2026-03-01,64.0,Paid
13271,856,2026-04-01,64.0,Paid
13272,856,2026-05-01,64.0,Paid
13273,856,2026-06-01,64.0,Paid
13274,856,2026-07-01,64.0,Paid
13275,857,2026-05-01,45.0,Paid
13276,857,2026-06-01,45.0,Paid
13277,857,2026-07-01,45.0,Paid
13278,858,2024-09-01,64.0,Paid
13279,858,2024-10-01,64.0,Failed
13280,858,2024-11-01,64.0,Paid
13281,858,2024-12-01,64.0,Paid
13282,858,2025-01-01,64.0,Paid
13283,858,2025-02-01,64.0,Paid
13284,858,2025-03-01,64.0,Paid
13285,858,2025-04-01,64.0,Paid
13286,858,2025-05-01,64.0,Failed
13287,858,2025-06-01,64.0,Paid
13288,858,2025-07-01,64.0,Paid
13289,858,2025-08-01,64.0,Paid
13290,858,2025-09-01,64.0,Paid
13291,858,2025-10-01,64.0,Paid
13292,858,2025-11-01,64.0,Paid
13293,858,2025-12-01,64.0,Paid
13294,858,2026-01-01,64.0,Paid
13295,858,2026-02-01,64.0,Paid
13296,858,2026-03-01,64.0,Paid
13297,858,2026-04-01,64.0,Paid
13298,858,2026-05-01,64.0,Failed
13299,858,2026-06-01,64.0,Paid
13300,858,2026-07-01,64.0,Paid
13301,859,2024-09-01,45.0,Paid
13302,859,2024-10-01,45.0,Paid
13303,859,2024-11-01,45.0,Paid
13304,859,2024-12-01,45.0,Paid
13305,859,2025-01-01,45.0,Paid
13306,859,2025-02-01,45.0,Paid
13307,859,2025-03-01,45.0,Paid
13308,859,2025-04-01,45.0,Paid
13309,859,2025-05-01,45.0,Failed
13310,859,2025-06-01,45.0,Paid
13311,859,2025-07-01,45.0,Paid
13312,859,2025-08-01,45.0,Paid
13313,859,2025-09-01,45.0,Paid
13314,859,2025-10-01,45.0,Paid
13315,859,2025-11-01,45.0,Failed
13316,859,2025-12-01,45.0,Paid
13317,859,2026-01-01,45.0,Paid
13318,859,2026-02-01,45.0,Paid
13319,859,2026-03-01,45.0,Paid
13320,859,2026-04-01,45.0,Paid
13321,859,2026-05-01,45.0,Paid
13322,860,2025-01-01,56.0,Paid
13323,860,2025-02-01,56.0,Paid
13324,860,2025-03-01,56.0,Paid
13325,860,2025-04-01,56.0,Paid
13326,860,2025-05-01,56.0,Paid
13327,860,2025-06-01,56.0,Paid
13328,860,2025-07-01,56.0,Paid
13329,860,2025-08-01,56.0,Paid
13330,860,2025-09-01,56.0,Paid
13331,860,2025-10-01,56.0,Paid
13332,861,2024-08-01,56.0,Paid
13333,861,2024-09-01,56.0,Paid
13334,861,2024-10-01,56.0,Paid
13335,861,2024-11-01,56.0,Paid
13336,861,2024-12-01,56.0,Paid
13337,861,2025-01-01,56.0,Paid
13338,861,2025-02-01,56.0,Paid
13339,861,2025-03-01,56.0,Paid
13340,861,2025-04-01,56.0,Paid
13341,861,2025-05-01,56.0,Paid
13342,861,2025-06-01,56.0,Paid
13343,861,2025-07-01,56.0,Paid
13344,861,2025-08-01,56.0,Paid
13345,861,2025-09-01,56.0,Paid
13346,861,2025-10-01,56.0,Paid
13347,861,2025-11-01,56.0,Paid
13348,861,2025-12-01,56.0,Paid
13349,861,2026-01-01,56.0,Paid
13350,861,2026-02-01,56.0,Paid
13351,861,2026-03-01,56.0,Paid
13352,861,2026-04-01,56.0,Paid
13353,861,2026-05-01,56.0,Paid
13354,861,2026-06-01,56.0,Paid
13355,861,2026-07-01,56.0,Paid
13356,862,2026-02-01,64.0,Paid
13357,862,2026-03-01,64.0,Paid
13358,862,2026-04-01,64.0,Paid
13359,862,2026-05-01,64.0,Paid
13360,862,2026-06-01,64.0,Paid
13361,862,2026-07-01,64.0,Paid
13362,863,2025-05-01,64.0,Paid
13363,863,2025-06-01,64.0,Paid
13364,863,2025-07-01,64.0,Paid
13365,863,2025-08-01,64.0,Paid
13366,863,2025-09-01,64.0,Paid
13367,863,2025-10-01,64.0,Paid
13368,863,2025-11-01,64.0,Paid
13369,863,2025-12-01,64.0,Paid
13370,863,2026-01-01,64.0,Paid
13371,864,2025-04-01,56.0,Paid
13372,864,2025-05-01,56.0,Paid
13373,864,2025-06-01,56.0,Paid
13374,864,2025-07-01,56.0,Failed
13375,864,2025-08-01,56.0,Paid
13376,864,2025-09-01,56.0,Paid
13377,864,2025-10-01,56.0,Paid
13378,864,2025-11-01,56.0,Paid
13379,864,2025-12-01,56.0,Paid
13380,864,2026-01-01,56.0,Paid
13381,864,2026-02-01,56.0,Paid
13382,864,2026-03-01,56.0,Paid
13383,864,2026-04-01,56.0,Paid
13384,864,2026-05-01,56.0,Paid
13385,864,2026-06-01,56.0,Paid
13386,864,2026-07-01,56.0,Paid
13387,865,2025-06-01,39.0,Paid
13388,865,2025-07-01,39.0,Paid
13389,865,2025-08-01,39.0,Paid
13390,865,2025-09-01,39.0,Paid
13391,866,2024-04-01,39.0,Paid
13392,866,2024-05-01,39.0,Paid
13393,866,2024-06-01,39.0,Paid
13394,866,2024-07-01,39.0,Paid
13395,866,2024-08-01,39.0,Paid
13396,866,2024-09-01,39.0,Paid
13397,866,2024-10-01,39.0,Paid
13398,866,2024-11-01,39.0,Paid
13399,866,2024-12-01,39.0,Paid
13400,866,2025-01-01,39.0,Paid
13401,866,2025-02-01,39.0,Paid
13402,866,2025-03-01,39.0,Paid
13403,866,2025-04-01,39.0,Paid
13404,866,2025-05-01,39.0,Paid
13405,866,2025-06-01,39.0,Paid
13406,866,2025-07-01,39.0,Paid
13407,866,2025-08-01,39.0,Failed
13408,866,2025-09-01,39.0,Paid
13409,866,2025-10-01,39.0,Paid
13410,866,2025-11-01,39.0,Paid
13411,866,2025-12-01,39.0,Paid
13412,866,2026-01-01,39.0,Paid
13413,866,2026-02-01,39.0,Paid
13414,866,2026-03-01,39.0,Failed
13415,866,2026-04-01,39.0,Paid
13416,866,2026-05-01,39.0,Paid
13417,866,2026-06-01,39.0,Paid
13418,866,2026-07-01,39.0,Paid
13419,867,2024-07-01,56.0,Paid
13420,867,2024-08-01,56.0,Paid
13421,867,2024-09-01,56.0,Paid
13422,867,2024-10-01,56.0,Paid
13423,867,2024-11-01,56.0,Paid
13424,867,2024-12-01,56.0,Paid
13425,867,2025-01-01,56.0,Paid
13426,867,2025-02-01,56.0,Paid
13427,867,2025-03-01,56.0,Paid
13428,867,2025-04-01,56.0,Paid
13429,867,2025-05-01,56.0,Paid
13430,867,2025-06-01,56.0,Paid
13431,867,2025-07-01,56.0,Paid
13432,867,2025-08-01,56.0,Paid
13433,867,2025-09-01,56.0,Paid
13434,867,2025-10-01,56.0,Paid
13435,867,2025-11-01,56.0,Paid
13436,867,2025-12-01,56.0,Paid
13437,867,2026-01-01,56.0,Paid
13438,867,2026-02-01,56.0,Paid
13439,867,2026-03-01,56.0,Paid
13440,867,2026-04-01,56.0,Paid
13441,867,2026-05-01,56.0,Paid
13442,867,2026-06-01,56.0,Paid
13443,867,2026-07-01,56.0,Paid
13444,868,2025-09-01,64.0,Paid
13445,868,2025-10-01,64.0,Failed
13446,868,2025-11-01,64.0,Paid
13447,868,2025-12-01,64.0,Paid
13448,868,2026-01-01,64.0,Paid
13449,868,2026-02-01,64.0,Paid
13450,868,2026-03-01,64.0,Failed
13451,868,2026-04-01,64.0,Paid
13452,868,2026-05-01,64.0,Paid
13453,868,2026-06-01,64.0,Paid
13454,868,2026-07-01,64.0,Failed
13455,869,2024-10-01,64.0,Paid
13456,869,2024-11-01,64.0,Paid
13457,869,2024-12-01,64.0,Paid
13458,869,2025-01-01,64.0,Paid
13459,869,2025-02-01,64.0,Paid
13460,869,2025-03-01,64.0,Paid
13461,869,2025-04-01,64.0,Paid
13462,869,2025-05-01,64.0,Paid
13463,869,2025-06-01,64.0,Paid
13464,869,2025-07-01,64.0,Paid
13465,869,2025-08-01,64.0,Failed
13466,869,2025-09-01,64.0,Paid
13467,869,2025-10-01,64.0,Paid
13468,869,2025-11-01,64.0,Paid
13469,869,2025-12-01,64.0,Paid
13470,869,2026-01-01,64.0,Paid
13471,869,2026-02-01,64.0,Paid
13472,869,2026-03-01,64.0,Paid
13473,869,2026-04-01,64.0,Paid
13474,869,2026-05-01,64.0,Paid
13475,869,2026-06-01,64.0,Paid
13476,869,2026-07-01,64.0,Paid
13477,870,2025-06-01,45.0,Paid
13478,870,2025-07-01,45.0,Paid
13479,870,2025-08-01,45.0,Paid
13480,870,2025-09-01,45.0,Paid
13481,870,2025-10-01,45.0,Paid
13482,870,2025-11-01,45.0,Failed
13483,870,2025-12-01,45.0,Paid
13484,870,2026-01-01,45.0,Paid
13485,870,2026-02-01,45.0,Paid
13486,870,2026-03-01,45.0,Paid
13487,870,2026-04-01,45.0,Paid
13488,870,2026-05-01,45.0,Paid
13489,870,2026-06-01,45.0,Paid
13490,870,2026-07-01,45.0,Paid
13491,871,2026-01-01,64.0,Paid
13492,871,2026-02-01,64.0,Paid
13493,871,2026-03-01,64.0,Paid
13494,871,2026-04-01,64.0,Paid
13495,871,2026-05-01,64.0,Paid
13496,871,2026-06-01,64.0,Paid
13497,871,2026-07-01,64.0,Paid
13498,872,2026-02-01,64.0,Paid
13499,872,2026-03-01,64.0,Paid
13500,872,2026-04-01,64.0,Paid
13501,872,2026-05-01,64.0,Paid
13502,872,2026-06-01,64.0,Paid
13503,872,2026-07-01,64.0,Paid
13504,873,2024-10-01,39.0,Paid
13505,873,2024-11-01,39.0,Paid
13506,873,2024-12-01,39.0,Paid
13507,873,2025-01-01,39.0,Paid
13508,873,2025-02-01,39.0,Paid
13509,873,2025-03-01,39.0,Paid
13510,873,2025-04-01,39.0,Paid
13511,873,2025-05-01,39.0,Paid
13512,873,2025-06-01,39.0,Paid
13513,873,2025-07-01,39.0,Paid
13514,873,2025-08-01,39.0,Paid
13515,873,2025-09-01,39.0,Paid
13516,873,2025-10-01,39.0,Failed
13517,873,2025-11-01,39.0,Failed
13518,873,2025-12-01,39.0,Paid
13519,873,2026-01-01,39.0,Failed
13520,873,2026-02-01,39.0,Paid
13521,873,2026-03-01,39.0,Paid
13522,873,2026-04-01,39.0,Paid
13523,873,2026-05-01,39.0,Paid
13524,873,2026-06-01,39.0,Paid
13525,873,2026-07-01,39.0,Paid
13526,874,2026-05-01,64.0,Paid
13527,874,2026-06-01,64.0,Paid
13528,874,2026-07-01,64.0,Paid
13529,875,2024-04-01,45.0,Paid
13530,875,2024-05-01,45.0,Paid
13531,875,2024-06-01,45.0,Paid
13532,875,2024-07-01,45.0,Failed
13533,875,2024-08-01,45.0,Paid
13534,875,2024-09-01,45.0,Paid
13535,875,2024-10-01,45.0,Paid
13536,875,2024-11-01,45.0,Paid
13537,875,2024-12-01,45.0,Paid
13538,875,2025-01-01,45.0,Paid
13539,875,2025-02-01,45.0,Paid
13540,875,2025-03-01,45.0,Paid
13541,875,2025-04-01,45.0,Paid
13542,875,2025-05-01,45.0,Paid
13543,875,2025-06-01,45.0,Paid
13544,875,2025-07-01,45.0,Paid
13545,875,2025-08-01,45.0,Paid
13546,875,2025-09-01,45.0,Paid
13547,875,2025-10-01,45.0,Paid
13548,875,2025-11-01,45.0,Paid
13549,875,2025-12-01,45.0,Paid
13550,875,2026-01-01,45.0,Paid
13551,875,2026-02-01,45.0,Paid
13552,875,2026-03-01,45.0,Paid
13553,875,2026-04-01,45.0,Paid
13554,875,2026-05-01,45.0,Paid
13555,875,2026-06-01,45.0,Paid
13556,875,2026-07-01,45.0,Paid
13557,876,2024-05-01,64.0,Paid
13558,876,2024-06-01,64.0,Paid
13559,876,2024-07-01,64.0,Paid
13560,876,2024-08-01,64.0,Paid
13561,876,2024-09-01,64.0,Failed
13562,876,2024-10-01,64.0,Paid
13563,876,2024-11-01,64.0,Paid
13564,876,2024-12-01,64.0,Paid
13565,876,2025-01-01,64.0,Paid
13566,876,2025-02-01,64.0,Paid
13567,876,2025-03-01,64.0,Paid
13568,876,2025-04-01,64.0,Paid
13569,876,2025-05-01,64.0,Paid
13570,876,2025-06-01,64.0,Paid
13571,876,2025-07-01,64.0,Paid
13572,876,2025-08-01,64.0,Paid
13573,876,2025-09-01,64.0,Paid
13574,876,2025-10-01,64.0,Paid
13575,876,2025-11-01,64.0,Failed
13576,876,2025-12-01,64.0,Paid
13577,876,2026-01-01,64.0,Paid
13578,876,2026-02-01,64.0,Paid
13579,876,2026-03-01,64.0,Paid
13580,876,2026-04-01,64.0,Paid
13581,876,2026-05-01,64.0,Paid
13582,876,2026-06-01,64.0,Paid
13583,876,2026-07-01,64.0,Paid
13584,877,2026-01-01,64.0,Paid
13585,877,2026-02-01,64.0,Paid
13586,877,2026-03-01,64.0,Paid
13587,877,2026-04-01,64.0,Paid
13588,877,2026-05-01,64.0,Paid
13589,877,2026-06-01,64.0,Paid
13590,877,2026-07-01,64.0,Failed
13591,878,2024-04-01,64.0,Failed
13592,878,2024-05-01,64.0,Paid
13593,878,2024-06-01,64.0,Paid
13594,878,2024-07-01,64.0,Paid
13595,878,2024-08-01,64.0,Paid
13596,878,2024-09-01,64.0,Paid
13597,878,2024-10-01,64.0,Paid
13598,878,2024-11-01,64.0,Paid
13599,878,2024-12-01,64.0,Paid
13600,878,2025-01-01,64.0,Paid
13601,878,2025-02-01,64.0,Paid
13602,878,2025-03-01,64.0,Paid
13603,878,2025-04-01,64.0,Paid
13604,878,2025-05-01,64.0,Paid
13605,878,2025-06-01,64.0,Paid
13606,878,2025-07-01,64.0,Paid
13607,878,2025-08-01,64.0,Paid
13608,878,2025-09-01,64.0,Paid
13609,878,2025-10-01,64.0,Paid
13610,878,2025-11-01,64.0,Paid
13611,878,2025-12-01,64.0,Paid
13612,878,2026-01-01,64.0,Paid
13613,878,2026-02-01,64.0,Paid
13614,878,2026-03-01,64.0,Paid
13615,878,2026-04-01,64.0,Paid
13616,878,2026-05-01,64.0,Paid
13617,878,2026-06-01,64.0,Paid
13618,878,2026-07-01,64.0,Paid
13619,879,2024-01-01,64.0,Paid
13620,879,2024-02-01,64.0,Paid
13621,879,2024-03-01,64.0,Paid
13622,879,2024-04-01,64.0,Paid
13623,879,2024-05-01,64.0,Paid
13624,879,2024-06-01,64.0,Paid
13625,879,2024-07-01,64.0,Paid
13626,879,2024-08-01,64.0,Paid
13627,879,2024-09-01,64.0,Paid
13628,879,2024-10-01,64.0,Paid
13629,879,2024-11-01,64.0,Paid
13630,879,2024-12-01,64.0,Paid
13631,879,2025-01-01,64.0,Paid
13632,879,2025-02-01,64.0,Paid
13633,879,2025-03-01,64.0,Paid
13634,879,2025-04-01,64.0,Paid
13635,879,2025-05-01,64.0,Paid
13636,879,2025-06-01,64.0,Paid
13637,879,2025-07-01,64.0,Paid
13638,879,2025-08-01,64.0,Paid
13639,879,2025-09-01,64.0,Paid
13640,879,2025-10-01,64.0,Paid
13641,879,2025-11-01,64.0,Paid
13642,879,2025-12-01,64.0,Paid
13643,879,2026-01-01,64.0,Paid
13644,879,2026-02-01,64.0,Paid
13645,879,2026-03-01,64.0,Failed
13646,879,2026-04-01,64.0,Paid
13647,879,2026-05-01,64.0,Paid
13648,879,2026-06-01,64.0,Paid
13649,879,2026-07-01,64.0,Paid
13650,880,2025-10-01,64.0,Paid
13651,880,2025-11-01,64.0,Paid
13652,880,2025-12-01,64.0,Paid
13653,880,2026-01-01,64.0,Paid
13654,880,2026-02-01,64.0,Paid
13655,880,2026-03-01,64.0,Paid
13656,880,2026-04-01,64.0,Paid
13657,880,2026-05-01,64.0,Paid
13658,880,2026-06-01,64.0,Paid
13659,880,2026-07-01,64.0,Paid
13660,881,2025-03-01,45.0,Paid
13661,881,2025-04-01,45.0,Paid
13662,881,2025-05-01,45.0,Paid
13663,881,2025-06-01,45.0,Paid
13664,881,2025-07-01,45.0,Paid
13665,881,2025-08-01,45.0,Paid
13666,881,2025-09-01,45.0,Paid
13667,881,2025-10-01,45.0,Paid
13668,881,2025-11-01,45.0,Paid
13669,881,2025-12-01,45.0,Paid
13670,881,2026-01-01,45.0,Paid
13671,881,2026-02-01,45.0,Paid
13672,881,2026-03-01,45.0,Paid
13673,881,2026-04-01,45.0,Paid
13674,881,2026-05-01,45.0,Paid
13675,881,2026-06-01,45.0,Paid
13676,881,2026-07-01,45.0,Paid
13677,882,2025-06-01,56.0,Paid
13678,882,2025-07-01,56.0,Paid
13679,882,2025-08-01,56.0,Paid
13680,882,2025-09-01,56.0,Paid
13681,882,2025-10-01,56.0,Paid
13682,882,2025-11-01,56.0,Paid
13683,882,2025-12-01,56.0,Paid
13684,882,2026-01-01,56.0,Failed
13685,882,2026-02-01,56.0,Paid
13686,882,2026-03-01,56.0,Paid
13687,882,2026-04-01,56.0,Paid
13688,882,2026-05-01,56.0,Paid
13689,882,2026-06-01,56.0,Paid
13690,882,2026-07-01,56.0,Paid
13691,883,2025-02-01,56.0,Paid
13692,883,2025-03-01,56.0,Paid
13693,883,2025-04-01,56.0,Paid
13694,883,2025-05-01,56.0,Paid
13695,883,2025-06-01,56.0,Paid
13696,883,2025-07-01,56.0,Paid
13697,883,2025-08-01,56.0,Paid
13698,883,2025-09-01,56.0,Paid
13699,883,2025-10-01,56.0,Paid
13700,883,2025-11-01,56.0,Paid
13701,883,2025-12-01,56.0,Paid
13702,883,2026-01-01,56.0,Paid
13703,883,2026-02-01,56.0,Paid
13704,883,2026-03-01,56.0,Paid
13705,883,2026-04-01,56.0,Paid
13706,883,2026-05-01,56.0,Paid
13707,883,2026-06-01,56.0,Paid
13708,883,2026-07-01,56.0,Paid
13709,884,2024-07-01,45.0,Paid
13710,884,2024-08-01,45.0,Paid
13711,884,2024-09-01,45.0,Paid
13712,884,2024-10-01,45.0,Failed
13713,884,2024-11-01,45.0,Paid
13714,884,2024-12-01,45.0,Paid
13715,884,2025-01-01,45.0,Paid
13716,884,2025-02-01,45.0,Paid
13717,884,2025-03-01,45.0,Paid
13718,884,2025-04-01,45.0,Paid
13719,884,2025-05-01,45.0,Paid
13720,884,2025-06-01,45.0,Paid
13721,884,2025-07-01,45.0,Paid
13722,884,2025-08-01,45.0,Paid
13723,884,2025-09-01,45.0,Paid
13724,884,2025-10-01,45.0,Paid
13725,884,2025-11-01,45.0,Paid
13726,884,2025-12-01,45.0,Paid
13727,884,2026-01-01,45.0,Paid
13728,884,2026-02-01,45.0,Paid
13729,884,2026-03-01,45.0,Paid
13730,884,2026-04-01,45.0,Paid
13731,884,2026-05-01,45.0,Paid
13732,884,2026-06-01,45.0,Paid
13733,884,2026-07-01,45.0,Paid
13734,885,2025-07-01,39.0,Paid
13735,885,2025-08-01,39.0,Paid
13736,885,2025-09-01,39.0,Paid
13737,885,2025-10-01,39.0,Paid
13738,885,2025-11-01,39.0,Paid
13739,885,2025-12-01,39.0,Paid
13740,885,2026-01-01,39.0,Paid
13741,885,2026-02-01,39.0,Paid
13742,885,2026-03-01,39.0,Paid
13743,885,2026-04-01,39.0,Paid
13744,885,2026-05-01,39.0,Paid
13745,886,2024-06-01,45.0,Paid
13746,886,2024-07-01,45.0,Paid
13747,886,2024-08-01,45.0,Paid
13748,886,2024-09-01,45.0,Paid
13749,886,2024-10-01,45.0,Paid
13750,886,2024-11-01,45.0,Paid
13751,886,2024-12-01,45.0,Paid
13752,886,2025-01-01,45.0,Paid
13753,886,2025-02-01,45.0,Paid
13754,886,2025-03-01,45.0,Paid
13755,886,2025-04-01,45.0,Paid
13756,886,2025-05-01,45.0,Paid
13757,886,2025-06-01,45.0,Paid
13758,886,2025-07-01,45.0,Paid
13759,886,2025-08-01,45.0,Paid
13760,886,2025-09-01,45.0,Paid
13761,886,2025-10-01,45.0,Paid
13762,886,2025-11-01,45.0,Paid
13763,886,2025-12-01,45.0,Paid
13764,886,2026-01-01,45.0,Paid
13765,886,2026-02-01,45.0,Paid
13766,886,2026-03-01,45.0,Paid
13767,886,2026-04-01,45.0,Paid
13768,886,2026-05-01,45.0,Paid
13769,886,2026-06-01,45.0,Paid
13770,886,2026-07-01,45.0,Paid
13771,887,2024-01-01,56.0,Paid
13772,887,2024-02-01,56.0,Paid
13773,887,2024-03-01,56.0,Paid
13774,887,2024-04-01,56.0,Paid
13775,887,2024-05-01,56.0,Paid
13776,887,2024-06-01,56.0,Paid
13777,887,2024-07-01,56.0,Paid
13778,887,2024-08-01,56.0,Paid
13779,887,2024-09-01,56.0,Paid
13780,887,2024-10-01,56.0,Paid
13781,887,2024-11-01,56.0,Paid
13782,887,2024-12-01,56.0,Paid
13783,887,2025-01-01,56.0,Paid
13784,887,2025-02-01,56.0,Paid
13785,887,2025-03-01,56.0,Paid
13786,887,2025-04-01,56.0,Paid
13787,887,2025-05-01,56.0,Paid
13788,887,2025-06-01,56.0,Paid
13789,887,2025-07-01,56.0,Paid
13790,887,2025-08-01,56.0,Paid
13791,887,2025-09-01,56.0,Paid
13792,887,2025-10-01,56.0,Paid
13793,887,2025-11-01,56.0,Paid
13794,887,2025-12-01,56.0,Paid
13795,887,2026-01-01,56.0,Paid
13796,887,2026-02-01,56.0,Paid
13797,887,2026-03-01,56.0,Paid
13798,887,2026-04-01,56.0,Paid
13799,887,2026-05-01,56.0,Paid
13800,887,2026-06-01,56.0,Paid
13801,887,2026-07-01,56.0,Paid
13802,888,2024-09-01,64.0,Paid
13803,888,2024-10-01,64.0,Failed
13804,888,2024-11-01,64.0,Paid
13805,888,2024-12-01,64.0,Paid
13806,888,2025-01-01,64.0,Paid
13807,888,2025-02-01,64.0,Paid
13808,888,2025-03-01,64.0,Paid
13809,888,2025-04-01,64.0,Paid
13810,888,2025-05-01,64.0,Paid
13811,888,2025-06-01,64.0,Paid
13812,888,2025-07-01,64.0,Paid
13813,888,2025-08-01,64.0,Paid
13814,888,2025-09-01,64.0,Paid
13815,888,2025-10-01,64.0,Paid
13816,888,2025-11-01,64.0,Paid
13817,888,2025-12-01,64.0,Paid
13818,888,2026-01-01,64.0,Failed
13819,888,2026-02-01,64.0,Paid
13820,888,2026-03-01,64.0,Failed
13821,888,2026-04-01,64.0,Paid
13822,888,2026-05-01,64.0,Paid
13823,888,2026-06-01,64.0,Paid
13824,888,2026-07-01,64.0,Paid
13825,889,2026-06-01,56.0,Paid
13826,889,2026-07-01,56.0,Paid
13827,890,2025-12-01,45.0,Paid
13828,890,2026-01-01,45.0,Paid
13829,890,2026-02-01,45.0,Paid
13830,890,2026-03-01,45.0,Paid
13831,890,2026-04-01,45.0,Paid
13832,890,2026-05-01,45.0,Paid
13833,890,2026-06-01,45.0,Failed
13834,890,2026-07-01,45.0,Paid
13835,891,2025-07-01,56.0,Paid
13836,891,2025-08-01,56.0,Paid
13837,891,2025-09-01,56.0,Paid
13838,891,2025-10-01,56.0,Paid
13839,891,2025-11-01,56.0,Paid
13840,891,2025-12-01,56.0,Paid
13841,891,2026-01-01,56.0,Paid
13842,891,2026-02-01,56.0,Paid
13843,891,2026-03-01,56.0,Paid
13844,891,2026-04-01,56.0,Paid
13845,892,2024-10-01,64.0,Failed
13846,892,2024-11-01,64.0,Paid
13847,892,2024-12-01,64.0,Paid
13848,892,2025-01-01,64.0,Paid
13849,892,2025-02-01,64.0,Paid
13850,892,2025-03-01,64.0,Paid
13851,892,2025-04-01,64.0,Paid
13852,892,2025-05-01,64.0,Paid
13853,892,2025-06-01,64.0,Paid
13854,892,2025-07-01,64.0,Paid
13855,892,2025-08-01,64.0,Paid
13856,892,2025-09-01,64.0,Paid
13857,892,2025-10-01,64.0,Paid
13858,892,2025-11-01,64.0,Paid
13859,892,2025-12-01,64.0,Paid
13860,892,2026-01-01,64.0,Paid
13861,892,2026-02-01,64.0,Paid
13862,892,2026-03-01,64.0,Paid
13863,892,2026-04-01,64.0,Paid
13864,892,2026-05-01,64.0,Paid
13865,892,2026-06-01,64.0,Paid
13866,892,2026-07-01,64.0,Paid
13867,893,2025-05-01,39.0,Paid
13868,893,2025-06-01,39.0,Paid
13869,893,2025-07-01,39.0,Paid
13870,893,2025-08-01,39.0,Paid
13871,893,2025-09-01,39.0,Paid
13872,893,2025-10-01,39.0,Paid
13873,893,2025-11-01,39.0,Paid
13874,893,2025-12-01,39.0,Paid
13875,894,2024-06-01,45.0,Paid
13876,894,2024-07-01,45.0,Paid
13877,894,2024-08-01,45.0,Paid
13878,894,2024-09-01,45.0,Paid
13879,894,2024-10-01,45.0,Paid
13880,894,2024-11-01,45.0,Paid
13881,894,2024-12-01,45.0,Paid
13882,894,2025-01-01,45.0,Paid
13883,894,2025-02-01,45.0,Paid
13884,894,2025-03-01,45.0,Paid
13885,894,2025-04-01,45.0,Paid
13886,894,2025-05-01,45.0,Paid
13887,894,2025-06-01,45.0,Paid
13888,894,2025-07-01,45.0,Paid
13889,894,2025-08-01,45.0,Paid
13890,894,2025-09-01,45.0,Paid
13891,894,2025-10-01,45.0,Paid
13892,894,2025-11-01,45.0,Paid
13893,894,2025-12-01,45.0,Paid
13894,894,2026-01-01,45.0,Paid
13895,894,2026-02-01,45.0,Paid
13896,894,2026-03-01,45.0,Paid
13897,894,2026-04-01,45.0,Paid
13898,894,2026-05-01,45.0,Paid
13899,894,2026-06-01,45.0,Paid
13900,894,2026-07-01,45.0,Paid
13901,895,2024-06-01,45.0,Paid
13902,895,2024-07-01,45.0,Failed
13903,895,2024-08-01,45.0,Paid
13904,896,2025-09-01,64.0,Paid
13905,896,2025-10-01,64.0,Paid
13906,896,2025-11-01,64.0,Paid
13907,896,2025-12-01,64.0,Paid
13908,896,2026-01-01,64.0,Paid
13909,896,2026-02-01,64.0,Paid
13910,896,2026-03-01,64.0,Failed
13911,896,2026-04-01,64.0,Paid
13912,896,2026-05-01,64.0,Paid
13913,896,2026-06-01,64.0,Paid
13914,896,2026-07-01,64.0,Paid
13915,897,2025-06-01,45.0,Paid
13916,897,2025-07-01,45.0,Paid
13917,897,2025-08-01,45.0,Paid
13918,897,2025-09-01,45.0,Paid
13919,897,2025-10-01,45.0,Paid
13920,897,2025-11-01,45.0,Paid
13921,897,2025-12-01,45.0,Paid
13922,897,2026-01-01,45.0,Paid
13923,897,2026-02-01,45.0,Paid
13924,897,2026-03-01,45.0,Paid
13925,897,2026-04-01,45.0,Failed
13926,897,2026-05-01,45.0,Paid
13927,897,2026-06-01,45.0,Paid
13928,897,2026-07-01,45.0,Paid
13929,898,2025-02-01,56.0,Paid
13930,898,2025-03-01,56.0,Paid
13931,898,2025-04-01,56.0,Paid
13932,898,2025-05-01,56.0,Paid
13933,898,2025-06-01,56.0,Paid
13934,898,2025-07-01,56.0,Paid
13935,898,2025-08-01,56.0,Paid
13936,898,2025-09-01,56.0,Paid
13937,898,2025-10-01,56.0,Paid
13938,898,2025-11-01,56.0,Failed
13939,898,2025-12-01,56.0,Failed
13940,898,2026-01-01,56.0,Paid
13941,898,2026-02-01,56.0,Paid
13942,898,2026-03-01,56.0,Paid
13943,898,2026-04-01,56.0,Paid
13944,898,2026-05-01,56.0,Paid
13945,898,2026-06-01,56.0,Paid
13946,898,2026-07-01,56.0,Paid
13947,899,2025-12-01,64.0,Paid
13948,899,2026-01-01,64.0,Paid
13949,899,2026-02-01,64.0,Paid
13950,899,2026-03-01,64.0,Paid
13951,899,2026-04-01,64.0,Failed
13952,899,2026-05-01,64.0,Paid
13953,899,2026-06-01,64.0,Failed
13954,899,2026-07-01,64.0,Failed
13955,900,2024-01-01,56.0,Paid
13956,900,2024-02-01,56.0,Paid
13957,900,2024-03-01,56.0,Paid
13958,900,2024-04-01,56.0,Paid
13959,900,2024-05-01,56.0,Paid
13960,900,2024-06-01,56.0,Paid
13961,900,2024-07-01,56.0,Paid
13962,900,2024-08-01,56.0,Paid
13963,900,2024-09-01,56.0,Paid
13964,900,2024-10-01,56.0,Paid
13965,900,2024-11-01,56.0,Paid
13966,900,2024-12-01,56.0,Paid
13967,900,2025-01-01,56.0,Paid
13968,900,2025-02-01,56.0,Paid
13969,900,2025-03-01,56.0,Paid
13970,900,2025-04-01,56.0,Paid
13971,900,2025-05-01,56.0,Paid
13972,900,2025-06-01,56.0,Paid
13973,900,2025-07-01,56.0,Paid
13974,900,2025-08-01,56.0,Paid
13975,900,2025-09-01,56.0,Paid
13976,900,2025-10-01,56.0,Failed
13977,900,2025-11-01,56.0,Paid
13978,900,2025-12-01,56.0,Paid
13979,900,2026-01-01,56.0,Paid
13980,900,2026-02-01,56.0,Paid
13981,900,2026-03-01,56.0,Paid
13982,900,2026-04-01,56.0,Paid
13983,900,2026-05-01,56.0,Paid
13984,900,2026-06-01,56.0,Paid
13985,900,2026-07-01,56.0,Paid
13986,901,2025-02-01,45.0,Paid
13987,901,2025-03-01,45.0,Paid
13988,901,2025-04-01,45.0,Paid
13989,901,2025-05-01,45.0,Paid
13990,901,2025-06-01,45.0,Paid
13991,901,2025-07-01,45.0,Paid
13992,901,2025-08-01,45.0,Paid
13993,901,2025-09-01,45.0,Paid
13994,901,2025-10-01,45.0,Paid
13995,901,2025-11-01,45.0,Paid
13996,901,2025-12-01,45.0,Paid
13997,901,2026-01-01,45.0,Paid
13998,901,2026-02-01,45.0,Paid
13999,901,2026-03-01,45.0,Paid
14000,901,2026-04-01,45.0,Paid
14001,901,2026-05-01,45.0,Paid
14002,901,2026-06-01,45.0,Paid
14003,901,2026-07-01,45.0,Paid
14004,902,2025-04-01,64.0,Paid
14005,902,2025-05-01,64.0,Paid
14006,902,2025-06-01,64.0,Paid
14007,902,2025-07-01,64.0,Paid
14008,902,2025-08-01,64.0,Paid
14009,902,2025-09-01,64.0,Paid
14010,902,2025-10-01,64.0,Paid
14011,902,2025-11-01,64.0,Paid
14012,902,2025-12-01,64.0,Paid
14013,902,2026-01-01,64.0,Paid
14014,902,2026-02-01,64.0,Paid
14015,902,2026-03-01,64.0,Paid
14016,902,2026-04-01,64.0,Paid
14017,902,2026-05-01,64.0,Paid
14018,902,2026-06-01,64.0,Paid
14019,902,2026-07-01,64.0,Paid
14020,903,2026-05-01,39.0,Paid
14021,903,2026-06-01,39.0,Paid
14022,903,2026-07-01,39.0,Paid
14023,904,2025-07-01,56.0,Paid
14024,904,2025-08-01,56.0,Paid
14025,904,2025-09-01,56.0,Paid
14026,904,2025-10-01,56.0,Paid
14027,904,2025-11-01,56.0,Paid
14028,904,2025-12-01,56.0,Paid
14029,904,2026-01-01,56.0,Paid
14030,904,2026-02-01,56.0,Paid
14031,904,2026-03-01,56.0,Paid
14032,904,2026-04-01,56.0,Paid
14033,904,2026-05-01,56.0,Paid
14034,904,2026-06-01,56.0,Paid
14035,904,2026-07-01,56.0,Paid
14036,905,2024-03-01,64.0,Paid
14037,905,2024-04-01,64.0,Paid
14038,905,2024-05-01,64.0,Paid
14039,906,2024-08-01,64.0,Paid
14040,906,2024-09-01,64.0,Paid
14041,906,2024-10-01,64.0,Paid
14042,906,2024-11-01,64.0,Paid
14043,906,2024-12-01,64.0,Paid
14044,906,2025-01-01,64.0,Paid
14045,906,2025-02-01,64.0,Failed
14046,906,2025-03-01,64.0,Paid
14047,906,2025-04-01,64.0,Paid
14048,906,2025-05-01,64.0,Paid
14049,906,2025-06-01,64.0,Paid
14050,906,2025-07-01,64.0,Paid
14051,906,2025-08-01,64.0,Paid
14052,906,2025-09-01,64.0,Paid
14053,906,2025-10-01,64.0,Paid
14054,906,2025-11-01,64.0,Paid
14055,906,2025-12-01,64.0,Failed
14056,906,2026-01-01,64.0,Paid
14057,906,2026-02-01,64.0,Paid
14058,906,2026-03-01,64.0,Paid
14059,906,2026-04-01,64.0,Paid
14060,906,2026-05-01,64.0,Paid
14061,906,2026-06-01,64.0,Paid
14062,906,2026-07-01,64.0,Paid
14063,907,2024-05-01,39.0,Paid
14064,907,2024-06-01,39.0,Paid
14065,907,2024-07-01,39.0,Paid
14066,907,2024-08-01,39.0,Failed
14067,907,2024-09-01,39.0,Paid
14068,907,2024-10-01,39.0,Paid
14069,907,2024-11-01,39.0,Paid
14070,907,2024-12-01,39.0,Paid
14071,907,2025-01-01,39.0,Paid
14072,907,2025-02-01,39.0,Paid
14073,907,2025-03-01,39.0,Paid
14074,907,2025-04-01,39.0,Paid
14075,907,2025-05-01,39.0,Paid
14076,907,2025-06-01,39.0,Paid
14077,907,2025-07-01,39.0,Paid
14078,907,2025-08-01,39.0,Paid
14079,907,2025-09-01,39.0,Failed
14080,907,2025-10-01,39.0,Paid
14081,907,2025-11-01,39.0,Paid
14082,907,2025-12-01,39.0,Paid
14083,907,2026-01-01,39.0,Paid
14084,907,2026-02-01,39.0,Failed
14085,907,2026-03-01,39.0,Paid
14086,907,2026-04-01,39.0,Paid
14087,907,2026-05-01,39.0,Paid
14088,907,2026-06-01,39.0,Paid
14089,907,2026-07-01,39.0,Paid
14090,908,2026-04-01,64.0,Paid
14091,908,2026-05-01,64.0,Paid
14092,908,2026-06-01,64.0,Paid
14093,908,2026-07-01,64.0,Failed
14094,909,2024-11-01,64.0,Paid
14095,909,2024-12-01,64.0,Paid
14096,909,2025-01-01,64.0,Paid
14097,909,2025-02-01,64.0,Paid
14098,909,2025-03-01,64.0,Failed
14099,909,2025-04-01,64.0,Paid
14100,909,2025-05-01,64.0,Paid
14101,909,2025-06-01,64.0,Paid
14102,909,2025-07-01,64.0,Paid
14103,909,2025-08-01,64.0,Failed
14104,909,2025-09-01,64.0,Paid
14105,909,2025-10-01,64.0,Paid
14106,909,2025-11-01,64.0,Paid
14107,909,2025-12-01,64.0,Failed
14108,909,2026-01-01,64.0,Paid
14109,909,2026-02-01,64.0,Paid
14110,909,2026-03-01,64.0,Paid
14111,909,2026-04-01,64.0,Paid
14112,909,2026-05-01,64.0,Paid
14113,909,2026-06-01,64.0,Paid
14114,909,2026-07-01,64.0,Paid
14115,910,2024-06-01,45.0,Paid
14116,910,2024-07-01,45.0,Paid
14117,910,2024-08-01,45.0,Failed
14118,910,2024-09-01,45.0,Paid
14119,910,2024-10-01,45.0,Paid
14120,910,2024-11-01,45.0,Paid
14121,910,2024-12-01,45.0,Paid
14122,910,2025-01-01,45.0,Paid
14123,910,2025-02-01,45.0,Paid
14124,910,2025-03-01,45.0,Paid
14125,910,2025-04-01,45.0,Paid
14126,910,2025-05-01,45.0,Paid
14127,910,2025-06-01,45.0,Paid
14128,910,2025-07-01,45.0,Paid
14129,910,2025-08-01,45.0,Paid
14130,910,2025-09-01,45.0,Paid
14131,910,2025-10-01,45.0,Paid
14132,910,2025-11-01,45.0,Paid
14133,910,2025-12-01,45.0,Paid
14134,910,2026-01-01,45.0,Paid
14135,910,2026-02-01,45.0,Failed
14136,910,2026-03-01,45.0,Paid
14137,910,2026-04-01,45.0,Paid
14138,910,2026-05-01,45.0,Paid
14139,910,2026-06-01,45.0,Paid
14140,910,2026-07-01,45.0,Paid
14141,911,2025-03-01,56.0,Paid
14142,911,2025-04-01,56.0,Paid
14143,911,2025-05-01,56.0,Paid
14144,911,2025-06-01,56.0,Failed
14145,911,2025-07-01,56.0,Paid
14146,911,2025-08-01,56.0,Paid
14147,911,2025-09-01,56.0,Paid
14148,911,2025-10-01,56.0,Paid
14149,911,2025-11-01,56.0,Paid
14150,911,2025-12-01,56.0,Failed
14151,911,2026-01-01,56.0,Paid
14152,911,2026-02-01,56.0,Paid
14153,911,2026-03-01,56.0,Failed
14154,911,2026-04-01,56.0,Paid
14155,911,2026-05-01,56.0,Paid
14156,911,2026-06-01,56.0,Paid
14157,911,2026-07-01,56.0,Paid
14158,912,2024-06-01,56.0,Paid
14159,912,2024-07-01,56.0,Paid
14160,912,2024-08-01,56.0,Paid
14161,912,2024-09-01,56.0,Paid
14162,912,2024-10-01,56.0,Paid
14163,912,2024-11-01,56.0,Paid
14164,912,2024-12-01,56.0,Paid
14165,912,2025-01-01,56.0,Paid
14166,912,2025-02-01,56.0,Paid
14167,912,2025-03-01,56.0,Paid
14168,912,2025-04-01,56.0,Paid
14169,912,2025-05-01,56.0,Paid
14170,912,2025-06-01,56.0,Paid
14171,912,2025-07-01,56.0,Paid
14172,912,2025-08-01,56.0,Paid
14173,912,2025-09-01,56.0,Paid
14174,912,2025-10-01,56.0,Paid
14175,912,2025-11-01,56.0,Paid
14176,912,2025-12-01,56.0,Paid
14177,912,2026-01-01,56.0,Paid
14178,912,2026-02-01,56.0,Paid
14179,912,2026-03-01,56.0,Paid
14180,912,2026-04-01,56.0,Paid
14181,912,2026-05-01,56.0,Paid
14182,912,2026-06-01,56.0,Failed
14183,912,2026-07-01,56.0,Paid
14184,913,2024-11-01,64.0,Paid
14185,913,2024-12-01,64.0,Paid
14186,913,2025-01-01,64.0,Paid
14187,913,2025-02-01,64.0,Paid
14188,913,2025-03-01,64.0,Paid
14189,913,2025-04-01,64.0,Paid
14190,913,2025-05-01,64.0,Paid
14191,913,2025-06-01,64.0,Paid
14192,913,2025-07-01,64.0,Paid
14193,913,2025-08-01,64.0,Paid
14194,913,2025-09-01,64.0,Paid
14195,913,2025-10-01,64.0,Paid
14196,913,2025-11-01,64.0,Paid
14197,913,2025-12-01,64.0,Paid
14198,913,2026-01-01,64.0,Paid
14199,913,2026-02-01,64.0,Failed
14200,913,2026-03-01,64.0,Paid
14201,913,2026-04-01,64.0,Paid
14202,913,2026-05-01,64.0,Paid
14203,913,2026-06-01,64.0,Paid
14204,913,2026-07-01,64.0,Paid
14205,914,2024-04-01,45.0,Paid
14206,914,2024-05-01,45.0,Failed
14207,914,2024-06-01,45.0,Paid
14208,914,2024-07-01,45.0,Failed
14209,914,2024-08-01,45.0,Paid
14210,914,2024-09-01,45.0,Paid
14211,914,2024-10-01,45.0,Paid
14212,914,2024-11-01,45.0,Paid
14213,914,2024-12-01,45.0,Paid
14214,914,2025-01-01,45.0,Paid
14215,914,2025-02-01,45.0,Paid
14216,914,2025-03-01,45.0,Paid
14217,914,2025-04-01,45.0,Paid
14218,914,2025-05-01,45.0,Paid
14219,914,2025-06-01,45.0,Paid
14220,914,2025-07-01,45.0,Paid
14221,914,2025-08-01,45.0,Paid
14222,914,2025-09-01,45.0,Paid
14223,914,2025-10-01,45.0,Paid
14224,914,2025-11-01,45.0,Paid
14225,914,2025-12-01,45.0,Paid
14226,914,2026-01-01,45.0,Paid
14227,914,2026-02-01,45.0,Paid
14228,914,2026-03-01,45.0,Paid
14229,914,2026-04-01,45.0,Paid
14230,914,2026-05-01,45.0,Paid
14231,914,2026-06-01,45.0,Paid
14232,914,2026-07-01,45.0,Failed
14233,915,2024-07-01,45.0,Paid
14234,915,2024-08-01,45.0,Paid
14235,915,2024-09-01,45.0,Paid
14236,915,2024-10-01,45.0,Paid
14237,915,2024-11-01,45.0,Paid
14238,915,2024-12-01,45.0,Paid
14239,915,2025-01-01,45.0,Paid
14240,915,2025-02-01,45.0,Paid
14241,915,2025-03-01,45.0,Paid
14242,915,2025-04-01,45.0,Paid
14243,915,2025-05-01,45.0,Paid
14244,915,2025-06-01,45.0,Paid
14245,915,2025-07-01,45.0,Paid
14246,915,2025-08-01,45.0,Paid
14247,915,2025-09-01,45.0,Paid
14248,915,2025-10-01,45.0,Paid
14249,915,2025-11-01,45.0,Paid
14250,915,2025-12-01,45.0,Paid
14251,915,2026-01-01,45.0,Paid
14252,915,2026-02-01,45.0,Paid
14253,915,2026-03-01,45.0,Paid
14254,915,2026-04-01,45.0,Paid
14255,915,2026-05-01,45.0,Paid
14256,915,2026-06-01,45.0,Paid
14257,915,2026-07-01,45.0,Paid
14258,916,2025-10-01,45.0,Failed
14259,916,2025-11-01,45.0,Paid
14260,916,2025-12-01,45.0,Paid
14261,916,2026-01-01,45.0,Paid
14262,916,2026-02-01,45.0,Paid
14263,916,2026-03-01,45.0,Paid
14264,916,2026-04-01,45.0,Paid
14265,916,2026-05-01,45.0,Paid
14266,916,2026-06-01,45.0,Paid
14267,916,2026-07-01,45.0,Paid
14268,917,2025-09-01,56.0,Paid
14269,917,2025-10-01,56.0,Paid
14270,917,2025-11-01,56.0,Paid
14271,917,2025-12-01,56.0,Paid
14272,917,2026-01-01,56.0,Paid
14273,917,2026-02-01,56.0,Paid
14274,917,2026-03-01,56.0,Paid
14275,917,2026-04-01,56.0,Paid
14276,917,2026-05-01,56.0,Paid
14277,917,2026-06-01,56.0,Paid
14278,917,2026-07-01,56.0,Paid
14279,918,2024-04-01,45.0,Paid
14280,918,2024-05-01,45.0,Paid
14281,918,2024-06-01,45.0,Paid
14282,918,2024-07-01,45.0,Paid
14283,918,2024-08-01,45.0,Paid
14284,918,2024-09-01,45.0,Paid
14285,918,2024-10-01,45.0,Paid
14286,918,2024-11-01,45.0,Paid
14287,918,2024-12-01,45.0,Paid
14288,918,2025-01-01,45.0,Paid
14289,918,2025-02-01,45.0,Paid
14290,918,2025-03-01,45.0,Paid
14291,918,2025-04-01,45.0,Paid
14292,918,2025-05-01,45.0,Paid
14293,918,2025-06-01,45.0,Paid
14294,918,2025-07-01,45.0,Paid
14295,918,2025-08-01,45.0,Paid
14296,918,2025-09-01,45.0,Paid
14297,918,2025-10-01,45.0,Paid
14298,918,2025-11-01,45.0,Paid
14299,918,2025-12-01,45.0,Paid
14300,918,2026-01-01,45.0,Paid
14301,918,2026-02-01,45.0,Paid
14302,918,2026-03-01,45.0,Paid
14303,918,2026-04-01,45.0,Paid
14304,918,2026-05-01,45.0,Paid
14305,918,2026-06-01,45.0,Paid
14306,918,2026-07-01,45.0,Paid
14307,919,2025-05-01,64.0,Paid
14308,919,2025-06-01,64.0,Paid
14309,919,2025-07-01,64.0,Paid
14310,920,2026-06-01,56.0,Failed
14311,920,2026-07-01,56.0,Paid
14312,921,2025-12-01,56.0,Paid
14313,921,2026-01-01,56.0,Paid
14314,921,2026-02-01,56.0,Paid
14315,921,2026-03-01,56.0,Paid
14316,921,2026-04-01,56.0,Paid
14317,921,2026-05-01,56.0,Paid
14318,921,2026-06-01,56.0,Paid
14319,921,2026-07-01,56.0,Paid
14320,922,2024-08-01,39.0,Paid
14321,922,2024-09-01,39.0,Paid
14322,922,2024-10-01,39.0,Paid
14323,922,2024-11-01,39.0,Paid
14324,922,2024-12-01,39.0,Paid
14325,922,2025-01-01,39.0,Paid
14326,922,2025-02-01,39.0,Paid
14327,922,2025-03-01,39.0,Paid
14328,922,2025-04-01,39.0,Paid
14329,922,2025-05-01,39.0,Paid
14330,922,2025-06-01,39.0,Paid
14331,922,2025-07-01,39.0,Paid
14332,923,2024-04-01,56.0,Paid
14333,923,2024-05-01,56.0,Paid
14334,923,2024-06-01,56.0,Paid
14335,923,2024-07-01,56.0,Paid
14336,923,2024-08-01,56.0,Paid
14337,923,2024-09-01,56.0,Paid
14338,923,2024-10-01,56.0,Paid
14339,923,2024-11-01,56.0,Paid
14340,923,2024-12-01,56.0,Paid
14341,923,2025-01-01,56.0,Paid
14342,923,2025-02-01,56.0,Paid
14343,923,2025-03-01,56.0,Paid
14344,923,2025-04-01,56.0,Paid
14345,923,2025-05-01,56.0,Paid
14346,923,2025-06-01,56.0,Paid
14347,923,2025-07-01,56.0,Paid
14348,923,2025-08-01,56.0,Paid
14349,923,2025-09-01,56.0,Paid
14350,923,2025-10-01,56.0,Paid
14351,923,2025-11-01,56.0,Paid
14352,923,2025-12-01,56.0,Paid
14353,923,2026-01-01,56.0,Paid
14354,923,2026-02-01,56.0,Paid
14355,923,2026-03-01,56.0,Failed
14356,923,2026-04-01,56.0,Paid
14357,923,2026-05-01,56.0,Paid
14358,923,2026-06-01,56.0,Paid
14359,923,2026-07-01,56.0,Paid
14360,924,2024-01-01,64.0,Paid
14361,924,2024-02-01,64.0,Paid
14362,924,2024-03-01,64.0,Paid
14363,924,2024-04-01,64.0,Paid
14364,924,2024-05-01,64.0,Paid
14365,924,2024-06-01,64.0,Paid
14366,924,2024-07-01,64.0,Paid
14367,924,2024-08-01,64.0,Paid
14368,924,2024-09-01,64.0,Paid
14369,924,2024-10-01,64.0,Paid
14370,924,2024-11-01,64.0,Paid
14371,924,2024-12-01,64.0,Paid
14372,924,2025-01-01,64.0,Paid
14373,924,2025-02-01,64.0,Paid
14374,924,2025-03-01,64.0,Paid
14375,924,2025-04-01,64.0,Paid
14376,924,2025-05-01,64.0,Paid
14377,924,2025-06-01,64.0,Paid
14378,924,2025-07-01,64.0,Paid
14379,924,2025-08-01,64.0,Paid
14380,924,2025-09-01,64.0,Paid
14381,924,2025-10-01,64.0,Paid
14382,924,2025-11-01,64.0,Paid
14383,924,2025-12-01,64.0,Paid
14384,924,2026-01-01,64.0,Paid
14385,924,2026-02-01,64.0,Paid
14386,924,2026-03-01,64.0,Paid
14387,924,2026-04-01,64.0,Paid
14388,924,2026-05-01,64.0,Paid
14389,924,2026-06-01,64.0,Paid
14390,924,2026-07-01,64.0,Failed
14391,925,2026-05-01,64.0,Paid
14392,925,2026-06-01,64.0,Paid
14393,925,2026-07-01,64.0,Paid
14394,926,2024-12-01,45.0,Paid
14395,926,2025-01-01,45.0,Paid
14396,926,2025-02-01,45.0,Paid
14397,926,2025-03-01,45.0,Paid
14398,926,2025-04-01,45.0,Paid
14399,926,2025-05-01,45.0,Paid
14400,926,2025-06-01,45.0,Paid
14401,926,2025-07-01,45.0,Paid
14402,926,2025-08-01,45.0,Paid
14403,926,2025-09-01,45.0,Paid
14404,926,2025-10-01,45.0,Paid
14405,926,2025-11-01,45.0,Paid
14406,926,2025-12-01,45.0,Paid
14407,926,2026-01-01,45.0,Paid
14408,926,2026-02-01,45.0,Paid
14409,926,2026-03-01,45.0,Paid
14410,926,2026-04-01,45.0,Paid
14411,926,2026-05-01,45.0,Paid
14412,926,2026-06-01,45.0,Paid
14413,926,2026-07-01,45.0,Paid
14414,927,2025-02-01,56.0,Paid
14415,927,2025-03-01,56.0,Paid
14416,927,2025-04-01,56.0,Paid
14417,927,2025-05-01,56.0,Paid
14418,927,2025-06-01,56.0,Paid
14419,927,2025-07-01,56.0,Paid
14420,927,2025-08-01,56.0,Paid
14421,927,2025-09-01,56.0,Failed
14422,927,2025-10-01,56.0,Paid
14423,927,2025-11-01,56.0,Paid
14424,927,2025-12-01,56.0,Paid
14425,927,2026-01-01,56.0,Paid
14426,927,2026-02-01,56.0,Paid
14427,927,2026-03-01,56.0,Paid
14428,927,2026-04-01,56.0,Paid
14429,927,2026-05-01,56.0,Paid
14430,927,2026-06-01,56.0,Paid
14431,927,2026-07-01,56.0,Paid
14432,928,2026-06-01,64.0,Failed
14433,928,2026-07-01,64.0,Paid
14434,929,2026-01-01,64.0,Paid
14435,929,2026-02-01,64.0,Paid
14436,929,2026-03-01,64.0,Paid
14437,929,2026-04-01,64.0,Paid
14438,929,2026-05-01,64.0,Paid
14439,929,2026-06-01,64.0,Paid
14440,929,2026-07-01,64.0,Paid
14441,930,2024-10-01,39.0,Paid
14442,930,2024-11-01,39.0,Paid
14443,930,2024-12-01,39.0,Paid
14444,930,2025-01-01,39.0,Paid
14445,930,2025-02-01,39.0,Paid
14446,930,2025-03-01,39.0,Paid
14447,930,2025-04-01,39.0,Paid
14448,930,2025-05-01,39.0,Paid
14449,930,2025-06-01,39.0,Paid
14450,930,2025-07-01,39.0,Paid
14451,930,2025-08-01,39.0,Paid
14452,930,2025-09-01,39.0,Paid
14453,930,2025-10-01,39.0,Paid
14454,930,2025-11-01,39.0,Paid
14455,930,2025-12-01,39.0,Paid
14456,930,2026-01-01,39.0,Paid
14457,930,2026-02-01,39.0,Paid
14458,930,2026-03-01,39.0,Paid
14459,930,2026-04-01,39.0,Paid
14460,930,2026-05-01,39.0,Paid
14461,930,2026-06-01,39.0,Paid
14462,930,2026-07-01,39.0,Paid
14463,931,2024-06-01,39.0,Paid
14464,931,2024-07-01,39.0,Paid
14465,931,2024-08-01,39.0,Paid
14466,931,2024-09-01,39.0,Paid
14467,931,2024-10-01,39.0,Paid
14468,931,2024-11-01,39.0,Paid
14469,931,2024-12-01,39.0,Paid
14470,931,2025-01-01,39.0,Paid
14471,931,2025-02-01,39.0,Paid
14472,931,2025-03-01,39.0,Paid
14473,931,2025-04-01,39.0,Paid
14474,931,2025-05-01,39.0,Paid
14475,931,2025-06-01,39.0,Paid
14476,931,2025-07-01,39.0,Paid
14477,931,2025-08-01,39.0,Paid
14478,931,2025-09-01,39.0,Paid
14479,931,2025-10-01,39.0,Paid
14480,931,2025-11-01,39.0,Paid
14481,931,2025-12-01,39.0,Paid
14482,931,2026-01-01,39.0,Paid
14483,931,2026-02-01,39.0,Paid
14484,931,2026-03-01,39.0,Paid
14485,931,2026-04-01,39.0,Paid
14486,931,2026-05-01,39.0,Paid
14487,931,2026-06-01,39.0,Paid
14488,931,2026-07-01,39.0,Paid
14489,932,2024-11-01,45.0,Paid
14490,932,2024-12-01,45.0,Paid
14491,932,2025-01-01,45.0,Paid
14492,932,2025-02-01,45.0,Paid
14493,932,2025-03-01,45.0,Failed
14494,932,2025-04-01,45.0,Paid
14495,932,2025-05-01,45.0,Paid
14496,932,2025-06-01,45.0,Paid
14497,932,2025-07-01,45.0,Paid
14498,932,2025-08-01,45.0,Paid
14499,932,2025-09-01,45.0,Failed
14500,932,2025-10-01,45.0,Paid
14501,932,2025-11-01,45.0,Paid
14502,932,2025-12-01,45.0,Failed
14503,932,2026-01-01,45.0,Paid
14504,932,2026-02-01,45.0,Paid
14505,932,2026-03-01,45.0,Paid
14506,932,2026-04-01,45.0,Paid
14507,932,2026-05-01,45.0,Paid
14508,932,2026-06-01,45.0,Paid
14509,932,2026-07-01,45.0,Paid
14510,933,2024-06-01,39.0,Failed
14511,933,2024-07-01,39.0,Paid
14512,933,2024-08-01,39.0,Paid
14513,933,2024-09-01,39.0,Paid
14514,933,2024-10-01,39.0,Paid
14515,933,2024-11-01,39.0,Paid
14516,933,2024-12-01,39.0,Paid
14517,933,2025-01-01,39.0,Paid
14518,933,2025-02-01,39.0,Paid
14519,933,2025-03-01,39.0,Paid
14520,933,2025-04-01,39.0,Paid
14521,933,2025-05-01,39.0,Paid
14522,933,2025-06-01,39.0,Paid
14523,934,2025-05-01,64.0,Paid
14524,934,2025-06-01,64.0,Paid
14525,934,2025-07-01,64.0,Paid
14526,934,2025-08-01,64.0,Paid
14527,935,2024-10-01,56.0,Paid
14528,935,2024-11-01,56.0,Paid
14529,935,2024-12-01,56.0,Paid
14530,935,2025-01-01,56.0,Paid
14531,935,2025-02-01,56.0,Paid
14532,935,2025-03-01,56.0,Paid
14533,935,2025-04-01,56.0,Paid
14534,935,2025-05-01,56.0,Paid
14535,935,2025-06-01,56.0,Paid
14536,935,2025-07-01,56.0,Paid
14537,935,2025-08-01,56.0,Paid
14538,935,2025-09-01,56.0,Paid
14539,935,2025-10-01,56.0,Paid
14540,935,2025-11-01,56.0,Paid
14541,935,2025-12-01,56.0,Paid
14542,935,2026-01-01,56.0,Paid
14543,935,2026-02-01,56.0,Paid
14544,935,2026-03-01,56.0,Paid
14545,935,2026-04-01,56.0,Paid
14546,935,2026-05-01,56.0,Paid
14547,935,2026-06-01,56.0,Paid
14548,935,2026-07-01,56.0,Paid
14549,936,2024-04-01,64.0,Paid
14550,936,2024-05-01,64.0,Paid
14551,936,2024-06-01,64.0,Paid
14552,936,2024-07-01,64.0,Paid
14553,937,2024-02-01,56.0,Paid
14554,937,2024-03-01,56.0,Paid
14555,937,2024-04-01,56.0,Paid
14556,937,2024-05-01,56.0,Failed
14557,937,2024-06-01,56.0,Paid
14558,937,2024-07-01,56.0,Paid
14559,937,2024-08-01,56.0,Paid
14560,937,2024-09-01,56.0,Paid
14561,937,2024-10-01,56.0,Failed
14562,937,2024-11-01,56.0,Paid
14563,937,2024-12-01,56.0,Paid
14564,937,2025-01-01,56.0,Paid
14565,937,2025-02-01,56.0,Paid
14566,937,2025-03-01,56.0,Paid
14567,937,2025-04-01,56.0,Paid
14568,937,2025-05-01,56.0,Paid
14569,937,2025-06-01,56.0,Paid
14570,937,2025-07-01,56.0,Paid
14571,937,2025-08-01,56.0,Paid
14572,937,2025-09-01,56.0,Paid
14573,937,2025-10-01,56.0,Paid
14574,937,2025-11-01,56.0,Paid
14575,937,2025-12-01,56.0,Paid
14576,937,2026-01-01,56.0,Paid
14577,937,2026-02-01,56.0,Paid
14578,937,2026-03-01,56.0,Paid
14579,937,2026-04-01,56.0,Paid
14580,937,2026-05-01,56.0,Paid
14581,937,2026-06-01,56.0,Paid
14582,937,2026-07-01,56.0,Paid
14583,938,2025-07-01,56.0,Paid
14584,938,2025-08-01,56.0,Paid
14585,938,2025-09-01,56.0,Paid
14586,938,2025-10-01,56.0,Paid
14587,938,2025-11-01,56.0,Paid
14588,938,2025-12-01,56.0,Paid
14589,938,2026-01-01,56.0,Paid
14590,938,2026-02-01,56.0,Paid
14591,938,2026-03-01,56.0,Paid
14592,938,2026-04-01,56.0,Paid
14593,939,2025-11-01,64.0,Paid
14594,939,2025-12-01,64.0,Failed
14595,939,2026-01-01,64.0,Paid
14596,939,2026-02-01,64.0,Paid
14597,939,2026-03-01,64.0,Paid
14598,939,2026-04-01,64.0,Paid
14599,939,2026-05-01,64.0,Paid
14600,939,2026-06-01,64.0,Paid
14601,939,2026-07-01,64.0,Paid
14602,940,2025-06-01,39.0,Paid
14603,940,2025-07-01,39.0,Paid
14604,940,2025-08-01,39.0,Paid
14605,940,2025-09-01,39.0,Paid
14606,940,2025-10-01,39.0,Paid
14607,940,2025-11-01,39.0,Paid
14608,940,2025-12-01,39.0,Paid
14609,940,2026-01-01,39.0,Paid
14610,940,2026-02-01,39.0,Paid
14611,940,2026-03-01,39.0,Paid
14612,940,2026-04-01,39.0,Paid
14613,940,2026-05-01,39.0,Paid
14614,940,2026-06-01,39.0,Paid
14615,940,2026-07-01,39.0,Paid
14616,941,2025-03-01,56.0,Paid
14617,941,2025-04-01,56.0,Paid
14618,941,2025-05-01,56.0,Paid
14619,941,2025-06-01,56.0,Paid
14620,941,2025-07-01,56.0,Paid
14621,941,2025-08-01,56.0,Paid
14622,941,2025-09-01,56.0,Paid
14623,941,2025-10-01,56.0,Paid
14624,941,2025-11-01,56.0,Paid
14625,941,2025-12-01,56.0,Paid
14626,941,2026-01-01,56.0,Paid
14627,941,2026-02-01,56.0,Paid
14628,941,2026-03-01,56.0,Paid
14629,941,2026-04-01,56.0,Paid
14630,941,2026-05-01,56.0,Paid
14631,941,2026-06-01,56.0,Failed
14632,941,2026-07-01,56.0,Paid
14633,942,2024-04-01,45.0,Paid
14634,942,2024-05-01,45.0,Paid
14635,942,2024-06-01,45.0,Paid
14636,942,2024-07-01,45.0,Paid
14637,942,2024-08-01,45.0,Paid
14638,942,2024-09-01,45.0,Paid
14639,942,2024-10-01,45.0,Paid
14640,942,2024-11-01,45.0,Paid
14641,942,2024-12-01,45.0,Paid
14642,942,2025-01-01,45.0,Paid
14643,942,2025-02-01,45.0,Paid
14644,942,2025-03-01,45.0,Paid
14645,942,2025-04-01,45.0,Paid
14646,942,2025-05-01,45.0,Paid
14647,942,2025-06-01,45.0,Paid
14648,942,2025-07-01,45.0,Paid
14649,942,2025-08-01,45.0,Paid
14650,942,2025-09-01,45.0,Paid
14651,942,2025-10-01,45.0,Paid
14652,942,2025-11-01,45.0,Paid
14653,942,2025-12-01,45.0,Paid
14654,942,2026-01-01,45.0,Paid
14655,942,2026-02-01,45.0,Paid
14656,942,2026-03-01,45.0,Paid
14657,942,2026-04-01,45.0,Paid
14658,942,2026-05-01,45.0,Paid
14659,942,2026-06-01,45.0,Paid
14660,942,2026-07-01,45.0,Paid
14661,943,2025-04-01,45.0,Paid
14662,943,2025-05-01,45.0,Paid
14663,943,2025-06-01,45.0,Paid
14664,943,2025-07-01,45.0,Paid
14665,943,2025-08-01,45.0,Paid
14666,943,2025-09-01,45.0,Paid
14667,943,2025-10-01,45.0,Paid
14668,943,2025-11-01,45.0,Paid
14669,943,2025-12-01,45.0,Paid
14670,943,2026-01-01,45.0,Paid
14671,943,2026-02-01,45.0,Paid
14672,943,2026-03-01,45.0,Paid
14673,943,2026-04-01,45.0,Paid
14674,943,2026-05-01,45.0,Paid
14675,943,2026-06-01,45.0,Paid
14676,943,2026-07-01,45.0,Paid
14677,944,2026-02-01,64.0,Paid
14678,944,2026-03-01,64.0,Paid
14679,944,2026-04-01,64.0,Paid
14680,944,2026-05-01,64.0,Paid
14681,945,2025-01-01,45.0,Paid
14682,945,2025-02-01,45.0,Paid
14683,945,2025-03-01,45.0,Paid
14684,945,2025-04-01,45.0,Paid
14685,945,2025-05-01,45.0,Paid
14686,945,2025-06-01,45.0,Paid
14687,945,2025-07-01,45.0,Paid
14688,945,2025-08-01,45.0,Paid
14689,945,2025-09-01,45.0,Paid
14690,945,2025-10-01,45.0,Paid
14691,945,2025-11-01,45.0,Paid
14692,945,2025-12-01,45.0,Paid
14693,945,2026-01-01,45.0,Paid
14694,945,2026-02-01,45.0,Paid
14695,945,2026-03-01,45.0,Paid
14696,945,2026-04-01,45.0,Paid
14697,945,2026-05-01,45.0,Paid
14698,945,2026-06-01,45.0,Paid
14699,945,2026-07-01,45.0,Paid
14700,946,2025-05-01,64.0,Paid
14701,946,2025-06-01,64.0,Paid
14702,946,2025-07-01,64.0,Paid
14703,946,2025-08-01,64.0,Paid
14704,946,2025-09-01,64.0,Paid
14705,946,2025-10-01,64.0,Paid
14706,946,2025-11-01,64.0,Paid
14707,946,2025-12-01,64.0,Paid
14708,946,2026-01-01,64.0,Paid
14709,946,2026-02-01,64.0,Paid
14710,946,2026-03-01,64.0,Paid
14711,946,2026-04-01,64.0,Paid
14712,946,2026-05-01,64.0,Paid
14713,946,2026-06-01,64.0,Paid
14714,946,2026-07-01,64.0,Paid
14715,947,2025-03-01,56.0,Paid
14716,947,2025-04-01,56.0,Paid
14717,947,2025-05-01,56.0,Paid
14718,947,2025-06-01,56.0,Paid
14719,947,2025-07-01,56.0,Paid
14720,947,2025-08-01,56.0,Paid
14721,947,2025-09-01,56.0,Paid
14722,947,2025-10-01,56.0,Paid
14723,947,2025-11-01,56.0,Paid
14724,947,2025-12-01,56.0,Paid
14725,947,2026-01-01,56.0,Paid
14726,947,2026-02-01,56.0,Paid
14727,947,2026-03-01,56.0,Paid
14728,947,2026-04-01,56.0,Paid
14729,947,2026-05-01,56.0,Paid
14730,947,2026-06-01,56.0,Failed
14731,947,2026-07-01,56.0,Paid
14732,948,2024-01-01,64.0,Paid
14733,948,2024-02-01,64.0,Paid
14734,948,2024-03-01,64.0,Paid
14735,948,2024-04-01,64.0,Paid
14736,948,2024-05-01,64.0,Paid
14737,948,2024-06-01,64.0,Paid
14738,948,2024-07-01,64.0,Paid
14739,948,2024-08-01,64.0,Paid
14740,948,2024-09-01,64.0,Paid
14741,949,2026-01-01,45.0,Paid
14742,949,2026-02-01,45.0,Paid
14743,949,2026-03-01,45.0,Paid
14744,949,2026-04-01,45.0,Paid
14745,949,2026-05-01,45.0,Paid
14746,949,2026-06-01,45.0,Paid
14747,949,2026-07-01,45.0,Failed
14748,950,2024-05-01,56.0,Paid
14749,950,2024-06-01,56.0,Paid
14750,950,2024-07-01,56.0,Paid
14751,950,2024-08-01,56.0,Paid
14752,950,2024-09-01,56.0,Paid
14753,950,2024-10-01,56.0,Paid
14754,950,2024-11-01,56.0,Paid
14755,950,2024-12-01,56.0,Paid
14756,950,2025-01-01,56.0,Paid
14757,950,2025-02-01,56.0,Paid
14758,950,2025-03-01,56.0,Paid
14759,950,2025-04-01,56.0,Paid
14760,950,2025-05-01,56.0,Paid
14761,950,2025-06-01,56.0,Paid
14762,950,2025-07-01,56.0,Paid
14763,950,2025-08-01,56.0,Paid
14764,950,2025-09-01,56.0,Paid
14765,950,2025-10-01,56.0,Paid
14766,950,2025-11-01,56.0,Paid
14767,950,2025-12-01,56.0,Paid
14768,950,2026-01-01,56.0,Paid
14769,950,2026-02-01,56.0,Paid
14770,950,2026-03-01,56.0,Paid
14771,950,2026-04-01,56.0,Paid
14772,950,2026-05-01,56.0,Paid
14773,950,2026-06-01,56.0,Paid
14774,950,2026-07-01,56.0,Paid
14775,951,2024-09-01,64.0,Failed
14776,951,2024-10-01,64.0,Paid
14777,952,2024-04-01,56.0,Paid
14778,952,2024-05-01,56.0,Paid
14779,952,2024-06-01,56.0,Paid
14780,952,2024-07-01,56.0,Paid
14781,952,2024-08-01,56.0,Paid
14782,952,2024-09-01,56.0,Paid
14783,952,2024-10-01,56.0,Paid
14784,952,2024-11-01,56.0,Paid
14785,952,2024-12-01,56.0,Paid
14786,952,2025-01-01,56.0,Paid
14787,952,2025-02-01,56.0,Paid
14788,952,2025-03-01,56.0,Paid
14789,952,2025-04-01,56.0,Paid
14790,952,2025-05-01,56.0,Paid
14791,952,2025-06-01,56.0,Paid
14792,952,2025-07-01,56.0,Paid
14793,952,2025-08-01,56.0,Paid
14794,952,2025-09-01,56.0,Paid
14795,952,2025-10-01,56.0,Paid
14796,952,2025-11-01,56.0,Paid
14797,952,2025-12-01,56.0,Paid
14798,952,2026-01-01,56.0,Paid
14799,952,2026-02-01,56.0,Paid
14800,952,2026-03-01,56.0,Paid
14801,952,2026-04-01,56.0,Paid
14802,952,2026-05-01,56.0,Paid
14803,952,2026-06-01,56.0,Paid
14804,952,2026-07-01,56.0,Paid
14805,953,2025-08-01,45.0,Paid
14806,953,2025-09-01,45.0,Paid
14807,953,2025-10-01,45.0,Paid
14808,953,2025-11-01,45.0,Paid
14809,953,2025-12-01,45.0,Paid
14810,953,2026-01-01,45.0,Paid
14811,953,2026-02-01,45.0,Paid
14812,953,2026-03-01,45.0,Paid
14813,953,2026-04-01,45.0,Paid
14814,953,2026-05-01,45.0,Paid
14815,953,2026-06-01,45.0,Paid
14816,953,2026-07-01,45.0,Paid
14817,954,2024-02-01,39.0,Paid
14818,954,2024-03-01,39.0,Paid
14819,954,2024-04-01,39.0,Paid
14820,954,2024-05-01,39.0,Paid
14821,954,2024-06-01,39.0,Paid
14822,954,2024-07-01,39.0,Paid
14823,954,2024-08-01,39.0,Failed
14824,954,2024-09-01,39.0,Paid
14825,954,2024-10-01,39.0,Paid
14826,954,2024-11-01,39.0,Failed
14827,954,2024-12-01,39.0,Paid
14828,954,2025-01-01,39.0,Paid
14829,954,2025-02-01,39.0,Paid
14830,954,2025-03-01,39.0,Paid
14831,954,2025-04-01,39.0,Paid
14832,954,2025-05-01,39.0,Paid
14833,954,2025-06-01,39.0,Paid
14834,954,2025-07-01,39.0,Paid
14835,954,2025-08-01,39.0,Paid
14836,954,2025-09-01,39.0,Paid
14837,954,2025-10-01,39.0,Paid
14838,954,2025-11-01,39.0,Paid
14839,954,2025-12-01,39.0,Paid
14840,954,2026-01-01,39.0,Paid
14841,954,2026-02-01,39.0,Paid
14842,954,2026-03-01,39.0,Paid
14843,954,2026-04-01,39.0,Paid
14844,954,2026-05-01,39.0,Paid
14845,954,2026-06-01,39.0,Paid
14846,954,2026-07-01,39.0,Paid
14847,955,2026-02-01,39.0,Paid
14848,955,2026-03-01,39.0,Paid
14849,955,2026-04-01,39.0,Paid
14850,956,2024-10-01,64.0,Paid
14851,956,2024-11-01,64.0,Paid
14852,956,2024-12-01,64.0,Failed
14853,956,2025-01-01,64.0,Paid
14854,956,2025-02-01,64.0,Paid
14855,956,2025-03-01,64.0,Paid
14856,956,2025-04-01,64.0,Failed
14857,956,2025-05-01,64.0,Failed
14858,956,2025-06-01,64.0,Paid
14859,956,2025-07-01,64.0,Paid
14860,956,2025-08-01,64.0,Paid
14861,956,2025-09-01,64.0,Paid
14862,956,2025-10-01,64.0,Paid
14863,956,2025-11-01,64.0,Paid
14864,956,2025-12-01,64.0,Paid
14865,956,2026-01-01,64.0,Failed
14866,956,2026-02-01,64.0,Paid
14867,956,2026-03-01,64.0,Paid
14868,956,2026-04-01,64.0,Failed
14869,956,2026-05-01,64.0,Paid
14870,956,2026-06-01,64.0,Paid
14871,956,2026-07-01,64.0,Paid
14872,957,2024-05-01,64.0,Paid
14873,957,2024-06-01,64.0,Paid
14874,957,2024-07-01,64.0,Paid
14875,957,2024-08-01,64.0,Paid
14876,957,2024-09-01,64.0,Paid
14877,957,2024-10-01,64.0,Paid
14878,957,2024-11-01,64.0,Paid
14879,957,2024-12-01,64.0,Paid
14880,957,2025-01-01,64.0,Paid
14881,957,2025-02-01,64.0,Paid
14882,957,2025-03-01,64.0,Paid
14883,957,2025-04-01,64.0,Paid
14884,957,2025-05-01,64.0,Paid
14885,957,2025-06-01,64.0,Paid
14886,957,2025-07-01,64.0,Paid
14887,957,2025-08-01,64.0,Paid
14888,957,2025-09-01,64.0,Failed
14889,957,2025-10-01,64.0,Paid
14890,957,2025-11-01,64.0,Paid
14891,957,2025-12-01,64.0,Failed
14892,957,2026-01-01,64.0,Paid
14893,957,2026-02-01,64.0,Paid
14894,957,2026-03-01,64.0,Paid
14895,957,2026-04-01,64.0,Paid
14896,957,2026-05-01,64.0,Paid
14897,957,2026-06-01,64.0,Paid
14898,957,2026-07-01,64.0,Paid
14899,958,2026-02-01,64.0,Paid
14900,958,2026-03-01,64.0,Paid
14901,958,2026-04-01,64.0,Paid
14902,958,2026-05-01,64.0,Failed
14903,958,2026-06-01,64.0,Paid
14904,959,2025-03-01,64.0,Paid
14905,959,2025-04-01,64.0,Paid
14906,959,2025-05-01,64.0,Paid
14907,959,2025-06-01,64.0,Paid
14908,959,2025-07-01,64.0,Paid
14909,959,2025-08-01,64.0,Paid
14910,959,2025-09-01,64.0,Paid
14911,959,2025-10-01,64.0,Paid
14912,959,2025-11-01,64.0,Paid
14913,960,2025-08-01,45.0,Paid
14914,960,2025-09-01,45.0,Paid
14915,960,2025-10-01,45.0,Paid
14916,960,2025-11-01,45.0,Paid
14917,960,2025-12-01,45.0,Paid
14918,960,2026-01-01,45.0,Paid
14919,960,2026-02-01,45.0,Paid
14920,960,2026-03-01,45.0,Paid
14921,960,2026-04-01,45.0,Paid
14922,960,2026-05-01,45.0,Paid
14923,960,2026-06-01,45.0,Paid
14924,960,2026-07-01,45.0,Paid
14925,961,2024-06-01,45.0,Paid
14926,961,2024-07-01,45.0,Paid
14927,961,2024-08-01,45.0,Paid
14928,961,2024-09-01,45.0,Paid
14929,961,2024-10-01,45.0,Paid
14930,961,2024-11-01,45.0,Paid
14931,961,2024-12-01,45.0,Paid
14932,961,2025-01-01,45.0,Failed
14933,961,2025-02-01,45.0,Paid
14934,961,2025-03-01,45.0,Paid
14935,961,2025-04-01,45.0,Paid
14936,961,2025-05-01,45.0,Paid
14937,961,2025-06-01,45.0,Paid
14938,961,2025-07-01,45.0,Paid
14939,961,2025-08-01,45.0,Paid
14940,961,2025-09-01,45.0,Paid
14941,961,2025-10-01,45.0,Paid
14942,961,2025-11-01,45.0,Paid
14943,962,2024-05-01,64.0,Paid
14944,962,2024-06-01,64.0,Paid
14945,962,2024-07-01,64.0,Paid
14946,962,2024-08-01,64.0,Failed
14947,962,2024-09-01,64.0,Failed
14948,962,2024-10-01,64.0,Failed
14949,962,2024-11-01,64.0,Failed
14950,962,2024-12-01,64.0,Paid
14951,962,2025-01-01,64.0,Paid
14952,962,2025-02-01,64.0,Paid
14953,962,2025-03-01,64.0,Paid
14954,962,2025-04-01,64.0,Paid
14955,962,2025-05-01,64.0,Failed
14956,962,2025-06-01,64.0,Paid
14957,962,2025-07-01,64.0,Paid
14958,962,2025-08-01,64.0,Paid
14959,962,2025-09-01,64.0,Paid
14960,962,2025-10-01,64.0,Paid
14961,962,2025-11-01,64.0,Failed
14962,962,2025-12-01,64.0,Paid
14963,962,2026-01-01,64.0,Paid
14964,962,2026-02-01,64.0,Failed
14965,962,2026-03-01,64.0,Paid
14966,962,2026-04-01,64.0,Paid
14967,962,2026-05-01,64.0,Paid
14968,962,2026-06-01,64.0,Failed
14969,962,2026-07-01,64.0,Paid
14970,963,2025-11-01,39.0,Paid
14971,963,2025-12-01,39.0,Paid
14972,963,2026-01-01,39.0,Paid
14973,963,2026-02-01,39.0,Paid
14974,964,2026-05-01,64.0,Paid
14975,964,2026-06-01,64.0,Paid
14976,964,2026-07-01,64.0,Paid
14977,965,2024-12-01,39.0,Failed
14978,965,2025-01-01,39.0,Paid
14979,965,2025-02-01,39.0,Paid
14980,965,2025-03-01,39.0,Paid
14981,965,2025-04-01,39.0,Paid
14982,965,2025-05-01,39.0,Failed
14983,965,2025-06-01,39.0,Paid
14984,965,2025-07-01,39.0,Paid
14985,965,2025-08-01,39.0,Paid
14986,965,2025-09-01,39.0,Paid
14987,965,2025-10-01,39.0,Paid
14988,965,2025-11-01,39.0,Failed
14989,965,2025-12-01,39.0,Paid
14990,965,2026-01-01,39.0,Paid
14991,965,2026-02-01,39.0,Paid
14992,965,2026-03-01,39.0,Paid
14993,965,2026-04-01,39.0,Paid
14994,965,2026-05-01,39.0,Paid
14995,965,2026-06-01,39.0,Paid
14996,965,2026-07-01,39.0,Paid
14997,966,2025-04-01,39.0,Paid
14998,966,2025-05-01,39.0,Paid
14999,966,2025-06-01,39.0,Failed
15000,966,2025-07-01,39.0,Paid
15001,966,2025-08-01,39.0,Paid
15002,966,2025-09-01,39.0,Paid
15003,966,2025-10-01,39.0,Paid
15004,966,2025-11-01,39.0,Paid
15005,966,2025-12-01,39.0,Paid
15006,966,2026-01-01,39.0,Paid
15007,966,2026-02-01,39.0,Paid
15008,966,2026-03-01,39.0,Paid
15009,966,2026-04-01,39.0,Paid
15010,966,2026-05-01,39.0,Paid
15011,966,2026-06-01,39.0,Paid
15012,966,2026-07-01,39.0,Paid
15013,967,2025-06-01,56.0,Paid
15014,967,2025-07-01,56.0,Paid
15015,967,2025-08-01,56.0,Paid
15016,967,2025-09-01,56.0,Paid
15017,967,2025-10-01,56.0,Paid
15018,967,2025-11-01,56.0,Paid
15019,967,2025-12-01,56.0,Paid
15020,967,2026-01-01,56.0,Paid
15021,967,2026-02-01,56.0,Paid
15022,967,2026-03-01,56.0,Paid
15023,967,2026-04-01,56.0,Paid
15024,967,2026-05-01,56.0,Paid
15025,967,2026-06-01,56.0,Paid
15026,967,2026-07-01,56.0,Paid
15027,968,2025-05-01,64.0,Paid
15028,968,2025-06-01,64.0,Paid
15029,968,2025-07-01,64.0,Paid
15030,968,2025-08-01,64.0,Paid
15031,968,2025-09-01,64.0,Paid
15032,968,2025-10-01,64.0,Paid
15033,968,2025-11-01,64.0,Failed
15034,968,2025-12-01,64.0,Paid
15035,968,2026-01-01,64.0,Paid
15036,968,2026-02-01,64.0,Failed
15037,968,2026-03-01,64.0,Paid
15038,968,2026-04-01,64.0,Paid
15039,968,2026-05-01,64.0,Paid
15040,968,2026-06-01,64.0,Failed
15041,968,2026-07-01,64.0,Paid
15042,969,2025-07-01,56.0,Paid
15043,969,2025-08-01,56.0,Paid
15044,969,2025-09-01,56.0,Paid
15045,969,2025-10-01,56.0,Paid
15046,969,2025-11-01,56.0,Paid
15047,969,2025-12-01,56.0,Paid
15048,969,2026-01-01,56.0,Paid
15049,969,2026-02-01,56.0,Paid
15050,969,2026-03-01,56.0,Paid
15051,969,2026-04-01,56.0,Paid
15052,969,2026-05-01,56.0,Paid
15053,969,2026-06-01,56.0,Paid
15054,969,2026-07-01,56.0,Paid
15055,970,2026-03-01,39.0,Paid
15056,970,2026-04-01,39.0,Paid
15057,970,2026-05-01,39.0,Paid
15058,970,2026-06-01,39.0,Paid
15059,970,2026-07-01,39.0,Paid
15060,971,2025-03-01,64.0,Paid
15061,971,2025-04-01,64.0,Paid
15062,971,2025-05-01,64.0,Paid
15063,971,2025-06-01,64.0,Paid
15064,971,2025-07-01,64.0,Paid
15065,971,2025-08-01,64.0,Paid
15066,971,2025-09-01,64.0,Failed
15067,971,2025-10-01,64.0,Paid
15068,971,2025-11-01,64.0,Paid
15069,971,2025-12-01,64.0,Paid
15070,971,2026-01-01,64.0,Failed
15071,971,2026-02-01,64.0,Paid
15072,971,2026-03-01,64.0,Paid
15073,971,2026-04-01,64.0,Paid
15074,971,2026-05-01,64.0,Paid
15075,971,2026-06-01,64.0,Paid
15076,971,2026-07-01,64.0,Paid
15077,972,2024-04-01,64.0,Failed
15078,972,2024-05-01,64.0,Paid
15079,972,2024-06-01,64.0,Paid
15080,972,2024-07-01,64.0,Paid
15081,972,2024-08-01,64.0,Paid
15082,972,2024-09-01,64.0,Paid
15083,972,2024-10-01,64.0,Paid
15084,972,2024-11-01,64.0,Paid
15085,972,2024-12-01,64.0,Paid
15086,972,2025-01-01,64.0,Paid
15087,972,2025-02-01,64.0,Paid
15088,972,2025-03-01,64.0,Failed
15089,972,2025-04-01,64.0,Failed
15090,972,2025-05-01,64.0,Paid
15091,972,2025-06-01,64.0,Paid
15092,972,2025-07-01,64.0,Paid
15093,972,2025-08-01,64.0,Paid
15094,972,2025-09-01,64.0,Paid
15095,972,2025-10-01,64.0,Paid
15096,972,2025-11-01,64.0,Paid
15097,972,2025-12-01,64.0,Paid
15098,972,2026-01-01,64.0,Paid
15099,972,2026-02-01,64.0,Failed
15100,972,2026-03-01,64.0,Paid
15101,972,2026-04-01,64.0,Paid
15102,972,2026-05-01,64.0,Paid
15103,973,2025-01-01,64.0,Paid
15104,973,2025-02-01,64.0,Paid
15105,973,2025-03-01,64.0,Paid
15106,973,2025-04-01,64.0,Paid
15107,973,2025-05-01,64.0,Paid
15108,973,2025-06-01,64.0,Paid
15109,973,2025-07-01,64.0,Paid
15110,973,2025-08-01,64.0,Paid
15111,973,2025-09-01,64.0,Paid
15112,974,2024-03-01,39.0,Paid
15113,974,2024-04-01,39.0,Paid
15114,974,2024-05-01,39.0,Paid
15115,974,2024-06-01,39.0,Paid
15116,974,2024-07-01,39.0,Paid
15117,974,2024-08-01,39.0,Failed
15118,974,2024-09-01,39.0,Paid
15119,974,2024-10-01,39.0,Paid
15120,974,2024-11-01,39.0,Paid
15121,974,2024-12-01,39.0,Paid
15122,974,2025-01-01,39.0,Paid
15123,974,2025-02-01,39.0,Paid
15124,974,2025-03-01,39.0,Paid
15125,974,2025-04-01,39.0,Paid
15126,974,2025-05-01,39.0,Paid
15127,974,2025-06-01,39.0,Paid
15128,974,2025-07-01,39.0,Paid
15129,974,2025-08-01,39.0,Paid
15130,974,2025-09-01,39.0,Paid
15131,974,2025-10-01,39.0,Paid
15132,974,2025-11-01,39.0,Paid
15133,974,2025-12-01,39.0,Paid
15134,974,2026-01-01,39.0,Paid
15135,974,2026-02-01,39.0,Paid
15136,974,2026-03-01,39.0,Paid
15137,974,2026-04-01,39.0,Paid
15138,974,2026-05-01,39.0,Paid
15139,974,2026-06-01,39.0,Paid
15140,974,2026-07-01,39.0,Paid
15141,975,2024-02-01,45.0,Paid
15142,975,2024-03-01,45.0,Paid
15143,975,2024-04-01,45.0,Paid
15144,975,2024-05-01,45.0,Paid
15145,975,2024-06-01,45.0,Paid
15146,975,2024-07-01,45.0,Paid
15147,975,2024-08-01,45.0,Paid
15148,975,2024-09-01,45.0,Paid
15149,975,2024-10-01,45.0,Paid
15150,975,2024-11-01,45.0,Paid
15151,975,2024-12-01,45.0,Paid
15152,975,2025-01-01,45.0,Paid
15153,975,2025-02-01,45.0,Paid
15154,975,2025-03-01,45.0,Paid
15155,975,2025-04-01,45.0,Paid
15156,975,2025-05-01,45.0,Paid
15157,975,2025-06-01,45.0,Paid
15158,975,2025-07-01,45.0,Paid
15159,975,2025-08-01,45.0,Paid
15160,975,2025-09-01,45.0,Paid
15161,975,2025-10-01,45.0,Paid
15162,975,2025-11-01,45.0,Paid
15163,975,2025-12-01,45.0,Paid
15164,975,2026-01-01,45.0,Paid
15165,975,2026-02-01,45.0,Paid
15166,975,2026-03-01,45.0,Paid
15167,975,2026-04-01,45.0,Paid
15168,975,2026-05-01,45.0,Paid
15169,975,2026-06-01,45.0,Paid
15170,975,2026-07-01,45.0,Paid
15171,976,2026-05-01,64.0,Paid
15172,976,2026-06-01,64.0,Paid
15173,976,2026-07-01,64.0,Failed
15174,977,2025-05-01,45.0,Paid
15175,977,2025-06-01,45.0,Paid
15176,977,2025-07-01,45.0,Paid
15177,977,2025-08-01,45.0,Paid
15178,977,2025-09-01,45.0,Paid
15179,977,2025-10-01,45.0,Paid
15180,977,2025-11-01,45.0,Paid
15181,977,2025-12-01,45.0,Paid
15182,977,2026-01-01,45.0,Paid
15183,977,2026-02-01,45.0,Paid
15184,977,2026-03-01,45.0,Paid
15185,977,2026-04-01,45.0,Paid
15186,977,2026-05-01,45.0,Paid
15187,977,2026-06-01,45.0,Paid
15188,977,2026-07-01,45.0,Paid
15189,978,2024-04-01,56.0,Paid
15190,978,2024-05-01,56.0,Failed
15191,978,2024-06-01,56.0,Paid
15192,978,2024-07-01,56.0,Paid
15193,978,2024-08-01,56.0,Paid
15194,978,2024-09-01,56.0,Paid
15195,978,2024-10-01,56.0,Paid
15196,978,2024-11-01,56.0,Paid
15197,978,2024-12-01,56.0,Paid
15198,978,2025-01-01,56.0,Paid
15199,978,2025-02-01,56.0,Failed
15200,978,2025-03-01,56.0,Failed
15201,978,2025-04-01,56.0,Paid
15202,978,2025-05-01,56.0,Paid
15203,978,2025-06-01,56.0,Paid
15204,978,2025-07-01,56.0,Failed
15205,978,2025-08-01,56.0,Failed
15206,978,2025-09-01,56.0,Paid
15207,978,2025-10-01,56.0,Paid
15208,978,2025-11-01,56.0,Paid
15209,978,2025-12-01,56.0,Paid
15210,978,2026-01-01,56.0,Paid
15211,978,2026-02-01,56.0,Paid
15212,978,2026-03-01,56.0,Paid
15213,978,2026-04-01,56.0,Paid
15214,978,2026-05-01,56.0,Paid
15215,978,2026-06-01,56.0,Failed
15216,978,2026-07-01,56.0,Paid
15217,979,2025-01-01,39.0,Paid
15218,979,2025-02-01,39.0,Paid
15219,979,2025-03-01,39.0,Paid
15220,979,2025-04-01,39.0,Paid
15221,979,2025-05-01,39.0,Paid
15222,979,2025-06-01,39.0,Paid
15223,979,2025-07-01,39.0,Paid
15224,979,2025-08-01,39.0,Paid
15225,979,2025-09-01,39.0,Paid
15226,979,2025-10-01,39.0,Failed
15227,979,2025-11-01,39.0,Paid
15228,979,2025-12-01,39.0,Paid
15229,979,2026-01-01,39.0,Paid
15230,979,2026-02-01,39.0,Paid
15231,979,2026-03-01,39.0,Paid
15232,979,2026-04-01,39.0,Paid
15233,979,2026-05-01,39.0,Paid
15234,979,2026-06-01,39.0,Paid
15235,979,2026-07-01,39.0,Paid
15236,980,2026-03-01,45.0,Paid
15237,980,2026-04-01,45.0,Paid
15238,980,2026-05-01,45.0,Paid
15239,980,2026-06-01,45.0,Paid
15240,980,2026-07-01,45.0,Paid
15241,981,2024-03-01,64.0,Paid
15242,981,2024-04-01,64.0,Paid
15243,981,2024-05-01,64.0,Paid
15244,981,2024-06-01,64.0,Paid
15245,981,2024-07-01,64.0,Paid
15246,981,2024-08-01,64.0,Paid
15247,981,2024-09-01,64.0,Paid
15248,981,2024-10-01,64.0,Paid
15249,981,2024-11-01,64.0,Paid
15250,981,2024-12-01,64.0,Paid
15251,981,2025-01-01,64.0,Paid
15252,981,2025-02-01,64.0,Paid
15253,981,2025-03-01,64.0,Paid
15254,981,2025-04-01,64.0,Failed
15255,981,2025-05-01,64.0,Paid
15256,981,2025-06-01,64.0,Paid
15257,981,2025-07-01,64.0,Paid
15258,981,2025-08-01,64.0,Paid
15259,981,2025-09-01,64.0,Paid
15260,981,2025-10-01,64.0,Paid
15261,981,2025-11-01,64.0,Paid
15262,981,2025-12-01,64.0,Paid
15263,981,2026-01-01,64.0,Paid
15264,981,2026-02-01,64.0,Paid
15265,981,2026-03-01,64.0,Paid
15266,981,2026-04-01,64.0,Paid
15267,981,2026-05-01,64.0,Paid
15268,981,2026-06-01,64.0,Paid
15269,981,2026-07-01,64.0,Paid
15270,982,2024-06-01,64.0,Paid
15271,982,2024-07-01,64.0,Failed
15272,982,2024-08-01,64.0,Paid
15273,983,2024-12-01,56.0,Paid
15274,983,2025-01-01,56.0,Paid
15275,983,2025-02-01,56.0,Paid
15276,983,2025-03-01,56.0,Paid
15277,983,2025-04-01,56.0,Paid
15278,983,2025-05-01,56.0,Paid
15279,983,2025-06-01,56.0,Paid
15280,983,2025-07-01,56.0,Paid
15281,983,2025-08-01,56.0,Paid
15282,983,2025-09-01,56.0,Paid
15283,983,2025-10-01,56.0,Paid
15284,983,2025-11-01,56.0,Paid
15285,983,2025-12-01,56.0,Paid
15286,983,2026-01-01,56.0,Failed
15287,983,2026-02-01,56.0,Paid
15288,983,2026-03-01,56.0,Paid
15289,983,2026-04-01,56.0,Paid
15290,983,2026-05-01,56.0,Paid
15291,983,2026-06-01,56.0,Paid
15292,983,2026-07-01,56.0,Paid
15293,984,2026-06-01,64.0,Paid
15294,984,2026-07-01,64.0,Paid
15295,985,2025-02-01,45.0,Paid
15296,985,2025-03-01,45.0,Paid
15297,985,2025-04-01,45.0,Paid
15298,985,2025-05-01,45.0,Paid
15299,985,2025-06-01,45.0,Paid
15300,985,2025-07-01,45.0,Paid
15301,985,2025-08-01,45.0,Paid
15302,985,2025-09-01,45.0,Paid
15303,985,2025-10-01,45.0,Paid
15304,985,2025-11-01,45.0,Paid
15305,985,2025-12-01,45.0,Paid
15306,985,2026-01-01,45.0,Paid
15307,985,2026-02-01,45.0,Paid
15308,985,2026-03-01,45.0,Paid
15309,985,2026-04-01,45.0,Paid
15310,985,2026-05-01,45.0,Paid
15311,985,2026-06-01,45.0,Paid
15312,985,2026-07-01,45.0,Paid
15313,986,2025-02-01,39.0,Paid
15314,986,2025-03-01,39.0,Paid
15315,986,2025-04-01,39.0,Paid
15316,986,2025-05-01,39.0,Paid
15317,986,2025-06-01,39.0,Paid
15318,986,2025-07-01,39.0,Paid
15319,986,2025-08-01,39.0,Paid
15320,986,2025-09-01,39.0,Paid
15321,986,2025-10-01,39.0,Paid
15322,986,2025-11-01,39.0,Paid
15323,986,2025-12-01,39.0,Paid
15324,986,2026-01-01,39.0,Paid
15325,986,2026-02-01,39.0,Paid
15326,986,2026-03-01,39.0,Paid
15327,986,2026-04-01,39.0,Paid
15328,986,2026-05-01,39.0,Paid
15329,986,2026-06-01,39.0,Paid
15330,986,2026-07-01,39.0,Paid
15331,987,2025-08-01,45.0,Paid
15332,988,2025-11-01,45.0,Paid
15333,988,2025-12-01,45.0,Paid
15334,988,2026-01-01,45.0,Paid
15335,988,2026-02-01,45.0,Paid
15336,988,2026-03-01,45.0,Paid
15337,988,2026-04-01,45.0,Paid
15338,988,2026-05-01,45.0,Paid
15339,988,2026-06-01,45.0,Paid
15340,988,2026-07-01,45.0,Paid
15341,989,2026-03-01,45.0,Paid
15342,989,2026-04-01,45.0,Paid
15343,989,2026-05-01,45.0,Paid
15344,989,2026-06-01,45.0,Paid
15345,989,2026-07-01,45.0,Paid
15346,990,2025-04-01,39.0,Paid
15347,990,2025-05-01,39.0,Paid
15348,990,2025-06-01,39.0,Paid
15349,990,2025-07-01,39.0,Paid
15350,990,2025-08-01,39.0,Paid
15351,990,2025-09-01,39.0,Paid
15352,990,2025-10-01,39.0,Paid
15353,990,2025-11-01,39.0,Failed
15354,990,2025-12-01,39.0,Paid
15355,990,2026-01-01,39.0,Paid
15356,990,2026-02-01,39.0,Paid
15357,990,2026-03-01,39.0,Paid
15358,990,2026-04-01,39.0,Paid
15359,990,2026-05-01,39.0,Failed
15360,990,2026-06-01,39.0,Paid
15361,990,2026-07-01,39.0,Paid
15362,991,2025-09-01,45.0,Paid
15363,991,2025-10-01,45.0,Paid
15364,991,2025-11-01,45.0,Paid
15365,991,2025-12-01,45.0,Paid
15366,991,2026-01-01,45.0,Paid
15367,991,2026-02-01,45.0,Paid
15368,991,2026-03-01,45.0,Paid
15369,991,2026-04-01,45.0,Paid
15370,991,2026-05-01,45.0,Paid
15371,991,2026-06-01,45.0,Paid
15372,991,2026-07-01,45.0,Paid
15373,992,2024-08-01,39.0,Paid
15374,992,2024-09-01,39.0,Paid
15375,992,2024-10-01,39.0,Paid
15376,992,2024-11-01,39.0,Paid
15377,992,2024-12-01,39.0,Paid
15378,992,2025-01-01,39.0,Paid
15379,992,2025-02-01,39.0,Paid
15380,992,2025-03-01,39.0,Failed
15381,992,2025-04-01,39.0,Paid
15382,992,2025-05-01,39.0,Paid
15383,992,2025-06-01,39.0,Paid
15384,992,2025-07-01,39.0,Paid
15385,992,2025-08-01,39.0,Paid
15386,992,2025-09-01,39.0,Paid
15387,992,2025-10-01,39.0,Paid
15388,992,2025-11-01,39.0,Paid
15389,992,2025-12-01,39.0,Paid
15390,992,2026-01-01,39.0,Paid
15391,992,2026-02-01,39.0,Paid
15392,992,2026-03-01,39.0,Paid
15393,992,2026-04-01,39.0,Paid
15394,992,2026-05-01,39.0,Paid
15395,992,2026-06-01,39.0,Paid
15396,992,2026-07-01,39.0,Paid
15397,993,2025-04-01,64.0,Paid
15398,993,2025-05-01,64.0,Paid
15399,993,2025-06-01,64.0,Paid
15400,993,2025-07-01,64.0,Paid
15401,993,2025-08-01,64.0,Paid
15402,993,2025-09-01,64.0,Paid
15403,993,2025-10-01,64.0,Paid
15404,993,2025-11-01,64.0,Failed
15405,993,2025-12-01,64.0,Failed
15406,993,2026-01-01,64.0,Paid
15407,993,2026-02-01,64.0,Paid
15408,993,2026-03-01,64.0,Paid
15409,993,2026-04-01,64.0,Paid
15410,993,2026-05-01,64.0,Paid
15411,993,2026-06-01,64.0,Paid
15412,993,2026-07-01,64.0,Failed
15413,994,2026-01-01,39.0,Paid
15414,994,2026-02-01,39.0,Paid
15415,994,2026-03-01,39.0,Paid
15416,994,2026-04-01,39.0,Paid
15417,994,2026-05-01,39.0,Paid
15418,994,2026-06-01,39.0,Paid
15419,994,2026-07-01,39.0,Paid
15420,995,2024-06-01,64.0,Paid
15421,995,2024-07-01,64.0,Paid
15422,995,2024-08-01,64.0,Paid
15423,995,2024-09-01,64.0,Paid
15424,995,2024-10-01,64.0,Paid
15425,995,2024-11-01,64.0,Paid
15426,995,2024-12-01,64.0,Paid
15427,995,2025-01-01,64.0,Paid
15428,995,2025-02-01,64.0,Paid
15429,995,2025-03-01,64.0,Paid
15430,995,2025-04-01,64.0,Paid
15431,995,2025-05-01,64.0,Paid
15432,995,2025-06-01,64.0,Failed
15433,995,2025-07-01,64.0,Paid
15434,995,2025-08-01,64.0,Paid
15435,995,2025-09-01,64.0,Paid
15436,995,2025-10-01,64.0,Paid
15437,995,2025-11-01,64.0,Paid
15438,995,2025-12-01,64.0,Failed
15439,995,2026-01-01,64.0,Paid
15440,995,2026-02-01,64.0,Paid
15441,995,2026-03-01,64.0,Paid
15442,995,2026-04-01,64.0,Paid
15443,995,2026-05-01,64.0,Paid
15444,995,2026-06-01,64.0,Paid
15445,995,2026-07-01,64.0,Paid
15446,996,2025-08-01,56.0,Paid
15447,996,2025-09-01,56.0,Paid
15448,996,2025-10-01,56.0,Paid
15449,996,2025-11-01,56.0,Paid
15450,996,2025-12-01,56.0,Paid
15451,996,2026-01-01,56.0,Paid
15452,996,2026-02-01,56.0,Paid
15453,996,2026-03-01,56.0,Paid
15454,996,2026-04-01,56.0,Paid
15455,996,2026-05-01,56.0,Paid
15456,996,2026-06-01,56.0,Paid
15457,996,2026-07-01,56.0,Paid
15458,997,2026-01-01,39.0,Paid
15459,997,2026-02-01,39.0,Paid
15460,997,2026-03-01,39.0,Paid
15461,997,2026-04-01,39.0,Paid
15462,997,2026-05-01,39.0,Paid
15463,997,2026-06-01,39.0,Paid
15464,997,2026-07-01,39.0,Paid
15465,998,2025-08-01,39.0,Paid
15466,998,2025-09-01,39.0,Paid
15467,998,2025-10-01,39.0,Paid
15468,998,2025-11-01,39.0,Paid
15469,998,2025-12-01,39.0,Paid
15470,998,2026-01-01,39.0,Paid
15471,998,2026-02-01,39.0,Paid
15472,998,2026-03-01,39.0,Paid
15473,998,2026-04-01,39.0,Paid
15474,998,2026-05-01,39.0,Paid
15475,998,2026-06-01,39.0,Paid
15476,998,2026-07-01,39.0,Paid
15477,999,2025-04-01,64.0,Paid
15478,999,2025-05-01,64.0,Paid
15479,999,2025-06-01,64.0,Paid
15480,999,2025-07-01,64.0,Paid
15481,999,2025-08-01,64.0,Paid
15482,999,2025-09-01,64.0,Paid
15483,999,2025-10-01,64.0,Paid
15484,999,2025-11-01,64.0,Paid
15485,999,2025-12-01,64.0,Failed
15486,999,2026-01-01,64.0,Failed
15487,999,2026-02-01,64.0,Paid
15488,999,2026-03-01,64.0,Paid
15489,999,2026-04-01,64.0,Paid
15490,999,2026-05-01,64.0,Paid
15491,999,2026-06-01,64.0,Paid
15492,999,2026-07-01,64.0,Failed
15493,1000,2024-05-01,56.0,Paid
15494,1000,2024-06-01,56.0,Paid
15495,1000,2024-07-01,56.0,Paid
15496,1001,2024-01-01,39.0,Paid
15497,1001,2024-02-01,39.0,Paid
15498,1001,2024-03-01,39.0,Paid
15499,1001,2024-04-01,39.0,Paid
15500,1001,2024-05-01,39.0,Paid
15501,1001,2024-06-01,39.0,Paid
15502,1001,2024-07-01,39.0,Paid
15503,1001,2024-08-01,39.0,Paid
15504,1001,2024-09-01,39.0,Paid
15505,1001,2024-10-01,39.0,Paid
15506,1001,2024-11-01,39.0,Paid
15507,1001,2024-12-01,39.0,Paid
15508,1002,2026-04-01,64.0,Paid
15509,1002,2026-05-01,64.0,Paid
15510,1002,2026-06-01,64.0,Paid
15511,1003,2024-12-01,64.0,Paid
15512,1003,2025-01-01,64.0,Failed
15513,1003,2025-02-01,64.0,Paid
15514,1003,2025-03-01,64.0,Failed
15515,1003,2025-04-01,64.0,Paid
15516,1003,2025-05-01,64.0,Paid
15517,1003,2025-06-01,64.0,Paid
15518,1003,2025-07-01,64.0,Paid
15519,1003,2025-08-01,64.0,Paid
15520,1003,2025-09-01,64.0,Paid
15521,1003,2025-10-01,64.0,Paid
15522,1003,2025-11-01,64.0,Paid
15523,1003,2025-12-01,64.0,Paid
15524,1003,2026-01-01,64.0,Paid
15525,1003,2026-02-01,64.0,Paid
15526,1003,2026-03-01,64.0,Paid
15527,1003,2026-04-01,64.0,Paid
15528,1003,2026-05-01,64.0,Paid
15529,1003,2026-06-01,64.0,Paid
15530,1003,2026-07-01,64.0,Paid
15531,1004,2024-05-01,56.0,Paid
15532,1004,2024-06-01,56.0,Paid
15533,1004,2024-07-01,56.0,Paid
15534,1004,2024-08-01,56.0,Paid
15535,1004,2024-09-01,56.0,Paid
15536,1004,2024-10-01,56.0,Paid
15537,1004,2024-11-01,56.0,Paid
15538,1004,2024-12-01,56.0,Paid
15539,1004,2025-01-01,56.0,Paid
15540,1004,2025-02-01,56.0,Failed
15541,1004,2025-03-01,56.0,Paid
15542,1005,2026-02-01,64.0,Failed
15543,1005,2026-03-01,64.0,Paid
15544,1005,2026-04-01,64.0,Paid
15545,1005,2026-05-01,64.0,Failed
15546,1005,2026-06-01,64.0,Paid
15547,1005,2026-07-01,64.0,Paid
15548,1006,2025-03-01,45.0,Failed
15549,1006,2025-04-01,45.0,Paid
15550,1006,2025-05-01,45.0,Paid
15551,1006,2025-06-01,45.0,Paid
15552,1006,2025-07-01,45.0,Paid
15553,1006,2025-08-01,45.0,Paid
15554,1006,2025-09-01,45.0,Paid
15555,1006,2025-10-01,45.0,Paid
15556,1006,2025-11-01,45.0,Paid
15557,1006,2025-12-01,45.0,Paid
15558,1006,2026-01-01,45.0,Paid
15559,1006,2026-02-01,45.0,Paid
15560,1006,2026-03-01,45.0,Paid
15561,1006,2026-04-01,45.0,Paid
15562,1006,2026-05-01,45.0,Paid
15563,1006,2026-06-01,45.0,Paid
15564,1006,2026-07-01,45.0,Paid
15565,1007,2024-06-01,39.0,Paid
15566,1007,2024-07-01,39.0,Paid
15567,1007,2024-08-01,39.0,Paid
15568,1007,2024-09-01,39.0,Paid
15569,1007,2024-10-01,39.0,Failed
15570,1007,2024-11-01,39.0,Paid
15571,1007,2024-12-01,39.0,Paid
15572,1007,2025-01-01,39.0,Paid
15573,1007,2025-02-01,39.0,Paid
15574,1007,2025-03-01,39.0,Paid
15575,1007,2025-04-01,39.0,Paid
15576,1007,2025-05-01,39.0,Paid
15577,1007,2025-06-01,39.0,Paid
15578,1007,2025-07-01,39.0,Paid
15579,1007,2025-08-01,39.0,Paid
15580,1007,2025-09-01,39.0,Paid
15581,1007,2025-10-01,39.0,Paid
15582,1007,2025-11-01,39.0,Paid
15583,1007,2025-12-01,39.0,Paid
15584,1007,2026-01-01,39.0,Paid
15585,1007,2026-02-01,39.0,Paid
15586,1007,2026-03-01,39.0,Paid
15587,1007,2026-04-01,39.0,Paid
15588,1007,2026-05-01,39.0,Paid
15589,1007,2026-06-01,39.0,Paid
15590,1007,2026-07-01,39.0,Paid
15591,1008,2024-11-01,56.0,Paid
15592,1008,2024-12-01,56.0,Paid
15593,1008,2025-01-01,56.0,Paid
15594,1008,2025-02-01,56.0,Paid
15595,1008,2025-03-01,56.0,Paid
15596,1008,2025-04-01,56.0,Paid
15597,1008,2025-05-01,56.0,Paid
15598,1008,2025-06-01,56.0,Failed
15599,1008,2025-07-01,56.0,Paid
15600,1008,2025-08-01,56.0,Paid
15601,1008,2025-09-01,56.0,Paid
15602,1008,2025-10-01,56.0,Paid
15603,1008,2025-11-01,56.0,Paid
15604,1008,2025-12-01,56.0,Paid
15605,1008,2026-01-01,56.0,Paid
15606,1008,2026-02-01,56.0,Paid
15607,1008,2026-03-01,56.0,Paid
15608,1008,2026-04-01,56.0,Paid
15609,1008,2026-05-01,56.0,Paid
15610,1008,2026-06-01,56.0,Paid
15611,1008,2026-07-01,56.0,Paid
15612,1009,2024-03-01,45.0,Paid
15613,1009,2024-04-01,45.0,Paid
15614,1009,2024-05-01,45.0,Paid
15615,1009,2024-06-01,45.0,Paid
15616,1009,2024-07-01,45.0,Paid
15617,1009,2024-08-01,45.0,Paid
15618,1009,2024-09-01,45.0,Paid
15619,1009,2024-10-01,45.0,Paid
15620,1009,2024-11-01,45.0,Paid
15621,1009,2024-12-01,45.0,Paid
15622,1009,2025-01-01,45.0,Paid
15623,1009,2025-02-01,45.0,Paid
15624,1009,2025-03-01,45.0,Paid
15625,1009,2025-04-01,45.0,Paid
15626,1009,2025-05-01,45.0,Paid
15627,1009,2025-06-01,45.0,Paid
15628,1009,2025-07-01,45.0,Paid
15629,1009,2025-08-01,45.0,Paid
15630,1009,2025-09-01,45.0,Paid
15631,1009,2025-10-01,45.0,Paid
15632,1009,2025-11-01,45.0,Paid
15633,1009,2025-12-01,45.0,Paid
15634,1009,2026-01-01,45.0,Paid
15635,1009,2026-02-01,45.0,Paid
15636,1009,2026-03-01,45.0,Paid
15637,1009,2026-04-01,45.0,Paid
15638,1009,2026-05-01,45.0,Paid
15639,1009,2026-06-01,45.0,Paid
15640,1009,2026-07-01,45.0,Paid
15641,1010,2025-07-01,45.0,Paid
15642,1010,2025-08-01,45.0,Paid
15643,1010,2025-09-01,45.0,Paid
15644,1010,2025-10-01,45.0,Paid
15645,1010,2025-11-01,45.0,Paid
15646,1010,2025-12-01,45.0,Paid
15647,1010,2026-01-01,45.0,Paid
15648,1011,2024-03-01,56.0,Paid
15649,1011,2024-04-01,56.0,Paid
15650,1011,2024-05-01,56.0,Paid
15651,1011,2024-06-01,56.0,Paid
15652,1011,2024-07-01,56.0,Paid
15653,1011,2024-08-01,56.0,Paid
15654,1011,2024-09-01,56.0,Paid
15655,1011,2024-10-01,56.0,Paid
15656,1011,2024-11-01,56.0,Paid
15657,1011,2024-12-01,56.0,Paid
15658,1011,2025-01-01,56.0,Paid
15659,1011,2025-02-01,56.0,Paid
15660,1011,2025-03-01,56.0,Paid
15661,1011,2025-04-01,56.0,Paid
15662,1011,2025-05-01,56.0,Paid
15663,1011,2025-06-01,56.0,Paid
15664,1011,2025-07-01,56.0,Paid
15665,1011,2025-08-01,56.0,Paid
15666,1011,2025-09-01,56.0,Paid
15667,1011,2025-10-01,56.0,Paid
15668,1011,2025-11-01,56.0,Paid
15669,1011,2025-12-01,56.0,Paid
15670,1011,2026-01-01,56.0,Paid
15671,1011,2026-02-01,56.0,Paid
15672,1011,2026-03-01,56.0,Paid
15673,1011,2026-04-01,56.0,Paid
15674,1011,2026-05-01,56.0,Paid
15675,1011,2026-06-01,56.0,Paid
15676,1011,2026-07-01,56.0,Paid
15677,1012,2024-12-01,64.0,Paid
15678,1012,2025-01-01,64.0,Paid
15679,1012,2025-02-01,64.0,Paid
15680,1012,2025-03-01,64.0,Paid
15681,1012,2025-04-01,64.0,Paid
15682,1012,2025-05-01,64.0,Paid
15683,1012,2025-06-01,64.0,Paid
15684,1012,2025-07-01,64.0,Failed
15685,1012,2025-08-01,64.0,Paid
15686,1012,2025-09-01,64.0,Failed
15687,1012,2025-10-01,64.0,Paid
15688,1012,2025-11-01,64.0,Paid
15689,1012,2025-12-01,64.0,Paid
15690,1012,2026-01-01,64.0,Paid
15691,1012,2026-02-01,64.0,Paid
15692,1012,2026-03-01,64.0,Failed
15693,1012,2026-04-01,64.0,Paid
15694,1012,2026-05-01,64.0,Paid
15695,1012,2026-06-01,64.0,Paid
15696,1012,2026-07-01,64.0,Paid
15697,1013,2026-01-01,45.0,Paid
15698,1013,2026-02-01,45.0,Paid
15699,1013,2026-03-01,45.0,Paid
15700,1013,2026-04-01,45.0,Paid
15701,1013,2026-05-01,45.0,Paid
15702,1013,2026-06-01,45.0,Paid
15703,1013,2026-07-01,45.0,Paid
15704,1014,2025-09-01,64.0,Paid
15705,1014,2025-10-01,64.0,Paid
15706,1014,2025-11-01,64.0,Failed
15707,1014,2025-12-01,64.0,Paid
15708,1014,2026-01-01,64.0,Paid
15709,1014,2026-02-01,64.0,Paid
15710,1014,2026-03-01,64.0,Paid
15711,1014,2026-04-01,64.0,Paid
15712,1014,2026-05-01,64.0,Failed
15713,1014,2026-06-01,64.0,Failed
15714,1014,2026-07-01,64.0,Failed
15715,1015,2025-09-01,45.0,Paid
15716,1015,2025-10-01,45.0,Paid
15717,1015,2025-11-01,45.0,Paid
15718,1015,2025-12-01,45.0,Paid
15719,1015,2026-01-01,45.0,Paid
15720,1015,2026-02-01,45.0,Paid
15721,1015,2026-03-01,45.0,Failed
15722,1015,2026-04-01,45.0,Paid
15723,1015,2026-05-01,45.0,Paid
15724,1015,2026-06-01,45.0,Paid
15725,1015,2026-07-01,45.0,Paid
15726,1016,2025-08-01,45.0,Paid
15727,1016,2025-09-01,45.0,Paid
15728,1016,2025-10-01,45.0,Paid
15729,1016,2025-11-01,45.0,Paid
15730,1016,2025-12-01,45.0,Paid
15731,1016,2026-01-01,45.0,Paid
15732,1016,2026-02-01,45.0,Paid
15733,1016,2026-03-01,45.0,Paid
15734,1016,2026-04-01,45.0,Paid
15735,1016,2026-05-01,45.0,Paid
15736,1016,2026-06-01,45.0,Paid
15737,1016,2026-07-01,45.0,Paid
15738,1017,2026-02-01,64.0,Paid
15739,1017,2026-03-01,64.0,Paid
15740,1017,2026-04-01,64.0,Failed
15741,1018,2025-10-01,64.0,Paid
15742,1018,2025-11-01,64.0,Paid
15743,1018,2025-12-01,64.0,Paid
15744,1018,2026-01-01,64.0,Paid
15745,1018,2026-02-01,64.0,Paid
15746,1018,2026-03-01,64.0,Paid
15747,1018,2026-04-01,64.0,Paid
15748,1018,2026-05-01,64.0,Paid
15749,1018,2026-06-01,64.0,Paid
15750,1018,2026-07-01,64.0,Paid
15751,1019,2026-06-01,56.0,Paid
15752,1019,2026-07-01,56.0,Paid
15753,1020,2024-12-01,64.0,Paid
15754,1020,2025-01-01,64.0,Paid
15755,1020,2025-02-01,64.0,Failed
15756,1020,2025-03-01,64.0,Paid
15757,1020,2025-04-01,64.0,Paid
15758,1020,2025-05-01,64.0,Failed
15759,1020,2025-06-01,64.0,Paid
15760,1020,2025-07-01,64.0,Failed
15761,1020,2025-08-01,64.0,Paid
15762,1020,2025-09-01,64.0,Paid
15763,1020,2025-10-01,64.0,Paid
15764,1020,2025-11-01,64.0,Paid
15765,1021,2024-02-01,56.0,Paid
15766,1021,2024-03-01,56.0,Paid
15767,1021,2024-04-01,56.0,Paid
15768,1021,2024-05-01,56.0,Failed
15769,1021,2024-06-01,56.0,Paid
15770,1021,2024-07-01,56.0,Paid
15771,1021,2024-08-01,56.0,Paid
15772,1021,2024-09-01,56.0,Paid
15773,1021,2024-10-01,56.0,Paid
15774,1021,2024-11-01,56.0,Paid
15775,1021,2024-12-01,56.0,Paid
15776,1021,2025-01-01,56.0,Paid
15777,1021,2025-02-01,56.0,Paid
15778,1021,2025-03-01,56.0,Paid
15779,1021,2025-04-01,56.0,Paid
15780,1021,2025-05-01,56.0,Paid
15781,1021,2025-06-01,56.0,Paid
15782,1021,2025-07-01,56.0,Paid
15783,1021,2025-08-01,56.0,Paid
15784,1021,2025-09-01,56.0,Paid
15785,1021,2025-10-01,56.0,Failed
15786,1021,2025-11-01,56.0,Paid
15787,1021,2025-12-01,56.0,Paid
15788,1021,2026-01-01,56.0,Paid
15789,1021,2026-02-01,56.0,Paid
15790,1021,2026-03-01,56.0,Paid
15791,1021,2026-04-01,56.0,Paid
15792,1021,2026-05-01,56.0,Paid
15793,1021,2026-06-01,56.0,Paid
15794,1021,2026-07-01,56.0,Paid
15795,1022,2025-08-01,64.0,Paid
15796,1022,2025-09-01,64.0,Paid
15797,1022,2025-10-01,64.0,Paid
15798,1022,2025-11-01,64.0,Paid
15799,1022,2025-12-01,64.0,Paid
15800,1022,2026-01-01,64.0,Paid
15801,1022,2026-02-01,64.0,Paid
15802,1022,2026-03-01,64.0,Paid
15803,1022,2026-04-01,64.0,Paid
15804,1022,2026-05-01,64.0,Paid
15805,1022,2026-06-01,64.0,Paid
15806,1022,2026-07-01,64.0,Paid
15807,1023,2026-04-01,39.0,Paid
15808,1023,2026-05-01,39.0,Paid
15809,1023,2026-06-01,39.0,Paid
15810,1024,2026-05-01,64.0,Paid
15811,1024,2026-06-01,64.0,Paid
15812,1025,2024-01-01,64.0,Paid
15813,1025,2024-02-01,64.0,Paid
15814,1025,2024-03-01,64.0,Paid
15815,1025,2024-04-01,64.0,Paid
15816,1025,2024-05-01,64.0,Paid
15817,1025,2024-06-01,64.0,Paid
15818,1025,2024-07-01,64.0,Paid
15819,1025,2024-08-01,64.0,Paid
15820,1025,2024-09-01,64.0,Paid
15821,1025,2024-10-01,64.0,Failed
15822,1025,2024-11-01,64.0,Paid
15823,1025,2024-12-01,64.0,Paid
15824,1025,2025-01-01,64.0,Paid
15825,1025,2025-02-01,64.0,Paid
15826,1025,2025-03-01,64.0,Paid
15827,1025,2025-04-01,64.0,Paid
15828,1025,2025-05-01,64.0,Paid
15829,1025,2025-06-01,64.0,Paid
15830,1025,2025-07-01,64.0,Paid
15831,1025,2025-08-01,64.0,Paid
15832,1025,2025-09-01,64.0,Paid
15833,1025,2025-10-01,64.0,Paid
15834,1025,2025-11-01,64.0,Paid
15835,1025,2025-12-01,64.0,Paid
15836,1025,2026-01-01,64.0,Paid
15837,1025,2026-02-01,64.0,Paid
15838,1025,2026-03-01,64.0,Paid
15839,1025,2026-04-01,64.0,Paid
15840,1025,2026-05-01,64.0,Paid
15841,1025,2026-06-01,64.0,Failed
15842,1025,2026-07-01,64.0,Paid
15843,1026,2025-10-01,45.0,Paid
15844,1026,2025-11-01,45.0,Paid
15845,1026,2025-12-01,45.0,Paid
15846,1026,2026-01-01,45.0,Paid
15847,1026,2026-02-01,45.0,Paid
15848,1026,2026-03-01,45.0,Paid
15849,1026,2026-04-01,45.0,Paid
15850,1026,2026-05-01,45.0,Paid
15851,1026,2026-06-01,45.0,Paid
15852,1026,2026-07-01,45.0,Paid
15853,1027,2025-07-01,56.0,Paid
15854,1027,2025-08-01,56.0,Paid
15855,1027,2025-09-01,56.0,Paid
15856,1027,2025-10-01,56.0,Paid
15857,1027,2025-11-01,56.0,Paid
15858,1027,2025-12-01,56.0,Paid
15859,1027,2026-01-01,56.0,Paid
15860,1027,2026-02-01,56.0,Paid
15861,1027,2026-03-01,56.0,Paid
15862,1027,2026-04-01,56.0,Paid
15863,1028,2025-08-01,56.0,Paid
15864,1028,2025-09-01,56.0,Paid
15865,1028,2025-10-01,56.0,Paid
15866,1028,2025-11-01,56.0,Paid
15867,1028,2025-12-01,56.0,Paid
15868,1028,2026-01-01,56.0,Paid
15869,1028,2026-02-01,56.0,Paid
15870,1028,2026-03-01,56.0,Paid
15871,1028,2026-04-01,56.0,Paid
15872,1028,2026-05-01,56.0,Paid
15873,1028,2026-06-01,56.0,Paid
15874,1028,2026-07-01,56.0,Failed
15875,1029,2024-10-01,64.0,Paid
15876,1029,2024-11-01,64.0,Paid
15877,1029,2024-12-01,64.0,Failed
15878,1029,2025-01-01,64.0,Failed
15879,1029,2025-02-01,64.0,Paid
15880,1029,2025-03-01,64.0,Paid
15881,1029,2025-04-01,64.0,Paid
15882,1029,2025-05-01,64.0,Paid
15883,1029,2025-06-01,64.0,Paid
15884,1029,2025-07-01,64.0,Paid
15885,1029,2025-08-01,64.0,Paid
15886,1029,2025-09-01,64.0,Paid
15887,1029,2025-10-01,64.0,Paid
15888,1029,2025-11-01,64.0,Paid
15889,1029,2025-12-01,64.0,Paid
15890,1029,2026-01-01,64.0,Paid
15891,1029,2026-02-01,64.0,Paid
15892,1029,2026-03-01,64.0,Paid
15893,1029,2026-04-01,64.0,Paid
15894,1029,2026-05-01,64.0,Paid
15895,1029,2026-06-01,64.0,Paid
15896,1029,2026-07-01,64.0,Paid
15897,1030,2026-02-01,56.0,Paid
15898,1030,2026-03-01,56.0,Paid
15899,1030,2026-04-01,56.0,Paid
15900,1030,2026-05-01,56.0,Paid
15901,1030,2026-06-01,56.0,Paid
15902,1030,2026-07-01,56.0,Paid
15903,1031,2024-12-01,56.0,Paid
15904,1031,2025-01-01,56.0,Paid
15905,1031,2025-02-01,56.0,Failed
15906,1031,2025-03-01,56.0,Paid
15907,1031,2025-04-01,56.0,Paid
15908,1031,2025-05-01,56.0,Paid
15909,1031,2025-06-01,56.0,Paid
15910,1031,2025-07-01,56.0,Paid
15911,1031,2025-08-01,56.0,Paid
15912,1031,2025-09-01,56.0,Paid
15913,1031,2025-10-01,56.0,Paid
15914,1032,2025-06-01,64.0,Paid
15915,1032,2025-07-01,64.0,Paid
15916,1032,2025-08-01,64.0,Paid
15917,1032,2025-09-01,64.0,Paid
15918,1032,2025-10-01,64.0,Paid
15919,1032,2025-11-01,64.0,Failed
15920,1032,2025-12-01,64.0,Paid
15921,1032,2026-01-01,64.0,Paid
15922,1032,2026-02-01,64.0,Paid
15923,1032,2026-03-01,64.0,Paid
15924,1032,2026-04-01,64.0,Paid
15925,1033,2025-04-01,64.0,Paid
15926,1033,2025-05-01,64.0,Paid
15927,1033,2025-06-01,64.0,Paid
15928,1033,2025-07-01,64.0,Paid
15929,1033,2025-08-01,64.0,Paid
15930,1033,2025-09-01,64.0,Paid
15931,1033,2025-10-01,64.0,Paid
15932,1033,2025-11-01,64.0,Paid
15933,1033,2025-12-01,64.0,Failed
15934,1033,2026-01-01,64.0,Paid
15935,1033,2026-02-01,64.0,Paid
15936,1034,2026-06-01,56.0,Paid
15937,1034,2026-07-01,56.0,Paid
15938,1035,2024-01-01,64.0,Paid
15939,1035,2024-02-01,64.0,Paid
15940,1035,2024-03-01,64.0,Failed
15941,1035,2024-04-01,64.0,Paid
15942,1035,2024-05-01,64.0,Paid
15943,1035,2024-06-01,64.0,Paid
15944,1035,2024-07-01,64.0,Paid
15945,1035,2024-08-01,64.0,Paid
15946,1035,2024-09-01,64.0,Paid
15947,1035,2024-10-01,64.0,Paid
15948,1035,2024-11-01,64.0,Paid
15949,1035,2024-12-01,64.0,Paid
15950,1035,2025-01-01,64.0,Paid
15951,1035,2025-02-01,64.0,Paid
15952,1035,2025-03-01,64.0,Paid
15953,1035,2025-04-01,64.0,Paid
15954,1035,2025-05-01,64.0,Paid
15955,1035,2025-06-01,64.0,Paid
15956,1035,2025-07-01,64.0,Paid
15957,1035,2025-08-01,64.0,Paid
15958,1035,2025-09-01,64.0,Paid
15959,1035,2025-10-01,64.0,Paid
15960,1035,2025-11-01,64.0,Paid
15961,1035,2025-12-01,64.0,Paid
15962,1035,2026-01-01,64.0,Paid
15963,1035,2026-02-01,64.0,Paid
15964,1036,2025-06-01,64.0,Paid
15965,1036,2025-07-01,64.0,Paid
15966,1036,2025-08-01,64.0,Paid
15967,1036,2025-09-01,64.0,Paid
15968,1036,2025-10-01,64.0,Paid
15969,1036,2025-11-01,64.0,Paid
15970,1036,2025-12-01,64.0,Paid
15971,1036,2026-01-01,64.0,Paid
15972,1036,2026-02-01,64.0,Paid
15973,1036,2026-03-01,64.0,Paid
15974,1036,2026-04-01,64.0,Paid
15975,1036,2026-05-01,64.0,Paid
15976,1036,2026-06-01,64.0,Paid
15977,1036,2026-07-01,64.0,Paid
15978,1037,2024-03-01,64.0,Paid
15979,1037,2024-04-01,64.0,Paid
15980,1037,2024-05-01,64.0,Paid
15981,1037,2024-06-01,64.0,Paid
15982,1037,2024-07-01,64.0,Paid
15983,1037,2024-08-01,64.0,Paid
15984,1037,2024-09-01,64.0,Failed
15985,1037,2024-10-01,64.0,Paid
15986,1037,2024-11-01,64.0,Paid
15987,1037,2024-12-01,64.0,Paid
15988,1037,2025-01-01,64.0,Failed
15989,1037,2025-02-01,64.0,Paid
15990,1037,2025-03-01,64.0,Paid
15991,1037,2025-04-01,64.0,Paid
15992,1037,2025-05-01,64.0,Paid
15993,1037,2025-06-01,64.0,Paid
15994,1037,2025-07-01,64.0,Paid
15995,1037,2025-08-01,64.0,Paid
15996,1037,2025-09-01,64.0,Failed
15997,1037,2025-10-01,64.0,Paid
15998,1037,2025-11-01,64.0,Paid
15999,1037,2025-12-01,64.0,Paid
16000,1038,2024-12-01,56.0,Paid
16001,1038,2025-01-01,56.0,Paid
16002,1038,2025-02-01,56.0,Paid
16003,1038,2025-03-01,56.0,Paid
16004,1038,2025-04-01,56.0,Paid
16005,1038,2025-05-01,56.0,Paid
16006,1038,2025-06-01,56.0,Paid
16007,1038,2025-07-01,56.0,Paid
16008,1038,2025-08-01,56.0,Paid
16009,1038,2025-09-01,56.0,Paid
16010,1038,2025-10-01,56.0,Failed
16011,1038,2025-11-01,56.0,Paid
16012,1038,2025-12-01,56.0,Paid
16013,1038,2026-01-01,56.0,Paid
16014,1038,2026-02-01,56.0,Paid
16015,1038,2026-03-01,56.0,Paid
16016,1038,2026-04-01,56.0,Paid
16017,1038,2026-05-01,56.0,Paid
16018,1038,2026-06-01,56.0,Paid
16019,1038,2026-07-01,56.0,Paid
16020,1039,2024-02-01,64.0,Paid
16021,1039,2024-03-01,64.0,Paid
16022,1039,2024-04-01,64.0,Failed
16023,1039,2024-05-01,64.0,Paid
16024,1039,2024-06-01,64.0,Failed
16025,1039,2024-07-01,64.0,Paid
16026,1039,2024-08-01,64.0,Paid
16027,1039,2024-09-01,64.0,Paid
16028,1039,2024-10-01,64.0,Paid
16029,1039,2024-11-01,64.0,Paid
16030,1039,2024-12-01,64.0,Paid
16031,1039,2025-01-01,64.0,Paid
16032,1039,2025-02-01,64.0,Failed
16033,1039,2025-03-01,64.0,Paid
16034,1039,2025-04-01,64.0,Paid
16035,1039,2025-05-01,64.0,Paid
16036,1039,2025-06-01,64.0,Paid
16037,1039,2025-07-01,64.0,Paid
16038,1039,2025-08-01,64.0,Paid
16039,1039,2025-09-01,64.0,Paid
16040,1039,2025-10-01,64.0,Failed
16041,1039,2025-11-01,64.0,Paid
16042,1039,2025-12-01,64.0,Paid
16043,1039,2026-01-01,64.0,Paid
16044,1039,2026-02-01,64.0,Failed
16045,1039,2026-03-01,64.0,Failed
16046,1039,2026-04-01,64.0,Paid
16047,1039,2026-05-01,64.0,Paid
16048,1039,2026-06-01,64.0,Paid
16049,1039,2026-07-01,64.0,Paid
16050,1040,2024-03-01,45.0,Paid
16051,1040,2024-04-01,45.0,Paid
16052,1040,2024-05-01,45.0,Paid
16053,1040,2024-06-01,45.0,Paid
16054,1040,2024-07-01,45.0,Paid
16055,1040,2024-08-01,45.0,Paid
16056,1040,2024-09-01,45.0,Paid
16057,1040,2024-10-01,45.0,Paid
16058,1040,2024-11-01,45.0,Paid
16059,1040,2024-12-01,45.0,Paid
16060,1040,2025-01-01,45.0,Failed
16061,1040,2025-02-01,45.0,Paid
16062,1040,2025-03-01,45.0,Paid
16063,1040,2025-04-01,45.0,Paid
16064,1040,2025-05-01,45.0,Paid
16065,1040,2025-06-01,45.0,Paid
16066,1040,2025-07-01,45.0,Paid
16067,1040,2025-08-01,45.0,Paid
16068,1040,2025-09-01,45.0,Paid
16069,1040,2025-10-01,45.0,Failed
16070,1040,2025-11-01,45.0,Paid
16071,1040,2025-12-01,45.0,Paid
16072,1040,2026-01-01,45.0,Paid
16073,1040,2026-02-01,45.0,Paid
16074,1040,2026-03-01,45.0,Paid
16075,1040,2026-04-01,45.0,Paid
16076,1040,2026-05-01,45.0,Paid
16077,1040,2026-06-01,45.0,Paid
16078,1040,2026-07-01,45.0,Paid
16079,1041,2024-05-01,64.0,Paid
16080,1041,2024-06-01,64.0,Paid
16081,1041,2024-07-01,64.0,Paid
16082,1041,2024-08-01,64.0,Paid
16083,1041,2024-09-01,64.0,Failed
16084,1041,2024-10-01,64.0,Paid
16085,1041,2024-11-01,64.0,Failed
16086,1041,2024-12-01,64.0,Paid
16087,1041,2025-01-01,64.0,Paid
16088,1041,2025-02-01,64.0,Paid
16089,1041,2025-03-01,64.0,Paid
16090,1041,2025-04-01,64.0,Paid
16091,1041,2025-05-01,64.0,Paid
16092,1041,2025-06-01,64.0,Paid
16093,1041,2025-07-01,64.0,Failed
16094,1041,2025-08-01,64.0,Failed
16095,1041,2025-09-01,64.0,Paid
16096,1041,2025-10-01,64.0,Paid
16097,1041,2025-11-01,64.0,Paid
16098,1041,2025-12-01,64.0,Failed
16099,1041,2026-01-01,64.0,Paid
16100,1041,2026-02-01,64.0,Paid
16101,1042,2024-08-01,56.0,Paid
16102,1042,2024-09-01,56.0,Paid
16103,1042,2024-10-01,56.0,Paid
16104,1042,2024-11-01,56.0,Paid
16105,1042,2024-12-01,56.0,Paid
16106,1042,2025-01-01,56.0,Paid
16107,1042,2025-02-01,56.0,Paid
16108,1042,2025-03-01,56.0,Paid
16109,1042,2025-04-01,56.0,Paid
16110,1042,2025-05-01,56.0,Paid
16111,1042,2025-06-01,56.0,Paid
16112,1042,2025-07-01,56.0,Paid
16113,1042,2025-08-01,56.0,Paid
16114,1042,2025-09-01,56.0,Paid
16115,1042,2025-10-01,56.0,Paid
16116,1042,2025-11-01,56.0,Paid
16117,1042,2025-12-01,56.0,Paid
16118,1042,2026-01-01,56.0,Paid
16119,1042,2026-02-01,56.0,Paid
16120,1042,2026-03-01,56.0,Paid
16121,1042,2026-04-01,56.0,Paid
16122,1042,2026-05-01,56.0,Paid
16123,1042,2026-06-01,56.0,Paid
16124,1042,2026-07-01,56.0,Paid
16125,1043,2026-02-01,56.0,Paid
16126,1043,2026-03-01,56.0,Paid
16127,1043,2026-04-01,56.0,Paid
16128,1043,2026-05-01,56.0,Paid
16129,1043,2026-06-01,56.0,Paid
16130,1043,2026-07-01,56.0,Paid
16131,1044,2026-02-01,64.0,Paid
16132,1044,2026-03-01,64.0,Paid
16133,1044,2026-04-01,64.0,Paid
16134,1044,2026-05-01,64.0,Paid
16135,1044,2026-06-01,64.0,Failed
16136,1045,2024-07-01,39.0,Paid
16137,1045,2024-08-01,39.0,Paid
16138,1045,2024-09-01,39.0,Paid
16139,1045,2024-10-01,39.0,Paid
16140,1045,2024-11-01,39.0,Paid
16141,1045,2024-12-01,39.0,Paid
16142,1045,2025-01-01,39.0,Paid
16143,1045,2025-02-01,39.0,Paid
16144,1045,2025-03-01,39.0,Paid
16145,1045,2025-04-01,39.0,Paid
16146,1045,2025-05-01,39.0,Paid
16147,1045,2025-06-01,39.0,Failed
16148,1045,2025-07-01,39.0,Paid
16149,1045,2025-08-01,39.0,Paid
16150,1045,2025-09-01,39.0,Paid
16151,1045,2025-10-01,39.0,Paid
16152,1045,2025-11-01,39.0,Paid
16153,1045,2025-12-01,39.0,Paid
16154,1045,2026-01-01,39.0,Paid
16155,1045,2026-02-01,39.0,Paid
16156,1045,2026-03-01,39.0,Paid
16157,1045,2026-04-01,39.0,Paid
16158,1045,2026-05-01,39.0,Paid
16159,1045,2026-06-01,39.0,Paid
16160,1045,2026-07-01,39.0,Paid
16161,1046,2024-08-01,64.0,Paid
16162,1046,2024-09-01,64.0,Paid
16163,1046,2024-10-01,64.0,Paid
16164,1046,2024-11-01,64.0,Paid
16165,1046,2024-12-01,64.0,Paid
16166,1046,2025-01-01,64.0,Paid
16167,1046,2025-02-01,64.0,Paid
16168,1046,2025-03-01,64.0,Failed
16169,1046,2025-04-01,64.0,Paid
16170,1046,2025-05-01,64.0,Paid
16171,1046,2025-06-01,64.0,Paid
16172,1046,2025-07-01,64.0,Paid
16173,1046,2025-08-01,64.0,Paid
16174,1046,2025-09-01,64.0,Paid
16175,1046,2025-10-01,64.0,Paid
16176,1046,2025-11-01,64.0,Paid
16177,1046,2025-12-01,64.0,Paid
16178,1046,2026-01-01,64.0,Paid
16179,1046,2026-02-01,64.0,Paid
16180,1046,2026-03-01,64.0,Failed
16181,1046,2026-04-01,64.0,Paid
16182,1047,2025-09-01,64.0,Paid
16183,1047,2025-10-01,64.0,Failed
16184,1047,2025-11-01,64.0,Paid
16185,1047,2025-12-01,64.0,Paid
16186,1047,2026-01-01,64.0,Paid
16187,1047,2026-02-01,64.0,Paid
16188,1047,2026-03-01,64.0,Paid
16189,1047,2026-04-01,64.0,Paid
16190,1047,2026-05-01,64.0,Paid
16191,1047,2026-06-01,64.0,Paid
16192,1047,2026-07-01,64.0,Paid
16193,1048,2025-05-01,64.0,Paid
16194,1048,2025-06-01,64.0,Paid
16195,1048,2025-07-01,64.0,Paid
16196,1048,2025-08-01,64.0,Paid
16197,1048,2025-09-01,64.0,Paid
16198,1048,2025-10-01,64.0,Paid
16199,1048,2025-11-01,64.0,Failed
16200,1048,2025-12-01,64.0,Failed
16201,1048,2026-01-01,64.0,Paid
16202,1048,2026-02-01,64.0,Paid
16203,1048,2026-03-01,64.0,Paid
16204,1048,2026-04-01,64.0,Paid
16205,1049,2025-04-01,45.0,Paid
16206,1049,2025-05-01,45.0,Paid
16207,1049,2025-06-01,45.0,Paid
16208,1049,2025-07-01,45.0,Paid
16209,1049,2025-08-01,45.0,Paid
16210,1049,2025-09-01,45.0,Paid
16211,1049,2025-10-01,45.0,Paid
16212,1049,2025-11-01,45.0,Paid
16213,1049,2025-12-01,45.0,Paid
16214,1049,2026-01-01,45.0,Paid
16215,1049,2026-02-01,45.0,Paid
16216,1049,2026-03-01,45.0,Paid
16217,1049,2026-04-01,45.0,Paid
16218,1049,2026-05-01,45.0,Failed
16219,1049,2026-06-01,45.0,Paid
16220,1049,2026-07-01,45.0,Paid
16221,1050,2024-04-01,45.0,Paid
16222,1050,2024-05-01,45.0,Failed
16223,1050,2024-06-01,45.0,Paid
16224,1050,2024-07-01,45.0,Paid
16225,1050,2024-08-01,45.0,Paid
16226,1050,2024-09-01,45.0,Paid
16227,1050,2024-10-01,45.0,Paid
16228,1050,2024-11-01,45.0,Paid
16229,1050,2024-12-01,45.0,Failed
16230,1050,2025-01-01,45.0,Paid
16231,1050,2025-02-01,45.0,Paid
16232,1050,2025-03-01,45.0,Paid
16233,1050,2025-04-01,45.0,Paid
16234,1050,2025-05-01,45.0,Paid
16235,1050,2025-06-01,45.0,Paid
16236,1050,2025-07-01,45.0,Paid
16237,1050,2025-08-01,45.0,Paid
16238,1050,2025-09-01,45.0,Paid
16239,1050,2025-10-01,45.0,Paid
16240,1050,2025-11-01,45.0,Paid
16241,1050,2025-12-01,45.0,Paid
16242,1050,2026-01-01,45.0,Paid
16243,1050,2026-02-01,45.0,Paid
16244,1050,2026-03-01,45.0,Paid
16245,1050,2026-04-01,45.0,Paid
16246,1050,2026-05-01,45.0,Paid
16247,1050,2026-06-01,45.0,Paid
16248,1050,2026-07-01,45.0,Paid
16249,1051,2025-08-01,45.0,Paid
16250,1051,2025-09-01,45.0,Paid
16251,1051,2025-10-01,45.0,Paid
16252,1051,2025-11-01,45.0,Paid
16253,1051,2025-12-01,45.0,Paid
16254,1051,2026-01-01,45.0,Paid
16255,1051,2026-02-01,45.0,Paid
16256,1051,2026-03-01,45.0,Paid
16257,1051,2026-04-01,45.0,Paid
16258,1051,2026-05-01,45.0,Paid
16259,1051,2026-06-01,45.0,Paid
16260,1051,2026-07-01,45.0,Paid
16261,1052,2024-07-01,56.0,Paid
16262,1052,2024-08-01,56.0,Paid
16263,1052,2024-09-01,56.0,Paid
16264,1052,2024-10-01,56.0,Paid
16265,1052,2024-11-01,56.0,Paid
16266,1052,2024-12-01,56.0,Paid
16267,1052,2025-01-01,56.0,Paid
16268,1052,2025-02-01,56.0,Paid
16269,1052,2025-03-01,56.0,Paid
16270,1052,2025-04-01,56.0,Failed
16271,1052,2025-05-01,56.0,Paid
16272,1052,2025-06-01,56.0,Paid
16273,1052,2025-07-01,56.0,Paid
16274,1052,2025-08-01,56.0,Paid
16275,1052,2025-09-01,56.0,Paid
16276,1052,2025-10-01,56.0,Paid
16277,1052,2025-11-01,56.0,Paid
16278,1052,2025-12-01,56.0,Paid
16279,1052,2026-01-01,56.0,Paid
16280,1052,2026-02-01,56.0,Paid
16281,1052,2026-03-01,56.0,Paid
16282,1052,2026-04-01,56.0,Paid
16283,1052,2026-05-01,56.0,Paid
16284,1052,2026-06-01,56.0,Paid
16285,1052,2026-07-01,56.0,Paid
16286,1053,2024-08-01,64.0,Paid
16287,1053,2024-09-01,64.0,Paid
16288,1053,2024-10-01,64.0,Paid
16289,1053,2024-11-01,64.0,Paid
16290,1053,2024-12-01,64.0,Paid
16291,1053,2025-01-01,64.0,Paid
16292,1053,2025-02-01,64.0,Paid
16293,1053,2025-03-01,64.0,Paid
16294,1053,2025-04-01,64.0,Paid
16295,1053,2025-05-01,64.0,Paid
16296,1053,2025-06-01,64.0,Paid
16297,1053,2025-07-01,64.0,Failed
16298,1053,2025-08-01,64.0,Paid
16299,1053,2025-09-01,64.0,Paid
16300,1053,2025-10-01,64.0,Paid
16301,1053,2025-11-01,64.0,Paid
16302,1053,2025-12-01,64.0,Paid
16303,1053,2026-01-01,64.0,Paid
16304,1053,2026-02-01,64.0,Paid
16305,1053,2026-03-01,64.0,Failed
16306,1053,2026-04-01,64.0,Paid
16307,1053,2026-05-01,64.0,Paid
16308,1053,2026-06-01,64.0,Paid
16309,1053,2026-07-01,64.0,Paid
16310,1054,2025-01-01,64.0,Paid
16311,1054,2025-02-01,64.0,Failed
16312,1054,2025-03-01,64.0,Paid
16313,1054,2025-04-01,64.0,Paid
16314,1054,2025-05-01,64.0,Paid
16315,1054,2025-06-01,64.0,Paid
16316,1054,2025-07-01,64.0,Paid
16317,1054,2025-08-01,64.0,Paid
16318,1054,2025-09-01,64.0,Paid
16319,1054,2025-10-01,64.0,Paid
16320,1054,2025-11-01,64.0,Paid
16321,1054,2025-12-01,64.0,Paid
16322,1054,2026-01-01,64.0,Paid
16323,1054,2026-02-01,64.0,Paid
16324,1054,2026-03-01,64.0,Paid
16325,1055,2024-03-01,45.0,Failed
16326,1055,2024-04-01,45.0,Paid
16327,1055,2024-05-01,45.0,Paid
16328,1055,2024-06-01,45.0,Paid
16329,1055,2024-07-01,45.0,Paid
16330,1055,2024-08-01,45.0,Paid
16331,1055,2024-09-01,45.0,Paid
16332,1055,2024-10-01,45.0,Paid
16333,1055,2024-11-01,45.0,Failed
16334,1055,2024-12-01,45.0,Paid
16335,1055,2025-01-01,45.0,Paid
16336,1055,2025-02-01,45.0,Paid
16337,1055,2025-03-01,45.0,Paid
16338,1055,2025-04-01,45.0,Paid
16339,1055,2025-05-01,45.0,Paid
16340,1055,2025-06-01,45.0,Paid
16341,1055,2025-07-01,45.0,Failed
16342,1055,2025-08-01,45.0,Paid
16343,1055,2025-09-01,45.0,Paid
16344,1055,2025-10-01,45.0,Paid
16345,1055,2025-11-01,45.0,Paid
16346,1055,2025-12-01,45.0,Paid
16347,1055,2026-01-01,45.0,Paid
16348,1055,2026-02-01,45.0,Paid
16349,1055,2026-03-01,45.0,Paid
16350,1055,2026-04-01,45.0,Paid
16351,1055,2026-05-01,45.0,Paid
16352,1055,2026-06-01,45.0,Paid
16353,1055,2026-07-01,45.0,Paid
16354,1056,2025-10-01,64.0,Paid
16355,1056,2025-11-01,64.0,Paid
16356,1056,2025-12-01,64.0,Paid
16357,1056,2026-01-01,64.0,Paid
16358,1056,2026-02-01,64.0,Paid
16359,1056,2026-03-01,64.0,Paid
16360,1056,2026-04-01,64.0,Paid
16361,1056,2026-05-01,64.0,Paid
16362,1056,2026-06-01,64.0,Paid
16363,1057,2026-04-01,39.0,Paid
16364,1057,2026-05-01,39.0,Paid
16365,1057,2026-06-01,39.0,Paid
16366,1057,2026-07-01,39.0,Failed
16367,1058,2025-11-01,45.0,Paid
16368,1058,2025-12-01,45.0,Paid
16369,1058,2026-01-01,45.0,Paid
16370,1058,2026-02-01,45.0,Paid
16371,1058,2026-03-01,45.0,Paid
16372,1058,2026-04-01,45.0,Paid
16373,1058,2026-05-01,45.0,Paid
16374,1058,2026-06-01,45.0,Paid
16375,1058,2026-07-01,45.0,Paid
16376,1059,2026-01-01,39.0,Paid
16377,1059,2026-02-01,39.0,Paid
16378,1059,2026-03-01,39.0,Paid
16379,1059,2026-04-01,39.0,Paid
16380,1059,2026-05-01,39.0,Paid
16381,1059,2026-06-01,39.0,Paid
16382,1060,2025-11-01,45.0,Paid
16383,1060,2025-12-01,45.0,Failed
16384,1060,2026-01-01,45.0,Paid
16385,1060,2026-02-01,45.0,Paid
16386,1060,2026-03-01,45.0,Paid
16387,1060,2026-04-01,45.0,Paid
16388,1060,2026-05-01,45.0,Paid
16389,1060,2026-06-01,45.0,Paid
16390,1060,2026-07-01,45.0,Paid
16391,1061,2026-06-01,45.0,Paid
16392,1061,2026-07-01,45.0,Paid
16393,1062,2024-12-01,39.0,Paid
16394,1062,2025-01-01,39.0,Paid
16395,1062,2025-02-01,39.0,Paid
16396,1062,2025-03-01,39.0,Paid
16397,1062,2025-04-01,39.0,Paid
16398,1062,2025-05-01,39.0,Paid
16399,1062,2025-06-01,39.0,Paid
16400,1062,2025-07-01,39.0,Paid
16401,1063,2024-02-01,64.0,Paid
16402,1063,2024-03-01,64.0,Paid
16403,1063,2024-04-01,64.0,Paid
16404,1063,2024-05-01,64.0,Paid
16405,1063,2024-06-01,64.0,Paid
16406,1063,2024-07-01,64.0,Paid
16407,1063,2024-08-01,64.0,Paid
16408,1063,2024-09-01,64.0,Paid
16409,1063,2024-10-01,64.0,Paid
16410,1063,2024-11-01,64.0,Paid
16411,1063,2024-12-01,64.0,Paid
16412,1063,2025-01-01,64.0,Failed
16413,1063,2025-02-01,64.0,Paid
16414,1063,2025-03-01,64.0,Paid
16415,1063,2025-04-01,64.0,Failed
16416,1063,2025-05-01,64.0,Paid
16417,1063,2025-06-01,64.0,Paid
16418,1063,2025-07-01,64.0,Paid
16419,1063,2025-08-01,64.0,Paid
16420,1063,2025-09-01,64.0,Paid
16421,1063,2025-10-01,64.0,Paid
16422,1063,2025-11-01,64.0,Paid
16423,1063,2025-12-01,64.0,Paid
16424,1063,2026-01-01,64.0,Paid
16425,1063,2026-02-01,64.0,Paid
16426,1063,2026-03-01,64.0,Paid
16427,1063,2026-04-01,64.0,Paid
16428,1063,2026-05-01,64.0,Paid
16429,1063,2026-06-01,64.0,Paid
16430,1063,2026-07-01,64.0,Paid
16431,1064,2024-01-01,45.0,Paid
16432,1064,2024-02-01,45.0,Paid
16433,1064,2024-03-01,45.0,Paid
16434,1064,2024-04-01,45.0,Failed
16435,1064,2024-05-01,45.0,Paid
16436,1064,2024-06-01,45.0,Paid
16437,1064,2024-07-01,45.0,Paid
16438,1064,2024-08-01,45.0,Paid
16439,1064,2024-09-01,45.0,Paid
16440,1064,2024-10-01,45.0,Paid
16441,1064,2024-11-01,45.0,Paid
16442,1064,2024-12-01,45.0,Paid
16443,1064,2025-01-01,45.0,Paid
16444,1064,2025-02-01,45.0,Paid
16445,1064,2025-03-01,45.0,Paid
16446,1064,2025-04-01,45.0,Paid
16447,1064,2025-05-01,45.0,Paid
16448,1064,2025-06-01,45.0,Paid
16449,1064,2025-07-01,45.0,Paid
16450,1064,2025-08-01,45.0,Failed
16451,1064,2025-09-01,45.0,Paid
16452,1064,2025-10-01,45.0,Paid
16453,1064,2025-11-01,45.0,Paid
16454,1064,2025-12-01,45.0,Paid
16455,1064,2026-01-01,45.0,Failed
16456,1064,2026-02-01,45.0,Paid
16457,1064,2026-03-01,45.0,Paid
16458,1064,2026-04-01,45.0,Paid
16459,1064,2026-05-01,45.0,Paid
16460,1064,2026-06-01,45.0,Paid
16461,1064,2026-07-01,45.0,Paid
16462,1065,2024-08-01,56.0,Paid
16463,1065,2024-09-01,56.0,Paid
16464,1065,2024-10-01,56.0,Paid
16465,1065,2024-11-01,56.0,Paid
16466,1065,2024-12-01,56.0,Paid
16467,1065,2025-01-01,56.0,Paid
16468,1065,2025-02-01,56.0,Paid
16469,1065,2025-03-01,56.0,Paid
16470,1065,2025-04-01,56.0,Paid
16471,1065,2025-05-01,56.0,Paid
16472,1065,2025-06-01,56.0,Paid
16473,1065,2025-07-01,56.0,Paid
16474,1065,2025-08-01,56.0,Paid
16475,1065,2025-09-01,56.0,Paid
16476,1065,2025-10-01,56.0,Paid
16477,1065,2025-11-01,56.0,Paid
16478,1065,2025-12-01,56.0,Paid
16479,1065,2026-01-01,56.0,Paid
16480,1065,2026-02-01,56.0,Paid
16481,1065,2026-03-01,56.0,Paid
16482,1065,2026-04-01,56.0,Paid
16483,1065,2026-05-01,56.0,Paid
16484,1065,2026-06-01,56.0,Paid
16485,1065,2026-07-01,56.0,Paid
16486,1066,2025-04-01,39.0,Paid
16487,1066,2025-05-01,39.0,Paid
16488,1066,2025-06-01,39.0,Paid
16489,1066,2025-07-01,39.0,Paid
16490,1066,2025-08-01,39.0,Paid
16491,1066,2025-09-01,39.0,Paid
16492,1066,2025-10-01,39.0,Paid
16493,1066,2025-11-01,39.0,Paid
16494,1066,2025-12-01,39.0,Paid
16495,1066,2026-01-01,39.0,Paid
16496,1066,2026-02-01,39.0,Paid
16497,1066,2026-03-01,39.0,Paid
16498,1066,2026-04-01,39.0,Paid
16499,1067,2025-02-01,39.0,Paid
16500,1067,2025-03-01,39.0,Paid
16501,1067,2025-04-01,39.0,Paid
16502,1067,2025-05-01,39.0,Paid
16503,1067,2025-06-01,39.0,Paid
16504,1067,2025-07-01,39.0,Paid
16505,1067,2025-08-01,39.0,Paid
16506,1067,2025-09-01,39.0,Paid
16507,1067,2025-10-01,39.0,Paid
16508,1067,2025-11-01,39.0,Paid
16509,1067,2025-12-01,39.0,Paid
16510,1067,2026-01-01,39.0,Paid
16511,1067,2026-02-01,39.0,Paid
16512,1067,2026-03-01,39.0,Paid
16513,1067,2026-04-01,39.0,Paid
16514,1067,2026-05-01,39.0,Paid
16515,1067,2026-06-01,39.0,Paid
16516,1067,2026-07-01,39.0,Paid
16517,1068,2025-04-01,39.0,Paid
16518,1068,2025-05-01,39.0,Paid
16519,1068,2025-06-01,39.0,Paid
16520,1068,2025-07-01,39.0,Paid
16521,1068,2025-08-01,39.0,Paid
16522,1068,2025-09-01,39.0,Paid
16523,1068,2025-10-01,39.0,Paid
16524,1068,2025-11-01,39.0,Paid
16525,1068,2025-12-01,39.0,Paid
16526,1068,2026-01-01,39.0,Paid
16527,1068,2026-02-01,39.0,Paid
16528,1068,2026-03-01,39.0,Paid
16529,1068,2026-04-01,39.0,Paid
16530,1068,2026-05-01,39.0,Paid
16531,1068,2026-06-01,39.0,Paid
16532,1068,2026-07-01,39.0,Paid
16533,1069,2024-10-01,64.0,Paid
16534,1069,2024-11-01,64.0,Paid
16535,1069,2024-12-01,64.0,Paid
16536,1069,2025-01-01,64.0,Paid
16537,1069,2025-02-01,64.0,Paid
16538,1069,2025-03-01,64.0,Paid
16539,1069,2025-04-01,64.0,Paid
16540,1069,2025-05-01,64.0,Paid
16541,1069,2025-06-01,64.0,Paid
16542,1069,2025-07-01,64.0,Paid
16543,1069,2025-08-01,64.0,Paid
16544,1069,2025-09-01,64.0,Paid
16545,1069,2025-10-01,64.0,Paid
16546,1069,2025-11-01,64.0,Paid
16547,1069,2025-12-01,64.0,Paid
16548,1069,2026-01-01,64.0,Paid
16549,1069,2026-02-01,64.0,Paid
16550,1069,2026-03-01,64.0,Paid
16551,1069,2026-04-01,64.0,Paid
16552,1069,2026-05-01,64.0,Paid
16553,1069,2026-06-01,64.0,Paid
16554,1069,2026-07-01,64.0,Paid
16555,1070,2025-01-01,64.0,Paid
16556,1070,2025-02-01,64.0,Paid
16557,1070,2025-03-01,64.0,Paid
16558,1070,2025-04-01,64.0,Paid
16559,1070,2025-05-01,64.0,Paid
16560,1070,2025-06-01,64.0,Paid
16561,1070,2025-07-01,64.0,Paid
16562,1070,2025-08-01,64.0,Failed
16563,1070,2025-09-01,64.0,Failed
16564,1071,2024-04-01,45.0,Paid
16565,1071,2024-05-01,45.0,Paid
16566,1071,2024-06-01,45.0,Paid
16567,1071,2024-07-01,45.0,Paid
16568,1071,2024-08-01,45.0,Paid
16569,1071,2024-09-01,45.0,Paid
16570,1071,2024-10-01,45.0,Paid
16571,1071,2024-11-01,45.0,Paid
16572,1071,2024-12-01,45.0,Paid
16573,1071,2025-01-01,45.0,Paid
16574,1071,2025-02-01,45.0,Paid
16575,1071,2025-03-01,45.0,Failed
16576,1071,2025-04-01,45.0,Paid
16577,1071,2025-05-01,45.0,Paid
16578,1071,2025-06-01,45.0,Paid
16579,1071,2025-07-01,45.0,Paid
16580,1071,2025-08-01,45.0,Paid
16581,1071,2025-09-01,45.0,Paid
16582,1071,2025-10-01,45.0,Paid
16583,1071,2025-11-01,45.0,Paid
16584,1071,2025-12-01,45.0,Failed
16585,1071,2026-01-01,45.0,Paid
16586,1071,2026-02-01,45.0,Paid
16587,1071,2026-03-01,45.0,Paid
16588,1071,2026-04-01,45.0,Failed
16589,1071,2026-05-01,45.0,Paid
16590,1071,2026-06-01,45.0,Paid
16591,1071,2026-07-01,45.0,Paid
16592,1072,2025-10-01,64.0,Paid
16593,1072,2025-11-01,64.0,Paid
16594,1072,2025-12-01,64.0,Paid
16595,1072,2026-01-01,64.0,Paid
16596,1072,2026-02-01,64.0,Paid
16597,1072,2026-03-01,64.0,Failed
16598,1072,2026-04-01,64.0,Paid
16599,1072,2026-05-01,64.0,Paid
16600,1072,2026-06-01,64.0,Paid
16601,1072,2026-07-01,64.0,Paid
16602,1073,2024-03-01,64.0,Paid
16603,1073,2024-04-01,64.0,Paid
16604,1073,2024-05-01,64.0,Paid
16605,1073,2024-06-01,64.0,Paid
16606,1073,2024-07-01,64.0,Paid
16607,1073,2024-08-01,64.0,Paid
16608,1073,2024-09-01,64.0,Paid
16609,1073,2024-10-01,64.0,Failed
16610,1073,2024-11-01,64.0,Paid
16611,1073,2024-12-01,64.0,Paid
16612,1073,2025-01-01,64.0,Paid
16613,1073,2025-02-01,64.0,Paid
16614,1073,2025-03-01,64.0,Paid
16615,1073,2025-04-01,64.0,Paid
16616,1073,2025-05-01,64.0,Paid
16617,1073,2025-06-01,64.0,Paid
16618,1073,2025-07-01,64.0,Paid
16619,1073,2025-08-01,64.0,Paid
16620,1073,2025-09-01,64.0,Paid
16621,1073,2025-10-01,64.0,Paid
16622,1073,2025-11-01,64.0,Paid
16623,1073,2025-12-01,64.0,Paid
16624,1073,2026-01-01,64.0,Paid
16625,1073,2026-02-01,64.0,Paid
16626,1073,2026-03-01,64.0,Paid
16627,1073,2026-04-01,64.0,Paid
16628,1073,2026-05-01,64.0,Paid
16629,1073,2026-06-01,64.0,Failed
16630,1073,2026-07-01,64.0,Paid
16631,1074,2024-04-01,45.0,Paid
16632,1074,2024-05-01,45.0,Paid
16633,1074,2024-06-01,45.0,Paid
16634,1074,2024-07-01,45.0,Paid
16635,1074,2024-08-01,45.0,Paid
16636,1074,2024-09-01,45.0,Paid
16637,1074,2024-10-01,45.0,Paid
16638,1074,2024-11-01,45.0,Paid
16639,1074,2024-12-01,45.0,Paid
16640,1074,2025-01-01,45.0,Paid
16641,1074,2025-02-01,45.0,Paid
16642,1074,2025-03-01,45.0,Paid
16643,1074,2025-04-01,45.0,Paid
16644,1074,2025-05-01,45.0,Paid
16645,1074,2025-06-01,45.0,Failed
16646,1074,2025-07-01,45.0,Paid
16647,1074,2025-08-01,45.0,Paid
16648,1074,2025-09-01,45.0,Paid
16649,1074,2025-10-01,45.0,Paid
16650,1074,2025-11-01,45.0,Paid
16651,1074,2025-12-01,45.0,Paid
16652,1074,2026-01-01,45.0,Failed
16653,1074,2026-02-01,45.0,Paid
16654,1074,2026-03-01,45.0,Paid
16655,1074,2026-04-01,45.0,Failed
16656,1074,2026-05-01,45.0,Paid
16657,1074,2026-06-01,45.0,Paid
16658,1074,2026-07-01,45.0,Paid
16659,1075,2025-06-01,64.0,Paid
16660,1075,2025-07-01,64.0,Paid
16661,1075,2025-08-01,64.0,Paid
16662,1075,2025-09-01,64.0,Paid
16663,1075,2025-10-01,64.0,Paid
16664,1075,2025-11-01,64.0,Paid
16665,1075,2025-12-01,64.0,Paid
16666,1075,2026-01-01,64.0,Failed
16667,1075,2026-02-01,64.0,Paid
16668,1075,2026-03-01,64.0,Failed
16669,1075,2026-04-01,64.0,Paid
16670,1075,2026-05-01,64.0,Paid
16671,1075,2026-06-01,64.0,Paid
16672,1075,2026-07-01,64.0,Paid
16673,1076,2024-06-01,39.0,Failed
16674,1076,2024-07-01,39.0,Paid
16675,1076,2024-08-01,39.0,Paid
16676,1076,2024-09-01,39.0,Paid
16677,1076,2024-10-01,39.0,Paid
16678,1076,2024-11-01,39.0,Paid
16679,1076,2024-12-01,39.0,Paid
16680,1076,2025-01-01,39.0,Paid
16681,1076,2025-02-01,39.0,Paid
16682,1076,2025-03-01,39.0,Paid
16683,1076,2025-04-01,39.0,Paid
16684,1076,2025-05-01,39.0,Paid
16685,1076,2025-06-01,39.0,Paid
16686,1076,2025-07-01,39.0,Paid
16687,1076,2025-08-01,39.0,Paid
16688,1076,2025-09-01,39.0,Paid
16689,1076,2025-10-01,39.0,Paid
16690,1076,2025-11-01,39.0,Paid
16691,1076,2025-12-01,39.0,Paid
16692,1076,2026-01-01,39.0,Failed
16693,1076,2026-02-01,39.0,Paid
16694,1076,2026-03-01,39.0,Paid
16695,1076,2026-04-01,39.0,Paid
16696,1076,2026-05-01,39.0,Paid
16697,1076,2026-06-01,39.0,Paid
16698,1076,2026-07-01,39.0,Paid
16699,1077,2026-05-01,64.0,Paid
16700,1077,2026-06-01,64.0,Paid
16701,1077,2026-07-01,64.0,Paid
16702,1078,2025-02-01,64.0,Paid
16703,1078,2025-03-01,64.0,Paid
16704,1078,2025-04-01,64.0,Paid
16705,1078,2025-05-01,64.0,Paid
16706,1078,2025-06-01,64.0,Paid
16707,1078,2025-07-01,64.0,Paid
16708,1078,2025-08-01,64.0,Paid
16709,1078,2025-09-01,64.0,Paid
16710,1078,2025-10-01,64.0,Failed
16711,1078,2025-11-01,64.0,Paid
16712,1078,2025-12-01,64.0,Paid
16713,1078,2026-01-01,64.0,Paid
16714,1078,2026-02-01,64.0,Paid
16715,1078,2026-03-01,64.0,Paid
16716,1078,2026-04-01,64.0,Paid
16717,1078,2026-05-01,64.0,Paid
16718,1078,2026-06-01,64.0,Paid
16719,1078,2026-07-01,64.0,Paid
16720,1079,2026-04-01,56.0,Paid
16721,1079,2026-05-01,56.0,Paid
16722,1079,2026-06-01,56.0,Failed
16723,1079,2026-07-01,56.0,Paid
16724,1080,2025-12-01,45.0,Failed
16725,1080,2026-01-01,45.0,Paid
16726,1080,2026-02-01,45.0,Paid
16727,1080,2026-03-01,45.0,Paid
16728,1080,2026-04-01,45.0,Paid
16729,1080,2026-05-01,45.0,Paid
16730,1080,2026-06-01,45.0,Paid
16731,1080,2026-07-01,45.0,Paid
16732,1081,2025-02-01,64.0,Paid
16733,1081,2025-03-01,64.0,Paid
16734,1081,2025-04-01,64.0,Paid
16735,1081,2025-05-01,64.0,Paid
16736,1081,2025-06-01,64.0,Failed
16737,1081,2025-07-01,64.0,Failed
16738,1081,2025-08-01,64.0,Paid
16739,1081,2025-09-01,64.0,Paid
16740,1081,2025-10-01,64.0,Paid
16741,1081,2025-11-01,64.0,Paid
16742,1081,2025-12-01,64.0,Paid
16743,1081,2026-01-01,64.0,Paid
16744,1081,2026-02-01,64.0,Paid
16745,1081,2026-03-01,64.0,Paid
16746,1081,2026-04-01,64.0,Paid
16747,1081,2026-05-01,64.0,Paid
16748,1081,2026-06-01,64.0,Paid
16749,1081,2026-07-01,64.0,Paid
16750,1082,2026-01-01,39.0,Paid
16751,1082,2026-02-01,39.0,Paid
16752,1082,2026-03-01,39.0,Paid
16753,1082,2026-04-01,39.0,Paid
16754,1082,2026-05-01,39.0,Paid
16755,1082,2026-06-01,39.0,Paid
16756,1082,2026-07-01,39.0,Paid
16757,1083,2026-05-01,56.0,Paid
16758,1083,2026-06-01,56.0,Paid
16759,1083,2026-07-01,56.0,Paid
16760,1084,2025-04-01,45.0,Paid
16761,1084,2025-05-01,45.0,Paid
16762,1084,2025-06-01,45.0,Paid
16763,1084,2025-07-01,45.0,Failed
16764,1084,2025-08-01,45.0,Paid
16765,1084,2025-09-01,45.0,Paid
16766,1084,2025-10-01,45.0,Paid
16767,1084,2025-11-01,45.0,Paid
16768,1084,2025-12-01,45.0,Paid
16769,1084,2026-01-01,45.0,Paid
16770,1084,2026-02-01,45.0,Paid
16771,1084,2026-03-01,45.0,Paid
16772,1084,2026-04-01,45.0,Paid
16773,1084,2026-05-01,45.0,Paid
16774,1084,2026-06-01,45.0,Paid
16775,1084,2026-07-01,45.0,Paid
16776,1085,2025-08-01,64.0,Paid
16777,1085,2025-09-01,64.0,Paid
16778,1085,2025-10-01,64.0,Paid
16779,1085,2025-11-01,64.0,Paid
16780,1085,2025-12-01,64.0,Paid
16781,1085,2026-01-01,64.0,Paid
16782,1085,2026-02-01,64.0,Paid
16783,1085,2026-03-01,64.0,Paid
16784,1085,2026-04-01,64.0,Paid
16785,1085,2026-05-01,64.0,Paid
16786,1085,2026-06-01,64.0,Failed
16787,1085,2026-07-01,64.0,Paid
16788,1086,2026-03-01,64.0,Paid
16789,1086,2026-04-01,64.0,Paid
16790,1086,2026-05-01,64.0,Paid
16791,1086,2026-06-01,64.0,Failed
16792,1086,2026-07-01,64.0,Failed
16793,1087,2024-02-01,64.0,Paid
16794,1087,2024-03-01,64.0,Paid
16795,1087,2024-04-01,64.0,Paid
16796,1087,2024-05-01,64.0,Paid
16797,1087,2024-06-01,64.0,Paid
16798,1087,2024-07-01,64.0,Paid
16799,1087,2024-08-01,64.0,Paid
16800,1087,2024-09-01,64.0,Paid
16801,1087,2024-10-01,64.0,Paid
16802,1087,2024-11-01,64.0,Paid
16803,1087,2024-12-01,64.0,Failed
16804,1087,2025-01-01,64.0,Failed
16805,1087,2025-02-01,64.0,Paid
16806,1087,2025-03-01,64.0,Failed
16807,1087,2025-04-01,64.0,Paid
16808,1087,2025-05-01,64.0,Paid
16809,1087,2025-06-01,64.0,Paid
16810,1087,2025-07-01,64.0,Paid
16811,1087,2025-08-01,64.0,Paid
16812,1087,2025-09-01,64.0,Paid
16813,1087,2025-10-01,64.0,Paid
16814,1087,2025-11-01,64.0,Paid
16815,1087,2025-12-01,64.0,Paid
16816,1087,2026-01-01,64.0,Paid
16817,1087,2026-02-01,64.0,Paid
16818,1087,2026-03-01,64.0,Paid
16819,1087,2026-04-01,64.0,Paid
16820,1087,2026-05-01,64.0,Paid
16821,1087,2026-06-01,64.0,Paid
16822,1087,2026-07-01,64.0,Paid
16823,1088,2024-08-01,64.0,Paid
16824,1088,2024-09-01,64.0,Failed
16825,1088,2024-10-01,64.0,Paid
16826,1088,2024-11-01,64.0,Paid
16827,1088,2024-12-01,64.0,Paid
16828,1088,2025-01-01,64.0,Paid
16829,1088,2025-02-01,64.0,Paid
16830,1088,2025-03-01,64.0,Paid
16831,1088,2025-04-01,64.0,Paid
16832,1088,2025-05-01,64.0,Paid
16833,1088,2025-06-01,64.0,Paid
16834,1088,2025-07-01,64.0,Paid
16835,1088,2025-08-01,64.0,Paid
16836,1088,2025-09-01,64.0,Paid
16837,1088,2025-10-01,64.0,Paid
16838,1088,2025-11-01,64.0,Paid
16839,1088,2025-12-01,64.0,Paid
16840,1088,2026-01-01,64.0,Paid
16841,1088,2026-02-01,64.0,Paid
16842,1088,2026-03-01,64.0,Paid
16843,1088,2026-04-01,64.0,Paid
16844,1088,2026-05-01,64.0,Failed
16845,1088,2026-06-01,64.0,Paid
16846,1088,2026-07-01,64.0,Paid
16847,1089,2026-06-01,56.0,Paid
16848,1089,2026-07-01,56.0,Paid
16849,1090,2025-06-01,64.0,Paid
16850,1090,2025-07-01,64.0,Paid
16851,1090,2025-08-01,64.0,Paid
16852,1090,2025-09-01,64.0,Paid
16853,1090,2025-10-01,64.0,Paid
16854,1090,2025-11-01,64.0,Paid
16855,1090,2025-12-01,64.0,Paid
16856,1090,2026-01-01,64.0,Paid
16857,1090,2026-02-01,64.0,Paid
16858,1090,2026-03-01,64.0,Paid
16859,1090,2026-04-01,64.0,Paid
16860,1090,2026-05-01,64.0,Paid
16861,1090,2026-06-01,64.0,Paid
16862,1090,2026-07-01,64.0,Paid
16863,1091,2024-04-01,39.0,Paid
16864,1091,2024-05-01,39.0,Paid
16865,1091,2024-06-01,39.0,Paid
16866,1091,2024-07-01,39.0,Paid
16867,1091,2024-08-01,39.0,Paid
16868,1091,2024-09-01,39.0,Paid
16869,1091,2024-10-01,39.0,Paid
16870,1091,2024-11-01,39.0,Paid
16871,1092,2026-02-01,64.0,Paid
16872,1092,2026-03-01,64.0,Paid
16873,1092,2026-04-01,64.0,Paid
16874,1092,2026-05-01,64.0,Paid
16875,1092,2026-06-01,64.0,Paid
16876,1092,2026-07-01,64.0,Paid
16877,1093,2026-02-01,64.0,Failed
16878,1093,2026-03-01,64.0,Failed
16879,1094,2024-05-01,56.0,Paid
16880,1094,2024-06-01,56.0,Paid
16881,1094,2024-07-01,56.0,Paid
16882,1094,2024-08-01,56.0,Paid
16883,1094,2024-09-01,56.0,Paid
16884,1094,2024-10-01,56.0,Paid
16885,1094,2024-11-01,56.0,Paid
16886,1094,2024-12-01,56.0,Paid
16887,1094,2025-01-01,56.0,Paid
16888,1094,2025-02-01,56.0,Paid
16889,1094,2025-03-01,56.0,Paid
16890,1094,2025-04-01,56.0,Failed
16891,1094,2025-05-01,56.0,Paid
16892,1094,2025-06-01,56.0,Paid
16893,1094,2025-07-01,56.0,Paid
16894,1094,2025-08-01,56.0,Paid
16895,1094,2025-09-01,56.0,Paid
16896,1094,2025-10-01,56.0,Paid
16897,1094,2025-11-01,56.0,Paid
16898,1094,2025-12-01,56.0,Paid
16899,1094,2026-01-01,56.0,Paid
16900,1094,2026-02-01,56.0,Paid
16901,1094,2026-03-01,56.0,Paid
16902,1094,2026-04-01,56.0,Paid
16903,1094,2026-05-01,56.0,Paid
16904,1094,2026-06-01,56.0,Paid
16905,1094,2026-07-01,56.0,Paid
16906,1095,2026-06-01,45.0,Paid
16907,1095,2026-07-01,45.0,Paid
16908,1096,2025-08-01,45.0,Paid
16909,1096,2025-09-01,45.0,Paid
16910,1096,2025-10-01,45.0,Failed
16911,1096,2025-11-01,45.0,Paid
16912,1096,2025-12-01,45.0,Paid
16913,1096,2026-01-01,45.0,Paid
16914,1096,2026-02-01,45.0,Paid
16915,1096,2026-03-01,45.0,Paid
16916,1096,2026-04-01,45.0,Paid
16917,1096,2026-05-01,45.0,Paid
16918,1096,2026-06-01,45.0,Paid
16919,1096,2026-07-01,45.0,Paid
16920,1097,2025-08-01,45.0,Paid
16921,1097,2025-09-01,45.0,Paid
16922,1097,2025-10-01,45.0,Paid
16923,1097,2025-11-01,45.0,Paid
16924,1097,2025-12-01,45.0,Paid
16925,1097,2026-01-01,45.0,Paid
16926,1097,2026-02-01,45.0,Paid
16927,1097,2026-03-01,45.0,Paid
16928,1097,2026-04-01,45.0,Paid
16929,1097,2026-05-01,45.0,Failed
16930,1097,2026-06-01,45.0,Paid
16931,1097,2026-07-01,45.0,Paid
16932,1098,2025-03-01,64.0,Paid
16933,1098,2025-04-01,64.0,Paid
16934,1098,2025-05-01,64.0,Paid
16935,1098,2025-06-01,64.0,Paid
16936,1098,2025-07-01,64.0,Paid
16937,1098,2025-08-01,64.0,Paid
16938,1098,2025-09-01,64.0,Paid
16939,1098,2025-10-01,64.0,Paid
16940,1098,2025-11-01,64.0,Paid
16941,1098,2025-12-01,64.0,Failed
16942,1098,2026-01-01,64.0,Failed
16943,1098,2026-02-01,64.0,Paid
16944,1098,2026-03-01,64.0,Paid
16945,1098,2026-04-01,64.0,Paid
16946,1098,2026-05-01,64.0,Paid
16947,1098,2026-06-01,64.0,Paid
16948,1098,2026-07-01,64.0,Paid
16949,1099,2025-04-01,64.0,Paid
16950,1099,2025-05-01,64.0,Paid
16951,1099,2025-06-01,64.0,Paid
16952,1099,2025-07-01,64.0,Paid
16953,1099,2025-08-01,64.0,Paid
16954,1099,2025-09-01,64.0,Paid
16955,1099,2025-10-01,64.0,Paid
16956,1099,2025-11-01,64.0,Paid
16957,1099,2025-12-01,64.0,Paid
16958,1099,2026-01-01,64.0,Paid
16959,1099,2026-02-01,64.0,Paid
16960,1099,2026-03-01,64.0,Paid
16961,1099,2026-04-01,64.0,Paid
16962,1099,2026-05-01,64.0,Paid
16963,1099,2026-06-01,64.0,Paid
16964,1099,2026-07-01,64.0,Paid
16965,1100,2024-02-01,64.0,Paid
16966,1100,2024-03-01,64.0,Paid
16967,1100,2024-04-01,64.0,Paid
16968,1100,2024-05-01,64.0,Paid
16969,1100,2024-06-01,64.0,Paid
16970,1100,2024-07-01,64.0,Paid
16971,1100,2024-08-01,64.0,Paid
16972,1100,2024-09-01,64.0,Paid
16973,1100,2024-10-01,64.0,Paid
16974,1100,2024-11-01,64.0,Paid
16975,1100,2024-12-01,64.0,Paid
16976,1100,2025-01-01,64.0,Paid
16977,1100,2025-02-01,64.0,Paid
16978,1100,2025-03-01,64.0,Paid
16979,1100,2025-04-01,64.0,Paid
16980,1100,2025-05-01,64.0,Paid
16981,1100,2025-06-01,64.0,Failed
16982,1100,2025-07-01,64.0,Failed
16983,1100,2025-08-01,64.0,Failed
16984,1100,2025-09-01,64.0,Paid
16985,1100,2025-10-01,64.0,Paid
16986,1100,2025-11-01,64.0,Paid
16987,1100,2025-12-01,64.0,Paid
16988,1100,2026-01-01,64.0,Paid
16989,1100,2026-02-01,64.0,Paid
16990,1100,2026-03-01,64.0,Paid
16991,1100,2026-04-01,64.0,Paid
16992,1100,2026-05-01,64.0,Paid
16993,1100,2026-06-01,64.0,Paid
16994,1100,2026-07-01,64.0,Failed
16995,1101,2025-09-01,39.0,Paid
16996,1101,2025-10-01,39.0,Paid
16997,1101,2025-11-01,39.0,Paid
16998,1101,2025-12-01,39.0,Paid
16999,1101,2026-01-01,39.0,Paid
17000,1101,2026-02-01,39.0,Paid
17001,1101,2026-03-01,39.0,Paid
17002,1101,2026-04-01,39.0,Paid
17003,1101,2026-05-01,39.0,Paid
17004,1101,2026-06-01,39.0,Paid
17005,1101,2026-07-01,39.0,Paid
17006,1102,2024-04-01,39.0,Paid
17007,1102,2024-05-01,39.0,Paid
17008,1102,2024-06-01,39.0,Paid
17009,1102,2024-07-01,39.0,Paid
17010,1102,2024-08-01,39.0,Paid
17011,1102,2024-09-01,39.0,Paid
17012,1102,2024-10-01,39.0,Paid
17013,1102,2024-11-01,39.0,Paid
17014,1102,2024-12-01,39.0,Paid
17015,1102,2025-01-01,39.0,Paid
17016,1102,2025-02-01,39.0,Paid
17017,1102,2025-03-01,39.0,Paid
17018,1102,2025-04-01,39.0,Paid
17019,1102,2025-05-01,39.0,Paid
17020,1102,2025-06-01,39.0,Paid
17021,1102,2025-07-01,39.0,Paid
17022,1102,2025-08-01,39.0,Paid
17023,1102,2025-09-01,39.0,Failed
17024,1102,2025-10-01,39.0,Paid
17025,1102,2025-11-01,39.0,Paid
17026,1102,2025-12-01,39.0,Paid
17027,1102,2026-01-01,39.0,Paid
17028,1102,2026-02-01,39.0,Paid
17029,1102,2026-03-01,39.0,Paid
17030,1102,2026-04-01,39.0,Paid
17031,1102,2026-05-01,39.0,Paid
17032,1102,2026-06-01,39.0,Paid
17033,1102,2026-07-01,39.0,Paid
17034,1103,2024-02-01,45.0,Paid
17035,1103,2024-03-01,45.0,Paid
17036,1103,2024-04-01,45.0,Paid
17037,1103,2024-05-01,45.0,Paid
17038,1103,2024-06-01,45.0,Paid
17039,1103,2024-07-01,45.0,Paid
17040,1104,2026-03-01,64.0,Paid
17041,1104,2026-04-01,64.0,Paid
17042,1104,2026-05-01,64.0,Paid
17043,1104,2026-06-01,64.0,Paid
17044,1105,2024-11-01,45.0,Paid
17045,1105,2024-12-01,45.0,Paid
17046,1105,2025-01-01,45.0,Paid
17047,1105,2025-02-01,45.0,Paid
17048,1105,2025-03-01,45.0,Paid
17049,1105,2025-04-01,45.0,Paid
17050,1105,2025-05-01,45.0,Paid
17051,1105,2025-06-01,45.0,Paid
17052,1105,2025-07-01,45.0,Paid
17053,1105,2025-08-01,45.0,Paid
17054,1105,2025-09-01,45.0,Paid
17055,1105,2025-10-01,45.0,Paid
17056,1105,2025-11-01,45.0,Paid
17057,1105,2025-12-01,45.0,Failed
17058,1105,2026-01-01,45.0,Paid
17059,1105,2026-02-01,45.0,Paid
17060,1105,2026-03-01,45.0,Paid
17061,1105,2026-04-01,45.0,Paid
17062,1105,2026-05-01,45.0,Paid
17063,1105,2026-06-01,45.0,Paid
17064,1105,2026-07-01,45.0,Paid
17065,1106,2024-03-01,64.0,Paid
17066,1106,2024-04-01,64.0,Paid
17067,1106,2024-05-01,64.0,Paid
17068,1106,2024-06-01,64.0,Paid
17069,1106,2024-07-01,64.0,Paid
17070,1106,2024-08-01,64.0,Paid
17071,1106,2024-09-01,64.0,Paid
17072,1106,2024-10-01,64.0,Paid
17073,1106,2024-11-01,64.0,Paid
17074,1106,2024-12-01,64.0,Paid
17075,1106,2025-01-01,64.0,Paid
17076,1106,2025-02-01,64.0,Paid
17077,1106,2025-03-01,64.0,Paid
17078,1106,2025-04-01,64.0,Paid
17079,1106,2025-05-01,64.0,Paid
17080,1106,2025-06-01,64.0,Failed
17081,1106,2025-07-01,64.0,Paid
17082,1106,2025-08-01,64.0,Paid
17083,1106,2025-09-01,64.0,Paid
17084,1106,2025-10-01,64.0,Paid
17085,1106,2025-11-01,64.0,Paid
17086,1106,2025-12-01,64.0,Paid
17087,1106,2026-01-01,64.0,Paid
17088,1106,2026-02-01,64.0,Paid
17089,1106,2026-03-01,64.0,Paid
17090,1106,2026-04-01,64.0,Paid
17091,1106,2026-05-01,64.0,Paid
17092,1106,2026-06-01,64.0,Paid
17093,1106,2026-07-01,64.0,Paid
17094,1107,2024-06-01,56.0,Paid
17095,1107,2024-07-01,56.0,Paid
17096,1107,2024-08-01,56.0,Paid
17097,1107,2024-09-01,56.0,Paid
17098,1107,2024-10-01,56.0,Paid
17099,1107,2024-11-01,56.0,Paid
17100,1107,2024-12-01,56.0,Paid
17101,1107,2025-01-01,56.0,Paid
17102,1107,2025-02-01,56.0,Paid
17103,1107,2025-03-01,56.0,Paid
17104,1107,2025-04-01,56.0,Paid
17105,1107,2025-05-01,56.0,Paid
17106,1107,2025-06-01,56.0,Paid
17107,1107,2025-07-01,56.0,Paid
17108,1107,2025-08-01,56.0,Paid
17109,1107,2025-09-01,56.0,Paid
17110,1107,2025-10-01,56.0,Paid
17111,1107,2025-11-01,56.0,Paid
17112,1107,2025-12-01,56.0,Paid
17113,1107,2026-01-01,56.0,Paid
17114,1107,2026-02-01,56.0,Paid
17115,1107,2026-03-01,56.0,Paid
17116,1107,2026-04-01,56.0,Paid
17117,1107,2026-05-01,56.0,Paid
17118,1107,2026-06-01,56.0,Paid
17119,1107,2026-07-01,56.0,Paid
17120,1108,2025-03-01,39.0,Paid
17121,1108,2025-04-01,39.0,Paid
17122,1108,2025-05-01,39.0,Failed
17123,1108,2025-06-01,39.0,Paid
17124,1108,2025-07-01,39.0,Paid
17125,1108,2025-08-01,39.0,Failed
17126,1108,2025-09-01,39.0,Paid
17127,1108,2025-10-01,39.0,Paid
17128,1108,2025-11-01,39.0,Paid
17129,1108,2025-12-01,39.0,Paid
17130,1108,2026-01-01,39.0,Paid
17131,1108,2026-02-01,39.0,Paid
17132,1108,2026-03-01,39.0,Paid
17133,1108,2026-04-01,39.0,Failed
17134,1108,2026-05-01,39.0,Paid
17135,1108,2026-06-01,39.0,Paid
17136,1108,2026-07-01,39.0,Paid
17137,1109,2026-04-01,64.0,Paid
17138,1109,2026-05-01,64.0,Paid
17139,1109,2026-06-01,64.0,Paid
17140,1109,2026-07-01,64.0,Paid
17141,1110,2025-05-01,56.0,Paid
17142,1110,2025-06-01,56.0,Paid
17143,1110,2025-07-01,56.0,Paid
17144,1110,2025-08-01,56.0,Paid
17145,1110,2025-09-01,56.0,Paid
17146,1110,2025-10-01,56.0,Paid
17147,1110,2025-11-01,56.0,Paid
17148,1110,2025-12-01,56.0,Paid
17149,1110,2026-01-01,56.0,Paid
17150,1110,2026-02-01,56.0,Paid
17151,1110,2026-03-01,56.0,Paid
17152,1110,2026-04-01,56.0,Paid
17153,1110,2026-05-01,56.0,Paid
17154,1110,2026-06-01,56.0,Paid
17155,1110,2026-07-01,56.0,Paid
17156,1111,2024-04-01,39.0,Paid
17157,1111,2024-05-01,39.0,Paid
17158,1111,2024-06-01,39.0,Paid
17159,1111,2024-07-01,39.0,Paid
17160,1111,2024-08-01,39.0,Paid
17161,1112,2024-03-01,56.0,Paid
17162,1112,2024-04-01,56.0,Paid
17163,1112,2024-05-01,56.0,Paid
17164,1112,2024-06-01,56.0,Paid
17165,1112,2024-07-01,56.0,Paid
17166,1112,2024-08-01,56.0,Paid
17167,1112,2024-09-01,56.0,Paid
17168,1112,2024-10-01,56.0,Paid
17169,1112,2024-11-01,56.0,Paid
17170,1112,2024-12-01,56.0,Paid
17171,1112,2025-01-01,56.0,Paid
17172,1112,2025-02-01,56.0,Paid
17173,1112,2025-03-01,56.0,Paid
17174,1112,2025-04-01,56.0,Paid
17175,1112,2025-05-01,56.0,Paid
17176,1112,2025-06-01,56.0,Paid
17177,1112,2025-07-01,56.0,Paid
17178,1112,2025-08-01,56.0,Paid
17179,1112,2025-09-01,56.0,Paid
17180,1112,2025-10-01,56.0,Paid
17181,1112,2025-11-01,56.0,Paid
17182,1112,2025-12-01,56.0,Paid
17183,1112,2026-01-01,56.0,Paid
17184,1112,2026-02-01,56.0,Paid
17185,1112,2026-03-01,56.0,Paid
17186,1112,2026-04-01,56.0,Paid
17187,1112,2026-05-01,56.0,Paid
17188,1112,2026-06-01,56.0,Paid
17189,1112,2026-07-01,56.0,Paid
17190,1113,2025-11-01,45.0,Paid
17191,1113,2025-12-01,45.0,Paid
17192,1113,2026-01-01,45.0,Paid
17193,1113,2026-02-01,45.0,Paid
17194,1113,2026-03-01,45.0,Paid
17195,1113,2026-04-01,45.0,Paid
17196,1113,2026-05-01,45.0,Paid
17197,1113,2026-06-01,45.0,Paid
17198,1113,2026-07-01,45.0,Paid
17199,1114,2025-12-01,64.0,Paid
17200,1114,2026-01-01,64.0,Paid
17201,1114,2026-02-01,64.0,Paid
17202,1114,2026-03-01,64.0,Paid
17203,1114,2026-04-01,64.0,Failed
17204,1114,2026-05-01,64.0,Paid
17205,1114,2026-06-01,64.0,Failed
17206,1114,2026-07-01,64.0,Paid
17207,1115,2025-04-01,56.0,Paid
17208,1115,2025-05-01,56.0,Paid
17209,1115,2025-06-01,56.0,Paid
17210,1115,2025-07-01,56.0,Paid
17211,1115,2025-08-01,56.0,Paid
17212,1115,2025-09-01,56.0,Paid
17213,1115,2025-10-01,56.0,Paid
17214,1115,2025-11-01,56.0,Paid
17215,1115,2025-12-01,56.0,Paid
17216,1115,2026-01-01,56.0,Paid
17217,1115,2026-02-01,56.0,Paid
17218,1115,2026-03-01,56.0,Paid
17219,1115,2026-04-01,56.0,Paid
17220,1115,2026-05-01,56.0,Paid
17221,1115,2026-06-01,56.0,Paid
17222,1115,2026-07-01,56.0,Paid
17223,1116,2024-07-01,64.0,Failed
17224,1116,2024-08-01,64.0,Paid
17225,1116,2024-09-01,64.0,Paid
17226,1116,2024-10-01,64.0,Paid
17227,1116,2024-11-01,64.0,Paid
17228,1117,2024-09-01,45.0,Paid
17229,1117,2024-10-01,45.0,Paid
17230,1117,2024-11-01,45.0,Paid
17231,1117,2024-12-01,45.0,Paid
17232,1117,2025-01-01,45.0,Failed
17233,1117,2025-02-01,45.0,Paid
17234,1117,2025-03-01,45.0,Paid
17235,1117,2025-04-01,45.0,Paid
17236,1117,2025-05-01,45.0,Paid
17237,1117,2025-06-01,45.0,Paid
17238,1117,2025-07-01,45.0,Paid
17239,1117,2025-08-01,45.0,Paid
17240,1117,2025-09-01,45.0,Paid
17241,1117,2025-10-01,45.0,Paid
17242,1117,2025-11-01,45.0,Paid
17243,1117,2025-12-01,45.0,Paid
17244,1117,2026-01-01,45.0,Paid
17245,1117,2026-02-01,45.0,Paid
17246,1117,2026-03-01,45.0,Paid
17247,1117,2026-04-01,45.0,Paid
17248,1117,2026-05-01,45.0,Paid
17249,1117,2026-06-01,45.0,Paid
17250,1117,2026-07-01,45.0,Failed
17251,1118,2026-04-01,45.0,Paid
17252,1118,2026-05-01,45.0,Paid
17253,1118,2026-06-01,45.0,Paid
17254,1118,2026-07-01,45.0,Paid
17255,1119,2024-12-01,64.0,Paid
17256,1119,2025-01-01,64.0,Paid
17257,1119,2025-02-01,64.0,Paid
17258,1119,2025-03-01,64.0,Paid
17259,1119,2025-04-01,64.0,Paid
17260,1119,2025-05-01,64.0,Paid
17261,1119,2025-06-01,64.0,Paid
17262,1119,2025-07-01,64.0,Paid
17263,1119,2025-08-01,64.0,Paid
17264,1119,2025-09-01,64.0,Paid
17265,1119,2025-10-01,64.0,Paid
17266,1119,2025-11-01,64.0,Failed
17267,1119,2025-12-01,64.0,Paid
17268,1120,2025-08-01,64.0,Paid
17269,1120,2025-09-01,64.0,Paid
17270,1120,2025-10-01,64.0,Paid
17271,1120,2025-11-01,64.0,Paid
17272,1120,2025-12-01,64.0,Paid
17273,1120,2026-01-01,64.0,Paid
17274,1120,2026-02-01,64.0,Paid
17275,1120,2026-03-01,64.0,Paid
17276,1121,2025-09-01,64.0,Paid
17277,1121,2025-10-01,64.0,Paid
17278,1121,2025-11-01,64.0,Paid
17279,1121,2025-12-01,64.0,Paid
17280,1121,2026-01-01,64.0,Paid
17281,1122,2024-12-01,39.0,Paid
17282,1122,2025-01-01,39.0,Paid
17283,1122,2025-02-01,39.0,Paid
17284,1122,2025-03-01,39.0,Paid
17285,1122,2025-04-01,39.0,Paid
17286,1122,2025-05-01,39.0,Paid
17287,1122,2025-06-01,39.0,Paid
17288,1122,2025-07-01,39.0,Paid
17289,1122,2025-08-01,39.0,Paid
17290,1122,2025-09-01,39.0,Failed
17291,1122,2025-10-01,39.0,Paid
17292,1122,2025-11-01,39.0,Paid
17293,1122,2025-12-01,39.0,Paid
17294,1122,2026-01-01,39.0,Paid
17295,1122,2026-02-01,39.0,Paid
17296,1122,2026-03-01,39.0,Paid
17297,1122,2026-04-01,39.0,Paid
17298,1122,2026-05-01,39.0,Paid
17299,1122,2026-06-01,39.0,Paid
17300,1122,2026-07-01,39.0,Paid
17301,1123,2025-05-01,56.0,Paid
17302,1123,2025-06-01,56.0,Paid
17303,1123,2025-07-01,56.0,Paid
17304,1123,2025-08-01,56.0,Paid
17305,1123,2025-09-01,56.0,Paid
17306,1123,2025-10-01,56.0,Paid
17307,1123,2025-11-01,56.0,Paid
17308,1123,2025-12-01,56.0,Failed
17309,1123,2026-01-01,56.0,Paid
17310,1123,2026-02-01,56.0,Paid
17311,1123,2026-03-01,56.0,Paid
17312,1123,2026-04-01,56.0,Paid
17313,1123,2026-05-01,56.0,Paid
17314,1123,2026-06-01,56.0,Paid
17315,1123,2026-07-01,56.0,Paid
17316,1124,2025-08-01,64.0,Paid
17317,1124,2025-09-01,64.0,Paid
17318,1124,2025-10-01,64.0,Failed
17319,1124,2025-11-01,64.0,Paid
17320,1124,2025-12-01,64.0,Paid
17321,1124,2026-01-01,64.0,Paid
17322,1124,2026-02-01,64.0,Paid
17323,1124,2026-03-01,64.0,Paid
17324,1124,2026-04-01,64.0,Paid
17325,1124,2026-05-01,64.0,Paid
17326,1124,2026-06-01,64.0,Paid
17327,1124,2026-07-01,64.0,Paid
17328,1125,2026-03-01,64.0,Failed
17329,1125,2026-04-01,64.0,Paid
17330,1125,2026-05-01,64.0,Paid
17331,1125,2026-06-01,64.0,Paid
17332,1125,2026-07-01,64.0,Failed
17333,1126,2024-04-01,45.0,Paid
17334,1126,2024-05-01,45.0,Paid
17335,1126,2024-06-01,45.0,Paid
17336,1126,2024-07-01,45.0,Paid
17337,1126,2024-08-01,45.0,Paid
17338,1126,2024-09-01,45.0,Paid
17339,1126,2024-10-01,45.0,Paid
17340,1126,2024-11-01,45.0,Paid
17341,1126,2024-12-01,45.0,Paid
17342,1126,2025-01-01,45.0,Paid
17343,1126,2025-02-01,45.0,Paid
17344,1126,2025-03-01,45.0,Paid
17345,1126,2025-04-01,45.0,Paid
17346,1126,2025-05-01,45.0,Paid
17347,1126,2025-06-01,45.0,Paid
17348,1126,2025-07-01,45.0,Paid
17349,1126,2025-08-01,45.0,Paid
17350,1126,2025-09-01,45.0,Paid
17351,1126,2025-10-01,45.0,Paid
17352,1126,2025-11-01,45.0,Paid
17353,1127,2025-10-01,39.0,Paid
17354,1127,2025-11-01,39.0,Paid
17355,1127,2025-12-01,39.0,Paid
17356,1127,2026-01-01,39.0,Paid
17357,1127,2026-02-01,39.0,Paid
17358,1128,2024-05-01,64.0,Paid
17359,1128,2024-06-01,64.0,Paid
17360,1128,2024-07-01,64.0,Paid
17361,1128,2024-08-01,64.0,Paid
17362,1128,2024-09-01,64.0,Paid
17363,1128,2024-10-01,64.0,Paid
17364,1128,2024-11-01,64.0,Paid
17365,1128,2024-12-01,64.0,Paid
17366,1128,2025-01-01,64.0,Paid
17367,1128,2025-02-01,64.0,Paid
17368,1128,2025-03-01,64.0,Paid
17369,1128,2025-04-01,64.0,Paid
17370,1128,2025-05-01,64.0,Failed
17371,1128,2025-06-01,64.0,Paid
17372,1128,2025-07-01,64.0,Paid
17373,1128,2025-08-01,64.0,Paid
17374,1128,2025-09-01,64.0,Failed
17375,1128,2025-10-01,64.0,Paid
17376,1128,2025-11-01,64.0,Paid
17377,1128,2025-12-01,64.0,Paid
17378,1128,2026-01-01,64.0,Failed
17379,1128,2026-02-01,64.0,Paid
17380,1128,2026-03-01,64.0,Paid
17381,1128,2026-04-01,64.0,Paid
17382,1128,2026-05-01,64.0,Paid
17383,1128,2026-06-01,64.0,Paid
17384,1128,2026-07-01,64.0,Paid
17385,1129,2026-04-01,45.0,Paid
17386,1129,2026-05-01,45.0,Paid
17387,1129,2026-06-01,45.0,Failed
17388,1129,2026-07-01,45.0,Paid
17389,1130,2026-02-01,56.0,Paid
17390,1130,2026-03-01,56.0,Paid
17391,1130,2026-04-01,56.0,Paid
17392,1130,2026-05-01,56.0,Paid
17393,1130,2026-06-01,56.0,Paid
17394,1130,2026-07-01,56.0,Paid
17395,1131,2025-11-01,64.0,Paid
17396,1131,2025-12-01,64.0,Paid
17397,1131,2026-01-01,64.0,Paid
17398,1132,2025-04-01,45.0,Paid
17399,1132,2025-05-01,45.0,Paid
17400,1132,2025-06-01,45.0,Paid
17401,1132,2025-07-01,45.0,Paid
17402,1132,2025-08-01,45.0,Paid
17403,1132,2025-09-01,45.0,Paid
17404,1132,2025-10-01,45.0,Paid
17405,1132,2025-11-01,45.0,Failed
17406,1132,2025-12-01,45.0,Paid
17407,1132,2026-01-01,45.0,Paid
17408,1132,2026-02-01,45.0,Paid
17409,1132,2026-03-01,45.0,Paid
17410,1132,2026-04-01,45.0,Paid
17411,1132,2026-05-01,45.0,Paid
17412,1132,2026-06-01,45.0,Paid
17413,1132,2026-07-01,45.0,Paid
17414,1133,2024-10-01,64.0,Paid
17415,1133,2024-11-01,64.0,Paid
17416,1133,2024-12-01,64.0,Paid
17417,1133,2025-01-01,64.0,Paid
17418,1133,2025-02-01,64.0,Paid
17419,1133,2025-03-01,64.0,Paid
17420,1133,2025-04-01,64.0,Paid
17421,1133,2025-05-01,64.0,Paid
17422,1133,2025-06-01,64.0,Paid
17423,1133,2025-07-01,64.0,Paid
17424,1133,2025-08-01,64.0,Paid
17425,1133,2025-09-01,64.0,Paid
17426,1133,2025-10-01,64.0,Paid
17427,1133,2025-11-01,64.0,Paid
17428,1133,2025-12-01,64.0,Failed
17429,1133,2026-01-01,64.0,Paid
17430,1133,2026-02-01,64.0,Paid
17431,1133,2026-03-01,64.0,Paid
17432,1133,2026-04-01,64.0,Paid
17433,1133,2026-05-01,64.0,Paid
17434,1133,2026-06-01,64.0,Paid
17435,1133,2026-07-01,64.0,Paid
17436,1134,2024-12-01,39.0,Paid
17437,1134,2025-01-01,39.0,Paid
17438,1134,2025-02-01,39.0,Paid
17439,1134,2025-03-01,39.0,Paid
17440,1134,2025-04-01,39.0,Paid
17441,1134,2025-05-01,39.0,Paid
17442,1134,2025-06-01,39.0,Paid
17443,1134,2025-07-01,39.0,Paid
17444,1134,2025-08-01,39.0,Paid
17445,1134,2025-09-01,39.0,Paid
17446,1134,2025-10-01,39.0,Paid
17447,1134,2025-11-01,39.0,Paid
17448,1134,2025-12-01,39.0,Paid
17449,1134,2026-01-01,39.0,Paid
17450,1134,2026-02-01,39.0,Paid
17451,1135,2024-10-01,45.0,Paid
17452,1135,2024-11-01,45.0,Paid
17453,1135,2024-12-01,45.0,Paid
17454,1135,2025-01-01,45.0,Paid
17455,1135,2025-02-01,45.0,Paid
17456,1135,2025-03-01,45.0,Paid
17457,1135,2025-04-01,45.0,Paid
17458,1135,2025-05-01,45.0,Paid
17459,1135,2025-06-01,45.0,Failed
17460,1135,2025-07-01,45.0,Failed
17461,1135,2025-08-01,45.0,Paid
17462,1135,2025-09-01,45.0,Paid
17463,1135,2025-10-01,45.0,Paid
17464,1135,2025-11-01,45.0,Paid
17465,1135,2025-12-01,45.0,Paid
17466,1135,2026-01-01,45.0,Paid
17467,1135,2026-02-01,45.0,Paid
17468,1135,2026-03-01,45.0,Paid
17469,1135,2026-04-01,45.0,Paid
17470,1135,2026-05-01,45.0,Paid
17471,1135,2026-06-01,45.0,Paid
17472,1135,2026-07-01,45.0,Paid
17473,1136,2024-11-01,64.0,Failed
17474,1136,2024-12-01,64.0,Failed
17475,1136,2025-01-01,64.0,Paid
17476,1136,2025-02-01,64.0,Paid
17477,1136,2025-03-01,64.0,Paid
17478,1136,2025-04-01,64.0,Paid
17479,1136,2025-05-01,64.0,Paid
17480,1136,2025-06-01,64.0,Paid
17481,1136,2025-07-01,64.0,Paid
17482,1136,2025-08-01,64.0,Paid
17483,1136,2025-09-01,64.0,Paid
17484,1136,2025-10-01,64.0,Failed
17485,1136,2025-11-01,64.0,Paid
17486,1136,2025-12-01,64.0,Paid
17487,1136,2026-01-01,64.0,Paid
17488,1136,2026-02-01,64.0,Paid
17489,1136,2026-03-01,64.0,Paid
17490,1136,2026-04-01,64.0,Paid
17491,1136,2026-05-01,64.0,Paid
17492,1136,2026-06-01,64.0,Paid
17493,1136,2026-07-01,64.0,Paid
17494,1137,2025-07-01,64.0,Paid
17495,1137,2025-08-01,64.0,Paid
17496,1137,2025-09-01,64.0,Failed
17497,1137,2025-10-01,64.0,Paid
17498,1137,2025-11-01,64.0,Paid
17499,1137,2025-12-01,64.0,Paid
17500,1137,2026-01-01,64.0,Paid
17501,1137,2026-02-01,64.0,Paid
17502,1137,2026-03-01,64.0,Paid
17503,1137,2026-04-01,64.0,Paid
17504,1137,2026-05-01,64.0,Paid
17505,1137,2026-06-01,64.0,Paid
17506,1137,2026-07-01,64.0,Paid
17507,1138,2025-09-01,45.0,Paid
17508,1138,2025-10-01,45.0,Failed
17509,1138,2025-11-01,45.0,Paid
17510,1138,2025-12-01,45.0,Paid
17511,1138,2026-01-01,45.0,Paid
17512,1138,2026-02-01,45.0,Paid
17513,1138,2026-03-01,45.0,Paid
17514,1138,2026-04-01,45.0,Paid
17515,1138,2026-05-01,45.0,Paid
17516,1138,2026-06-01,45.0,Paid
17517,1138,2026-07-01,45.0,Paid
17518,1139,2026-02-01,64.0,Paid
17519,1139,2026-03-01,64.0,Paid
17520,1139,2026-04-01,64.0,Paid
17521,1139,2026-05-01,64.0,Paid
17522,1139,2026-06-01,64.0,Paid
17523,1139,2026-07-01,64.0,Paid
17524,1140,2024-06-01,45.0,Paid
17525,1140,2024-07-01,45.0,Paid
17526,1140,2024-08-01,45.0,Paid
17527,1140,2024-09-01,45.0,Failed
17528,1140,2024-10-01,45.0,Paid
17529,1140,2024-11-01,45.0,Paid
17530,1140,2024-12-01,45.0,Paid
17531,1140,2025-01-01,45.0,Paid
17532,1140,2025-02-01,45.0,Paid
17533,1140,2025-03-01,45.0,Paid
17534,1140,2025-04-01,45.0,Paid
17535,1140,2025-05-01,45.0,Paid
17536,1140,2025-06-01,45.0,Paid
17537,1140,2025-07-01,45.0,Paid
17538,1140,2025-08-01,45.0,Paid
17539,1140,2025-09-01,45.0,Paid
17540,1140,2025-10-01,45.0,Paid
17541,1140,2025-11-01,45.0,Paid
17542,1140,2025-12-01,45.0,Paid
17543,1141,2024-06-01,56.0,Paid
17544,1141,2024-07-01,56.0,Paid
17545,1141,2024-08-01,56.0,Paid
17546,1141,2024-09-01,56.0,Paid
17547,1141,2024-10-01,56.0,Paid
17548,1141,2024-11-01,56.0,Paid
17549,1141,2024-12-01,56.0,Paid
17550,1141,2025-01-01,56.0,Paid
17551,1141,2025-02-01,56.0,Paid
17552,1141,2025-03-01,56.0,Paid
17553,1141,2025-04-01,56.0,Paid
17554,1141,2025-05-01,56.0,Paid
17555,1141,2025-06-01,56.0,Paid
17556,1141,2025-07-01,56.0,Paid
17557,1141,2025-08-01,56.0,Paid
17558,1141,2025-09-01,56.0,Failed
17559,1141,2025-10-01,56.0,Paid
17560,1141,2025-11-01,56.0,Paid
17561,1141,2025-12-01,56.0,Paid
17562,1141,2026-01-01,56.0,Paid
17563,1141,2026-02-01,56.0,Paid
17564,1141,2026-03-01,56.0,Paid
17565,1141,2026-04-01,56.0,Paid
17566,1141,2026-05-01,56.0,Paid
17567,1141,2026-06-01,56.0,Paid
17568,1141,2026-07-01,56.0,Paid
17569,1142,2025-10-01,56.0,Paid
17570,1142,2025-11-01,56.0,Paid
17571,1142,2025-12-01,56.0,Paid
17572,1142,2026-01-01,56.0,Paid
17573,1142,2026-02-01,56.0,Paid
17574,1142,2026-03-01,56.0,Paid
17575,1142,2026-04-01,56.0,Paid
17576,1142,2026-05-01,56.0,Paid
17577,1142,2026-06-01,56.0,Paid
17578,1142,2026-07-01,56.0,Paid
17579,1143,2024-03-01,39.0,Failed
17580,1143,2024-04-01,39.0,Paid
17581,1143,2024-05-01,39.0,Paid
17582,1143,2024-06-01,39.0,Paid
17583,1143,2024-07-01,39.0,Paid
17584,1143,2024-08-01,39.0,Paid
17585,1143,2024-09-01,39.0,Paid
17586,1143,2024-10-01,39.0,Paid
17587,1143,2024-11-01,39.0,Paid
17588,1143,2024-12-01,39.0,Paid
17589,1143,2025-01-01,39.0,Paid
17590,1143,2025-02-01,39.0,Paid
17591,1143,2025-03-01,39.0,Paid
17592,1143,2025-04-01,39.0,Paid
17593,1144,2024-02-01,39.0,Paid
17594,1144,2024-03-01,39.0,Paid
17595,1144,2024-04-01,39.0,Paid
17596,1144,2024-05-01,39.0,Paid
17597,1144,2024-06-01,39.0,Paid
17598,1144,2024-07-01,39.0,Paid
17599,1144,2024-08-01,39.0,Paid
17600,1144,2024-09-01,39.0,Paid
17601,1144,2024-10-01,39.0,Paid
17602,1144,2024-11-01,39.0,Paid
17603,1144,2024-12-01,39.0,Paid
17604,1144,2025-01-01,39.0,Paid
17605,1144,2025-02-01,39.0,Paid
17606,1144,2025-03-01,39.0,Paid
17607,1144,2025-04-01,39.0,Paid
17608,1144,2025-05-01,39.0,Paid
17609,1144,2025-06-01,39.0,Paid
17610,1144,2025-07-01,39.0,Failed
17611,1144,2025-08-01,39.0,Paid
17612,1144,2025-09-01,39.0,Failed
17613,1144,2025-10-01,39.0,Paid
17614,1144,2025-11-01,39.0,Failed
17615,1144,2025-12-01,39.0,Paid
17616,1144,2026-01-01,39.0,Paid
17617,1144,2026-02-01,39.0,Paid
17618,1144,2026-03-01,39.0,Paid
17619,1144,2026-04-01,39.0,Paid
17620,1144,2026-05-01,39.0,Paid
17621,1144,2026-06-01,39.0,Paid
17622,1144,2026-07-01,39.0,Paid
17623,1145,2024-09-01,64.0,Paid
17624,1145,2024-10-01,64.0,Failed
17625,1145,2024-11-01,64.0,Paid
17626,1145,2024-12-01,64.0,Paid
17627,1145,2025-01-01,64.0,Paid
17628,1145,2025-02-01,64.0,Paid
17629,1145,2025-03-01,64.0,Failed
17630,1145,2025-04-01,64.0,Paid
17631,1145,2025-05-01,64.0,Paid
17632,1145,2025-06-01,64.0,Paid
17633,1145,2025-07-01,64.0,Paid
17634,1145,2025-08-01,64.0,Paid
17635,1145,2025-09-01,64.0,Paid
17636,1145,2025-10-01,64.0,Paid
17637,1145,2025-11-01,64.0,Paid
17638,1145,2025-12-01,64.0,Paid
17639,1146,2024-02-01,64.0,Paid
17640,1146,2024-03-01,64.0,Paid
17641,1146,2024-04-01,64.0,Paid
17642,1146,2024-05-01,64.0,Paid
17643,1146,2024-06-01,64.0,Paid
17644,1146,2024-07-01,64.0,Paid
17645,1146,2024-08-01,64.0,Paid
17646,1146,2024-09-01,64.0,Paid
17647,1146,2024-10-01,64.0,Paid
17648,1146,2024-11-01,64.0,Paid
17649,1146,2024-12-01,64.0,Paid
17650,1146,2025-01-01,64.0,Paid
17651,1146,2025-02-01,64.0,Paid
17652,1146,2025-03-01,64.0,Paid
17653,1146,2025-04-01,64.0,Paid
17654,1146,2025-05-01,64.0,Paid
17655,1146,2025-06-01,64.0,Paid
17656,1146,2025-07-01,64.0,Paid
17657,1146,2025-08-01,64.0,Paid
17658,1146,2025-09-01,64.0,Paid
17659,1146,2025-10-01,64.0,Paid
17660,1146,2025-11-01,64.0,Paid
17661,1146,2025-12-01,64.0,Failed
17662,1146,2026-01-01,64.0,Paid
17663,1146,2026-02-01,64.0,Paid
17664,1146,2026-03-01,64.0,Paid
17665,1146,2026-04-01,64.0,Paid
17666,1146,2026-05-01,64.0,Paid
17667,1146,2026-06-01,64.0,Paid
17668,1146,2026-07-01,64.0,Paid
17669,1147,2025-10-01,64.0,Paid
17670,1147,2025-11-01,64.0,Paid
17671,1147,2025-12-01,64.0,Paid
17672,1147,2026-01-01,64.0,Paid
17673,1147,2026-02-01,64.0,Paid
17674,1148,2025-05-01,39.0,Paid
17675,1148,2025-06-01,39.0,Paid
17676,1148,2025-07-01,39.0,Paid
17677,1148,2025-08-01,39.0,Paid
17678,1148,2025-09-01,39.0,Paid
17679,1148,2025-10-01,39.0,Paid
17680,1148,2025-11-01,39.0,Paid
17681,1148,2025-12-01,39.0,Paid
17682,1148,2026-01-01,39.0,Paid
17683,1148,2026-02-01,39.0,Paid
17684,1148,2026-03-01,39.0,Paid
17685,1148,2026-04-01,39.0,Paid
17686,1148,2026-05-01,39.0,Paid
17687,1148,2026-06-01,39.0,Paid
17688,1148,2026-07-01,39.0,Paid
17689,1149,2024-12-01,45.0,Paid
17690,1149,2025-01-01,45.0,Paid
17691,1149,2025-02-01,45.0,Paid
17692,1149,2025-03-01,45.0,Paid
17693,1149,2025-04-01,45.0,Paid
17694,1149,2025-05-01,45.0,Paid
17695,1149,2025-06-01,45.0,Paid
17696,1149,2025-07-01,45.0,Paid
17697,1149,2025-08-01,45.0,Paid
17698,1149,2025-09-01,45.0,Paid
17699,1149,2025-10-01,45.0,Paid
17700,1149,2025-11-01,45.0,Paid
17701,1149,2025-12-01,45.0,Paid
17702,1149,2026-01-01,45.0,Failed
17703,1149,2026-02-01,45.0,Paid
17704,1149,2026-03-01,45.0,Paid
17705,1149,2026-04-01,45.0,Paid
17706,1149,2026-05-01,45.0,Paid
17707,1149,2026-06-01,45.0,Paid
17708,1149,2026-07-01,45.0,Paid
17709,1150,2025-02-01,45.0,Paid
17710,1150,2025-03-01,45.0,Paid
17711,1150,2025-04-01,45.0,Paid
17712,1150,2025-05-01,45.0,Paid
17713,1150,2025-06-01,45.0,Paid
17714,1150,2025-07-01,45.0,Paid
17715,1150,2025-08-01,45.0,Paid
17716,1150,2025-09-01,45.0,Paid
17717,1150,2025-10-01,45.0,Paid
17718,1150,2025-11-01,45.0,Paid
17719,1150,2025-12-01,45.0,Paid
17720,1150,2026-01-01,45.0,Failed
17721,1150,2026-02-01,45.0,Paid
17722,1150,2026-03-01,45.0,Paid
17723,1150,2026-04-01,45.0,Paid
17724,1150,2026-05-01,45.0,Paid
17725,1150,2026-06-01,45.0,Paid
17726,1150,2026-07-01,45.0,Paid
17727,1151,2026-02-01,64.0,Paid
17728,1151,2026-03-01,64.0,Paid
17729,1152,2026-05-01,64.0,Paid
17730,1152,2026-06-01,64.0,Paid
17731,1152,2026-07-01,64.0,Paid
17732,1153,2024-12-01,64.0,Paid
17733,1153,2025-01-01,64.0,Paid
17734,1153,2025-02-01,64.0,Paid
17735,1153,2025-03-01,64.0,Paid
17736,1153,2025-04-01,64.0,Paid
17737,1153,2025-05-01,64.0,Paid
17738,1153,2025-06-01,64.0,Paid
17739,1153,2025-07-01,64.0,Paid
17740,1153,2025-08-01,64.0,Paid
17741,1153,2025-09-01,64.0,Paid
17742,1153,2025-10-01,64.0,Failed
17743,1153,2025-11-01,64.0,Failed
17744,1153,2025-12-01,64.0,Paid
17745,1153,2026-01-01,64.0,Paid
17746,1153,2026-02-01,64.0,Paid
17747,1153,2026-03-01,64.0,Paid
17748,1153,2026-04-01,64.0,Paid
17749,1153,2026-05-01,64.0,Paid
17750,1153,2026-06-01,64.0,Paid
17751,1153,2026-07-01,64.0,Paid
17752,1154,2025-07-01,64.0,Paid
17753,1154,2025-08-01,64.0,Paid
17754,1154,2025-09-01,64.0,Paid
17755,1154,2025-10-01,64.0,Paid
17756,1154,2025-11-01,64.0,Paid
17757,1154,2025-12-01,64.0,Paid
17758,1154,2026-01-01,64.0,Paid
17759,1154,2026-02-01,64.0,Paid
17760,1155,2026-06-01,39.0,Paid
17761,1155,2026-07-01,39.0,Paid
17762,1156,2024-11-01,56.0,Paid
17763,1156,2024-12-01,56.0,Paid
17764,1156,2025-01-01,56.0,Paid
17765,1156,2025-02-01,56.0,Paid
17766,1156,2025-03-01,56.0,Paid
17767,1156,2025-04-01,56.0,Paid
17768,1156,2025-05-01,56.0,Paid
17769,1156,2025-06-01,56.0,Failed
17770,1156,2025-07-01,56.0,Paid
17771,1156,2025-08-01,56.0,Paid
17772,1156,2025-09-01,56.0,Paid
17773,1156,2025-10-01,56.0,Paid
17774,1156,2025-11-01,56.0,Paid
17775,1156,2025-12-01,56.0,Paid
17776,1156,2026-01-01,56.0,Paid
17777,1156,2026-02-01,56.0,Paid
17778,1156,2026-03-01,56.0,Paid
17779,1156,2026-04-01,56.0,Paid
17780,1156,2026-05-01,56.0,Paid
17781,1156,2026-06-01,56.0,Paid
17782,1156,2026-07-01,56.0,Paid
17783,1157,2024-04-01,56.0,Paid
17784,1157,2024-05-01,56.0,Paid
17785,1157,2024-06-01,56.0,Paid
17786,1157,2024-07-01,56.0,Paid
17787,1157,2024-08-01,56.0,Paid
17788,1157,2024-09-01,56.0,Paid
17789,1157,2024-10-01,56.0,Paid
17790,1157,2024-11-01,56.0,Paid
17791,1157,2024-12-01,56.0,Failed
17792,1157,2025-01-01,56.0,Paid
17793,1157,2025-02-01,56.0,Paid
17794,1157,2025-03-01,56.0,Paid
17795,1157,2025-04-01,56.0,Paid
17796,1157,2025-05-01,56.0,Paid
17797,1157,2025-06-01,56.0,Paid
17798,1157,2025-07-01,56.0,Paid
17799,1157,2025-08-01,56.0,Paid
17800,1157,2025-09-01,56.0,Paid
17801,1157,2025-10-01,56.0,Paid
17802,1157,2025-11-01,56.0,Paid
17803,1157,2025-12-01,56.0,Paid
17804,1157,2026-01-01,56.0,Paid
17805,1157,2026-02-01,56.0,Paid
17806,1157,2026-03-01,56.0,Paid
17807,1157,2026-04-01,56.0,Paid
17808,1157,2026-05-01,56.0,Paid
17809,1157,2026-06-01,56.0,Paid
17810,1157,2026-07-01,56.0,Paid
17811,1158,2025-05-01,39.0,Paid
17812,1158,2025-06-01,39.0,Paid
17813,1158,2025-07-01,39.0,Paid
17814,1158,2025-08-01,39.0,Paid
17815,1158,2025-09-01,39.0,Paid
17816,1158,2025-10-01,39.0,Paid
17817,1158,2025-11-01,39.0,Paid
17818,1158,2025-12-01,39.0,Paid
17819,1158,2026-01-01,39.0,Paid
17820,1158,2026-02-01,39.0,Paid
17821,1158,2026-03-01,39.0,Paid
17822,1158,2026-04-01,39.0,Paid
17823,1158,2026-05-01,39.0,Paid
17824,1158,2026-06-01,39.0,Paid
17825,1158,2026-07-01,39.0,Paid
17826,1159,2025-05-01,56.0,Paid
17827,1159,2025-06-01,56.0,Paid
17828,1159,2025-07-01,56.0,Paid
17829,1159,2025-08-01,56.0,Paid
17830,1159,2025-09-01,56.0,Paid
17831,1160,2026-03-01,56.0,Failed
17832,1160,2026-04-01,56.0,Paid
17833,1160,2026-05-01,56.0,Paid
17834,1160,2026-06-01,56.0,Paid
17835,1160,2026-07-01,56.0,Paid
17836,1161,2025-04-01,64.0,Paid
17837,1161,2025-05-01,64.0,Paid
17838,1161,2025-06-01,64.0,Paid
17839,1161,2025-07-01,64.0,Paid
17840,1161,2025-08-01,64.0,Failed
17841,1161,2025-09-01,64.0,Paid
17842,1161,2025-10-01,64.0,Paid
17843,1161,2025-11-01,64.0,Paid
17844,1162,2025-08-01,45.0,Paid
17845,1162,2025-09-01,45.0,Paid
17846,1162,2025-10-01,45.0,Paid
17847,1162,2025-11-01,45.0,Paid
17848,1162,2025-12-01,45.0,Paid
17849,1162,2026-01-01,45.0,Paid
17850,1162,2026-02-01,45.0,Paid
17851,1162,2026-03-01,45.0,Paid
17852,1162,2026-04-01,45.0,Paid
17853,1162,2026-05-01,45.0,Paid
17854,1162,2026-06-01,45.0,Paid
17855,1162,2026-07-01,45.0,Paid
17856,1163,2024-03-01,45.0,Paid
17857,1163,2024-04-01,45.0,Paid
17858,1163,2024-05-01,45.0,Failed
17859,1163,2024-06-01,45.0,Paid
17860,1163,2024-07-01,45.0,Paid
17861,1163,2024-08-01,45.0,Paid
17862,1163,2024-09-01,45.0,Paid
17863,1163,2024-10-01,45.0,Paid
17864,1163,2024-11-01,45.0,Paid
17865,1163,2024-12-01,45.0,Paid
17866,1163,2025-01-01,45.0,Paid
17867,1163,2025-02-01,45.0,Paid
17868,1163,2025-03-01,45.0,Paid
17869,1163,2025-04-01,45.0,Paid
17870,1163,2025-05-01,45.0,Paid
17871,1163,2025-06-01,45.0,Paid
17872,1163,2025-07-01,45.0,Failed
17873,1163,2025-08-01,45.0,Paid
17874,1163,2025-09-01,45.0,Paid
17875,1163,2025-10-01,45.0,Failed
17876,1163,2025-11-01,45.0,Paid
17877,1163,2025-12-01,45.0,Paid
17878,1163,2026-01-01,45.0,Paid
17879,1163,2026-02-01,45.0,Paid
17880,1163,2026-03-01,45.0,Paid
17881,1163,2026-04-01,45.0,Paid
17882,1163,2026-05-01,45.0,Failed
17883,1163,2026-06-01,45.0,Paid
17884,1163,2026-07-01,45.0,Paid
17885,1164,2024-04-01,64.0,Paid
17886,1164,2024-05-01,64.0,Paid
17887,1164,2024-06-01,64.0,Paid
17888,1164,2024-07-01,64.0,Paid
17889,1164,2024-08-01,64.0,Paid
17890,1164,2024-09-01,64.0,Paid
17891,1164,2024-10-01,64.0,Paid
17892,1164,2024-11-01,64.0,Failed
17893,1164,2024-12-01,64.0,Paid
17894,1164,2025-01-01,64.0,Paid
17895,1164,2025-02-01,64.0,Paid
17896,1164,2025-03-01,64.0,Paid
17897,1164,2025-04-01,64.0,Paid
17898,1164,2025-05-01,64.0,Paid
17899,1164,2025-06-01,64.0,Paid
17900,1164,2025-07-01,64.0,Paid
17901,1164,2025-08-01,64.0,Paid
17902,1164,2025-09-01,64.0,Paid
17903,1164,2025-10-01,64.0,Paid
17904,1164,2025-11-01,64.0,Failed
17905,1164,2025-12-01,64.0,Failed
17906,1164,2026-01-01,64.0,Paid
17907,1164,2026-02-01,64.0,Paid
17908,1164,2026-03-01,64.0,Paid
17909,1164,2026-04-01,64.0,Paid
17910,1164,2026-05-01,64.0,Paid
17911,1164,2026-06-01,64.0,Paid
17912,1164,2026-07-01,64.0,Paid
17913,1165,2025-11-01,64.0,Paid
17914,1165,2025-12-01,64.0,Paid
17915,1165,2026-01-01,64.0,Paid
17916,1165,2026-02-01,64.0,Paid
17917,1165,2026-03-01,64.0,Paid
17918,1165,2026-04-01,64.0,Paid
17919,1165,2026-05-01,64.0,Paid
17920,1166,2024-07-01,45.0,Paid
17921,1166,2024-08-01,45.0,Paid
17922,1166,2024-09-01,45.0,Paid
17923,1166,2024-10-01,45.0,Paid
17924,1166,2024-11-01,45.0,Paid
17925,1166,2024-12-01,45.0,Paid
17926,1166,2025-01-01,45.0,Paid
17927,1166,2025-02-01,45.0,Paid
17928,1166,2025-03-01,45.0,Paid
17929,1166,2025-04-01,45.0,Paid
17930,1166,2025-05-01,45.0,Paid
17931,1166,2025-06-01,45.0,Paid
17932,1166,2025-07-01,45.0,Paid
17933,1166,2025-08-01,45.0,Paid
17934,1166,2025-09-01,45.0,Paid
17935,1166,2025-10-01,45.0,Paid
17936,1166,2025-11-01,45.0,Paid
17937,1166,2025-12-01,45.0,Paid
17938,1166,2026-01-01,45.0,Paid
17939,1166,2026-02-01,45.0,Paid
17940,1166,2026-03-01,45.0,Paid
17941,1166,2026-04-01,45.0,Paid
17942,1166,2026-05-01,45.0,Paid
17943,1166,2026-06-01,45.0,Paid
17944,1166,2026-07-01,45.0,Paid
17945,1167,2024-01-01,64.0,Paid
17946,1167,2024-02-01,64.0,Paid
17947,1167,2024-03-01,64.0,Paid
17948,1167,2024-04-01,64.0,Paid
17949,1167,2024-05-01,64.0,Paid
17950,1167,2024-06-01,64.0,Failed
17951,1167,2024-07-01,64.0,Paid
17952,1167,2024-08-01,64.0,Paid
17953,1167,2024-09-01,64.0,Paid
17954,1167,2024-10-01,64.0,Paid
17955,1167,2024-11-01,64.0,Paid
17956,1167,2024-12-01,64.0,Paid
17957,1167,2025-01-01,64.0,Paid
17958,1167,2025-02-01,64.0,Paid
17959,1167,2025-03-01,64.0,Paid
17960,1167,2025-04-01,64.0,Paid
17961,1167,2025-05-01,64.0,Paid
17962,1167,2025-06-01,64.0,Paid
17963,1167,2025-07-01,64.0,Paid
17964,1167,2025-08-01,64.0,Paid
17965,1167,2025-09-01,64.0,Paid
17966,1167,2025-10-01,64.0,Paid
17967,1167,2025-11-01,64.0,Paid
17968,1167,2025-12-01,64.0,Paid
17969,1167,2026-01-01,64.0,Paid
17970,1167,2026-02-01,64.0,Paid
17971,1167,2026-03-01,64.0,Paid
17972,1167,2026-04-01,64.0,Paid
17973,1167,2026-05-01,64.0,Paid
17974,1167,2026-06-01,64.0,Failed
17975,1167,2026-07-01,64.0,Failed
17976,1168,2024-01-01,45.0,Paid
17977,1168,2024-02-01,45.0,Paid
17978,1168,2024-03-01,45.0,Paid
17979,1168,2024-04-01,45.0,Paid
17980,1168,2024-05-01,45.0,Paid
17981,1168,2024-06-01,45.0,Paid
17982,1168,2024-07-01,45.0,Paid
17983,1168,2024-08-01,45.0,Paid
17984,1168,2024-09-01,45.0,Paid
17985,1168,2024-10-01,45.0,Paid
17986,1168,2024-11-01,45.0,Paid
17987,1168,2024-12-01,45.0,Paid
17988,1168,2025-01-01,45.0,Paid
17989,1168,2025-02-01,45.0,Paid
17990,1168,2025-03-01,45.0,Paid
17991,1168,2025-04-01,45.0,Paid
17992,1168,2025-05-01,45.0,Paid
17993,1168,2025-06-01,45.0,Paid
17994,1168,2025-07-01,45.0,Paid
17995,1168,2025-08-01,45.0,Paid
17996,1168,2025-09-01,45.0,Paid
17997,1168,2025-10-01,45.0,Paid
17998,1168,2025-11-01,45.0,Paid
17999,1168,2025-12-01,45.0,Paid
18000,1168,2026-01-01,45.0,Paid
18001,1168,2026-02-01,45.0,Paid
18002,1168,2026-03-01,45.0,Paid
18003,1168,2026-04-01,45.0,Paid
18004,1168,2026-05-01,45.0,Paid
18005,1168,2026-06-01,45.0,Paid
18006,1168,2026-07-01,45.0,Paid
18007,1169,2026-05-01,39.0,Paid
18008,1169,2026-06-01,39.0,Failed
18009,1170,2024-03-01,64.0,Paid
18010,1170,2024-04-01,64.0,Paid
18011,1170,2024-05-01,64.0,Paid
18012,1171,2024-08-01,64.0,Paid
18013,1171,2024-09-01,64.0,Paid
18014,1171,2024-10-01,64.0,Paid
18015,1171,2024-11-01,64.0,Paid
18016,1171,2024-12-01,64.0,Paid
18017,1171,2025-01-01,64.0,Paid
18018,1171,2025-02-01,64.0,Paid
18019,1171,2025-03-01,64.0,Paid
18020,1172,2026-02-01,56.0,Paid
18021,1172,2026-03-01,56.0,Paid
18022,1172,2026-04-01,56.0,Paid
18023,1172,2026-05-01,56.0,Paid
18024,1172,2026-06-01,56.0,Paid
18025,1172,2026-07-01,56.0,Paid
18026,1173,2024-06-01,45.0,Paid
18027,1173,2024-07-01,45.0,Paid
18028,1173,2024-08-01,45.0,Paid
18029,1173,2024-09-01,45.0,Paid
18030,1173,2024-10-01,45.0,Failed
18031,1173,2024-11-01,45.0,Paid
18032,1173,2024-12-01,45.0,Paid
18033,1173,2025-01-01,45.0,Paid
18034,1173,2025-02-01,45.0,Paid
18035,1173,2025-03-01,45.0,Paid
18036,1173,2025-04-01,45.0,Paid
18037,1173,2025-05-01,45.0,Paid
18038,1173,2025-06-01,45.0,Paid
18039,1173,2025-07-01,45.0,Failed
18040,1173,2025-08-01,45.0,Paid
18041,1173,2025-09-01,45.0,Paid
18042,1173,2025-10-01,45.0,Paid
18043,1173,2025-11-01,45.0,Paid
18044,1173,2025-12-01,45.0,Paid
18045,1173,2026-01-01,45.0,Paid
18046,1173,2026-02-01,45.0,Paid
18047,1173,2026-03-01,45.0,Paid
18048,1173,2026-04-01,45.0,Failed
18049,1173,2026-05-01,45.0,Paid
18050,1173,2026-06-01,45.0,Paid
18051,1173,2026-07-01,45.0,Failed
18052,1174,2026-02-01,45.0,Paid
18053,1174,2026-03-01,45.0,Paid
18054,1174,2026-04-01,45.0,Paid
18055,1174,2026-05-01,45.0,Paid
18056,1174,2026-06-01,45.0,Paid
18057,1174,2026-07-01,45.0,Paid
18058,1175,2026-05-01,39.0,Paid
18059,1175,2026-06-01,39.0,Paid
18060,1176,2025-08-01,64.0,Paid
18061,1176,2025-09-01,64.0,Paid
18062,1176,2025-10-01,64.0,Paid
18063,1176,2025-11-01,64.0,Paid
18064,1176,2025-12-01,64.0,Paid
18065,1176,2026-01-01,64.0,Paid
18066,1176,2026-02-01,64.0,Paid
18067,1176,2026-03-01,64.0,Paid
18068,1177,2025-12-01,45.0,Paid
18069,1177,2026-01-01,45.0,Paid
18070,1177,2026-02-01,45.0,Paid
18071,1178,2024-12-01,39.0,Paid
18072,1178,2025-01-01,39.0,Paid
18073,1178,2025-02-01,39.0,Paid
18074,1178,2025-03-01,39.0,Paid
18075,1178,2025-04-01,39.0,Paid
18076,1178,2025-05-01,39.0,Paid
18077,1178,2025-06-01,39.0,Paid
18078,1178,2025-07-01,39.0,Paid
18079,1178,2025-08-01,39.0,Paid
18080,1178,2025-09-01,39.0,Paid
18081,1178,2025-10-01,39.0,Paid
18082,1178,2025-11-01,39.0,Paid
18083,1178,2025-12-01,39.0,Paid
18084,1178,2026-01-01,39.0,Paid
18085,1178,2026-02-01,39.0,Paid
18086,1178,2026-03-01,39.0,Paid
18087,1178,2026-04-01,39.0,Paid
18088,1178,2026-05-01,39.0,Paid
18089,1178,2026-06-01,39.0,Paid
18090,1178,2026-07-01,39.0,Paid
18091,1179,2025-06-01,39.0,Paid
18092,1179,2025-07-01,39.0,Paid
18093,1179,2025-08-01,39.0,Paid
18094,1179,2025-09-01,39.0,Paid
18095,1179,2025-10-01,39.0,Paid
18096,1179,2025-11-01,39.0,Failed
18097,1179,2025-12-01,39.0,Paid
18098,1179,2026-01-01,39.0,Paid
18099,1179,2026-02-01,39.0,Paid
18100,1179,2026-03-01,39.0,Paid
18101,1179,2026-04-01,39.0,Paid
18102,1179,2026-05-01,39.0,Paid
18103,1179,2026-06-01,39.0,Paid
18104,1179,2026-07-01,39.0,Failed
18105,1180,2024-10-01,56.0,Paid
18106,1180,2024-11-01,56.0,Paid
18107,1180,2024-12-01,56.0,Paid
18108,1180,2025-01-01,56.0,Paid
18109,1180,2025-02-01,56.0,Paid
18110,1180,2025-03-01,56.0,Paid
18111,1180,2025-04-01,56.0,Paid
18112,1180,2025-05-01,56.0,Paid
18113,1180,2025-06-01,56.0,Paid
18114,1180,2025-07-01,56.0,Paid
18115,1180,2025-08-01,56.0,Paid
18116,1180,2025-09-01,56.0,Paid
18117,1180,2025-10-01,56.0,Paid
18118,1180,2025-11-01,56.0,Paid
18119,1180,2025-12-01,56.0,Paid
18120,1180,2026-01-01,56.0,Paid
18121,1180,2026-02-01,56.0,Paid
18122,1180,2026-03-01,56.0,Paid
18123,1180,2026-04-01,56.0,Paid
18124,1180,2026-05-01,56.0,Paid
18125,1180,2026-06-01,56.0,Paid
18126,1180,2026-07-01,56.0,Paid
18127,1181,2024-08-01,56.0,Paid
18128,1181,2024-09-01,56.0,Paid
18129,1181,2024-10-01,56.0,Paid
18130,1181,2024-11-01,56.0,Paid
18131,1181,2024-12-01,56.0,Failed
18132,1181,2025-01-01,56.0,Paid
18133,1181,2025-02-01,56.0,Paid
18134,1181,2025-03-01,56.0,Paid
18135,1181,2025-04-01,56.0,Paid
18136,1181,2025-05-01,56.0,Paid
18137,1181,2025-06-01,56.0,Paid
18138,1181,2025-07-01,56.0,Paid
18139,1181,2025-08-01,56.0,Paid
18140,1181,2025-09-01,56.0,Paid
18141,1181,2025-10-01,56.0,Paid
18142,1181,2025-11-01,56.0,Paid
18143,1181,2025-12-01,56.0,Paid
18144,1181,2026-01-01,56.0,Paid
18145,1181,2026-02-01,56.0,Paid
18146,1181,2026-03-01,56.0,Paid
18147,1181,2026-04-01,56.0,Paid
18148,1181,2026-05-01,56.0,Paid
18149,1181,2026-06-01,56.0,Paid
18150,1181,2026-07-01,56.0,Paid
18151,1182,2026-03-01,39.0,Paid
18152,1182,2026-04-01,39.0,Paid
18153,1182,2026-05-01,39.0,Paid
18154,1182,2026-06-01,39.0,Paid
18155,1182,2026-07-01,39.0,Paid
18156,1183,2026-05-01,39.0,Paid
18157,1183,2026-06-01,39.0,Paid
18158,1183,2026-07-01,39.0,Paid
18159,1184,2025-11-01,45.0,Paid
18160,1184,2025-12-01,45.0,Paid
18161,1184,2026-01-01,45.0,Paid
18162,1185,2024-09-01,39.0,Paid
18163,1185,2024-10-01,39.0,Paid
18164,1185,2024-11-01,39.0,Paid
18165,1185,2024-12-01,39.0,Paid
18166,1185,2025-01-01,39.0,Paid
18167,1185,2025-02-01,39.0,Paid
18168,1185,2025-03-01,39.0,Paid
18169,1185,2025-04-01,39.0,Paid
18170,1185,2025-05-01,39.0,Paid
18171,1185,2025-06-01,39.0,Paid
18172,1185,2025-07-01,39.0,Paid
18173,1185,2025-08-01,39.0,Paid
18174,1185,2025-09-01,39.0,Paid
18175,1185,2025-10-01,39.0,Paid
18176,1185,2025-11-01,39.0,Paid
18177,1185,2025-12-01,39.0,Paid
18178,1185,2026-01-01,39.0,Paid
18179,1185,2026-02-01,39.0,Paid
18180,1185,2026-03-01,39.0,Paid
18181,1185,2026-04-01,39.0,Paid
18182,1185,2026-05-01,39.0,Paid
18183,1185,2026-06-01,39.0,Paid
18184,1185,2026-07-01,39.0,Paid
18185,1186,2024-04-01,39.0,Paid
18186,1186,2024-05-01,39.0,Paid
18187,1186,2024-06-01,39.0,Paid
18188,1186,2024-07-01,39.0,Paid
18189,1186,2024-08-01,39.0,Paid
18190,1186,2024-09-01,39.0,Paid
18191,1186,2024-10-01,39.0,Paid
18192,1186,2024-11-01,39.0,Failed
18193,1186,2024-12-01,39.0,Paid
18194,1186,2025-01-01,39.0,Paid
18195,1186,2025-02-01,39.0,Paid
18196,1186,2025-03-01,39.0,Paid
18197,1186,2025-04-01,39.0,Paid
18198,1186,2025-05-01,39.0,Paid
18199,1186,2025-06-01,39.0,Paid
18200,1186,2025-07-01,39.0,Paid
18201,1186,2025-08-01,39.0,Paid
18202,1186,2025-09-01,39.0,Paid
18203,1186,2025-10-01,39.0,Paid
18204,1186,2025-11-01,39.0,Paid
18205,1186,2025-12-01,39.0,Paid
18206,1186,2026-01-01,39.0,Paid
18207,1186,2026-02-01,39.0,Paid
18208,1186,2026-03-01,39.0,Paid
18209,1186,2026-04-01,39.0,Paid
18210,1186,2026-05-01,39.0,Paid
18211,1186,2026-06-01,39.0,Paid
18212,1187,2025-03-01,64.0,Paid
18213,1187,2025-04-01,64.0,Paid
18214,1187,2025-05-01,64.0,Paid
18215,1187,2025-06-01,64.0,Paid
18216,1187,2025-07-01,64.0,Paid
18217,1187,2025-08-01,64.0,Paid
18218,1187,2025-09-01,64.0,Paid
18219,1187,2025-10-01,64.0,Paid
18220,1187,2025-11-01,64.0,Failed
18221,1187,2025-12-01,64.0,Paid
18222,1187,2026-01-01,64.0,Paid
18223,1187,2026-02-01,64.0,Paid
18224,1187,2026-03-01,64.0,Paid
18225,1187,2026-04-01,64.0,Paid
18226,1187,2026-05-01,64.0,Paid
18227,1188,2024-06-01,56.0,Paid
18228,1188,2024-07-01,56.0,Paid
18229,1188,2024-08-01,56.0,Paid
18230,1188,2024-09-01,56.0,Paid
18231,1188,2024-10-01,56.0,Failed
18232,1188,2024-11-01,56.0,Paid
18233,1188,2024-12-01,56.0,Paid
18234,1188,2025-01-01,56.0,Paid
18235,1188,2025-02-01,56.0,Paid
18236,1188,2025-03-01,56.0,Paid
18237,1188,2025-04-01,56.0,Paid
18238,1188,2025-05-01,56.0,Paid
18239,1188,2025-06-01,56.0,Paid
18240,1188,2025-07-01,56.0,Paid
18241,1188,2025-08-01,56.0,Paid
18242,1188,2025-09-01,56.0,Paid
18243,1188,2025-10-01,56.0,Paid
18244,1188,2025-11-01,56.0,Paid
18245,1188,2025-12-01,56.0,Paid
18246,1188,2026-01-01,56.0,Paid
18247,1188,2026-02-01,56.0,Paid
18248,1188,2026-03-01,56.0,Failed
18249,1188,2026-04-01,56.0,Paid
18250,1188,2026-05-01,56.0,Paid
18251,1188,2026-06-01,56.0,Paid
18252,1188,2026-07-01,56.0,Paid
18253,1189,2025-11-01,45.0,Paid
18254,1189,2025-12-01,45.0,Failed
18255,1189,2026-01-01,45.0,Paid
18256,1189,2026-02-01,45.0,Paid
18257,1189,2026-03-01,45.0,Paid
18258,1189,2026-04-01,45.0,Paid
18259,1189,2026-05-01,45.0,Paid
18260,1189,2026-06-01,45.0,Failed
18261,1189,2026-07-01,45.0,Paid
18262,1190,2024-03-01,56.0,Paid
18263,1190,2024-04-01,56.0,Paid
18264,1190,2024-05-01,56.0,Paid
18265,1190,2024-06-01,56.0,Paid
18266,1190,2024-07-01,56.0,Paid
18267,1190,2024-08-01,56.0,Paid
18268,1190,2024-09-01,56.0,Paid
18269,1190,2024-10-01,56.0,Paid
18270,1190,2024-11-01,56.0,Paid
18271,1190,2024-12-01,56.0,Paid
18272,1190,2025-01-01,56.0,Paid
18273,1190,2025-02-01,56.0,Failed
18274,1190,2025-03-01,56.0,Paid
18275,1190,2025-04-01,56.0,Paid
18276,1190,2025-05-01,56.0,Paid
18277,1190,2025-06-01,56.0,Paid
18278,1190,2025-07-01,56.0,Paid
18279,1190,2025-08-01,56.0,Paid
18280,1190,2025-09-01,56.0,Paid
18281,1190,2025-10-01,56.0,Paid
18282,1190,2025-11-01,56.0,Paid
18283,1190,2025-12-01,56.0,Paid
18284,1190,2026-01-01,56.0,Paid
18285,1190,2026-02-01,56.0,Paid
18286,1190,2026-03-01,56.0,Paid
18287,1190,2026-04-01,56.0,Paid
18288,1190,2026-05-01,56.0,Paid
18289,1190,2026-06-01,56.0,Paid
18290,1190,2026-07-01,56.0,Paid
18291,1191,2024-03-01,39.0,Paid
18292,1191,2024-04-01,39.0,Paid
18293,1191,2024-05-01,39.0,Paid
18294,1191,2024-06-01,39.0,Paid
18295,1191,2024-07-01,39.0,Paid
18296,1191,2024-08-01,39.0,Paid
18297,1191,2024-09-01,39.0,Paid
18298,1191,2024-10-01,39.0,Paid
18299,1191,2024-11-01,39.0,Failed
18300,1191,2024-12-01,39.0,Paid
18301,1191,2025-01-01,39.0,Paid
18302,1191,2025-02-01,39.0,Failed
18303,1191,2025-03-01,39.0,Paid
18304,1191,2025-04-01,39.0,Paid
18305,1191,2025-05-01,39.0,Paid
18306,1191,2025-06-01,39.0,Paid
18307,1191,2025-07-01,39.0,Paid
18308,1191,2025-08-01,39.0,Paid
18309,1191,2025-09-01,39.0,Paid
18310,1191,2025-10-01,39.0,Paid
18311,1191,2025-11-01,39.0,Paid
18312,1191,2025-12-01,39.0,Paid
18313,1191,2026-01-01,39.0,Paid
18314,1191,2026-02-01,39.0,Paid
18315,1191,2026-03-01,39.0,Paid
18316,1191,2026-04-01,39.0,Paid
18317,1191,2026-05-01,39.0,Paid
18318,1191,2026-06-01,39.0,Paid
18319,1191,2026-07-01,39.0,Paid
18320,1192,2024-08-01,45.0,Paid
18321,1192,2024-09-01,45.0,Paid
18322,1192,2024-10-01,45.0,Failed
18323,1192,2024-11-01,45.0,Paid
18324,1192,2024-12-01,45.0,Paid
18325,1192,2025-01-01,45.0,Paid
18326,1192,2025-02-01,45.0,Paid
18327,1192,2025-03-01,45.0,Paid
18328,1192,2025-04-01,45.0,Paid
18329,1192,2025-05-01,45.0,Paid
18330,1192,2025-06-01,45.0,Paid
18331,1192,2025-07-01,45.0,Failed
18332,1192,2025-08-01,45.0,Paid
18333,1192,2025-09-01,45.0,Paid
18334,1192,2025-10-01,45.0,Paid
18335,1192,2025-11-01,45.0,Paid
18336,1192,2025-12-01,45.0,Paid
18337,1192,2026-01-01,45.0,Paid
18338,1192,2026-02-01,45.0,Paid
18339,1192,2026-03-01,45.0,Paid
18340,1192,2026-04-01,45.0,Paid
18341,1192,2026-05-01,45.0,Failed
18342,1192,2026-06-01,45.0,Paid
18343,1192,2026-07-01,45.0,Paid
18344,1193,2024-06-01,45.0,Paid
18345,1193,2024-07-01,45.0,Paid
18346,1193,2024-08-01,45.0,Paid
18347,1193,2024-09-01,45.0,Paid
18348,1193,2024-10-01,45.0,Paid
18349,1193,2024-11-01,45.0,Paid
18350,1193,2024-12-01,45.0,Paid
18351,1193,2025-01-01,45.0,Paid
18352,1193,2025-02-01,45.0,Paid
18353,1193,2025-03-01,45.0,Paid
18354,1193,2025-04-01,45.0,Paid
18355,1193,2025-05-01,45.0,Paid
18356,1193,2025-06-01,45.0,Paid
18357,1193,2025-07-01,45.0,Paid
18358,1193,2025-08-01,45.0,Paid
18359,1193,2025-09-01,45.0,Paid
18360,1193,2025-10-01,45.0,Paid
18361,1193,2025-11-01,45.0,Paid
18362,1193,2025-12-01,45.0,Paid
18363,1193,2026-01-01,45.0,Paid
18364,1193,2026-02-01,45.0,Paid
18365,1193,2026-03-01,45.0,Paid
18366,1193,2026-04-01,45.0,Paid
18367,1193,2026-05-01,45.0,Paid
18368,1193,2026-06-01,45.0,Paid
18369,1193,2026-07-01,45.0,Paid
18370,1194,2025-05-01,45.0,Paid
18371,1194,2025-06-01,45.0,Paid
18372,1194,2025-07-01,45.0,Paid
18373,1194,2025-08-01,45.0,Paid
18374,1194,2025-09-01,45.0,Paid
18375,1194,2025-10-01,45.0,Paid
18376,1194,2025-11-01,45.0,Paid
18377,1194,2025-12-01,45.0,Paid
18378,1194,2026-01-01,45.0,Paid
18379,1194,2026-02-01,45.0,Paid
18380,1194,2026-03-01,45.0,Paid
18381,1194,2026-04-01,45.0,Failed
18382,1194,2026-05-01,45.0,Paid
18383,1194,2026-06-01,45.0,Paid
18384,1194,2026-07-01,45.0,Paid
18385,1195,2024-09-01,64.0,Paid
18386,1195,2024-10-01,64.0,Failed
18387,1195,2024-11-01,64.0,Paid
18388,1195,2024-12-01,64.0,Paid
18389,1195,2025-01-01,64.0,Failed
18390,1195,2025-02-01,64.0,Paid
18391,1195,2025-03-01,64.0,Paid
18392,1195,2025-04-01,64.0,Paid
18393,1195,2025-05-01,64.0,Paid
18394,1195,2025-06-01,64.0,Paid
18395,1195,2025-07-01,64.0,Paid
18396,1195,2025-08-01,64.0,Failed
18397,1195,2025-09-01,64.0,Paid
18398,1195,2025-10-01,64.0,Paid
18399,1195,2025-11-01,64.0,Paid
18400,1195,2025-12-01,64.0,Paid
18401,1195,2026-01-01,64.0,Paid
18402,1195,2026-02-01,64.0,Paid
18403,1195,2026-03-01,64.0,Paid
18404,1195,2026-04-01,64.0,Paid
18405,1195,2026-05-01,64.0,Paid
18406,1195,2026-06-01,64.0,Failed
18407,1195,2026-07-01,64.0,Paid
18408,1196,2026-05-01,56.0,Paid
18409,1196,2026-06-01,56.0,Paid
18410,1196,2026-07-01,56.0,Paid
18411,1197,2024-10-01,64.0,Paid
18412,1197,2024-11-01,64.0,Paid
18413,1197,2024-12-01,64.0,Paid
18414,1197,2025-01-01,64.0,Failed
18415,1197,2025-02-01,64.0,Paid
18416,1197,2025-03-01,64.0,Failed
18417,1197,2025-04-01,64.0,Failed
18418,1197,2025-05-01,64.0,Paid
18419,1197,2025-06-01,64.0,Paid
18420,1197,2025-07-01,64.0,Paid
18421,1197,2025-08-01,64.0,Paid
18422,1197,2025-09-01,64.0,Paid
18423,1197,2025-10-01,64.0,Paid
18424,1197,2025-11-01,64.0,Paid
18425,1198,2025-10-01,56.0,Paid
18426,1198,2025-11-01,56.0,Paid
18427,1198,2025-12-01,56.0,Paid
18428,1198,2026-01-01,56.0,Paid
18429,1199,2024-12-01,64.0,Paid
18430,1199,2025-01-01,64.0,Paid
18431,1199,2025-02-01,64.0,Paid
18432,1199,2025-03-01,64.0,Paid
18433,1199,2025-04-01,64.0,Paid
18434,1199,2025-05-01,64.0,Paid
18435,1199,2025-06-01,64.0,Paid
18436,1199,2025-07-01,64.0,Paid
18437,1199,2025-08-01,64.0,Paid
18438,1199,2025-09-01,64.0,Paid
18439,1199,2025-10-01,64.0,Failed
18440,1199,2025-11-01,64.0,Paid
18441,1199,2025-12-01,64.0,Paid
18442,1199,2026-01-01,64.0,Paid
18443,1199,2026-02-01,64.0,Failed
18444,1199,2026-03-01,64.0,Failed
18445,1199,2026-04-01,64.0,Paid
18446,1199,2026-05-01,64.0,Paid
18447,1199,2026-06-01,64.0,Paid
18448,1199,2026-07-01,64.0,Paid
18449,1200,2026-03-01,56.0,Paid
18450,1200,2026-04-01,56.0,Paid
18451,1200,2026-05-01,56.0,Paid
