SaleID,OrderDate,ProductID,Category,Channel,Region,Quantity,Revenue,Cost,Profit
S00001,2025-01-01,P05,Storage,Online,Marmara,5,245,151.86,93.14
S00002,2025-01-01,P02,Audio,Online,Marmara,5,1245,664.96,580.04
S00003,2025-01-01,P02,Audio,Retail,Marmara,1,75,44.35,30.65
S00004,2025-01-02,P04,Office,Online,Aegean,4,285.0,172.08,112.92
S00005,2025-01-03,P04,Office,Marketplace,Aegean,3,537,346.09,190.91
S00006,2025-01-03,P05,Storage,Online,Aegean,2,135.0,81.72,53.28
S00007,2025-01-03,P03,Displays,Online,Marmara,5,565.25,335.99,229.26
S00008,2025-01-03,P03,Displays,Online,Central Anatolia,6,1494,801.93,692.07
S00009,2025-01-04,P01,Accessories,Marketplace,Central Anatolia,5,535.5,321.03,214.47
S00010,2025-01-04,P01,Accessories,Marketplace,Aegean,2,358,191.57,166.43
S00011,2025-01-04,P01,Accessories,Marketplace,Marmara,4,896.4,512.9,383.5
S00012,2025-01-05,P03,Displays,Marketplace,Central Anatolia,5,1120.5,738.71,381.79
S00013,2025-01-06,P05,Storage,Online,Marmara,6,1074,673.86,400.14
S00014,2025-01-06,P03,Displays,Online,Marmara,6,678.3,444.32,233.98
S00015,2025-01-06,P05,Storage,Online,Aegean,4,716,419.33,296.67
S00016,2025-01-07,P02,Audio,Marketplace,Aegean,4,428.4,212.09,216.31
S00017,2025-01-07,P03,Displays,Retail,Aegean,3,672.3,327.5,344.8
S00018,2025-01-07,P03,Displays,Retail,Aegean,1,179,121.6,57.4
S00019,2025-01-08,P05,Storage,Marketplace,Marmara,5,595,359.95,235.05
S00020,2025-01-08,P04,Office,Retail,Marmara,3,672.3,428.32,243.98
S00021,2025-01-08,P02,Audio,Online,Aegean,3,94.5,47.03,47.47
S00022,2025-01-09,P03,Displays,Marketplace,Central Anatolia,2,498,332.96,165.04
S00023,2025-01-09,P02,Audio,Online,Central Anatolia,4,946.2,504.71,441.49
S00024,2025-01-09,P05,Storage,Retail,Central Anatolia,5,232.75,114.91,117.84
S00025,2025-01-10,P05,Storage,Online,Aegean,1,161.1,78.85,82.25
S00026,2025-01-11,P04,Office,Retail,Marmara,2,135.0,72.49,62.51
S00027,2025-01-11,P03,Displays,Marketplace,Marmara,1,44.1,26.71,17.39
S00028,2025-01-11,P03,Displays,Marketplace,Central Anatolia,4,476,284.02,191.98
S00029,2025-01-11,P01,Accessories,Marketplace,Marmara,1,75,44.48,30.52
S00030,2025-01-11,P02,Audio,Marketplace,Aegean,3,357,185.88,171.12
S00031,2025-01-12,P02,Audio,Retail,Aegean,6,642.6,359.08,283.52
S00032,2025-01-13,P05,Storage,Online,Central Anatolia,6,264.6,157.68,106.92
S00033,2025-01-13,P01,Accessories,Online,Central Anatolia,2,358,234.45,123.55
S00034,2025-01-13,P03,Displays,Marketplace,Marmara,6,450,277.35,172.65
S00035,2025-01-13,P04,Office,Retail,Marmara,2,498,334.41,163.59
S00036,2025-01-13,P03,Displays,Marketplace,Marmara,6,264.6,144.97,119.63
S00037,2025-01-14,P01,Accessories,Online,Marmara,6,1074,625.51,448.49
S00038,2025-01-14,P02,Audio,Marketplace,Central Anatolia,3,225,141.06,83.94
S00039,2025-01-14,P01,Accessories,Retail,Central Anatolia,5,1182.75,683.3,499.45
S00040,2025-01-15,P04,Office,Online,Marmara,3,213.75,135.66,78.09
S00041,2025-01-16,P04,Office,Online,Central Anatolia,1,35,16.92,18.08
S00042,2025-01-16,P03,Displays,Marketplace,Marmara,4,285.0,169.26,115.74
S00043,2025-01-17,P04,Office,Online,Aegean,2,135.0,75.64,59.36
S00044,2025-01-18,P05,Storage,Retail,Aegean,6,1344.6,806.79,537.81
S00045,2025-01-18,P02,Audio,Retail,Aegean,6,1074,704.14,369.86
S00046,2025-01-18,P02,Audio,Online,Central Anatolia,4,428.4,224.47,203.93
S00047,2025-01-19,P03,Displays,Marketplace,Central Anatolia,3,139.65,69.54,70.11
S00048,2025-01-20,P02,Audio,Retail,Aegean,1,33.25,19.67,13.58
S00049,2025-01-20,P03,Displays,Retail,Marmara,1,33.25,17.06,16.19
S00050,2025-01-21,P02,Audio,Retail,Central Anatolia,6,279.3,188.72,90.58
S00051,2025-01-21,P01,Accessories,Marketplace,Marmara,6,210,123.49,86.51
S00052,2025-01-21,P01,Accessories,Marketplace,Marmara,2,63.0,33.16,29.84
S00053,2025-01-22,P02,Audio,Marketplace,Central Anatolia,6,199.5,125.02,74.48
S00054,2025-01-22,P04,Office,Online,Aegean,3,321.3,182.9,138.4
S00055,2025-01-22,P05,Storage,Online,Central Anatolia,6,1020.3,580.33,439.97
S00056,2025-01-22,P03,Displays,Retail,Marmara,5,850.25,548.02,302.23
S00057,2025-01-23,P02,Audio,Retail,Aegean,2,473.1,298.61,174.49
S00058,2025-01-24,P05,Storage,Retail,Aegean,4,196,119.43,76.57
S00059,2025-01-24,P03,Displays,Marketplace,Central Anatolia,5,895,514.13,380.87
S00060,2025-01-24,P02,Audio,Online,Marmara,4,428.4,221.53,206.87
S00061,2025-01-24,P05,Storage,Marketplace,Aegean,4,126.0,67.35,58.65
S00062,2025-01-24,P02,Audio,Online,Aegean,4,716,405.91,310.09
S00063,2025-01-25,P02,Audio,Retail,Marmara,5,1245,785.57,459.43
S00064,2025-01-25,P02,Audio,Online,Aegean,1,75,42.04,32.96
S00065,2025-01-25,P05,Storage,Retail,Central Anatolia,5,895,552.13,342.87
S00066,2025-01-25,P04,Office,Retail,Central Anatolia,5,157.5,93.52,63.98
S00067,2025-01-25,P02,Audio,Online,Marmara,3,709.65,412.34,297.31
S00068,2025-01-26,P04,Office,Marketplace,Aegean,5,805.5,536.62,268.88
S00069,2025-01-26,P01,Accessories,Online,Aegean,2,322.2,209.14,113.06
S00070,2025-01-26,P05,Storage,Online,Central Anatolia,3,105,55.73,49.27
S00071,2025-01-26,P05,Storage,Online,Aegean,5,1120.5,737.24,383.26
S00072,2025-01-27,P04,Office,Online,Central Anatolia,6,1344.6,690.03,654.57
S00073,2025-01-27,P01,Accessories,Online,Central Anatolia,4,476,242.34,233.66
S00074,2025-01-27,P02,Audio,Retail,Aegean,4,285.0,192.29,92.71
S00075,2025-01-28,P05,Storage,Marketplace,Central Anatolia,5,175,115.39,59.61
S00076,2025-01-28,P01,Accessories,Marketplace,Aegean,3,132.3,86.14,46.16
S00077,2025-01-29,P05,Storage,Marketplace,Marmara,4,428.4,245.67,182.73
S00078,2025-01-29,P02,Audio,Online,Marmara,1,170.05,97.19,72.86
S00079,2025-01-30,P03,Displays,Retail,Aegean,3,147,93.48,53.52
S00080,2025-01-30,P05,Storage,Online,Aegean,5,175,115.23,59.77
S00081,2025-01-30,P01,Accessories,Online,Aegean,5,595,333.86,261.14
S00082,2025-01-31,P01,Accessories,Retail,Central Anatolia,5,565.25,320.78,244.47
S00083,2025-01-31,P03,Displays,Retail,Aegean,5,1120.5,707.14,413.36
S00084,2025-01-31,P03,Displays,Marketplace,Marmara,3,99.75,58.59,41.16
S00085,2025-01-31,P01,Accessories,Online,Marmara,1,35,19.42,15.58
S00086,2025-01-31,P04,Office,Retail,Central Anatolia,3,747,442.66,304.34
S00087,2025-02-01,P01,Accessories,Online,Marmara,1,33.25,19.82,13.43
S00088,2025-02-01,P03,Displays,Online,Marmara,1,49,29.05,19.95
S00089,2025-02-02,P04,Office,Online,Central Anatolia,5,805.5,426.19,379.31
S00090,2025-02-02,P03,Displays,Online,Aegean,6,450,229.64,220.36
S00091,2025-02-02,P05,Storage,Online,Marmara,3,147,79.36,67.64
S00092,2025-02-02,P02,Audio,Online,Aegean,4,996,620.07,375.93
S00093,2025-02-02,P04,Office,Retail,Central Anatolia,6,279.3,167.9,111.4
S00094,2025-02-03,P02,Audio,Marketplace,Aegean,6,427.5,272.91,154.59
S00095,2025-02-03,P05,Storage,Marketplace,Central Anatolia,6,714,468.49,245.51
S00096,2025-02-03,P04,Office,Marketplace,Central Anatolia,4,476,265.62,210.38
S00097,2025-02-04,P03,Displays,Retail,Marmara,2,150,92.22,57.78
S00098,2025-02-04,P03,Displays,Marketplace,Central Anatolia,6,450,223.84,226.16
S00099,2025-02-04,P02,Audio,Marketplace,Aegean,2,66.5,32.08,34.42
S00100,2025-02-04,P04,Office,Online,Marmara,2,150,91.76,58.24
S00101,2025-02-04,P04,Office,Retail,Aegean,5,565.25,304.53,260.72
S00102,2025-02-05,P01,Accessories,Marketplace,Central Anatolia,1,161.1,77.91,83.19
S00103,2025-02-05,P02,Audio,Online,Marmara,6,199.5,127.35,72.15
S00104,2025-02-05,P02,Audio,Retail,Aegean,1,170.05,107.18,62.87
S00105,2025-02-05,P04,Office,Marketplace,Aegean,6,294,149.95,144.05
S00106,2025-02-06,P02,Audio,Marketplace,Aegean,3,139.65,67.07,72.58
S00107,2025-02-06,P05,Storage,Retail,Aegean,1,236.55,158.11,78.44
S00108,2025-02-06,P03,Displays,Online,Marmara,3,139.65,88.03,51.62
S00109,2025-02-06,P03,Displays,Online,Aegean,2,66.5,35.22,31.28
S00110,2025-02-06,P01,Accessories,Retail,Marmara,4,196,108.19,87.81
S00111,2025-02-07,P04,Office,Online,Central Anatolia,4,996,670.48,325.52
S00112,2025-02-07,P01,Accessories,Retail,Aegean,5,1245,828.12,416.88
S00113,2025-02-07,P01,Accessories,Retail,Marmara,6,966.6,595.35,371.25
S00114,2025-02-07,P03,Displays,Online,Aegean,3,147,93.51,53.49
S00115,2025-02-07,P04,Office,Retail,Marmara,1,35,22.8,12.2
S00116,2025-02-08,P05,Storage,Retail,Central Anatolia,4,126.0,84.98,41.02
S00117,2025-02-09,P02,Audio,Retail,Central Anatolia,5,166.25,111.04,55.21
S00118,2025-02-09,P02,Audio,Online,Aegean,2,226.1,141.12,84.98
S00119,2025-02-10,P04,Office,Marketplace,Marmara,4,196,111.8,84.2
S00120,2025-02-10,P02,Audio,Marketplace,Aegean,1,75,45.78,29.22
S00121,2025-02-10,P04,Office,Marketplace,Central Anatolia,6,1494,786.61,707.39
S00122,2025-02-11,P01,Accessories,Marketplace,Marmara,6,1419.3,722.43,696.87
S00123,2025-02-11,P05,Storage,Retail,Central Anatolia,6,642.6,397.41,245.19
S00124,2025-02-11,P04,Office,Online,Aegean,6,427.5,258.67,168.83
S00125,2025-02-11,P04,Office,Online,Central Anatolia,2,358,219.24,138.76
S00126,2025-02-11,P01,Accessories,Marketplace,Aegean,6,279.3,158.49,120.81
S00127,2025-02-12,P02,Audio,Marketplace,Central Anatolia,5,245,123.86,121.14
S00128,2025-02-12,P02,Audio,Marketplace,Marmara,1,249,148.32,100.68
S00129,2025-02-13,P01,Accessories,Marketplace,Central Anatolia,3,105,68.34,36.66
S00130,2025-02-13,P05,Storage,Marketplace,Marmara,5,245,145.77,99.23
S00131,2025-02-13,P04,Office,Retail,Marmara,3,483.3,251.82,231.48
S00132,2025-02-13,P01,Accessories,Retail,Aegean,4,140,68.97,71.03
S00133,2025-02-13,P05,Storage,Marketplace,Central Anatolia,2,358,185.83,172.17
S00134,2025-02-14,P04,Office,Marketplace,Central Anatolia,4,680.2,417.09,263.11
S00135,2025-02-14,P01,Accessories,Marketplace,Central Anatolia,6,427.5,227.62,199.88
S00136,2025-02-14,P02,Audio,Marketplace,Marmara,5,1245,611.4,633.6
S00137,2025-02-14,P03,Displays,Online,Central Anatolia,2,70,38.41,31.59
S00138,2025-02-15,P03,Displays,Online,Aegean,5,220.5,112.74,107.76
S00139,2025-02-15,P02,Audio,Online,Central Anatolia,1,107.1,52.42,54.68
S00140,2025-02-15,P04,Office,Retail,Marmara,1,49,32.79,16.21
S00141,2025-02-16,P05,Storage,Online,Marmara,3,672.3,377.48,294.82
S00142,2025-02-16,P03,Displays,Marketplace,Marmara,5,175,92.11,82.89
S00143,2025-02-16,P01,Accessories,Retail,Marmara,5,595,341.59,253.41
S00144,2025-02-17,P01,Accessories,Online,Central Anatolia,2,358,183.64,174.36
S00145,2025-02-17,P02,Audio,Retail,Aegean,3,225,127.42,97.58
S00146,2025-02-17,P02,Audio,Online,Marmara,4,716,429.45,286.55
S00147,2025-02-17,P02,Audio,Retail,Marmara,3,105,62.31,42.69
S00148,2025-02-18,P02,Audio,Online,Aegean,3,747,435.63,311.37
S00149,2025-02-18,P01,Accessories,Marketplace,Central Anatolia,4,270.0,131.85,138.15
S00150,2025-02-18,P03,Displays,Online,Marmara,1,113.05,55.82,57.23
S00151,2025-02-19,P04,Office,Retail,Central Anatolia,2,238,154.15,83.85
S00152,2025-02-19,P03,Displays,Online,Central Anatolia,6,678.3,456.72,221.58
S00153,2025-02-19,P05,Storage,Retail,Central Anatolia,2,358,194.48,163.52
S00154,2025-02-20,P02,Audio,Marketplace,Central Anatolia,3,132.3,68.24,64.06
S00155,2025-02-20,P04,Office,Online,Central Anatolia,5,1182.75,725.28,457.47
S00156,2025-02-20,P05,Storage,Marketplace,Aegean,6,405.0,201.28,203.72
S00157,2025-02-20,P04,Office,Marketplace,Central Anatolia,1,71.25,45.24,26.01
S00158,2025-02-21,P01,Accessories,Marketplace,Marmara,5,220.5,136.51,83.99
S00159,2025-02-21,P02,Audio,Online,Marmara,5,1245,777.51,467.49
S00160,2025-02-22,P02,Audio,Online,Central Anatolia,4,196,119.12,76.88
S00161,2025-02-22,P01,Accessories,Marketplace,Marmara,1,179,106.23,72.77
S00162,2025-02-22,P03,Displays,Marketplace,Marmara,5,166.25,110.45,55.8
S00163,2025-02-22,P04,Office,Marketplace,Central Anatolia,3,339.15,202.46,136.69
S00164,2025-02-23,P03,Displays,Marketplace,Central Anatolia,3,225,116.44,108.56
S00165,2025-02-23,P04,Office,Retail,Marmara,2,322.2,190.96,131.24
S00166,2025-02-23,P01,Accessories,Marketplace,Central Anatolia,6,1494,903.84,590.16
S00167,2025-02-23,P01,Accessories,Marketplace,Marmara,4,428.4,256.98,171.42
S00168,2025-02-24,P02,Audio,Marketplace,Central Anatolia,3,483.3,301.15,182.15
S00169,2025-02-24,P04,Office,Marketplace,Marmara,6,678.3,415.44,262.86
S00170,2025-02-24,P05,Storage,Retail,Central Anatolia,6,966.6,594.1,372.5
S00171,2025-02-24,P04,Office,Marketplace,Central Anatolia,5,220.5,131.29,89.21
S00172,2025-02-25,P01,Accessories,Marketplace,Central Anatolia,3,357,205.05,151.95
S00173,2025-02-25,P04,Office,Retail,Aegean,2,150,88.34,61.66
S00174,2025-02-26,P03,Displays,Retail,Central Anatolia,3,672.3,380.49,291.81
S00175,2025-02-26,P01,Accessories,Retail,Marmara,3,510.15,255.79,254.36
S00176,2025-02-26,P03,Displays,Retail,Aegean,6,189.0,128.24,60.76
S00177,2025-02-26,P01,Accessories,Retail,Central Anatolia,3,483.3,259.89,223.41
S00178,2025-02-26,P05,Storage,Retail,Central Anatolia,5,895,513.88,381.12
S00179,2025-02-27,P01,Accessories,Marketplace,Aegean,6,405.0,205.96,199.04
S00180,2025-02-28,P05,Storage,Marketplace,Central Anatolia,5,895,449.21,445.79
S00181,2025-03-01,P03,Displays,Marketplace,Marmara,4,300,153.24,146.76
S00182,2025-03-01,P04,Office,Marketplace,Marmara,4,996,498.5,497.5
S00183,2025-03-02,P01,Accessories,Online,Central Anatolia,2,98,61.19,36.81
S00184,2025-03-02,P04,Office,Retail,Aegean,5,220.5,129.38,91.12
S00185,2025-03-02,P04,Office,Marketplace,Marmara,2,88.2,47.58,40.62
S00186,2025-03-03,P03,Displays,Marketplace,Central Anatolia,3,132.3,78.57,53.73
S00187,2025-03-03,P04,Office,Marketplace,Aegean,2,66.5,32.18,34.32
S00188,2025-03-03,P05,Storage,Marketplace,Aegean,1,31.5,15.36,16.14
S00189,2025-03-03,P03,Displays,Marketplace,Marmara,2,498,297.43,200.57
S00190,2025-03-03,P02,Audio,Retail,Central Anatolia,6,450,276.24,173.76
S00191,2025-03-04,P05,Storage,Retail,Marmara,3,105,56.76,48.24
S00192,2025-03-04,P03,Displays,Marketplace,Central Anatolia,5,337.5,170.11,167.39
S00193,2025-03-05,P01,Accessories,Marketplace,Marmara,5,895,602.96,292.04
S00194,2025-03-05,P02,Audio,Online,Central Anatolia,5,895,471.14,423.86
S00195,2025-03-06,P04,Office,Marketplace,Central Anatolia,2,70,43.2,26.8
S00196,2025-03-06,P03,Displays,Online,Aegean,1,67.5,36.55,30.95
S00197,2025-03-06,P04,Office,Marketplace,Aegean,6,279.3,188.41,90.89
S00198,2025-03-06,P04,Office,Retail,Central Anatolia,2,98,56.06,41.94
S00199,2025-03-06,P05,Storage,Marketplace,Central Anatolia,1,44.1,22.38,21.72
S00200,2025-03-07,P02,Audio,Online,Aegean,1,67.5,39.92,27.58
S00201,2025-03-07,P05,Storage,Retail,Aegean,6,405.0,224.53,180.47
S00202,2025-03-07,P03,Displays,Marketplace,Central Anatolia,3,357,176.16,180.84
S00203,2025-03-07,P02,Audio,Retail,Central Anatolia,2,66.5,40.13,26.37
S00204,2025-03-07,P04,Office,Online,Central Anatolia,3,357,208.55,148.45
S00205,2025-03-08,P04,Office,Marketplace,Central Anatolia,6,450,219.77,230.23
S00206,2025-03-08,P02,Audio,Retail,Central Anatolia,3,147,98.79,48.21
S00207,2025-03-08,P03,Displays,Online,Aegean,3,747,441.75,305.25
S00208,2025-03-08,P02,Audio,Retail,Central Anatolia,3,709.65,462.75,246.9
S00209,2025-03-09,P05,Storage,Retail,Aegean,4,133.0,89.57,43.43
S00210,2025-03-09,P01,Accessories,Marketplace,Marmara,6,450,235.59,214.41
S00211,2025-03-10,P05,Storage,Online,Aegean,3,357,187.95,169.05
S00212,2025-03-10,P04,Office,Marketplace,Aegean,2,358,230.51,127.49
S00213,2025-03-10,P04,Office,Marketplace,Aegean,1,49,30.27,18.73
S00214,2025-03-11,P05,Storage,Retail,Central Anatolia,3,672.3,334.73,337.57
S00215,2025-03-11,P02,Audio,Online,Central Anatolia,6,405.0,274.0,131.0
S00216,2025-03-11,P02,Audio,Retail,Marmara,3,537,328.64,208.36
S00217,2025-03-11,P01,Accessories,Marketplace,Central Anatolia,5,166.25,104.82,61.43
S00218,2025-03-12,P02,Audio,Retail,Aegean,6,450,227.51,222.49
S00219,2025-03-12,P05,Storage,Marketplace,Marmara,5,805.5,488.73,316.77
S00220,2025-03-12,P05,Storage,Retail,Aegean,1,179,103.73,75.27
S00221,2025-03-13,P03,Displays,Retail,Aegean,4,140,77.75,62.25
S00222,2025-03-13,P02,Audio,Online,Marmara,2,142.5,83.77,58.73
S00223,2025-03-13,P03,Displays,Retail,Central Anatolia,4,996,528.24,467.76
S00224,2025-03-13,P01,Accessories,Marketplace,Aegean,5,337.5,223.42,114.08
S00225,2025-03-13,P02,Audio,Retail,Central Anatolia,5,166.25,104.26,61.99
S00226,2025-03-14,P03,Displays,Marketplace,Central Anatolia,4,716,396.35,319.65
S00227,2025-03-14,P04,Office,Retail,Central Anatolia,3,99.75,58.47,41.28
S00228,2025-03-14,P04,Office,Marketplace,Aegean,5,375,231.51,143.49
S00229,2025-03-15,P04,Office,Retail,Aegean,4,644.4,333.68,310.72
S00230,2025-03-15,P02,Audio,Retail,Marmara,2,70,34.57,35.43
S00231,2025-03-16,P01,Accessories,Online,Marmara,2,498,328.58,169.42
S00232,2025-03-16,P02,Audio,Online,Aegean,5,1245,680.4,564.6
S00233,2025-03-16,P05,Storage,Marketplace,Marmara,6,1494,1006.14,487.86
S00234,2025-03-16,P03,Displays,Online,Aegean,3,709.65,474.99,234.66
S00235,2025-03-16,P02,Audio,Online,Aegean,3,339.15,228.12,111.03
S00236,2025-03-17,P03,Displays,Online,Aegean,5,245,151.44,93.56
S00237,2025-03-18,P04,Office,Retail,Aegean,4,196,130.39,65.61
S00238,2025-03-18,P05,Storage,Retail,Marmara,3,139.65,75.04,64.61
S00239,2025-03-19,P03,Displays,Retail,Marmara,5,595,288.5,306.5
S00240,2025-03-19,P05,Storage,Retail,Aegean,1,44.1,24.71,19.39
S00241,2025-03-20,P04,Office,Online,Central Anatolia,5,895,454.38,440.62
S00242,2025-03-20,P03,Displays,Retail,Central Anatolia,5,565.25,326.89,238.36
S00243,2025-03-20,P03,Displays,Marketplace,Aegean,1,49,25.34,23.66
S00244,2025-03-20,P03,Displays,Online,Aegean,5,535.5,282.18,253.32
S00245,2025-03-20,P03,Displays,Retail,Central Anatolia,5,1245,706.58,538.42
S00246,2025-03-21,P04,Office,Retail,Marmara,5,1120.5,605.17,515.33
S00247,2025-03-21,P04,Office,Marketplace,Marmara,2,88.2,54.69,33.51
S00248,2025-03-21,P01,Accessories,Marketplace,Aegean,2,473.1,279.79,193.31
S00249,2025-03-21,P04,Office,Online,Aegean,2,93.1,54.14,38.96
S00250,2025-03-21,P04,Office,Retail,Aegean,4,300,193.24,106.76
S00251,2025-03-22,P03,Displays,Online,Marmara,6,1074,699.23,374.77
S00252,2025-03-23,P02,Audio,Marketplace,Aegean,6,427.5,281.91,145.59
S00253,2025-03-23,P01,Accessories,Marketplace,Central Anatolia,5,232.75,113.34,119.41
S00254,2025-03-24,P04,Office,Online,Aegean,1,44.1,23.22,20.88
S00255,2025-03-24,P05,Storage,Retail,Aegean,3,747,392.7,354.3
S00256,2025-03-24,P01,Accessories,Retail,Central Anatolia,6,210,103.16,106.84
S00257,2025-03-24,P05,Storage,Marketplace,Aegean,6,1494,962.74,531.26
S00258,2025-03-25,P01,Accessories,Retail,Aegean,3,321.3,205.75,115.55
S00259,2025-03-26,P04,Office,Online,Central Anatolia,5,595,310.88,284.12
S00260,2025-03-27,P02,Audio,Retail,Aegean,6,678.3,375.92,302.38
S00261,2025-03-27,P01,Accessories,Retail,Marmara,4,428.4,232.97,195.43
S00262,2025-03-28,P02,Audio,Marketplace,Central Anatolia,1,170.05,97.68,72.37
S00263,2025-03-28,P01,Accessories,Online,Central Anatolia,6,714,365.91,348.09
S00264,2025-03-29,P01,Accessories,Online,Marmara,5,337.5,205.92,131.58
S00265,2025-03-29,P04,Office,Online,Central Anatolia,3,139.65,82.21,57.44
S00266,2025-03-29,P03,Displays,Retail,Marmara,1,35,18.65,16.35
S00267,2025-03-29,P01,Accessories,Retail,Central Anatolia,6,210,124.39,85.61
S00268,2025-03-30,P03,Displays,Marketplace,Marmara,4,644.4,430.84,213.56
S00269,2025-03-31,P01,Accessories,Retail,Marmara,2,150,75.24,74.76
S00270,2025-03-31,P02,Audio,Retail,Aegean,1,46.55,24.28,22.27
S00271,2025-04-01,P03,Displays,Retail,Aegean,6,642.6,434.73,207.87
S00272,2025-04-01,P03,Displays,Marketplace,Aegean,1,107.1,55.29,51.81
S00273,2025-04-01,P05,Storage,Marketplace,Marmara,5,895,432.16,462.84
S00274,2025-04-01,P01,Accessories,Marketplace,Aegean,4,680.2,431.57,248.63
S00275,2025-04-02,P01,Accessories,Marketplace,Marmara,5,1245,824.81,420.19
S00276,2025-04-03,P01,Accessories,Marketplace,Aegean,4,476,272.71,203.29
S00277,2025-04-03,P05,Storage,Online,Aegean,3,339.15,202.5,136.65
S00278,2025-04-03,P05,Storage,Online,Central Anatolia,2,150,89.05,60.95
S00279,2025-04-04,P05,Storage,Marketplace,Central Anatolia,6,405.0,239.55,165.45
S00280,2025-04-04,P03,Displays,Retail,Marmara,4,716,359.92,356.08
S00281,2025-04-04,P03,Displays,Retail,Aegean,6,405.0,203.21,201.79
S00282,2025-04-04,P03,Displays,Marketplace,Aegean,5,220.5,145.84,74.66
S00283,2025-04-05,P05,Storage,Retail,Central Anatolia,4,896.4,450.25,446.15
S00284,2025-04-05,P05,Storage,Retail,Marmara,5,375,183.01,191.99
S00285,2025-04-05,P05,Storage,Retail,Marmara,4,270.0,150.25,119.75
S00286,2025-04-06,P04,Office,Marketplace,Marmara,2,358,218.66,139.34
S00287,2025-04-06,P01,Accessories,Marketplace,Marmara,6,189.0,114.37,74.63
S00288,2025-04-07,P03,Displays,Retail,Marmara,2,214.2,140.9,73.3
S00289,2025-04-07,P01,Accessories,Marketplace,Aegean,2,238,132.17,105.83
S00290,2025-04-07,P04,Office,Marketplace,Aegean,5,895,596.5,298.5
S00291,2025-04-07,P05,Storage,Marketplace,Aegean,5,565.25,370.64,194.61
S00292,2025-04-07,P02,Audio,Marketplace,Aegean,6,966.6,489.74,476.86
S00293,2025-04-08,P04,Office,Online,Aegean,4,285.0,145.52,139.48
S00294,2025-04-08,P01,Accessories,Online,Marmara,5,245,155.74,89.26
S00295,2025-04-08,P01,Accessories,Marketplace,Central Anatolia,5,375,225.55,149.45
S00296,2025-04-08,P03,Displays,Retail,Marmara,2,142.5,95.35,47.15
S00297,2025-04-08,P05,Storage,Marketplace,Central Anatolia,6,210,124.88,85.12
S00298,2025-04-09,P02,Audio,Retail,Aegean,2,70,46.34,23.66
S00299,2025-04-09,P04,Office,Marketplace,Aegean,2,322.2,215.52,106.68
S00300,2025-04-09,P02,Audio,Marketplace,Aegean,1,71.25,47.22,24.03
S00301,2025-04-10,P05,Storage,Retail,Central Anatolia,5,1120.5,657.9,462.6
S00302,2025-04-11,P05,Storage,Marketplace,Central Anatolia,5,1245,685.17,559.83
S00303,2025-04-11,P01,Accessories,Online,Aegean,2,358,237.78,120.22
S00304,2025-04-11,P05,Storage,Retail,Central Anatolia,6,1074,621.8,452.2
S00305,2025-04-12,P04,Office,Marketplace,Marmara,3,225,148.44,76.56
S00306,2025-04-12,P03,Displays,Retail,Aegean,5,1245,829.38,415.62
S00307,2025-04-12,P02,Audio,Marketplace,Marmara,5,850.25,519.66,330.59
S00308,2025-04-13,P05,Storage,Marketplace,Marmara,6,1344.6,755.96,588.64
S00309,2025-04-13,P03,Displays,Online,Central Anatolia,5,220.5,130.02,90.48
S00310,2025-04-14,P04,Office,Marketplace,Marmara,1,49,32.4,16.6
S00311,2025-04-15,P01,Accessories,Marketplace,Aegean,3,672.3,447.62,224.68
S00312,2025-04-15,P01,Accessories,Retail,Marmara,2,448.2,277.23,170.97
S00313,2025-04-15,P05,Storage,Online,Central Anatolia,3,132.3,78.35,53.95
S00314,2025-04-15,P03,Displays,Retail,Aegean,4,996,660.52,335.48
S00315,2025-04-15,P01,Accessories,Retail,Marmara,1,67.5,32.52,34.98
S00316,2025-04-16,P04,Office,Marketplace,Central Anatolia,4,196,109.33,86.67
S00317,2025-04-16,P02,Audio,Retail,Aegean,5,232.75,113.76,118.99
S00318,2025-04-17,P02,Audio,Marketplace,Aegean,2,498,254.77,243.23
S00319,2025-04-17,P04,Office,Retail,Marmara,2,93.1,57.34,35.76
S00320,2025-04-17,P01,Accessories,Online,Marmara,5,232.75,125.37,107.38
S00321,2025-04-18,P02,Audio,Marketplace,Aegean,6,1344.6,799.61,544.99
S00322,2025-04-18,P04,Office,Retail,Central Anatolia,5,565.25,354.4,210.85
S00323,2025-04-18,P04,Office,Marketplace,Central Anatolia,6,1074,611.61,462.39
S00324,2025-04-18,P05,Storage,Retail,Aegean,1,44.1,28.53,15.57
S00325,2025-04-19,P03,Displays,Retail,Central Anatolia,5,895,433.48,461.52
S00326,2025-04-20,P05,Storage,Marketplace,Marmara,2,70,33.99,36.01
S00327,2025-04-21,P02,Audio,Retail,Aegean,2,93.1,61.63,31.47
S00328,2025-04-21,P02,Audio,Marketplace,Marmara,2,88.2,54.89,33.31
S00329,2025-04-21,P01,Accessories,Online,Central Anatolia,3,105,58.58,46.42
S00330,2025-04-21,P03,Displays,Marketplace,Aegean,5,535.5,362.88,172.62
S00331,2025-04-21,P03,Displays,Online,Aegean,4,270.0,144.85,125.15
S00332,2025-04-22,P05,Storage,Retail,Central Anatolia,4,186.2,97.81,88.39
S00333,2025-04-22,P02,Audio,Retail,Central Anatolia,2,98,49.95,48.05
S00334,2025-04-23,P02,Audio,Online,Aegean,6,1074,675.09,398.91
S00335,2025-04-23,P01,Accessories,Retail,Aegean,1,236.55,152.25,84.3
S00336,2025-04-23,P05,Storage,Online,Aegean,4,140,69.5,70.5
S00337,2025-04-24,P04,Office,Online,Central Anatolia,2,93.1,47.54,45.56
S00338,2025-04-24,P01,Accessories,Online,Marmara,5,245,152.48,92.52
S00339,2025-04-24,P03,Displays,Retail,Central Anatolia,3,105,56.35,48.65
S00340,2025-04-24,P05,Storage,Marketplace,Aegean,5,175,102.7,72.3
S00341,2025-04-24,P04,Office,Online,Central Anatolia,3,747,387.54,359.46
S00342,2025-04-25,P02,Audio,Marketplace,Central Anatolia,4,946.2,466.81,479.39
S00343,2025-04-25,P03,Displays,Marketplace,Central Anatolia,3,99.75,54.97,44.78
S00344,2025-04-26,P02,Audio,Online,Aegean,4,300,174.5,125.5
S00345,2025-04-27,P04,Office,Marketplace,Marmara,2,66.5,33.85,32.65
S00346,2025-04-27,P02,Audio,Retail,Marmara,5,157.5,75.67,81.83
S00347,2025-04-27,P04,Office,Marketplace,Aegean,6,1020.3,565.97,454.33
S00348,2025-04-28,P05,Storage,Retail,Marmara,1,49,29.24,19.76
S00349,2025-04-28,P01,Accessories,Online,Aegean,4,300,148.94,151.06
S00350,2025-04-28,P05,Storage,Online,Central Anatolia,1,71.25,39.06,32.19
S00351,2025-04-29,P02,Audio,Online,Marmara,5,375,210.06,164.94
S00352,2025-04-29,P04,Office,Marketplace,Aegean,1,119,73.1,45.9
S00353,2025-04-30,P03,Displays,Marketplace,Central Anatolia,2,448.2,274.0,174.2
S00354,2025-04-30,P03,Displays,Marketplace,Aegean,1,46.55,27.97,18.58
S00355,2025-04-30,P04,Office,Retail,Marmara,3,510.15,340.5,169.65
S00356,2025-04-30,P03,Displays,Retail,Central Anatolia,6,264.6,160.06,104.54
S00357,2025-05-01,P05,Storage,Marketplace,Marmara,4,476,289.94,186.06
S00358,2025-05-01,P03,Displays,Online,Aegean,5,535.5,329.85,205.65
S00359,2025-05-02,P05,Storage,Retail,Marmara,4,300,174.21,125.79
S00360,2025-05-03,P01,Accessories,Marketplace,Marmara,1,249,140.47,108.53
S00361,2025-05-03,P01,Accessories,Retail,Aegean,2,98,53.21,44.79
S00362,2025-05-03,P05,Storage,Online,Aegean,6,450,299.91,150.09
S00363,2025-05-03,P01,Accessories,Online,Central Anatolia,6,642.6,413.53,229.07
S00364,2025-05-03,P04,Office,Online,Central Anatolia,4,176.4,111.25,65.15
S00365,2025-05-04,P01,Accessories,Marketplace,Aegean,6,210,113.09,96.91
S00366,2025-05-04,P03,Displays,Retail,Central Anatolia,1,67.5,43.13,24.37
S00367,2025-05-04,P02,Audio,Online,Central Anatolia,3,94.5,52.79,41.71
S00368,2025-05-04,P04,Office,Marketplace,Aegean,1,49,24.33,24.67
S00369,2025-05-04,P03,Displays,Online,Central Anatolia,3,105,67.8,37.2
S00370,2025-05-05,P05,Storage,Marketplace,Marmara,1,75,44.75,30.25
S00371,2025-05-06,P01,Accessories,Retail,Central Anatolia,1,75,39.74,35.26
S00372,2025-05-06,P04,Office,Online,Aegean,2,358,174.9,183.1
S00373,2025-05-06,P03,Displays,Retail,Central Anatolia,6,1074,623.24,450.76
S00374,2025-05-06,P03,Displays,Retail,Marmara,1,224.1,113.63,110.47
S00375,2025-05-06,P01,Accessories,Marketplace,Marmara,5,1182.75,719.7,463.05
S00376,2025-05-07,P05,Storage,Online,Central Anatolia,6,1074,619.67,454.33
S00377,2025-05-07,P01,Accessories,Online,Aegean,6,1419.3,810.49,608.81
S00378,2025-05-07,P01,Accessories,Retail,Central Anatolia,1,46.55,30.94,15.61
S00379,2025-05-08,P01,Accessories,Retail,Central Anatolia,2,70,40.51,29.49
S00380,2025-05-08,P04,Office,Marketplace,Marmara,5,895,486.03,408.97
S00381,2025-05-08,P02,Audio,Retail,Central Anatolia,4,428.4,240.61,187.79
S00382,2025-05-08,P01,Accessories,Online,Marmara,5,850.25,507.78,342.47
S00383,2025-05-09,P05,Storage,Online,Marmara,6,1494,987.59,506.41
S00384,2025-05-09,P03,Displays,Retail,Marmara,5,805.5,388.69,416.81
S00385,2025-05-09,P02,Audio,Online,Marmara,6,1020.3,642.35,377.95
S00386,2025-05-09,P03,Displays,Marketplace,Central Anatolia,5,232.75,146.8,85.95
S00387,2025-05-09,P04,Office,Marketplace,Aegean,5,356.25,195.28,160.97
S00388,2025-05-10,P04,Office,Retail,Aegean,4,133.0,71.35,61.65
S00389,2025-05-10,P05,Storage,Retail,Marmara,1,113.05,75.59,37.46
S00390,2025-05-10,P04,Office,Online,Central Anatolia,5,565.25,347.25,218.0
S00391,2025-05-10,P05,Storage,Retail,Central Anatolia,3,747,462.11,284.89
S00392,2025-05-10,P02,Audio,Online,Central Anatolia,5,895,566.92,328.08
S00393,2025-05-11,P01,Accessories,Retail,Central Anatolia,2,214.2,143.63,70.57
S00394,2025-05-11,P03,Displays,Marketplace,Marmara,5,805.5,469.49,336.01
S00395,2025-05-11,P03,Displays,Marketplace,Aegean,3,510.15,344.03,166.12
S00396,2025-05-11,P03,Displays,Online,Central Anatolia,1,33.25,16.4,16.85
S00397,2025-05-11,P03,Displays,Marketplace,Central Anatolia,4,946.2,462.51,483.69
S00398,2025-05-12,P05,Storage,Retail,Aegean,1,179,116.89,62.11
S00399,2025-05-13,P05,Storage,Retail,Marmara,3,747,370.93,376.07
S00400,2025-05-13,P03,Displays,Online,Central Anatolia,4,476,283.44,192.56
S00401,2025-05-13,P01,Accessories,Online,Marmara,4,476,261.58,214.42
S00402,2025-05-14,P05,Storage,Online,Central Anatolia,2,150,81.72,68.28
S00403,2025-05-14,P04,Office,Retail,Marmara,3,709.65,354.68,354.97
S00404,2025-05-14,P03,Displays,Marketplace,Central Anatolia,2,70,44.92,25.08
S00405,2025-05-15,P01,Accessories,Marketplace,Marmara,4,680.2,350.44,329.76
S00406,2025-05-15,P04,Office,Marketplace,Aegean,4,133.0,77.31,55.69
S00407,2025-05-15,P04,Office,Online,Aegean,1,31.5,15.52,15.98
S00408,2025-05-16,P05,Storage,Marketplace,Marmara,5,175,100.53,74.47
S00409,2025-05-16,P03,Displays,Retail,Aegean,5,595,313.38,281.62
S00410,2025-05-17,P02,Audio,Online,Aegean,5,337.5,181.29,156.21
S00411,2025-05-18,P03,Displays,Marketplace,Marmara,5,232.75,140.38,92.37
S00412,2025-05-19,P03,Displays,Online,Aegean,2,88.2,47.34,40.86
S00413,2025-05-19,P01,Accessories,Marketplace,Aegean,5,175,94.87,80.13
S00414,2025-05-19,P02,Audio,Online,Central Anatolia,4,680.2,335.32,344.88
S00415,2025-05-19,P03,Displays,Marketplace,Marmara,1,161.1,79.8,81.3
S00416,2025-05-20,P02,Audio,Online,Central Anatolia,3,339.15,184.44,154.71
S00417,2025-05-20,P03,Displays,Marketplace,Aegean,3,357,182.7,174.3
S00418,2025-05-20,P03,Displays,Marketplace,Marmara,4,126.0,85.2,40.8
S00419,2025-05-21,P01,Accessories,Online,Central Anatolia,1,75,43.4,31.6
S00420,2025-05-21,P04,Office,Marketplace,Aegean,1,179,101.87,77.13
S00421,2025-05-22,P05,Storage,Marketplace,Marmara,1,49,32.62,16.38
S00422,2025-05-22,P01,Accessories,Online,Aegean,3,357,207.54,149.46
S00423,2025-05-22,P05,Storage,Retail,Marmara,2,150,89.57,60.43
S00424,2025-05-22,P04,Office,Marketplace,Marmara,5,1182.75,658.25,524.5
S00425,2025-05-22,P01,Accessories,Marketplace,Central Anatolia,5,595,332.84,262.16
S00426,2025-05-23,P02,Audio,Online,Aegean,3,709.65,403.61,306.04
S00427,2025-05-23,P03,Displays,Online,Aegean,4,716,378.9,337.1
S00428,2025-05-23,P05,Storage,Online,Marmara,1,71.25,41.66,29.59
S00429,2025-05-24,P04,Office,Retail,Central Anatolia,2,63.0,33.55,29.45
S00430,2025-05-24,P04,Office,Online,Aegean,5,337.5,203.87,133.63
S00431,2025-05-24,P02,Audio,Retail,Central Anatolia,4,300,190.72,109.28
S00432,2025-05-25,P01,Accessories,Online,Marmara,6,714,470.2,243.8
S00433,2025-05-25,P02,Audio,Marketplace,Central Anatolia,2,498,295.57,202.43
S00434,2025-05-25,P03,Displays,Online,Aegean,2,322.2,156.61,165.59
S00435,2025-05-25,P04,Office,Marketplace,Aegean,4,176.4,115.45,60.95
S00436,2025-05-25,P01,Accessories,Online,Central Anatolia,1,224.1,121.28,102.82
S00437,2025-05-26,P03,Displays,Marketplace,Marmara,4,196,109.76,86.24
S00438,2025-05-26,P05,Storage,Retail,Marmara,3,747,418.25,328.75
S00439,2025-05-26,P01,Accessories,Online,Central Anatolia,4,300,192.58,107.42
S00440,2025-05-26,P01,Accessories,Online,Aegean,4,996,621.46,374.54
S00441,2025-05-27,P03,Displays,Online,Aegean,2,98,61.65,36.35
S00442,2025-05-27,P04,Office,Retail,Aegean,4,644.4,431.37,213.03
S00443,2025-05-28,P04,Office,Retail,Marmara,3,321.3,186.54,134.76
S00444,2025-05-28,P01,Accessories,Marketplace,Central Anatolia,3,747,493.31,253.69
S00445,2025-05-29,P04,Office,Retail,Central Anatolia,5,245,119.56,125.44
S00446,2025-05-29,P05,Storage,Marketplace,Marmara,4,476,298.74,177.26
S00447,2025-05-29,P04,Office,Marketplace,Marmara,3,747,496.98,250.02
S00448,2025-05-30,P02,Audio,Online,Marmara,5,595,399.97,195.03
S00449,2025-05-30,P03,Displays,Online,Central Anatolia,1,67.5,41.42,26.08
S00450,2025-05-30,P04,Office,Online,Central Anatolia,1,31.5,15.52,15.98
S00451,2025-05-30,P02,Audio,Retail,Central Anatolia,6,642.6,403.55,239.05
S00452,2025-05-31,P01,Accessories,Marketplace,Aegean,5,895,432.58,462.42
S00453,2025-05-31,P05,Storage,Retail,Aegean,2,214.2,110.6,103.6
S00454,2025-05-31,P04,Office,Online,Marmara,4,300,156.51,143.49
S00455,2025-05-31,P01,Accessories,Marketplace,Central Anatolia,1,119,62.67,56.33
S00456,2025-05-31,P01,Accessories,Online,Central Anatolia,3,139.65,69.76,69.89
S00457,2025-06-01,P05,Storage,Marketplace,Central Anatolia,4,896.4,445.8,450.6
S00458,2025-06-01,P02,Audio,Online,Aegean,6,642.6,368.58,274.02
S00459,2025-06-02,P04,Office,Online,Aegean,1,35,21.96,13.04
S00460,2025-06-02,P02,Audio,Retail,Marmara,3,483.3,263.06,220.24
S00461,2025-06-02,P01,Accessories,Retail,Marmara,3,105,68.03,36.97
S00462,2025-06-03,P04,Office,Retail,Central Anatolia,3,537,316.3,220.7
S00463,2025-06-04,P05,Storage,Online,Central Anatolia,3,105,70.87,34.13
S00464,2025-06-04,P03,Displays,Retail,Marmara,4,300,179.46,120.54
S00465,2025-06-04,P03,Displays,Retail,Central Anatolia,3,510.15,289.08,221.07
S00466,2025-06-04,P05,Storage,Marketplace,Central Anatolia,3,537,341.14,195.86
S00467,2025-06-04,P05,Storage,Online,Marmara,6,1020.3,541.29,479.01
S00468,2025-06-05,P05,Storage,Online,Aegean,5,337.5,174.09,163.41
S00469,2025-06-05,P01,Accessories,Marketplace,Central Anatolia,5,595,301.31,293.69
S00470,2025-06-06,P04,Office,Online,Marmara,6,294,154.43,139.57
S00471,2025-06-06,P01,Accessories,Retail,Aegean,2,358,227.55,130.45
S00472,2025-06-06,P01,Accessories,Marketplace,Aegean,5,895,592.83,302.17
S00473,2025-06-07,P03,Displays,Marketplace,Central Anatolia,1,249,123.01,125.99
S00474,2025-06-07,P05,Storage,Online,Central Anatolia,3,139.65,76.7,62.95
S00475,2025-06-07,P04,Office,Online,Central Anatolia,1,249,136.65,112.35
S00476,2025-06-08,P05,Storage,Marketplace,Aegean,1,49,29.68,19.32
S00477,2025-06-09,P02,Audio,Marketplace,Marmara,4,186.2,118.3,67.9
S00478,2025-06-09,P01,Accessories,Retail,Marmara,4,285.0,142.6,142.4
S00479,2025-06-09,P05,Storage,Marketplace,Aegean,2,70,34.32,35.68
S00480,2025-06-09,P03,Displays,Online,Marmara,5,1245,697.46,547.54
S00481,2025-06-10,P05,Storage,Online,Marmara,6,1074,519.43,554.57
S00482,2025-06-10,P03,Displays,Retail,Aegean,3,672.3,406.07,266.23
S00483,2025-06-10,P03,Displays,Marketplace,Marmara,3,139.65,73.74,65.91
S00484,2025-06-10,P04,Office,Online,Marmara,3,94.5,57.73,36.77
S00485,2025-06-10,P03,Displays,Marketplace,Aegean,5,337.5,181.71,155.79
S00486,2025-06-11,P05,Storage,Online,Aegean,2,473.1,293.47,179.63
S00487,2025-06-11,P04,Office,Retail,Aegean,5,1120.5,553.97,566.53
S00488,2025-06-11,P01,Accessories,Marketplace,Marmara,6,714,379.35,334.65
S00489,2025-06-12,P03,Displays,Retail,Central Anatolia,5,595,291.66,303.34
S00490,2025-06-12,P04,Office,Online,Aegean,6,1020.3,657.69,362.61
S00491,2025-06-13,P04,Office,Retail,Central Anatolia,5,805.5,477.85,327.65
S00492,2025-06-14,P05,Storage,Retail,Aegean,2,498,252.4,245.6
S00493,2025-06-14,P05,Storage,Marketplace,Aegean,5,1245,679.7,565.3
S00494,2025-06-14,P02,Audio,Marketplace,Aegean,1,107.1,67.45,39.65
S00495,2025-06-15,P04,Office,Online,Marmara,3,672.3,343.43,328.87
S00496,2025-06-15,P05,Storage,Online,Marmara,1,44.1,28.16,15.94
S00497,2025-06-16,P05,Storage,Online,Aegean,3,99.75,61.85,37.9
S00498,2025-06-16,P02,Audio,Marketplace,Central Anatolia,3,202.5,121.88,80.62
S00499,2025-06-16,P02,Audio,Retail,Central Anatolia,3,747,470.66,276.34
S00500,2025-06-16,P02,Audio,Marketplace,Aegean,1,75,39.23,35.77
S00501,2025-06-16,P02,Audio,Retail,Marmara,5,595,286.45,308.55
S00502,2025-06-17,P03,Displays,Online,Aegean,1,75,47.64,27.36
S00503,2025-06-18,P03,Displays,Online,Central Anatolia,6,714,364.14,349.86
S00504,2025-06-18,P04,Office,Retail,Marmara,5,245,160.75,84.25
S00505,2025-06-19,P04,Office,Online,Aegean,4,285.0,149.19,135.81
S00506,2025-06-19,P05,Storage,Retail,Aegean,4,452.2,270.98,181.22
S00507,2025-06-20,P04,Office,Marketplace,Marmara,3,357,205.9,151.1
S00508,2025-06-21,P02,Audio,Marketplace,Aegean,1,249,140.45,108.55
S00509,2025-06-21,P04,Office,Retail,Aegean,3,339.15,206.25,132.9
S00510,2025-06-22,P04,Office,Retail,Marmara,1,249,136.61,112.39
S00511,2025-06-22,P03,Displays,Online,Central Anatolia,3,225,140.2,84.8
S00512,2025-06-22,P03,Displays,Retail,Central Anatolia,2,66.5,32.7,33.8
S00513,2025-06-23,P02,Audio,Marketplace,Aegean,3,99.75,53.21,46.54
S00514,2025-06-23,P04,Office,Retail,Aegean,3,147,99.95,47.05
S00515,2025-06-23,P03,Displays,Marketplace,Aegean,2,98,61.12,36.88
S00516,2025-06-23,P02,Audio,Marketplace,Central Anatolia,3,147,83.9,63.1
S00517,2025-06-24,P05,Storage,Marketplace,Aegean,2,93.1,60.09,33.01
S00518,2025-06-25,P03,Displays,Retail,Aegean,4,896.4,439.06,457.34
S00519,2025-06-25,P03,Displays,Marketplace,Aegean,1,119,77.05,41.95
S00520,2025-06-25,P01,Accessories,Marketplace,Marmara,5,356.25,220.41,135.84
S00521,2025-06-25,P05,Storage,Online,Central Anatolia,6,189.0,98.95,90.05
S00522,2025-06-25,P02,Audio,Marketplace,Central Anatolia,2,142.5,77.32,65.18
S00523,2025-06-26,P04,Office,Online,Aegean,1,224.1,133.45,90.65
S00524,2025-06-27,P03,Displays,Retail,Aegean,2,473.1,278.51,194.59
S00525,2025-06-27,P01,Accessories,Online,Aegean,5,220.5,140.88,79.62
S00526,2025-06-27,P04,Office,Marketplace,Marmara,5,1245,755.08,489.92
S00527,2025-06-27,P04,Office,Retail,Central Anatolia,1,249,144.97,104.03
S00528,2025-06-27,P02,Audio,Online,Aegean,6,294,149.35,144.65
S00529,2025-06-28,P02,Audio,Marketplace,Central Anatolia,1,35,20.33,14.67
S00530,2025-06-28,P04,Office,Marketplace,Marmara,6,210,125.32,84.68
S00531,2025-06-28,P04,Office,Retail,Central Anatolia,1,119,71.15,47.85
S00532,2025-06-28,P05,Storage,Marketplace,Marmara,5,850.25,488.36,361.89
S00533,2025-06-28,P05,Storage,Retail,Aegean,1,44.1,27.99,16.11
S00534,2025-06-29,P04,Office,Retail,Aegean,3,537,343.83,193.17
S00535,2025-06-29,P03,Displays,Online,Aegean,6,642.6,321.46,321.14
S00536,2025-06-30,P02,Audio,Retail,Central Anatolia,6,450,291.2,158.8
S00537,2025-06-30,P01,Accessories,Marketplace,Central Anatolia,2,70,42.47,27.53
S00538,2025-07-01,P04,Office,Retail,Central Anatolia,3,99.75,51.04,48.71
S00539,2025-07-02,P05,Storage,Marketplace,Marmara,1,67.5,33.59,33.91
S00540,2025-07-02,P01,Accessories,Marketplace,Central Anatolia,2,150,90.03,59.97
S00541,2025-07-02,P04,Office,Retail,Aegean,1,46.55,28.86,17.69
S00542,2025-07-02,P03,Displays,Marketplace,Marmara,5,1182.75,688.12,494.63
S00543,2025-07-03,P01,Accessories,Online,Central Anatolia,5,375,245.94,129.06
S00544,2025-07-04,P03,Displays,Retail,Marmara,1,161.1,87.04,74.06
S00545,2025-07-05,P02,Audio,Marketplace,Central Anatolia,4,996,575.31,420.69
S00546,2025-07-05,P03,Displays,Online,Marmara,6,210,127.62,82.38
S00547,2025-07-05,P05,Storage,Online,Marmara,1,107.1,68.19,38.91
S00548,2025-07-05,P02,Audio,Online,Aegean,5,1245,833.31,411.69
S00549,2025-07-05,P05,Storage,Online,Central Anatolia,5,175,118.55,56.45
S00550,2025-07-06,P05,Storage,Retail,Marmara,2,142.5,72.11,70.39
S00551,2025-07-06,P02,Audio,Marketplace,Aegean,2,238,138.97,99.03
S00552,2025-07-06,P01,Accessories,Marketplace,Central Anatolia,5,595,354.28,240.72
S00553,2025-07-07,P04,Office,Online,Marmara,3,747,393.81,353.19
S00554,2025-07-07,P05,Storage,Retail,Central Anatolia,1,46.55,26.77,19.78
S00555,2025-07-07,P03,Displays,Online,Aegean,5,175,109.44,65.56
S00556,2025-07-07,P03,Displays,Marketplace,Central Anatolia,4,476,244.38,231.62
S00557,2025-07-08,P01,Accessories,Retail,Marmara,4,186.2,91.96,94.24
S00558,2025-07-08,P03,Displays,Online,Central Anatolia,3,357,176.26,180.74
S00559,2025-07-08,P01,Accessories,Retail,Central Anatolia,2,98,59.51,38.49
S00560,2025-07-08,P04,Office,Retail,Central Anatolia,6,210,116.68,93.32
S00561,2025-07-08,P04,Office,Marketplace,Central Anatolia,6,405.0,239.19,165.81
S00562,2025-07-09,P04,Office,Retail,Marmara,3,225,133.33,91.67
S00563,2025-07-09,P05,Storage,Online,Central Anatolia,2,70,37.06,32.94
S00564,2025-07-09,P03,Displays,Online,Marmara,5,220.5,107.2,113.3
S00565,2025-07-09,P02,Audio,Online,Central Anatolia,3,709.65,480.35,229.3
S00566,2025-07-09,P01,Accessories,Retail,Aegean,5,565.25,349.7,215.55
S00567,2025-07-10,P01,Accessories,Online,Aegean,3,747,456.76,290.24
S00568,2025-07-10,P04,Office,Retail,Marmara,6,1074,683.75,390.25
S00569,2025-07-10,P04,Office,Marketplace,Aegean,2,150,101.03,48.97
S00570,2025-07-10,P02,Audio,Retail,Aegean,3,147,86.96,60.04
S00571,2025-07-11,P04,Office,Marketplace,Central Anatolia,2,70,34.87,35.13
S00572,2025-07-11,P01,Accessories,Retail,Aegean,2,473.1,304.08,169.02
S00573,2025-07-11,P03,Displays,Online,Aegean,4,716,343.89,372.11
S00574,2025-07-12,P04,Office,Marketplace,Marmara,4,716,465.89,250.11
S00575,2025-07-12,P04,Office,Retail,Marmara,4,196,100.61,95.39
S00576,2025-07-13,P02,Audio,Marketplace,Central Anatolia,3,747,392.2,354.8
S00577,2025-07-13,P03,Displays,Online,Central Anatolia,4,133.0,85.44,47.56
S00578,2025-07-13,P03,Displays,Online,Marmara,6,189.0,97.51,91.49
S00579,2025-07-14,P05,Storage,Marketplace,Aegean,1,113.05,69.81,43.24
S00580,2025-07-14,P02,Audio,Online,Central Anatolia,1,31.5,21.16,10.34
S00581,2025-07-14,P02,Audio,Retail,Marmara,3,747,443.9,303.1
S00582,2025-07-15,P04,Office,Marketplace,Aegean,4,476,322.55,153.45
S00583,2025-07-15,P03,Displays,Online,Marmara,6,210,103.7,106.3
S00584,2025-07-15,P01,Accessories,Marketplace,Aegean,5,375,222.55,152.45
S00585,2025-07-15,P03,Displays,Online,Aegean,1,119,68.92,50.08
S00586,2025-07-16,P03,Displays,Marketplace,Central Anatolia,6,294,160.62,133.38
S00587,2025-07-16,P02,Audio,Online,Central Anatolia,1,49,29.46,19.54
S00588,2025-07-16,P04,Office,Online,Central Anatolia,3,202.5,117.62,84.88
S00589,2025-07-17,P03,Displays,Retail,Central Anatolia,5,175,104.95,70.05
S00590,2025-07-17,P04,Office,Retail,Marmara,4,680.2,404.6,275.6
S00591,2025-07-17,P03,Displays,Retail,Central Anatolia,4,476,301.11,174.89
S00592,2025-07-17,P03,Displays,Online,Aegean,6,279.3,139.56,139.74
S00593,2025-07-17,P01,Accessories,Retail,Aegean,3,94.5,60.81,33.69
S00594,2025-07-18,P02,Audio,Retail,Marmara,2,142.5,89.61,52.89
S00595,2025-07-18,P01,Accessories,Marketplace,Aegean,2,70,37.9,32.1
S00596,2025-07-19,P03,Displays,Retail,Aegean,1,224.1,129.35,94.75
S00597,2025-07-19,P02,Audio,Online,Aegean,6,189.0,119.96,69.04
S00598,2025-07-19,P04,Office,Retail,Central Anatolia,5,895,480.66,414.34
S00599,2025-07-20,P01,Accessories,Marketplace,Central Anatolia,4,716,358.33,357.67
S00600,2025-07-20,P04,Office,Marketplace,Marmara,6,1494,916.35,577.65
S00601,2025-07-20,P04,Office,Online,Marmara,2,98,59.69,38.31
S00602,2025-07-21,P03,Displays,Retail,Marmara,6,1344.6,654.11,690.49
S00603,2025-07-21,P04,Office,Marketplace,Aegean,5,595,340.19,254.81
S00604,2025-07-21,P02,Audio,Marketplace,Aegean,2,150,84.13,65.87
S00605,2025-07-21,P01,Accessories,Online,Aegean,2,135.0,91.39,43.61
S00606,2025-07-21,P02,Audio,Online,Marmara,1,49,25.48,23.52
S00607,2025-07-22,P03,Displays,Marketplace,Marmara,2,340.1,203.9,136.2
S00608,2025-07-22,P02,Audio,Retail,Aegean,4,176.4,93.33,83.07
S00609,2025-07-22,P03,Displays,Marketplace,Aegean,5,895,594.3,300.7
S00610,2025-07-22,P03,Displays,Retail,Aegean,2,70,45.01,24.99
S00611,2025-07-23,P01,Accessories,Marketplace,Central Anatolia,5,595,347.74,247.26
S00612,2025-07-23,P01,Accessories,Marketplace,Aegean,2,98,56.63,41.37
S00613,2025-07-23,P04,Office,Online,Central Anatolia,1,107.1,59.15,47.95
S00614,2025-07-24,P05,Storage,Marketplace,Marmara,3,147,89.03,57.97
S00615,2025-07-24,P03,Displays,Marketplace,Aegean,1,35,20.84,14.16
S00616,2025-07-25,P05,Storage,Marketplace,Marmara,3,537,272.5,264.5
S00617,2025-07-25,P02,Audio,Retail,Central Anatolia,6,714,410.83,303.17
S00618,2025-07-25,P05,Storage,Marketplace,Marmara,3,709.65,383.23,326.42
S00619,2025-07-26,P04,Office,Marketplace,Aegean,6,405.0,262.02,142.98
S00620,2025-07-27,P04,Office,Online,Central Anatolia,3,747,418.85,328.15
S00621,2025-07-27,P01,Accessories,Marketplace,Aegean,1,179,119.22,59.78
S00622,2025-07-27,P04,Office,Retail,Marmara,1,236.55,120.9,115.65
S00623,2025-07-27,P05,Storage,Marketplace,Marmara,6,642.6,418.97,223.63
S00624,2025-07-28,P03,Displays,Marketplace,Marmara,6,1419.3,782.6,636.7
S00625,2025-07-28,P01,Accessories,Marketplace,Aegean,2,135.0,69.03,65.97
S00626,2025-07-28,P05,Storage,Online,Marmara,4,896.4,559.43,336.97
S00627,2025-07-29,P02,Audio,Retail,Central Anatolia,5,232.75,130.9,101.85
S00628,2025-07-29,P02,Audio,Online,Aegean,4,452.2,264.15,188.05
S00629,2025-07-29,P04,Office,Marketplace,Aegean,2,448.2,302.14,146.06
S00630,2025-07-29,P05,Storage,Online,Aegean,6,1494,950.38,543.62
S00631,2025-07-30,P01,Accessories,Retail,Central Anatolia,2,93.1,51.41,41.69
S00632,2025-07-30,P02,Audio,Retail,Central Anatolia,6,714,369.39,344.61
S00633,2025-07-30,P05,Storage,Online,Aegean,6,294,189.85,104.15
S00634,2025-07-30,P01,Accessories,Marketplace,Central Anatolia,6,294,179.77,114.23
S00635,2025-07-30,P04,Office,Retail,Aegean,2,93.1,45.12,47.98
S00636,2025-07-31,P02,Audio,Online,Marmara,2,448.2,215.58,232.62
S00637,2025-07-31,P05,Storage,Marketplace,Marmara,5,1245,690.37,554.63
S00638,2025-07-31,P02,Audio,Marketplace,Central Anatolia,5,595,373.56,221.44
S00639,2025-07-31,P02,Audio,Online,Marmara,1,49,26.19,22.81
S00640,2025-07-31,P03,Displays,Marketplace,Central Anatolia,4,270.0,179.74,90.26
S00641,2025-08-01,P03,Displays,Online,Marmara,2,448.2,225.18,223.02
S00642,2025-08-01,P03,Displays,Marketplace,Marmara,1,224.1,108.51,115.59
S00643,2025-08-01,P03,Displays,Online,Aegean,5,565.25,276.31,288.94
S00644,2025-08-02,P04,Office,Online,Central Anatolia,1,71.25,45.15,26.1
S00645,2025-08-02,P05,Storage,Retail,Central Anatolia,5,895,532.46,362.54
S00646,2025-08-02,P01,Accessories,Online,Marmara,6,450,304.23,145.77
S00647,2025-08-03,P04,Office,Marketplace,Aegean,2,448.2,225.51,222.69
S00648,2025-08-04,P03,Displays,Retail,Central Anatolia,6,210,128.34,81.66
S00649,2025-08-04,P03,Displays,Online,Marmara,1,35,17.77,17.23
S00650,2025-08-04,P04,Office,Retail,Central Anatolia,2,98,47.92,50.08
S00651,2025-08-04,P03,Displays,Retail,Central Anatolia,3,147,89.96,57.04
S00652,2025-08-05,P02,Audio,Retail,Marmara,3,225,134.43,90.57
S00653,2025-08-05,P04,Office,Retail,Central Anatolia,2,88.2,44.46,43.74
S00654,2025-08-05,P01,Accessories,Online,Aegean,3,94.5,59.87,34.63
S00655,2025-08-05,P03,Displays,Retail,Marmara,6,199.5,125.97,73.53
S00656,2025-08-06,P05,Storage,Marketplace,Central Anatolia,3,147,98.43,48.57
S00657,2025-08-06,P05,Storage,Retail,Aegean,6,642.6,358.02,284.58
S00658,2025-08-06,P03,Displays,Retail,Aegean,3,537,297.63,239.37
S00659,2025-08-06,P01,Accessories,Online,Aegean,6,405.0,272.65,132.35
S00660,2025-08-07,P02,Audio,Online,Central Anatolia,4,644.4,372.72,271.68
S00661,2025-08-07,P03,Displays,Retail,Marmara,4,452.2,303.33,148.87
S00662,2025-08-07,P05,Storage,Retail,Central Anatolia,4,140,82.8,57.2
S00663,2025-08-07,P05,Storage,Retail,Aegean,4,126.0,82.39,43.61
S00664,2025-08-07,P05,Storage,Online,Aegean,5,375,200.63,174.37
S00665,2025-08-08,P05,Storage,Retail,Aegean,5,166.25,95.07,71.18
S00666,2025-08-08,P01,Accessories,Online,Aegean,3,321.3,203.34,117.96
S00667,2025-08-08,P02,Audio,Marketplace,Marmara,1,75,38.6,36.4
S00668,2025-08-09,P05,Storage,Online,Aegean,2,358,214.84,143.16
S00669,2025-08-09,P04,Office,Online,Marmara,1,44.1,28.94,15.16
S00670,2025-08-09,P02,Audio,Online,Central Anatolia,4,896.4,434.09,462.31
S00671,2025-08-09,P03,Displays,Retail,Aegean,3,357,227.95,129.05
S00672,2025-08-10,P05,Storage,Retail,Aegean,3,357,232.92,124.08
S00673,2025-08-10,P01,Accessories,Marketplace,Central Anatolia,2,226.1,114.4,111.7
S00674,2025-08-10,P02,Audio,Retail,Marmara,2,358,179.11,178.89
S00675,2025-08-10,P01,Accessories,Online,Aegean,5,375,253.79,121.21
S00676,2025-08-10,P04,Office,Online,Aegean,1,75,42.96,32.04
S00677,2025-08-11,P05,Storage,Marketplace,Aegean,6,1344.6,775.16,569.44
S00678,2025-08-12,P03,Displays,Marketplace,Aegean,2,358,194.3,163.7
S00679,2025-08-12,P02,Audio,Online,Marmara,5,1182.75,592.9,589.85
S00680,2025-08-12,P04,Office,Online,Aegean,6,210,135.1,74.9
S00681,2025-08-12,P03,Displays,Marketplace,Aegean,4,133.0,87.58,45.42
S00682,2025-08-13,P04,Office,Retail,Marmara,4,996,661.64,334.36
S00683,2025-08-13,P03,Displays,Marketplace,Aegean,1,179,116.69,62.31
S00684,2025-08-14,P01,Accessories,Marketplace,Marmara,5,1245,686.95,558.05
S00685,2025-08-15,P01,Accessories,Marketplace,Marmara,2,238,122.46,115.54
S00686,2025-08-16,P01,Accessories,Retail,Marmara,5,895,496.49,398.51
S00687,2025-08-16,P03,Displays,Marketplace,Marmara,1,75,49.28,25.72
S00688,2025-08-16,P05,Storage,Marketplace,Central Anatolia,3,483.3,242.34,240.96
S00689,2025-08-17,P01,Accessories,Retail,Central Anatolia,2,238,119.31,118.69
S00690,2025-08-17,P02,Audio,Marketplace,Central Anatolia,5,375,192.7,182.3
S00691,2025-08-18,P02,Audio,Online,Marmara,3,357,195.31,161.69
S00692,2025-08-19,P01,Accessories,Online,Marmara,6,1020.3,512.48,507.82
S00693,2025-08-19,P04,Office,Online,Aegean,1,119,65.65,53.35
S00694,2025-08-20,P05,Storage,Retail,Aegean,2,498,305.57,192.43
S00695,2025-08-21,P02,Audio,Retail,Central Anatolia,2,498,240.04,257.96
S00696,2025-08-22,P03,Displays,Retail,Central Anatolia,1,75,45.81,29.19
S00697,2025-08-22,P05,Storage,Marketplace,Central Anatolia,5,535.5,271.75,263.75
S00698,2025-08-23,P02,Audio,Marketplace,Marmara,5,157.5,87.84,69.66
S00699,2025-08-23,P04,Office,Marketplace,Aegean,5,245,157.43,87.57
S00700,2025-08-24,P05,Storage,Online,Aegean,4,644.4,322.34,322.06
S00701,2025-08-24,P05,Storage,Marketplace,Aegean,6,405.0,256.78,148.22
S00702,2025-08-24,P02,Audio,Online,Central Anatolia,4,680.2,428.59,251.61
S00703,2025-08-24,P03,Displays,Online,Marmara,1,31.5,21.05,10.45
S00704,2025-08-24,P03,Displays,Marketplace,Central Anatolia,2,150,95.32,54.68
S00705,2025-08-25,P03,Displays,Retail,Central Anatolia,6,1074,593.03,480.97
S00706,2025-08-25,P01,Accessories,Online,Aegean,2,142.5,74.03,68.47
S00707,2025-08-25,P04,Office,Retail,Central Anatolia,4,140,88.31,51.69
S00708,2025-08-25,P04,Office,Retail,Central Anatolia,6,1344.6,766.23,578.37
S00709,2025-08-25,P03,Displays,Online,Central Anatolia,4,300,158.8,141.2
S00710,2025-08-26,P01,Accessories,Online,Central Anatolia,3,132.3,88.95,43.35
S00711,2025-08-26,P04,Office,Marketplace,Aegean,6,189.0,115.95,73.05
S00712,2025-08-27,P05,Storage,Retail,Aegean,2,150,95.89,54.11
S00713,2025-08-27,P05,Storage,Retail,Aegean,3,537,293.23,243.77
S00714,2025-08-28,P04,Office,Marketplace,Aegean,2,88.2,58.47,29.73
S00715,2025-08-28,P04,Office,Marketplace,Aegean,6,405.0,241.96,163.04
S00716,2025-08-29,P03,Displays,Retail,Aegean,4,996,495.32,500.68
S00717,2025-08-29,P03,Displays,Online,Central Anatolia,3,213.75,127.62,86.13
S00718,2025-08-30,P05,Storage,Retail,Aegean,4,196,120.94,75.06
S00719,2025-08-30,P05,Storage,Marketplace,Central Anatolia,6,264.6,147.64,116.96
S00720,2025-08-31,P02,Audio,Online,Aegean,4,176.4,93.31,83.09
S00721,2025-08-31,P04,Office,Retail,Central Anatolia,5,535.5,343.38,192.12
S00722,2025-08-31,P03,Displays,Online,Central Anatolia,5,895,593.29,301.71
S00723,2025-08-31,P02,Audio,Marketplace,Aegean,6,714,469.42,244.58
S00724,2025-08-31,P05,Storage,Marketplace,Central Anatolia,2,448.2,254.47,193.73
S00725,2025-09-01,P01,Accessories,Marketplace,Marmara,6,1020.3,617.81,402.49
S00726,2025-09-02,P02,Audio,Online,Central Anatolia,6,427.5,257.52,169.98
S00727,2025-09-02,P01,Accessories,Retail,Marmara,4,476,266.89,209.11
S00728,2025-09-02,P04,Office,Online,Aegean,2,214.2,117.19,97.01
S00729,2025-09-02,P02,Audio,Retail,Marmara,1,119,72.94,46.06
S00730,2025-09-02,P03,Displays,Retail,Aegean,5,595,325.9,269.1
S00731,2025-09-03,P01,Accessories,Online,Aegean,2,135.0,81.99,53.01
S00732,2025-09-04,P02,Audio,Online,Central Anatolia,2,473.1,275.99,197.11
S00733,2025-09-04,P03,Displays,Retail,Aegean,1,179,110.25,68.75
S00734,2025-09-04,P01,Accessories,Online,Marmara,5,1120.5,740.75,379.75
S00735,2025-09-04,P01,Accessories,Marketplace,Central Anatolia,4,186.2,92.31,93.89
S00736,2025-09-04,P02,Audio,Marketplace,Aegean,3,132.3,79.08,53.22
S00737,2025-09-05,P01,Accessories,Retail,Central Anatolia,3,321.3,203.59,117.71
S00738,2025-09-06,P03,Displays,Online,Marmara,2,93.1,52.98,40.12
S00739,2025-09-06,P02,Audio,Retail,Marmara,6,642.6,354.59,288.01
S00740,2025-09-06,P01,Accessories,Online,Central Anatolia,1,236.55,152.36,84.19
S00741,2025-09-06,P04,Office,Online,Central Anatolia,3,139.65,89.37,50.28
S00742,2025-09-07,P02,Audio,Marketplace,Aegean,1,113.05,59.69,53.36
S00743,2025-09-07,P04,Office,Online,Marmara,1,119,75.55,43.45
S00744,2025-09-07,P04,Office,Retail,Aegean,5,245,155.96,89.04
S00745,2025-09-07,P03,Displays,Online,Marmara,6,294,150.65,143.35
S00746,2025-09-08,P03,Displays,Online,Marmara,4,176.4,90.33,86.07
S00747,2025-09-09,P01,Accessories,Marketplace,Marmara,5,175,88.43,86.57
S00748,2025-09-10,P04,Office,Online,Central Anatolia,3,147,99.86,47.14
S00749,2025-09-10,P02,Audio,Online,Central Anatolia,6,294,167.48,126.52
S00750,2025-09-10,P01,Accessories,Marketplace,Aegean,6,294,144.22,149.78
S00751,2025-09-10,P04,Office,Online,Central Anatolia,5,850.25,542.63,307.62
S00752,2025-09-10,P05,Storage,Online,Central Anatolia,1,249,128.93,120.07
S00753,2025-09-11,P04,Office,Retail,Marmara,5,1245,808.22,436.78
S00754,2025-09-11,P01,Accessories,Online,Marmara,3,747,497.86,249.14
S00755,2025-09-11,P02,Audio,Online,Central Anatolia,4,176.4,103.23,73.17
S00756,2025-09-12,P03,Displays,Retail,Central Anatolia,5,375,214.14,160.86
S00757,2025-09-12,P05,Storage,Retail,Aegean,6,189.0,124.37,64.63
S00758,2025-09-13,P01,Accessories,Marketplace,Central Anatolia,6,1074,710.89,363.11
S00759,2025-09-13,P05,Storage,Marketplace,Central Anatolia,2,63.0,36.95,26.05
S00760,2025-09-13,P01,Accessories,Online,Aegean,5,220.5,107.48,113.02
S00761,2025-09-13,P01,Accessories,Marketplace,Aegean,1,75,40.04,34.96
S00762,2025-09-13,P02,Audio,Online,Marmara,1,224.1,134.12,89.98
S00763,2025-09-14,P05,Storage,Online,Aegean,2,98,63.18,34.82
S00764,2025-09-14,P01,Accessories,Online,Central Anatolia,1,49,30.86,18.14
S00765,2025-09-14,P04,Office,Retail,Marmara,1,75,39.78,35.22
S00766,2025-09-15,P04,Office,Retail,Central Anatolia,4,140,86.11,53.89
S00767,2025-09-15,P01,Accessories,Marketplace,Aegean,1,46.55,27.68,18.87
S00768,2025-09-15,P03,Displays,Retail,Marmara,5,245,158.6,86.4
S00769,2025-09-15,P02,Audio,Marketplace,Aegean,2,98,49.63,48.37
S00770,2025-09-15,P03,Displays,Online,Central Anatolia,2,142.5,79.27,63.23
S00771,2025-09-16,P02,Audio,Online,Marmara,3,99.75,67.66,32.09
S00772,2025-09-16,P05,Storage,Online,Marmara,2,66.5,35.79,30.71
S00773,2025-09-16,P02,Audio,Online,Central Anatolia,6,1494,882.01,611.99
S00774,2025-09-17,P03,Displays,Online,Aegean,1,75,50.89,24.11
S00775,2025-09-17,P01,Accessories,Retail,Central Anatolia,5,1182.75,617.05,565.7
S00776,2025-09-17,P01,Accessories,Online,Central Anatolia,1,67.5,43.01,24.49
S00777,2025-09-18,P02,Audio,Retail,Marmara,5,850.25,432.43,417.82
S00778,2025-09-18,P02,Audio,Marketplace,Central Anatolia,5,1120.5,685.74,434.76
S00779,2025-09-18,P04,Office,Retail,Central Anatolia,2,63.0,34.53,28.47
S00780,2025-09-19,P04,Office,Retail,Central Anatolia,6,1419.3,759.9,659.4
S00781,2025-09-19,P01,Accessories,Online,Marmara,3,225,133.22,91.78
S00782,2025-09-19,P02,Audio,Marketplace,Marmara,6,1494,940.84,553.16
S00783,2025-09-19,P01,Accessories,Online,Marmara,6,966.6,614.63,351.97
S00784,2025-09-19,P04,Office,Online,Marmara,1,49,28.03,20.97
S00785,2025-09-20,P01,Accessories,Online,Aegean,5,1245,737.67,507.33
S00786,2025-09-20,P05,Storage,Retail,Aegean,4,680.2,331.66,348.54
S00787,2025-09-21,P04,Office,Retail,Aegean,6,279.3,156.85,122.45
S00788,2025-09-21,P05,Storage,Online,Marmara,3,483.3,271.15,212.15
S00789,2025-09-21,P03,Displays,Marketplace,Marmara,2,93.1,46.07,47.03
S00790,2025-09-21,P03,Displays,Online,Aegean,1,67.5,33.42,34.08
S00791,2025-09-22,P05,Storage,Retail,Central Anatolia,2,448.2,244.47,203.73
S00792,2025-09-23,P03,Displays,Online,Aegean,5,895,558.08,336.92
S00793,2025-09-23,P04,Office,Retail,Central Anatolia,4,186.2,119.74,66.46
S00794,2025-09-23,P05,Storage,Retail,Central Anatolia,3,747,438.35,308.65
S00795,2025-09-23,P02,Audio,Marketplace,Central Anatolia,3,225,150.54,74.46
S00796,2025-09-23,P05,Storage,Online,Marmara,1,75,40.88,34.12
S00797,2025-09-24,P04,Office,Online,Aegean,6,427.5,273.75,153.75
S00798,2025-09-24,P05,Storage,Marketplace,Marmara,6,678.3,343.24,335.06
S00799,2025-09-24,P02,Audio,Retail,Central Anatolia,5,1120.5,631.92,488.58
S00800,2025-09-24,P01,Accessories,Retail,Aegean,3,94.5,59.97,34.53
S00801,2025-09-25,P01,Accessories,Retail,Aegean,6,199.5,127.6,71.9
S00802,2025-09-25,P04,Office,Marketplace,Aegean,3,339.15,169.33,169.82
S00803,2025-09-25,P03,Displays,Marketplace,Central Anatolia,3,483.3,299.29,184.01
S00804,2025-09-26,P01,Accessories,Online,Aegean,2,238,138.72,99.28
S00805,2025-09-26,P04,Office,Online,Central Anatolia,5,175,116.06,58.94
S00806,2025-09-26,P04,Office,Online,Central Anatolia,4,452.2,243.36,208.84
S00807,2025-09-26,P05,Storage,Online,Aegean,4,996,555.72,440.28
S00808,2025-09-27,P03,Displays,Marketplace,Marmara,3,357,211.46,145.54
S00809,2025-09-27,P02,Audio,Online,Central Anatolia,3,147,91.45,55.55
S00810,2025-09-27,P01,Accessories,Retail,Aegean,3,321.3,166.27,155.03
S00811,2025-09-27,P01,Accessories,Marketplace,Aegean,6,1419.3,915.02,504.28
S00812,2025-09-27,P01,Accessories,Retail,Marmara,6,1419.3,925.86,493.44
S00813,2025-09-28,P02,Audio,Retail,Aegean,4,196,94.21,101.79
S00814,2025-09-29,P03,Displays,Retail,Central Anatolia,3,202.5,113.7,88.8
S00815,2025-09-29,P05,Storage,Retail,Marmara,1,75,50.63,24.37
S00816,2025-09-29,P03,Displays,Online,Marmara,4,176.4,91.69,84.71
S00817,2025-09-29,P02,Audio,Marketplace,Aegean,2,238,119.47,118.53
S00818,2025-09-29,P03,Displays,Marketplace,Marmara,2,238,145.01,92.99
S00819,2025-09-30,P05,Storage,Retail,Aegean,5,595,294.95,300.05
S00820,2025-09-30,P03,Displays,Online,Aegean,1,44.1,21.69,22.41
S00821,2025-09-30,P01,Accessories,Marketplace,Marmara,5,375,232.43,142.57
S00822,2025-09-30,P03,Displays,Retail,Marmara,2,322.2,217.44,104.76
S00823,2025-10-01,P03,Displays,Online,Marmara,5,1245,664.3,580.7
S00824,2025-10-01,P01,Accessories,Online,Aegean,6,405.0,273.62,131.38
S00825,2025-10-01,P02,Audio,Online,Central Anatolia,6,1020.3,619.54,400.76
S00826,2025-10-01,P02,Audio,Online,Central Anatolia,4,140,72.52,67.48
S00827,2025-10-01,P04,Office,Online,Marmara,5,805.5,412.75,392.75
S00828,2025-10-02,P05,Storage,Retail,Aegean,4,644.4,421.36,223.04
S00829,2025-10-02,P04,Office,Retail,Aegean,2,473.1,293.05,180.05
S00830,2025-10-03,P05,Storage,Retail,Marmara,4,452.2,272.14,180.06
S00831,2025-10-03,P05,Storage,Marketplace,Aegean,1,35,21.45,13.55
S00832,2025-10-03,P02,Audio,Marketplace,Aegean,5,595,327.05,267.95
S00833,2025-10-04,P03,Displays,Online,Aegean,2,238,140.79,97.21
S00834,2025-10-04,P05,Storage,Online,Aegean,1,49,30.56,18.44
S00835,2025-10-04,P05,Storage,Retail,Marmara,2,214.2,129.68,84.52
S00836,2025-10-04,P05,Storage,Online,Central Anatolia,1,71.25,44.94,26.31
S00837,2025-10-04,P03,Displays,Online,Aegean,5,220.5,136.42,84.08
S00838,2025-10-05,P01,Accessories,Online,Aegean,4,176.4,84.82,91.58
S00839,2025-10-05,P01,Accessories,Retail,Marmara,3,147,98.41,48.59
S00840,2025-10-05,P01,Accessories,Retail,Marmara,4,196,114.8,81.2
S00841,2025-10-05,P01,Accessories,Marketplace,Marmara,4,644.4,390.18,254.22
S00842,2025-10-05,P03,Displays,Retail,Central Anatolia,4,300,189.24,110.76
S00843,2025-10-06,P03,Displays,Marketplace,Central Anatolia,3,483.3,243.82,239.48
S00844,2025-10-06,P05,Storage,Retail,Marmara,6,450,254.01,195.99
S00845,2025-10-06,P01,Accessories,Retail,Marmara,2,63.0,34.49,28.51
S00846,2025-10-07,P04,Office,Online,Central Anatolia,2,473.1,270.74,202.36
S00847,2025-10-08,P04,Office,Online,Central Anatolia,1,35,20.72,14.28
S00848,2025-10-09,P03,Displays,Marketplace,Aegean,2,150,88.04,61.96
S00849,2025-10-10,P05,Storage,Marketplace,Marmara,5,1245,756.75,488.25
S00850,2025-10-10,P05,Storage,Online,Aegean,5,375,202.91,172.09
S00851,2025-10-10,P04,Office,Online,Marmara,3,339.15,183.71,155.44
S00852,2025-10-10,P01,Accessories,Retail,Marmara,4,270.0,136.87,133.13
S00853,2025-10-11,P04,Office,Retail,Marmara,2,498,334.35,163.65
S00854,2025-10-11,P01,Accessories,Marketplace,Central Anatolia,1,35,21.17,13.83
S00855,2025-10-11,P05,Storage,Retail,Aegean,3,225,108.63,116.37
S00856,2025-10-12,P05,Storage,Retail,Aegean,2,448.2,252.58,195.62
S00857,2025-10-12,P03,Displays,Marketplace,Aegean,5,232.75,123.23,109.52
S00858,2025-10-13,P03,Displays,Retail,Aegean,5,895,500.42,394.58
S00859,2025-10-13,P04,Office,Online,Aegean,1,170.05,97.11,72.94
S00860,2025-10-13,P05,Storage,Online,Marmara,4,476,248.45,227.55
S00861,2025-10-13,P02,Audio,Marketplace,Central Anatolia,5,337.5,162.46,175.04
S00862,2025-10-14,P01,Accessories,Online,Aegean,1,31.5,20.88,10.62
S00863,2025-10-14,P05,Storage,Marketplace,Central Anatolia,3,357,225.53,131.47
S00864,2025-10-14,P04,Office,Online,Aegean,2,340.1,186.1,154.0
S00865,2025-10-14,P05,Storage,Online,Aegean,6,1344.6,792.42,552.18
S00866,2025-10-14,P02,Audio,Marketplace,Aegean,3,202.5,97.94,104.56
S00867,2025-10-15,P03,Displays,Marketplace,Central Anatolia,3,510.15,286.15,224.0
S00868,2025-10-15,P05,Storage,Retail,Aegean,6,1494,823.66,670.34
S00869,2025-10-15,P04,Office,Retail,Central Anatolia,1,161.1,93.7,67.4
S00870,2025-10-15,P04,Office,Online,Marmara,1,35,22.58,12.42
S00871,2025-10-15,P04,Office,Retail,Central Anatolia,2,135.0,66.87,68.13
S00872,2025-10-16,P02,Audio,Retail,Aegean,1,75,45.56,29.44
S00873,2025-10-16,P04,Office,Online,Central Anatolia,5,337.5,170.4,167.1
S00874,2025-10-17,P05,Storage,Online,Central Anatolia,6,294,192.71,101.29
S00875,2025-10-18,P04,Office,Retail,Aegean,2,93.1,57.54,35.56
S00876,2025-10-18,P02,Audio,Retail,Aegean,3,747,499.28,247.72
S00877,2025-10-18,P02,Audio,Online,Aegean,6,1074,537.7,536.3
S00878,2025-10-18,P05,Storage,Retail,Central Anatolia,5,895,484.23,410.77
S00879,2025-10-18,P02,Audio,Retail,Aegean,2,473.1,246.97,226.13
S00880,2025-10-19,P01,Accessories,Retail,Marmara,2,150,84.43,65.57
S00881,2025-10-19,P02,Audio,Retail,Marmara,2,498,239.62,258.38
S00882,2025-10-20,P01,Accessories,Marketplace,Aegean,6,678.3,394.53,283.77
S00883,2025-10-21,P03,Displays,Retail,Central Anatolia,2,70,45.1,24.9
S00884,2025-10-21,P03,Displays,Retail,Aegean,5,356.25,205.81,150.44
S00885,2025-10-21,P03,Displays,Retail,Aegean,2,226.1,113.01,113.09
S00886,2025-10-21,P01,Accessories,Online,Marmara,6,199.5,125.11,74.39
S00887,2025-10-21,P04,Office,Online,Marmara,2,98,59.23,38.77
S00888,2025-10-22,P01,Accessories,Retail,Central Anatolia,2,142.5,84.19,58.31
S00889,2025-10-22,P03,Displays,Marketplace,Marmara,4,186.2,123.83,62.37
S00890,2025-10-22,P01,Accessories,Marketplace,Aegean,3,483.3,280.59,202.71
S00891,2025-10-22,P01,Accessories,Online,Aegean,5,356.25,235.15,121.1
S00892,2025-10-23,P02,Audio,Retail,Marmara,4,196,97.91,98.09
S00893,2025-10-23,P04,Office,Retail,Aegean,6,966.6,612.12,354.48
S00894,2025-10-23,P02,Audio,Retail,Aegean,4,896.4,525.29,371.11
S00895,2025-10-24,P02,Audio,Retail,Central Anatolia,1,49,25.62,23.38
S00896,2025-10-24,P01,Accessories,Retail,Marmara,3,105,66.97,38.03
S00897,2025-10-24,P02,Audio,Online,Central Anatolia,1,224.1,124.33,99.77
S00898,2025-10-24,P03,Displays,Retail,Marmara,4,176.4,87.71,88.69
S00899,2025-10-24,P05,Storage,Online,Central Anatolia,4,946.2,561.29,384.91
S00900,2025-10-25,P01,Accessories,Marketplace,Central Anatolia,6,189.0,121.64,67.36
S00901,2025-10-26,P04,Office,Online,Aegean,1,33.25,18.07,15.18
S00902,2025-10-27,P01,Accessories,Retail,Aegean,5,595,347.13,247.87
S00903,2025-10-27,P05,Storage,Online,Marmara,5,895,545.65,349.35
S00904,2025-10-27,P05,Storage,Marketplace,Central Anatolia,4,300,184.81,115.19
S00905,2025-10-27,P03,Displays,Online,Marmara,2,142.5,79.75,62.75
S00906,2025-10-27,P01,Accessories,Marketplace,Central Anatolia,1,236.55,149.87,86.68
S00907,2025-10-28,P04,Office,Retail,Marmara,3,147,72.0,75.0
S00908,2025-10-28,P01,Accessories,Marketplace,Marmara,1,119,62.08,56.92
S00909,2025-10-28,P01,Accessories,Marketplace,Aegean,1,33.25,16.88,16.37
S00910,2025-10-28,P01,Accessories,Marketplace,Central Anatolia,5,895,487.61,407.39
S00911,2025-10-28,P03,Displays,Retail,Central Anatolia,3,139.65,89.44,50.21
S00912,2025-10-29,P05,Storage,Retail,Aegean,3,132.3,82.91,49.39
S00913,2025-10-29,P05,Storage,Online,Aegean,4,140,92.29,47.71
S00914,2025-10-29,P01,Accessories,Marketplace,Aegean,2,98,47.93,50.07
S00915,2025-10-30,P01,Accessories,Marketplace,Marmara,2,214.2,107.8,106.4
S00916,2025-10-30,P01,Accessories,Online,Marmara,2,150,91.21,58.79
S00917,2025-10-30,P04,Office,Online,Central Anatolia,5,157.5,81.98,75.52
S00918,2025-10-30,P03,Displays,Marketplace,Aegean,4,716,450.81,265.19
S00919,2025-10-31,P02,Audio,Retail,Aegean,5,245,129.67,115.33
S00920,2025-11-01,P01,Accessories,Marketplace,Central Anatolia,6,294,148.38,145.62
S00921,2025-11-02,P02,Audio,Retail,Central Anatolia,3,94.5,60.45,34.05
S00922,2025-11-02,P04,Office,Online,Central Anatolia,6,678.3,391.61,286.69
S00923,2025-11-03,P03,Displays,Retail,Marmara,1,46.55,22.85,23.7
S00924,2025-11-03,P02,Audio,Retail,Central Anatolia,3,99.75,51.7,48.05
S00925,2025-11-03,P02,Audio,Retail,Marmara,1,67.5,42.77,24.73
S00926,2025-11-03,P02,Audio,Online,Aegean,3,537,265.63,271.37
S00927,2025-11-04,P04,Office,Online,Central Anatolia,1,33.25,20.96,12.29
S00928,2025-11-04,P01,Accessories,Marketplace,Marmara,5,245,143.97,101.03
S00929,2025-11-05,P03,Displays,Marketplace,Aegean,5,1182.75,587.81,594.94
S00930,2025-11-06,P05,Storage,Online,Central Anatolia,2,63.0,37.16,25.84
S00931,2025-11-06,P02,Audio,Marketplace,Aegean,6,1494,991.49,502.51
S00932,2025-11-07,P02,Audio,Retail,Central Anatolia,5,356.25,223.89,132.36
S00933,2025-11-07,P02,Audio,Marketplace,Aegean,3,747,479.76,267.24
S00934,2025-11-07,P03,Displays,Online,Aegean,5,356.25,239.39,116.86
S00935,2025-11-07,P05,Storage,Online,Marmara,6,199.5,96.24,103.26
S00936,2025-11-08,P05,Storage,Online,Central Anatolia,3,139.65,71.11,68.54
S00937,2025-11-08,P05,Storage,Marketplace,Aegean,5,1120.5,623.13,497.37
S00938,2025-11-08,P04,Office,Marketplace,Central Anatolia,1,119,69.98,49.02
S00939,2025-11-08,P05,Storage,Marketplace,Aegean,3,213.75,144.38,69.37
S00940,2025-11-09,P03,Displays,Retail,Central Anatolia,6,210,120.28,89.72
S00941,2025-11-09,P03,Displays,Marketplace,Aegean,3,483.3,243.36,239.94
S00942,2025-11-09,P02,Audio,Online,Aegean,3,339.15,224.53,114.62
S00943,2025-11-09,P03,Displays,Online,Central Anatolia,1,35,19.44,15.56
S00944,2025-11-10,P04,Office,Online,Marmara,1,170.05,95.19,74.86
S00945,2025-11-11,P04,Office,Online,Central Anatolia,1,179,104.22,74.78
S00946,2025-11-11,P04,Office,Online,Central Anatolia,4,680.2,331.76,348.44
S00947,2025-11-11,P03,Displays,Online,Aegean,6,405.0,268.85,136.15
S00948,2025-11-12,P02,Audio,Retail,Aegean,2,98,63.88,34.12
S00949,2025-11-12,P05,Storage,Marketplace,Central Anatolia,2,238,132.44,105.56
S00950,2025-11-12,P03,Displays,Retail,Central Anatolia,5,220.5,138.57,81.93
S00951,2025-11-12,P01,Accessories,Online,Marmara,3,321.3,183.59,137.71
S00952,2025-11-12,P01,Accessories,Online,Marmara,4,285.0,180.62,104.38
S00953,2025-11-13,P04,Office,Online,Marmara,4,140,73.69,66.31
S00954,2025-11-13,P03,Displays,Marketplace,Aegean,5,1245,600.85,644.15
S00955,2025-11-14,P01,Accessories,Retail,Marmara,5,232.75,140.13,92.62
S00956,2025-11-15,P03,Displays,Retail,Aegean,6,714,453.99,260.01
S00957,2025-11-15,P02,Audio,Online,Aegean,3,483.3,261.78,221.52
S00958,2025-11-15,P03,Displays,Online,Marmara,6,450,233.98,216.02
S00959,2025-11-15,P04,Office,Marketplace,Marmara,1,179,93.37,85.63
S00960,2025-11-16,P02,Audio,Retail,Central Anatolia,1,161.1,101.13,59.97
S00961,2025-11-17,P02,Audio,Online,Central Anatolia,1,49,30.26,18.74
S00962,2025-11-17,P02,Audio,Marketplace,Central Anatolia,3,225,109.26,115.74
S00963,2025-11-17,P02,Audio,Retail,Central Anatolia,1,44.1,21.89,22.21
S00964,2025-11-18,P02,Audio,Retail,Central Anatolia,4,140,69.83,70.17
S00965,2025-11-18,P05,Storage,Retail,Central Anatolia,5,895,543.19,351.81
S00966,2025-11-18,P03,Displays,Marketplace,Marmara,2,70,45.56,24.44
S00967,2025-11-19,P04,Office,Online,Central Anatolia,5,375,222.18,152.82
S00968,2025-11-19,P01,Accessories,Marketplace,Central Anatolia,4,176.4,118.58,57.82
S00969,2025-11-19,P02,Audio,Online,Marmara,5,375,203.57,171.43
S00970,2025-11-20,P04,Office,Online,Aegean,6,714,450.44,263.56
S00971,2025-11-20,P02,Audio,Retail,Central Anatolia,1,249,129.55,119.45
S00972,2025-11-21,P04,Office,Marketplace,Marmara,6,450,234.67,215.33
S00973,2025-11-21,P04,Office,Online,Aegean,5,157.5,89.94,67.56
S00974,2025-11-22,P04,Office,Marketplace,Marmara,6,1494,961.02,532.98
S00975,2025-11-22,P01,Accessories,Retail,Aegean,6,1074,686.45,387.55
S00976,2025-11-23,P01,Accessories,Online,Marmara,3,99.75,49.82,49.93
S00977,2025-11-24,P05,Storage,Online,Aegean,3,357,233.82,123.18
S00978,2025-11-24,P02,Audio,Online,Marmara,3,147,90.22,56.78
S00979,2025-11-24,P05,Storage,Marketplace,Central Anatolia,6,642.6,359.12,283.48
S00980,2025-11-25,P03,Displays,Retail,Marmara,5,595,301.31,293.69
S00981,2025-11-25,P01,Accessories,Marketplace,Aegean,5,895,496.76,398.24
S00982,2025-11-25,P02,Audio,Online,Marmara,2,238,129.59,108.41
S00983,2025-11-25,P05,Storage,Marketplace,Aegean,5,1182.75,663.1,519.65
S00984,2025-11-25,P04,Office,Marketplace,Central Anatolia,3,709.65,477.34,232.31
S00985,2025-11-26,P04,Office,Marketplace,Aegean,4,140,73.74,66.26
S00986,2025-11-26,P03,Displays,Retail,Marmara,5,175,85.76,89.24
S00987,2025-11-26,P02,Audio,Online,Aegean,5,895,458.63,436.37
S00988,2025-11-26,P03,Displays,Online,Aegean,2,473.1,304.51,168.59
S00989,2025-11-27,P04,Office,Online,Aegean,2,98,65.32,32.68
S00990,2025-11-27,P04,Office,Marketplace,Central Anatolia,2,358,239.07,118.93
S00991,2025-11-28,P03,Displays,Online,Central Anatolia,1,179,88.41,90.59
S00992,2025-11-29,P03,Displays,Retail,Aegean,1,44.1,29.0,15.1
S00993,2025-11-29,P04,Office,Retail,Marmara,2,214.2,113.65,100.55
S00994,2025-11-29,P02,Audio,Online,Central Anatolia,2,473.1,303.09,170.01
S00995,2025-11-29,P03,Displays,Retail,Aegean,1,179,109.54,69.46
S00996,2025-11-30,P05,Storage,Online,Marmara,1,35,19.72,15.28
S00997,2025-11-30,P05,Storage,Online,Aegean,4,186.2,90.84,95.36
S00998,2025-11-30,P02,Audio,Retail,Central Anatolia,2,498,272.0,226.0
S00999,2025-11-30,P05,Storage,Marketplace,Aegean,2,448.2,239.42,208.78
S01000,2025-12-01,P05,Storage,Retail,Central Anatolia,1,224.1,146.18,77.92
S01001,2025-12-01,P04,Office,Marketplace,Central Anatolia,1,49,28.39,20.61
S01002,2025-12-01,P05,Storage,Online,Aegean,1,31.5,16.93,14.57
S01003,2025-12-01,P05,Storage,Retail,Marmara,2,358,216.78,141.22
S01004,2025-12-02,P01,Accessories,Retail,Marmara,5,175,109.55,65.45
S01005,2025-12-02,P04,Office,Online,Aegean,6,427.5,279.3,148.2
S01006,2025-12-03,P02,Audio,Retail,Marmara,3,147,84.77,62.23
S01007,2025-12-04,P02,Audio,Retail,Aegean,6,966.6,587.82,378.78
S01008,2025-12-04,P02,Audio,Online,Aegean,3,105,66.23,38.77
S01009,2025-12-04,P01,Accessories,Online,Central Anatolia,2,358,188.49,169.51
S01010,2025-12-04,P03,Displays,Retail,Central Anatolia,3,510.15,258.37,251.78
S01011,2025-12-04,P05,Storage,Retail,Central Anatolia,1,49,27.46,21.54
S01012,2025-12-05,P01,Accessories,Marketplace,Central Anatolia,4,300,189.77,110.23
S01013,2025-12-05,P02,Audio,Online,Aegean,6,199.5,128.13,71.37
S01014,2025-12-05,P04,Office,Retail,Aegean,4,644.4,334.47,309.93
S01015,2025-12-05,P05,Storage,Marketplace,Marmara,1,236.55,149.83,86.72
S01016,2025-12-05,P05,Storage,Retail,Aegean,5,895,486.77,408.23
S01017,2025-12-06,P04,Office,Marketplace,Central Anatolia,3,357,212.28,144.72
S01018,2025-12-06,P05,Storage,Marketplace,Central Anatolia,3,147,93.96,53.04
S01019,2025-12-06,P03,Displays,Retail,Marmara,4,270.0,171.67,98.33
S01020,2025-12-06,P03,Displays,Marketplace,Aegean,2,66.5,40.42,26.08
S01021,2025-12-06,P01,Accessories,Marketplace,Central Anatolia,3,225,111.29,113.71
S01022,2025-12-07,P05,Storage,Marketplace,Aegean,3,147,74.06,72.94
S01023,2025-12-07,P02,Audio,Online,Marmara,3,747,500.43,246.57
S01024,2025-12-08,P05,Storage,Retail,Marmara,1,249,165.83,83.17
S01025,2025-12-08,P04,Office,Retail,Aegean,3,672.3,411.59,260.71
S01026,2025-12-08,P02,Audio,Retail,Aegean,3,225,108.88,116.12
S01027,2025-12-08,P03,Displays,Marketplace,Marmara,3,537,348.62,188.38
S01028,2025-12-08,P02,Audio,Marketplace,Aegean,5,375,217.47,157.53
S01029,2025-12-09,P02,Audio,Retail,Central Anatolia,6,714,471.52,242.48
S01030,2025-12-09,P04,Office,Retail,Aegean,1,170.05,96.85,73.2
S01031,2025-12-09,P02,Audio,Retail,Central Anatolia,2,70,42.96,27.04
S01032,2025-12-09,P05,Storage,Marketplace,Central Anatolia,1,44.1,25.54,18.56
S01033,2025-12-10,P04,Office,Retail,Central Anatolia,3,202.5,129.04,73.46
S01034,2025-12-10,P03,Displays,Online,Aegean,2,98,59.67,38.33
S01035,2025-12-11,P05,Storage,Retail,Marmara,6,210,108.21,101.79
S01036,2025-12-11,P03,Displays,Online,Marmara,4,300,146.88,153.12
S01037,2025-12-11,P04,Office,Retail,Central Anatolia,1,119,76.32,42.68
S01038,2025-12-11,P02,Audio,Online,Central Anatolia,3,483.3,268.87,214.43
S01039,2025-12-12,P01,Accessories,Marketplace,Aegean,4,176.4,99.86,76.54
S01040,2025-12-12,P01,Accessories,Retail,Marmara,4,176.4,84.99,91.41
S01041,2025-12-12,P02,Audio,Marketplace,Central Anatolia,4,428.4,281.36,147.04
S01042,2025-12-13,P01,Accessories,Online,Central Anatolia,4,680.2,333.96,346.24
S01043,2025-12-13,P05,Storage,Marketplace,Central Anatolia,3,99.75,58.85,40.9
S01044,2025-12-14,P03,Displays,Retail,Central Anatolia,6,966.6,590.36,376.24
S01045,2025-12-14,P01,Accessories,Marketplace,Marmara,1,107.1,61.67,45.43
S01046,2025-12-14,P04,Office,Retail,Marmara,3,213.75,138.41,75.34
S01047,2025-12-14,P01,Accessories,Marketplace,Aegean,2,66.5,40.87,25.63
S01048,2025-12-14,P02,Audio,Online,Aegean,3,321.3,188.14,133.16
S01049,2025-12-15,P05,Storage,Online,Central Anatolia,1,35,17.29,17.71
S01050,2025-12-15,P02,Audio,Marketplace,Central Anatolia,5,175,111.06,63.94
S01051,2025-12-15,P03,Displays,Online,Aegean,5,356.25,198.96,157.29
S01052,2025-12-15,P01,Accessories,Retail,Marmara,2,70,42.2,27.8
S01053,2025-12-16,P05,Storage,Online,Central Anatolia,2,150,79.63,70.37
S01054,2025-12-16,P01,Accessories,Retail,Aegean,6,1344.6,681.64,662.96
S01055,2025-12-17,P05,Storage,Marketplace,Aegean,5,157.5,92.06,65.44
S01056,2025-12-17,P04,Office,Online,Marmara,6,1494,847.26,646.74
S01057,2025-12-17,P03,Displays,Retail,Aegean,1,75,42.57,32.43
S01058,2025-12-18,P02,Audio,Online,Central Anatolia,2,88.2,44.27,43.93
S01059,2025-12-19,P04,Office,Marketplace,Aegean,2,358,233.99,124.01
S01060,2025-12-19,P01,Accessories,Online,Aegean,3,672.3,354.33,317.97
S01061,2025-12-19,P04,Office,Online,Aegean,5,375,231.22,143.78
S01062,2025-12-19,P01,Accessories,Online,Marmara,5,245,137.69,107.31
S01063,2025-12-20,P01,Accessories,Online,Marmara,1,249,149.48,99.52
S01064,2025-12-20,P01,Accessories,Online,Marmara,6,1494,880.67,613.33
S01065,2025-12-20,P03,Displays,Retail,Aegean,4,644.4,336.68,307.72
S01066,2025-12-21,P01,Accessories,Retail,Marmara,1,49,24.35,24.65
S01067,2025-12-22,P05,Storage,Marketplace,Aegean,3,321.3,183.27,138.03
S01068,2025-12-22,P01,Accessories,Online,Marmara,6,294,193.61,100.39
S01069,2025-12-22,P02,Audio,Online,Central Anatolia,3,510.15,250.83,259.32
S01070,2025-12-23,P04,Office,Retail,Central Anatolia,4,644.4,375.21,269.19
S01071,2025-12-23,P05,Storage,Online,Central Anatolia,5,232.75,124.41,108.34
S01072,2025-12-23,P05,Storage,Retail,Aegean,1,249,146.28,102.72
S01073,2025-12-24,P05,Storage,Online,Central Anatolia,4,476,264.04,211.96
S01074,2025-12-24,P02,Audio,Online,Aegean,2,322.2,204.72,117.48
S01075,2025-12-24,P03,Displays,Marketplace,Marmara,3,225,149.64,75.36
S01076,2025-12-24,P05,Storage,Online,Central Anatolia,1,35,17.24,17.76
S01077,2025-12-24,P03,Displays,Marketplace,Marmara,1,170.05,100.93,69.12
S01078,2025-12-25,P02,Audio,Online,Aegean,2,70,35.35,34.65
S01079,2025-12-25,P05,Storage,Retail,Marmara,1,49,31.14,17.86
S01080,2025-12-25,P02,Audio,Online,Central Anatolia,4,996,646.06,349.94
S01081,2025-12-25,P05,Storage,Online,Marmara,5,157.5,94.8,62.7
S01082,2025-12-26,P01,Accessories,Online,Aegean,4,996,579.17,416.83
S01083,2025-12-26,P05,Storage,Online,Marmara,4,300,158.78,141.22
S01084,2025-12-26,P02,Audio,Retail,Central Anatolia,3,139.65,75.05,64.6
S01085,2025-12-26,P04,Office,Retail,Marmara,3,709.65,378.45,331.2
S01086,2025-12-26,P04,Office,Retail,Central Anatolia,3,213.75,139.85,73.9
S01087,2025-12-27,P04,Office,Marketplace,Marmara,5,895,508.34,386.66
S01088,2025-12-28,P01,Accessories,Online,Aegean,1,31.5,17.51,13.99
S01089,2025-12-28,P05,Storage,Retail,Marmara,3,147,84.04,62.96
S01090,2025-12-28,P04,Office,Online,Aegean,5,175,112.36,62.64
S01091,2025-12-28,P05,Storage,Marketplace,Central Anatolia,1,249,163.75,85.25
S01092,2025-12-29,P02,Audio,Marketplace,Marmara,6,714,389.6,324.4
S01093,2025-12-29,P05,Storage,Online,Central Anatolia,1,35,20.57,14.43
S01094,2025-12-29,P05,Storage,Marketplace,Marmara,2,66.5,36.04,30.46
S01095,2025-12-29,P01,Accessories,Online,Central Anatolia,6,966.6,514.38,452.22
S01096,2025-12-30,P04,Office,Marketplace,Central Anatolia,5,1182.75,703.15,479.6
S01097,2025-12-30,P04,Office,Marketplace,Aegean,3,709.65,402.21,307.44
S01098,2025-12-30,P02,Audio,Retail,Central Anatolia,1,49,29.63,19.37
S01099,2025-12-31,P04,Office,Marketplace,Central Anatolia,6,210,122.15,87.85
S01100,2026-01-01,P04,Office,Marketplace,Marmara,4,300,177.55,122.45
S01101,2026-01-01,P04,Office,Retail,Central Anatolia,2,135.0,87.14,47.86
S01102,2026-01-01,P02,Audio,Online,Marmara,2,358,233.89,124.11
S01103,2026-01-02,P03,Displays,Retail,Marmara,5,595,399.06,195.94
S01104,2026-01-02,P05,Storage,Marketplace,Central Anatolia,2,214.2,112.95,101.25
S01105,2026-01-02,P04,Office,Online,Aegean,5,535.5,299.81,235.69
S01106,2026-01-02,P01,Accessories,Online,Central Anatolia,5,565.25,333.08,232.17
S01107,2026-01-03,P04,Office,Retail,Marmara,5,175,112.58,62.42
S01108,2026-01-04,P03,Displays,Online,Marmara,6,642.6,371.29,271.31
S01109,2026-01-04,P05,Storage,Retail,Marmara,6,294,197.48,96.52
S01110,2026-01-04,P01,Accessories,Marketplace,Central Anatolia,6,678.3,429.6,248.7
S01111,2026-01-04,P03,Displays,Online,Aegean,2,88.2,47.03,41.17
S01112,2026-01-05,P03,Displays,Online,Aegean,5,1120.5,558.88,561.62
S01113,2026-01-06,P05,Storage,Online,Central Anatolia,1,119,78.6,40.4
S01114,2026-01-06,P03,Displays,Online,Aegean,1,44.1,23.28,20.82
S01115,2026-01-07,P04,Office,Online,Marmara,3,672.3,423.57,248.73
S01116,2026-01-07,P02,Audio,Marketplace,Central Anatolia,1,224.1,142.0,82.1
S01117,2026-01-08,P02,Audio,Retail,Marmara,5,245,139.29,105.71
S01118,2026-01-08,P03,Displays,Online,Marmara,5,356.25,182.09,174.16
S01119,2026-01-08,P04,Office,Marketplace,Marmara,1,113.05,72.84,40.21
S01120,2026-01-08,P02,Audio,Marketplace,Aegean,4,186.2,124.85,61.35
S01121,2026-01-08,P01,Accessories,Online,Central Anatolia,3,105,58.41,46.59
S01122,2026-01-09,P05,Storage,Marketplace,Aegean,2,498,337.61,160.39
S01123,2026-01-09,P01,Accessories,Retail,Central Anatolia,1,249,168.79,80.21
S01124,2026-01-09,P01,Accessories,Retail,Central Anatolia,1,179,102.54,76.46
S01125,2026-01-09,P03,Displays,Retail,Central Anatolia,4,716,466.14,249.86
S01126,2026-01-10,P01,Accessories,Marketplace,Aegean,6,1074,625.29,448.71
S01127,2026-01-10,P02,Audio,Online,Marmara,6,210,129.15,80.85
S01128,2026-01-10,P02,Audio,Marketplace,Aegean,2,214.2,122.02,92.18
S01129,2026-01-10,P03,Displays,Marketplace,Central Anatolia,6,294,185.51,108.49
S01130,2026-01-11,P01,Accessories,Online,Central Anatolia,6,678.3,342.52,335.78
S01131,2026-01-11,P02,Audio,Retail,Central Anatolia,1,44.1,22.56,21.54
S01132,2026-01-12,P04,Office,Retail,Aegean,1,35,18.21,16.79
S01133,2026-01-12,P04,Office,Retail,Marmara,1,179,115.93,63.07
S01134,2026-01-12,P05,Storage,Online,Central Anatolia,3,202.5,124.74,77.76
S01135,2026-01-13,P04,Office,Retail,Central Anatolia,1,35,21.38,13.62
S01136,2026-01-13,P03,Displays,Online,Aegean,1,179,91.44,87.56
S01137,2026-01-13,P03,Displays,Retail,Marmara,4,140,90.45,49.55
S01138,2026-01-13,P04,Office,Retail,Marmara,1,161.1,97.11,63.99
S01139,2026-01-14,P04,Office,Retail,Marmara,1,119,61.23,57.77
S01140,2026-01-15,P01,Accessories,Online,Marmara,1,107.1,58.91,48.19
S01141,2026-01-16,P03,Displays,Marketplace,Marmara,5,175,113.0,62.0
S01142,2026-01-16,P04,Office,Online,Central Anatolia,6,210,102.15,107.85
S01143,2026-01-16,P04,Office,Online,Aegean,1,170.05,96.66,73.39
S01144,2026-01-16,P01,Accessories,Online,Central Anatolia,2,473.1,311.49,161.61
S01145,2026-01-16,P01,Accessories,Marketplace,Central Anatolia,2,66.5,44.89,21.61
S01146,2026-01-17,P03,Displays,Marketplace,Aegean,6,279.3,166.76,112.54
S01147,2026-01-17,P04,Office,Marketplace,Marmara,1,236.55,140.51,96.04
S01148,2026-01-17,P02,Audio,Marketplace,Aegean,4,996,676.24,319.76
S01149,2026-01-17,P03,Displays,Online,Central Anatolia,2,135.0,74.18,60.82
S01150,2026-01-17,P03,Displays,Marketplace,Central Anatolia,4,476,290.66,185.34
S01151,2026-01-18,P02,Audio,Online,Aegean,6,1020.3,576.83,443.47
S01152,2026-01-18,P01,Accessories,Retail,Central Anatolia,6,264.6,144.21,120.39
S01153,2026-01-18,P02,Audio,Marketplace,Central Anatolia,4,996,589.04,406.96
S01154,2026-01-19,P05,Storage,Retail,Central Anatolia,6,1494,818.09,675.91
S01155,2026-01-19,P03,Displays,Online,Aegean,4,285.0,173.11,111.89
S01156,2026-01-19,P03,Displays,Retail,Central Anatolia,1,46.55,27.8,18.75
S01157,2026-01-19,P02,Audio,Online,Central Anatolia,1,179,106.39,72.61
S01158,2026-01-20,P03,Displays,Marketplace,Aegean,1,44.1,29.82,14.28
S01159,2026-01-20,P03,Displays,Marketplace,Central Anatolia,3,139.65,93.02,46.63
S01160,2026-01-20,P03,Displays,Retail,Marmara,1,179,90.39,88.61
S01161,2026-01-20,P01,Accessories,Retail,Aegean,4,285.0,144.15,140.85
S01162,2026-01-21,P02,Audio,Retail,Marmara,6,1419.3,773.63,645.67
S01163,2026-01-21,P04,Office,Marketplace,Central Anatolia,3,321.3,181.49,139.81
S01164,2026-01-21,P03,Displays,Marketplace,Marmara,2,66.5,36.53,29.97
S01165,2026-01-21,P03,Displays,Marketplace,Aegean,1,170.05,99.2,70.85
S01166,2026-01-22,P03,Displays,Marketplace,Marmara,6,199.5,112.24,87.26
S01167,2026-01-22,P05,Storage,Marketplace,Aegean,6,294,157.38,136.62
S01168,2026-01-22,P05,Storage,Marketplace,Marmara,2,473.1,276.09,197.01
S01169,2026-01-22,P03,Displays,Online,Aegean,5,337.5,224.28,113.22
S01170,2026-01-23,P05,Storage,Online,Aegean,1,236.55,145.04,91.51
S01171,2026-01-23,P05,Storage,Retail,Central Anatolia,2,150,84.74,65.26
S01172,2026-01-23,P04,Office,Online,Marmara,2,473.1,262.66,210.44
S01173,2026-01-23,P01,Accessories,Retail,Central Anatolia,1,44.1,26.73,17.37
S01174,2026-01-23,P03,Displays,Marketplace,Central Anatolia,6,189.0,117.08,71.92
S01175,2026-01-24,P01,Accessories,Retail,Marmara,4,476,232.87,243.13
S01176,2026-01-24,P01,Accessories,Retail,Central Anatolia,2,150,96.61,53.39
S01177,2026-01-24,P03,Displays,Retail,Central Anatolia,4,644.4,418.25,226.15
S01178,2026-01-24,P02,Audio,Online,Aegean,1,249,130.36,118.64
S01179,2026-01-24,P02,Audio,Marketplace,Marmara,4,186.2,102.69,83.51
S01180,2026-01-25,P04,Office,Online,Central Anatolia,6,966.6,595.26,371.34
S01181,2026-01-25,P03,Displays,Retail,Marmara,4,186.2,95.63,90.57
S01182,2026-01-25,P05,Storage,Marketplace,Central Anatolia,4,996,504.54,491.46
S01183,2026-01-25,P05,Storage,Marketplace,Central Anatolia,4,270.0,168.61,101.39
S01184,2026-01-26,P04,Office,Online,Marmara,1,179,90.99,88.01
S01185,2026-01-26,P02,Audio,Retail,Central Anatolia,2,358,219.88,138.12
S01186,2026-01-26,P05,Storage,Marketplace,Aegean,3,147,75.68,71.32
S01187,2026-01-26,P04,Office,Marketplace,Aegean,5,1245,599.93,645.07
S01188,2026-01-27,P03,Displays,Online,Marmara,4,428.4,216.87,211.53
S01189,2026-01-27,P01,Accessories,Marketplace,Aegean,5,245,157.18,87.82
S01190,2026-01-28,P05,Storage,Retail,Marmara,3,225,136.29,88.71
S01191,2026-01-28,P02,Audio,Online,Aegean,3,321.3,194.53,126.77
S01192,2026-01-28,P02,Audio,Marketplace,Central Anatolia,6,294,154.16,139.84
S01193,2026-01-28,P02,Audio,Online,Marmara,6,1494,935.71,558.29
S01194,2026-01-29,P03,Displays,Online,Aegean,5,232.75,121.46,111.29
S01195,2026-01-29,P05,Storage,Online,Marmara,2,448.2,242.24,205.96
S01196,2026-01-29,P03,Displays,Retail,Aegean,2,358,196.62,161.38
S01197,2026-01-29,P02,Audio,Online,Central Anatolia,6,1344.6,889.55,455.05
S01198,2026-01-29,P02,Audio,Retail,Central Anatolia,3,537,354.1,182.9
S01199,2026-01-30,P05,Storage,Online,Central Anatolia,3,99.75,49.44,50.31
S01200,2026-01-30,P04,Office,Retail,Central Anatolia,1,75,42.39,32.61
S01201,2026-01-30,P05,Storage,Online,Aegean,3,105,69.15,35.85
S01202,2026-01-31,P05,Storage,Marketplace,Aegean,5,595,323.25,271.75
S01203,2026-01-31,P03,Displays,Marketplace,Marmara,4,270.0,178.37,91.63
S01204,2026-01-31,P02,Audio,Online,Central Anatolia,6,714,438.6,275.4
S01205,2026-02-01,P01,Accessories,Online,Marmara,4,996,580.76,415.24
S01206,2026-02-01,P05,Storage,Retail,Aegean,1,49,24.08,24.92
S01207,2026-02-01,P05,Storage,Marketplace,Marmara,2,238,132.53,105.47
S01208,2026-02-01,P02,Audio,Marketplace,Aegean,6,294,150.11,143.89
S01209,2026-02-01,P05,Storage,Marketplace,Central Anatolia,4,996,601.11,394.89
S01210,2026-02-02,P03,Displays,Retail,Central Anatolia,4,896.4,583.55,312.85
S01211,2026-02-02,P01,Accessories,Online,Aegean,5,337.5,180.15,157.35
S01212,2026-02-03,P03,Displays,Online,Marmara,6,1074,648.02,425.98
S01213,2026-02-04,P05,Storage,Online,Marmara,6,199.5,114.13,85.37
S01214,2026-02-04,P05,Storage,Marketplace,Aegean,3,147,71.47,75.53
S01215,2026-02-04,P03,Displays,Online,Marmara,2,88.2,51.22,36.98
S01216,2026-02-04,P01,Accessories,Marketplace,Marmara,4,476,297.2,178.8
S01217,2026-02-05,P02,Audio,Marketplace,Marmara,4,996,618.32,377.68
S01218,2026-02-05,P04,Office,Retail,Central Anatolia,1,179,121.08,57.92
S01219,2026-02-05,P02,Audio,Online,Aegean,2,98,55.71,42.29
S01220,2026-02-05,P02,Audio,Retail,Aegean,5,375,180.64,194.36
S01221,2026-02-05,P03,Displays,Retail,Central Anatolia,2,322.2,191.7,130.5
S01222,2026-02-06,P03,Displays,Marketplace,Marmara,5,595,322.48,272.52
S01223,2026-02-06,P01,Accessories,Marketplace,Central Anatolia,3,357,219.36,137.64
S01224,2026-02-06,P05,Storage,Marketplace,Marmara,5,805.5,399.15,406.35
S01225,2026-02-07,P03,Displays,Online,Aegean,5,565.25,365.22,200.03
S01226,2026-02-07,P04,Office,Online,Central Anatolia,2,63.0,42.42,20.58
S01227,2026-02-07,P01,Accessories,Online,Marmara,3,213.75,122.3,91.45
S01228,2026-02-08,P03,Displays,Marketplace,Marmara,3,225,133.83,91.17
S01229,2026-02-09,P04,Office,Online,Aegean,4,680.2,372.2,308.0
S01230,2026-02-10,P04,Office,Retail,Marmara,5,245,137.14,107.86
S01231,2026-02-10,P02,Audio,Online,Central Anatolia,3,510.15,336.42,173.73
S01232,2026-02-10,P01,Accessories,Marketplace,Marmara,1,49,30.78,18.22
S01233,2026-02-10,P04,Office,Online,Central Anatolia,6,199.5,127.29,72.21
S01234,2026-02-10,P04,Office,Online,Central Anatolia,4,270.0,158.05,111.95
S01235,2026-02-11,P02,Audio,Marketplace,Marmara,4,716,435.38,280.62
S01236,2026-02-11,P03,Displays,Marketplace,Aegean,5,157.5,105.77,51.73
S01237,2026-02-11,P03,Displays,Retail,Aegean,2,448.2,250.0,198.2
S01238,2026-02-11,P02,Audio,Marketplace,Aegean,4,300,187.82,112.18
S01239,2026-02-11,P02,Audio,Retail,Aegean,2,135.0,82.34,52.66
S01240,2026-02-12,P04,Office,Online,Aegean,6,210,107.77,102.23
S01241,2026-02-12,P04,Office,Marketplace,Aegean,3,709.65,458.4,251.25
S01242,2026-02-12,P01,Accessories,Online,Marmara,4,716,464.57,251.43
S01243,2026-02-12,P02,Audio,Retail,Aegean,2,498,337.35,160.65
S01244,2026-02-13,P03,Displays,Online,Central Anatolia,5,595,384.92,210.08
S01245,2026-02-13,P01,Accessories,Marketplace,Aegean,6,210,104.07,105.93
S01246,2026-02-14,P03,Displays,Online,Aegean,2,70,44.43,25.57
S01247,2026-02-14,P01,Accessories,Marketplace,Central Anatolia,6,427.5,223.95,203.55
S01248,2026-02-14,P02,Audio,Online,Central Anatolia,1,49,26.07,22.93
S01249,2026-02-15,P05,Storage,Online,Central Anatolia,1,67.5,42.95,24.55
S01250,2026-02-15,P02,Audio,Marketplace,Aegean,4,196,112.43,83.57
S01251,2026-02-15,P04,Office,Retail,Central Anatolia,4,196,118.4,77.6
S01252,2026-02-16,P05,Storage,Marketplace,Marmara,3,213.75,105.25,108.5
S01253,2026-02-17,P02,Audio,Retail,Aegean,1,71.25,40.63,30.62
S01254,2026-02-17,P05,Storage,Retail,Aegean,2,66.5,36.04,30.46
S01255,2026-02-17,P02,Audio,Marketplace,Aegean,3,94.5,60.95,33.55
S01256,2026-02-17,P05,Storage,Online,Aegean,3,537,358.01,178.99
S01257,2026-02-18,P04,Office,Online,Marmara,3,225,128.41,96.59
S01258,2026-02-18,P04,Office,Marketplace,Marmara,4,680.2,361.5,318.7
S01259,2026-02-18,P05,Storage,Online,Central Anatolia,1,75,50.01,24.99
S01260,2026-02-18,P01,Accessories,Online,Aegean,2,98,57.29,40.71
S01261,2026-02-18,P02,Audio,Retail,Aegean,2,238,117.09,120.91
S01262,2026-02-19,P04,Office,Online,Central Anatolia,3,483.3,266.44,216.86
S01263,2026-02-20,P04,Office,Retail,Aegean,2,340.1,192.61,147.49
S01264,2026-02-20,P01,Accessories,Retail,Central Anatolia,4,996,640.12,355.88
S01265,2026-02-20,P03,Displays,Retail,Marmara,2,66.5,35.14,31.36
S01266,2026-02-20,P02,Audio,Marketplace,Central Anatolia,6,1419.3,948.3,471.0
S01267,2026-02-20,P01,Accessories,Retail,Central Anatolia,5,595,372.42,222.58
S01268,2026-02-21,P03,Displays,Marketplace,Marmara,6,450,250.54,199.46
S01269,2026-02-22,P02,Audio,Marketplace,Marmara,2,498,333.87,164.13
S01270,2026-02-22,P02,Audio,Marketplace,Central Anatolia,1,119,60.56,58.44
S01271,2026-02-23,P01,Accessories,Retail,Aegean,5,220.5,148.22,72.28
S01272,2026-02-23,P01,Accessories,Online,Central Anatolia,5,337.5,220.16,117.34
S01273,2026-02-23,P01,Accessories,Online,Marmara,1,49,27.47,21.53
S01274,2026-02-23,P01,Accessories,Retail,Marmara,4,126.0,78.95,47.05
S01275,2026-02-23,P01,Accessories,Marketplace,Central Anatolia,4,996,484.29,511.71
S01276,2026-02-24,P05,Storage,Online,Marmara,3,537,290.58,246.42
S01277,2026-02-24,P04,Office,Retail,Aegean,5,1245,696.62,548.38
S01278,2026-02-24,P03,Displays,Retail,Central Anatolia,5,895,449.26,445.74
S01279,2026-02-24,P02,Audio,Marketplace,Marmara,4,186.2,124.02,62.18
S01280,2026-02-25,P03,Displays,Online,Marmara,6,678.3,400.08,278.22
S01281,2026-02-25,P02,Audio,Marketplace,Central Anatolia,4,428.4,232.44,195.96
S01282,2026-02-25,P01,Accessories,Marketplace,Central Anatolia,3,225,119.12,105.88
S01283,2026-02-25,P02,Audio,Marketplace,Central Anatolia,3,537,289.09,247.91
S01284,2026-02-25,P02,Audio,Retail,Marmara,1,107.1,71.71,35.39
S01285,2026-02-26,P02,Audio,Marketplace,Central Anatolia,4,428.4,246.93,181.47
S01286,2026-02-26,P05,Storage,Marketplace,Central Anatolia,2,135.0,65.75,69.25
S01287,2026-02-26,P04,Office,Retail,Marmara,6,678.3,448.3,230.0
S01288,2026-02-27,P02,Audio,Marketplace,Aegean,2,63.0,36.75,26.25
S01289,2026-02-27,P05,Storage,Retail,Central Anatolia,1,236.55,139.17,97.38
S01290,2026-02-28,P01,Accessories,Online,Aegean,5,565.25,273.16,292.09
S01291,2026-02-28,P04,Office,Online,Aegean,2,98,47.47,50.53
S01292,2026-02-28,P03,Displays,Marketplace,Marmara,1,179,116.75,62.25
S01293,2026-02-28,P04,Office,Marketplace,Central Anatolia,3,99.75,66.54,33.21
S01294,2026-03-01,P03,Displays,Online,Aegean,1,71.25,36.97,34.28
S01295,2026-03-01,P04,Office,Retail,Aegean,6,1074,593.2,480.8
S01296,2026-03-01,P05,Storage,Retail,Marmara,6,405.0,229.79,175.21
S01297,2026-03-01,P02,Audio,Online,Marmara,1,113.05,61.63,51.42
S01298,2026-03-01,P04,Office,Online,Marmara,4,300,150.61,149.39
S01299,2026-03-02,P04,Office,Online,Central Anatolia,4,996,569.56,426.44
S01300,2026-03-03,P01,Accessories,Marketplace,Aegean,6,1419.3,923.74,495.56
S01301,2026-03-03,P04,Office,Online,Central Anatolia,2,142.5,72.94,69.56
S01302,2026-03-03,P05,Storage,Retail,Central Anatolia,3,94.5,51.2,43.3
S01303,2026-03-04,P02,Audio,Marketplace,Marmara,5,375,224.64,150.36
S01304,2026-03-04,P05,Storage,Online,Central Anatolia,5,375,253.05,121.95
S01305,2026-03-05,P02,Audio,Marketplace,Marmara,6,642.6,429.46,213.14
S01306,2026-03-05,P05,Storage,Marketplace,Aegean,5,595,402.85,192.15
S01307,2026-03-05,P05,Storage,Online,Aegean,6,264.6,134.28,130.32
S01308,2026-03-05,P04,Office,Marketplace,Aegean,4,140,68.8,71.2
S01309,2026-03-05,P05,Storage,Marketplace,Central Anatolia,6,294,157.08,136.92
S01310,2026-03-06,P05,Storage,Marketplace,Central Anatolia,5,175,98.45,76.55
S01311,2026-03-07,P03,Displays,Retail,Marmara,5,166.25,89.7,76.55
S01312,2026-03-07,P05,Storage,Retail,Aegean,5,375,213.18,161.82
S01313,2026-03-07,P02,Audio,Marketplace,Central Anatolia,2,358,233.44,124.56
S01314,2026-03-07,P04,Office,Marketplace,Central Anatolia,1,179,94.28,84.72
S01315,2026-03-08,P03,Displays,Retail,Central Anatolia,5,245,128.52,116.48
S01316,2026-03-08,P03,Displays,Marketplace,Aegean,5,166.25,101.55,64.7
S01317,2026-03-08,P04,Office,Online,Marmara,5,595,290.54,304.46
S01318,2026-03-09,P04,Office,Marketplace,Central Anatolia,6,294,154.54,139.46
S01319,2026-03-09,P03,Displays,Online,Central Anatolia,1,236.55,115.98,120.57
S01320,2026-03-09,P05,Storage,Retail,Central Anatolia,5,1120.5,620.27,500.23
S01321,2026-03-09,P02,Audio,Online,Marmara,3,94.5,58.86,35.64
S01322,2026-03-10,P05,Storage,Retail,Central Anatolia,4,996,516.63,479.37
S01323,2026-03-10,P02,Audio,Online,Central Anatolia,1,113.05,58.56,54.49
S01324,2026-03-10,P04,Office,Online,Central Anatolia,4,270.0,139.75,130.25
S01325,2026-03-10,P03,Displays,Retail,Marmara,4,300,183.58,116.42
S01326,2026-03-10,P05,Storage,Online,Central Anatolia,5,166.25,105.54,60.71
S01327,2026-03-11,P01,Accessories,Marketplace,Marmara,1,179,112.51,66.49
S01328,2026-03-11,P01,Accessories,Retail,Aegean,5,1182.75,621.03,561.72
S01329,2026-03-11,P04,Office,Marketplace,Central Anatolia,4,196,129.71,66.29
S01330,2026-03-12,P04,Office,Retail,Marmara,4,946.2,579.7,366.5
S01331,2026-03-12,P01,Accessories,Marketplace,Marmara,6,450,261.38,188.62
S01332,2026-03-13,P01,Accessories,Online,Aegean,4,644.4,351.2,293.2
S01333,2026-03-13,P03,Displays,Online,Central Anatolia,4,186.2,100.18,86.02
S01334,2026-03-13,P05,Storage,Retail,Aegean,1,249,148.57,100.43
S01335,2026-03-13,P01,Accessories,Online,Marmara,4,896.4,559.87,336.53
S01336,2026-03-13,P04,Office,Online,Aegean,3,94.5,64.06,30.44
S01337,2026-03-14,P05,Storage,Online,Aegean,5,157.5,83.87,73.63
S01338,2026-03-14,P03,Displays,Retail,Central Anatolia,6,264.6,153.59,111.01
S01339,2026-03-14,P01,Accessories,Retail,Aegean,6,1344.6,886.36,458.24
S01340,2026-03-14,P04,Office,Online,Marmara,2,88.2,46.06,42.14
S01341,2026-03-15,P02,Audio,Online,Aegean,2,214.2,122.7,91.5
S01342,2026-03-15,P04,Office,Online,Marmara,5,565.25,379.21,186.04
S01343,2026-03-15,P05,Storage,Online,Central Anatolia,5,535.5,351.52,183.98
S01344,2026-03-15,P02,Audio,Online,Aegean,2,238,154.31,83.69
S01345,2026-03-16,P04,Office,Online,Marmara,3,225,129.89,95.11
S01346,2026-03-16,P01,Accessories,Online,Marmara,1,49,29.67,19.33
S01347,2026-03-16,P05,Storage,Online,Aegean,6,210,106.98,103.02
S01348,2026-03-17,P03,Displays,Marketplace,Central Anatolia,6,210,124.25,85.75
S01349,2026-03-17,P02,Audio,Online,Marmara,3,321.3,193.5,127.8
S01350,2026-03-18,P01,Accessories,Online,Marmara,6,294,146.23,147.77
S01351,2026-03-18,P02,Audio,Marketplace,Aegean,5,375,223.77,151.23
S01352,2026-03-18,P02,Audio,Marketplace,Central Anatolia,1,224.1,137.14,86.96
S01353,2026-03-18,P03,Displays,Marketplace,Aegean,4,996,543.07,452.93
S01354,2026-03-19,P02,Audio,Marketplace,Central Anatolia,4,716,399.89,316.11
S01355,2026-03-19,P04,Office,Marketplace,Aegean,1,107.1,62.49,44.61
S01356,2026-03-19,P01,Accessories,Marketplace,Aegean,1,179,91.39,87.61
S01357,2026-03-19,P03,Displays,Marketplace,Aegean,4,452.2,244.52,207.68
S01358,2026-03-20,P02,Audio,Retail,Aegean,1,33.25,16.46,16.79
S01359,2026-03-20,P01,Accessories,Online,Central Anatolia,3,672.3,341.4,330.9
S01360,2026-03-20,P03,Displays,Retail,Marmara,6,1494,967.29,526.71
S01361,2026-03-20,P03,Displays,Retail,Marmara,6,405.0,246.81,158.19
S01362,2026-03-21,P02,Audio,Marketplace,Central Anatolia,5,595,295.77,299.23
S01363,2026-03-22,P05,Storage,Online,Marmara,3,139.65,69.81,69.84
S01364,2026-03-22,P05,Storage,Marketplace,Central Anatolia,5,245,129.09,115.91
S01365,2026-03-23,P01,Accessories,Marketplace,Aegean,3,483.3,274.38,208.92
S01366,2026-03-23,P05,Storage,Marketplace,Marmara,6,189.0,126.79,62.21
S01367,2026-03-24,P04,Office,Online,Aegean,3,105,64.43,40.57
S01368,2026-03-24,P05,Storage,Online,Marmara,6,714,430.67,283.33
S01369,2026-03-24,P01,Accessories,Marketplace,Marmara,5,535.5,321.54,213.96
S01370,2026-03-24,P02,Audio,Marketplace,Marmara,2,238,131.97,106.03
S01371,2026-03-25,P05,Storage,Retail,Central Anatolia,2,88.2,49.23,38.97
S01372,2026-03-26,P04,Office,Marketplace,Aegean,1,71.25,44.76,26.49
S01373,2026-03-26,P05,Storage,Marketplace,Central Anatolia,3,225,115.72,109.28
S01374,2026-03-26,P01,Accessories,Online,Aegean,5,337.5,220.41,117.09
S01375,2026-03-26,P03,Displays,Retail,Central Anatolia,6,210,131.72,78.28
S01376,2026-03-27,P03,Displays,Online,Central Anatolia,2,238,116.58,121.42
S01377,2026-03-27,P04,Office,Marketplace,Central Anatolia,4,176.4,95.71,80.69
S01378,2026-03-27,P05,Storage,Online,Aegean,3,321.3,209.46,111.84
S01379,2026-03-27,P02,Audio,Retail,Aegean,5,166.25,98.54,67.71
S01380,2026-03-28,P05,Storage,Online,Marmara,5,1245,786.97,458.03
S01381,2026-03-28,P04,Office,Retail,Aegean,5,1245,657.43,587.57
S01382,2026-03-28,P02,Audio,Marketplace,Aegean,4,476,314.97,161.03
S01383,2026-03-29,P05,Storage,Marketplace,Aegean,6,714,435.53,278.47
S01384,2026-03-29,P05,Storage,Marketplace,Marmara,1,236.55,150.34,86.21
S01385,2026-03-29,P01,Accessories,Retail,Marmara,3,321.3,158.59,162.71
S01386,2026-03-29,P04,Office,Online,Central Anatolia,3,139.65,89.77,49.88
S01387,2026-03-30,P03,Displays,Online,Aegean,1,71.25,46.67,24.58
S01388,2026-03-30,P01,Accessories,Marketplace,Central Anatolia,3,709.65,387.37,322.28
S01389,2026-03-30,P02,Audio,Retail,Central Anatolia,4,186.2,94.55,91.65
S01390,2026-03-30,P04,Office,Retail,Marmara,6,966.6,637.95,328.65
S01391,2026-03-31,P01,Accessories,Marketplace,Central Anatolia,3,537,347.17,189.83
S01392,2026-03-31,P01,Accessories,Online,Marmara,4,644.4,381.1,263.3
S01393,2026-03-31,P03,Displays,Marketplace,Central Anatolia,2,358,233.09,124.91
S01394,2026-03-31,P02,Audio,Marketplace,Central Anatolia,4,300,197.04,102.96
S01395,2026-04-01,P02,Audio,Marketplace,Aegean,6,294,146.2,147.8
S01396,2026-04-01,P05,Storage,Online,Central Anatolia,4,476,279.41,196.59
S01397,2026-04-01,P02,Audio,Retail,Aegean,5,565.25,284.17,281.08
S01398,2026-04-02,P02,Audio,Retail,Central Anatolia,6,294,185.79,108.21
S01399,2026-04-03,P03,Displays,Online,Aegean,3,225,144.88,80.12
S01400,2026-04-03,P01,Accessories,Marketplace,Aegean,1,119,78.01,40.99
S01401,2026-04-03,P01,Accessories,Retail,Marmara,5,895,591.7,303.3
S01402,2026-04-03,P05,Storage,Retail,Marmara,5,232.75,122.33,110.42
S01403,2026-04-03,P01,Accessories,Marketplace,Marmara,5,166.25,81.15,85.1
S01404,2026-04-04,P04,Office,Marketplace,Central Anatolia,2,88.2,44.81,43.39
S01405,2026-04-04,P01,Accessories,Retail,Marmara,6,642.6,406.3,236.3
S01406,2026-04-04,P02,Audio,Retail,Central Anatolia,1,224.1,139.77,84.33
S01407,2026-04-04,P03,Displays,Retail,Central Anatolia,2,66.5,42.28,24.22
S01408,2026-04-05,P01,Accessories,Marketplace,Aegean,1,107.1,61.04,46.06
S01409,2026-04-05,P01,Accessories,Online,Aegean,2,150,97.72,52.28
S01410,2026-04-05,P05,Storage,Online,Central Anatolia,4,176.4,92.19,84.21
S01411,2026-04-06,P05,Storage,Retail,Aegean,4,476,314.9,161.1
S01412,2026-04-06,P04,Office,Retail,Central Anatolia,6,678.3,431.23,247.07
S01413,2026-04-06,P05,Storage,Marketplace,Marmara,5,245,148.75,96.25
S01414,2026-04-06,P03,Displays,Marketplace,Marmara,2,142.5,76.34,66.16
S01415,2026-04-06,P01,Accessories,Online,Marmara,2,150,85.45,64.55
S01416,2026-04-07,P03,Displays,Retail,Marmara,3,747,403.94,343.06
S01417,2026-04-07,P04,Office,Marketplace,Aegean,2,135.0,70.45,64.55
S01418,2026-04-07,P02,Audio,Marketplace,Aegean,4,996,501.54,494.46
S01419,2026-04-07,P04,Office,Retail,Central Anatolia,5,356.25,218.32,137.93
S01420,2026-04-07,P05,Storage,Marketplace,Marmara,5,157.5,100.33,57.17
S01421,2026-04-08,P05,Storage,Retail,Aegean,6,210,123.55,86.45
S01422,2026-04-09,P05,Storage,Online,Central Anatolia,3,225,151.34,73.66
S01423,2026-04-10,P03,Displays,Online,Central Anatolia,3,747,391.05,355.95
S01424,2026-04-10,P01,Accessories,Online,Marmara,5,375,182.71,192.29
S01425,2026-04-10,P01,Accessories,Marketplace,Central Anatolia,3,105,62.63,42.37
S01426,2026-04-10,P05,Storage,Marketplace,Marmara,4,452.2,238.03,214.17
S01427,2026-04-11,P02,Audio,Marketplace,Aegean,2,98,60.15,37.85
S01428,2026-04-11,P05,Storage,Retail,Aegean,4,428.4,259.97,168.43
S01429,2026-04-11,P05,Storage,Retail,Marmara,1,224.1,147.79,76.31
S01430,2026-04-12,P01,Accessories,Retail,Marmara,5,245,124.37,120.63
S01431,2026-04-12,P03,Displays,Marketplace,Central Anatolia,5,337.5,174.67,162.83
S01432,2026-04-12,P05,Storage,Online,Marmara,4,428.4,261.05,167.35
S01433,2026-04-12,P03,Displays,Retail,Marmara,6,1419.3,911.28,508.02
S01434,2026-04-12,P01,Accessories,Marketplace,Aegean,4,996,665.52,330.48
S01435,2026-04-13,P03,Displays,Online,Aegean,1,119,65.6,53.4
S01436,2026-04-13,P02,Audio,Marketplace,Central Anatolia,2,322.2,177.07,145.13
S01437,2026-04-14,P05,Storage,Marketplace,Marmara,4,270.0,148.8,121.2
S01438,2026-04-14,P04,Office,Retail,Central Anatolia,2,214.2,138.37,75.83
S01439,2026-04-14,P01,Accessories,Retail,Central Anatolia,3,747,490.6,256.4
S01440,2026-04-15,P01,Accessories,Marketplace,Aegean,1,75,38.83,36.17
S01441,2026-04-15,P01,Accessories,Retail,Marmara,5,245,158.27,86.73
S01442,2026-04-16,P04,Office,Retail,Aegean,4,140,93.95,46.05
S01443,2026-04-16,P03,Displays,Retail,Central Anatolia,1,161.1,103.17,57.93
S01444,2026-04-16,P02,Audio,Retail,Marmara,5,595,344.5,250.5
S01445,2026-04-17,P03,Displays,Marketplace,Central Anatolia,1,35,20.75,14.25
S01446,2026-04-17,P02,Audio,Marketplace,Central Anatolia,5,245,147.06,97.94
S01447,2026-04-18,P04,Office,Online,Aegean,4,126.0,67.63,58.37
S01448,2026-04-18,P05,Storage,Online,Marmara,5,1120.5,678.44,442.06
S01449,2026-04-19,P04,Office,Marketplace,Aegean,1,119,73.91,45.09
S01450,2026-04-19,P01,Accessories,Online,Central Anatolia,3,537,317.25,219.75
S01451,2026-04-19,P01,Accessories,Online,Marmara,1,49,29.2,19.8
S01452,2026-04-19,P02,Audio,Retail,Marmara,5,535.5,353.82,181.68
S01453,2026-04-19,P05,Storage,Online,Marmara,4,285.0,180.54,104.46
S01454,2026-04-20,P03,Displays,Retail,Marmara,1,249,165.03,83.97
S01455,2026-04-20,P05,Storage,Marketplace,Central Anatolia,5,375,184.46,190.54
S01456,2026-04-20,P02,Audio,Online,Marmara,6,714,345.1,368.9
S01457,2026-04-21,P02,Audio,Online,Central Anatolia,5,375,202.84,172.16
S01458,2026-04-21,P02,Audio,Marketplace,Aegean,5,595,345.27,249.73
S01459,2026-04-21,P01,Accessories,Online,Central Anatolia,5,565.25,287.35,277.9
S01460,2026-04-21,P01,Accessories,Retail,Central Anatolia,4,196,117.7,78.3
S01461,2026-04-22,P03,Displays,Retail,Central Anatolia,5,245,119.44,125.56
S01462,2026-04-22,P02,Audio,Online,Aegean,3,339.15,213.24,125.91
S01463,2026-04-22,P01,Accessories,Online,Marmara,3,672.3,330.85,341.45
S01464,2026-04-22,P02,Audio,Retail,Marmara,3,510.15,336.57,173.58
S01465,2026-04-22,P05,Storage,Online,Central Anatolia,2,226.1,109.04,117.06
S01466,2026-04-23,P02,Audio,Online,Central Anatolia,5,895,599.25,295.75
S01467,2026-04-24,P01,Accessories,Marketplace,Aegean,4,680.2,439.34,240.86
S01468,2026-04-24,P05,Storage,Marketplace,Central Anatolia,2,150,77.77,72.23
S01469,2026-04-25,P05,Storage,Retail,Marmara,1,71.25,37.3,33.95
S01470,2026-04-25,P03,Displays,Online,Aegean,4,946.2,573.94,372.26
S01471,2026-04-25,P01,Accessories,Marketplace,Aegean,4,996,514.9,481.1
S01472,2026-04-25,P04,Office,Marketplace,Central Anatolia,2,98,61.04,36.96
S01473,2026-04-26,P03,Displays,Retail,Central Anatolia,1,161.1,87.52,73.58
S01474,2026-04-26,P04,Office,Marketplace,Marmara,4,133.0,84.05,48.95
S01475,2026-04-26,P02,Audio,Marketplace,Central Anatolia,3,132.3,67.76,64.54
S01476,2026-04-26,P04,Office,Online,Central Anatolia,6,427.5,232.08,195.42
S01477,2026-04-27,P05,Storage,Retail,Marmara,3,321.3,154.32,166.98
S01478,2026-04-27,P01,Accessories,Retail,Aegean,1,49,28.86,20.14
S01479,2026-04-27,P04,Office,Retail,Marmara,3,672.3,440.98,231.32
S01480,2026-04-28,P05,Storage,Retail,Central Anatolia,4,716,444.71,271.29
S01481,2026-04-28,P01,Accessories,Online,Aegean,3,483.3,316.54,166.76
S01482,2026-04-28,P02,Audio,Online,Central Anatolia,2,473.1,292.82,180.28
S01483,2026-04-28,P01,Accessories,Marketplace,Aegean,3,537,356.06,180.94
S01484,2026-04-28,P05,Storage,Online,Marmara,6,1020.3,633.06,387.24
S01485,2026-04-29,P04,Office,Marketplace,Aegean,4,196,103.62,92.38
S01486,2026-04-30,P05,Storage,Online,Aegean,5,595,310.54,284.46
S01487,2026-05-01,P03,Displays,Retail,Aegean,3,225,111.14,113.86
S01488,2026-05-01,P01,Accessories,Marketplace,Marmara,1,49,24.16,24.84
S01489,2026-05-01,P01,Accessories,Retail,Aegean,1,249,145.3,103.7
S01490,2026-05-01,P05,Storage,Retail,Marmara,5,595,378.5,216.5
S01491,2026-05-02,P03,Displays,Marketplace,Central Anatolia,1,249,167.2,81.8
S01492,2026-05-02,P01,Accessories,Online,Central Anatolia,1,75,44.67,30.33
S01493,2026-05-02,P03,Displays,Online,Central Anatolia,1,49,30.13,18.87
S01494,2026-05-02,P01,Accessories,Retail,Central Anatolia,3,672.3,344.31,327.99
S01495,2026-05-02,P05,Storage,Marketplace,Marmara,1,170.05,111.42,58.63
S01496,2026-05-03,P02,Audio,Retail,Marmara,5,245,151.48,93.52
S01497,2026-05-03,P03,Displays,Online,Central Anatolia,1,33.25,19.55,13.7
S01498,2026-05-03,P04,Office,Retail,Marmara,5,375,190.0,185.0
S01499,2026-05-03,P01,Accessories,Retail,Aegean,4,716,477.6,238.4
S01500,2026-05-04,P05,Storage,Online,Central Anatolia,6,450,271.29,178.71
S01501,2026-05-05,P05,Storage,Online,Central Anatolia,5,535.5,315.1,220.4
S01502,2026-05-05,P01,Accessories,Online,Central Anatolia,3,132.3,66.54,65.76
S01503,2026-05-05,P05,Storage,Marketplace,Central Anatolia,1,67.5,35.71,31.79
S01504,2026-05-05,P04,Office,Marketplace,Aegean,5,1182.75,632.03,550.72
S01505,2026-05-05,P01,Accessories,Retail,Central Anatolia,1,71.25,45.67,25.58
S01506,2026-05-06,P01,Accessories,Marketplace,Marmara,5,245,126.29,118.71
S01507,2026-05-06,P05,Storage,Retail,Marmara,4,126.0,76.65,49.35
S01508,2026-05-07,P03,Displays,Online,Aegean,1,33.25,18.64,14.61
S01509,2026-05-07,P02,Audio,Marketplace,Aegean,2,93.1,53.39,39.71
S01510,2026-05-07,P01,Accessories,Marketplace,Marmara,5,895,525.95,369.05
S01511,2026-05-07,P03,Displays,Retail,Central Anatolia,1,31.5,18.57,12.93
S01512,2026-05-07,P02,Audio,Retail,Aegean,1,33.25,18.13,15.12
S01513,2026-05-08,P04,Office,Retail,Marmara,4,140,77.55,62.45
S01514,2026-05-08,P03,Displays,Marketplace,Central Anatolia,6,210,129.16,80.84
S01515,2026-05-08,P04,Office,Online,Aegean,6,966.6,566.2,400.4
S01516,2026-05-08,P04,Office,Retail,Aegean,4,996,622.36,373.64
S01517,2026-05-09,P02,Audio,Retail,Marmara,6,210,109.66,100.34
S01518,2026-05-10,P05,Storage,Marketplace,Central Anatolia,2,63.0,35.48,27.52
S01519,2026-05-10,P02,Audio,Retail,Central Anatolia,4,476,237.15,238.85
S01520,2026-05-11,P01,Accessories,Marketplace,Central Anatolia,4,996,633.13,362.87
S01521,2026-05-11,P03,Displays,Marketplace,Aegean,1,179,115.71,63.29
S01522,2026-05-11,P04,Office,Retail,Aegean,5,166.25,97.04,69.21
S01523,2026-05-12,P02,Audio,Online,Aegean,3,213.75,112.34,101.41
S01524,2026-05-12,P05,Storage,Online,Aegean,5,1245,721.52,523.48
S01525,2026-05-13,P02,Audio,Marketplace,Aegean,6,450,289.5,160.5
S01526,2026-05-13,P05,Storage,Retail,Marmara,6,1419.3,920.88,498.42
S01527,2026-05-13,P03,Displays,Marketplace,Central Anatolia,1,33.25,21.29,11.96
S01528,2026-05-13,P05,Storage,Marketplace,Central Anatolia,1,236.55,123.95,112.6
S01529,2026-05-13,P04,Office,Marketplace,Marmara,2,473.1,268.16,204.94
S01530,2026-05-14,P01,Accessories,Retail,Central Anatolia,5,245,120.39,124.61
S01531,2026-05-14,P01,Accessories,Retail,Marmara,4,452.2,229.75,222.45
S01532,2026-05-14,P05,Storage,Marketplace,Central Anatolia,3,94.5,46.67,47.83
S01533,2026-05-14,P04,Office,Retail,Aegean,2,135.0,68.45,66.55
S01534,2026-05-14,P01,Accessories,Online,Central Anatolia,6,642.6,413.66,228.94
S01535,2026-05-15,P03,Displays,Online,Central Anatolia,1,44.1,28.16,15.94
S01536,2026-05-15,P02,Audio,Retail,Aegean,4,140,82.97,57.03
S01537,2026-05-16,P03,Displays,Online,Marmara,5,166.25,93.1,73.15
S01538,2026-05-16,P03,Displays,Marketplace,Central Anatolia,6,210,135.38,74.62
S01539,2026-05-16,P03,Displays,Retail,Central Anatolia,5,337.5,215.48,122.02
S01540,2026-05-16,P05,Storage,Retail,Aegean,2,238,146.52,91.48
S01541,2026-05-17,P04,Office,Marketplace,Central Anatolia,3,94.5,64.13,30.37
S01542,2026-05-17,P05,Storage,Marketplace,Aegean,5,895,573.8,321.2
S01543,2026-05-17,P05,Storage,Marketplace,Aegean,6,450,253.71,196.29
S01544,2026-05-17,P02,Audio,Marketplace,Marmara,4,716,468.33,247.67
S01545,2026-05-17,P01,Accessories,Online,Aegean,2,498,310.02,187.98
S01546,2026-05-18,P05,Storage,Online,Marmara,3,225,131.46,93.54
S01547,2026-05-18,P05,Storage,Marketplace,Central Anatolia,5,220.5,115.16,105.34
S01548,2026-05-18,P01,Accessories,Retail,Aegean,1,33.25,16.65,16.6
S01549,2026-05-19,P04,Office,Marketplace,Marmara,6,264.6,175.28,89.32
S01550,2026-05-19,P05,Storage,Marketplace,Marmara,6,199.5,123.32,76.18
S01551,2026-05-20,P05,Storage,Online,Marmara,6,1020.3,593.52,426.78
S01552,2026-05-21,P05,Storage,Marketplace,Marmara,4,176.4,89.52,86.88
S01553,2026-05-22,P03,Displays,Marketplace,Marmara,6,450,276.36,173.64
S01554,2026-05-22,P02,Audio,Online,Aegean,3,510.15,263.97,246.18
S01555,2026-05-22,P05,Storage,Marketplace,Central Anatolia,1,44.1,28.73,15.37
S01556,2026-05-23,P03,Displays,Marketplace,Central Anatolia,5,1120.5,538.58,581.92
S01557,2026-05-24,P03,Displays,Marketplace,Aegean,1,44.1,22.21,21.89
S01558,2026-05-24,P02,Audio,Retail,Central Anatolia,5,1182.75,606.01,576.74
S01559,2026-05-25,P04,Office,Marketplace,Aegean,6,450,246.91,203.09
S01560,2026-05-25,P04,Office,Marketplace,Central Anatolia,3,483.3,262.63,220.67
S01561,2026-05-25,P05,Storage,Online,Central Anatolia,3,483.3,293.74,189.56
S01562,2026-05-25,P02,Audio,Online,Marmara,6,405.0,200.19,204.81
S01563,2026-05-26,P03,Displays,Marketplace,Marmara,5,1245,774.6,470.4
S01564,2026-05-27,P05,Storage,Online,Central Anatolia,5,166.25,80.71,85.54
S01565,2026-05-27,P04,Office,Retail,Marmara,2,88.2,51.95,36.25
S01566,2026-05-27,P04,Office,Retail,Marmara,6,189.0,102.4,86.6
S01567,2026-05-28,P05,Storage,Online,Central Anatolia,6,294,193.14,100.86
S01568,2026-05-28,P02,Audio,Marketplace,Marmara,4,196,118.98,77.02
S01569,2026-05-28,P01,Accessories,Marketplace,Marmara,5,245,120.31,124.69
S01570,2026-05-28,P05,Storage,Online,Central Anatolia,2,88.2,43.81,44.39
S01571,2026-05-28,P04,Office,Marketplace,Aegean,1,75,46.56,28.44
S01572,2026-05-29,P05,Storage,Retail,Marmara,1,33.25,19.82,13.43
S01573,2026-05-29,P05,Storage,Retail,Marmara,3,747,391.83,355.17
S01574,2026-05-29,P04,Office,Online,Aegean,5,1120.5,738.34,382.16
S01575,2026-05-29,P01,Accessories,Marketplace,Aegean,6,1494,836.62,657.38
S01576,2026-05-29,P03,Displays,Retail,Central Anatolia,3,483.3,316.38,166.92
S01577,2026-05-30,P04,Office,Retail,Marmara,6,1074,558.07,515.93
S01578,2026-05-30,P02,Audio,Marketplace,Central Anatolia,1,49,24.74,24.26
S01579,2026-05-31,P03,Displays,Marketplace,Central Anatolia,4,176.4,96.8,79.6
S01580,2026-05-31,P03,Displays,Online,Central Anatolia,4,140,71.65,68.35
S01581,2026-05-31,P02,Audio,Marketplace,Marmara,3,94.5,57.54,36.96
S01582,2026-05-31,P03,Displays,Online,Aegean,4,716,351.6,364.4
S01583,2026-06-01,P04,Office,Retail,Marmara,1,49,25.74,23.26
S01584,2026-06-01,P03,Displays,Marketplace,Central Anatolia,4,270.0,131.93,138.07
S01585,2026-06-01,P05,Storage,Retail,Marmara,6,189.0,127.78,61.22
S01586,2026-06-01,P05,Storage,Retail,Central Anatolia,5,375,182.48,192.52
S01587,2026-06-01,P04,Office,Retail,Aegean,5,565.25,327.5,237.75
S01588,2026-06-02,P01,Accessories,Marketplace,Marmara,3,537,311.43,225.57
S01589,2026-06-02,P02,Audio,Online,Marmara,1,119,59.83,59.17
S01590,2026-06-02,P04,Office,Online,Central Anatolia,1,113.05,76.1,36.95
S01591,2026-06-03,P01,Accessories,Retail,Marmara,1,33.25,19.68,13.57
S01592,2026-06-03,P04,Office,Marketplace,Aegean,4,133.0,77.8,55.2
S01593,2026-06-03,P03,Displays,Retail,Central Anatolia,3,747,416.43,330.57
S01594,2026-06-03,P04,Office,Online,Central Anatolia,1,49,33.07,15.93
S01595,2026-06-03,P01,Accessories,Online,Marmara,5,595,357.24,237.76
S01596,2026-06-04,P01,Accessories,Retail,Marmara,2,226.1,132.33,93.77
S01597,2026-06-05,P05,Storage,Online,Aegean,2,358,240.53,117.47
S01598,2026-06-05,P04,Office,Retail,Central Anatolia,5,157.5,83.61,73.89
S01599,2026-06-05,P02,Audio,Retail,Central Anatolia,3,537,351.31,185.69
S01600,2026-06-05,P04,Office,Marketplace,Marmara,1,67.5,35.07,32.43
S01601,2026-06-06,P02,Audio,Online,Aegean,2,448.2,304.23,143.97
S01602,2026-06-06,P04,Office,Marketplace,Marmara,5,565.25,328.82,236.43
S01603,2026-06-06,P02,Audio,Retail,Marmara,1,179,121.52,57.48
S01604,2026-06-06,P02,Audio,Marketplace,Marmara,3,709.65,445.7,263.95
S01605,2026-06-07,P02,Audio,Marketplace,Central Anatolia,1,75,36.65,38.35
S01606,2026-06-08,P02,Audio,Retail,Aegean,6,294,171.92,122.08
S01607,2026-06-09,P05,Storage,Marketplace,Aegean,2,93.1,58.88,34.22
S01608,2026-06-09,P01,Accessories,Online,Marmara,5,220.5,107.03,113.47
S01609,2026-06-09,P02,Audio,Online,Central Anatolia,4,176.4,110.25,66.15
S01610,2026-06-10,P01,Accessories,Online,Marmara,6,405.0,259.08,145.92
S01611,2026-06-10,P05,Storage,Marketplace,Central Anatolia,1,113.05,66.82,46.23
S01612,2026-06-10,P01,Accessories,Marketplace,Central Anatolia,4,140,86.08,53.92
S01613,2026-06-10,P04,Office,Marketplace,Aegean,6,1020.3,569.87,450.43
S01614,2026-06-10,P01,Accessories,Online,Marmara,5,895,564.24,330.76
S01615,2026-06-11,P04,Office,Retail,Aegean,5,220.5,134.91,85.59
S01616,2026-06-11,P02,Audio,Marketplace,Aegean,2,498,267.74,230.26
S01617,2026-06-12,P02,Audio,Online,Central Anatolia,4,196,117.43,78.57
S01618,2026-06-13,P03,Displays,Retail,Aegean,6,189.0,107.57,81.43
S01619,2026-06-13,P02,Audio,Online,Marmara,1,71.25,35.74,35.51
S01620,2026-06-14,P01,Accessories,Online,Aegean,3,225,123.63,101.37
S01621,2026-06-14,P03,Displays,Online,Central Anatolia,2,66.5,42.79,23.71
S01622,2026-06-15,P01,Accessories,Marketplace,Central Anatolia,3,747,423.03,323.97
S01623,2026-06-15,P01,Accessories,Online,Aegean,1,179,100.25,78.75
S01624,2026-06-15,P05,Storage,Online,Central Anatolia,3,357,204.9,152.1
S01625,2026-06-16,P01,Accessories,Marketplace,Aegean,4,476,284.74,191.26
S01626,2026-06-17,P02,Audio,Retail,Marmara,2,358,219.07,138.93
S01627,2026-06-17,P04,Office,Retail,Marmara,4,196,94.67,101.33
S01628,2026-06-17,P02,Audio,Retail,Aegean,2,70,40.58,29.42
S01629,2026-06-17,P01,Accessories,Retail,Aegean,3,147,92.07,54.93
S01630,2026-06-18,P05,Storage,Online,Marmara,3,139.65,80.66,58.99
S01631,2026-06-18,P01,Accessories,Marketplace,Aegean,2,322.2,201.43,120.77
S01632,2026-06-19,P04,Office,Marketplace,Central Anatolia,2,70,36.76,33.24
S01633,2026-06-20,P03,Displays,Online,Aegean,3,147,91.77,55.23
S01634,2026-06-20,P02,Audio,Online,Aegean,4,140,80.82,59.18
S01635,2026-06-21,P02,Audio,Retail,Marmara,3,672.3,444.89,227.41
S01636,2026-06-22,P01,Accessories,Marketplace,Central Anatolia,2,498,300.33,197.67
S01637,2026-06-23,P03,Displays,Online,Central Anatolia,3,139.65,71.49,68.16
S01638,2026-06-23,P02,Audio,Retail,Central Anatolia,1,75,49.38,25.62
S01639,2026-06-23,P01,Accessories,Marketplace,Aegean,1,170.05,93.5,76.55
S01640,2026-06-24,P01,Accessories,Online,Central Anatolia,1,49,27.14,21.86
S01641,2026-06-25,P02,Audio,Online,Aegean,2,214.2,141.6,72.6
S01642,2026-06-25,P01,Accessories,Online,Aegean,6,714,459.13,254.87
S01643,2026-06-25,P05,Storage,Marketplace,Central Anatolia,3,483.3,318.11,165.19
S01644,2026-06-26,P02,Audio,Online,Aegean,1,113.05,63.16,49.89
S01645,2026-06-26,P02,Audio,Marketplace,Marmara,3,672.3,409.27,263.03
S01646,2026-06-26,P03,Displays,Retail,Aegean,5,895,579.6,315.4
S01647,2026-06-26,P05,Storage,Marketplace,Aegean,6,642.6,386.82,255.78
S01648,2026-06-26,P04,Office,Retail,Aegean,2,66.5,36.39,30.11
S01649,2026-06-27,P02,Audio,Online,Central Anatolia,1,49,28.09,20.91
S01650,2026-06-27,P05,Storage,Retail,Marmara,2,358,227.49,130.51
S01651,2026-06-27,P01,Accessories,Retail,Aegean,3,357,196.95,160.05
S01652,2026-06-27,P05,Storage,Online,Central Anatolia,2,358,213.17,144.83
S01653,2026-06-27,P01,Accessories,Online,Aegean,1,179,104.11,74.89
S01654,2026-06-28,P03,Displays,Marketplace,Central Anatolia,5,565.25,320.53,244.72
S01655,2026-06-28,P03,Displays,Online,Aegean,3,147,84.25,62.75
S01656,2026-06-28,P04,Office,Online,Aegean,1,113.05,73.17,39.88
S01657,2026-06-28,P01,Accessories,Retail,Central Anatolia,3,321.3,158.84,162.46
S01658,2026-06-28,P05,Storage,Online,Marmara,1,249,161.65,87.35
S01659,2026-06-29,P05,Storage,Marketplace,Aegean,5,245,165.44,79.56
S01660,2026-06-29,P04,Office,Marketplace,Central Anatolia,4,133.0,79.0,54.0
S01661,2026-06-29,P02,Audio,Marketplace,Central Anatolia,3,747,437.32,309.68
S01662,2026-06-30,P05,Storage,Online,Marmara,6,1344.6,660.53,684.07
S01663,2026-06-30,P05,Storage,Marketplace,Marmara,2,66.5,43.28,23.22
S01664,2026-06-30,P04,Office,Marketplace,Aegean,2,70,38.09,31.91
S01665,2026-06-30,P04,Office,Marketplace,Central Anatolia,1,33.25,17.49,15.76
S01666,2026-06-30,P03,Displays,Online,Central Anatolia,1,33.25,19.03,14.22
S01667,2026-07-01,P01,Accessories,Marketplace,Aegean,5,595,314.02,280.98
S01668,2026-07-01,P05,Storage,Marketplace,Marmara,5,1245,619.18,625.82
S01669,2026-07-01,P03,Displays,Marketplace,Marmara,4,452.2,306.36,145.84
S01670,2026-07-02,P05,Storage,Marketplace,Central Anatolia,6,714,472.86,241.14
S01671,2026-07-02,P04,Office,Retail,Aegean,3,537,270.22,266.78
S01672,2026-07-03,P01,Accessories,Marketplace,Central Anatolia,4,716,346.93,369.07
S01673,2026-07-03,P05,Storage,Online,Aegean,5,337.5,185.98,151.52
S01674,2026-07-03,P02,Audio,Marketplace,Marmara,4,186.2,121.42,64.78
S01675,2026-07-03,P05,Storage,Retail,Central Anatolia,1,46.55,22.52,24.03
S01676,2026-07-04,P05,Storage,Marketplace,Central Anatolia,4,644.4,384.78,259.62
S01677,2026-07-04,P01,Accessories,Retail,Aegean,2,150,85.38,64.62
S01678,2026-07-04,P04,Office,Online,Aegean,5,1245,786.72,458.28
S01679,2026-07-04,P02,Audio,Retail,Central Anatolia,3,537,357.85,179.15
S01680,2026-07-05,P03,Displays,Retail,Central Anatolia,6,199.5,134.55,64.95
S01681,2026-07-05,P01,Accessories,Online,Aegean,3,747,480.59,266.41
S01682,2026-07-06,P05,Storage,Retail,Aegean,1,107.1,69.53,37.57
S01683,2026-07-06,P01,Accessories,Online,Central Anatolia,1,224.1,146.81,77.29
S01684,2026-07-06,P01,Accessories,Marketplace,Central Anatolia,4,186.2,89.59,96.61
S01685,2026-07-07,P03,Displays,Marketplace,Marmara,4,716,416.56,299.44
S01686,2026-07-07,P04,Office,Retail,Central Anatolia,1,170.05,92.53,77.52
S01687,2026-07-08,P04,Office,Marketplace,Central Anatolia,1,179,120.37,58.63
S01688,2026-07-08,P01,Accessories,Online,Aegean,3,747,375.44,371.56
S01689,2026-07-08,P05,Storage,Marketplace,Marmara,5,220.5,139.12,81.38
S01690,2026-07-09,P01,Accessories,Retail,Marmara,3,537,326.59,210.41
S01691,2026-07-10,P04,Office,Online,Marmara,2,358,179.89,178.11
S01692,2026-07-11,P04,Office,Retail,Marmara,6,642.6,354.87,287.73
S01693,2026-07-11,P04,Office,Marketplace,Central Anatolia,5,220.5,146.13,74.37
S01694,2026-07-12,P04,Office,Online,Central Anatolia,6,450,291.75,158.25
S01695,2026-07-12,P01,Accessories,Online,Marmara,6,966.6,588.36,378.24
S01696,2026-07-12,P03,Displays,Marketplace,Aegean,6,294,183.88,110.12
S01697,2026-07-12,P05,Storage,Retail,Marmara,4,996,543.46,452.54
S01698,2026-07-13,P02,Audio,Online,Aegean,5,375,181.77,193.23
S01699,2026-07-13,P05,Storage,Marketplace,Central Anatolia,6,1344.6,815.51,529.09
S01700,2026-07-13,P04,Office,Marketplace,Central Anatolia,3,321.3,176.11,145.19
S01701,2026-07-14,P03,Displays,Online,Marmara,3,225,117.72,107.28
S01702,2026-07-15,P04,Office,Marketplace,Aegean,2,448.2,246.42,201.78
S01703,2026-07-15,P03,Displays,Online,Central Anatolia,2,214.2,140.34,73.86
S01704,2026-07-15,P05,Storage,Online,Central Anatolia,3,202.5,104.89,97.61
S01705,2026-07-16,P01,Accessories,Online,Central Anatolia,2,214.2,129.28,84.92
S01706,2026-07-16,P04,Office,Online,Aegean,4,176.4,107.57,68.83
S01707,2026-07-16,P02,Audio,Retail,Marmara,1,46.55,25.57,20.98
S01708,2026-07-16,P02,Audio,Retail,Central Anatolia,6,1419.3,791.3,628.0
S01709,2026-07-16,P03,Displays,Marketplace,Marmara,1,119,61.11,57.89
S01710,2026-07-17,P04,Office,Online,Marmara,4,716,425.91,290.09
S01711,2026-07-18,P03,Displays,Online,Central Anatolia,4,300,193.89,106.11
S01712,2026-07-18,P02,Audio,Retail,Marmara,2,238,119.99,118.01
S01713,2026-07-18,P02,Audio,Retail,Aegean,3,213.75,128.09,85.66
S01714,2026-07-18,P01,Accessories,Online,Central Anatolia,6,1074,595.68,478.32
S01715,2026-07-19,P03,Displays,Marketplace,Central Anatolia,6,642.6,429.7,212.9
S01716,2026-07-19,P01,Accessories,Retail,Aegean,3,99.75,59.16,40.59
S01717,2026-07-19,P05,Storage,Retail,Marmara,5,157.5,78.04,79.46
S01718,2026-07-19,P04,Office,Marketplace,Aegean,1,161.1,81.14,79.96
S01719,2026-07-20,P02,Audio,Online,Central Anatolia,2,135.0,88.43,46.57
S01720,2026-07-20,P03,Displays,Marketplace,Aegean,5,1245,794.87,450.13
S01721,2026-07-20,P02,Audio,Marketplace,Aegean,5,175,107.93,67.07
S01722,2026-07-20,P02,Audio,Online,Marmara,4,300,181.2,118.8
S01723,2026-07-20,P01,Accessories,Marketplace,Central Anatolia,1,249,156.17,92.83
S01724,2026-07-21,P03,Displays,Online,Central Anatolia,1,224.1,135.55,88.55
S01725,2026-07-21,P02,Audio,Marketplace,Central Anatolia,4,196,108.65,87.35
S01726,2026-07-21,P03,Displays,Marketplace,Central Anatolia,5,220.5,144.73,75.77
S01727,2026-07-22,P01,Accessories,Online,Marmara,3,147,99.78,47.22
S01728,2026-07-22,P04,Office,Retail,Aegean,3,339.15,196.31,142.84
S01729,2026-07-22,P02,Audio,Retail,Marmara,6,210,109.59,100.41
S01730,2026-07-22,P04,Office,Online,Aegean,2,238,117.59,120.41
S01731,2026-07-22,P03,Displays,Retail,Central Anatolia,1,46.55,23.55,23.0
S01732,2026-07-23,P02,Audio,Retail,Aegean,2,98,57.8,40.2
S01733,2026-07-23,P02,Audio,Online,Central Anatolia,6,1020.3,490.12,530.18
S01734,2026-07-23,P04,Office,Online,Marmara,6,450,283.17,166.83
S01735,2026-07-23,P02,Audio,Online,Aegean,2,473.1,292.36,180.74
S01736,2026-07-24,P01,Accessories,Retail,Marmara,1,224.1,120.15,103.95
S01737,2026-07-25,P01,Accessories,Marketplace,Central Anatolia,5,850.25,549.55,300.7
S01738,2026-07-25,P02,Audio,Marketplace,Marmara,1,113.05,66.57,46.48
S01739,2026-07-25,P05,Storage,Marketplace,Aegean,1,119,67.06,51.94
S01740,2026-07-26,P05,Storage,Retail,Aegean,4,270.0,146.09,123.91
S01741,2026-07-27,P04,Office,Online,Marmara,1,33.25,21.47,11.78
S01742,2026-07-27,P02,Audio,Marketplace,Marmara,1,44.1,22.99,21.11
S01743,2026-07-28,P02,Audio,Online,Central Anatolia,3,139.65,87.26,52.39
S01744,2026-07-28,P03,Displays,Marketplace,Aegean,5,245,132.12,112.88
S01745,2026-07-29,P05,Storage,Online,Central Anatolia,3,147,91.6,55.4
S01746,2026-07-30,P04,Office,Retail,Aegean,1,113.05,58.85,54.2
S01747,2026-07-31,P01,Accessories,Marketplace,Central Anatolia,6,642.6,414.19,228.41
S01748,2026-07-31,P02,Audio,Marketplace,Central Anatolia,6,450,231.43,218.57
S01749,2026-07-31,P05,Storage,Online,Marmara,1,31.5,19.97,11.53
